#-----------------------------------------------------------
# Vivado v2025.1 (64-bit)
# SW Build 6140274 on Wed May 21 22:58:25 MDT 2025
# IP Build 6138677 on Thu May 22 03:10:11 MDT 2025
# SharedData Build 6139179 on Tue May 20 17:58:58 MDT 2025
# Start of session at: Sun Mar  8 01:47:16 2026
# Process ID         : 2170536
# Current directory  : /home/fpga/worker_place/temp/temp/ec75427a9d204090903221376b5e0000
# Command line       : vivado -mode batch -source build.tcl
# Log file           : /home/fpga/worker_place/temp/temp/ec75427a9d204090903221376b5e0000/vivado.log
# Journal file       : /home/fpga/worker_place/temp/temp/ec75427a9d204090903221376b5e0000/vivado.jou
# Running On         : eecs-digital-09
# Platform           : Ubuntu
# Operating System   : Ubuntu 24.04.3 LTS
# Processor Detail   : 13th Gen Intel(R) Core(TM) i7-13700
# CPU Frequency      : 800.000 MHz
# CPU Physical cores : 16
# CPU Logical cores  : 24
# Host memory        : 33325 MB
# Swap memory        : 8589 MB
# Total Virtual      : 41915 MB
# Available Virtual  : 40113 MB
#-----------------------------------------------------------
source build.tcl
# set_param general.maxThreads 4
# set partNum xc7s50csga324-1
# set outputDir obj
# file mkdir $outputDir
# set files [glob -nocomplain "$outputDir/*"]
# if {[llength $files] != 0} {
#     # clear folder contents
#     puts "deleting contents of $outputDir"
#     file delete -force {*}[glob -directory $outputDir *];
# } else {
#     puts "$outputDir is empty"
# }
obj is empty
# set sources_sv [ glob ./hdl/*.sv ]
# read_verilog -sv $sources_sv
# set sources_v [ glob -nocomplain ./hdl/*.v ]
# if {[llength $sources_v] > 0 } {
#     read_verilog $sources_v
# }
# read_xdc [ glob ./xdc/*.xdc ]
# set sources_mem [ glob -nocomplain ./data/*.mem ]
# if {[llength $sources_mem] > 0} {
#     read_mem $sources_mem
# }
# set_part $partNum
INFO: [Coretcl 2-1500] The part has been set to 'xc7s50csga324-1' for the current project only. Run set_part -help for more details. To evaluate different speed grades in the current design, use the set_speed_grade command, or use the open_checkpoint -part command to change the part used by an existing checkpoint design.
# set sources_ip [ glob -nocomplain -directory ./ip -tails * ]
# puts $sources_ip

# foreach ip_source $sources_ip {
#     if {[file isdirectory ./ip/$ip_source]} {
# 	read_ip ./ip/$ip_source/$ip_source.xci
#     }
# }
WARNING: [Coretcl 2-176] No IPs found
# generate_target all [get_ips]
WARNING: [Coretcl 2-176] No IPs found
# synth_ip [get_ips]
INFO: [Vivado 12-3441] generate_netlist_ip - operation complete
# synth_design -top top_level -part $partNum -verbose
Command: synth_design -top top_level -part xc7s50csga324-1 -verbose
Starting synth_design
Attempting to get a license for feature 'Synthesis' and/or device 'xc7s50'
INFO: [Common 17-349] Got license for feature 'Synthesis' and/or device 'xc7s50'
INFO: [Device 21-403] Loading part xc7s50csga324-1
INFO: [Synth 8-7079] Multithreading enabled for synth_design using a maximum of 4 processes.
INFO: [Synth 8-7078] Launching helper process for spawning children vivado processes
INFO: [Synth 8-7075] Helper process launched with PID 2170572
---------------------------------------------------------------------------------
Starting RTL Elaboration : Time (s): cpu = 00:00:02 ; elapsed = 00:00:02 . Memory (MB): peak = 2110.258 ; gain = 437.828 ; free physical = 17736 ; free virtual = 36889
---------------------------------------------------------------------------------
WARNING: [Synth 8-6901] identifier 'clk_100mhz_buf' is used before its declaration [/home/fpga/worker_place/temp/temp/ec75427a9d204090903221376b5e0000/hdl/top_level.sv:426]
INFO: [Synth 8-6157] synthesizing module 'top_level' [/home/fpga/worker_place/temp/temp/ec75427a9d204090903221376b5e0000/hdl/top_level.sv:3]
INFO: [Synth 8-6157] synthesizing module 'LUT1' [/tools/Xilinx/2025.1/Vivado/scripts/rt/data/unisim_comp.v:88920]
	Parameter INIT bound to: 2'b10 
INFO: [Synth 8-6155] done synthesizing module 'LUT1' (0#1) [/tools/Xilinx/2025.1/Vivado/scripts/rt/data/unisim_comp.v:88920]
WARNING: [Synth 8-7186] Applying attribute ram_style = "block" is ignored, object 'sd_sector_word_buf[0][0]' is not inferred as ram due to incorrect usage [/home/fpga/worker_place/temp/temp/ec75427a9d204090903221376b5e0000/hdl/top_level.sv:517]
WARNING: [Synth 8-7186] Applying attribute ram_style = "block" is ignored, object 'sd_sector_word_buf[0][1]' is not inferred as ram due to incorrect usage [/home/fpga/worker_place/temp/temp/ec75427a9d204090903221376b5e0000/hdl/top_level.sv:517]
WARNING: [Synth 8-7186] Applying attribute ram_style = "block" is ignored, object 'sd_sector_word_buf[0][2]' is not inferred as ram due to incorrect usage [/home/fpga/worker_place/temp/temp/ec75427a9d204090903221376b5e0000/hdl/top_level.sv:517]
WARNING: [Synth 8-7186] Applying attribute ram_style = "block" is ignored, object 'sd_sector_word_buf[0][3]' is not inferred as ram due to incorrect usage [/home/fpga/worker_place/temp/temp/ec75427a9d204090903221376b5e0000/hdl/top_level.sv:517]
WARNING: [Synth 8-7186] Applying attribute ram_style = "block" is ignored, object 'sd_sector_word_buf[0][4]' is not inferred as ram due to incorrect usage [/home/fpga/worker_place/temp/temp/ec75427a9d204090903221376b5e0000/hdl/top_level.sv:517]
WARNING: [Synth 8-7186] Applying attribute ram_style = "block" is ignored, object 'sd_sector_word_buf[0][5]' is not inferred as ram due to incorrect usage [/home/fpga/worker_place/temp/temp/ec75427a9d204090903221376b5e0000/hdl/top_level.sv:517]
WARNING: [Synth 8-7186] Applying attribute ram_style = "block" is ignored, object 'sd_sector_word_buf[0][6]' is not inferred as ram due to incorrect usage [/home/fpga/worker_place/temp/temp/ec75427a9d204090903221376b5e0000/hdl/top_level.sv:517]
WARNING: [Synth 8-7186] Applying attribute ram_style = "block" is ignored, object 'sd_sector_word_buf[0][7]' is not inferred as ram due to incorrect usage [/home/fpga/worker_place/temp/temp/ec75427a9d204090903221376b5e0000/hdl/top_level.sv:517]
WARNING: [Synth 8-7186] Applying attribute ram_style = "block" is ignored, object 'sd_sector_word_buf[0][8]' is not inferred as ram due to incorrect usage [/home/fpga/worker_place/temp/temp/ec75427a9d204090903221376b5e0000/hdl/top_level.sv:517]
WARNING: [Synth 8-7186] Applying attribute ram_style = "block" is ignored, object 'sd_sector_word_buf[0][9]' is not inferred as ram due to incorrect usage [/home/fpga/worker_place/temp/temp/ec75427a9d204090903221376b5e0000/hdl/top_level.sv:517]
WARNING: [Synth 8-7186] Applying attribute ram_style = "block" is ignored, object 'sd_sector_word_buf[0][10]' is not inferred as ram due to incorrect usage [/home/fpga/worker_place/temp/temp/ec75427a9d204090903221376b5e0000/hdl/top_level.sv:517]
WARNING: [Synth 8-7186] Applying attribute ram_style = "block" is ignored, object 'sd_sector_word_buf[0][11]' is not inferred as ram due to incorrect usage [/home/fpga/worker_place/temp/temp/ec75427a9d204090903221376b5e0000/hdl/top_level.sv:517]
WARNING: [Synth 8-7186] Applying attribute ram_style = "block" is ignored, object 'sd_sector_word_buf[0][12]' is not inferred as ram due to incorrect usage [/home/fpga/worker_place/temp/temp/ec75427a9d204090903221376b5e0000/hdl/top_level.sv:517]
WARNING: [Synth 8-7186] Applying attribute ram_style = "block" is ignored, object 'sd_sector_word_buf[0][13]' is not inferred as ram due to incorrect usage [/home/fpga/worker_place/temp/temp/ec75427a9d204090903221376b5e0000/hdl/top_level.sv:517]
WARNING: [Synth 8-7186] Applying attribute ram_style = "block" is ignored, object 'sd_sector_word_buf[0][14]' is not inferred as ram due to incorrect usage [/home/fpga/worker_place/temp/temp/ec75427a9d204090903221376b5e0000/hdl/top_level.sv:517]
WARNING: [Synth 8-7186] Applying attribute ram_style = "block" is ignored, object 'sd_sector_word_buf[0][15]' is not inferred as ram due to incorrect usage [/home/fpga/worker_place/temp/temp/ec75427a9d204090903221376b5e0000/hdl/top_level.sv:517]
WARNING: [Synth 8-7186] Applying attribute ram_style = "block" is ignored, object 'sd_sector_word_buf[0][16]' is not inferred as ram due to incorrect usage [/home/fpga/worker_place/temp/temp/ec75427a9d204090903221376b5e0000/hdl/top_level.sv:517]
WARNING: [Synth 8-7186] Applying attribute ram_style = "block" is ignored, object 'sd_sector_word_buf[0][17]' is not inferred as ram due to incorrect usage [/home/fpga/worker_place/temp/temp/ec75427a9d204090903221376b5e0000/hdl/top_level.sv:517]
WARNING: [Synth 8-7186] Applying attribute ram_style = "block" is ignored, object 'sd_sector_word_buf[0][18]' is not inferred as ram due to incorrect usage [/home/fpga/worker_place/temp/temp/ec75427a9d204090903221376b5e0000/hdl/top_level.sv:517]
WARNING: [Synth 8-7186] Applying attribute ram_style = "block" is ignored, object 'sd_sector_word_buf[0][19]' is not inferred as ram due to incorrect usage [/home/fpga/worker_place/temp/temp/ec75427a9d204090903221376b5e0000/hdl/top_level.sv:517]
WARNING: [Synth 8-7186] Applying attribute ram_style = "block" is ignored, object 'sd_sector_word_buf[0][20]' is not inferred as ram due to incorrect usage [/home/fpga/worker_place/temp/temp/ec75427a9d204090903221376b5e0000/hdl/top_level.sv:517]
WARNING: [Synth 8-7186] Applying attribute ram_style = "block" is ignored, object 'sd_sector_word_buf[0][21]' is not inferred as ram due to incorrect usage [/home/fpga/worker_place/temp/temp/ec75427a9d204090903221376b5e0000/hdl/top_level.sv:517]
WARNING: [Synth 8-7186] Applying attribute ram_style = "block" is ignored, object 'sd_sector_word_buf[0][22]' is not inferred as ram due to incorrect usage [/home/fpga/worker_place/temp/temp/ec75427a9d204090903221376b5e0000/hdl/top_level.sv:517]
WARNING: [Synth 8-7186] Applying attribute ram_style = "block" is ignored, object 'sd_sector_word_buf[0][23]' is not inferred as ram due to incorrect usage [/home/fpga/worker_place/temp/temp/ec75427a9d204090903221376b5e0000/hdl/top_level.sv:517]
WARNING: [Synth 8-7186] Applying attribute ram_style = "block" is ignored, object 'sd_sector_word_buf[0][24]' is not inferred as ram due to incorrect usage [/home/fpga/worker_place/temp/temp/ec75427a9d204090903221376b5e0000/hdl/top_level.sv:517]
WARNING: [Synth 8-7186] Applying attribute ram_style = "block" is ignored, object 'sd_sector_word_buf[0][25]' is not inferred as ram due to incorrect usage [/home/fpga/worker_place/temp/temp/ec75427a9d204090903221376b5e0000/hdl/top_level.sv:517]
WARNING: [Synth 8-7186] Applying attribute ram_style = "block" is ignored, object 'sd_sector_word_buf[0][26]' is not inferred as ram due to incorrect usage [/home/fpga/worker_place/temp/temp/ec75427a9d204090903221376b5e0000/hdl/top_level.sv:517]
WARNING: [Synth 8-7186] Applying attribute ram_style = "block" is ignored, object 'sd_sector_word_buf[0][27]' is not inferred as ram due to incorrect usage [/home/fpga/worker_place/temp/temp/ec75427a9d204090903221376b5e0000/hdl/top_level.sv:517]
WARNING: [Synth 8-7186] Applying attribute ram_style = "block" is ignored, object 'sd_sector_word_buf[0][28]' is not inferred as ram due to incorrect usage [/home/fpga/worker_place/temp/temp/ec75427a9d204090903221376b5e0000/hdl/top_level.sv:517]
WARNING: [Synth 8-7186] Applying attribute ram_style = "block" is ignored, object 'sd_sector_word_buf[0][29]' is not inferred as ram due to incorrect usage [/home/fpga/worker_place/temp/temp/ec75427a9d204090903221376b5e0000/hdl/top_level.sv:517]
WARNING: [Synth 8-7186] Applying attribute ram_style = "block" is ignored, object 'sd_sector_word_buf[0][30]' is not inferred as ram due to incorrect usage [/home/fpga/worker_place/temp/temp/ec75427a9d204090903221376b5e0000/hdl/top_level.sv:517]
WARNING: [Synth 8-7186] Applying attribute ram_style = "block" is ignored, object 'sd_sector_word_buf[0][31]' is not inferred as ram due to incorrect usage [/home/fpga/worker_place/temp/temp/ec75427a9d204090903221376b5e0000/hdl/top_level.sv:517]
WARNING: [Synth 8-7186] Applying attribute ram_style = "block" is ignored, object 'sd_sector_word_buf[0][32]' is not inferred as ram due to incorrect usage [/home/fpga/worker_place/temp/temp/ec75427a9d204090903221376b5e0000/hdl/top_level.sv:517]
WARNING: [Synth 8-7186] Applying attribute ram_style = "block" is ignored, object 'sd_sector_word_buf[0][33]' is not inferred as ram due to incorrect usage [/home/fpga/worker_place/temp/temp/ec75427a9d204090903221376b5e0000/hdl/top_level.sv:517]
WARNING: [Synth 8-7186] Applying attribute ram_style = "block" is ignored, object 'sd_sector_word_buf[0][34]' is not inferred as ram due to incorrect usage [/home/fpga/worker_place/temp/temp/ec75427a9d204090903221376b5e0000/hdl/top_level.sv:517]
WARNING: [Synth 8-7186] Applying attribute ram_style = "block" is ignored, object 'sd_sector_word_buf[0][35]' is not inferred as ram due to incorrect usage [/home/fpga/worker_place/temp/temp/ec75427a9d204090903221376b5e0000/hdl/top_level.sv:517]
WARNING: [Synth 8-7186] Applying attribute ram_style = "block" is ignored, object 'sd_sector_word_buf[0][36]' is not inferred as ram due to incorrect usage [/home/fpga/worker_place/temp/temp/ec75427a9d204090903221376b5e0000/hdl/top_level.sv:517]
WARNING: [Synth 8-7186] Applying attribute ram_style = "block" is ignored, object 'sd_sector_word_buf[0][37]' is not inferred as ram due to incorrect usage [/home/fpga/worker_place/temp/temp/ec75427a9d204090903221376b5e0000/hdl/top_level.sv:517]
WARNING: [Synth 8-7186] Applying attribute ram_style = "block" is ignored, object 'sd_sector_word_buf[0][38]' is not inferred as ram due to incorrect usage [/home/fpga/worker_place/temp/temp/ec75427a9d204090903221376b5e0000/hdl/top_level.sv:517]
WARNING: [Synth 8-7186] Applying attribute ram_style = "block" is ignored, object 'sd_sector_word_buf[0][39]' is not inferred as ram due to incorrect usage [/home/fpga/worker_place/temp/temp/ec75427a9d204090903221376b5e0000/hdl/top_level.sv:517]
WARNING: [Synth 8-7186] Applying attribute ram_style = "block" is ignored, object 'sd_sector_word_buf[0][40]' is not inferred as ram due to incorrect usage [/home/fpga/worker_place/temp/temp/ec75427a9d204090903221376b5e0000/hdl/top_level.sv:517]
WARNING: [Synth 8-7186] Applying attribute ram_style = "block" is ignored, object 'sd_sector_word_buf[0][41]' is not inferred as ram due to incorrect usage [/home/fpga/worker_place/temp/temp/ec75427a9d204090903221376b5e0000/hdl/top_level.sv:517]
WARNING: [Synth 8-7186] Applying attribute ram_style = "block" is ignored, object 'sd_sector_word_buf[0][42]' is not inferred as ram due to incorrect usage [/home/fpga/worker_place/temp/temp/ec75427a9d204090903221376b5e0000/hdl/top_level.sv:517]
WARNING: [Synth 8-7186] Applying attribute ram_style = "block" is ignored, object 'sd_sector_word_buf[0][43]' is not inferred as ram due to incorrect usage [/home/fpga/worker_place/temp/temp/ec75427a9d204090903221376b5e0000/hdl/top_level.sv:517]
WARNING: [Synth 8-7186] Applying attribute ram_style = "block" is ignored, object 'sd_sector_word_buf[0][44]' is not inferred as ram due to incorrect usage [/home/fpga/worker_place/temp/temp/ec75427a9d204090903221376b5e0000/hdl/top_level.sv:517]
WARNING: [Synth 8-7186] Applying attribute ram_style = "block" is ignored, object 'sd_sector_word_buf[0][45]' is not inferred as ram due to incorrect usage [/home/fpga/worker_place/temp/temp/ec75427a9d204090903221376b5e0000/hdl/top_level.sv:517]
WARNING: [Synth 8-7186] Applying attribute ram_style = "block" is ignored, object 'sd_sector_word_buf[0][46]' is not inferred as ram due to incorrect usage [/home/fpga/worker_place/temp/temp/ec75427a9d204090903221376b5e0000/hdl/top_level.sv:517]
WARNING: [Synth 8-7186] Applying attribute ram_style = "block" is ignored, object 'sd_sector_word_buf[0][47]' is not inferred as ram due to incorrect usage [/home/fpga/worker_place/temp/temp/ec75427a9d204090903221376b5e0000/hdl/top_level.sv:517]
WARNING: [Synth 8-7186] Applying attribute ram_style = "block" is ignored, object 'sd_sector_word_buf[0][48]' is not inferred as ram due to incorrect usage [/home/fpga/worker_place/temp/temp/ec75427a9d204090903221376b5e0000/hdl/top_level.sv:517]
WARNING: [Synth 8-7186] Applying attribute ram_style = "block" is ignored, object 'sd_sector_word_buf[0][49]' is not inferred as ram due to incorrect usage [/home/fpga/worker_place/temp/temp/ec75427a9d204090903221376b5e0000/hdl/top_level.sv:517]
WARNING: [Synth 8-7186] Applying attribute ram_style = "block" is ignored, object 'sd_sector_word_buf[0][50]' is not inferred as ram due to incorrect usage [/home/fpga/worker_place/temp/temp/ec75427a9d204090903221376b5e0000/hdl/top_level.sv:517]
WARNING: [Synth 8-7186] Applying attribute ram_style = "block" is ignored, object 'sd_sector_word_buf[0][51]' is not inferred as ram due to incorrect usage [/home/fpga/worker_place/temp/temp/ec75427a9d204090903221376b5e0000/hdl/top_level.sv:517]
WARNING: [Synth 8-7186] Applying attribute ram_style = "block" is ignored, object 'sd_sector_word_buf[0][52]' is not inferred as ram due to incorrect usage [/home/fpga/worker_place/temp/temp/ec75427a9d204090903221376b5e0000/hdl/top_level.sv:517]
WARNING: [Synth 8-7186] Applying attribute ram_style = "block" is ignored, object 'sd_sector_word_buf[0][53]' is not inferred as ram due to incorrect usage [/home/fpga/worker_place/temp/temp/ec75427a9d204090903221376b5e0000/hdl/top_level.sv:517]
WARNING: [Synth 8-7186] Applying attribute ram_style = "block" is ignored, object 'sd_sector_word_buf[0][54]' is not inferred as ram due to incorrect usage [/home/fpga/worker_place/temp/temp/ec75427a9d204090903221376b5e0000/hdl/top_level.sv:517]
WARNING: [Synth 8-7186] Applying attribute ram_style = "block" is ignored, object 'sd_sector_word_buf[0][55]' is not inferred as ram due to incorrect usage [/home/fpga/worker_place/temp/temp/ec75427a9d204090903221376b5e0000/hdl/top_level.sv:517]
WARNING: [Synth 8-7186] Applying attribute ram_style = "block" is ignored, object 'sd_sector_word_buf[0][56]' is not inferred as ram due to incorrect usage [/home/fpga/worker_place/temp/temp/ec75427a9d204090903221376b5e0000/hdl/top_level.sv:517]
WARNING: [Synth 8-7186] Applying attribute ram_style = "block" is ignored, object 'sd_sector_word_buf[0][57]' is not inferred as ram due to incorrect usage [/home/fpga/worker_place/temp/temp/ec75427a9d204090903221376b5e0000/hdl/top_level.sv:517]
WARNING: [Synth 8-7186] Applying attribute ram_style = "block" is ignored, object 'sd_sector_word_buf[0][58]' is not inferred as ram due to incorrect usage [/home/fpga/worker_place/temp/temp/ec75427a9d204090903221376b5e0000/hdl/top_level.sv:517]
WARNING: [Synth 8-7186] Applying attribute ram_style = "block" is ignored, object 'sd_sector_word_buf[0][59]' is not inferred as ram due to incorrect usage [/home/fpga/worker_place/temp/temp/ec75427a9d204090903221376b5e0000/hdl/top_level.sv:517]
WARNING: [Synth 8-7186] Applying attribute ram_style = "block" is ignored, object 'sd_sector_word_buf[0][60]' is not inferred as ram due to incorrect usage [/home/fpga/worker_place/temp/temp/ec75427a9d204090903221376b5e0000/hdl/top_level.sv:517]
WARNING: [Synth 8-7186] Applying attribute ram_style = "block" is ignored, object 'sd_sector_word_buf[0][61]' is not inferred as ram due to incorrect usage [/home/fpga/worker_place/temp/temp/ec75427a9d204090903221376b5e0000/hdl/top_level.sv:517]
WARNING: [Synth 8-7186] Applying attribute ram_style = "block" is ignored, object 'sd_sector_word_buf[0][62]' is not inferred as ram due to incorrect usage [/home/fpga/worker_place/temp/temp/ec75427a9d204090903221376b5e0000/hdl/top_level.sv:517]
WARNING: [Synth 8-7186] Applying attribute ram_style = "block" is ignored, object 'sd_sector_word_buf[0][63]' is not inferred as ram due to incorrect usage [/home/fpga/worker_place/temp/temp/ec75427a9d204090903221376b5e0000/hdl/top_level.sv:517]
WARNING: [Synth 8-7186] Applying attribute ram_style = "block" is ignored, object 'sd_sector_word_buf[0][64]' is not inferred as ram due to incorrect usage [/home/fpga/worker_place/temp/temp/ec75427a9d204090903221376b5e0000/hdl/top_level.sv:517]
WARNING: [Synth 8-7186] Applying attribute ram_style = "block" is ignored, object 'sd_sector_word_buf[0][65]' is not inferred as ram due to incorrect usage [/home/fpga/worker_place/temp/temp/ec75427a9d204090903221376b5e0000/hdl/top_level.sv:517]
WARNING: [Synth 8-7186] Applying attribute ram_style = "block" is ignored, object 'sd_sector_word_buf[0][66]' is not inferred as ram due to incorrect usage [/home/fpga/worker_place/temp/temp/ec75427a9d204090903221376b5e0000/hdl/top_level.sv:517]
WARNING: [Synth 8-7186] Applying attribute ram_style = "block" is ignored, object 'sd_sector_word_buf[0][67]' is not inferred as ram due to incorrect usage [/home/fpga/worker_place/temp/temp/ec75427a9d204090903221376b5e0000/hdl/top_level.sv:517]
WARNING: [Synth 8-7186] Applying attribute ram_style = "block" is ignored, object 'sd_sector_word_buf[0][68]' is not inferred as ram due to incorrect usage [/home/fpga/worker_place/temp/temp/ec75427a9d204090903221376b5e0000/hdl/top_level.sv:517]
WARNING: [Synth 8-7186] Applying attribute ram_style = "block" is ignored, object 'sd_sector_word_buf[0][69]' is not inferred as ram due to incorrect usage [/home/fpga/worker_place/temp/temp/ec75427a9d204090903221376b5e0000/hdl/top_level.sv:517]
WARNING: [Synth 8-7186] Applying attribute ram_style = "block" is ignored, object 'sd_sector_word_buf[0][70]' is not inferred as ram due to incorrect usage [/home/fpga/worker_place/temp/temp/ec75427a9d204090903221376b5e0000/hdl/top_level.sv:517]
WARNING: [Synth 8-7186] Applying attribute ram_style = "block" is ignored, object 'sd_sector_word_buf[0][71]' is not inferred as ram due to incorrect usage [/home/fpga/worker_place/temp/temp/ec75427a9d204090903221376b5e0000/hdl/top_level.sv:517]
WARNING: [Synth 8-7186] Applying attribute ram_style = "block" is ignored, object 'sd_sector_word_buf[0][72]' is not inferred as ram due to incorrect usage [/home/fpga/worker_place/temp/temp/ec75427a9d204090903221376b5e0000/hdl/top_level.sv:517]
WARNING: [Synth 8-7186] Applying attribute ram_style = "block" is ignored, object 'sd_sector_word_buf[0][73]' is not inferred as ram due to incorrect usage [/home/fpga/worker_place/temp/temp/ec75427a9d204090903221376b5e0000/hdl/top_level.sv:517]
WARNING: [Synth 8-7186] Applying attribute ram_style = "block" is ignored, object 'sd_sector_word_buf[0][74]' is not inferred as ram due to incorrect usage [/home/fpga/worker_place/temp/temp/ec75427a9d204090903221376b5e0000/hdl/top_level.sv:517]
WARNING: [Synth 8-7186] Applying attribute ram_style = "block" is ignored, object 'sd_sector_word_buf[0][75]' is not inferred as ram due to incorrect usage [/home/fpga/worker_place/temp/temp/ec75427a9d204090903221376b5e0000/hdl/top_level.sv:517]
WARNING: [Synth 8-7186] Applying attribute ram_style = "block" is ignored, object 'sd_sector_word_buf[0][76]' is not inferred as ram due to incorrect usage [/home/fpga/worker_place/temp/temp/ec75427a9d204090903221376b5e0000/hdl/top_level.sv:517]
WARNING: [Synth 8-7186] Applying attribute ram_style = "block" is ignored, object 'sd_sector_word_buf[0][77]' is not inferred as ram due to incorrect usage [/home/fpga/worker_place/temp/temp/ec75427a9d204090903221376b5e0000/hdl/top_level.sv:517]
WARNING: [Synth 8-7186] Applying attribute ram_style = "block" is ignored, object 'sd_sector_word_buf[0][78]' is not inferred as ram due to incorrect usage [/home/fpga/worker_place/temp/temp/ec75427a9d204090903221376b5e0000/hdl/top_level.sv:517]
WARNING: [Synth 8-7186] Applying attribute ram_style = "block" is ignored, object 'sd_sector_word_buf[0][79]' is not inferred as ram due to incorrect usage [/home/fpga/worker_place/temp/temp/ec75427a9d204090903221376b5e0000/hdl/top_level.sv:517]
WARNING: [Synth 8-7186] Applying attribute ram_style = "block" is ignored, object 'sd_sector_word_buf[0][80]' is not inferred as ram due to incorrect usage [/home/fpga/worker_place/temp/temp/ec75427a9d204090903221376b5e0000/hdl/top_level.sv:517]
WARNING: [Synth 8-7186] Applying attribute ram_style = "block" is ignored, object 'sd_sector_word_buf[0][81]' is not inferred as ram due to incorrect usage [/home/fpga/worker_place/temp/temp/ec75427a9d204090903221376b5e0000/hdl/top_level.sv:517]
WARNING: [Synth 8-7186] Applying attribute ram_style = "block" is ignored, object 'sd_sector_word_buf[0][82]' is not inferred as ram due to incorrect usage [/home/fpga/worker_place/temp/temp/ec75427a9d204090903221376b5e0000/hdl/top_level.sv:517]
WARNING: [Synth 8-7186] Applying attribute ram_style = "block" is ignored, object 'sd_sector_word_buf[0][83]' is not inferred as ram due to incorrect usage [/home/fpga/worker_place/temp/temp/ec75427a9d204090903221376b5e0000/hdl/top_level.sv:517]
WARNING: [Synth 8-7186] Applying attribute ram_style = "block" is ignored, object 'sd_sector_word_buf[0][84]' is not inferred as ram due to incorrect usage [/home/fpga/worker_place/temp/temp/ec75427a9d204090903221376b5e0000/hdl/top_level.sv:517]
WARNING: [Synth 8-7186] Applying attribute ram_style = "block" is ignored, object 'sd_sector_word_buf[0][85]' is not inferred as ram due to incorrect usage [/home/fpga/worker_place/temp/temp/ec75427a9d204090903221376b5e0000/hdl/top_level.sv:517]
WARNING: [Synth 8-7186] Applying attribute ram_style = "block" is ignored, object 'sd_sector_word_buf[0][86]' is not inferred as ram due to incorrect usage [/home/fpga/worker_place/temp/temp/ec75427a9d204090903221376b5e0000/hdl/top_level.sv:517]
WARNING: [Synth 8-7186] Applying attribute ram_style = "block" is ignored, object 'sd_sector_word_buf[0][87]' is not inferred as ram due to incorrect usage [/home/fpga/worker_place/temp/temp/ec75427a9d204090903221376b5e0000/hdl/top_level.sv:517]
WARNING: [Synth 8-7186] Applying attribute ram_style = "block" is ignored, object 'sd_sector_word_buf[0][88]' is not inferred as ram due to incorrect usage [/home/fpga/worker_place/temp/temp/ec75427a9d204090903221376b5e0000/hdl/top_level.sv:517]
WARNING: [Synth 8-7186] Applying attribute ram_style = "block" is ignored, object 'sd_sector_word_buf[0][89]' is not inferred as ram due to incorrect usage [/home/fpga/worker_place/temp/temp/ec75427a9d204090903221376b5e0000/hdl/top_level.sv:517]
WARNING: [Synth 8-7186] Applying attribute ram_style = "block" is ignored, object 'sd_sector_word_buf[0][90]' is not inferred as ram due to incorrect usage [/home/fpga/worker_place/temp/temp/ec75427a9d204090903221376b5e0000/hdl/top_level.sv:517]
WARNING: [Synth 8-7186] Applying attribute ram_style = "block" is ignored, object 'sd_sector_word_buf[0][91]' is not inferred as ram due to incorrect usage [/home/fpga/worker_place/temp/temp/ec75427a9d204090903221376b5e0000/hdl/top_level.sv:517]
WARNING: [Synth 8-7186] Applying attribute ram_style = "block" is ignored, object 'sd_sector_word_buf[0][92]' is not inferred as ram due to incorrect usage [/home/fpga/worker_place/temp/temp/ec75427a9d204090903221376b5e0000/hdl/top_level.sv:517]
WARNING: [Synth 8-7186] Applying attribute ram_style = "block" is ignored, object 'sd_sector_word_buf[0][93]' is not inferred as ram due to incorrect usage [/home/fpga/worker_place/temp/temp/ec75427a9d204090903221376b5e0000/hdl/top_level.sv:517]
WARNING: [Synth 8-7186] Applying attribute ram_style = "block" is ignored, object 'sd_sector_word_buf[0][94]' is not inferred as ram due to incorrect usage [/home/fpga/worker_place/temp/temp/ec75427a9d204090903221376b5e0000/hdl/top_level.sv:517]
WARNING: [Synth 8-7186] Applying attribute ram_style = "block" is ignored, object 'sd_sector_word_buf[0][95]' is not inferred as ram due to incorrect usage [/home/fpga/worker_place/temp/temp/ec75427a9d204090903221376b5e0000/hdl/top_level.sv:517]
WARNING: [Synth 8-7186] Applying attribute ram_style = "block" is ignored, object 'sd_sector_word_buf[0][96]' is not inferred as ram due to incorrect usage [/home/fpga/worker_place/temp/temp/ec75427a9d204090903221376b5e0000/hdl/top_level.sv:517]
WARNING: [Synth 8-7186] Applying attribute ram_style = "block" is ignored, object 'sd_sector_word_buf[0][97]' is not inferred as ram due to incorrect usage [/home/fpga/worker_place/temp/temp/ec75427a9d204090903221376b5e0000/hdl/top_level.sv:517]
WARNING: [Synth 8-7186] Applying attribute ram_style = "block" is ignored, object 'sd_sector_word_buf[0][98]' is not inferred as ram due to incorrect usage [/home/fpga/worker_place/temp/temp/ec75427a9d204090903221376b5e0000/hdl/top_level.sv:517]
WARNING: [Synth 8-7186] Applying attribute ram_style = "block" is ignored, object 'sd_sector_word_buf[0][99]' is not inferred as ram due to incorrect usage [/home/fpga/worker_place/temp/temp/ec75427a9d204090903221376b5e0000/hdl/top_level.sv:517]
WARNING: [Synth 8-7186] Applying attribute ram_style = "block" is ignored, object 'sd_sector_word_buf[0][100]' is not inferred as ram due to incorrect usage [/home/fpga/worker_place/temp/temp/ec75427a9d204090903221376b5e0000/hdl/top_level.sv:517]
WARNING: [Synth 8-7186] Applying attribute ram_style = "block" is ignored, object 'sd_sector_word_buf[0][101]' is not inferred as ram due to incorrect usage [/home/fpga/worker_place/temp/temp/ec75427a9d204090903221376b5e0000/hdl/top_level.sv:517]
WARNING: [Synth 8-7186] Applying attribute ram_style = "block" is ignored, object 'sd_sector_word_buf[0][102]' is not inferred as ram due to incorrect usage [/home/fpga/worker_place/temp/temp/ec75427a9d204090903221376b5e0000/hdl/top_level.sv:517]
WARNING: [Synth 8-7186] Applying attribute ram_style = "block" is ignored, object 'sd_sector_word_buf[0][103]' is not inferred as ram due to incorrect usage [/home/fpga/worker_place/temp/temp/ec75427a9d204090903221376b5e0000/hdl/top_level.sv:517]
WARNING: [Synth 8-7186] Applying attribute ram_style = "block" is ignored, object 'sd_sector_word_buf[0][104]' is not inferred as ram due to incorrect usage [/home/fpga/worker_place/temp/temp/ec75427a9d204090903221376b5e0000/hdl/top_level.sv:517]
WARNING: [Synth 8-7186] Applying attribute ram_style = "block" is ignored, object 'sd_sector_word_buf[0][105]' is not inferred as ram due to incorrect usage [/home/fpga/worker_place/temp/temp/ec75427a9d204090903221376b5e0000/hdl/top_level.sv:517]
WARNING: [Synth 8-7186] Applying attribute ram_style = "block" is ignored, object 'sd_sector_word_buf[0][106]' is not inferred as ram due to incorrect usage [/home/fpga/worker_place/temp/temp/ec75427a9d204090903221376b5e0000/hdl/top_level.sv:517]
WARNING: [Synth 8-7186] Applying attribute ram_style = "block" is ignored, object 'sd_sector_word_buf[0][107]' is not inferred as ram due to incorrect usage [/home/fpga/worker_place/temp/temp/ec75427a9d204090903221376b5e0000/hdl/top_level.sv:517]
WARNING: [Synth 8-7186] Applying attribute ram_style = "block" is ignored, object 'sd_sector_word_buf[0][108]' is not inferred as ram due to incorrect usage [/home/fpga/worker_place/temp/temp/ec75427a9d204090903221376b5e0000/hdl/top_level.sv:517]
WARNING: [Synth 8-7186] Applying attribute ram_style = "block" is ignored, object 'sd_sector_word_buf[0][109]' is not inferred as ram due to incorrect usage [/home/fpga/worker_place/temp/temp/ec75427a9d204090903221376b5e0000/hdl/top_level.sv:517]
WARNING: [Synth 8-7186] Applying attribute ram_style = "block" is ignored, object 'sd_sector_word_buf[0][110]' is not inferred as ram due to incorrect usage [/home/fpga/worker_place/temp/temp/ec75427a9d204090903221376b5e0000/hdl/top_level.sv:517]
WARNING: [Synth 8-7186] Applying attribute ram_style = "block" is ignored, object 'sd_sector_word_buf[0][111]' is not inferred as ram due to incorrect usage [/home/fpga/worker_place/temp/temp/ec75427a9d204090903221376b5e0000/hdl/top_level.sv:517]
WARNING: [Synth 8-7186] Applying attribute ram_style = "block" is ignored, object 'sd_sector_word_buf[0][112]' is not inferred as ram due to incorrect usage [/home/fpga/worker_place/temp/temp/ec75427a9d204090903221376b5e0000/hdl/top_level.sv:517]
WARNING: [Synth 8-7186] Applying attribute ram_style = "block" is ignored, object 'sd_sector_word_buf[0][113]' is not inferred as ram due to incorrect usage [/home/fpga/worker_place/temp/temp/ec75427a9d204090903221376b5e0000/hdl/top_level.sv:517]
WARNING: [Synth 8-7186] Applying attribute ram_style = "block" is ignored, object 'sd_sector_word_buf[0][114]' is not inferred as ram due to incorrect usage [/home/fpga/worker_place/temp/temp/ec75427a9d204090903221376b5e0000/hdl/top_level.sv:517]
WARNING: [Synth 8-7186] Applying attribute ram_style = "block" is ignored, object 'sd_sector_word_buf[0][115]' is not inferred as ram due to incorrect usage [/home/fpga/worker_place/temp/temp/ec75427a9d204090903221376b5e0000/hdl/top_level.sv:517]
WARNING: [Synth 8-7186] Applying attribute ram_style = "block" is ignored, object 'sd_sector_word_buf[0][116]' is not inferred as ram due to incorrect usage [/home/fpga/worker_place/temp/temp/ec75427a9d204090903221376b5e0000/hdl/top_level.sv:517]
WARNING: [Synth 8-7186] Applying attribute ram_style = "block" is ignored, object 'sd_sector_word_buf[0][117]' is not inferred as ram due to incorrect usage [/home/fpga/worker_place/temp/temp/ec75427a9d204090903221376b5e0000/hdl/top_level.sv:517]
WARNING: [Synth 8-7186] Applying attribute ram_style = "block" is ignored, object 'sd_sector_word_buf[0][118]' is not inferred as ram due to incorrect usage [/home/fpga/worker_place/temp/temp/ec75427a9d204090903221376b5e0000/hdl/top_level.sv:517]
WARNING: [Synth 8-7186] Applying attribute ram_style = "block" is ignored, object 'sd_sector_word_buf[0][119]' is not inferred as ram due to incorrect usage [/home/fpga/worker_place/temp/temp/ec75427a9d204090903221376b5e0000/hdl/top_level.sv:517]
WARNING: [Synth 8-7186] Applying attribute ram_style = "block" is ignored, object 'sd_sector_word_buf[0][120]' is not inferred as ram due to incorrect usage [/home/fpga/worker_place/temp/temp/ec75427a9d204090903221376b5e0000/hdl/top_level.sv:517]
WARNING: [Synth 8-7186] Applying attribute ram_style = "block" is ignored, object 'sd_sector_word_buf[0][121]' is not inferred as ram due to incorrect usage [/home/fpga/worker_place/temp/temp/ec75427a9d204090903221376b5e0000/hdl/top_level.sv:517]
WARNING: [Synth 8-7186] Applying attribute ram_style = "block" is ignored, object 'sd_sector_word_buf[0][122]' is not inferred as ram due to incorrect usage [/home/fpga/worker_place/temp/temp/ec75427a9d204090903221376b5e0000/hdl/top_level.sv:517]
WARNING: [Synth 8-7186] Applying attribute ram_style = "block" is ignored, object 'sd_sector_word_buf[0][123]' is not inferred as ram due to incorrect usage [/home/fpga/worker_place/temp/temp/ec75427a9d204090903221376b5e0000/hdl/top_level.sv:517]
WARNING: [Synth 8-7186] Applying attribute ram_style = "block" is ignored, object 'sd_sector_word_buf[0][124]' is not inferred as ram due to incorrect usage [/home/fpga/worker_place/temp/temp/ec75427a9d204090903221376b5e0000/hdl/top_level.sv:517]
WARNING: [Synth 8-7186] Applying attribute ram_style = "block" is ignored, object 'sd_sector_word_buf[0][125]' is not inferred as ram due to incorrect usage [/home/fpga/worker_place/temp/temp/ec75427a9d204090903221376b5e0000/hdl/top_level.sv:517]
WARNING: [Synth 8-7186] Applying attribute ram_style = "block" is ignored, object 'sd_sector_word_buf[0][126]' is not inferred as ram due to incorrect usage [/home/fpga/worker_place/temp/temp/ec75427a9d204090903221376b5e0000/hdl/top_level.sv:517]
WARNING: [Synth 8-7186] Applying attribute ram_style = "block" is ignored, object 'sd_sector_word_buf[0][127]' is not inferred as ram due to incorrect usage [/home/fpga/worker_place/temp/temp/ec75427a9d204090903221376b5e0000/hdl/top_level.sv:517]
WARNING: [Synth 8-7186] Applying attribute ram_style = "block" is ignored, object 'sd_sector_word_buf[1][0]' is not inferred as ram due to incorrect usage [/home/fpga/worker_place/temp/temp/ec75427a9d204090903221376b5e0000/hdl/top_level.sv:517]
WARNING: [Synth 8-7186] Applying attribute ram_style = "block" is ignored, object 'sd_sector_word_buf[1][1]' is not inferred as ram due to incorrect usage [/home/fpga/worker_place/temp/temp/ec75427a9d204090903221376b5e0000/hdl/top_level.sv:517]
WARNING: [Synth 8-7186] Applying attribute ram_style = "block" is ignored, object 'sd_sector_word_buf[1][2]' is not inferred as ram due to incorrect usage [/home/fpga/worker_place/temp/temp/ec75427a9d204090903221376b5e0000/hdl/top_level.sv:517]
WARNING: [Synth 8-7186] Applying attribute ram_style = "block" is ignored, object 'sd_sector_word_buf[1][3]' is not inferred as ram due to incorrect usage [/home/fpga/worker_place/temp/temp/ec75427a9d204090903221376b5e0000/hdl/top_level.sv:517]
WARNING: [Synth 8-7186] Applying attribute ram_style = "block" is ignored, object 'sd_sector_word_buf[1][4]' is not inferred as ram due to incorrect usage [/home/fpga/worker_place/temp/temp/ec75427a9d204090903221376b5e0000/hdl/top_level.sv:517]
WARNING: [Synth 8-7186] Applying attribute ram_style = "block" is ignored, object 'sd_sector_word_buf[1][5]' is not inferred as ram due to incorrect usage [/home/fpga/worker_place/temp/temp/ec75427a9d204090903221376b5e0000/hdl/top_level.sv:517]
WARNING: [Synth 8-7186] Applying attribute ram_style = "block" is ignored, object 'sd_sector_word_buf[1][6]' is not inferred as ram due to incorrect usage [/home/fpga/worker_place/temp/temp/ec75427a9d204090903221376b5e0000/hdl/top_level.sv:517]
WARNING: [Synth 8-7186] Applying attribute ram_style = "block" is ignored, object 'sd_sector_word_buf[1][7]' is not inferred as ram due to incorrect usage [/home/fpga/worker_place/temp/temp/ec75427a9d204090903221376b5e0000/hdl/top_level.sv:517]
WARNING: [Synth 8-7186] Applying attribute ram_style = "block" is ignored, object 'sd_sector_word_buf[1][8]' is not inferred as ram due to incorrect usage [/home/fpga/worker_place/temp/temp/ec75427a9d204090903221376b5e0000/hdl/top_level.sv:517]
WARNING: [Synth 8-7186] Applying attribute ram_style = "block" is ignored, object 'sd_sector_word_buf[1][9]' is not inferred as ram due to incorrect usage [/home/fpga/worker_place/temp/temp/ec75427a9d204090903221376b5e0000/hdl/top_level.sv:517]
WARNING: [Synth 8-7186] Applying attribute ram_style = "block" is ignored, object 'sd_sector_word_buf[1][10]' is not inferred as ram due to incorrect usage [/home/fpga/worker_place/temp/temp/ec75427a9d204090903221376b5e0000/hdl/top_level.sv:517]
WARNING: [Synth 8-7186] Applying attribute ram_style = "block" is ignored, object 'sd_sector_word_buf[1][11]' is not inferred as ram due to incorrect usage [/home/fpga/worker_place/temp/temp/ec75427a9d204090903221376b5e0000/hdl/top_level.sv:517]
WARNING: [Synth 8-7186] Applying attribute ram_style = "block" is ignored, object 'sd_sector_word_buf[1][12]' is not inferred as ram due to incorrect usage [/home/fpga/worker_place/temp/temp/ec75427a9d204090903221376b5e0000/hdl/top_level.sv:517]
WARNING: [Synth 8-7186] Applying attribute ram_style = "block" is ignored, object 'sd_sector_word_buf[1][13]' is not inferred as ram due to incorrect usage [/home/fpga/worker_place/temp/temp/ec75427a9d204090903221376b5e0000/hdl/top_level.sv:517]
WARNING: [Synth 8-7186] Applying attribute ram_style = "block" is ignored, object 'sd_sector_word_buf[1][14]' is not inferred as ram due to incorrect usage [/home/fpga/worker_place/temp/temp/ec75427a9d204090903221376b5e0000/hdl/top_level.sv:517]
WARNING: [Synth 8-7186] Applying attribute ram_style = "block" is ignored, object 'sd_sector_word_buf[1][15]' is not inferred as ram due to incorrect usage [/home/fpga/worker_place/temp/temp/ec75427a9d204090903221376b5e0000/hdl/top_level.sv:517]
WARNING: [Synth 8-7186] Applying attribute ram_style = "block" is ignored, object 'sd_sector_word_buf[1][16]' is not inferred as ram due to incorrect usage [/home/fpga/worker_place/temp/temp/ec75427a9d204090903221376b5e0000/hdl/top_level.sv:517]
WARNING: [Synth 8-7186] Applying attribute ram_style = "block" is ignored, object 'sd_sector_word_buf[1][17]' is not inferred as ram due to incorrect usage [/home/fpga/worker_place/temp/temp/ec75427a9d204090903221376b5e0000/hdl/top_level.sv:517]
WARNING: [Synth 8-7186] Applying attribute ram_style = "block" is ignored, object 'sd_sector_word_buf[1][18]' is not inferred as ram due to incorrect usage [/home/fpga/worker_place/temp/temp/ec75427a9d204090903221376b5e0000/hdl/top_level.sv:517]
WARNING: [Synth 8-7186] Applying attribute ram_style = "block" is ignored, object 'sd_sector_word_buf[1][19]' is not inferred as ram due to incorrect usage [/home/fpga/worker_place/temp/temp/ec75427a9d204090903221376b5e0000/hdl/top_level.sv:517]
WARNING: [Synth 8-7186] Applying attribute ram_style = "block" is ignored, object 'sd_sector_word_buf[1][20]' is not inferred as ram due to incorrect usage [/home/fpga/worker_place/temp/temp/ec75427a9d204090903221376b5e0000/hdl/top_level.sv:517]
WARNING: [Synth 8-7186] Applying attribute ram_style = "block" is ignored, object 'sd_sector_word_buf[1][21]' is not inferred as ram due to incorrect usage [/home/fpga/worker_place/temp/temp/ec75427a9d204090903221376b5e0000/hdl/top_level.sv:517]
WARNING: [Synth 8-7186] Applying attribute ram_style = "block" is ignored, object 'sd_sector_word_buf[1][22]' is not inferred as ram due to incorrect usage [/home/fpga/worker_place/temp/temp/ec75427a9d204090903221376b5e0000/hdl/top_level.sv:517]
WARNING: [Synth 8-7186] Applying attribute ram_style = "block" is ignored, object 'sd_sector_word_buf[1][23]' is not inferred as ram due to incorrect usage [/home/fpga/worker_place/temp/temp/ec75427a9d204090903221376b5e0000/hdl/top_level.sv:517]
WARNING: [Synth 8-7186] Applying attribute ram_style = "block" is ignored, object 'sd_sector_word_buf[1][24]' is not inferred as ram due to incorrect usage [/home/fpga/worker_place/temp/temp/ec75427a9d204090903221376b5e0000/hdl/top_level.sv:517]
WARNING: [Synth 8-7186] Applying attribute ram_style = "block" is ignored, object 'sd_sector_word_buf[1][25]' is not inferred as ram due to incorrect usage [/home/fpga/worker_place/temp/temp/ec75427a9d204090903221376b5e0000/hdl/top_level.sv:517]
WARNING: [Synth 8-7186] Applying attribute ram_style = "block" is ignored, object 'sd_sector_word_buf[1][26]' is not inferred as ram due to incorrect usage [/home/fpga/worker_place/temp/temp/ec75427a9d204090903221376b5e0000/hdl/top_level.sv:517]
WARNING: [Synth 8-7186] Applying attribute ram_style = "block" is ignored, object 'sd_sector_word_buf[1][27]' is not inferred as ram due to incorrect usage [/home/fpga/worker_place/temp/temp/ec75427a9d204090903221376b5e0000/hdl/top_level.sv:517]
WARNING: [Synth 8-7186] Applying attribute ram_style = "block" is ignored, object 'sd_sector_word_buf[1][28]' is not inferred as ram due to incorrect usage [/home/fpga/worker_place/temp/temp/ec75427a9d204090903221376b5e0000/hdl/top_level.sv:517]
WARNING: [Synth 8-7186] Applying attribute ram_style = "block" is ignored, object 'sd_sector_word_buf[1][29]' is not inferred as ram due to incorrect usage [/home/fpga/worker_place/temp/temp/ec75427a9d204090903221376b5e0000/hdl/top_level.sv:517]
WARNING: [Synth 8-7186] Applying attribute ram_style = "block" is ignored, object 'sd_sector_word_buf[1][30]' is not inferred as ram due to incorrect usage [/home/fpga/worker_place/temp/temp/ec75427a9d204090903221376b5e0000/hdl/top_level.sv:517]
WARNING: [Synth 8-7186] Applying attribute ram_style = "block" is ignored, object 'sd_sector_word_buf[1][31]' is not inferred as ram due to incorrect usage [/home/fpga/worker_place/temp/temp/ec75427a9d204090903221376b5e0000/hdl/top_level.sv:517]
WARNING: [Synth 8-7186] Applying attribute ram_style = "block" is ignored, object 'sd_sector_word_buf[1][32]' is not inferred as ram due to incorrect usage [/home/fpga/worker_place/temp/temp/ec75427a9d204090903221376b5e0000/hdl/top_level.sv:517]
WARNING: [Synth 8-7186] Applying attribute ram_style = "block" is ignored, object 'sd_sector_word_buf[1][33]' is not inferred as ram due to incorrect usage [/home/fpga/worker_place/temp/temp/ec75427a9d204090903221376b5e0000/hdl/top_level.sv:517]
WARNING: [Synth 8-7186] Applying attribute ram_style = "block" is ignored, object 'sd_sector_word_buf[1][34]' is not inferred as ram due to incorrect usage [/home/fpga/worker_place/temp/temp/ec75427a9d204090903221376b5e0000/hdl/top_level.sv:517]
WARNING: [Synth 8-7186] Applying attribute ram_style = "block" is ignored, object 'sd_sector_word_buf[1][35]' is not inferred as ram due to incorrect usage [/home/fpga/worker_place/temp/temp/ec75427a9d204090903221376b5e0000/hdl/top_level.sv:517]
WARNING: [Synth 8-7186] Applying attribute ram_style = "block" is ignored, object 'sd_sector_word_buf[1][36]' is not inferred as ram due to incorrect usage [/home/fpga/worker_place/temp/temp/ec75427a9d204090903221376b5e0000/hdl/top_level.sv:517]
WARNING: [Synth 8-7186] Applying attribute ram_style = "block" is ignored, object 'sd_sector_word_buf[1][37]' is not inferred as ram due to incorrect usage [/home/fpga/worker_place/temp/temp/ec75427a9d204090903221376b5e0000/hdl/top_level.sv:517]
WARNING: [Synth 8-7186] Applying attribute ram_style = "block" is ignored, object 'sd_sector_word_buf[1][38]' is not inferred as ram due to incorrect usage [/home/fpga/worker_place/temp/temp/ec75427a9d204090903221376b5e0000/hdl/top_level.sv:517]
WARNING: [Synth 8-7186] Applying attribute ram_style = "block" is ignored, object 'sd_sector_word_buf[1][39]' is not inferred as ram due to incorrect usage [/home/fpga/worker_place/temp/temp/ec75427a9d204090903221376b5e0000/hdl/top_level.sv:517]
WARNING: [Synth 8-7186] Applying attribute ram_style = "block" is ignored, object 'sd_sector_word_buf[1][40]' is not inferred as ram due to incorrect usage [/home/fpga/worker_place/temp/temp/ec75427a9d204090903221376b5e0000/hdl/top_level.sv:517]
WARNING: [Synth 8-7186] Applying attribute ram_style = "block" is ignored, object 'sd_sector_word_buf[1][41]' is not inferred as ram due to incorrect usage [/home/fpga/worker_place/temp/temp/ec75427a9d204090903221376b5e0000/hdl/top_level.sv:517]
WARNING: [Synth 8-7186] Applying attribute ram_style = "block" is ignored, object 'sd_sector_word_buf[1][42]' is not inferred as ram due to incorrect usage [/home/fpga/worker_place/temp/temp/ec75427a9d204090903221376b5e0000/hdl/top_level.sv:517]
WARNING: [Synth 8-7186] Applying attribute ram_style = "block" is ignored, object 'sd_sector_word_buf[1][43]' is not inferred as ram due to incorrect usage [/home/fpga/worker_place/temp/temp/ec75427a9d204090903221376b5e0000/hdl/top_level.sv:517]
WARNING: [Synth 8-7186] Applying attribute ram_style = "block" is ignored, object 'sd_sector_word_buf[1][44]' is not inferred as ram due to incorrect usage [/home/fpga/worker_place/temp/temp/ec75427a9d204090903221376b5e0000/hdl/top_level.sv:517]
WARNING: [Synth 8-7186] Applying attribute ram_style = "block" is ignored, object 'sd_sector_word_buf[1][45]' is not inferred as ram due to incorrect usage [/home/fpga/worker_place/temp/temp/ec75427a9d204090903221376b5e0000/hdl/top_level.sv:517]
WARNING: [Synth 8-7186] Applying attribute ram_style = "block" is ignored, object 'sd_sector_word_buf[1][46]' is not inferred as ram due to incorrect usage [/home/fpga/worker_place/temp/temp/ec75427a9d204090903221376b5e0000/hdl/top_level.sv:517]
WARNING: [Synth 8-7186] Applying attribute ram_style = "block" is ignored, object 'sd_sector_word_buf[1][47]' is not inferred as ram due to incorrect usage [/home/fpga/worker_place/temp/temp/ec75427a9d204090903221376b5e0000/hdl/top_level.sv:517]
WARNING: [Synth 8-7186] Applying attribute ram_style = "block" is ignored, object 'sd_sector_word_buf[1][48]' is not inferred as ram due to incorrect usage [/home/fpga/worker_place/temp/temp/ec75427a9d204090903221376b5e0000/hdl/top_level.sv:517]
WARNING: [Synth 8-7186] Applying attribute ram_style = "block" is ignored, object 'sd_sector_word_buf[1][49]' is not inferred as ram due to incorrect usage [/home/fpga/worker_place/temp/temp/ec75427a9d204090903221376b5e0000/hdl/top_level.sv:517]
WARNING: [Synth 8-7186] Applying attribute ram_style = "block" is ignored, object 'sd_sector_word_buf[1][50]' is not inferred as ram due to incorrect usage [/home/fpga/worker_place/temp/temp/ec75427a9d204090903221376b5e0000/hdl/top_level.sv:517]
WARNING: [Synth 8-7186] Applying attribute ram_style = "block" is ignored, object 'sd_sector_word_buf[1][51]' is not inferred as ram due to incorrect usage [/home/fpga/worker_place/temp/temp/ec75427a9d204090903221376b5e0000/hdl/top_level.sv:517]
WARNING: [Synth 8-7186] Applying attribute ram_style = "block" is ignored, object 'sd_sector_word_buf[1][52]' is not inferred as ram due to incorrect usage [/home/fpga/worker_place/temp/temp/ec75427a9d204090903221376b5e0000/hdl/top_level.sv:517]
WARNING: [Synth 8-7186] Applying attribute ram_style = "block" is ignored, object 'sd_sector_word_buf[1][53]' is not inferred as ram due to incorrect usage [/home/fpga/worker_place/temp/temp/ec75427a9d204090903221376b5e0000/hdl/top_level.sv:517]
WARNING: [Synth 8-7186] Applying attribute ram_style = "block" is ignored, object 'sd_sector_word_buf[1][54]' is not inferred as ram due to incorrect usage [/home/fpga/worker_place/temp/temp/ec75427a9d204090903221376b5e0000/hdl/top_level.sv:517]
WARNING: [Synth 8-7186] Applying attribute ram_style = "block" is ignored, object 'sd_sector_word_buf[1][55]' is not inferred as ram due to incorrect usage [/home/fpga/worker_place/temp/temp/ec75427a9d204090903221376b5e0000/hdl/top_level.sv:517]
WARNING: [Synth 8-7186] Applying attribute ram_style = "block" is ignored, object 'sd_sector_word_buf[1][56]' is not inferred as ram due to incorrect usage [/home/fpga/worker_place/temp/temp/ec75427a9d204090903221376b5e0000/hdl/top_level.sv:517]
WARNING: [Synth 8-7186] Applying attribute ram_style = "block" is ignored, object 'sd_sector_word_buf[1][57]' is not inferred as ram due to incorrect usage [/home/fpga/worker_place/temp/temp/ec75427a9d204090903221376b5e0000/hdl/top_level.sv:517]
WARNING: [Synth 8-7186] Applying attribute ram_style = "block" is ignored, object 'sd_sector_word_buf[1][58]' is not inferred as ram due to incorrect usage [/home/fpga/worker_place/temp/temp/ec75427a9d204090903221376b5e0000/hdl/top_level.sv:517]
WARNING: [Synth 8-7186] Applying attribute ram_style = "block" is ignored, object 'sd_sector_word_buf[1][59]' is not inferred as ram due to incorrect usage [/home/fpga/worker_place/temp/temp/ec75427a9d204090903221376b5e0000/hdl/top_level.sv:517]
WARNING: [Synth 8-7186] Applying attribute ram_style = "block" is ignored, object 'sd_sector_word_buf[1][60]' is not inferred as ram due to incorrect usage [/home/fpga/worker_place/temp/temp/ec75427a9d204090903221376b5e0000/hdl/top_level.sv:517]
WARNING: [Synth 8-7186] Applying attribute ram_style = "block" is ignored, object 'sd_sector_word_buf[1][61]' is not inferred as ram due to incorrect usage [/home/fpga/worker_place/temp/temp/ec75427a9d204090903221376b5e0000/hdl/top_level.sv:517]
WARNING: [Synth 8-7186] Applying attribute ram_style = "block" is ignored, object 'sd_sector_word_buf[1][62]' is not inferred as ram due to incorrect usage [/home/fpga/worker_place/temp/temp/ec75427a9d204090903221376b5e0000/hdl/top_level.sv:517]
WARNING: [Synth 8-7186] Applying attribute ram_style = "block" is ignored, object 'sd_sector_word_buf[1][63]' is not inferred as ram due to incorrect usage [/home/fpga/worker_place/temp/temp/ec75427a9d204090903221376b5e0000/hdl/top_level.sv:517]
WARNING: [Synth 8-7186] Applying attribute ram_style = "block" is ignored, object 'sd_sector_word_buf[1][64]' is not inferred as ram due to incorrect usage [/home/fpga/worker_place/temp/temp/ec75427a9d204090903221376b5e0000/hdl/top_level.sv:517]
WARNING: [Synth 8-7186] Applying attribute ram_style = "block" is ignored, object 'sd_sector_word_buf[1][65]' is not inferred as ram due to incorrect usage [/home/fpga/worker_place/temp/temp/ec75427a9d204090903221376b5e0000/hdl/top_level.sv:517]
WARNING: [Synth 8-7186] Applying attribute ram_style = "block" is ignored, object 'sd_sector_word_buf[1][66]' is not inferred as ram due to incorrect usage [/home/fpga/worker_place/temp/temp/ec75427a9d204090903221376b5e0000/hdl/top_level.sv:517]
WARNING: [Synth 8-7186] Applying attribute ram_style = "block" is ignored, object 'sd_sector_word_buf[1][67]' is not inferred as ram due to incorrect usage [/home/fpga/worker_place/temp/temp/ec75427a9d204090903221376b5e0000/hdl/top_level.sv:517]
WARNING: [Synth 8-7186] Applying attribute ram_style = "block" is ignored, object 'sd_sector_word_buf[1][68]' is not inferred as ram due to incorrect usage [/home/fpga/worker_place/temp/temp/ec75427a9d204090903221376b5e0000/hdl/top_level.sv:517]
WARNING: [Synth 8-7186] Applying attribute ram_style = "block" is ignored, object 'sd_sector_word_buf[1][69]' is not inferred as ram due to incorrect usage [/home/fpga/worker_place/temp/temp/ec75427a9d204090903221376b5e0000/hdl/top_level.sv:517]
WARNING: [Synth 8-7186] Applying attribute ram_style = "block" is ignored, object 'sd_sector_word_buf[1][70]' is not inferred as ram due to incorrect usage [/home/fpga/worker_place/temp/temp/ec75427a9d204090903221376b5e0000/hdl/top_level.sv:517]
WARNING: [Synth 8-7186] Applying attribute ram_style = "block" is ignored, object 'sd_sector_word_buf[1][71]' is not inferred as ram due to incorrect usage [/home/fpga/worker_place/temp/temp/ec75427a9d204090903221376b5e0000/hdl/top_level.sv:517]
WARNING: [Synth 8-7186] Applying attribute ram_style = "block" is ignored, object 'sd_sector_word_buf[1][72]' is not inferred as ram due to incorrect usage [/home/fpga/worker_place/temp/temp/ec75427a9d204090903221376b5e0000/hdl/top_level.sv:517]
WARNING: [Synth 8-7186] Applying attribute ram_style = "block" is ignored, object 'sd_sector_word_buf[1][73]' is not inferred as ram due to incorrect usage [/home/fpga/worker_place/temp/temp/ec75427a9d204090903221376b5e0000/hdl/top_level.sv:517]
WARNING: [Synth 8-7186] Applying attribute ram_style = "block" is ignored, object 'sd_sector_word_buf[1][74]' is not inferred as ram due to incorrect usage [/home/fpga/worker_place/temp/temp/ec75427a9d204090903221376b5e0000/hdl/top_level.sv:517]
WARNING: [Synth 8-7186] Applying attribute ram_style = "block" is ignored, object 'sd_sector_word_buf[1][75]' is not inferred as ram due to incorrect usage [/home/fpga/worker_place/temp/temp/ec75427a9d204090903221376b5e0000/hdl/top_level.sv:517]
WARNING: [Synth 8-7186] Applying attribute ram_style = "block" is ignored, object 'sd_sector_word_buf[1][76]' is not inferred as ram due to incorrect usage [/home/fpga/worker_place/temp/temp/ec75427a9d204090903221376b5e0000/hdl/top_level.sv:517]
WARNING: [Synth 8-7186] Applying attribute ram_style = "block" is ignored, object 'sd_sector_word_buf[1][77]' is not inferred as ram due to incorrect usage [/home/fpga/worker_place/temp/temp/ec75427a9d204090903221376b5e0000/hdl/top_level.sv:517]
WARNING: [Synth 8-7186] Applying attribute ram_style = "block" is ignored, object 'sd_sector_word_buf[1][78]' is not inferred as ram due to incorrect usage [/home/fpga/worker_place/temp/temp/ec75427a9d204090903221376b5e0000/hdl/top_level.sv:517]
WARNING: [Synth 8-7186] Applying attribute ram_style = "block" is ignored, object 'sd_sector_word_buf[1][79]' is not inferred as ram due to incorrect usage [/home/fpga/worker_place/temp/temp/ec75427a9d204090903221376b5e0000/hdl/top_level.sv:517]
WARNING: [Synth 8-7186] Applying attribute ram_style = "block" is ignored, object 'sd_sector_word_buf[1][80]' is not inferred as ram due to incorrect usage [/home/fpga/worker_place/temp/temp/ec75427a9d204090903221376b5e0000/hdl/top_level.sv:517]
WARNING: [Synth 8-7186] Applying attribute ram_style = "block" is ignored, object 'sd_sector_word_buf[1][81]' is not inferred as ram due to incorrect usage [/home/fpga/worker_place/temp/temp/ec75427a9d204090903221376b5e0000/hdl/top_level.sv:517]
WARNING: [Synth 8-7186] Applying attribute ram_style = "block" is ignored, object 'sd_sector_word_buf[1][82]' is not inferred as ram due to incorrect usage [/home/fpga/worker_place/temp/temp/ec75427a9d204090903221376b5e0000/hdl/top_level.sv:517]
WARNING: [Synth 8-7186] Applying attribute ram_style = "block" is ignored, object 'sd_sector_word_buf[1][83]' is not inferred as ram due to incorrect usage [/home/fpga/worker_place/temp/temp/ec75427a9d204090903221376b5e0000/hdl/top_level.sv:517]
WARNING: [Synth 8-7186] Applying attribute ram_style = "block" is ignored, object 'sd_sector_word_buf[1][84]' is not inferred as ram due to incorrect usage [/home/fpga/worker_place/temp/temp/ec75427a9d204090903221376b5e0000/hdl/top_level.sv:517]
WARNING: [Synth 8-7186] Applying attribute ram_style = "block" is ignored, object 'sd_sector_word_buf[1][85]' is not inferred as ram due to incorrect usage [/home/fpga/worker_place/temp/temp/ec75427a9d204090903221376b5e0000/hdl/top_level.sv:517]
WARNING: [Synth 8-7186] Applying attribute ram_style = "block" is ignored, object 'sd_sector_word_buf[1][86]' is not inferred as ram due to incorrect usage [/home/fpga/worker_place/temp/temp/ec75427a9d204090903221376b5e0000/hdl/top_level.sv:517]
WARNING: [Synth 8-7186] Applying attribute ram_style = "block" is ignored, object 'sd_sector_word_buf[1][87]' is not inferred as ram due to incorrect usage [/home/fpga/worker_place/temp/temp/ec75427a9d204090903221376b5e0000/hdl/top_level.sv:517]
WARNING: [Synth 8-7186] Applying attribute ram_style = "block" is ignored, object 'sd_sector_word_buf[1][88]' is not inferred as ram due to incorrect usage [/home/fpga/worker_place/temp/temp/ec75427a9d204090903221376b5e0000/hdl/top_level.sv:517]
WARNING: [Synth 8-7186] Applying attribute ram_style = "block" is ignored, object 'sd_sector_word_buf[1][89]' is not inferred as ram due to incorrect usage [/home/fpga/worker_place/temp/temp/ec75427a9d204090903221376b5e0000/hdl/top_level.sv:517]
WARNING: [Synth 8-7186] Applying attribute ram_style = "block" is ignored, object 'sd_sector_word_buf[1][90]' is not inferred as ram due to incorrect usage [/home/fpga/worker_place/temp/temp/ec75427a9d204090903221376b5e0000/hdl/top_level.sv:517]
WARNING: [Synth 8-7186] Applying attribute ram_style = "block" is ignored, object 'sd_sector_word_buf[1][91]' is not inferred as ram due to incorrect usage [/home/fpga/worker_place/temp/temp/ec75427a9d204090903221376b5e0000/hdl/top_level.sv:517]
WARNING: [Synth 8-7186] Applying attribute ram_style = "block" is ignored, object 'sd_sector_word_buf[1][92]' is not inferred as ram due to incorrect usage [/home/fpga/worker_place/temp/temp/ec75427a9d204090903221376b5e0000/hdl/top_level.sv:517]
WARNING: [Synth 8-7186] Applying attribute ram_style = "block" is ignored, object 'sd_sector_word_buf[1][93]' is not inferred as ram due to incorrect usage [/home/fpga/worker_place/temp/temp/ec75427a9d204090903221376b5e0000/hdl/top_level.sv:517]
WARNING: [Synth 8-7186] Applying attribute ram_style = "block" is ignored, object 'sd_sector_word_buf[1][94]' is not inferred as ram due to incorrect usage [/home/fpga/worker_place/temp/temp/ec75427a9d204090903221376b5e0000/hdl/top_level.sv:517]
WARNING: [Synth 8-7186] Applying attribute ram_style = "block" is ignored, object 'sd_sector_word_buf[1][95]' is not inferred as ram due to incorrect usage [/home/fpga/worker_place/temp/temp/ec75427a9d204090903221376b5e0000/hdl/top_level.sv:517]
WARNING: [Synth 8-7186] Applying attribute ram_style = "block" is ignored, object 'sd_sector_word_buf[1][96]' is not inferred as ram due to incorrect usage [/home/fpga/worker_place/temp/temp/ec75427a9d204090903221376b5e0000/hdl/top_level.sv:517]
WARNING: [Synth 8-7186] Applying attribute ram_style = "block" is ignored, object 'sd_sector_word_buf[1][97]' is not inferred as ram due to incorrect usage [/home/fpga/worker_place/temp/temp/ec75427a9d204090903221376b5e0000/hdl/top_level.sv:517]
WARNING: [Synth 8-7186] Applying attribute ram_style = "block" is ignored, object 'sd_sector_word_buf[1][98]' is not inferred as ram due to incorrect usage [/home/fpga/worker_place/temp/temp/ec75427a9d204090903221376b5e0000/hdl/top_level.sv:517]
WARNING: [Synth 8-7186] Applying attribute ram_style = "block" is ignored, object 'sd_sector_word_buf[1][99]' is not inferred as ram due to incorrect usage [/home/fpga/worker_place/temp/temp/ec75427a9d204090903221376b5e0000/hdl/top_level.sv:517]
WARNING: [Synth 8-7186] Applying attribute ram_style = "block" is ignored, object 'sd_sector_word_buf[1][100]' is not inferred as ram due to incorrect usage [/home/fpga/worker_place/temp/temp/ec75427a9d204090903221376b5e0000/hdl/top_level.sv:517]
WARNING: [Synth 8-7186] Applying attribute ram_style = "block" is ignored, object 'sd_sector_word_buf[1][101]' is not inferred as ram due to incorrect usage [/home/fpga/worker_place/temp/temp/ec75427a9d204090903221376b5e0000/hdl/top_level.sv:517]
WARNING: [Synth 8-7186] Applying attribute ram_style = "block" is ignored, object 'sd_sector_word_buf[1][102]' is not inferred as ram due to incorrect usage [/home/fpga/worker_place/temp/temp/ec75427a9d204090903221376b5e0000/hdl/top_level.sv:517]
WARNING: [Synth 8-7186] Applying attribute ram_style = "block" is ignored, object 'sd_sector_word_buf[1][103]' is not inferred as ram due to incorrect usage [/home/fpga/worker_place/temp/temp/ec75427a9d204090903221376b5e0000/hdl/top_level.sv:517]
WARNING: [Synth 8-7186] Applying attribute ram_style = "block" is ignored, object 'sd_sector_word_buf[1][104]' is not inferred as ram due to incorrect usage [/home/fpga/worker_place/temp/temp/ec75427a9d204090903221376b5e0000/hdl/top_level.sv:517]
WARNING: [Synth 8-7186] Applying attribute ram_style = "block" is ignored, object 'sd_sector_word_buf[1][105]' is not inferred as ram due to incorrect usage [/home/fpga/worker_place/temp/temp/ec75427a9d204090903221376b5e0000/hdl/top_level.sv:517]
WARNING: [Synth 8-7186] Applying attribute ram_style = "block" is ignored, object 'sd_sector_word_buf[1][106]' is not inferred as ram due to incorrect usage [/home/fpga/worker_place/temp/temp/ec75427a9d204090903221376b5e0000/hdl/top_level.sv:517]
WARNING: [Synth 8-7186] Applying attribute ram_style = "block" is ignored, object 'sd_sector_word_buf[1][107]' is not inferred as ram due to incorrect usage [/home/fpga/worker_place/temp/temp/ec75427a9d204090903221376b5e0000/hdl/top_level.sv:517]
WARNING: [Synth 8-7186] Applying attribute ram_style = "block" is ignored, object 'sd_sector_word_buf[1][108]' is not inferred as ram due to incorrect usage [/home/fpga/worker_place/temp/temp/ec75427a9d204090903221376b5e0000/hdl/top_level.sv:517]
WARNING: [Synth 8-7186] Applying attribute ram_style = "block" is ignored, object 'sd_sector_word_buf[1][109]' is not inferred as ram due to incorrect usage [/home/fpga/worker_place/temp/temp/ec75427a9d204090903221376b5e0000/hdl/top_level.sv:517]
WARNING: [Synth 8-7186] Applying attribute ram_style = "block" is ignored, object 'sd_sector_word_buf[1][110]' is not inferred as ram due to incorrect usage [/home/fpga/worker_place/temp/temp/ec75427a9d204090903221376b5e0000/hdl/top_level.sv:517]
WARNING: [Synth 8-7186] Applying attribute ram_style = "block" is ignored, object 'sd_sector_word_buf[1][111]' is not inferred as ram due to incorrect usage [/home/fpga/worker_place/temp/temp/ec75427a9d204090903221376b5e0000/hdl/top_level.sv:517]
WARNING: [Synth 8-7186] Applying attribute ram_style = "block" is ignored, object 'sd_sector_word_buf[1][112]' is not inferred as ram due to incorrect usage [/home/fpga/worker_place/temp/temp/ec75427a9d204090903221376b5e0000/hdl/top_level.sv:517]
WARNING: [Synth 8-7186] Applying attribute ram_style = "block" is ignored, object 'sd_sector_word_buf[1][113]' is not inferred as ram due to incorrect usage [/home/fpga/worker_place/temp/temp/ec75427a9d204090903221376b5e0000/hdl/top_level.sv:517]
WARNING: [Synth 8-7186] Applying attribute ram_style = "block" is ignored, object 'sd_sector_word_buf[1][114]' is not inferred as ram due to incorrect usage [/home/fpga/worker_place/temp/temp/ec75427a9d204090903221376b5e0000/hdl/top_level.sv:517]
WARNING: [Synth 8-7186] Applying attribute ram_style = "block" is ignored, object 'sd_sector_word_buf[1][115]' is not inferred as ram due to incorrect usage [/home/fpga/worker_place/temp/temp/ec75427a9d204090903221376b5e0000/hdl/top_level.sv:517]
WARNING: [Synth 8-7186] Applying attribute ram_style = "block" is ignored, object 'sd_sector_word_buf[1][116]' is not inferred as ram due to incorrect usage [/home/fpga/worker_place/temp/temp/ec75427a9d204090903221376b5e0000/hdl/top_level.sv:517]
WARNING: [Synth 8-7186] Applying attribute ram_style = "block" is ignored, object 'sd_sector_word_buf[1][117]' is not inferred as ram due to incorrect usage [/home/fpga/worker_place/temp/temp/ec75427a9d204090903221376b5e0000/hdl/top_level.sv:517]
WARNING: [Synth 8-7186] Applying attribute ram_style = "block" is ignored, object 'sd_sector_word_buf[1][118]' is not inferred as ram due to incorrect usage [/home/fpga/worker_place/temp/temp/ec75427a9d204090903221376b5e0000/hdl/top_level.sv:517]
WARNING: [Synth 8-7186] Applying attribute ram_style = "block" is ignored, object 'sd_sector_word_buf[1][119]' is not inferred as ram due to incorrect usage [/home/fpga/worker_place/temp/temp/ec75427a9d204090903221376b5e0000/hdl/top_level.sv:517]
WARNING: [Synth 8-7186] Applying attribute ram_style = "block" is ignored, object 'sd_sector_word_buf[1][120]' is not inferred as ram due to incorrect usage [/home/fpga/worker_place/temp/temp/ec75427a9d204090903221376b5e0000/hdl/top_level.sv:517]
WARNING: [Synth 8-7186] Applying attribute ram_style = "block" is ignored, object 'sd_sector_word_buf[1][121]' is not inferred as ram due to incorrect usage [/home/fpga/worker_place/temp/temp/ec75427a9d204090903221376b5e0000/hdl/top_level.sv:517]
WARNING: [Synth 8-7186] Applying attribute ram_style = "block" is ignored, object 'sd_sector_word_buf[1][122]' is not inferred as ram due to incorrect usage [/home/fpga/worker_place/temp/temp/ec75427a9d204090903221376b5e0000/hdl/top_level.sv:517]
WARNING: [Synth 8-7186] Applying attribute ram_style = "block" is ignored, object 'sd_sector_word_buf[1][123]' is not inferred as ram due to incorrect usage [/home/fpga/worker_place/temp/temp/ec75427a9d204090903221376b5e0000/hdl/top_level.sv:517]
WARNING: [Synth 8-7186] Applying attribute ram_style = "block" is ignored, object 'sd_sector_word_buf[1][124]' is not inferred as ram due to incorrect usage [/home/fpga/worker_place/temp/temp/ec75427a9d204090903221376b5e0000/hdl/top_level.sv:517]
WARNING: [Synth 8-7186] Applying attribute ram_style = "block" is ignored, object 'sd_sector_word_buf[1][125]' is not inferred as ram due to incorrect usage [/home/fpga/worker_place/temp/temp/ec75427a9d204090903221376b5e0000/hdl/top_level.sv:517]
WARNING: [Synth 8-7186] Applying attribute ram_style = "block" is ignored, object 'sd_sector_word_buf[1][126]' is not inferred as ram due to incorrect usage [/home/fpga/worker_place/temp/temp/ec75427a9d204090903221376b5e0000/hdl/top_level.sv:517]
WARNING: [Synth 8-7186] Applying attribute ram_style = "block" is ignored, object 'sd_sector_word_buf[1][127]' is not inferred as ram due to incorrect usage [/home/fpga/worker_place/temp/temp/ec75427a9d204090903221376b5e0000/hdl/top_level.sv:517]
INFO: [Synth 8-6157] synthesizing module 'xpm_cdc_array_single' [/tools/Xilinx/2025.1/Vivado/data/ip/xpm/xpm_cdc/hdl/xpm_cdc.sv:903]
	Parameter DEST_SYNC_FF bound to: 2 - type: integer 
	Parameter INIT_SYNC_FF bound to: 0 - type: integer 
	Parameter SIM_ASSERT_CHK bound to: 0 - type: integer 
	Parameter SRC_INPUT_REG bound to: 1 - type: integer 
	Parameter WIDTH bound to: 73 - type: integer 
INFO: [Synth 8-6155] done synthesizing module 'xpm_cdc_array_single' (0#1) [/tools/Xilinx/2025.1/Vivado/data/ip/xpm/xpm_cdc/hdl/xpm_cdc.sv:903]
INFO: [Synth 8-6157] synthesizing module 'xpm_cdc_array_single__parameterized0' [/tools/Xilinx/2025.1/Vivado/data/ip/xpm/xpm_cdc/hdl/xpm_cdc.sv:903]
	Parameter DEST_SYNC_FF bound to: 2 - type: integer 
	Parameter INIT_SYNC_FF bound to: 0 - type: integer 
	Parameter SIM_ASSERT_CHK bound to: 0 - type: integer 
	Parameter SRC_INPUT_REG bound to: 1 - type: integer 
	Parameter WIDTH bound to: 50 - type: integer 
INFO: [Synth 8-6155] done synthesizing module 'xpm_cdc_array_single__parameterized0' (0#1) [/tools/Xilinx/2025.1/Vivado/data/ip/xpm/xpm_cdc/hdl/xpm_cdc.sv:903]
INFO: [Synth 8-6157] synthesizing module 'xpm_cdc_single' [/tools/Xilinx/2025.1/Vivado/data/ip/xpm/xpm_cdc/hdl/xpm_cdc.sv:152]
	Parameter DEST_SYNC_FF bound to: 2 - type: integer 
	Parameter INIT_SYNC_FF bound to: 0 - type: integer 
	Parameter SIM_ASSERT_CHK bound to: 0 - type: integer 
	Parameter SRC_INPUT_REG bound to: 1 - type: integer 
INFO: [Synth 8-6155] done synthesizing module 'xpm_cdc_single' (0#1) [/tools/Xilinx/2025.1/Vivado/data/ip/xpm/xpm_cdc/hdl/xpm_cdc.sv:152]
INFO: [Synth 8-6157] synthesizing module 'xpm_memory_sdpram' [/tools/Xilinx/2025.1/Vivado/data/ip/xpm/xpm_memory/hdl/xpm_memory.sv:8994]
	Parameter MEMORY_SIZE bound to: 7840 - type: integer 
	Parameter MEMORY_PRIMITIVE bound to: block - type: string 
	Parameter CLOCKING_MODE bound to: common_clock - type: string 
	Parameter ECC_MODE bound to: no_ecc - type: string 
	Parameter MEMORY_INIT_FILE bound to: none - type: string 
	Parameter MEMORY_INIT_PARAM bound to: 0 - type: string 
	Parameter USE_MEM_INIT bound to: 0 - type: integer 
	Parameter WAKEUP_TIME bound to: disable_sleep - type: string 
	Parameter AUTO_SLEEP_TIME bound to: 0 - type: integer 
	Parameter MESSAGE_CONTROL bound to: 0 - type: integer 
	Parameter USE_EMBEDDED_CONSTRAINT bound to: 0 - type: integer 
	Parameter MEMORY_OPTIMIZATION bound to: true - type: string 
	Parameter SIM_ASSERT_CHK bound to: 0 - type: integer 
	Parameter WRITE_DATA_WIDTH_A bound to: 10 - type: integer 
	Parameter BYTE_WRITE_WIDTH_A bound to: 10 - type: integer 
	Parameter ADDR_WIDTH_A bound to: 10 - type: integer 
	Parameter RST_MODE_A bound to: SYNC - type: string 
	Parameter READ_DATA_WIDTH_B bound to: 10 - type: integer 
	Parameter ADDR_WIDTH_B bound to: 10 - type: integer 
	Parameter READ_RESET_VALUE_B bound to: 0 - type: string 
	Parameter READ_LATENCY_B bound to: 1 - type: integer 
	Parameter WRITE_MODE_B bound to: read_first - type: string 
	Parameter RST_MODE_B bound to: SYNC - type: string 
INFO: [Synth 8-6157] synthesizing module 'xpm_memory_base' [/tools/Xilinx/2025.1/Vivado/data/ip/xpm/xpm_memory/hdl/xpm_memory.sv:54]
INFO: [Synth 8-6155] done synthesizing module 'xpm_memory_base' (0#1) [/tools/Xilinx/2025.1/Vivado/data/ip/xpm/xpm_memory/hdl/xpm_memory.sv:54]
INFO: [Synth 8-6155] done synthesizing module 'xpm_memory_sdpram' (0#1) [/tools/Xilinx/2025.1/Vivado/data/ip/xpm/xpm_memory/hdl/xpm_memory.sv:8994]
INFO: [Synth 8-6157] synthesizing module 'xpm_memory_sdpram__parameterized0' [/tools/Xilinx/2025.1/Vivado/data/ip/xpm/xpm_memory/hdl/xpm_memory.sv:8994]
	Parameter MEMORY_SIZE bound to: 784 - type: integer 
	Parameter MEMORY_PRIMITIVE bound to: distributed - type: string 
	Parameter CLOCKING_MODE bound to: common_clock - type: string 
	Parameter ECC_MODE bound to: no_ecc - type: string 
	Parameter MEMORY_INIT_FILE bound to: none - type: string 
	Parameter MEMORY_INIT_PARAM bound to: 0 - type: string 
	Parameter USE_MEM_INIT bound to: 0 - type: integer 
	Parameter WAKEUP_TIME bound to: disable_sleep - type: string 
	Parameter AUTO_SLEEP_TIME bound to: 0 - type: integer 
	Parameter MESSAGE_CONTROL bound to: 0 - type: integer 
	Parameter USE_EMBEDDED_CONSTRAINT bound to: 0 - type: integer 
	Parameter MEMORY_OPTIMIZATION bound to: true - type: string 
	Parameter SIM_ASSERT_CHK bound to: 0 - type: integer 
	Parameter WRITE_DATA_WIDTH_A bound to: 1 - type: integer 
	Parameter BYTE_WRITE_WIDTH_A bound to: 1 - type: integer 
	Parameter ADDR_WIDTH_A bound to: 10 - type: integer 
	Parameter RST_MODE_A bound to: SYNC - type: string 
	Parameter READ_DATA_WIDTH_B bound to: 1 - type: integer 
	Parameter ADDR_WIDTH_B bound to: 10 - type: integer 
	Parameter READ_RESET_VALUE_B bound to: 0 - type: string 
	Parameter READ_LATENCY_B bound to: 1 - type: integer 
	Parameter WRITE_MODE_B bound to: read_first - type: string 
	Parameter RST_MODE_B bound to: SYNC - type: string 
INFO: [Synth 8-6157] synthesizing module 'xpm_memory_base__parameterized0' [/tools/Xilinx/2025.1/Vivado/data/ip/xpm/xpm_memory/hdl/xpm_memory.sv:54]
INFO: [Synth 8-6155] done synthesizing module 'xpm_memory_base__parameterized0' (0#1) [/tools/Xilinx/2025.1/Vivado/data/ip/xpm/xpm_memory/hdl/xpm_memory.sv:54]
INFO: [Synth 8-6155] done synthesizing module 'xpm_memory_sdpram__parameterized0' (0#1) [/tools/Xilinx/2025.1/Vivado/data/ip/xpm/xpm_memory/hdl/xpm_memory.sv:8994]
INFO: [Synth 8-6157] synthesizing module 'xpm_memory_sdpram__parameterized1' [/tools/Xilinx/2025.1/Vivado/data/ip/xpm/xpm_memory/hdl/xpm_memory.sv:8994]
	Parameter MEMORY_SIZE bound to: 188160 - type: integer 
	Parameter MEMORY_PRIMITIVE bound to: block - type: string 
	Parameter CLOCKING_MODE bound to: common_clock - type: string 
	Parameter ECC_MODE bound to: no_ecc - type: string 
	Parameter MEMORY_INIT_FILE bound to: data/csr_weight_q16.mem - type: string 
	Parameter MEMORY_INIT_PARAM bound to: 0 - type: string 
	Parameter USE_MEM_INIT bound to: 1 - type: integer 
	Parameter WAKEUP_TIME bound to: disable_sleep - type: string 
	Parameter AUTO_SLEEP_TIME bound to: 0 - type: integer 
	Parameter MESSAGE_CONTROL bound to: 0 - type: integer 
	Parameter USE_EMBEDDED_CONSTRAINT bound to: 0 - type: integer 
	Parameter MEMORY_OPTIMIZATION bound to: true - type: string 
	Parameter SIM_ASSERT_CHK bound to: 0 - type: integer 
	Parameter WRITE_DATA_WIDTH_A bound to: 16 - type: integer 
	Parameter BYTE_WRITE_WIDTH_A bound to: 16 - type: integer 
	Parameter ADDR_WIDTH_A bound to: 14 - type: integer 
	Parameter RST_MODE_A bound to: SYNC - type: string 
	Parameter READ_DATA_WIDTH_B bound to: 16 - type: integer 
	Parameter ADDR_WIDTH_B bound to: 14 - type: integer 
	Parameter READ_RESET_VALUE_B bound to: 0 - type: string 
	Parameter READ_LATENCY_B bound to: 1 - type: integer 
	Parameter WRITE_MODE_B bound to: read_first - type: string 
	Parameter RST_MODE_B bound to: SYNC - type: string 
INFO: [Synth 8-6157] synthesizing module 'xpm_memory_base__parameterized1' [/tools/Xilinx/2025.1/Vivado/data/ip/xpm/xpm_memory/hdl/xpm_memory.sv:54]
INFO: [Synth 8-3876] $readmem data file 'data/csr_weight_q16.mem' is read successfully [/tools/Xilinx/2025.1/Vivado/data/ip/xpm/xpm_memory/hdl/xpm_memory.sv:1209]
INFO: [Synth 8-6155] done synthesizing module 'xpm_memory_base__parameterized1' (0#1) [/tools/Xilinx/2025.1/Vivado/data/ip/xpm/xpm_memory/hdl/xpm_memory.sv:54]
INFO: [Synth 8-6155] done synthesizing module 'xpm_memory_sdpram__parameterized1' (0#1) [/tools/Xilinx/2025.1/Vivado/data/ip/xpm/xpm_memory/hdl/xpm_memory.sv:8994]
INFO: [Synth 8-6157] synthesizing module 'xpm_memory_sdpram__parameterized2' [/tools/Xilinx/2025.1/Vivado/data/ip/xpm/xpm_memory/hdl/xpm_memory.sv:8994]
	Parameter MEMORY_SIZE bound to: 800 - type: integer 
	Parameter MEMORY_PRIMITIVE bound to: block - type: string 
	Parameter CLOCKING_MODE bound to: common_clock - type: string 
	Parameter ECC_MODE bound to: no_ecc - type: string 
	Parameter MEMORY_INIT_FILE bound to: none - type: string 
	Parameter MEMORY_INIT_PARAM bound to: 0 - type: string 
	Parameter USE_MEM_INIT bound to: 0 - type: integer 
	Parameter WAKEUP_TIME bound to: disable_sleep - type: string 
	Parameter AUTO_SLEEP_TIME bound to: 0 - type: integer 
	Parameter MESSAGE_CONTROL bound to: 0 - type: integer 
	Parameter USE_EMBEDDED_CONSTRAINT bound to: 0 - type: integer 
	Parameter MEMORY_OPTIMIZATION bound to: true - type: string 
	Parameter SIM_ASSERT_CHK bound to: 0 - type: integer 
	Parameter WRITE_DATA_WIDTH_A bound to: 16 - type: integer 
	Parameter BYTE_WRITE_WIDTH_A bound to: 16 - type: integer 
	Parameter ADDR_WIDTH_A bound to: 7 - type: integer 
	Parameter RST_MODE_A bound to: SYNC - type: string 
	Parameter READ_DATA_WIDTH_B bound to: 16 - type: integer 
	Parameter ADDR_WIDTH_B bound to: 7 - type: integer 
	Parameter READ_RESET_VALUE_B bound to: 0 - type: string 
	Parameter READ_LATENCY_B bound to: 1 - type: integer 
	Parameter WRITE_MODE_B bound to: read_first - type: string 
	Parameter RST_MODE_B bound to: SYNC - type: string 
INFO: [Synth 8-6157] synthesizing module 'xpm_memory_base__parameterized2' [/tools/Xilinx/2025.1/Vivado/data/ip/xpm/xpm_memory/hdl/xpm_memory.sv:54]
WARNING: [Synth 8-6060] Synth Warning: [XPM_MEMORY 30-16] MEMORY_SIZE (800), WRITE_DATA_WIDTH_A (16), and ADDR_WIDTH_A (7) together imply that the addressable range exceeds the memory size for this configuration which uses port A write operations.   [/tools/Xilinx/2025.1/Vivado/data/ip/xpm/xpm_memory/hdl/xpm_memory.sv:563]
WARNING: [Synth 8-6060] Synth Warning: [XPM_MEMORY 30-19] MEMORY_SIZE (800), READ_DATA_WIDTH_B (16), and ADDR_WIDTH_B (7) together imply that the addressable range exceeds the memory size for this configuration which uses port B read operations.   [/tools/Xilinx/2025.1/Vivado/data/ip/xpm/xpm_memory/hdl/xpm_memory.sv:569]
INFO: [Synth 8-6155] done synthesizing module 'xpm_memory_base__parameterized2' (0#1) [/tools/Xilinx/2025.1/Vivado/data/ip/xpm/xpm_memory/hdl/xpm_memory.sv:54]
INFO: [Synth 8-6155] done synthesizing module 'xpm_memory_sdpram__parameterized2' (0#1) [/tools/Xilinx/2025.1/Vivado/data/ip/xpm/xpm_memory/hdl/xpm_memory.sv:8994]
INFO: [Synth 8-6157] synthesizing module 'xpm_memory_sprom' [/tools/Xilinx/2025.1/Vivado/data/ip/xpm/xpm_memory/hdl/xpm_memory.sv:9335]
	Parameter MEMORY_SIZE bound to: 714 - type: integer 
	Parameter MEMORY_PRIMITIVE bound to: block - type: string 
	Parameter ECC_MODE bound to: no_ecc - type: string 
	Parameter MEMORY_INIT_FILE bound to: data/csr_row_ptr.mem - type: string 
	Parameter MEMORY_INIT_PARAM bound to: 0 - type: string 
	Parameter USE_MEM_INIT bound to: 1 - type: integer 
	Parameter WAKEUP_TIME bound to: disable_sleep - type: string 
	Parameter AUTO_SLEEP_TIME bound to: 0 - type: integer 
	Parameter MESSAGE_CONTROL bound to: 0 - type: integer 
	Parameter MEMORY_OPTIMIZATION bound to: true - type: string 
	Parameter SIM_ASSERT_CHK bound to: 0 - type: integer 
	Parameter READ_DATA_WIDTH_A bound to: 14 - type: integer 
	Parameter ADDR_WIDTH_A bound to: 7 - type: integer 
	Parameter READ_RESET_VALUE_A bound to: 0 - type: string 
	Parameter READ_LATENCY_A bound to: 1 - type: integer 
	Parameter RST_MODE_A bound to: SYNC - type: string 
INFO: [Synth 8-6157] synthesizing module 'xpm_memory_base__parameterized3' [/tools/Xilinx/2025.1/Vivado/data/ip/xpm/xpm_memory/hdl/xpm_memory.sv:54]
WARNING: [Synth 8-6060] Synth Warning: [XPM_MEMORY 30-17] MEMORY_SIZE (714), READ_DATA_WIDTH_A (14), and ADDR_WIDTH_A (7) together imply that the addressable range exceeds the memory size for this configuration which uses port A read operations.   [/tools/Xilinx/2025.1/Vivado/data/ip/xpm/xpm_memory/hdl/xpm_memory.sv:565]
INFO: [Synth 8-3876] $readmem data file 'data/csr_row_ptr.mem' is read successfully [/tools/Xilinx/2025.1/Vivado/data/ip/xpm/xpm_memory/hdl/xpm_memory.sv:1163]
INFO: [Synth 8-6155] done synthesizing module 'xpm_memory_base__parameterized3' (0#1) [/tools/Xilinx/2025.1/Vivado/data/ip/xpm/xpm_memory/hdl/xpm_memory.sv:54]
INFO: [Synth 8-6155] done synthesizing module 'xpm_memory_sprom' (0#1) [/tools/Xilinx/2025.1/Vivado/data/ip/xpm/xpm_memory/hdl/xpm_memory.sv:9335]
INFO: [Synth 8-6157] synthesizing module 'xpm_memory_sprom__parameterized0' [/tools/Xilinx/2025.1/Vivado/data/ip/xpm/xpm_memory/hdl/xpm_memory.sv:9335]
	Parameter MEMORY_SIZE bound to: 117600 - type: integer 
	Parameter MEMORY_PRIMITIVE bound to: block - type: string 
	Parameter ECC_MODE bound to: no_ecc - type: string 
	Parameter MEMORY_INIT_FILE bound to: data/csr_col_idx.mem - type: string 
	Parameter MEMORY_INIT_PARAM bound to: 0 - type: string 
	Parameter USE_MEM_INIT bound to: 1 - type: integer 
	Parameter WAKEUP_TIME bound to: disable_sleep - type: string 
	Parameter AUTO_SLEEP_TIME bound to: 0 - type: integer 
	Parameter MESSAGE_CONTROL bound to: 0 - type: integer 
	Parameter MEMORY_OPTIMIZATION bound to: true - type: string 
	Parameter SIM_ASSERT_CHK bound to: 0 - type: integer 
	Parameter READ_DATA_WIDTH_A bound to: 10 - type: integer 
	Parameter ADDR_WIDTH_A bound to: 14 - type: integer 
	Parameter READ_RESET_VALUE_A bound to: 0 - type: string 
	Parameter READ_LATENCY_A bound to: 1 - type: integer 
	Parameter RST_MODE_A bound to: SYNC - type: string 
INFO: [Synth 8-6157] synthesizing module 'xpm_memory_base__parameterized4' [/tools/Xilinx/2025.1/Vivado/data/ip/xpm/xpm_memory/hdl/xpm_memory.sv:54]
INFO: [Synth 8-3876] $readmem data file 'data/csr_col_idx.mem' is read successfully [/tools/Xilinx/2025.1/Vivado/data/ip/xpm/xpm_memory/hdl/xpm_memory.sv:1209]
INFO: [Synth 8-6155] done synthesizing module 'xpm_memory_base__parameterized4' (0#1) [/tools/Xilinx/2025.1/Vivado/data/ip/xpm/xpm_memory/hdl/xpm_memory.sv:54]
INFO: [Synth 8-6155] done synthesizing module 'xpm_memory_sprom__parameterized0' (0#1) [/tools/Xilinx/2025.1/Vivado/data/ip/xpm/xpm_memory/hdl/xpm_memory.sv:9335]
INFO: [Synth 8-6157] synthesizing module 'xpm_memory_sprom__parameterized1' [/tools/Xilinx/2025.1/Vivado/data/ip/xpm/xpm_memory/hdl/xpm_memory.sv:9335]
	Parameter MEMORY_SIZE bound to: 10990 - type: integer 
	Parameter MEMORY_PRIMITIVE bound to: block - type: string 
	Parameter ECC_MODE bound to: no_ecc - type: string 
	Parameter MEMORY_INIT_FILE bound to: data/csc_col_ptr.mem - type: string 
	Parameter MEMORY_INIT_PARAM bound to: 0 - type: string 
	Parameter USE_MEM_INIT bound to: 1 - type: integer 
	Parameter WAKEUP_TIME bound to: disable_sleep - type: string 
	Parameter AUTO_SLEEP_TIME bound to: 0 - type: integer 
	Parameter MESSAGE_CONTROL bound to: 0 - type: integer 
	Parameter MEMORY_OPTIMIZATION bound to: true - type: string 
	Parameter SIM_ASSERT_CHK bound to: 0 - type: integer 
	Parameter READ_DATA_WIDTH_A bound to: 14 - type: integer 
	Parameter ADDR_WIDTH_A bound to: 11 - type: integer 
	Parameter READ_RESET_VALUE_A bound to: 0 - type: string 
	Parameter READ_LATENCY_A bound to: 1 - type: integer 
	Parameter RST_MODE_A bound to: SYNC - type: string 
INFO: [Synth 8-6157] synthesizing module 'xpm_memory_base__parameterized5' [/tools/Xilinx/2025.1/Vivado/data/ip/xpm/xpm_memory/hdl/xpm_memory.sv:54]
WARNING: [Synth 8-6060] Synth Warning: [XPM_MEMORY 30-17] MEMORY_SIZE (10990), READ_DATA_WIDTH_A (14), and ADDR_WIDTH_A (11) together imply that the addressable range exceeds the memory size for this configuration which uses port A read operations.   [/tools/Xilinx/2025.1/Vivado/data/ip/xpm/xpm_memory/hdl/xpm_memory.sv:565]
INFO: [Synth 8-3876] $readmem data file 'data/csc_col_ptr.mem' is read successfully [/tools/Xilinx/2025.1/Vivado/data/ip/xpm/xpm_memory/hdl/xpm_memory.sv:1209]
INFO: [Synth 8-6155] done synthesizing module 'xpm_memory_base__parameterized5' (0#1) [/tools/Xilinx/2025.1/Vivado/data/ip/xpm/xpm_memory/hdl/xpm_memory.sv:54]
INFO: [Synth 8-6155] done synthesizing module 'xpm_memory_sprom__parameterized1' (0#1) [/tools/Xilinx/2025.1/Vivado/data/ip/xpm/xpm_memory/hdl/xpm_memory.sv:9335]
INFO: [Synth 8-6157] synthesizing module 'xpm_memory_sprom__parameterized2' [/tools/Xilinx/2025.1/Vivado/data/ip/xpm/xpm_memory/hdl/xpm_memory.sv:9335]
	Parameter MEMORY_SIZE bound to: 70560 - type: integer 
	Parameter MEMORY_PRIMITIVE bound to: block - type: string 
	Parameter ECC_MODE bound to: no_ecc - type: string 
	Parameter MEMORY_INIT_FILE bound to: data/csc_row_idx.mem - type: string 
	Parameter MEMORY_INIT_PARAM bound to: 0 - type: string 
	Parameter USE_MEM_INIT bound to: 1 - type: integer 
	Parameter WAKEUP_TIME bound to: disable_sleep - type: string 
	Parameter AUTO_SLEEP_TIME bound to: 0 - type: integer 
	Parameter MESSAGE_CONTROL bound to: 0 - type: integer 
	Parameter MEMORY_OPTIMIZATION bound to: true - type: string 
	Parameter SIM_ASSERT_CHK bound to: 0 - type: integer 
	Parameter READ_DATA_WIDTH_A bound to: 6 - type: integer 
	Parameter ADDR_WIDTH_A bound to: 14 - type: integer 
	Parameter READ_RESET_VALUE_A bound to: 0 - type: string 
	Parameter READ_LATENCY_A bound to: 1 - type: integer 
	Parameter RST_MODE_A bound to: SYNC - type: string 
INFO: [Synth 8-6157] synthesizing module 'xpm_memory_base__parameterized6' [/tools/Xilinx/2025.1/Vivado/data/ip/xpm/xpm_memory/hdl/xpm_memory.sv:54]
INFO: [Synth 8-3876] $readmem data file 'data/csc_row_idx.mem' is read successfully [/tools/Xilinx/2025.1/Vivado/data/ip/xpm/xpm_memory/hdl/xpm_memory.sv:1209]
INFO: [Synth 8-6155] done synthesizing module 'xpm_memory_base__parameterized6' (0#1) [/tools/Xilinx/2025.1/Vivado/data/ip/xpm/xpm_memory/hdl/xpm_memory.sv:54]
INFO: [Synth 8-6155] done synthesizing module 'xpm_memory_sprom__parameterized2' (0#1) [/tools/Xilinx/2025.1/Vivado/data/ip/xpm/xpm_memory/hdl/xpm_memory.sv:9335]
INFO: [Synth 8-6157] synthesizing module 'xpm_memory_sprom__parameterized3' [/tools/Xilinx/2025.1/Vivado/data/ip/xpm/xpm_memory/hdl/xpm_memory.sv:9335]
	Parameter MEMORY_SIZE bound to: 164640 - type: integer 
	Parameter MEMORY_PRIMITIVE bound to: block - type: string 
	Parameter ECC_MODE bound to: no_ecc - type: string 
	Parameter MEMORY_INIT_FILE bound to: data/csc_edge_idx.mem - type: string 
	Parameter MEMORY_INIT_PARAM bound to: 0 - type: string 
	Parameter USE_MEM_INIT bound to: 1 - type: integer 
	Parameter WAKEUP_TIME bound to: disable_sleep - type: string 
	Parameter AUTO_SLEEP_TIME bound to: 0 - type: integer 
	Parameter MESSAGE_CONTROL bound to: 0 - type: integer 
	Parameter MEMORY_OPTIMIZATION bound to: true - type: string 
	Parameter SIM_ASSERT_CHK bound to: 0 - type: integer 
	Parameter READ_DATA_WIDTH_A bound to: 14 - type: integer 
	Parameter ADDR_WIDTH_A bound to: 14 - type: integer 
	Parameter READ_RESET_VALUE_A bound to: 0 - type: string 
	Parameter READ_LATENCY_A bound to: 1 - type: integer 
	Parameter RST_MODE_A bound to: SYNC - type: string 
INFO: [Synth 8-6157] synthesizing module 'xpm_memory_base__parameterized7' [/tools/Xilinx/2025.1/Vivado/data/ip/xpm/xpm_memory/hdl/xpm_memory.sv:54]
INFO: [Synth 8-3876] $readmem data file 'data/csc_edge_idx.mem' is read successfully [/tools/Xilinx/2025.1/Vivado/data/ip/xpm/xpm_memory/hdl/xpm_memory.sv:1209]
INFO: [Synth 8-6155] done synthesizing module 'xpm_memory_base__parameterized7' (0#1) [/tools/Xilinx/2025.1/Vivado/data/ip/xpm/xpm_memory/hdl/xpm_memory.sv:54]
INFO: [Synth 8-6155] done synthesizing module 'xpm_memory_sprom__parameterized3' (0#1) [/tools/Xilinx/2025.1/Vivado/data/ip/xpm/xpm_memory/hdl/xpm_memory.sv:9335]
INFO: [Synth 8-6157] synthesizing module 'uart_rx' [/home/fpga/worker_place/temp/temp/ec75427a9d204090903221376b5e0000/hdl/uart_rx.sv:2]
	Parameter CLKS_PER_BIT bound to: 868 - type: integer 
INFO: [Synth 8-6155] done synthesizing module 'uart_rx' (0#1) [/home/fpga/worker_place/temp/temp/ec75427a9d204090903221376b5e0000/hdl/uart_rx.sv:2]
INFO: [Synth 8-6157] synthesizing module 'uart_tx' [/home/fpga/worker_place/temp/temp/ec75427a9d204090903221376b5e0000/hdl/uart_tx.sv:2]
	Parameter CLKS_PER_BIT bound to: 868 - type: integer 
INFO: [Synth 8-6155] done synthesizing module 'uart_tx' (0#1) [/home/fpga/worker_place/temp/temp/ec75427a9d204090903221376b5e0000/hdl/uart_tx.sv:2]
INFO: [Synth 8-6157] synthesizing module 'lab06_clk_wiz' [/home/fpga/worker_place/temp/temp/ec75427a9d204090903221376b5e0000/hdl/lab06_clk_wiz.v:70]
INFO: [Synth 8-6157] synthesizing module 'IBUF' [/tools/Xilinx/2025.1/Vivado/scripts/rt/data/unisim_comp.v:76868]
INFO: [Synth 8-6155] done synthesizing module 'IBUF' (0#1) [/tools/Xilinx/2025.1/Vivado/scripts/rt/data/unisim_comp.v:76868]
INFO: [Synth 8-6157] synthesizing module 'MMCME2_ADV' [/tools/Xilinx/2025.1/Vivado/scripts/rt/data/unisim_comp.v:89421]
	Parameter BANDWIDTH bound to: OPTIMIZED - type: string 
	Parameter CLKFBOUT_MULT_F bound to: 10.000000 - type: double 
	Parameter CLKFBOUT_PHASE bound to: 0.000000 - type: double 
	Parameter CLKFBOUT_USE_FINE_PS bound to: FALSE - type: string 
	Parameter CLKIN1_PERIOD bound to: 10.000000 - type: double 
	Parameter CLKOUT0_DIVIDE_F bound to: 12.000000 - type: double 
	Parameter CLKOUT0_DUTY_CYCLE bound to: 0.500000 - type: double 
	Parameter CLKOUT0_PHASE bound to: 0.000000 - type: double 
	Parameter CLKOUT0_USE_FINE_PS bound to: FALSE - type: string 
	Parameter CLKOUT1_DIVIDE bound to: 3 - type: integer 
	Parameter CLKOUT1_DUTY_CYCLE bound to: 0.500000 - type: double 
	Parameter CLKOUT1_PHASE bound to: 0.000000 - type: double 
	Parameter CLKOUT1_USE_FINE_PS bound to: FALSE - type: string 
	Parameter CLKOUT2_DIVIDE bound to: 3 - type: integer 
	Parameter CLKOUT2_DUTY_CYCLE bound to: 0.500000 - type: double 
	Parameter CLKOUT2_PHASE bound to: 90.000000 - type: double 
	Parameter CLKOUT2_USE_FINE_PS bound to: FALSE - type: string 
	Parameter CLKOUT3_DIVIDE bound to: 5 - type: integer 
	Parameter CLKOUT3_DUTY_CYCLE bound to: 0.500000 - type: double 
	Parameter CLKOUT3_PHASE bound to: 0.000000 - type: double 
	Parameter CLKOUT3_USE_FINE_PS bound to: FALSE - type: string 
	Parameter CLKOUT4_CASCADE bound to: FALSE - type: string 
	Parameter CLKOUT4_DIVIDE bound to: 40 - type: integer 
	Parameter CLKOUT4_DUTY_CYCLE bound to: 0.500000 - type: double 
	Parameter CLKOUT4_PHASE bound to: 0.000000 - type: double 
	Parameter CLKOUT4_USE_FINE_PS bound to: FALSE - type: string 
	Parameter CLKOUT5_DIVIDE bound to: 10 - type: integer 
	Parameter CLKOUT5_DUTY_CYCLE bound to: 0.500000 - type: double 
	Parameter CLKOUT5_PHASE bound to: 0.000000 - type: double 
	Parameter CLKOUT5_USE_FINE_PS bound to: FALSE - type: string 
	Parameter COMPENSATION bound to: ZHOLD - type: string 
	Parameter DIVCLK_DIVIDE bound to: 1 - type: integer 
	Parameter STARTUP_WAIT bound to: FALSE - type: string 
INFO: [Synth 8-6155] done synthesizing module 'MMCME2_ADV' (0#1) [/tools/Xilinx/2025.1/Vivado/scripts/rt/data/unisim_comp.v:89421]
INFO: [Synth 8-6157] synthesizing module 'BUFG' [/tools/Xilinx/2025.1/Vivado/scripts/rt/data/unisim_comp.v:2678]
INFO: [Synth 8-6155] done synthesizing module 'BUFG' (0#1) [/tools/Xilinx/2025.1/Vivado/scripts/rt/data/unisim_comp.v:2678]
INFO: [Synth 8-6155] done synthesizing module 'lab06_clk_wiz' (0#1) [/home/fpga/worker_place/temp/temp/ec75427a9d204090903221376b5e0000/hdl/lab06_clk_wiz.v:70]
INFO: [Synth 8-6157] synthesizing module 'ddr3_top' [/home/fpga/worker_place/temp/temp/ec75427a9d204090903221376b5e0000/hdl/ddr3_top.sv:33]
	Parameter CONTROLLER_CLK_PERIOD bound to: 12000 - type: integer 
	Parameter DDR3_CLK_PERIOD bound to: 3000 - type: integer 
	Parameter ROW_BITS bound to: 14 - type: integer 
	Parameter COL_BITS bound to: 10 - type: integer 
	Parameter BA_BITS bound to: 3 - type: integer 
	Parameter BYTE_LANES bound to: 2 - type: integer 
	Parameter AUX_WIDTH bound to: 16 - type: integer 
	Parameter WB2_ADDR_BITS bound to: 32 - type: integer 
	Parameter WB2_DATA_BITS bound to: 32 - type: integer 
	Parameter MICRON_SIM bound to: 1'b0 
	Parameter ODELAY_SUPPORTED bound to: 1'b0 
	Parameter SECOND_WISHBONE bound to: 1'b0 
	Parameter WB_ERROR bound to: 1'b0 
	Parameter ECC_ENABLE bound to: 2'b00 
INFO: [Synth 8-6157] synthesizing module 'ddr3_controller' [/home/fpga/worker_place/temp/temp/ec75427a9d204090903221376b5e0000/hdl/ddr3_controller.sv:63]
	Parameter CONTROLLER_CLK_PERIOD bound to: 12000 - type: integer 
	Parameter DDR3_CLK_PERIOD bound to: 3000 - type: integer 
	Parameter ROW_BITS bound to: 14 - type: integer 
	Parameter COL_BITS bound to: 10 - type: integer 
	Parameter BA_BITS bound to: 3 - type: integer 
	Parameter DQ_BITS bound to: 8 - type: integer 
	Parameter LANES bound to: 2 - type: integer 
	Parameter AUX_WIDTH bound to: 16 - type: integer 
	Parameter WB2_ADDR_BITS bound to: 32 - type: integer 
	Parameter WB2_DATA_BITS bound to: 32 - type: integer 
	Parameter DUAL_RANK_DIMM bound to: 0 - type: integer 
	Parameter SPEED_BIN bound to: 3 - type: integer 
	Parameter SDRAM_CAPACITY bound to: 5 - type: integer 
	Parameter TRCD bound to: 13750 - type: integer 
	Parameter TRP bound to: 13750 - type: integer 
	Parameter TRAS bound to: 35000 - type: integer 
	Parameter MICRON_SIM bound to: 1'b0 
	Parameter ODELAY_SUPPORTED bound to: 1'b0 
	Parameter SECOND_WISHBONE bound to: 1'b0 
	Parameter DLL_OFF bound to: 1'b0 
	Parameter WB_ERROR bound to: 1'b0 
	Parameter BIST_MODE bound to: 2'b01 
	Parameter ECC_ENABLE bound to: 2'b00 
	Parameter DIC bound to: 2'b00 
	Parameter RTT_NOM bound to: 3'b011 
INFO: [Synth 8-251] 
CONTROLLER PARAMETERS:
----------------------------- [/home/fpga/worker_place/temp/temp/ec75427a9d204090903221376b5e0000/hdl/ddr3_controller.sv:4077]
INFO: [Synth 8-251] CONTROLLER_CLK_PERIOD = 12000 [/home/fpga/worker_place/temp/temp/ec75427a9d204090903221376b5e0000/hdl/ddr3_controller.sv:4079]
INFO: [Synth 8-251] DDR3_CLK_PERIOD = 3000 [/home/fpga/worker_place/temp/temp/ec75427a9d204090903221376b5e0000/hdl/ddr3_controller.sv:4080]
INFO: [Synth 8-251] ROW_BITS = 14 [/home/fpga/worker_place/temp/temp/ec75427a9d204090903221376b5e0000/hdl/ddr3_controller.sv:4081]
INFO: [Synth 8-251] COL_BITS = 10 [/home/fpga/worker_place/temp/temp/ec75427a9d204090903221376b5e0000/hdl/ddr3_controller.sv:4082]
INFO: [Synth 8-251] BA_BITS = 3 [/home/fpga/worker_place/temp/temp/ec75427a9d204090903221376b5e0000/hdl/ddr3_controller.sv:4083]
INFO: [Synth 8-251] BYTE_LANES = 2 [/home/fpga/worker_place/temp/temp/ec75427a9d204090903221376b5e0000/hdl/ddr3_controller.sv:4084]
INFO: [Synth 8-251] AUX_WIDTH = 16 [/home/fpga/worker_place/temp/temp/ec75427a9d204090903221376b5e0000/hdl/ddr3_controller.sv:4085]
INFO: [Synth 8-251] MICRON_SIM = 0 [/home/fpga/worker_place/temp/temp/ec75427a9d204090903221376b5e0000/hdl/ddr3_controller.sv:4086]
INFO: [Synth 8-251] ODELAY_SUPPORTED = 0 [/home/fpga/worker_place/temp/temp/ec75427a9d204090903221376b5e0000/hdl/ddr3_controller.sv:4087]
INFO: [Synth 8-251] SECOND_WISHBONE = 0 [/home/fpga/worker_place/temp/temp/ec75427a9d204090903221376b5e0000/hdl/ddr3_controller.sv:4088]
INFO: [Synth 8-251] WB2_ADDR_BITS = 32 [/home/fpga/worker_place/temp/temp/ec75427a9d204090903221376b5e0000/hdl/ddr3_controller.sv:4089]
INFO: [Synth 8-251] WB2_DATA_BITS = 32 [/home/fpga/worker_place/temp/temp/ec75427a9d204090903221376b5e0000/hdl/ddr3_controller.sv:4090]
INFO: [Synth 8-251] ECC_ENABLE = 0 [/home/fpga/worker_place/temp/temp/ec75427a9d204090903221376b5e0000/hdl/ddr3_controller.sv:4091]
INFO: [Synth 8-251] ECC_INFORMATION_BITS = 11 [/home/fpga/worker_place/temp/temp/ec75427a9d204090903221376b5e0000/hdl/ddr3_controller.sv:4092]
INFO: [Synth 8-251] WB_ERROR = 0 [/home/fpga/worker_place/temp/temp/ec75427a9d204090903221376b5e0000/hdl/ddr3_controller.sv:4093]
INFO: [Synth 8-251] 
CONTROLLER LOCALPARAMS:
----------------------------- [/home/fpga/worker_place/temp/temp/ec75427a9d204090903221376b5e0000/hdl/ddr3_controller.sv:4095]
INFO: [Synth 8-251] wb_addr_bits = 24 [/home/fpga/worker_place/temp/temp/ec75427a9d204090903221376b5e0000/hdl/ddr3_controller.sv:4096]
INFO: [Synth 8-251] wb_data_bits = 128 [/home/fpga/worker_place/temp/temp/ec75427a9d204090903221376b5e0000/hdl/ddr3_controller.sv:4097]
INFO: [Synth 8-251] wb_sel_bits  = 16 [/home/fpga/worker_place/temp/temp/ec75427a9d204090903221376b5e0000/hdl/ddr3_controller.sv:4098]
INFO: [Synth 8-251] wb2_sel_bits = 4 [/home/fpga/worker_place/temp/temp/ec75427a9d204090903221376b5e0000/hdl/ddr3_controller.sv:4099]
INFO: [Synth 8-251] DQ_BITS = 8 [/home/fpga/worker_place/temp/temp/ec75427a9d204090903221376b5e0000/hdl/ddr3_controller.sv:4100]
INFO: [Synth 8-251] row_bank_col = 1 [/home/fpga/worker_place/temp/temp/ec75427a9d204090903221376b5e0000/hdl/ddr3_controller.sv:4101]
INFO: [Synth 8-251] 
COMMAND SLOTS:
----------------------------- [/home/fpga/worker_place/temp/temp/ec75427a9d204090903221376b5e0000/hdl/ddr3_controller.sv:4103]
INFO: [Synth 8-251] READ_SLOT = 3 [/home/fpga/worker_place/temp/temp/ec75427a9d204090903221376b5e0000/hdl/ddr3_controller.sv:4104]
INFO: [Synth 8-251] WRITE_SLOT = 3 [/home/fpga/worker_place/temp/temp/ec75427a9d204090903221376b5e0000/hdl/ddr3_controller.sv:4105]
INFO: [Synth 8-251] ACTIVATE_SLOT = 2 [/home/fpga/worker_place/temp/temp/ec75427a9d204090903221376b5e0000/hdl/ddr3_controller.sv:4106]
INFO: [Synth 8-251] PRECHARGE_SLOT = 0 [/home/fpga/worker_place/temp/temp/ec75427a9d204090903221376b5e0000/hdl/ddr3_controller.sv:4107]
INFO: [Synth 8-251] REMAINING_SLOT = 1 [/home/fpga/worker_place/temp/temp/ec75427a9d204090903221376b5e0000/hdl/ddr3_controller.sv:4108]
INFO: [Synth 8-251] 
DELAYS:
----------------------------- [/home/fpga/worker_place/temp/temp/ec75427a9d204090903221376b5e0000/hdl/ddr3_controller.sv:4110]
INFO: [Synth 8-251] CL = 5 [/home/fpga/worker_place/temp/temp/ec75427a9d204090903221376b5e0000/hdl/ddr3_controller.sv:4111]
INFO: [Synth 8-251] CWL = 5 [/home/fpga/worker_place/temp/temp/ec75427a9d204090903221376b5e0000/hdl/ddr3_controller.sv:4112]
INFO: [Synth 8-251] PRECHARGE_TO_ACTIVATE_DELAY = 0 [/home/fpga/worker_place/temp/temp/ec75427a9d204090903221376b5e0000/hdl/ddr3_controller.sv:4113]
INFO: [Synth 8-251] ACTIVATE_TO_WRITE_DELAY = 0 [/home/fpga/worker_place/temp/temp/ec75427a9d204090903221376b5e0000/hdl/ddr3_controller.sv:4114]
INFO: [Synth 8-251] ACTIVATE_TO_READ_DELAY =  0 [/home/fpga/worker_place/temp/temp/ec75427a9d204090903221376b5e0000/hdl/ddr3_controller.sv:4115]
INFO: [Synth 8-251] ACTIVATE_TO_PRECHARGE_DELAY =  3 [/home/fpga/worker_place/temp/temp/ec75427a9d204090903221376b5e0000/hdl/ddr3_controller.sv:4116]
INFO: [Synth 8-251] ACTIVATE_TO_ACTIVATE_DELAY =  0 [/home/fpga/worker_place/temp/temp/ec75427a9d204090903221376b5e0000/hdl/ddr3_controller.sv:4117]
INFO: [Synth 8-251] READ_TO_WRITE_DELAY = 1 [/home/fpga/worker_place/temp/temp/ec75427a9d204090903221376b5e0000/hdl/ddr3_controller.sv:4118]
INFO: [Synth 8-251] READ_TO_READ_DELAY = 0 [/home/fpga/worker_place/temp/temp/ec75427a9d204090903221376b5e0000/hdl/ddr3_controller.sv:4119]
INFO: [Synth 8-251] READ_TO_PRECHARGE_DELAY = 1 [/home/fpga/worker_place/temp/temp/ec75427a9d204090903221376b5e0000/hdl/ddr3_controller.sv:4120]
INFO: [Synth 8-251] WRITE_TO_WRITE_DELAY = 0 [/home/fpga/worker_place/temp/temp/ec75427a9d204090903221376b5e0000/hdl/ddr3_controller.sv:4121]
INFO: [Synth 8-251] WRITE_TO_READ_DELAY = 3 [/home/fpga/worker_place/temp/temp/ec75427a9d204090903221376b5e0000/hdl/ddr3_controller.sv:4122]
INFO: [Synth 8-251] WRITE_TO_PRECHARGE_DELAY = 4 [/home/fpga/worker_place/temp/temp/ec75427a9d204090903221376b5e0000/hdl/ddr3_controller.sv:4123]
INFO: [Synth 8-251] STAGE2_DATA_DEPTH = 2 [/home/fpga/worker_place/temp/temp/ec75427a9d204090903221376b5e0000/hdl/ddr3_controller.sv:4124]
INFO: [Synth 8-251] READ_ACK_PIPE_WIDTH = 6
 [/home/fpga/worker_place/temp/temp/ec75427a9d204090903221376b5e0000/hdl/ddr3_controller.sv:4125]
INFO: [Synth 8-251] 
DDR3 TOP PARAMETERS:
----------------------------- [/home/fpga/worker_place/temp/temp/ec75427a9d204090903221376b5e0000/hdl/ddr3_controller.sv:4127]
INFO: [Synth 8-251] CONTROLLER_CLK_PERIOD = 12000 [/home/fpga/worker_place/temp/temp/ec75427a9d204090903221376b5e0000/hdl/ddr3_controller.sv:4128]
INFO: [Synth 8-251] DDR3_CLK_PERIOD = 3000 [/home/fpga/worker_place/temp/temp/ec75427a9d204090903221376b5e0000/hdl/ddr3_controller.sv:4129]
INFO: [Synth 8-251] ROW_BITS = 14 [/home/fpga/worker_place/temp/temp/ec75427a9d204090903221376b5e0000/hdl/ddr3_controller.sv:4130]
INFO: [Synth 8-251] COL_BITS = 10 [/home/fpga/worker_place/temp/temp/ec75427a9d204090903221376b5e0000/hdl/ddr3_controller.sv:4131]
INFO: [Synth 8-251] BA_BITS = 3 [/home/fpga/worker_place/temp/temp/ec75427a9d204090903221376b5e0000/hdl/ddr3_controller.sv:4132]
INFO: [Synth 8-251] BYTE_LANES = 2 [/home/fpga/worker_place/temp/temp/ec75427a9d204090903221376b5e0000/hdl/ddr3_controller.sv:4133]
INFO: [Synth 8-251] AUX_WIDTH = 16 [/home/fpga/worker_place/temp/temp/ec75427a9d204090903221376b5e0000/hdl/ddr3_controller.sv:4134]
INFO: [Synth 8-251] WB2_ADDR_BITS = 32 [/home/fpga/worker_place/temp/temp/ec75427a9d204090903221376b5e0000/hdl/ddr3_controller.sv:4135]
INFO: [Synth 8-251] WB2_DATA_BITS = 32 [/home/fpga/worker_place/temp/temp/ec75427a9d204090903221376b5e0000/hdl/ddr3_controller.sv:4136]
INFO: [Synth 8-251] MICRON_SIM = 0 [/home/fpga/worker_place/temp/temp/ec75427a9d204090903221376b5e0000/hdl/ddr3_controller.sv:4137]
INFO: [Synth 8-251] ODELAY_SUPPORTED = 0 [/home/fpga/worker_place/temp/temp/ec75427a9d204090903221376b5e0000/hdl/ddr3_controller.sv:4138]
INFO: [Synth 8-251] SECOND_WISHBONE = 0 [/home/fpga/worker_place/temp/temp/ec75427a9d204090903221376b5e0000/hdl/ddr3_controller.sv:4139]
INFO: [Synth 8-251] WB_ERROR = 0 [/home/fpga/worker_place/temp/temp/ec75427a9d204090903221376b5e0000/hdl/ddr3_controller.sv:4140]
INFO: [Synth 8-251] BIST_MODE = 1 [/home/fpga/worker_place/temp/temp/ec75427a9d204090903221376b5e0000/hdl/ddr3_controller.sv:4141]
INFO: [Synth 8-251] ECC_ENABLE = 0 [/home/fpga/worker_place/temp/temp/ec75427a9d204090903221376b5e0000/hdl/ddr3_controller.sv:4142]
INFO: [Synth 8-251] DIC = 0 [/home/fpga/worker_place/temp/temp/ec75427a9d204090903221376b5e0000/hdl/ddr3_controller.sv:4143]
INFO: [Synth 8-251] RTT_NOM = 3 [/home/fpga/worker_place/temp/temp/ec75427a9d204090903221376b5e0000/hdl/ddr3_controller.sv:4144]
INFO: [Synth 8-251] DUAL_RANK_DIMM = 0 [/home/fpga/worker_place/temp/temp/ec75427a9d204090903221376b5e0000/hdl/ddr3_controller.sv:4145]
INFO: [Synth 8-251] End of DDR3 TOP PARAMETERS
----------------------------- [/home/fpga/worker_place/temp/temp/ec75427a9d204090903221376b5e0000/hdl/ddr3_controller.sv:4146]
INFO: [Synth 8-155] case statement is not full and has no default [/home/fpga/worker_place/temp/temp/ec75427a9d204090903221376b5e0000/hdl/ddr3_controller.sv:2350]
INFO: [Synth 8-6155] done synthesizing module 'ddr3_controller' (0#1) [/home/fpga/worker_place/temp/temp/ec75427a9d204090903221376b5e0000/hdl/ddr3_controller.sv:63]
INFO: [Synth 8-6157] synthesizing module 'ddr3_phy' [/home/fpga/worker_place/temp/temp/ec75427a9d204090903221376b5e0000/hdl/ddr3_phy.sv:35]
	Parameter CONTROLLER_CLK_PERIOD bound to: 12000 - type: integer 
	Parameter DDR3_CLK_PERIOD bound to: 3000 - type: integer 
	Parameter ROW_BITS bound to: 14 - type: integer 
	Parameter BA_BITS bound to: 3 - type: integer 
	Parameter DQ_BITS bound to: 8 - type: integer 
	Parameter LANES bound to: 2 - type: integer 
	Parameter DUAL_RANK_DIMM bound to: 0 - type: integer 
	Parameter ODELAY_SUPPORTED bound to: 1'b0 
INFO: [Synth 8-6157] synthesizing module 'OSERDESE2' [/tools/Xilinx/2025.1/Vivado/scripts/rt/data/unisim_comp.v:108512]
	Parameter DATA_RATE_OQ bound to: SDR - type: string 
	Parameter DATA_RATE_TQ bound to: SDR - type: string 
	Parameter DATA_WIDTH bound to: 4 - type: integer 
	Parameter INIT_OQ bound to: 1'b0 
	Parameter TRISTATE_WIDTH bound to: 1 - type: integer 
INFO: [Synth 8-6155] done synthesizing module 'OSERDESE2' (0#1) [/tools/Xilinx/2025.1/Vivado/scripts/rt/data/unisim_comp.v:108512]
INFO: [Synth 8-6157] synthesizing module 'OBUFDS' [/tools/Xilinx/2025.1/Vivado/scripts/rt/data/unisim_comp.v:104275]
INFO: [Synth 8-6155] done synthesizing module 'OBUFDS' (0#1) [/tools/Xilinx/2025.1/Vivado/scripts/rt/data/unisim_comp.v:104275]
INFO: [Synth 8-6157] synthesizing module 'OSERDESE2__parameterized0' [/tools/Xilinx/2025.1/Vivado/scripts/rt/data/unisim_comp.v:108512]
	Parameter DATA_RATE_OQ bound to: DDR - type: string 
	Parameter DATA_RATE_TQ bound to: BUF - type: string 
	Parameter DATA_WIDTH bound to: 8 - type: integer 
	Parameter INIT_OQ bound to: 1'b0 
	Parameter TRISTATE_WIDTH bound to: 1 - type: integer 
INFO: [Synth 8-6155] done synthesizing module 'OSERDESE2__parameterized0' (0#1) [/tools/Xilinx/2025.1/Vivado/scripts/rt/data/unisim_comp.v:108512]
INFO: [Synth 8-6157] synthesizing module 'IOBUF' [/tools/Xilinx/2025.1/Vivado/scripts/rt/data/unisim_comp.v:81434]
	Parameter IBUF_LOW_PWR bound to: FALSE - type: string 
	Parameter SLEW bound to: FAST - type: string 
INFO: [Synth 8-6155] done synthesizing module 'IOBUF' (0#1) [/tools/Xilinx/2025.1/Vivado/scripts/rt/data/unisim_comp.v:81434]
INFO: [Synth 8-6157] synthesizing module 'IDELAYE2' [/tools/Xilinx/2025.1/Vivado/scripts/rt/data/unisim_comp.v:78977]
	Parameter DELAY_SRC bound to: IDATAIN - type: string 
	Parameter HIGH_PERFORMANCE_MODE bound to: TRUE - type: string 
	Parameter IDELAY_TYPE bound to: VAR_LOAD - type: string 
	Parameter IDELAY_VALUE bound to: 0 - type: integer 
	Parameter PIPE_SEL bound to: FALSE - type: string 
	Parameter REFCLK_FREQUENCY bound to: 200.000000 - type: double 
	Parameter SIGNAL_PATTERN bound to: DATA - type: string 
INFO: [Synth 8-6155] done synthesizing module 'IDELAYE2' (0#1) [/tools/Xilinx/2025.1/Vivado/scripts/rt/data/unisim_comp.v:78977]
INFO: [Synth 8-6157] synthesizing module 'ISERDESE2' [/tools/Xilinx/2025.1/Vivado/scripts/rt/data/unisim_comp.v:83998]
	Parameter DATA_RATE bound to: DDR - type: string 
	Parameter DATA_WIDTH bound to: 8 - type: integer 
	Parameter INIT_Q1 bound to: 1'b0 
	Parameter INIT_Q2 bound to: 1'b0 
	Parameter INIT_Q3 bound to: 1'b0 
	Parameter INIT_Q4 bound to: 1'b0 
	Parameter INTERFACE_TYPE bound to: NETWORKING - type: string 
	Parameter IOBDELAY bound to: IFD - type: string 
	Parameter NUM_CE bound to: 1 - type: integer 
	Parameter OFB_USED bound to: FALSE - type: string 
	Parameter SRVAL_Q1 bound to: 1'b0 
	Parameter SRVAL_Q2 bound to: 1'b0 
	Parameter SRVAL_Q3 bound to: 1'b0 
	Parameter SRVAL_Q4 bound to: 1'b0 
INFO: [Synth 8-6155] done synthesizing module 'ISERDESE2' (0#1) [/tools/Xilinx/2025.1/Vivado/scripts/rt/data/unisim_comp.v:83998]
INFO: [Synth 8-6157] synthesizing module 'OBUF' [/tools/Xilinx/2025.1/Vivado/scripts/rt/data/unisim_comp.v:104261]
	Parameter SLEW bound to: FAST - type: string 
INFO: [Synth 8-6155] done synthesizing module 'OBUF' (0#1) [/tools/Xilinx/2025.1/Vivado/scripts/rt/data/unisim_comp.v:104261]
INFO: [Synth 8-6157] synthesizing module 'OSERDESE2__parameterized1' [/tools/Xilinx/2025.1/Vivado/scripts/rt/data/unisim_comp.v:108512]
	Parameter DATA_RATE_OQ bound to: DDR - type: string 
	Parameter DATA_RATE_TQ bound to: BUF - type: string 
	Parameter DATA_WIDTH bound to: 8 - type: integer 
	Parameter INIT_OQ bound to: 1'b1 
	Parameter TRISTATE_WIDTH bound to: 1 - type: integer 
INFO: [Synth 8-6155] done synthesizing module 'OSERDESE2__parameterized1' (0#1) [/tools/Xilinx/2025.1/Vivado/scripts/rt/data/unisim_comp.v:108512]
INFO: [Synth 8-6157] synthesizing module 'IOBUFDS' [/tools/Xilinx/2025.1/Vivado/scripts/rt/data/unisim_comp.v:81451]
	Parameter IBUF_LOW_PWR bound to: FALSE - type: string 
INFO: [Synth 8-6155] done synthesizing module 'IOBUFDS' (0#1) [/tools/Xilinx/2025.1/Vivado/scripts/rt/data/unisim_comp.v:81451]
INFO: [Synth 8-6157] synthesizing module 'IDELAYE2__parameterized0' [/tools/Xilinx/2025.1/Vivado/scripts/rt/data/unisim_comp.v:78977]
	Parameter DELAY_SRC bound to: IDATAIN - type: string 
	Parameter HIGH_PERFORMANCE_MODE bound to: TRUE - type: string 
	Parameter IDELAY_TYPE bound to: VAR_LOAD - type: string 
	Parameter IDELAY_VALUE bound to: 10 - type: integer 
	Parameter PIPE_SEL bound to: FALSE - type: string 
	Parameter REFCLK_FREQUENCY bound to: 200.000000 - type: double 
	Parameter SIGNAL_PATTERN bound to: CLOCK - type: string 
INFO: [Synth 8-6155] done synthesizing module 'IDELAYE2__parameterized0' (0#1) [/tools/Xilinx/2025.1/Vivado/scripts/rt/data/unisim_comp.v:78977]
INFO: [Synth 8-6157] synthesizing module 'IDELAYCTRL' [/tools/Xilinx/2025.1/Vivado/scripts/rt/data/unisim_comp.v:78964]
INFO: [Synth 8-6155] done synthesizing module 'IDELAYCTRL' (0#1) [/tools/Xilinx/2025.1/Vivado/scripts/rt/data/unisim_comp.v:78964]
INFO: [Synth 8-6155] done synthesizing module 'ddr3_phy' (0#1) [/home/fpga/worker_place/temp/temp/ec75427a9d204090903221376b5e0000/hdl/ddr3_phy.sv:35]
INFO: [Synth 8-6155] done synthesizing module 'ddr3_top' (0#1) [/home/fpga/worker_place/temp/temp/ec75427a9d204090903221376b5e0000/hdl/ddr3_top.sv:33]
INFO: [Synth 8-6157] synthesizing module 'sd_controller' [/home/fpga/worker_place/temp/temp/ec75427a9d204090903221376b5e0000/hdl/sd_controller.sv:6]
INFO: [Synth 8-155] case statement is not full and has no default [/home/fpga/worker_place/temp/temp/ec75427a9d204090903221376b5e0000/hdl/sd_controller.sv:90]
INFO: [Synth 8-6155] done synthesizing module 'sd_controller' (0#1) [/home/fpga/worker_place/temp/temp/ec75427a9d204090903221376b5e0000/hdl/sd_controller.sv:6]
INFO: [Synth 8-6157] synthesizing module 'divider2b' [/home/fpga/worker_place/temp/temp/ec75427a9d204090903221376b5e0000/hdl/divider.sv:1]
	Parameter WIDTH bound to: 32 - type: integer 
INFO: [Synth 8-6155] done synthesizing module 'divider2b' (0#1) [/home/fpga/worker_place/temp/temp/ec75427a9d204090903221376b5e0000/hdl/divider.sv:1]
INFO: [Synth 8-6155] done synthesizing module 'top_level' (0#1) [/home/fpga/worker_place/temp/temp/ec75427a9d204090903221376b5e0000/hdl/top_level.sv:3]
INFO: [Synth 8-6071] Mark debug on the nets applies keep_hierarchy on instance 'ddr3_controller_inst'. This will prevent further optimization [/home/fpga/worker_place/temp/temp/ec75427a9d204090903221376b5e0000/hdl/ddr3_top.sv:274]
WARNING: [Synth 8-6014] Unused sequential element sync_rst_wb2_reg was removed.  [/home/fpga/worker_place/temp/temp/ec75427a9d204090903221376b5e0000/hdl/ddr3_controller.sv:835]
WARNING: [Synth 8-6014] Unused sequential element prev_cmd_ck_en_reg was removed.  [/home/fpga/worker_place/temp/temp/ec75427a9d204090903221376b5e0000/hdl/ddr3_controller.sv:1968]
WARNING: [Synth 8-6014] Unused sequential element initial_calibration_done_reg was removed.  [/home/fpga/worker_place/temp/temp/ec75427a9d204090903221376b5e0000/hdl/ddr3_controller.sv:2272]
WARNING: [Synth 8-6014] Unused sequential element wrong_data_reg was removed.  [/home/fpga/worker_place/temp/temp/ec75427a9d204090903221376b5e0000/hdl/ddr3_controller.sv:3470]
WARNING: [Synth 8-6014] Unused sequential element expected_data_reg was removed.  [/home/fpga/worker_place/temp/temp/ec75427a9d204090903221376b5e0000/hdl/ddr3_controller.sv:3471]
WARNING: [Synth 8-6014] Unused sequential element reset_after_rank_1_reg was removed.  [/home/fpga/worker_place/temp/temp/ec75427a9d204090903221376b5e0000/hdl/ddr3_controller.sv:2274]
WARNING: [Synth 8-6014] Unused sequential element refresh_counter_reg was removed.  [/home/fpga/worker_place/temp/temp/ec75427a9d204090903221376b5e0000/hdl/ddr3_top.sv:229]
WARNING: [Synth 8-3936] Found unconnected internal register 'p_temp_reg' and it is trimmed from '32' to '31' bits. [/home/fpga/worker_place/temp/temp/ec75427a9d204090903221376b5e0000/hdl/divider.sv:30]
WARNING: [Synth 8-6014] Unused sequential element clk_div_reg was removed.  [/home/fpga/worker_place/temp/temp/ec75427a9d204090903221376b5e0000/hdl/top_level.sv:425]
WARNING: [Synth 8-6014] Unused sequential element req_checksum_reg was removed.  [/home/fpga/worker_place/temp/temp/ec75427a9d204090903221376b5e0000/hdl/top_level.sv:1831]
WARNING: [Synth 8-6014] Unused sequential element resp_checksum_reg was removed.  [/home/fpga/worker_place/temp/temp/ec75427a9d204090903221376b5e0000/hdl/top_level.sv:1840]
WARNING: [Synth 8-6014] Unused sequential element ddr_req_from_sd_core_reg was removed.  [/home/fpga/worker_place/temp/temp/ec75427a9d204090903221376b5e0000/hdl/top_level.sv:1846]
WARNING: [Synth 8-6014] Unused sequential element ddr_req_from_imgload_core_reg was removed.  [/home/fpga/worker_place/temp/temp/ec75427a9d204090903221376b5e0000/hdl/top_level.sv:1847]
WARNING: [Synth 8-6014] Unused sequential element ddr_req_from_train_core_reg was removed.  [/home/fpga/worker_place/temp/temp/ec75427a9d204090903221376b5e0000/hdl/top_level.sv:1848]
WARNING: [Synth 8-6014] Unused sequential element ddr_req_wide_core_reg was removed.  [/home/fpga/worker_place/temp/temp/ec75427a9d204090903221376b5e0000/hdl/top_level.sv:1853]
WARNING: [Synth 8-6014] Unused sequential element ddr_req_wdata128_core_reg was removed.  [/home/fpga/worker_place/temp/temp/ec75427a9d204090903221376b5e0000/hdl/top_level.sv:1854]
WARNING: [Synth 8-6014] Unused sequential element ddr_req_sel16_core_reg was removed.  [/home/fpga/worker_place/temp/temp/ec75427a9d204090903221376b5e0000/hdl/top_level.sv:1855]
WARNING: [Synth 8-6014] Unused sequential element sd_header_done_reg was removed.  [/home/fpga/worker_place/temp/temp/ec75427a9d204090903221376b5e0000/hdl/top_level.sv:1894]
WARNING: [Synth 8-6014] Unused sequential element sd_file_total_bytes_reg was removed.  [/home/fpga/worker_place/temp/temp/ec75427a9d204090903221376b5e0000/hdl/top_level.sv:1895]
WARNING: [Synth 8-6014] Unused sequential element sd_file_bytes_seen_reg was removed.  [/home/fpga/worker_place/temp/temp/ec75427a9d204090903221376b5e0000/hdl/top_level.sv:1896]
WARNING: [Synth 8-6014] Unused sequential element sd_copy_raw1_mode_reg was removed.  [/home/fpga/worker_place/temp/temp/ec75427a9d204090903221376b5e0000/hdl/top_level.sv:1899]
WARNING: [Synth 8-6014] Unused sequential element raw_num_images_reg was removed.  [/home/fpga/worker_place/temp/temp/ec75427a9d204090903221376b5e0000/hdl/top_level.sv:1903]
WARNING: [Synth 8-6014] Unused sequential element raw_image0_capture_idx_reg was removed.  [/home/fpga/worker_place/temp/temp/ec75427a9d204090903221376b5e0000/hdl/top_level.sv:1905]
WARNING: [Synth 8-6014] Unused sequential element raw_image1_capture_idx_reg was removed.  [/home/fpga/worker_place/temp/temp/ec75427a9d204090903221376b5e0000/hdl/top_level.sv:1906]
WARNING: [Synth 8-6014] Unused sequential element batch_prefetch_img_byte_off_reg was removed.  [/home/fpga/worker_place/temp/temp/ec75427a9d204090903221376b5e0000/hdl/top_level.sv:1920]
WARNING: [Synth 8-6014] Unused sequential element train_winner_idx_reg was removed.  [/home/fpga/worker_place/temp/temp/ec75427a9d204090903221376b5e0000/hdl/top_level.sv:1940]
WARNING: [Synth 8-6014] Unused sequential element train_curr_pre_reg was removed.  [/home/fpga/worker_place/temp/temp/ec75427a9d204090903221376b5e0000/hdl/top_level.sv:1945]
WARNING: [Synth 8-6014] Unused sequential element train_trace_multi_post_active_reg was removed.  [/home/fpga/worker_place/temp/temp/ec75427a9d204090903221376b5e0000/hdl/top_level.sv:1953]
WARNING: [Synth 8-6014] Unused sequential element train_trace_post_scan_idx_reg was removed.  [/home/fpga/worker_place/temp/temp/ec75427a9d204090903221376b5e0000/hdl/top_level.sv:1954]
WARNING: [Synth 8-6014] Unused sequential element infer_trace_next_post_found_reg was removed.  [/home/fpga/worker_place/temp/temp/ec75427a9d204090903221376b5e0000/hdl/top_level.sv:1955]
WARNING: [Synth 8-6014] Unused sequential element infer_trace_next_post_idx_reg was removed.  [/home/fpga/worker_place/temp/temp/ec75427a9d204090903221376b5e0000/hdl/top_level.sv:1956]
WARNING: [Synth 8-6014] Unused sequential element train_chunk_pre_idx_reg was removed.  [/home/fpga/worker_place/temp/temp/ec75427a9d204090903221376b5e0000/hdl/top_level.sv:1981]
WARNING: [Synth 8-6014] Unused sequential element train_chunk_retry_curr_max_fr_reg was removed.  [/home/fpga/worker_place/temp/temp/ec75427a9d204090903221376b5e0000/hdl/top_level.sv:1992]
WARNING: [Synth 8-6014] Unused sequential element train_chunk_retry_accepted_max_fr_reg was removed.  [/home/fpga/worker_place/temp/temp/ec75427a9d204090903221376b5e0000/hdl/top_level.sv:1993]
WARNING: [Synth 8-6014] Unused sequential element train_rebase_input_idx_reg was removed.  [/home/fpga/worker_place/temp/temp/ec75427a9d204090903221376b5e0000/hdl/top_level.sv:1996]
WARNING: [Synth 8-6014] Unused sequential element train_rebase_accum_reg was removed.  [/home/fpga/worker_place/temp/temp/ec75427a9d204090903221376b5e0000/hdl/top_level.sv:1999]
WARNING: [Synth 8-6014] Unused sequential element batch_img_byte_off_reg was removed.  [/home/fpga/worker_place/temp/temp/ec75427a9d204090903221376b5e0000/hdl/top_level.sv:2044]
WARNING: [Synth 8-6014] Unused sequential element batch_img_sectors_needed_reg was removed.  [/home/fpga/worker_place/temp/temp/ec75427a9d204090903221376b5e0000/hdl/top_level.sv:2047]
WARNING: [Synth 8-6014] Unused sequential element batch_infer_eval_spike_q_reg was removed.  [/home/fpga/worker_place/temp/temp/ec75427a9d204090903221376b5e0000/hdl/top_level.sv:2062]
WARNING: [Synth 8-6014] Unused sequential element batch_infer_eval_assign_q_reg was removed.  [/home/fpga/worker_place/temp/temp/ec75427a9d204090903221376b5e0000/hdl/top_level.sv:2063]
WARNING: [Synth 8-6014] Unused sequential element batch_infer_eval_pred_label_reg was removed.  [/home/fpga/worker_place/temp/temp/ec75427a9d204090903221376b5e0000/hdl/top_level.sv:2064]
WARNING: [Synth 8-6014] Unused sequential element infer_evt_w_next_q16_reg was removed.  [/home/fpga/worker_place/temp/temp/ec75427a9d204090903221376b5e0000/hdl/top_level.sv:2126]
WARNING: [Synth 8-6014] Unused sequential element infer_skip_init_clear_reg was removed.  [/home/fpga/worker_place/temp/temp/ec75427a9d204090903221376b5e0000/hdl/top_level.sv:2139]
WARNING: [Synth 8-6014] Unused sequential element next_img_byte_off_tmp_reg was removed.  [/home/fpga/worker_place/temp/temp/ec75427a9d204090903221376b5e0000/hdl/top_level.sv:2334]
WARNING: [Synth 8-6014] Unused sequential element next_img_byte_in_sector_tmp_reg was removed.  [/home/fpga/worker_place/temp/temp/ec75427a9d204090903221376b5e0000/hdl/top_level.sv:2335]
WARNING: [Synth 8-6014] Unused sequential element next_img_sector_carry_tmp_reg was removed.  [/home/fpga/worker_place/temp/temp/ec75427a9d204090903221376b5e0000/hdl/top_level.sv:2337]
WARNING: [Synth 8-6014] Unused sequential element next_img_byte_in_sector_norm_tmp_reg was removed.  [/home/fpga/worker_place/temp/temp/ec75427a9d204090903221376b5e0000/hdl/top_level.sv:2338]
WARNING: [Synth 8-6014] Unused sequential element next_img_sector_off_tmp_reg was removed.  [/home/fpga/worker_place/temp/temp/ec75427a9d204090903221376b5e0000/hdl/top_level.sv:2346]
WARNING: [Synth 8-6014] Unused sequential element next_img_sectors_needed_tmp_reg was removed.  [/home/fpga/worker_place/temp/temp/ec75427a9d204090903221376b5e0000/hdl/top_level.sv:2347]
WARNING: [Synth 8-6014] Unused sequential element words_this_req_reg was removed.  [/home/fpga/worker_place/temp/temp/ec75427a9d204090903221376b5e0000/hdl/top_level.sv:2764]
WARNING: [Synth 8-6014] Unused sequential element imgload_curr_byte_reg was removed.  [/home/fpga/worker_place/temp/temp/ec75427a9d204090903221376b5e0000/hdl/top_level.sv:2787]
WARNING: [Synth 8-6014] Unused sequential element denom_q16_tmp_reg was removed.  [/home/fpga/worker_place/temp/temp/ec75427a9d204090903221376b5e0000/hdl/top_level.sv:3087]
WARNING: [Synth 8-6014] Unused sequential element norm_num_tmp_reg was removed.  [/home/fpga/worker_place/temp/temp/ec75427a9d204090903221376b5e0000/hdl/top_level.sv:3088]
WARNING: [Synth 8-6014] Unused sequential element dW_step_q16_tmp_reg was removed.  [/home/fpga/worker_place/temp/temp/ec75427a9d204090903221376b5e0000/hdl/top_level.sv:3208]
WARNING: [Synth 8-6014] Unused sequential element dW_clip_q16_tmp_reg was removed.  [/home/fpga/worker_place/temp/temp/ec75427a9d204090903221376b5e0000/hdl/top_level.sv:3218]
WARNING: [Synth 8-6014] Unused sequential element w_next_q16_tmp_reg was removed.  [/home/fpga/worker_place/temp/temp/ec75427a9d204090903221376b5e0000/hdl/top_level.sv:3228]
WARNING: [Synth 8-6014] Unused sequential element infer_g_in_state_reg was removed. 
WARNING: [Synth 8-6014] Unused sequential element next_img_byte_off_tmp_reg was removed.  [/home/fpga/worker_place/temp/temp/ec75427a9d204090903221376b5e0000/hdl/top_level.sv:3724]
WARNING: [Synth 8-6014] Unused sequential element next_img_byte_in_sector_tmp_reg was removed.  [/home/fpga/worker_place/temp/temp/ec75427a9d204090903221376b5e0000/hdl/top_level.sv:3725]
WARNING: [Synth 8-6014] Unused sequential element next_img_sector_carry_tmp_reg was removed.  [/home/fpga/worker_place/temp/temp/ec75427a9d204090903221376b5e0000/hdl/top_level.sv:3727]
WARNING: [Synth 8-6014] Unused sequential element next_img_byte_in_sector_norm_tmp_reg was removed.  [/home/fpga/worker_place/temp/temp/ec75427a9d204090903221376b5e0000/hdl/top_level.sv:3728]
WARNING: [Synth 8-6014] Unused sequential element next_img_sector_off_tmp_reg was removed.  [/home/fpga/worker_place/temp/temp/ec75427a9d204090903221376b5e0000/hdl/top_level.sv:3736]
WARNING: [Synth 8-6014] Unused sequential element next_img_sectors_needed_tmp_reg was removed.  [/home/fpga/worker_place/temp/temp/ec75427a9d204090903221376b5e0000/hdl/top_level.sv:3737]
WARNING: [Synth 8-6014] Unused sequential element next_img_byte_off_tmp_reg was removed.  [/home/fpga/worker_place/temp/temp/ec75427a9d204090903221376b5e0000/hdl/top_level.sv:3953]
WARNING: [Synth 8-6014] Unused sequential element next_img_byte_in_sector_tmp_reg was removed.  [/home/fpga/worker_place/temp/temp/ec75427a9d204090903221376b5e0000/hdl/top_level.sv:3954]
WARNING: [Synth 8-6014] Unused sequential element next_img_sector_carry_tmp_reg was removed.  [/home/fpga/worker_place/temp/temp/ec75427a9d204090903221376b5e0000/hdl/top_level.sv:3956]
WARNING: [Synth 8-6014] Unused sequential element next_img_byte_in_sector_norm_tmp_reg was removed.  [/home/fpga/worker_place/temp/temp/ec75427a9d204090903221376b5e0000/hdl/top_level.sv:3957]
WARNING: [Synth 8-6014] Unused sequential element next_img_sector_off_tmp_reg was removed.  [/home/fpga/worker_place/temp/temp/ec75427a9d204090903221376b5e0000/hdl/top_level.sv:3965]
WARNING: [Synth 8-6014] Unused sequential element next_img_sectors_needed_tmp_reg was removed.  [/home/fpga/worker_place/temp/temp/ec75427a9d204090903221376b5e0000/hdl/top_level.sv:3966]
WARNING: [Synth 8-6014] Unused sequential element batch_start_byte_off_tmp_reg was removed.  [/home/fpga/worker_place/temp/temp/ec75427a9d204090903221376b5e0000/hdl/top_level.sv:4426]
WARNING: [Synth 8-6014] Unused sequential element batch_start_sector_off_tmp_reg was removed.  [/home/fpga/worker_place/temp/temp/ec75427a9d204090903221376b5e0000/hdl/top_level.sv:4427]
WARNING: [Synth 8-6014] Unused sequential element batch_start_byte_in_sector_tmp_reg was removed.  [/home/fpga/worker_place/temp/temp/ec75427a9d204090903221376b5e0000/hdl/top_level.sv:4428]
WARNING: [Synth 8-6014] Unused sequential element batch_start_sectors_needed_tmp_reg was removed.  [/home/fpga/worker_place/temp/temp/ec75427a9d204090903221376b5e0000/hdl/top_level.sv:4429]
WARNING: [Synth 8-6014] Unused sequential element batch_cache_total_bytes_tmp_reg was removed.  [/home/fpga/worker_place/temp/temp/ec75427a9d204090903221376b5e0000/hdl/top_level.sv:4430]
WARNING: [Synth 8-6014] Unused sequential element batch_cache_total_sectors_tmp_reg was removed.  [/home/fpga/worker_place/temp/temp/ec75427a9d204090903221376b5e0000/hdl/top_level.sv:4431]
WARNING: [Synth 8-6014] Unused sequential element batch_cache_total_words_tmp_reg was removed.  [/home/fpga/worker_place/temp/temp/ec75427a9d204090903221376b5e0000/hdl/top_level.sv:4432]
WARNING: [Synth 8-6014] Unused sequential element infer_c_exc_state_reg was removed. 
WARNING: [Synth 8-6014] Unused sequential element spike_in_now_reg was removed.  [/home/fpga/worker_place/temp/temp/ec75427a9d204090903221376b5e0000/hdl/top_level.sv:4894]
WARNING: [Synth 8-6014] Unused sequential element g_in_state_next_reg was removed.  [/home/fpga/worker_place/temp/temp/ec75427a9d204090903221376b5e0000/hdl/top_level.sv:5024]
WARNING: [Synth 8-6014] Unused sequential element exc_refractory_ok_reg was removed.  [/home/fpga/worker_place/temp/temp/ec75427a9d204090903221376b5e0000/hdl/top_level.sv:5070]
WARNING: [Synth 8-6014] Unused sequential element exc_drive_dt_reg was removed.  [/home/fpga/worker_place/temp/temp/ec75427a9d204090903221376b5e0000/hdl/top_level.sv:5071]
WARNING: [Synth 8-6014] Unused sequential element inh_drive_dt_reg was removed.  [/home/fpga/worker_place/temp/temp/ec75427a9d204090903221376b5e0000/hdl/top_level.sv:5072]
WARNING: [Synth 8-6014] Unused sequential element leak_dt_reg was removed.  [/home/fpga/worker_place/temp/temp/ec75427a9d204090903221376b5e0000/hdl/top_level.sv:5073]
WARNING: [Synth 8-6014] Unused sequential element dv_exc_step_reg was removed.  [/home/fpga/worker_place/temp/temp/ec75427a9d204090903221376b5e0000/hdl/top_level.sv:5105]
WARNING: [Synth 8-6014] Unused sequential element infer_eval_dv_exc_step_reg was removed.  [/home/fpga/worker_place/temp/temp/ec75427a9d204090903221376b5e0000/hdl/top_level.sv:5106]
WARNING: [Synth 8-6014] Unused sequential element v_prop_reg was removed.  [/home/fpga/worker_place/temp/temp/ec75427a9d204090903221376b5e0000/hdl/top_level.sv:5107]
WARNING: [Synth 8-6014] Unused sequential element v_next_reg was removed.  [/home/fpga/worker_place/temp/temp/ec75427a9d204090903221376b5e0000/hdl/top_level.sv:5108]
WARNING: [Synth 8-6014] Unused sequential element theta_next_reg was removed.  [/home/fpga/worker_place/temp/temp/ec75427a9d204090903221376b5e0000/hdl/top_level.sv:5136]
WARNING: [Synth 8-6014] Unused sequential element c_exc_next_reg was removed.  [/home/fpga/worker_place/temp/temp/ec75427a9d204090903221376b5e0000/hdl/top_level.sv:5213]
WARNING: [Synth 8-6014] Unused sequential element g_exc_new_reg was removed.  [/home/fpga/worker_place/temp/temp/ec75427a9d204090903221376b5e0000/hdl/top_level.sv:5215]
WARNING: [Synth 8-6014] Unused sequential element delayed_g_exc_reg was removed.  [/home/fpga/worker_place/temp/temp/ec75427a9d204090903221376b5e0000/hdl/top_level.sv:5216]
WARNING: [Synth 8-6014] Unused sequential element v_inh_next_reg was removed.  [/home/fpga/worker_place/temp/temp/ec75427a9d204090903221376b5e0000/hdl/top_level.sv:5289]
WARNING: [Synth 8-6014] Unused sequential element s_inh_now_reg was removed.  [/home/fpga/worker_place/temp/temp/ec75427a9d204090903221376b5e0000/hdl/top_level.sv:5290]
WARNING: [Synth 8-6014] Unused sequential element c_inh_next_reg was removed.  [/home/fpga/worker_place/temp/temp/ec75427a9d204090903221376b5e0000/hdl/top_level.sv:5293]
WARNING: [Synth 8-6014] Unused sequential element diff_c_inh_reg was removed.  [/home/fpga/worker_place/temp/temp/ec75427a9d204090903221376b5e0000/hdl/top_level.sv:5325]
WARNING: [Synth 8-6014] Unused sequential element run_online_trace_now_reg was removed.  [/home/fpga/worker_place/temp/temp/ec75427a9d204090903221376b5e0000/hdl/top_level.sv:5336]
WARNING: [Synth 8-6014] Unused sequential element step_last_now_reg was removed.  [/home/fpga/worker_place/temp/temp/ec75427a9d204090903221376b5e0000/hdl/top_level.sv:5339]
WARNING: [Synth 8-6014] Unused sequential element run_online_trace_now_reg was removed.  [/home/fpga/worker_place/temp/temp/ec75427a9d204090903221376b5e0000/hdl/top_level.sv:5347]
WARNING: [Synth 8-6014] Unused sequential element step_last_now_reg was removed.  [/home/fpga/worker_place/temp/temp/ec75427a9d204090903221376b5e0000/hdl/top_level.sv:5350]
WARNING: [Synth 8-6014] Unused sequential element dW_q16_reg was removed.  [/home/fpga/worker_place/temp/temp/ec75427a9d204090903221376b5e0000/hdl/top_level.sv:5507]
WARNING: [Synth 8-6014] Unused sequential element w_next_q16_reg was removed.  [/home/fpga/worker_place/temp/temp/ec75427a9d204090903221376b5e0000/hdl/top_level.sv:5518]
WARNING: [Synth 8-6014] Unused sequential element dW_q16_reg was removed.  [/home/fpga/worker_place/temp/temp/ec75427a9d204090903221376b5e0000/hdl/top_level.sv:5618]
WARNING: [Synth 8-6014] Unused sequential element w_next_q16_reg was removed.  [/home/fpga/worker_place/temp/temp/ec75427a9d204090903221376b5e0000/hdl/top_level.sv:5629]
WARNING: [Synth 8-6014] Unused sequential element next_img_byte_off_tmp_reg was removed.  [/home/fpga/worker_place/temp/temp/ec75427a9d204090903221376b5e0000/hdl/top_level.sv:5835]
WARNING: [Synth 8-6014] Unused sequential element next_img_byte_in_sector_tmp_reg was removed.  [/home/fpga/worker_place/temp/temp/ec75427a9d204090903221376b5e0000/hdl/top_level.sv:5836]
WARNING: [Synth 8-6014] Unused sequential element next_img_sector_carry_tmp_reg was removed.  [/home/fpga/worker_place/temp/temp/ec75427a9d204090903221376b5e0000/hdl/top_level.sv:5838]
WARNING: [Synth 8-6014] Unused sequential element next_img_byte_in_sector_norm_tmp_reg was removed.  [/home/fpga/worker_place/temp/temp/ec75427a9d204090903221376b5e0000/hdl/top_level.sv:5839]
WARNING: [Synth 8-6014] Unused sequential element next_img_sector_off_tmp_reg was removed.  [/home/fpga/worker_place/temp/temp/ec75427a9d204090903221376b5e0000/hdl/top_level.sv:5847]
WARNING: [Synth 8-6014] Unused sequential element next_img_sectors_needed_tmp_reg was removed.  [/home/fpga/worker_place/temp/temp/ec75427a9d204090903221376b5e0000/hdl/top_level.sv:5848]
WARNING: [Synth 8-3936] Found unconnected internal register 'batch_label_rd_data_reg' and it is trimmed from '8' to '4' bits. [/home/fpga/worker_place/temp/temp/ec75427a9d204090903221376b5e0000/hdl/top_level.sv:1043]
WARNING: [Synth 8-3917] design top_level has port SD_DQ1 driven by constant 1
WARNING: [Synth 8-3917] design top_level has port SD_DQ2 driven by constant 1
WARNING: [Synth 8-3917] design top_level has port led[13] driven by constant 0
WARNING: [Synth 8-3917] design top_level has port led[12] driven by constant 0
WARNING: [Synth 8-3917] design top_level has port led[11] driven by constant 0
WARNING: [Synth 8-3917] design top_level has port led[10] driven by constant 0
WARNING: [Synth 8-3917] design top_level has port led[9] driven by constant 0
WARNING: [Synth 8-3917] design top_level has port led[8] driven by constant 0
WARNING: [Synth 8-3917] design top_level has port led[7] driven by constant 0
WARNING: [Synth 8-3917] design top_level has port led[6] driven by constant 0
WARNING: [Synth 8-3917] design top_level has port led[5] driven by constant 0
WARNING: [Synth 8-3917] design top_level has port led[4] driven by constant 0
WARNING: [Synth 8-3917] design top_level has port led[3] driven by constant 0
WARNING: [Synth 8-3917] design top_level has port led[2] driven by constant 0
WARNING: [Synth 8-3917] design top_level has port led[1] driven by constant 0
WARNING: [Synth 8-3917] design top_level has port led[0] driven by constant 0
WARNING: [Synth 8-3917] design top_level has port rgb0[1] driven by constant 0
WARNING: [Synth 8-3917] design top_level has port rgb1[2] driven by constant 0
WARNING: [Synth 8-3917] design top_level has port rgb1[1] driven by constant 0
WARNING: [Synth 8-3917] design top_level has port rgb1[0] driven by constant 0
WARNING: [Synth 8-3917] design top_level has port pmoda[1] driven by constant 0
WARNING: [Synth 8-7129] Port i_controller_odelay_data_cntvaluein[4] in module ddr3_phy is either unconnected or has no load
WARNING: [Synth 8-7129] Port i_controller_odelay_data_cntvaluein[3] in module ddr3_phy is either unconnected or has no load
WARNING: [Synth 8-7129] Port i_controller_odelay_data_cntvaluein[2] in module ddr3_phy is either unconnected or has no load
WARNING: [Synth 8-7129] Port i_controller_odelay_data_cntvaluein[1] in module ddr3_phy is either unconnected or has no load
WARNING: [Synth 8-7129] Port i_controller_odelay_data_cntvaluein[0] in module ddr3_phy is either unconnected or has no load
WARNING: [Synth 8-7129] Port i_controller_odelay_dqs_cntvaluein[4] in module ddr3_phy is either unconnected or has no load
WARNING: [Synth 8-7129] Port i_controller_odelay_dqs_cntvaluein[3] in module ddr3_phy is either unconnected or has no load
WARNING: [Synth 8-7129] Port i_controller_odelay_dqs_cntvaluein[2] in module ddr3_phy is either unconnected or has no load
WARNING: [Synth 8-7129] Port i_controller_odelay_dqs_cntvaluein[1] in module ddr3_phy is either unconnected or has no load
WARNING: [Synth 8-7129] Port i_controller_odelay_dqs_cntvaluein[0] in module ddr3_phy is either unconnected or has no load
WARNING: [Synth 8-7129] Port i_controller_odelay_data_ld[1] in module ddr3_phy is either unconnected or has no load
WARNING: [Synth 8-7129] Port i_controller_odelay_data_ld[0] in module ddr3_phy is either unconnected or has no load
WARNING: [Synth 8-7129] Port i_controller_odelay_dqs_ld[1] in module ddr3_phy is either unconnected or has no load
WARNING: [Synth 8-7129] Port i_controller_odelay_dqs_ld[0] in module ddr3_phy is either unconnected or has no load
WARNING: [Synth 8-7129] Port i_wb2_cyc in module ddr3_controller is either unconnected or has no load
WARNING: [Synth 8-7129] Port i_wb2_stb in module ddr3_controller is either unconnected or has no load
WARNING: [Synth 8-7129] Port i_wb2_we in module ddr3_controller is either unconnected or has no load
WARNING: [Synth 8-7129] Port i_wb2_addr[31] in module ddr3_controller is either unconnected or has no load
WARNING: [Synth 8-7129] Port i_wb2_addr[30] in module ddr3_controller is either unconnected or has no load
WARNING: [Synth 8-7129] Port i_wb2_addr[29] in module ddr3_controller is either unconnected or has no load
WARNING: [Synth 8-7129] Port i_wb2_addr[28] in module ddr3_controller is either unconnected or has no load
WARNING: [Synth 8-7129] Port i_wb2_addr[27] in module ddr3_controller is either unconnected or has no load
WARNING: [Synth 8-7129] Port i_wb2_addr[26] in module ddr3_controller is either unconnected or has no load
WARNING: [Synth 8-7129] Port i_wb2_addr[25] in module ddr3_controller is either unconnected or has no load
WARNING: [Synth 8-7129] Port i_wb2_addr[24] in module ddr3_controller is either unconnected or has no load
WARNING: [Synth 8-7129] Port i_wb2_addr[23] in module ddr3_controller is either unconnected or has no load
WARNING: [Synth 8-7129] Port i_wb2_addr[22] in module ddr3_controller is either unconnected or has no load
WARNING: [Synth 8-7129] Port i_wb2_addr[21] in module ddr3_controller is either unconnected or has no load
WARNING: [Synth 8-7129] Port i_wb2_addr[20] in module ddr3_controller is either unconnected or has no load
WARNING: [Synth 8-7129] Port i_wb2_addr[19] in module ddr3_controller is either unconnected or has no load
WARNING: [Synth 8-7129] Port i_wb2_addr[18] in module ddr3_controller is either unconnected or has no load
WARNING: [Synth 8-7129] Port i_wb2_addr[17] in module ddr3_controller is either unconnected or has no load
WARNING: [Synth 8-7129] Port i_wb2_addr[16] in module ddr3_controller is either unconnected or has no load
WARNING: [Synth 8-7129] Port i_wb2_addr[15] in module ddr3_controller is either unconnected or has no load
WARNING: [Synth 8-7129] Port i_wb2_addr[14] in module ddr3_controller is either unconnected or has no load
WARNING: [Synth 8-7129] Port i_wb2_addr[13] in module ddr3_controller is either unconnected or has no load
WARNING: [Synth 8-7129] Port i_wb2_addr[12] in module ddr3_controller is either unconnected or has no load
WARNING: [Synth 8-7129] Port i_wb2_addr[11] in module ddr3_controller is either unconnected or has no load
WARNING: [Synth 8-7129] Port i_wb2_addr[10] in module ddr3_controller is either unconnected or has no load
WARNING: [Synth 8-7129] Port i_wb2_addr[9] in module ddr3_controller is either unconnected or has no load
WARNING: [Synth 8-7129] Port i_wb2_addr[8] in module ddr3_controller is either unconnected or has no load
WARNING: [Synth 8-7129] Port i_wb2_addr[7] in module ddr3_controller is either unconnected or has no load
WARNING: [Synth 8-7129] Port i_wb2_addr[6] in module ddr3_controller is either unconnected or has no load
WARNING: [Synth 8-7129] Port i_wb2_addr[5] in module ddr3_controller is either unconnected or has no load
WARNING: [Synth 8-7129] Port i_wb2_addr[4] in module ddr3_controller is either unconnected or has no load
WARNING: [Synth 8-7129] Port i_wb2_addr[3] in module ddr3_controller is either unconnected or has no load
WARNING: [Synth 8-7129] Port i_wb2_addr[2] in module ddr3_controller is either unconnected or has no load
WARNING: [Synth 8-7129] Port i_wb2_addr[1] in module ddr3_controller is either unconnected or has no load
WARNING: [Synth 8-7129] Port i_wb2_addr[0] in module ddr3_controller is either unconnected or has no load
WARNING: [Synth 8-7129] Port i_wb2_sel[3] in module ddr3_controller is either unconnected or has no load
WARNING: [Synth 8-7129] Port i_wb2_sel[2] in module ddr3_controller is either unconnected or has no load
WARNING: [Synth 8-7129] Port i_wb2_sel[1] in module ddr3_controller is either unconnected or has no load
WARNING: [Synth 8-7129] Port i_wb2_sel[0] in module ddr3_controller is either unconnected or has no load
WARNING: [Synth 8-7129] Port i_wb2_data[31] in module ddr3_controller is either unconnected or has no load
WARNING: [Synth 8-7129] Port i_wb2_data[30] in module ddr3_controller is either unconnected or has no load
WARNING: [Synth 8-7129] Port i_wb2_data[29] in module ddr3_controller is either unconnected or has no load
WARNING: [Synth 8-7129] Port i_wb2_data[28] in module ddr3_controller is either unconnected or has no load
WARNING: [Synth 8-7129] Port i_wb2_data[27] in module ddr3_controller is either unconnected or has no load
WARNING: [Synth 8-7129] Port i_wb2_data[26] in module ddr3_controller is either unconnected or has no load
WARNING: [Synth 8-7129] Port i_wb2_data[25] in module ddr3_controller is either unconnected or has no load
WARNING: [Synth 8-7129] Port i_wb2_data[24] in module ddr3_controller is either unconnected or has no load
WARNING: [Synth 8-7129] Port i_wb2_data[23] in module ddr3_controller is either unconnected or has no load
WARNING: [Synth 8-7129] Port i_wb2_data[22] in module ddr3_controller is either unconnected or has no load
WARNING: [Synth 8-7129] Port i_wb2_data[21] in module ddr3_controller is either unconnected or has no load
WARNING: [Synth 8-7129] Port i_wb2_data[20] in module ddr3_controller is either unconnected or has no load
WARNING: [Synth 8-7129] Port i_wb2_data[19] in module ddr3_controller is either unconnected or has no load
WARNING: [Synth 8-7129] Port i_wb2_data[18] in module ddr3_controller is either unconnected or has no load
WARNING: [Synth 8-7129] Port i_wb2_data[17] in module ddr3_controller is either unconnected or has no load
WARNING: [Synth 8-7129] Port i_wb2_data[16] in module ddr3_controller is either unconnected or has no load
WARNING: [Synth 8-7129] Port i_wb2_data[15] in module ddr3_controller is either unconnected or has no load
WARNING: [Synth 8-7129] Port i_wb2_data[14] in module ddr3_controller is either unconnected or has no load
WARNING: [Synth 8-7129] Port i_wb2_data[13] in module ddr3_controller is either unconnected or has no load
WARNING: [Synth 8-7129] Port i_wb2_data[12] in module ddr3_controller is either unconnected or has no load
WARNING: [Synth 8-7129] Port i_wb2_data[11] in module ddr3_controller is either unconnected or has no load
WARNING: [Synth 8-7129] Port i_wb2_data[10] in module ddr3_controller is either unconnected or has no load
WARNING: [Synth 8-7129] Port i_wb2_data[9] in module ddr3_controller is either unconnected or has no load
WARNING: [Synth 8-7129] Port i_wb2_data[8] in module ddr3_controller is either unconnected or has no load
WARNING: [Synth 8-7129] Port i_wb2_data[7] in module ddr3_controller is either unconnected or has no load
WARNING: [Synth 8-7129] Port i_wb2_data[6] in module ddr3_controller is either unconnected or has no load
WARNING: [Synth 8-7129] Port i_wb2_data[5] in module ddr3_controller is either unconnected or has no load
WARNING: [Synth 8-7129] Port i_wb2_data[4] in module ddr3_controller is either unconnected or has no load
WARNING: [Synth 8-7129] Port i_wb2_data[3] in module ddr3_controller is either unconnected or has no load
WARNING: [Synth 8-7129] Port i_wb2_data[2] in module ddr3_controller is either unconnected or has no load
WARNING: [Synth 8-7129] Port i_wb2_data[1] in module ddr3_controller is either unconnected or has no load
WARNING: [Synth 8-7129] Port i_wb2_data[0] in module ddr3_controller is either unconnected or has no load
WARNING: [Synth 8-7129] Port sleep in module xpm_memory_base__parameterized7 is either unconnected or has no load
WARNING: [Synth 8-7129] Port regcea in module xpm_memory_base__parameterized7 is either unconnected or has no load
WARNING: [Synth 8-7129] Port wea[0] in module xpm_memory_base__parameterized7 is either unconnected or has no load
WARNING: [Synth 8-7129] Port dina[13] in module xpm_memory_base__parameterized7 is either unconnected or has no load
WARNING: [Synth 8-7129] Port dina[12] in module xpm_memory_base__parameterized7 is either unconnected or has no load
WARNING: [Synth 8-7129] Port dina[11] in module xpm_memory_base__parameterized7 is either unconnected or has no load
WARNING: [Synth 8-7129] Port dina[10] in module xpm_memory_base__parameterized7 is either unconnected or has no load
WARNING: [Synth 8-7129] Port dina[9] in module xpm_memory_base__parameterized7 is either unconnected or has no load
WARNING: [Synth 8-7129] Port dina[8] in module xpm_memory_base__parameterized7 is either unconnected or has no load
WARNING: [Synth 8-7129] Port dina[7] in module xpm_memory_base__parameterized7 is either unconnected or has no load
WARNING: [Synth 8-7129] Port dina[6] in module xpm_memory_base__parameterized7 is either unconnected or has no load
WARNING: [Synth 8-7129] Port dina[5] in module xpm_memory_base__parameterized7 is either unconnected or has no load
WARNING: [Synth 8-7129] Port dina[4] in module xpm_memory_base__parameterized7 is either unconnected or has no load
WARNING: [Synth 8-7129] Port dina[3] in module xpm_memory_base__parameterized7 is either unconnected or has no load
WARNING: [Synth 8-7129] Port dina[2] in module xpm_memory_base__parameterized7 is either unconnected or has no load
WARNING: [Synth 8-7129] Port dina[1] in module xpm_memory_base__parameterized7 is either unconnected or has no load
WARNING: [Synth 8-7129] Port dina[0] in module xpm_memory_base__parameterized7 is either unconnected or has no load
WARNING: [Synth 8-7129] Port injectsbiterra in module xpm_memory_base__parameterized7 is either unconnected or has no load
WARNING: [Synth 8-7129] Port injectdbiterra in module xpm_memory_base__parameterized7 is either unconnected or has no load
WARNING: [Synth 8-7129] Port clkb in module xpm_memory_base__parameterized7 is either unconnected or has no load
WARNING: [Synth 8-7129] Port rstb in module xpm_memory_base__parameterized7 is either unconnected or has no load
WARNING: [Synth 8-7129] Port enb in module xpm_memory_base__parameterized7 is either unconnected or has no load
WARNING: [Synth 8-7129] Port regceb in module xpm_memory_base__parameterized7 is either unconnected or has no load
WARNING: [Synth 8-7129] Port web[0] in module xpm_memory_base__parameterized7 is either unconnected or has no load
WARNING: [Synth 8-7129] Port addrb[13] in module xpm_memory_base__parameterized7 is either unconnected or has no load
WARNING: [Synth 8-7129] Port addrb[12] in module xpm_memory_base__parameterized7 is either unconnected or has no load
WARNING: [Synth 8-7129] Port addrb[11] in module xpm_memory_base__parameterized7 is either unconnected or has no load
WARNING: [Synth 8-7129] Port addrb[10] in module xpm_memory_base__parameterized7 is either unconnected or has no load
WARNING: [Synth 8-7129] Port addrb[9] in module xpm_memory_base__parameterized7 is either unconnected or has no load
WARNING: [Synth 8-7129] Port addrb[8] in module xpm_memory_base__parameterized7 is either unconnected or has no load
WARNING: [Synth 8-7129] Port addrb[7] in module xpm_memory_base__parameterized7 is either unconnected or has no load
WARNING: [Synth 8-7129] Port addrb[6] in module xpm_memory_base__parameterized7 is either unconnected or has no load
WARNING: [Synth 8-7129] Port addrb[5] in module xpm_memory_base__parameterized7 is either unconnected or has no load
WARNING: [Synth 8-7129] Port addrb[4] in module xpm_memory_base__parameterized7 is either unconnected or has no load
WARNING: [Synth 8-7129] Port addrb[3] in module xpm_memory_base__parameterized7 is either unconnected or has no load
WARNING: [Synth 8-7129] Port addrb[2] in module xpm_memory_base__parameterized7 is either unconnected or has no load
WARNING: [Synth 8-7129] Port addrb[1] in module xpm_memory_base__parameterized7 is either unconnected or has no load
WARNING: [Synth 8-7129] Port addrb[0] in module xpm_memory_base__parameterized7 is either unconnected or has no load
WARNING: [Synth 8-7129] Port dinb[13] in module xpm_memory_base__parameterized7 is either unconnected or has no load
WARNING: [Synth 8-7129] Port dinb[12] in module xpm_memory_base__parameterized7 is either unconnected or has no load
WARNING: [Synth 8-7129] Port dinb[11] in module xpm_memory_base__parameterized7 is either unconnected or has no load
WARNING: [Synth 8-7129] Port dinb[10] in module xpm_memory_base__parameterized7 is either unconnected or has no load
WARNING: [Synth 8-7129] Port dinb[9] in module xpm_memory_base__parameterized7 is either unconnected or has no load
WARNING: [Synth 8-7129] Port dinb[8] in module xpm_memory_base__parameterized7 is either unconnected or has no load
WARNING: [Synth 8-7129] Port dinb[7] in module xpm_memory_base__parameterized7 is either unconnected or has no load
WARNING: [Synth 8-7129] Port dinb[6] in module xpm_memory_base__parameterized7 is either unconnected or has no load
WARNING: [Synth 8-7129] Port dinb[5] in module xpm_memory_base__parameterized7 is either unconnected or has no load
WARNING: [Synth 8-7129] Port dinb[4] in module xpm_memory_base__parameterized7 is either unconnected or has no load
WARNING: [Synth 8-7129] Port dinb[3] in module xpm_memory_base__parameterized7 is either unconnected or has no load
WARNING: [Synth 8-7129] Port dinb[2] in module xpm_memory_base__parameterized7 is either unconnected or has no load
WARNING: [Synth 8-7129] Port dinb[1] in module xpm_memory_base__parameterized7 is either unconnected or has no load
WARNING: [Synth 8-7129] Port dinb[0] in module xpm_memory_base__parameterized7 is either unconnected or has no load
WARNING: [Synth 8-7129] Port injectsbiterrb in module xpm_memory_base__parameterized7 is either unconnected or has no load
WARNING: [Synth 8-7129] Port injectdbiterrb in module xpm_memory_base__parameterized7 is either unconnected or has no load
WARNING: [Synth 8-7129] Port sleep in module xpm_memory_base__parameterized6 is either unconnected or has no load
WARNING: [Synth 8-7129] Port regcea in module xpm_memory_base__parameterized6 is either unconnected or has no load
WARNING: [Synth 8-7129] Port wea[0] in module xpm_memory_base__parameterized6 is either unconnected or has no load
WARNING: [Synth 8-7129] Port dina[5] in module xpm_memory_base__parameterized6 is either unconnected or has no load
WARNING: [Synth 8-7129] Port dina[4] in module xpm_memory_base__parameterized6 is either unconnected or has no load
WARNING: [Synth 8-7129] Port dina[3] in module xpm_memory_base__parameterized6 is either unconnected or has no load
WARNING: [Synth 8-7129] Port dina[2] in module xpm_memory_base__parameterized6 is either unconnected or has no load
WARNING: [Synth 8-7129] Port dina[1] in module xpm_memory_base__parameterized6 is either unconnected or has no load
WARNING: [Synth 8-7129] Port dina[0] in module xpm_memory_base__parameterized6 is either unconnected or has no load
WARNING: [Synth 8-7129] Port injectsbiterra in module xpm_memory_base__parameterized6 is either unconnected or has no load
WARNING: [Synth 8-7129] Port injectdbiterra in module xpm_memory_base__parameterized6 is either unconnected or has no load
WARNING: [Synth 8-7129] Port clkb in module xpm_memory_base__parameterized6 is either unconnected or has no load
WARNING: [Synth 8-7129] Port rstb in module xpm_memory_base__parameterized6 is either unconnected or has no load
WARNING: [Synth 8-7129] Port enb in module xpm_memory_base__parameterized6 is either unconnected or has no load
WARNING: [Synth 8-7129] Port regceb in module xpm_memory_base__parameterized6 is either unconnected or has no load
WARNING: [Synth 8-7129] Port web[0] in module xpm_memory_base__parameterized6 is either unconnected or has no load
WARNING: [Synth 8-7129] Port addrb[13] in module xpm_memory_base__parameterized6 is either unconnected or has no load
WARNING: [Synth 8-7129] Port addrb[12] in module xpm_memory_base__parameterized6 is either unconnected or has no load
WARNING: [Synth 8-7129] Port addrb[11] in module xpm_memory_base__parameterized6 is either unconnected or has no load
WARNING: [Synth 8-7129] Port addrb[10] in module xpm_memory_base__parameterized6 is either unconnected or has no load
WARNING: [Synth 8-7129] Port addrb[9] in module xpm_memory_base__parameterized6 is either unconnected or has no load
WARNING: [Synth 8-7129] Port addrb[8] in module xpm_memory_base__parameterized6 is either unconnected or has no load
WARNING: [Synth 8-7129] Port addrb[7] in module xpm_memory_base__parameterized6 is either unconnected or has no load
WARNING: [Synth 8-7129] Port addrb[6] in module xpm_memory_base__parameterized6 is either unconnected or has no load
WARNING: [Synth 8-7129] Port addrb[5] in module xpm_memory_base__parameterized6 is either unconnected or has no load
WARNING: [Synth 8-7129] Port addrb[4] in module xpm_memory_base__parameterized6 is either unconnected or has no load
WARNING: [Synth 8-7129] Port addrb[3] in module xpm_memory_base__parameterized6 is either unconnected or has no load
WARNING: [Synth 8-7129] Port addrb[2] in module xpm_memory_base__parameterized6 is either unconnected or has no load
WARNING: [Synth 8-7129] Port addrb[1] in module xpm_memory_base__parameterized6 is either unconnected or has no load
WARNING: [Synth 8-7129] Port addrb[0] in module xpm_memory_base__parameterized6 is either unconnected or has no load
WARNING: [Synth 8-7129] Port dinb[5] in module xpm_memory_base__parameterized6 is either unconnected or has no load
WARNING: [Synth 8-7129] Port dinb[4] in module xpm_memory_base__parameterized6 is either unconnected or has no load
WARNING: [Synth 8-7129] Port dinb[3] in module xpm_memory_base__parameterized6 is either unconnected or has no load
WARNING: [Synth 8-7129] Port dinb[2] in module xpm_memory_base__parameterized6 is either unconnected or has no load
WARNING: [Synth 8-7129] Port dinb[1] in module xpm_memory_base__parameterized6 is either unconnected or has no load
WARNING: [Synth 8-7129] Port dinb[0] in module xpm_memory_base__parameterized6 is either unconnected or has no load
WARNING: [Synth 8-7129] Port injectsbiterrb in module xpm_memory_base__parameterized6 is either unconnected or has no load
WARNING: [Synth 8-7129] Port injectdbiterrb in module xpm_memory_base__parameterized6 is either unconnected or has no load
WARNING: [Synth 8-7129] Port sleep in module xpm_memory_base__parameterized5 is either unconnected or has no load
WARNING: [Synth 8-7129] Port regcea in module xpm_memory_base__parameterized5 is either unconnected or has no load
WARNING: [Synth 8-7129] Port wea[0] in module xpm_memory_base__parameterized5 is either unconnected or has no load
WARNING: [Synth 8-7129] Port addra[10] in module xpm_memory_base__parameterized5 is either unconnected or has no load
WARNING: [Synth 8-7129] Port dina[13] in module xpm_memory_base__parameterized5 is either unconnected or has no load
WARNING: [Synth 8-7129] Port dina[12] in module xpm_memory_base__parameterized5 is either unconnected or has no load
WARNING: [Synth 8-7129] Port dina[11] in module xpm_memory_base__parameterized5 is either unconnected or has no load
WARNING: [Synth 8-7129] Port dina[10] in module xpm_memory_base__parameterized5 is either unconnected or has no load
WARNING: [Synth 8-7129] Port dina[9] in module xpm_memory_base__parameterized5 is either unconnected or has no load
WARNING: [Synth 8-7129] Port dina[8] in module xpm_memory_base__parameterized5 is either unconnected or has no load
WARNING: [Synth 8-7129] Port dina[7] in module xpm_memory_base__parameterized5 is either unconnected or has no load
WARNING: [Synth 8-7129] Port dina[6] in module xpm_memory_base__parameterized5 is either unconnected or has no load
WARNING: [Synth 8-7129] Port dina[5] in module xpm_memory_base__parameterized5 is either unconnected or has no load
WARNING: [Synth 8-7129] Port dina[4] in module xpm_memory_base__parameterized5 is either unconnected or has no load
WARNING: [Synth 8-7129] Port dina[3] in module xpm_memory_base__parameterized5 is either unconnected or has no load
WARNING: [Synth 8-7129] Port dina[2] in module xpm_memory_base__parameterized5 is either unconnected or has no load
WARNING: [Synth 8-7129] Port dina[1] in module xpm_memory_base__parameterized5 is either unconnected or has no load
WARNING: [Synth 8-7129] Port dina[0] in module xpm_memory_base__parameterized5 is either unconnected or has no load
WARNING: [Synth 8-7129] Port injectsbiterra in module xpm_memory_base__parameterized5 is either unconnected or has no load
WARNING: [Synth 8-7129] Port injectdbiterra in module xpm_memory_base__parameterized5 is either unconnected or has no load
WARNING: [Synth 8-7129] Port clkb in module xpm_memory_base__parameterized5 is either unconnected or has no load
WARNING: [Synth 8-7129] Port rstb in module xpm_memory_base__parameterized5 is either unconnected or has no load
WARNING: [Synth 8-7129] Port enb in module xpm_memory_base__parameterized5 is either unconnected or has no load
WARNING: [Synth 8-7129] Port regceb in module xpm_memory_base__parameterized5 is either unconnected or has no load
WARNING: [Synth 8-7129] Port web[0] in module xpm_memory_base__parameterized5 is either unconnected or has no load
WARNING: [Synth 8-7129] Port addrb[9] in module xpm_memory_base__parameterized5 is either unconnected or has no load
WARNING: [Synth 8-7129] Port addrb[8] in module xpm_memory_base__parameterized5 is either unconnected or has no load
WARNING: [Synth 8-7129] Port addrb[7] in module xpm_memory_base__parameterized5 is either unconnected or has no load
WARNING: [Synth 8-7129] Port addrb[6] in module xpm_memory_base__parameterized5 is either unconnected or has no load
WARNING: [Synth 8-7129] Port addrb[5] in module xpm_memory_base__parameterized5 is either unconnected or has no load
WARNING: [Synth 8-7129] Port addrb[4] in module xpm_memory_base__parameterized5 is either unconnected or has no load
WARNING: [Synth 8-7129] Port addrb[3] in module xpm_memory_base__parameterized5 is either unconnected or has no load
WARNING: [Synth 8-7129] Port addrb[2] in module xpm_memory_base__parameterized5 is either unconnected or has no load
WARNING: [Synth 8-7129] Port addrb[1] in module xpm_memory_base__parameterized5 is either unconnected or has no load
WARNING: [Synth 8-7129] Port addrb[0] in module xpm_memory_base__parameterized5 is either unconnected or has no load
WARNING: [Synth 8-7129] Port dinb[13] in module xpm_memory_base__parameterized5 is either unconnected or has no load
WARNING: [Synth 8-7129] Port dinb[12] in module xpm_memory_base__parameterized5 is either unconnected or has no load
WARNING: [Synth 8-7129] Port dinb[11] in module xpm_memory_base__parameterized5 is either unconnected or has no load
WARNING: [Synth 8-7129] Port dinb[10] in module xpm_memory_base__parameterized5 is either unconnected or has no load
WARNING: [Synth 8-7129] Port dinb[9] in module xpm_memory_base__parameterized5 is either unconnected or has no load
WARNING: [Synth 8-7129] Port dinb[8] in module xpm_memory_base__parameterized5 is either unconnected or has no load
WARNING: [Synth 8-7129] Port dinb[7] in module xpm_memory_base__parameterized5 is either unconnected or has no load
WARNING: [Synth 8-7129] Port dinb[6] in module xpm_memory_base__parameterized5 is either unconnected or has no load
WARNING: [Synth 8-7129] Port dinb[5] in module xpm_memory_base__parameterized5 is either unconnected or has no load
WARNING: [Synth 8-7129] Port dinb[4] in module xpm_memory_base__parameterized5 is either unconnected or has no load
WARNING: [Synth 8-7129] Port dinb[3] in module xpm_memory_base__parameterized5 is either unconnected or has no load
WARNING: [Synth 8-7129] Port dinb[2] in module xpm_memory_base__parameterized5 is either unconnected or has no load
WARNING: [Synth 8-7129] Port dinb[1] in module xpm_memory_base__parameterized5 is either unconnected or has no load
WARNING: [Synth 8-7129] Port dinb[0] in module xpm_memory_base__parameterized5 is either unconnected or has no load
WARNING: [Synth 8-7129] Port injectsbiterrb in module xpm_memory_base__parameterized5 is either unconnected or has no load
WARNING: [Synth 8-7129] Port injectdbiterrb in module xpm_memory_base__parameterized5 is either unconnected or has no load
WARNING: [Synth 8-7129] Port sleep in module xpm_memory_base__parameterized4 is either unconnected or has no load
WARNING: [Synth 8-7129] Port regcea in module xpm_memory_base__parameterized4 is either unconnected or has no load
WARNING: [Synth 8-7129] Port wea[0] in module xpm_memory_base__parameterized4 is either unconnected or has no load
WARNING: [Synth 8-7129] Port dina[9] in module xpm_memory_base__parameterized4 is either unconnected or has no load
WARNING: [Synth 8-7129] Port dina[8] in module xpm_memory_base__parameterized4 is either unconnected or has no load
WARNING: [Synth 8-7129] Port dina[7] in module xpm_memory_base__parameterized4 is either unconnected or has no load
WARNING: [Synth 8-7129] Port dina[6] in module xpm_memory_base__parameterized4 is either unconnected or has no load
WARNING: [Synth 8-7129] Port dina[5] in module xpm_memory_base__parameterized4 is either unconnected or has no load
WARNING: [Synth 8-7129] Port dina[4] in module xpm_memory_base__parameterized4 is either unconnected or has no load
WARNING: [Synth 8-7129] Port dina[3] in module xpm_memory_base__parameterized4 is either unconnected or has no load
WARNING: [Synth 8-7129] Port dina[2] in module xpm_memory_base__parameterized4 is either unconnected or has no load
WARNING: [Synth 8-7129] Port dina[1] in module xpm_memory_base__parameterized4 is either unconnected or has no load
WARNING: [Synth 8-7129] Port dina[0] in module xpm_memory_base__parameterized4 is either unconnected or has no load
WARNING: [Synth 8-7129] Port injectsbiterra in module xpm_memory_base__parameterized4 is either unconnected or has no load
WARNING: [Synth 8-7129] Port injectdbiterra in module xpm_memory_base__parameterized4 is either unconnected or has no load
WARNING: [Synth 8-7129] Port clkb in module xpm_memory_base__parameterized4 is either unconnected or has no load
WARNING: [Synth 8-7129] Port rstb in module xpm_memory_base__parameterized4 is either unconnected or has no load
WARNING: [Synth 8-7129] Port enb in module xpm_memory_base__parameterized4 is either unconnected or has no load
WARNING: [Synth 8-7129] Port regceb in module xpm_memory_base__parameterized4 is either unconnected or has no load
WARNING: [Synth 8-7129] Port web[0] in module xpm_memory_base__parameterized4 is either unconnected or has no load
WARNING: [Synth 8-7129] Port addrb[13] in module xpm_memory_base__parameterized4 is either unconnected or has no load
WARNING: [Synth 8-7129] Port addrb[12] in module xpm_memory_base__parameterized4 is either unconnected or has no load
WARNING: [Synth 8-7129] Port addrb[11] in module xpm_memory_base__parameterized4 is either unconnected or has no load
WARNING: [Synth 8-7129] Port addrb[10] in module xpm_memory_base__parameterized4 is either unconnected or has no load
WARNING: [Synth 8-7129] Port addrb[9] in module xpm_memory_base__parameterized4 is either unconnected or has no load
WARNING: [Synth 8-7129] Port addrb[8] in module xpm_memory_base__parameterized4 is either unconnected or has no load
WARNING: [Synth 8-7129] Port addrb[7] in module xpm_memory_base__parameterized4 is either unconnected or has no load
WARNING: [Synth 8-7129] Port addrb[6] in module xpm_memory_base__parameterized4 is either unconnected or has no load
WARNING: [Synth 8-7129] Port addrb[5] in module xpm_memory_base__parameterized4 is either unconnected or has no load
WARNING: [Synth 8-7129] Port addrb[4] in module xpm_memory_base__parameterized4 is either unconnected or has no load
WARNING: [Synth 8-7129] Port addrb[3] in module xpm_memory_base__parameterized4 is either unconnected or has no load
WARNING: [Synth 8-7129] Port addrb[2] in module xpm_memory_base__parameterized4 is either unconnected or has no load
WARNING: [Synth 8-7129] Port addrb[1] in module xpm_memory_base__parameterized4 is either unconnected or has no load
WARNING: [Synth 8-7129] Port addrb[0] in module xpm_memory_base__parameterized4 is either unconnected or has no load
WARNING: [Synth 8-7129] Port dinb[9] in module xpm_memory_base__parameterized4 is either unconnected or has no load
WARNING: [Synth 8-7129] Port dinb[8] in module xpm_memory_base__parameterized4 is either unconnected or has no load
WARNING: [Synth 8-7129] Port dinb[7] in module xpm_memory_base__parameterized4 is either unconnected or has no load
WARNING: [Synth 8-7129] Port dinb[6] in module xpm_memory_base__parameterized4 is either unconnected or has no load
WARNING: [Synth 8-7129] Port dinb[5] in module xpm_memory_base__parameterized4 is either unconnected or has no load
WARNING: [Synth 8-7129] Port dinb[4] in module xpm_memory_base__parameterized4 is either unconnected or has no load
WARNING: [Synth 8-7129] Port dinb[3] in module xpm_memory_base__parameterized4 is either unconnected or has no load
WARNING: [Synth 8-7129] Port dinb[2] in module xpm_memory_base__parameterized4 is either unconnected or has no load
WARNING: [Synth 8-7129] Port dinb[1] in module xpm_memory_base__parameterized4 is either unconnected or has no load
WARNING: [Synth 8-7129] Port dinb[0] in module xpm_memory_base__parameterized4 is either unconnected or has no load
WARNING: [Synth 8-7129] Port injectsbiterrb in module xpm_memory_base__parameterized4 is either unconnected or has no load
WARNING: [Synth 8-7129] Port injectdbiterrb in module xpm_memory_base__parameterized4 is either unconnected or has no load
WARNING: [Synth 8-7129] Port sleep in module xpm_memory_base__parameterized3 is either unconnected or has no load
WARNING: [Synth 8-7129] Port regcea in module xpm_memory_base__parameterized3 is either unconnected or has no load
WARNING: [Synth 8-7129] Port wea[0] in module xpm_memory_base__parameterized3 is either unconnected or has no load
WARNING: [Synth 8-7129] Port addra[6] in module xpm_memory_base__parameterized3 is either unconnected or has no load
WARNING: [Synth 8-7129] Port dina[13] in module xpm_memory_base__parameterized3 is either unconnected or has no load
WARNING: [Synth 8-7129] Port dina[12] in module xpm_memory_base__parameterized3 is either unconnected or has no load
WARNING: [Synth 8-7129] Port dina[11] in module xpm_memory_base__parameterized3 is either unconnected or has no load
WARNING: [Synth 8-7129] Port dina[10] in module xpm_memory_base__parameterized3 is either unconnected or has no load
WARNING: [Synth 8-7129] Port dina[9] in module xpm_memory_base__parameterized3 is either unconnected or has no load
WARNING: [Synth 8-7129] Port dina[8] in module xpm_memory_base__parameterized3 is either unconnected or has no load
WARNING: [Synth 8-7129] Port dina[7] in module xpm_memory_base__parameterized3 is either unconnected or has no load
WARNING: [Synth 8-7129] Port dina[6] in module xpm_memory_base__parameterized3 is either unconnected or has no load
WARNING: [Synth 8-7129] Port dina[5] in module xpm_memory_base__parameterized3 is either unconnected or has no load
WARNING: [Synth 8-7129] Port dina[4] in module xpm_memory_base__parameterized3 is either unconnected or has no load
WARNING: [Synth 8-7129] Port dina[3] in module xpm_memory_base__parameterized3 is either unconnected or has no load
WARNING: [Synth 8-7129] Port dina[2] in module xpm_memory_base__parameterized3 is either unconnected or has no load
WARNING: [Synth 8-7129] Port dina[1] in module xpm_memory_base__parameterized3 is either unconnected or has no load
WARNING: [Synth 8-7129] Port dina[0] in module xpm_memory_base__parameterized3 is either unconnected or has no load
WARNING: [Synth 8-7129] Port injectsbiterra in module xpm_memory_base__parameterized3 is either unconnected or has no load
WARNING: [Synth 8-7129] Port injectdbiterra in module xpm_memory_base__parameterized3 is either unconnected or has no load
WARNING: [Synth 8-7129] Port clkb in module xpm_memory_base__parameterized3 is either unconnected or has no load
WARNING: [Synth 8-7129] Port rstb in module xpm_memory_base__parameterized3 is either unconnected or has no load
WARNING: [Synth 8-7129] Port enb in module xpm_memory_base__parameterized3 is either unconnected or has no load
WARNING: [Synth 8-7129] Port regceb in module xpm_memory_base__parameterized3 is either unconnected or has no load
WARNING: [Synth 8-7129] Port web[0] in module xpm_memory_base__parameterized3 is either unconnected or has no load
WARNING: [Synth 8-7129] Port addrb[5] in module xpm_memory_base__parameterized3 is either unconnected or has no load
WARNING: [Synth 8-7129] Port addrb[4] in module xpm_memory_base__parameterized3 is either unconnected or has no load
WARNING: [Synth 8-7129] Port addrb[3] in module xpm_memory_base__parameterized3 is either unconnected or has no load
WARNING: [Synth 8-7129] Port addrb[2] in module xpm_memory_base__parameterized3 is either unconnected or has no load
WARNING: [Synth 8-7129] Port addrb[1] in module xpm_memory_base__parameterized3 is either unconnected or has no load
WARNING: [Synth 8-7129] Port addrb[0] in module xpm_memory_base__parameterized3 is either unconnected or has no load
WARNING: [Synth 8-7129] Port dinb[13] in module xpm_memory_base__parameterized3 is either unconnected or has no load
WARNING: [Synth 8-7129] Port dinb[12] in module xpm_memory_base__parameterized3 is either unconnected or has no load
WARNING: [Synth 8-7129] Port dinb[11] in module xpm_memory_base__parameterized3 is either unconnected or has no load
WARNING: [Synth 8-7129] Port dinb[10] in module xpm_memory_base__parameterized3 is either unconnected or has no load
WARNING: [Synth 8-7129] Port dinb[9] in module xpm_memory_base__parameterized3 is either unconnected or has no load
WARNING: [Synth 8-7129] Port dinb[8] in module xpm_memory_base__parameterized3 is either unconnected or has no load
WARNING: [Synth 8-7129] Port dinb[7] in module xpm_memory_base__parameterized3 is either unconnected or has no load
WARNING: [Synth 8-7129] Port dinb[6] in module xpm_memory_base__parameterized3 is either unconnected or has no load
WARNING: [Synth 8-7129] Port dinb[5] in module xpm_memory_base__parameterized3 is either unconnected or has no load
WARNING: [Synth 8-7129] Port dinb[4] in module xpm_memory_base__parameterized3 is either unconnected or has no load
WARNING: [Synth 8-7129] Port dinb[3] in module xpm_memory_base__parameterized3 is either unconnected or has no load
WARNING: [Synth 8-7129] Port dinb[2] in module xpm_memory_base__parameterized3 is either unconnected or has no load
WARNING: [Synth 8-7129] Port dinb[1] in module xpm_memory_base__parameterized3 is either unconnected or has no load
WARNING: [Synth 8-7129] Port dinb[0] in module xpm_memory_base__parameterized3 is either unconnected or has no load
WARNING: [Synth 8-7129] Port injectsbiterrb in module xpm_memory_base__parameterized3 is either unconnected or has no load
WARNING: [Synth 8-7129] Port injectdbiterrb in module xpm_memory_base__parameterized3 is either unconnected or has no load
WARNING: [Synth 8-7129] Port sleep in module xpm_memory_base__parameterized2 is either unconnected or has no load
WARNING: [Synth 8-7129] Port rsta in module xpm_memory_base__parameterized2 is either unconnected or has no load
WARNING: [Synth 8-7129] Port regcea in module xpm_memory_base__parameterized2 is either unconnected or has no load
WARNING: [Synth 8-7129] Port addra[6] in module xpm_memory_base__parameterized2 is either unconnected or has no load
WARNING: [Synth 8-7129] Port injectsbiterra in module xpm_memory_base__parameterized2 is either unconnected or has no load
WARNING: [Synth 8-7129] Port injectdbiterra in module xpm_memory_base__parameterized2 is either unconnected or has no load
WARNING: [Synth 8-7129] Port clkb in module xpm_memory_base__parameterized2 is either unconnected or has no load
WARNING: [Synth 8-7129] Port regceb in module xpm_memory_base__parameterized2 is either unconnected or has no load
WARNING: [Synth 8-7129] Port web[0] in module xpm_memory_base__parameterized2 is either unconnected or has no load
WARNING: [Synth 8-7129] Port addrb[6] in module xpm_memory_base__parameterized2 is either unconnected or has no load
WARNING: [Synth 8-7129] Port dinb[15] in module xpm_memory_base__parameterized2 is either unconnected or has no load
WARNING: [Synth 8-7129] Port dinb[14] in module xpm_memory_base__parameterized2 is either unconnected or has no load
WARNING: [Synth 8-7129] Port dinb[13] in module xpm_memory_base__parameterized2 is either unconnected or has no load
WARNING: [Synth 8-7129] Port dinb[12] in module xpm_memory_base__parameterized2 is either unconnected or has no load
WARNING: [Synth 8-7129] Port dinb[11] in module xpm_memory_base__parameterized2 is either unconnected or has no load
WARNING: [Synth 8-7129] Port dinb[10] in module xpm_memory_base__parameterized2 is either unconnected or has no load
WARNING: [Synth 8-7129] Port dinb[9] in module xpm_memory_base__parameterized2 is either unconnected or has no load
WARNING: [Synth 8-7129] Port dinb[8] in module xpm_memory_base__parameterized2 is either unconnected or has no load
WARNING: [Synth 8-7129] Port dinb[7] in module xpm_memory_base__parameterized2 is either unconnected or has no load
WARNING: [Synth 8-7129] Port dinb[6] in module xpm_memory_base__parameterized2 is either unconnected or has no load
WARNING: [Synth 8-7129] Port dinb[5] in module xpm_memory_base__parameterized2 is either unconnected or has no load
WARNING: [Synth 8-7129] Port dinb[4] in module xpm_memory_base__parameterized2 is either unconnected or has no load
WARNING: [Synth 8-7129] Port dinb[3] in module xpm_memory_base__parameterized2 is either unconnected or has no load
WARNING: [Synth 8-7129] Port dinb[2] in module xpm_memory_base__parameterized2 is either unconnected or has no load
WARNING: [Synth 8-7129] Port dinb[1] in module xpm_memory_base__parameterized2 is either unconnected or has no load
WARNING: [Synth 8-7129] Port dinb[0] in module xpm_memory_base__parameterized2 is either unconnected or has no load
WARNING: [Synth 8-7129] Port injectsbiterrb in module xpm_memory_base__parameterized2 is either unconnected or has no load
WARNING: [Synth 8-7129] Port injectdbiterrb in module xpm_memory_base__parameterized2 is either unconnected or has no load
WARNING: [Synth 8-7129] Port sleep in module xpm_memory_base__parameterized1 is either unconnected or has no load
WARNING: [Synth 8-7129] Port rsta in module xpm_memory_base__parameterized1 is either unconnected or has no load
WARNING: [Synth 8-7129] Port regcea in module xpm_memory_base__parameterized1 is either unconnected or has no load
WARNING: [Synth 8-7129] Port injectsbiterra in module xpm_memory_base__parameterized1 is either unconnected or has no load
WARNING: [Synth 8-7129] Port injectdbiterra in module xpm_memory_base__parameterized1 is either unconnected or has no load
WARNING: [Synth 8-7129] Port clkb in module xpm_memory_base__parameterized1 is either unconnected or has no load
WARNING: [Synth 8-7129] Port regceb in module xpm_memory_base__parameterized1 is either unconnected or has no load
WARNING: [Synth 8-7129] Port web[0] in module xpm_memory_base__parameterized1 is either unconnected or has no load
WARNING: [Synth 8-7129] Port dinb[15] in module xpm_memory_base__parameterized1 is either unconnected or has no load
WARNING: [Synth 8-7129] Port dinb[14] in module xpm_memory_base__parameterized1 is either unconnected or has no load
WARNING: [Synth 8-7129] Port dinb[13] in module xpm_memory_base__parameterized1 is either unconnected or has no load
WARNING: [Synth 8-7129] Port dinb[12] in module xpm_memory_base__parameterized1 is either unconnected or has no load
WARNING: [Synth 8-7129] Port dinb[11] in module xpm_memory_base__parameterized1 is either unconnected or has no load
WARNING: [Synth 8-7129] Port dinb[10] in module xpm_memory_base__parameterized1 is either unconnected or has no load
WARNING: [Synth 8-7129] Port dinb[9] in module xpm_memory_base__parameterized1 is either unconnected or has no load
WARNING: [Synth 8-7129] Port dinb[8] in module xpm_memory_base__parameterized1 is either unconnected or has no load
WARNING: [Synth 8-7129] Port dinb[7] in module xpm_memory_base__parameterized1 is either unconnected or has no load
WARNING: [Synth 8-7129] Port dinb[6] in module xpm_memory_base__parameterized1 is either unconnected or has no load
WARNING: [Synth 8-7129] Port dinb[5] in module xpm_memory_base__parameterized1 is either unconnected or has no load
WARNING: [Synth 8-7129] Port dinb[4] in module xpm_memory_base__parameterized1 is either unconnected or has no load
WARNING: [Synth 8-7129] Port dinb[3] in module xpm_memory_base__parameterized1 is either unconnected or has no load
WARNING: [Synth 8-7129] Port dinb[2] in module xpm_memory_base__parameterized1 is either unconnected or has no load
WARNING: [Synth 8-7129] Port dinb[1] in module xpm_memory_base__parameterized1 is either unconnected or has no load
WARNING: [Synth 8-7129] Port dinb[0] in module xpm_memory_base__parameterized1 is either unconnected or has no load
WARNING: [Synth 8-7129] Port injectsbiterrb in module xpm_memory_base__parameterized1 is either unconnected or has no load
WARNING: [Synth 8-7129] Port injectdbiterrb in module xpm_memory_base__parameterized1 is either unconnected or has no load
WARNING: [Synth 8-7129] Port sleep in module xpm_memory_base__parameterized0 is either unconnected or has no load
WARNING: [Synth 8-7129] Port rsta in module xpm_memory_base__parameterized0 is either unconnected or has no load
WARNING: [Synth 8-7129] Port regcea in module xpm_memory_base__parameterized0 is either unconnected or has no load
WARNING: [Synth 8-7129] Port injectsbiterra in module xpm_memory_base__parameterized0 is either unconnected or has no load
WARNING: [Synth 8-7129] Port injectdbiterra in module xpm_memory_base__parameterized0 is either unconnected or has no load
WARNING: [Synth 8-7129] Port clkb in module xpm_memory_base__parameterized0 is either unconnected or has no load
WARNING: [Synth 8-7129] Port regceb in module xpm_memory_base__parameterized0 is either unconnected or has no load
WARNING: [Synth 8-7129] Port web[0] in module xpm_memory_base__parameterized0 is either unconnected or has no load
WARNING: [Synth 8-7129] Port dinb[0] in module xpm_memory_base__parameterized0 is either unconnected or has no load
WARNING: [Synth 8-7129] Port injectsbiterrb in module xpm_memory_base__parameterized0 is either unconnected or has no load
WARNING: [Synth 8-7129] Port injectdbiterrb in module xpm_memory_base__parameterized0 is either unconnected or has no load
WARNING: [Synth 8-7129] Port sleep in module xpm_memory_base is either unconnected or has no load
WARNING: [Synth 8-7129] Port rsta in module xpm_memory_base is either unconnected or has no load
WARNING: [Synth 8-7129] Port regcea in module xpm_memory_base is either unconnected or has no load
WARNING: [Synth 8-7129] Port injectsbiterra in module xpm_memory_base is either unconnected or has no load
WARNING: [Synth 8-7129] Port injectdbiterra in module xpm_memory_base is either unconnected or has no load
WARNING: [Synth 8-7129] Port clkb in module xpm_memory_base is either unconnected or has no load
WARNING: [Synth 8-7129] Port regceb in module xpm_memory_base is either unconnected or has no load
WARNING: [Synth 8-7129] Port web[0] in module xpm_memory_base is either unconnected or has no load
WARNING: [Synth 8-7129] Port dinb[9] in module xpm_memory_base is either unconnected or has no load
WARNING: [Synth 8-7129] Port dinb[8] in module xpm_memory_base is either unconnected or has no load
WARNING: [Synth 8-7129] Port dinb[7] in module xpm_memory_base is either unconnected or has no load
WARNING: [Synth 8-7129] Port dinb[6] in module xpm_memory_base is either unconnected or has no load
WARNING: [Synth 8-7129] Port dinb[5] in module xpm_memory_base is either unconnected or has no load
WARNING: [Synth 8-7129] Port dinb[4] in module xpm_memory_base is either unconnected or has no load
WARNING: [Synth 8-7129] Port dinb[3] in module xpm_memory_base is either unconnected or has no load
WARNING: [Synth 8-7129] Port dinb[2] in module xpm_memory_base is either unconnected or has no load
WARNING: [Synth 8-7129] Port dinb[1] in module xpm_memory_base is either unconnected or has no load
WARNING: [Synth 8-7129] Port dinb[0] in module xpm_memory_base is either unconnected or has no load
WARNING: [Synth 8-7129] Port injectsbiterrb in module xpm_memory_base is either unconnected or has no load
WARNING: [Synth 8-7129] Port injectdbiterrb in module xpm_memory_base is either unconnected or has no load
WARNING: [Synth 8-7129] Port btn[3] in module top_level is either unconnected or has no load
WARNING: [Synth 8-7129] Port btn[2] in module top_level is either unconnected or has no load
WARNING: [Synth 8-7129] Port btn[1] in module top_level is either unconnected or has no load
WARNING: [Synth 8-7129] Port sw[15] in module top_level is either unconnected or has no load
WARNING: [Synth 8-7129] Port sw[14] in module top_level is either unconnected or has no load
WARNING: [Synth 8-7129] Port sw[13] in module top_level is either unconnected or has no load
WARNING: [Synth 8-7129] Port sw[12] in module top_level is either unconnected or has no load
WARNING: [Synth 8-7129] Port sw[11] in module top_level is either unconnected or has no load
WARNING: [Synth 8-7129] Port sw[10] in module top_level is either unconnected or has no load
WARNING: [Synth 8-7129] Port sw[9] in module top_level is either unconnected or has no load
WARNING: [Synth 8-7129] Port sw[8] in module top_level is either unconnected or has no load
WARNING: [Synth 8-7129] Port sw[7] in module top_level is either unconnected or has no load
WARNING: [Synth 8-7129] Port sw[6] in module top_level is either unconnected or has no load
WARNING: [Synth 8-7129] Port sw[5] in module top_level is either unconnected or has no load
WARNING: [Synth 8-7129] Port sw[4] in module top_level is either unconnected or has no load
WARNING: [Synth 8-7129] Port sw[3] in module top_level is either unconnected or has no load
WARNING: [Synth 8-7129] Port sw[2] in module top_level is either unconnected or has no load
WARNING: [Synth 8-7129] Port sw[1] in module top_level is either unconnected or has no load
WARNING: [Synth 8-7129] Port sw[0] in module top_level is either unconnected or has no load
---------------------------------------------------------------------------------
Finished RTL Elaboration : Time (s): cpu = 00:00:06 ; elapsed = 00:00:06 . Memory (MB): peak = 2621.188 ; gain = 948.758 ; free physical = 17268 ; free virtual = 36431
---------------------------------------------------------------------------------
---------------------------------------------------------------------------------
Start Handling Custom Attributes
---------------------------------------------------------------------------------
---------------------------------------------------------------------------------
Finished Handling Custom Attributes : Time (s): cpu = 00:00:06 ; elapsed = 00:00:07 . Memory (MB): peak = 2621.188 ; gain = 948.758 ; free physical = 17268 ; free virtual = 36431
---------------------------------------------------------------------------------
---------------------------------------------------------------------------------
Finished RTL Optimization Phase 1 : Time (s): cpu = 00:00:06 ; elapsed = 00:00:07 . Memory (MB): peak = 2621.188 ; gain = 948.758 ; free physical = 17268 ; free virtual = 36431
---------------------------------------------------------------------------------
Netlist sorting complete. Time (s): cpu = 00:00:00.31 ; elapsed = 00:00:00.3 . Memory (MB): peak = 2621.188 ; gain = 0.000 ; free physical = 17268 ; free virtual = 36431
INFO: [Netlist 29-17] Analyzing 56 Unisim elements for replacement
INFO: [Netlist 29-28] Unisim Transformation completed in 0 CPU seconds
INFO: [Project 1-570] Preparing netlist for logic optimization

Processing XDC Constraints
Initializing timing engine
Parsing XDC File [/home/fpga/worker_place/temp/temp/ec75427a9d204090903221376b5e0000/xdc/top_level.xdc]
WARNING: [Designutils 20-1567] Use of 'set_false_path' with '-hold' is not supported by synthesis. The constraint will not be passed to synthesis. [/home/fpga/worker_place/temp/temp/ec75427a9d204090903221376b5e0000/xdc/top_level.xdc:18]
WARNING: [Vivado 12-584] No ports matched 'ss0_an[0]'. [/home/fpga/worker_place/temp/temp/ec75427a9d204090903221376b5e0000/xdc/top_level.xdc:80]
CRITICAL WARNING: [Common 17-55] 'set_property' expects at least one object. [/home/fpga/worker_place/temp/temp/ec75427a9d204090903221376b5e0000/xdc/top_level.xdc:80]
Resolution: If [get_<value>] was used to populate the object, check to make sure this command returns at least one valid object.
WARNING: [Vivado 12-584] No ports matched 'ss0_an[1]'. [/home/fpga/worker_place/temp/temp/ec75427a9d204090903221376b5e0000/xdc/top_level.xdc:81]
CRITICAL WARNING: [Common 17-55] 'set_property' expects at least one object. [/home/fpga/worker_place/temp/temp/ec75427a9d204090903221376b5e0000/xdc/top_level.xdc:81]
Resolution: If [get_<value>] was used to populate the object, check to make sure this command returns at least one valid object.
WARNING: [Vivado 12-584] No ports matched 'ss0_an[2]'. [/home/fpga/worker_place/temp/temp/ec75427a9d204090903221376b5e0000/xdc/top_level.xdc:82]
CRITICAL WARNING: [Common 17-55] 'set_property' expects at least one object. [/home/fpga/worker_place/temp/temp/ec75427a9d204090903221376b5e0000/xdc/top_level.xdc:82]
Resolution: If [get_<value>] was used to populate the object, check to make sure this command returns at least one valid object.
WARNING: [Vivado 12-584] No ports matched 'ss0_an[3]'. [/home/fpga/worker_place/temp/temp/ec75427a9d204090903221376b5e0000/xdc/top_level.xdc:83]
CRITICAL WARNING: [Common 17-55] 'set_property' expects at least one object. [/home/fpga/worker_place/temp/temp/ec75427a9d204090903221376b5e0000/xdc/top_level.xdc:83]
Resolution: If [get_<value>] was used to populate the object, check to make sure this command returns at least one valid object.
WARNING: [Vivado 12-584] No ports matched 'ss1_an[0]'. [/home/fpga/worker_place/temp/temp/ec75427a9d204090903221376b5e0000/xdc/top_level.xdc:85]
CRITICAL WARNING: [Common 17-55] 'set_property' expects at least one object. [/home/fpga/worker_place/temp/temp/ec75427a9d204090903221376b5e0000/xdc/top_level.xdc:85]
Resolution: If [get_<value>] was used to populate the object, check to make sure this command returns at least one valid object.
WARNING: [Vivado 12-584] No ports matched 'ss1_an[1]'. [/home/fpga/worker_place/temp/temp/ec75427a9d204090903221376b5e0000/xdc/top_level.xdc:86]
CRITICAL WARNING: [Common 17-55] 'set_property' expects at least one object. [/home/fpga/worker_place/temp/temp/ec75427a9d204090903221376b5e0000/xdc/top_level.xdc:86]
Resolution: If [get_<value>] was used to populate the object, check to make sure this command returns at least one valid object.
WARNING: [Vivado 12-584] No ports matched 'ss1_an[2]'. [/home/fpga/worker_place/temp/temp/ec75427a9d204090903221376b5e0000/xdc/top_level.xdc:87]
CRITICAL WARNING: [Common 17-55] 'set_property' expects at least one object. [/home/fpga/worker_place/temp/temp/ec75427a9d204090903221376b5e0000/xdc/top_level.xdc:87]
Resolution: If [get_<value>] was used to populate the object, check to make sure this command returns at least one valid object.
WARNING: [Vivado 12-584] No ports matched 'ss1_an[3]'. [/home/fpga/worker_place/temp/temp/ec75427a9d204090903221376b5e0000/xdc/top_level.xdc:88]
CRITICAL WARNING: [Common 17-55] 'set_property' expects at least one object. [/home/fpga/worker_place/temp/temp/ec75427a9d204090903221376b5e0000/xdc/top_level.xdc:88]
Resolution: If [get_<value>] was used to populate the object, check to make sure this command returns at least one valid object.
WARNING: [Vivado 12-584] No ports matched 'ss0_c[0]'. [/home/fpga/worker_place/temp/temp/ec75427a9d204090903221376b5e0000/xdc/top_level.xdc:91]
CRITICAL WARNING: [Common 17-55] 'set_property' expects at least one object. [/home/fpga/worker_place/temp/temp/ec75427a9d204090903221376b5e0000/xdc/top_level.xdc:91]
Resolution: If [get_<value>] was used to populate the object, check to make sure this command returns at least one valid object.
WARNING: [Vivado 12-584] No ports matched 'ss0_c[1]'. [/home/fpga/worker_place/temp/temp/ec75427a9d204090903221376b5e0000/xdc/top_level.xdc:92]
CRITICAL WARNING: [Common 17-55] 'set_property' expects at least one object. [/home/fpga/worker_place/temp/temp/ec75427a9d204090903221376b5e0000/xdc/top_level.xdc:92]
Resolution: If [get_<value>] was used to populate the object, check to make sure this command returns at least one valid object.
WARNING: [Vivado 12-584] No ports matched 'ss0_c[2]'. [/home/fpga/worker_place/temp/temp/ec75427a9d204090903221376b5e0000/xdc/top_level.xdc:93]
CRITICAL WARNING: [Common 17-55] 'set_property' expects at least one object. [/home/fpga/worker_place/temp/temp/ec75427a9d204090903221376b5e0000/xdc/top_level.xdc:93]
Resolution: If [get_<value>] was used to populate the object, check to make sure this command returns at least one valid object.
WARNING: [Vivado 12-584] No ports matched 'ss0_c[3]'. [/home/fpga/worker_place/temp/temp/ec75427a9d204090903221376b5e0000/xdc/top_level.xdc:94]
CRITICAL WARNING: [Common 17-55] 'set_property' expects at least one object. [/home/fpga/worker_place/temp/temp/ec75427a9d204090903221376b5e0000/xdc/top_level.xdc:94]
Resolution: If [get_<value>] was used to populate the object, check to make sure this command returns at least one valid object.
WARNING: [Vivado 12-584] No ports matched 'ss0_c[4]'. [/home/fpga/worker_place/temp/temp/ec75427a9d204090903221376b5e0000/xdc/top_level.xdc:95]
CRITICAL WARNING: [Common 17-55] 'set_property' expects at least one object. [/home/fpga/worker_place/temp/temp/ec75427a9d204090903221376b5e0000/xdc/top_level.xdc:95]
Resolution: If [get_<value>] was used to populate the object, check to make sure this command returns at least one valid object.
WARNING: [Vivado 12-584] No ports matched 'ss0_c[5]'. [/home/fpga/worker_place/temp/temp/ec75427a9d204090903221376b5e0000/xdc/top_level.xdc:96]
CRITICAL WARNING: [Common 17-55] 'set_property' expects at least one object. [/home/fpga/worker_place/temp/temp/ec75427a9d204090903221376b5e0000/xdc/top_level.xdc:96]
Resolution: If [get_<value>] was used to populate the object, check to make sure this command returns at least one valid object.
WARNING: [Vivado 12-584] No ports matched 'ss0_c[6]'. [/home/fpga/worker_place/temp/temp/ec75427a9d204090903221376b5e0000/xdc/top_level.xdc:97]
CRITICAL WARNING: [Common 17-55] 'set_property' expects at least one object. [/home/fpga/worker_place/temp/temp/ec75427a9d204090903221376b5e0000/xdc/top_level.xdc:97]
Resolution: If [get_<value>] was used to populate the object, check to make sure this command returns at least one valid object.
WARNING: [Vivado 12-584] No ports matched 'ss1_c[0]'. [/home/fpga/worker_place/temp/temp/ec75427a9d204090903221376b5e0000/xdc/top_level.xdc:100]
CRITICAL WARNING: [Common 17-55] 'set_property' expects at least one object. [/home/fpga/worker_place/temp/temp/ec75427a9d204090903221376b5e0000/xdc/top_level.xdc:100]
Resolution: If [get_<value>] was used to populate the object, check to make sure this command returns at least one valid object.
WARNING: [Vivado 12-584] No ports matched 'ss1_c[1]'. [/home/fpga/worker_place/temp/temp/ec75427a9d204090903221376b5e0000/xdc/top_level.xdc:101]
CRITICAL WARNING: [Common 17-55] 'set_property' expects at least one object. [/home/fpga/worker_place/temp/temp/ec75427a9d204090903221376b5e0000/xdc/top_level.xdc:101]
Resolution: If [get_<value>] was used to populate the object, check to make sure this command returns at least one valid object.
WARNING: [Vivado 12-584] No ports matched 'ss1_c[2]'. [/home/fpga/worker_place/temp/temp/ec75427a9d204090903221376b5e0000/xdc/top_level.xdc:102]
CRITICAL WARNING: [Common 17-55] 'set_property' expects at least one object. [/home/fpga/worker_place/temp/temp/ec75427a9d204090903221376b5e0000/xdc/top_level.xdc:102]
Resolution: If [get_<value>] was used to populate the object, check to make sure this command returns at least one valid object.
WARNING: [Vivado 12-584] No ports matched 'ss1_c[3]'. [/home/fpga/worker_place/temp/temp/ec75427a9d204090903221376b5e0000/xdc/top_level.xdc:103]
CRITICAL WARNING: [Common 17-55] 'set_property' expects at least one object. [/home/fpga/worker_place/temp/temp/ec75427a9d204090903221376b5e0000/xdc/top_level.xdc:103]
Resolution: If [get_<value>] was used to populate the object, check to make sure this command returns at least one valid object.
WARNING: [Vivado 12-584] No ports matched 'ss1_c[4]'. [/home/fpga/worker_place/temp/temp/ec75427a9d204090903221376b5e0000/xdc/top_level.xdc:104]
CRITICAL WARNING: [Common 17-55] 'set_property' expects at least one object. [/home/fpga/worker_place/temp/temp/ec75427a9d204090903221376b5e0000/xdc/top_level.xdc:104]
Resolution: If [get_<value>] was used to populate the object, check to make sure this command returns at least one valid object.
WARNING: [Vivado 12-584] No ports matched 'ss1_c[5]'. [/home/fpga/worker_place/temp/temp/ec75427a9d204090903221376b5e0000/xdc/top_level.xdc:105]
CRITICAL WARNING: [Common 17-55] 'set_property' expects at least one object. [/home/fpga/worker_place/temp/temp/ec75427a9d204090903221376b5e0000/xdc/top_level.xdc:105]
Resolution: If [get_<value>] was used to populate the object, check to make sure this command returns at least one valid object.
WARNING: [Vivado 12-584] No ports matched 'ss1_c[6]'. [/home/fpga/worker_place/temp/temp/ec75427a9d204090903221376b5e0000/xdc/top_level.xdc:106]
CRITICAL WARNING: [Common 17-55] 'set_property' expects at least one object. [/home/fpga/worker_place/temp/temp/ec75427a9d204090903221376b5e0000/xdc/top_level.xdc:106]
Resolution: If [get_<value>] was used to populate the object, check to make sure this command returns at least one valid object.
Finished Parsing XDC File [/home/fpga/worker_place/temp/temp/ec75427a9d204090903221376b5e0000/xdc/top_level.xdc]
INFO: [Project 1-236] Implementation specific constraints were found while reading constraint file [/home/fpga/worker_place/temp/temp/ec75427a9d204090903221376b5e0000/xdc/top_level.xdc]. These constraints will be ignored for synthesis but will be used in implementation. Impacted constraints are listed in the file [.Xil/top_level_propImpl.xdc].
Resolution: To avoid this warning, move constraints listed in [.Xil/top_level_propImpl.xdc] to another XDC file and exclude this new file from synthesis with the used_in_synthesis property (File Properties dialog in GUI) and re-run elaboration/synthesis.
INFO: [Timing 38-2] Deriving generated clocks
Completed Processing XDC Constraints

Netlist sorting complete. Time (s): cpu = 00:00:00.01 ; elapsed = 00:00:00 . Memory (MB): peak = 2748.020 ; gain = 0.000 ; free physical = 17255 ; free virtual = 36418
INFO: [Project 1-111] Unisim Transformation Summary:
  A total of 19 instances were transformed.
  IOBUF => IOBUF (IBUF, OBUFT): 16 instances
  IOBUFDS => IOBUFDS (IBUFDS, INV, OBUFTDS(x2)): 2 instances
  OBUFDS => OBUFDS_DUAL_BUF (INV, OBUFDS(x2)): 1 instance 

Constraint Validation Runtime : Time (s): cpu = 00:00:00.05 ; elapsed = 00:00:00.06 . Memory (MB): peak = 2759.941 ; gain = 0.008 ; free physical = 17254 ; free virtual = 36416
---------------------------------------------------------------------------------
Finished Constraint Validation : Time (s): cpu = 00:00:14 ; elapsed = 00:00:13 . Memory (MB): peak = 2759.941 ; gain = 1087.512 ; free physical = 16461 ; free virtual = 35625
---------------------------------------------------------------------------------
---------------------------------------------------------------------------------
Start Loading Part and Timing Information
---------------------------------------------------------------------------------
Loading part: xc7s50csga324-1
---------------------------------------------------------------------------------
Finished Loading Part and Timing Information : Time (s): cpu = 00:00:14 ; elapsed = 00:00:13 . Memory (MB): peak = 2767.945 ; gain = 1095.516 ; free physical = 16461 ; free virtual = 35625
---------------------------------------------------------------------------------
---------------------------------------------------------------------------------
Start Applying 'set_property' XDC Constraints
---------------------------------------------------------------------------------
---------------------------------------------------------------------------------
Finished applying 'set_property' XDC Constraints : Time (s): cpu = 00:00:14 ; elapsed = 00:00:14 . Memory (MB): peak = 2767.945 ; gain = 1095.516 ; free physical = 16371 ; free virtual = 35534
---------------------------------------------------------------------------------
INFO: [Synth 8-802] inferred FSM for state register 'state_reg' in module 'uart_rx'
INFO: [Synth 8-802] inferred FSM for state register 'state_reg' in module 'uart_tx'
INFO: [Synth 8-802] inferred FSM for state register 'ddr_bridge_state_reg' in module 'top_level'
INFO: [Synth 8-802] inferred FSM for state register 'rx_state_reg' in module 'top_level'
INFO: [Synth 8-802] inferred FSM for state register 'tx_state_reg' in module 'top_level'
---------------------------------------------------------------------------------------------------
                   State |                     New Encoding |                Previous Encoding 
---------------------------------------------------------------------------------------------------
                  S_IDLE |                            00001 |                              000
                 S_START |                            00010 |                              001
                  S_DATA |                            00100 |                              010
                  S_STOP |                            01000 |                              011
                  S_DONE |                            10000 |                              100
---------------------------------------------------------------------------------------------------
INFO: [Synth 8-3354] encoded FSM with state register 'state_reg' using encoding 'one-hot' in module 'uart_rx'
---------------------------------------------------------------------------------------------------
                   State |                     New Encoding |                Previous Encoding 
---------------------------------------------------------------------------------------------------
                  S_IDLE |                              000 |                              000
                 S_START |                              001 |                              001
                  S_DATA |                              010 |                              010
                  S_STOP |                              011 |                              011
                  S_DONE |                              100 |                              100
---------------------------------------------------------------------------------------------------
INFO: [Synth 8-3354] encoded FSM with state register 'state_reg' using encoding 'sequential' in module 'uart_tx'
---------------------------------------------------------------------------------------------------
                   State |                     New Encoding |                Previous Encoding 
---------------------------------------------------------------------------------------------------
              DDRBR_IDLE |                              000 |                              000
             DDRBR_ISSUE |                              001 |                              001
          DDRBR_WAIT_ACK |                              010 |                              010
      DDRBR_READ_CAPTURE |                              011 |                              011
              DDRBR_RESP |                              100 |                              100
---------------------------------------------------------------------------------------------------
INFO: [Synth 8-3354] encoded FSM with state register 'ddr_bridge_state_reg' using encoding 'sequential' in module 'top_level'
INFO: [Synth 8-7082] The signal batch_assign_mem_reg is implemented as Block RAM but is better mapped onto distributed LUT RAM for the following reason(s): The depth (6 address bits) is shallow. Please use attribute (* ram_style = "distributed" *) to instruct Vivado to infer distributed LUT RAM.
---------------------------------------------------------------------------------------------------
                   State |                     New Encoding |                Previous Encoding 
---------------------------------------------------------------------------------------------------
                 TX_IDLE |                              001 |                               00
                 TX_SEND |                              010 |                               01
            TX_WAIT_DONE |                              100 |                               10
---------------------------------------------------------------------------------------------------
INFO: [Synth 8-3354] encoded FSM with state register 'tx_state_reg' using encoding 'one-hot' in module 'top_level'
---------------------------------------------------------------------------------
Finished RTL Optimization Phase 2 : Time (s): cpu = 00:00:32 ; elapsed = 00:00:32 . Memory (MB): peak = 2772.031 ; gain = 1099.602 ; free physical = 14303 ; free virtual = 33476
---------------------------------------------------------------------------------
---------------------------------------------------------------------------------
Start RTL Component Statistics 
---------------------------------------------------------------------------------
Detailed RTL Component Info : 
+---Adders : 
	   2 Input   64 Bit       Adders := 28    
	   2 Input   45 Bit       Adders := 1     
	   2 Input   42 Bit       Adders := 10    
	   2 Input   35 Bit       Adders := 2     
	   2 Input   32 Bit       Adders := 63    
	   3 Input   32 Bit       Adders := 6     
	   4 Input   32 Bit       Adders := 1     
	   2 Input   31 Bit       Adders := 4     
	   3 Input   31 Bit       Adders := 2     
	   2 Input   24 Bit       Adders := 6     
	   2 Input   23 Bit       Adders := 1     
	   2 Input   18 Bit       Adders := 1     
	   2 Input   17 Bit       Adders := 9     
	   2 Input   16 Bit       Adders := 8     
	   3 Input   16 Bit       Adders := 2     
	   2 Input   14 Bit       Adders := 4     
	   2 Input   11 Bit       Adders := 2     
	   2 Input   10 Bit       Adders := 17    
	   2 Input    9 Bit       Adders := 1     
	   2 Input    8 Bit       Adders := 2     
	   2 Input    7 Bit       Adders := 15    
	   3 Input    7 Bit       Adders := 1     
	   2 Input    6 Bit       Adders := 6     
	   2 Input    5 Bit       Adders := 10    
	   2 Input    4 Bit       Adders := 39    
	   2 Input    3 Bit       Adders := 9     
	   2 Input    2 Bit       Adders := 6     
	   2 Input    1 Bit       Adders := 2     
+---XORs : 
	   2 Input      8 Bit         XORs := 9     
	   5 Input      8 Bit         XORs := 1     
+---Registers : 
	              128 Bit    Registers := 11    
	               73 Bit    Registers := 4     
	               64 Bit    Registers := 11    
	               59 Bit    Registers := 1     
	               56 Bit    Registers := 1     
	               53 Bit    Registers := 1     
	               50 Bit    Registers := 4     
	               49 Bit    Registers := 3     
	               46 Bit    Registers := 2     
	               43 Bit    Registers := 1     
	               40 Bit    Registers := 2     
	               36 Bit    Registers := 1     
	               32 Bit    Registers := 411   
	               31 Bit    Registers := 1     
	               28 Bit    Registers := 1     
	               24 Bit    Registers := 8     
	               17 Bit    Registers := 24    
	               16 Bit    Registers := 49    
	               15 Bit    Registers := 1     
	               14 Bit    Registers := 23    
	               12 Bit    Registers := 1     
	               11 Bit    Registers := 1     
	               10 Bit    Registers := 30    
	                8 Bit    Registers := 24    
	                7 Bit    Registers := 25    
	                6 Bit    Registers := 9     
	                5 Bit    Registers := 17    
	                4 Bit    Registers := 46    
	                3 Bit    Registers := 24    
	                2 Bit    Registers := 21    
	                1 Bit    Registers := 146   
+---Multipliers : 
	              32x32  Multipliers := 6     
	              27x32  Multipliers := 1     
	              17x32  Multipliers := 3     
	              16x32  Multipliers := 2     
	              14x32  Multipliers := 3     
	              11x32  Multipliers := 6     
	               8x32  Multipliers := 1     
	               4x32  Multipliers := 2     
	              10x32  Multipliers := 2     
	              21x32  Multipliers := 2     
+---RAMs : 
	             183K Bit	(11760 X 16 bit)          RAMs := 1     
	              39K Bit	(10000 X 4 bit)          RAMs := 1     
	              24K Bit	(784 X 32 bit)          RAMs := 1     
	              15K Bit	(500 X 32 bit)          RAMs := 1     
	               9K Bit	(784 X 12 bit)          RAMs := 1     
	               7K Bit	(784 X 10 bit)          RAMs := 1     
	               6K Bit	(784 X 8 bit)          RAMs := 2     
	               1K Bit	(50 X 32 bit)          RAMs := 13    
	              800 Bit	(50 X 16 bit)          RAMs := 4     
	              320 Bit	(10 X 32 bit)          RAMs := 1     
	              200 Bit	(50 X 4 bit)          RAMs := 1     
	               50 Bit	(50 X 1 bit)          RAMs := 1     
+---ROMs : 
	                    ROMs := 5     
+---Muxes : 
	   2 Input  128 Bit        Muxes := 12    
	   4 Input  128 Bit        Muxes := 1     
	   2 Input  120 Bit        Muxes := 3     
	   2 Input   64 Bit        Muxes := 2     
	   9 Input   64 Bit        Muxes := 2     
	   4 Input   32 Bit        Muxes := 10    
	   2 Input   32 Bit        Muxes := 1103  
	   9 Input   32 Bit        Muxes := 19    
	   8 Input   32 Bit        Muxes := 7     
	  26 Input   32 Bit        Muxes := 22    
	   7 Input   32 Bit        Muxes := 31    
	   3 Input   32 Bit        Muxes := 5     
	  67 Input   32 Bit        Muxes := 12    
	   6 Input   32 Bit        Muxes := 2     
	   5 Input   32 Bit        Muxes := 1     
	   7 Input   31 Bit        Muxes := 1     
	   2 Input   31 Bit        Muxes := 8     
	   2 Input   30 Bit        Muxes := 1     
	   3 Input   28 Bit        Muxes := 1     
	   2 Input   24 Bit        Muxes := 25    
	   4 Input   24 Bit        Muxes := 1     
	   7 Input   20 Bit        Muxes := 1     
	   2 Input   20 Bit        Muxes := 9     
	   9 Input   20 Bit        Muxes := 1     
	   5 Input   20 Bit        Muxes := 1     
	   2 Input   17 Bit        Muxes := 53    
	   7 Input   17 Bit        Muxes := 1     
	   9 Input   17 Bit        Muxes := 1     
	  26 Input   17 Bit        Muxes := 1     
	   3 Input   16 Bit        Muxes := 2     
	  25 Input   16 Bit        Muxes := 1     
	   2 Input   16 Bit        Muxes := 55    
	   5 Input   16 Bit        Muxes := 3     
	   7 Input   16 Bit        Muxes := 3     
	  26 Input   16 Bit        Muxes := 5     
	  67 Input   16 Bit        Muxes := 2     
	   9 Input   16 Bit        Muxes := 3     
	   6 Input   16 Bit        Muxes := 1     
	   2 Input   15 Bit        Muxes := 2     
	   2 Input   14 Bit        Muxes := 191   
	   7 Input   14 Bit        Muxes := 1     
	   9 Input   14 Bit        Muxes := 1     
	  26 Input   14 Bit        Muxes := 2     
	   6 Input   14 Bit        Muxes := 2     
	   2 Input   12 Bit        Muxes := 2     
	   2 Input   10 Bit        Muxes := 60    
	   7 Input   10 Bit        Muxes := 4     
	  26 Input   10 Bit        Muxes := 8     
	   8 Input   10 Bit        Muxes := 7     
	   9 Input   10 Bit        Muxes := 3     
	   6 Input   10 Bit        Muxes := 2     
	  12 Input   10 Bit        Muxes := 1     
	   2 Input    9 Bit        Muxes := 5     
	   9 Input    9 Bit        Muxes := 1     
	   2 Input    8 Bit        Muxes := 135   
	   4 Input    8 Bit        Muxes := 7     
	   7 Input    8 Bit        Muxes := 3     
	   9 Input    8 Bit        Muxes := 1     
	   5 Input    8 Bit        Muxes := 3     
	   8 Input    8 Bit        Muxes := 1     
	   3 Input    8 Bit        Muxes := 1     
	   2 Input    7 Bit        Muxes := 71    
	   7 Input    7 Bit        Muxes := 3     
	   9 Input    7 Bit        Muxes := 6     
	  26 Input    7 Bit        Muxes := 7     
	   8 Input    7 Bit        Muxes := 2     
	  67 Input    7 Bit        Muxes := 1     
	   3 Input    7 Bit        Muxes := 1     
	   4 Input    7 Bit        Muxes := 1     
	  12 Input    7 Bit        Muxes := 1     
	  25 Input    6 Bit        Muxes := 3     
	   2 Input    6 Bit        Muxes := 3     
	  67 Input    6 Bit        Muxes := 2     
	   2 Input    5 Bit        Muxes := 72    
	   3 Input    5 Bit        Muxes := 3     
	   7 Input    5 Bit        Muxes := 2     
	   5 Input    5 Bit        Muxes := 2     
	  26 Input    5 Bit        Muxes := 2     
	   8 Input    5 Bit        Muxes := 1     
	   2 Input    4 Bit        Muxes := 748   
	   4 Input    4 Bit        Muxes := 2     
	   7 Input    4 Bit        Muxes := 1     
	   9 Input    4 Bit        Muxes := 2     
	   8 Input    4 Bit        Muxes := 1     
	   6 Input    4 Bit        Muxes := 1     
	   3 Input    4 Bit        Muxes := 3     
	  25 Input    3 Bit        Muxes := 1     
	   2 Input    3 Bit        Muxes := 103   
	   4 Input    3 Bit        Muxes := 2     
	   5 Input    3 Bit        Muxes := 4     
	   7 Input    3 Bit        Muxes := 8     
	   8 Input    3 Bit        Muxes := 7     
	  26 Input    3 Bit        Muxes := 4     
	   9 Input    3 Bit        Muxes := 3     
	   3 Input    3 Bit        Muxes := 4     
	   6 Input    3 Bit        Muxes := 4     
	   2 Input    2 Bit        Muxes := 127   
	  25 Input    2 Bit        Muxes := 2     
	   7 Input    2 Bit        Muxes := 5     
	   5 Input    2 Bit        Muxes := 1     
	  26 Input    2 Bit        Muxes := 2     
	   3 Input    2 Bit        Muxes := 3     
	   9 Input    2 Bit        Muxes := 3     
	   8 Input    2 Bit        Muxes := 1     
	  25 Input    1 Bit        Muxes := 11    
	   2 Input    1 Bit        Muxes := 2461  
	   3 Input    1 Bit        Muxes := 48    
	   4 Input    1 Bit        Muxes := 303   
	   5 Input    1 Bit        Muxes := 38    
	   9 Input    1 Bit        Muxes := 74    
	   7 Input    1 Bit        Muxes := 123   
	  26 Input    1 Bit        Muxes := 89    
	   8 Input    1 Bit        Muxes := 40    
	   6 Input    1 Bit        Muxes := 18    
	  67 Input    1 Bit        Muxes := 3     
	  12 Input    1 Bit        Muxes := 7     
---------------------------------------------------------------------------------
Finished RTL Component Statistics 
---------------------------------------------------------------------------------
---------------------------------------------------------------------------------
Start Part Resource Summary
---------------------------------------------------------------------------------
Part Resources:
DSPs: 120 (col length:60)
BRAMs: 150 (col length: RAMB18 60 RAMB36 30)
---------------------------------------------------------------------------------
Finished Part Resource Summary
---------------------------------------------------------------------------------
---------------------------------------------------------------------------------
Start Cross Boundary and Area Optimization
---------------------------------------------------------------------------------
DSP Report: Generating DSP infer_rng_mul_prod_q320, operation Mode is: (A:0x19660d)*B2.
DSP Report: register infer_rng_mul_prod_q320 is absorbed into DSP infer_rng_mul_prod_q320.
DSP Report: operator infer_rng_mul_prod_q320 is absorbed into DSP infer_rng_mul_prod_q320.
DSP Report: operator infer_rng_mul_prod_q320 is absorbed into DSP infer_rng_mul_prod_q320.
DSP Report: Generating DSP infer_rng_mul_prod_q32_reg, operation Mode is: (PCIN>>17)+(A:0x19660d)*B2.
DSP Report: register infer_rng_state_reg is absorbed into DSP infer_rng_mul_prod_q32_reg.
DSP Report: register infer_rng_mul_prod_q32_reg is absorbed into DSP infer_rng_mul_prod_q32_reg.
DSP Report: operator infer_rng_mul_prod_q320 is absorbed into DSP infer_rng_mul_prod_q32_reg.
DSP Report: operator infer_rng_mul_prod_q320 is absorbed into DSP infer_rng_mul_prod_q32_reg.
DSP Report: Generating DSP infer_apply_exc_drive_prod_q320, operation Mode is: A2*(B:0x199a).
DSP Report: register infer_apply_exc_drive_prod_q320 is absorbed into DSP infer_apply_exc_drive_prod_q320.
DSP Report: operator infer_apply_exc_drive_prod_q320 is absorbed into DSP infer_apply_exc_drive_prod_q320.
DSP Report: operator infer_apply_exc_drive_prod_q320 is absorbed into DSP infer_apply_exc_drive_prod_q320.
DSP Report: Generating DSP infer_apply_exc_drive_prod_q32_reg, operation Mode is: (PCIN>>17)+A2*(B:0x199a).
DSP Report: register infer_apply_inh_eexc_minus_v_reg is absorbed into DSP infer_apply_exc_drive_prod_q32_reg.
DSP Report: register infer_apply_exc_drive_prod_q32_reg is absorbed into DSP infer_apply_exc_drive_prod_q32_reg.
DSP Report: operator infer_apply_exc_drive_prod_q320 is absorbed into DSP infer_apply_exc_drive_prod_q32_reg.
DSP Report: operator infer_apply_exc_drive_prod_q320 is absorbed into DSP infer_apply_exc_drive_prod_q32_reg.
DSP Report: Generating DSP infer_apply_i_syn_exc_prod_q320, operation Mode is: A''*B.
DSP Report: register infer_apply_i_syn_exc_prod_q320 is absorbed into DSP infer_apply_i_syn_exc_prod_q320.
DSP Report: register infer_apply_i_syn_exc_prod_q320 is absorbed into DSP infer_apply_i_syn_exc_prod_q320.
DSP Report: operator infer_apply_i_syn_exc_prod_q320 is absorbed into DSP infer_apply_i_syn_exc_prod_q320.
DSP Report: operator infer_apply_i_syn_exc_prod_q320 is absorbed into DSP infer_apply_i_syn_exc_prod_q320.
DSP Report: Generating DSP infer_apply_i_syn_exc_prod_q32_reg, operation Mode is: (PCIN>>17)+A*B''.
DSP Report: register infer_apply_exc_drive_dt_inh_reg is absorbed into DSP infer_apply_i_syn_exc_prod_q32_reg.
DSP Report: register infer_apply_i_syn_exc_mul_b_reg is absorbed into DSP infer_apply_i_syn_exc_prod_q32_reg.
DSP Report: register infer_apply_i_syn_exc_prod_q32_reg is absorbed into DSP infer_apply_i_syn_exc_prod_q32_reg.
DSP Report: operator infer_apply_i_syn_exc_prod_q320 is absorbed into DSP infer_apply_i_syn_exc_prod_q32_reg.
DSP Report: operator infer_apply_i_syn_exc_prod_q320 is absorbed into DSP infer_apply_i_syn_exc_prod_q32_reg.
DSP Report: Generating DSP infer_apply_i_syn_exc_prod_q320, operation Mode is: A*B''.
DSP Report: register infer_apply_i_syn_exc_prod_q320 is absorbed into DSP infer_apply_i_syn_exc_prod_q320.
DSP Report: register infer_apply_i_syn_exc_prod_q320 is absorbed into DSP infer_apply_i_syn_exc_prod_q320.
DSP Report: operator infer_apply_i_syn_exc_prod_q320 is absorbed into DSP infer_apply_i_syn_exc_prod_q320.
DSP Report: operator infer_apply_i_syn_exc_prod_q320 is absorbed into DSP infer_apply_i_syn_exc_prod_q320.
DSP Report: Generating DSP infer_apply_i_syn_exc_prod_q32_reg, operation Mode is: (PCIN>>17)+A*B''.
DSP Report: register infer_apply_exc_drive_dt_inh_reg is absorbed into DSP infer_apply_i_syn_exc_prod_q32_reg.
DSP Report: register infer_apply_i_syn_exc_mul_b_reg is absorbed into DSP infer_apply_i_syn_exc_prod_q32_reg.
DSP Report: register infer_apply_i_syn_exc_prod_q32_reg is absorbed into DSP infer_apply_i_syn_exc_prod_q32_reg.
DSP Report: operator infer_apply_i_syn_exc_prod_q320 is absorbed into DSP infer_apply_i_syn_exc_prod_q32_reg.
DSP Report: operator infer_apply_i_syn_exc_prod_q320 is absorbed into DSP infer_apply_i_syn_exc_prod_q32_reg.
DSP Report: Generating DSP infer_apply_leak_prod_q320, operation Mode is: A2*(B:0x199a).
DSP Report: register infer_apply_leak_prod_q320 is absorbed into DSP infer_apply_leak_prod_q320.
DSP Report: operator infer_apply_leak_prod_q320 is absorbed into DSP infer_apply_leak_prod_q320.
DSP Report: operator infer_apply_leak_prod_q320 is absorbed into DSP infer_apply_leak_prod_q320.
DSP Report: Generating DSP infer_apply_leak_prod_q32_reg, operation Mode is: (PCIN>>17)+A2*(B:0x199a).
DSP Report: register infer_apply_inh_vrest_minus_v_reg is absorbed into DSP infer_apply_leak_prod_q32_reg.
DSP Report: register infer_apply_leak_prod_q32_reg is absorbed into DSP infer_apply_leak_prod_q32_reg.
DSP Report: operator infer_apply_leak_prod_q320 is absorbed into DSP infer_apply_leak_prod_q32_reg.
DSP Report: operator infer_apply_leak_prod_q320 is absorbed into DSP infer_apply_leak_prod_q32_reg.
DSP Report: Generating DSP infer_delay_pipe_mul_prod_q320, operation Mode is: A2*(B:0x0).
DSP Report: register infer_accum_reg is absorbed into DSP infer_delay_pipe_mul_prod_q320.
DSP Report: operator infer_delay_pipe_mul_prod_q320 is absorbed into DSP infer_delay_pipe_mul_prod_q320.
DSP Report: operator infer_delay_pipe_mul_prod_q320 is absorbed into DSP infer_delay_pipe_mul_prod_q320.
DSP Report: Generating DSP infer_delay_pipe_mul_prod_q32_reg, operation Mode is: (PCIN>>17)+A2*B.
DSP Report: register infer_accum_reg is absorbed into DSP infer_delay_pipe_mul_prod_q32_reg.
DSP Report: register infer_delay_pipe_mul_prod_q32_reg is absorbed into DSP infer_delay_pipe_mul_prod_q32_reg.
DSP Report: operator infer_delay_pipe_mul_prod_q320 is absorbed into DSP infer_delay_pipe_mul_prod_q32_reg.
DSP Report: operator infer_delay_pipe_mul_prod_q320 is absorbed into DSP infer_delay_pipe_mul_prod_q32_reg.
DSP Report: Generating DSP infer_delay_pipe_mul_prod_q320, operation Mode is: A2*(B:0x0).
DSP Report: register infer_delay_pipe_mul_prod_q320 is absorbed into DSP infer_delay_pipe_mul_prod_q320.
DSP Report: operator infer_delay_pipe_mul_prod_q320 is absorbed into DSP infer_delay_pipe_mul_prod_q320.
DSP Report: operator infer_delay_pipe_mul_prod_q320 is absorbed into DSP infer_delay_pipe_mul_prod_q320.
DSP Report: Generating DSP infer_delay_pipe_mul_prod_q32_reg, operation Mode is: (PCIN>>17)+A2*B.
DSP Report: register infer_delay_pipe_mul_prod_q32_reg is absorbed into DSP infer_delay_pipe_mul_prod_q32_reg.
DSP Report: register infer_delay_pipe_mul_prod_q32_reg is absorbed into DSP infer_delay_pipe_mul_prod_q32_reg.
DSP Report: operator infer_delay_pipe_mul_prod_q320 is absorbed into DSP infer_delay_pipe_mul_prod_q32_reg.
DSP Report: operator infer_delay_pipe_mul_prod_q320 is absorbed into DSP infer_delay_pipe_mul_prod_q32_reg.
DSP Report: Generating DSP infer_eval_i_syn_exc_prod_q320, operation Mode is: A2*B''.
DSP Report: register infer_delay_pipe_delayed_g_in_reg is absorbed into DSP infer_eval_i_syn_exc_prod_q320.
DSP Report: register infer_eval_delayed_g_in_reg is absorbed into DSP infer_eval_i_syn_exc_prod_q320.
DSP Report: register infer_eval_i_syn_exc_prod_q320 is absorbed into DSP infer_eval_i_syn_exc_prod_q320.
DSP Report: operator infer_eval_i_syn_exc_prod_q320 is absorbed into DSP infer_eval_i_syn_exc_prod_q320.
DSP Report: operator infer_eval_i_syn_exc_prod_q320 is absorbed into DSP infer_eval_i_syn_exc_prod_q320.
DSP Report: Generating DSP infer_eval_i_syn_exc_prod_q32_reg, operation Mode is: (PCIN>>17)+A''*B2.
DSP Report: register infer_eval_exc_drive_dt_reg is absorbed into DSP infer_eval_i_syn_exc_prod_q32_reg.
DSP Report: register infer_delay_pipe_delayed_g_in_reg is absorbed into DSP infer_eval_i_syn_exc_prod_q32_reg.
DSP Report: register infer_eval_delayed_g_in_reg is absorbed into DSP infer_eval_i_syn_exc_prod_q32_reg.
DSP Report: register infer_eval_i_syn_exc_prod_q32_reg is absorbed into DSP infer_eval_i_syn_exc_prod_q32_reg.
DSP Report: operator infer_eval_i_syn_exc_prod_q320 is absorbed into DSP infer_eval_i_syn_exc_prod_q32_reg.
DSP Report: operator infer_eval_i_syn_exc_prod_q320 is absorbed into DSP infer_eval_i_syn_exc_prod_q32_reg.
DSP Report: Generating DSP infer_eval_i_syn_exc_prod_q320, operation Mode is: A''*B2.
DSP Report: register infer_eval_i_syn_exc_prod_q320 is absorbed into DSP infer_eval_i_syn_exc_prod_q320.
DSP Report: register infer_eval_i_syn_exc_prod_q320 is absorbed into DSP infer_eval_i_syn_exc_prod_q320.
DSP Report: register infer_eval_i_syn_exc_prod_q320 is absorbed into DSP infer_eval_i_syn_exc_prod_q320.
DSP Report: operator infer_eval_i_syn_exc_prod_q320 is absorbed into DSP infer_eval_i_syn_exc_prod_q320.
DSP Report: operator infer_eval_i_syn_exc_prod_q320 is absorbed into DSP infer_eval_i_syn_exc_prod_q320.
DSP Report: Generating DSP infer_eval_i_syn_exc_prod_q32_reg, operation Mode is: (PCIN>>17)+A''*B2.
DSP Report: register infer_eval_exc_drive_dt_reg is absorbed into DSP infer_eval_i_syn_exc_prod_q32_reg.
DSP Report: register infer_eval_i_syn_exc_prod_q32_reg is absorbed into DSP infer_eval_i_syn_exc_prod_q32_reg.
DSP Report: register infer_eval_i_syn_exc_prod_q32_reg is absorbed into DSP infer_eval_i_syn_exc_prod_q32_reg.
DSP Report: register infer_eval_i_syn_exc_prod_q32_reg is absorbed into DSP infer_eval_i_syn_exc_prod_q32_reg.
DSP Report: operator infer_eval_i_syn_exc_prod_q320 is absorbed into DSP infer_eval_i_syn_exc_prod_q32_reg.
DSP Report: operator infer_eval_i_syn_exc_prod_q320 is absorbed into DSP infer_eval_i_syn_exc_prod_q32_reg.
DSP Report: Generating DSP batch_infer_eval_cmp_rhs0, operation Mode is: A2*B.
DSP Report: register batch_infer_eval_cmp_rhs0 is absorbed into DSP batch_infer_eval_cmp_rhs0.
DSP Report: operator batch_infer_eval_cmp_rhs0 is absorbed into DSP batch_infer_eval_cmp_rhs0.
DSP Report: operator batch_infer_eval_cmp_rhs0 is absorbed into DSP batch_infer_eval_cmp_rhs0.
DSP Report: Generating DSP batch_infer_eval_cmp_rhs0, operation Mode is: (PCIN>>17)+A*B2.
DSP Report: register batch_infer_eval_best_sum_reg is absorbed into DSP batch_infer_eval_cmp_rhs0.
DSP Report: operator batch_infer_eval_cmp_rhs0 is absorbed into DSP batch_infer_eval_cmp_rhs0.
DSP Report: operator batch_infer_eval_cmp_rhs0 is absorbed into DSP batch_infer_eval_cmp_rhs0.
DSP Report: Generating DSP batch_infer_eval_cmp_lhs0, operation Mode is: A2*B2.
DSP Report: register batch_infer_eval_cmp_lhs0 is absorbed into DSP batch_infer_eval_cmp_lhs0.
DSP Report: register batch_infer_eval_cmp_lhs0 is absorbed into DSP batch_infer_eval_cmp_lhs0.
DSP Report: operator batch_infer_eval_cmp_lhs0 is absorbed into DSP batch_infer_eval_cmp_lhs0.
DSP Report: operator batch_infer_eval_cmp_lhs0 is absorbed into DSP batch_infer_eval_cmp_lhs0.
DSP Report: Generating DSP batch_infer_eval_cmp_lhs0, operation Mode is: (PCIN>>17)+A2*B2.
DSP Report: register batch_infer_eval_curr_sum_q_reg is absorbed into DSP batch_infer_eval_cmp_lhs0.
DSP Report: register batch_infer_eval_cmp_lhs0 is absorbed into DSP batch_infer_eval_cmp_lhs0.
DSP Report: operator batch_infer_eval_cmp_lhs0 is absorbed into DSP batch_infer_eval_cmp_lhs0.
DSP Report: operator batch_infer_eval_cmp_lhs0 is absorbed into DSP batch_infer_eval_cmp_lhs0.
WARNING: [Synth 8-3917] design top_level has port SD_DQ1 driven by constant 1
WARNING: [Synth 8-3917] design top_level has port SD_DQ2 driven by constant 1
WARNING: [Synth 8-3917] design top_level has port led[13] driven by constant 0
WARNING: [Synth 8-3917] design top_level has port led[12] driven by constant 0
WARNING: [Synth 8-3917] design top_level has port led[11] driven by constant 0
WARNING: [Synth 8-3917] design top_level has port led[10] driven by constant 0
WARNING: [Synth 8-3917] design top_level has port led[9] driven by constant 0
WARNING: [Synth 8-3917] design top_level has port led[8] driven by constant 0
WARNING: [Synth 8-3917] design top_level has port led[7] driven by constant 0
WARNING: [Synth 8-3917] design top_level has port led[6] driven by constant 0
WARNING: [Synth 8-3917] design top_level has port led[5] driven by constant 0
WARNING: [Synth 8-3917] design top_level has port led[4] driven by constant 0
WARNING: [Synth 8-3917] design top_level has port led[3] driven by constant 0
WARNING: [Synth 8-3917] design top_level has port led[2] driven by constant 0
WARNING: [Synth 8-3917] design top_level has port led[1] driven by constant 0
WARNING: [Synth 8-3917] design top_level has port led[0] driven by constant 0
WARNING: [Synth 8-3917] design top_level has port rgb0[1] driven by constant 0
WARNING: [Synth 8-3917] design top_level has port rgb1[2] driven by constant 0
WARNING: [Synth 8-3917] design top_level has port rgb1[1] driven by constant 0
WARNING: [Synth 8-3917] design top_level has port rgb1[0] driven by constant 0
WARNING: [Synth 8-3917] design top_level has port pmoda[1] driven by constant 0
WARNING: [Synth 8-7129] Port btn[3] in module top_level is either unconnected or has no load
WARNING: [Synth 8-7129] Port btn[2] in module top_level is either unconnected or has no load
WARNING: [Synth 8-7129] Port btn[1] in module top_level is either unconnected or has no load
WARNING: [Synth 8-7129] Port sw[15] in module top_level is either unconnected or has no load
WARNING: [Synth 8-7129] Port sw[14] in module top_level is either unconnected or has no load
WARNING: [Synth 8-7129] Port sw[13] in module top_level is either unconnected or has no load
WARNING: [Synth 8-7129] Port sw[12] in module top_level is either unconnected or has no load
WARNING: [Synth 8-7129] Port sw[11] in module top_level is either unconnected or has no load
WARNING: [Synth 8-7129] Port sw[10] in module top_level is either unconnected or has no load
WARNING: [Synth 8-7129] Port sw[9] in module top_level is either unconnected or has no load
WARNING: [Synth 8-7129] Port sw[8] in module top_level is either unconnected or has no load
WARNING: [Synth 8-7129] Port sw[7] in module top_level is either unconnected or has no load
WARNING: [Synth 8-7129] Port sw[6] in module top_level is either unconnected or has no load
WARNING: [Synth 8-7129] Port sw[5] in module top_level is either unconnected or has no load
WARNING: [Synth 8-7129] Port sw[4] in module top_level is either unconnected or has no load
WARNING: [Synth 8-7129] Port sw[3] in module top_level is either unconnected or has no load
WARNING: [Synth 8-7129] Port sw[2] in module top_level is either unconnected or has no load
WARNING: [Synth 8-7129] Port sw[1] in module top_level is either unconnected or has no load
WARNING: [Synth 8-7129] Port sw[0] in module top_level is either unconnected or has no load
WARNING: [Synth 8-6849] Infeasible attribute ram_style = "block" set for RAM "top_level/infer_g_in_delay0_reg",trying to implement using LUTRAM
WARNING: [Synth 8-6849] Infeasible attribute ram_style = "block" set for RAM "top_level/infer_g_in_delay0_reg",trying to implement using LUTRAM
WARNING: [Synth 8-6849] Infeasible attribute ram_style = "block" set for RAM "top_level/infer_g_in_delay0_reg",trying to implement using LUTRAM
WARNING: [Synth 8-6849] Infeasible attribute ram_style = "block" set for RAM "top_level/infer_g_in_delay0_reg",trying to implement using LUTRAM
WARNING: [Synth 8-6849] Infeasible attribute ram_style = "block" set for RAM "top_level/infer_g_in_delay1_reg",trying to implement using LUTRAM
WARNING: [Synth 8-6849] Infeasible attribute ram_style = "block" set for RAM "top_level/infer_g_in_delay1_reg",trying to implement using LUTRAM
WARNING: [Synth 8-6849] Infeasible attribute ram_style = "block" set for RAM "top_level/infer_g_in_delay1_reg",trying to implement using LUTRAM
WARNING: [Synth 8-6849] Infeasible attribute ram_style = "block" set for RAM "top_level/infer_g_in_delay1_reg",trying to implement using LUTRAM
WARNING: [Synth 8-6849] Infeasible attribute ram_style = "block" set for RAM "top_level/infer_g_in_delay2_reg",trying to implement using LUTRAM
WARNING: [Synth 8-6849] Infeasible attribute ram_style = "block" set for RAM "top_level/infer_g_in_delay2_reg",trying to implement using LUTRAM
WARNING: [Synth 8-6849] Infeasible attribute ram_style = "block" set for RAM "top_level/infer_g_in_delay2_reg",trying to implement using LUTRAM
WARNING: [Synth 8-6849] Infeasible attribute ram_style = "block" set for RAM "top_level/infer_g_in_delay2_reg",trying to implement using LUTRAM
WARNING: [Synth 8-6849] Infeasible attribute ram_style = "block" set for RAM "top_level/infer_g_in_delay3_reg",trying to implement using LUTRAM
WARNING: [Synth 8-6849] Infeasible attribute ram_style = "block" set for RAM "top_level/infer_g_in_delay3_reg",trying to implement using LUTRAM
WARNING: [Synth 8-6849] Infeasible attribute ram_style = "block" set for RAM "top_level/infer_g_in_delay3_reg",trying to implement using LUTRAM
WARNING: [Synth 8-6849] Infeasible attribute ram_style = "block" set for RAM "top_level/infer_g_in_delay3_reg",trying to implement using LUTRAM
WARNING: [Synth 8-6849] Infeasible attribute ram_style = "block" set for RAM "top_level/infer_g_in_delay4_reg",trying to implement using LUTRAM
WARNING: [Synth 8-6849] Infeasible attribute ram_style = "block" set for RAM "top_level/infer_g_in_delay4_reg",trying to implement using LUTRAM
WARNING: [Synth 8-6849] Infeasible attribute ram_style = "block" set for RAM "top_level/infer_g_in_delay4_reg",trying to implement using LUTRAM
WARNING: [Synth 8-6849] Infeasible attribute ram_style = "block" set for RAM "top_level/infer_g_in_delay4_reg",trying to implement using LUTRAM
WARNING: [Synth 8-6849] Infeasible attribute ram_style = "block" set for RAM "top_level/infer_c_inh_state_reg",trying to implement using LUTRAM
WARNING: [Synth 8-6849] Infeasible attribute ram_style = "block" set for RAM "top_level/infer_c_inh_state_reg",trying to implement using LUTRAM
INFO: [Synth 8-5546] ROM "read_rom_instruction" won't be mapped to RAM because it is too sparse
WARNING: [Synth 8-3917] design ddr3_controller has port o_wb_err driven by constant 0
WARNING: [Synth 8-3917] design ddr3_controller has port o_wb2_stall driven by constant 1
WARNING: [Synth 8-3917] design ddr3_controller has port o_wb2_ack driven by constant 0
WARNING: [Synth 8-3917] design ddr3_controller has port o_wb2_data[31] driven by constant 0
WARNING: [Synth 8-3917] design ddr3_controller has port o_wb2_data[30] driven by constant 0
WARNING: [Synth 8-3917] design ddr3_controller has port o_wb2_data[29] driven by constant 0
WARNING: [Synth 8-3917] design ddr3_controller has port o_wb2_data[28] driven by constant 0
WARNING: [Synth 8-3917] design ddr3_controller has port o_wb2_data[27] driven by constant 0
WARNING: [Synth 8-3917] design ddr3_controller has port o_wb2_data[26] driven by constant 0
WARNING: [Synth 8-3917] design ddr3_controller has port o_wb2_data[25] driven by constant 0
WARNING: [Synth 8-3917] design ddr3_controller has port o_wb2_data[24] driven by constant 0
WARNING: [Synth 8-3917] design ddr3_controller has port o_wb2_data[23] driven by constant 0
WARNING: [Synth 8-3917] design ddr3_controller has port o_wb2_data[22] driven by constant 0
WARNING: [Synth 8-3917] design ddr3_controller has port o_wb2_data[21] driven by constant 0
WARNING: [Synth 8-3917] design ddr3_controller has port o_wb2_data[20] driven by constant 0
WARNING: [Synth 8-3917] design ddr3_controller has port o_wb2_data[19] driven by constant 0
WARNING: [Synth 8-3917] design ddr3_controller has port o_wb2_data[18] driven by constant 0
WARNING: [Synth 8-3917] design ddr3_controller has port o_wb2_data[17] driven by constant 0
WARNING: [Synth 8-3917] design ddr3_controller has port o_wb2_data[16] driven by constant 0
WARNING: [Synth 8-3917] design ddr3_controller has port o_wb2_data[15] driven by constant 0
WARNING: [Synth 8-3917] design ddr3_controller has port o_wb2_data[14] driven by constant 0
WARNING: [Synth 8-3917] design ddr3_controller has port o_wb2_data[13] driven by constant 0
WARNING: [Synth 8-3917] design ddr3_controller has port o_wb2_data[12] driven by constant 0
WARNING: [Synth 8-3917] design ddr3_controller has port o_wb2_data[11] driven by constant 0
WARNING: [Synth 8-3917] design ddr3_controller has port o_wb2_data[10] driven by constant 0
WARNING: [Synth 8-3917] design ddr3_controller has port o_wb2_data[9] driven by constant 0
WARNING: [Synth 8-3917] design ddr3_controller has port o_wb2_data[8] driven by constant 0
WARNING: [Synth 8-3917] design ddr3_controller has port o_wb2_data[7] driven by constant 0
WARNING: [Synth 8-3917] design ddr3_controller has port o_wb2_data[6] driven by constant 0
WARNING: [Synth 8-3917] design ddr3_controller has port o_wb2_data[5] driven by constant 0
WARNING: [Synth 8-3917] design ddr3_controller has port o_wb2_data[4] driven by constant 0
WARNING: [Synth 8-3917] design ddr3_controller has port o_wb2_data[3] driven by constant 0
WARNING: [Synth 8-3917] design ddr3_controller has port o_wb2_data[2] driven by constant 0
WARNING: [Synth 8-3917] design ddr3_controller has port o_wb2_data[1] driven by constant 0
WARNING: [Synth 8-3917] design ddr3_controller has port o_wb2_data[0] driven by constant 0
WARNING: [Synth 8-3917] design ddr3_controller has port o_phy_cmd[47] driven by constant 0
WARNING: [Synth 8-3917] design ddr3_controller has port o_phy_cmd[46] driven by constant 1
WARNING: [Synth 8-3917] design ddr3_controller has port o_phy_cmd[45] driven by constant 1
WARNING: [Synth 8-3917] design ddr3_controller has port o_phy_cmd[44] driven by constant 1
WARNING: [Synth 8-3917] design ddr3_controller has port o_phy_cmd[40] driven by constant 0
WARNING: [Synth 8-3917] design ddr3_controller has port o_phy_cmd[39] driven by constant 0
WARNING: [Synth 8-3917] design ddr3_controller has port o_phy_cmd[38] driven by constant 0
WARNING: [Synth 8-3917] design ddr3_controller has port o_phy_cmd[37] driven by constant 0
WARNING: [Synth 8-3917] design ddr3_controller has port o_phy_cmd[36] driven by constant 0
WARNING: [Synth 8-3917] design ddr3_controller has port o_phy_cmd[35] driven by constant 0
WARNING: [Synth 8-3917] design ddr3_controller has port o_phy_cmd[34] driven by constant 0
WARNING: [Synth 8-3917] design ddr3_controller has port o_phy_cmd[33] driven by constant 0
WARNING: [Synth 8-3917] design ddr3_controller has port o_phy_cmd[32] driven by constant 0
WARNING: [Synth 8-3917] design ddr3_controller has port o_phy_cmd[31] driven by constant 0
WARNING: [Synth 8-3917] design ddr3_controller has port o_phy_cmd[30] driven by constant 0
WARNING: [Synth 8-3917] design ddr3_controller has port o_phy_cmd[29] driven by constant 0
WARNING: [Synth 8-3917] design ddr3_controller has port o_phy_cmd[28] driven by constant 0
WARNING: [Synth 8-3917] design ddr3_controller has port o_phy_cmd[27] driven by constant 0
WARNING: [Synth 8-3917] design ddr3_controller has port o_phy_cmd[26] driven by constant 0
WARNING: [Synth 8-3917] design ddr3_controller has port o_phy_cmd[25] driven by constant 0
WARNING: [Synth 8-3917] design ddr3_controller has port o_phy_cmd[24] driven by constant 0
WARNING: [Synth 8-3917] design ddr3_controller has port o_debug1[31] driven by constant 0
WARNING: [Synth 8-3917] design ddr3_controller has port o_debug1[30] driven by constant 0
WARNING: [Synth 8-3917] design ddr3_controller has port o_debug1[29] driven by constant 0
WARNING: [Synth 8-3917] design ddr3_controller has port o_debug1[28] driven by constant 0
WARNING: [Synth 8-3917] design ddr3_controller has port o_debug1[27] driven by constant 0
WARNING: [Synth 8-3917] design ddr3_controller has port o_debug1[26] driven by constant 0
WARNING: [Synth 8-3917] design ddr3_controller has port o_debug1[25] driven by constant 0
WARNING: [Synth 8-3917] design ddr3_controller has port o_debug1[24] driven by constant 0
WARNING: [Synth 8-3917] design ddr3_controller has port o_debug1[23] driven by constant 0
WARNING: [Synth 8-3917] design ddr3_controller has port o_debug1[22] driven by constant 0
WARNING: [Synth 8-3917] design ddr3_controller has port o_debug1[21] driven by constant 0
WARNING: [Synth 8-3917] design ddr3_controller has port o_debug1[20] driven by constant 0
WARNING: [Synth 8-3917] design ddr3_controller has port o_debug1[19] driven by constant 0
WARNING: [Synth 8-3917] design ddr3_controller has port o_debug1[18] driven by constant 0
WARNING: [Synth 8-3917] design ddr3_controller has port o_debug1[17] driven by constant 0
WARNING: [Synth 8-3917] design ddr3_controller has port o_debug1[16] driven by constant 0
WARNING: [Synth 8-3917] design ddr3_controller has port o_debug1[15] driven by constant 0
WARNING: [Synth 8-3917] design ddr3_controller has port o_debug1[14] driven by constant 0
WARNING: [Synth 8-3917] design ddr3_controller has port o_debug1[13] driven by constant 0
WARNING: [Synth 8-3917] design ddr3_controller has port o_debug1[12] driven by constant 0
WARNING: [Synth 8-3917] design ddr3_controller has port o_debug1[11] driven by constant 0
WARNING: [Synth 8-3917] design ddr3_controller has port o_debug1[10] driven by constant 0
WARNING: [Synth 8-3917] design ddr3_controller has port o_debug1[9] driven by constant 0
WARNING: [Synth 8-3917] design ddr3_controller has port o_debug1[8] driven by constant 0
WARNING: [Synth 8-3917] design ddr3_controller has port o_debug1[7] driven by constant 0
WARNING: [Synth 8-3917] design ddr3_controller has port o_debug1[6] driven by constant 0
WARNING: [Synth 8-3917] design ddr3_controller has port o_debug1[5] driven by constant 0
WARNING: [Synth 8-3917] design ddr3_controller has port uart_tx driven by constant 1
WARNING: [Synth 8-7129] Port i_wb2_cyc in module ddr3_controller is either unconnected or has no load
WARNING: [Synth 8-7129] Port i_wb2_stb in module ddr3_controller is either unconnected or has no load
WARNING: [Synth 8-7129] Port i_wb2_we in module ddr3_controller is either unconnected or has no load
WARNING: [Synth 8-7129] Port i_wb2_addr[31] in module ddr3_controller is either unconnected or has no load
WARNING: [Synth 8-7129] Port i_wb2_addr[30] in module ddr3_controller is either unconnected or has no load
WARNING: [Synth 8-7129] Port i_wb2_addr[29] in module ddr3_controller is either unconnected or has no load
WARNING: [Synth 8-7129] Port i_wb2_addr[28] in module ddr3_controller is either unconnected or has no load
WARNING: [Synth 8-7129] Port i_wb2_addr[27] in module ddr3_controller is either unconnected or has no load
WARNING: [Synth 8-7129] Port i_wb2_addr[26] in module ddr3_controller is either unconnected or has no load
WARNING: [Synth 8-7129] Port i_wb2_addr[25] in module ddr3_controller is either unconnected or has no load
WARNING: [Synth 8-7129] Port i_wb2_addr[24] in module ddr3_controller is either unconnected or has no load
WARNING: [Synth 8-7129] Port i_wb2_addr[23] in module ddr3_controller is either unconnected or has no load
WARNING: [Synth 8-7129] Port i_wb2_addr[22] in module ddr3_controller is either unconnected or has no load
WARNING: [Synth 8-7129] Port i_wb2_addr[21] in module ddr3_controller is either unconnected or has no load
WARNING: [Synth 8-7129] Port i_wb2_addr[20] in module ddr3_controller is either unconnected or has no load
WARNING: [Synth 8-7129] Port i_wb2_addr[19] in module ddr3_controller is either unconnected or has no load
WARNING: [Synth 8-7129] Port i_wb2_addr[18] in module ddr3_controller is either unconnected or has no load
WARNING: [Synth 8-7129] Port i_wb2_addr[17] in module ddr3_controller is either unconnected or has no load
WARNING: [Synth 8-7129] Port i_wb2_addr[16] in module ddr3_controller is either unconnected or has no load
WARNING: [Synth 8-7129] Port i_wb2_addr[15] in module ddr3_controller is either unconnected or has no load
WARNING: [Synth 8-7129] Port i_wb2_addr[14] in module ddr3_controller is either unconnected or has no load
WARNING: [Synth 8-7129] Port i_wb2_addr[13] in module ddr3_controller is either unconnected or has no load
WARNING: [Synth 8-7129] Port i_wb2_addr[12] in module ddr3_controller is either unconnected or has no load
WARNING: [Synth 8-7129] Port i_wb2_addr[11] in module ddr3_controller is either unconnected or has no load
WARNING: [Synth 8-7129] Port i_wb2_addr[10] in module ddr3_controller is either unconnected or has no load
WARNING: [Synth 8-7129] Port i_wb2_addr[9] in module ddr3_controller is either unconnected or has no load
WARNING: [Synth 8-7129] Port i_wb2_addr[8] in module ddr3_controller is either unconnected or has no load
WARNING: [Synth 8-7129] Port i_wb2_addr[7] in module ddr3_controller is either unconnected or has no load
WARNING: [Synth 8-7129] Port i_wb2_addr[6] in module ddr3_controller is either unconnected or has no load
WARNING: [Synth 8-7129] Port i_wb2_addr[5] in module ddr3_controller is either unconnected or has no load
WARNING: [Synth 8-7129] Port i_wb2_addr[4] in module ddr3_controller is either unconnected or has no load
WARNING: [Synth 8-7129] Port i_wb2_addr[3] in module ddr3_controller is either unconnected or has no load
WARNING: [Synth 8-7129] Port i_wb2_addr[2] in module ddr3_controller is either unconnected or has no load
WARNING: [Synth 8-7129] Port i_wb2_addr[1] in module ddr3_controller is either unconnected or has no load
WARNING: [Synth 8-7129] Port i_wb2_addr[0] in module ddr3_controller is either unconnected or has no load
WARNING: [Synth 8-7129] Port i_wb2_sel[3] in module ddr3_controller is either unconnected or has no load
WARNING: [Synth 8-7129] Port i_wb2_sel[2] in module ddr3_controller is either unconnected or has no load
WARNING: [Synth 8-7129] Port i_wb2_sel[1] in module ddr3_controller is either unconnected or has no load
WARNING: [Synth 8-7129] Port i_wb2_sel[0] in module ddr3_controller is either unconnected or has no load
WARNING: [Synth 8-7129] Port i_wb2_data[31] in module ddr3_controller is either unconnected or has no load
WARNING: [Synth 8-7129] Port i_wb2_data[30] in module ddr3_controller is either unconnected or has no load
WARNING: [Synth 8-7129] Port i_wb2_data[29] in module ddr3_controller is either unconnected or has no load
WARNING: [Synth 8-7129] Port i_wb2_data[28] in module ddr3_controller is either unconnected or has no load
WARNING: [Synth 8-7129] Port i_wb2_data[27] in module ddr3_controller is either unconnected or has no load
WARNING: [Synth 8-7129] Port i_wb2_data[26] in module ddr3_controller is either unconnected or has no load
WARNING: [Synth 8-7129] Port i_wb2_data[25] in module ddr3_controller is either unconnected or has no load
WARNING: [Synth 8-7129] Port i_wb2_data[24] in module ddr3_controller is either unconnected or has no load
WARNING: [Synth 8-7129] Port i_wb2_data[23] in module ddr3_controller is either unconnected or has no load
WARNING: [Synth 8-7129] Port i_wb2_data[22] in module ddr3_controller is either unconnected or has no load
WARNING: [Synth 8-7129] Port i_wb2_data[21] in module ddr3_controller is either unconnected or has no load
WARNING: [Synth 8-7129] Port i_wb2_data[20] in module ddr3_controller is either unconnected or has no load
WARNING: [Synth 8-7129] Port i_wb2_data[19] in module ddr3_controller is either unconnected or has no load
WARNING: [Synth 8-7129] Port i_wb2_data[18] in module ddr3_controller is either unconnected or has no load
WARNING: [Synth 8-7129] Port i_wb2_data[17] in module ddr3_controller is either unconnected or has no load
WARNING: [Synth 8-7129] Port i_wb2_data[16] in module ddr3_controller is either unconnected or has no load
WARNING: [Synth 8-7129] Port i_wb2_data[15] in module ddr3_controller is either unconnected or has no load
WARNING: [Synth 8-7129] Port i_wb2_data[14] in module ddr3_controller is either unconnected or has no load
WARNING: [Synth 8-7129] Port i_wb2_data[13] in module ddr3_controller is either unconnected or has no load
WARNING: [Synth 8-7129] Port i_wb2_data[12] in module ddr3_controller is either unconnected or has no load
WARNING: [Synth 8-7129] Port i_wb2_data[11] in module ddr3_controller is either unconnected or has no load
WARNING: [Synth 8-7129] Port i_wb2_data[10] in module ddr3_controller is either unconnected or has no load
WARNING: [Synth 8-7129] Port i_wb2_data[9] in module ddr3_controller is either unconnected or has no load
WARNING: [Synth 8-7129] Port i_wb2_data[8] in module ddr3_controller is either unconnected or has no load
WARNING: [Synth 8-7129] Port i_wb2_data[7] in module ddr3_controller is either unconnected or has no load
WARNING: [Synth 8-7129] Port i_wb2_data[6] in module ddr3_controller is either unconnected or has no load
WARNING: [Synth 8-7129] Port i_wb2_data[5] in module ddr3_controller is either unconnected or has no load
WARNING: [Synth 8-7129] Port i_wb2_data[4] in module ddr3_controller is either unconnected or has no load
WARNING: [Synth 8-7129] Port i_wb2_data[3] in module ddr3_controller is either unconnected or has no load
WARNING: [Synth 8-7129] Port i_wb2_data[2] in module ddr3_controller is either unconnected or has no load
WARNING: [Synth 8-7129] Port i_wb2_data[1] in module ddr3_controller is either unconnected or has no load
WARNING: [Synth 8-7129] Port i_wb2_data[0] in module ddr3_controller is either unconnected or has no load
INFO: [Synth 8-3886] merging instance 'delay_read_pipe_reg[1][15]' (FDR) to 'delay_read_pipe_reg[0][15]'
INFO: [Synth 8-3886] merging instance 'delay_read_pipe_reg[1][14]' (FDR) to 'delay_read_pipe_reg[0][14]'
INFO: [Synth 8-3886] merging instance 'delay_read_pipe_reg[1][13]' (FDR) to 'delay_read_pipe_reg[0][13]'
INFO: [Synth 8-3886] merging instance 'delay_read_pipe_reg[1][12]' (FDR) to 'delay_read_pipe_reg[0][12]'
INFO: [Synth 8-3886] merging instance 'delay_read_pipe_reg[1][11]' (FDR) to 'delay_read_pipe_reg[0][11]'
INFO: [Synth 8-3886] merging instance 'delay_read_pipe_reg[1][10]' (FDR) to 'delay_read_pipe_reg[0][10]'
INFO: [Synth 8-3886] merging instance 'delay_read_pipe_reg[1][9]' (FDR) to 'delay_read_pipe_reg[0][9]'
INFO: [Synth 8-3886] merging instance 'delay_read_pipe_reg[1][8]' (FDR) to 'delay_read_pipe_reg[0][8]'
INFO: [Synth 8-3333] propagating constant 0 across sequential element (\delay_read_pipe_reg[0][15] )
INFO: [Synth 8-3886] merging instance 'delay_read_pipe_reg[0][14]' (FDR) to 'delay_read_pipe_reg[0][15]'
INFO: [Synth 8-3886] merging instance 'calib_data_reg[16]' (FDRE) to 'calib_data_reg[22]'
INFO: [Synth 8-3886] merging instance 'calib_data_reg[82]' (FDRE) to 'calib_data_reg[86]'
INFO: [Synth 8-3886] merging instance 'calib_data_reg[17]' (FDRE) to 'calib_data_reg[23]'
INFO: [Synth 8-3886] merging instance 'calib_data_reg[23]' (FDRE) to 'calib_data_reg[49]'
INFO: [Synth 8-3886] merging instance 'calib_data_reg[49]' (FDRE) to 'calib_data_reg[51]'
INFO: [Synth 8-3886] merging instance 'calib_data_reg[51]' (FDRE) to 'calib_data_reg[113]'
INFO: [Synth 8-3886] merging instance 'calib_data_reg[81]' (FDRE) to 'calib_data_reg[87]'
INFO: [Synth 8-3886] merging instance 'calib_data_reg[113]' (FDRE) to 'calib_data_reg[115]'
INFO: [Synth 8-3886] merging instance 'calib_data_reg[26]' (FDRE) to 'calib_data_reg[46]'
INFO: [Synth 8-3886] merging instance 'calib_data_reg[28]' (FDRE) to 'calib_data_reg[30]'
INFO: [Synth 8-3886] merging instance 'calib_data_reg[30]' (FDRE) to 'calib_data_reg[42]'
INFO: [Synth 8-3886] merging instance 'calib_data_reg[42]' (FDRE) to 'calib_data_reg[106]'
INFO: [Synth 8-3886] merging instance 'calib_data_reg[46]' (FDRE) to 'calib_data_reg[90]'
INFO: [Synth 8-3886] merging instance 'calib_data_reg[90]' (FDRE) to 'calib_data_reg[94]'
INFO: [Synth 8-3333] propagating constant 0 across sequential element (\calib_data_reg[92] )
INFO: [Synth 8-3886] merging instance 'calib_data_reg[25]' (FDRE) to 'calib_data_reg[31]'
INFO: [Synth 8-3886] merging instance 'calib_data_reg[89]' (FDRE) to 'calib_data_reg[95]'
INFO: [Synth 8-3886] merging instance 'write_pattern_reg[127]' (FDRE) to 'write_pattern_reg[119]'
INFO: [Synth 8-3886] merging instance 'write_pattern_reg[126]' (FDRE) to 'write_pattern_reg[125]'
INFO: [Synth 8-3886] merging instance 'write_pattern_reg[125]' (FDRE) to 'write_pattern_reg[124]'
INFO: [Synth 8-3886] merging instance 'write_pattern_reg[124]' (FDRE) to 'write_pattern_reg[123]'
INFO: [Synth 8-3886] merging instance 'write_pattern_reg[123]' (FDRE) to 'write_pattern_reg[122]'
INFO: [Synth 8-3886] merging instance 'write_pattern_reg[122]' (FDRE) to 'write_pattern_reg[121]'
INFO: [Synth 8-3886] merging instance 'write_pattern_reg[121]' (FDRE) to 'write_pattern_reg[120]'
INFO: [Synth 8-3886] merging instance 'write_pattern_reg[120]' (FDRE) to 'write_pattern_reg[117]'
INFO: [Synth 8-3886] merging instance 'write_pattern_reg[119]' (FDRE) to 'write_pattern_reg[118]'
INFO: [Synth 8-3886] merging instance 'write_pattern_reg[118]' (FDRE) to 'write_pattern_reg[116]'
INFO: [Synth 8-3886] merging instance 'write_pattern_reg[117]' (FDRE) to 'write_pattern_reg[114]'
INFO: [Synth 8-3886] merging instance 'write_pattern_reg[116]' (FDRE) to 'write_pattern_reg[115]'
INFO: [Synth 8-3886] merging instance 'write_pattern_reg[115]' (FDRE) to 'write_pattern_reg[113]'
INFO: [Synth 8-3886] merging instance 'write_pattern_reg[114]' (FDRE) to 'write_pattern_reg[109]'
INFO: [Synth 8-3886] merging instance 'write_pattern_reg[113]' (FDRE) to 'write_pattern_reg[112]'
INFO: [Synth 8-3886] merging instance 'write_pattern_reg[112]' (FDRE) to 'write_pattern_reg[111]'
INFO: [Synth 8-3886] merging instance 'write_pattern_reg[111]' (FDRE) to 'write_pattern_reg[110]'
INFO: [Synth 8-3886] merging instance 'write_pattern_reg[110]' (FDRE) to 'write_pattern_reg[107]'
INFO: [Synth 8-3886] merging instance 'write_pattern_reg[109]' (FDRE) to 'write_pattern_reg[108]'
INFO: [Synth 8-3886] merging instance 'write_pattern_reg[108]' (FDRE) to 'write_pattern_reg[101]'
INFO: [Synth 8-3886] merging instance 'write_pattern_reg[107]' (FDRE) to 'write_pattern_reg[106]'
INFO: [Synth 8-3886] merging instance 'write_pattern_reg[106]' (FDRE) to 'write_pattern_reg[105]'
INFO: [Synth 8-3886] merging instance 'write_pattern_reg[105]' (FDRE) to 'write_pattern_reg[104]'
INFO: [Synth 8-3886] merging instance 'write_pattern_reg[104]' (FDRE) to 'write_pattern_reg[103]'
INFO: [Synth 8-3886] merging instance 'write_pattern_reg[103]' (FDRE) to 'write_pattern_reg[102]'
INFO: [Synth 8-3886] merging instance 'write_pattern_reg[102]' (FDRE) to 'write_pattern_reg[100]'
INFO: [Synth 8-3886] merging instance 'write_pattern_reg[101]' (FDRE) to 'write_pattern_reg[99]'
INFO: [Synth 8-3886] merging instance 'write_pattern_reg[100]' (FDRE) to 'write_pattern_reg[97]'
INFO: [Synth 8-3886] merging instance 'write_pattern_reg[99]' (FDRE) to 'write_pattern_reg[98]'
INFO: [Synth 8-3886] merging instance 'write_pattern_reg[98]' (FDRE) to 'write_pattern_reg[96]'
INFO: [Synth 8-3886] merging instance 'write_pattern_reg[97]' (FDRE) to 'write_pattern_reg[94]'
INFO: [Synth 8-3886] merging instance 'write_pattern_reg[96]' (FDRE) to 'write_pattern_reg[95]'
INFO: [Synth 8-3886] merging instance 'write_pattern_reg[95]' (FDRE) to 'write_pattern_reg[91]'
INFO: [Synth 8-3886] merging instance 'write_pattern_reg[94]' (FDRE) to 'write_pattern_reg[93]'
INFO: [Synth 8-3886] merging instance 'write_pattern_reg[93]' (FDRE) to 'write_pattern_reg[92]'
INFO: [Synth 8-3886] merging instance 'write_pattern_reg[92]' (FDRE) to 'write_pattern_reg[90]'
INFO: [Synth 8-3886] merging instance 'write_pattern_reg[91]' (FDRE) to 'write_pattern_reg[89]'
INFO: [Synth 8-3886] merging instance 'write_pattern_reg[90]' (FDRE) to 'write_pattern_reg[88]'
INFO: [Synth 8-3886] merging instance 'write_pattern_reg[89]' (FDRE) to 'write_pattern_reg[83]'
INFO: [Synth 8-3886] merging instance 'write_pattern_reg[88]' (FDRE) to 'write_pattern_reg[87]'
INFO: [Synth 8-3886] merging instance 'write_pattern_reg[87]' (FDRE) to 'write_pattern_reg[86]'
INFO: [Synth 8-3886] merging instance 'write_pattern_reg[86]' (FDRE) to 'write_pattern_reg[85]'
INFO: [Synth 8-3886] merging instance 'write_pattern_reg[85]' (FDRE) to 'write_pattern_reg[84]'
INFO: [Synth 8-3886] merging instance 'write_pattern_reg[84]' (FDRE) to 'write_pattern_reg[80]'
INFO: [Synth 8-3886] merging instance 'write_pattern_reg[83]' (FDRE) to 'write_pattern_reg[82]'
INFO: [Synth 8-3886] merging instance 'write_pattern_reg[82]' (FDRE) to 'write_pattern_reg[81]'
INFO: [Synth 8-3886] merging instance 'write_pattern_reg[81]' (FDRE) to 'write_pattern_reg[79]'
INFO: [Synth 8-3886] merging instance 'write_pattern_reg[80]' (FDRE) to 'write_pattern_reg[77]'
INFO: [Synth 8-3886] merging instance 'write_pattern_reg[79]' (FDRE) to 'write_pattern_reg[78]'
INFO: [Synth 8-3886] merging instance 'write_pattern_reg[78]' (FDRE) to 'write_pattern_reg[76]'
INFO: [Synth 8-3886] merging instance 'write_pattern_reg[77]' (FDRE) to 'write_pattern_reg[75]'
INFO: [Synth 8-3886] merging instance 'write_pattern_reg[76]' (FDRE) to 'write_pattern_reg[73]'
INFO: [Synth 8-3886] merging instance 'write_pattern_reg[75]' (FDRE) to 'write_pattern_reg[74]'
INFO: [Synth 8-3886] merging instance 'write_pattern_reg[74]' (FDRE) to 'write_pattern_reg[69]'
INFO: [Synth 8-3886] merging instance 'write_pattern_reg[73]' (FDRE) to 'write_pattern_reg[72]'
INFO: [Synth 8-3886] merging instance 'write_pattern_reg[72]' (FDRE) to 'write_pattern_reg[71]'
INFO: [Synth 8-3886] merging instance 'write_pattern_reg[71]' (FDRE) to 'write_pattern_reg[70]'
INFO: [Synth 8-3886] merging instance 'write_pattern_reg[70]' (FDRE) to 'write_pattern_reg[65]'
INFO: [Synth 8-3886] merging instance 'write_pattern_reg[69]' (FDRE) to 'write_pattern_reg[68]'
INFO: [Synth 8-3886] merging instance 'write_pattern_reg[68]' (FDRE) to 'write_pattern_reg[67]'
INFO: [Synth 8-3886] merging instance 'write_pattern_reg[67]' (FDRE) to 'write_pattern_reg[66]'
INFO: [Synth 8-3886] merging instance 'write_pattern_reg[66]' (FDRE) to 'write_pattern_reg[64]'
INFO: [Synth 8-3886] merging instance 'write_pattern_reg[65]' (FDRE) to 'write_pattern_reg[62]'
INFO: [Synth 8-3886] merging instance 'write_pattern_reg[64]' (FDRE) to 'write_pattern_reg[63]'
INFO: [Synth 8-3886] merging instance 'write_dqs_reg[0]' (FDR) to 'write_dqs_val_reg[0]'
INFO: [Synth 8-3886] merging instance 'instruction_reg[15]' (FDRE) to 'instruction_reg[13]'
INFO: [Synth 8-3886] merging instance 'lane_times_8_reg[0]' (FDR) to 'lane_times_8_reg[1]'
INFO: [Synth 8-3886] merging instance 'lane_times_8_reg[1]' (FDR) to 'lane_times_8_reg[2]'
INFO: [Synth 8-3333] propagating constant 0 across sequential element (\lane_times_8_reg[2] )
INFO: [Synth 8-3333] propagating constant 0 across sequential element (write_calib_dq_reg)
INFO: [Synth 8-3886] merging instance 'write_pattern_reg[63]' (FDRE) to 'write_pattern_reg[60]'
INFO: [Synth 8-3886] merging instance 'write_pattern_reg[60]' (FDRE) to 'write_pattern_reg[56]'
INFO: [Synth 8-3886] merging instance 'write_pattern_reg[61]' (FDRE) to 'write_pattern_reg[62]'
INFO: [Synth 8-3886] merging instance 'write_pattern_reg[62]' (FDRE) to 'write_pattern_reg[59]'
INFO: [Synth 8-3886] merging instance 'write_pattern_reg[57]' (FDRE) to 'write_pattern_reg[59]'
INFO: [Synth 8-3886] merging instance 'write_pattern_reg[58]' (FDRE) to 'write_pattern_reg[59]'
INFO: [Synth 8-3886] merging instance 'write_pattern_reg[59]' (FDRE) to 'write_pattern_reg[55]'
INFO: [Synth 8-3886] merging instance 'write_pattern_reg[54]' (FDRE) to 'write_pattern_reg[56]'
INFO: [Synth 8-3886] merging instance 'write_pattern_reg[55]' (FDRE) to 'write_pattern_reg[51]'
INFO: [Synth 8-3886] merging instance 'write_pattern_reg[56]' (FDRE) to 'write_pattern_reg[53]'
INFO: [Synth 8-3886] merging instance 'write_pattern_reg[51]' (FDRE) to 'write_pattern_reg[47]'
INFO: [Synth 8-3886] merging instance 'write_pattern_reg[52]' (FDRE) to 'write_pattern_reg[53]'
INFO: [Synth 8-3886] merging instance 'write_pattern_reg[53]' (FDRE) to 'write_pattern_reg[50]'
INFO: [Synth 8-3886] merging instance 'write_pattern_reg[48]' (FDRE) to 'write_pattern_reg[50]'
INFO: [Synth 8-3886] merging instance 'write_pattern_reg[49]' (FDRE) to 'write_pattern_reg[50]'
INFO: [Synth 8-3886] merging instance 'write_pattern_reg[50]' (FDRE) to 'write_pattern_reg[45]'
INFO: [Synth 8-3886] merging instance 'write_pattern_reg[45]' (FDRE) to 'write_pattern_reg[43]'
INFO: [Synth 8-3886] merging instance 'write_pattern_reg[46]' (FDRE) to 'write_pattern_reg[47]'
INFO: [Synth 8-3886] merging instance 'write_pattern_reg[47]' (FDRE) to 'write_pattern_reg[44]'
INFO: [Synth 8-3886] merging instance 'write_pattern_reg[42]' (FDRE) to 'write_pattern_reg[44]'
INFO: [Synth 8-3886] merging instance 'write_pattern_reg[43]' (FDRE) to 'write_pattern_reg[40]'
INFO: [Synth 8-3886] merging instance 'write_pattern_reg[44]' (FDRE) to 'write_pattern_reg[41]'
INFO: [Synth 8-3886] merging instance 'write_pattern_reg[39]' (FDRE) to 'write_pattern_reg[40]'
INFO: [Synth 8-3886] merging instance 'write_pattern_reg[40]' (FDRE) to 'write_pattern_reg[35]'
INFO: [Synth 8-3886] merging instance 'write_pattern_reg[41]' (FDRE) to 'write_pattern_reg[38]'
INFO: [Synth 8-3886] merging instance 'write_pattern_reg[36]' (FDRE) to 'write_pattern_reg[38]'
INFO: [Synth 8-3886] merging instance 'write_pattern_reg[37]' (FDRE) to 'write_pattern_reg[38]'
INFO: [Synth 8-3886] merging instance 'write_pattern_reg[38]' (FDRE) to 'write_pattern_reg[33]'
INFO: [Synth 8-3886] merging instance 'write_pattern_reg[33]' (FDRE) to 'write_pattern_reg[32]'
INFO: [Synth 8-3886] merging instance 'write_pattern_reg[34]' (FDRE) to 'write_pattern_reg[35]'
INFO: [Synth 8-3886] merging instance 'write_pattern_reg[35]' (FDRE) to 'write_pattern_reg[31]'
INFO: [Synth 8-3886] merging instance 'write_pattern_reg[30]' (FDRE) to 'write_pattern_reg[31]'
INFO: [Synth 8-3886] merging instance 'write_pattern_reg[31]' (FDRE) to 'write_pattern_reg[28]'
INFO: [Synth 8-3886] merging instance 'write_pattern_reg[32]' (FDRE) to 'write_pattern_reg[29]'
INFO: [Synth 8-3886] merging instance 'write_pattern_reg[27]' (FDRE) to 'write_pattern_reg[29]'
INFO: [Synth 8-3886] merging instance 'write_pattern_reg[28]' (FDRE) to 'write_pattern_reg[23]'
INFO: [Synth 8-3886] merging instance 'write_pattern_reg[29]' (FDRE) to 'write_pattern_reg[26]'
INFO: [Synth 8-3886] merging instance 'write_pattern_reg[24]' (FDRE) to 'write_pattern_reg[26]'
INFO: [Synth 8-3886] merging instance 'write_pattern_reg[25]' (FDRE) to 'write_pattern_reg[26]'
INFO: [Synth 8-3886] merging instance 'write_pattern_reg[26]' (FDRE) to 'write_pattern_reg[22]'
INFO: [Synth 8-3886] merging instance 'write_pattern_reg[21]' (FDRE) to 'write_pattern_reg[23]'
INFO: [Synth 8-3886] merging instance 'write_pattern_reg[22]' (FDRE) to 'write_pattern_reg[20]'
INFO: [Synth 8-3886] merging instance 'write_pattern_reg[23]' (FDRE) to 'write_pattern_reg[19]'
INFO: [Synth 8-3886] merging instance 'write_pattern_reg[18]' (FDRE) to 'write_pattern_reg[19]'
INFO: [Synth 8-3886] merging instance 'write_pattern_reg[19]' (FDRE) to 'write_pattern_reg[16]'
INFO: [Synth 8-3886] merging instance 'write_pattern_reg[20]' (FDRE) to 'write_pattern_reg[17]'
INFO: [Synth 8-3886] merging instance 'write_pattern_reg[15]' (FDRE) to 'write_pattern_reg[17]'
INFO: [Synth 8-3886] merging instance 'write_pattern_reg[16]' (FDRE) to 'write_pattern_reg[14]'
INFO: [Synth 8-3886] merging instance 'write_pattern_reg[17]' (FDRE) to 'write_pattern_reg[13]'
INFO: [Synth 8-3886] merging instance 'write_pattern_reg[12]' (FDRE) to 'write_pattern_reg[14]'
INFO: [Synth 8-3886] merging instance 'write_pattern_reg[13]' (FDRE) to 'write_pattern_reg[11]'
INFO: [Synth 8-3886] merging instance 'write_pattern_reg[14]' (FDRE) to 'write_pattern_reg[8]'
INFO: [Synth 8-3886] merging instance 'write_pattern_reg[9]' (FDRE) to 'write_pattern_reg[11]'
INFO: [Synth 8-3886] merging instance 'write_pattern_reg[10]' (FDRE) to 'write_pattern_reg[11]'
INFO: [Synth 8-3886] merging instance 'write_pattern_reg[11]' (FDRE) to 'write_pattern_reg[5]'
INFO: [Synth 8-3886] merging instance 'write_pattern_reg[6]' (FDRE) to 'write_pattern_reg[8]'
INFO: [Synth 8-3886] merging instance 'write_pattern_reg[7]' (FDRE) to 'write_pattern_reg[8]'
INFO: [Synth 8-3886] merging instance 'write_pattern_reg[8]' (FDRE) to 'write_pattern_reg[0]'
INFO: [Synth 8-3886] merging instance 'write_pattern_reg[3]' (FDRE) to 'write_pattern_reg[5]'
INFO: [Synth 8-3886] merging instance 'write_pattern_reg[4]' (FDRE) to 'write_pattern_reg[5]'
INFO: [Synth 8-3886] merging instance 'write_pattern_reg[5]' (FDRE) to 'write_pattern_reg[2]'
INFO: [Synth 8-3886] merging instance 'write_pattern_reg[1]' (FDRE) to 'write_pattern_reg[2]'
INFO: [Synth 8-3333] propagating constant 0 across sequential element (\write_pattern_reg[2] )
INFO: [Synth 8-3333] propagating constant 0 across sequential element (write_calib_dqs_reg)
INFO: [Synth 8-3886] merging instance 'stage1_col_reg[0]' (FDRE) to 'stage1_col_reg[1]'
INFO: [Synth 8-3886] merging instance 'stage2_col_reg[0]' (FDRE) to 'stage2_col_reg[1]'
INFO: [Synth 8-3886] merging instance 'stage1_col_reg[1]' (FDRE) to 'stage1_col_reg[2]'
INFO: [Synth 8-3886] merging instance 'stage2_col_reg[1]' (FDRE) to 'stage2_col_reg[2]'
INFO: [Synth 8-3333] propagating constant 0 across sequential element (\stage1_col_reg[2] )
INFO: [Synth 8-3333] propagating constant 0 across sequential element (\o_wb_ack_read_q_reg[15][1] )
INFO: [Synth 8-3333] propagating constant 0 across sequential element (\o_wb_ack_read_q_reg[15][2] )
INFO: [Synth 8-3886] merging instance 'o_wb_ack_read_q_reg[14][2]' (FDR) to 'o_wb_ack_read_q_reg[14][1]'
INFO: [Synth 8-3886] merging instance 'o_wb_ack_read_q_reg[13][2]' (FDR) to 'o_wb_ack_read_q_reg[13][1]'
INFO: [Synth 8-3886] merging instance 'o_wb_ack_read_q_reg[12][2]' (FDR) to 'o_wb_ack_read_q_reg[12][1]'
INFO: [Synth 8-3886] merging instance 'o_wb_ack_read_q_reg[11][2]' (FDR) to 'o_wb_ack_read_q_reg[11][1]'
INFO: [Synth 8-3886] merging instance 'o_wb_ack_read_q_reg[10][2]' (FDR) to 'o_wb_ack_read_q_reg[10][1]'
INFO: [Synth 8-3886] merging instance 'o_wb_ack_read_q_reg[9][2]' (FDR) to 'o_wb_ack_read_q_reg[9][1]'
INFO: [Synth 8-3886] merging instance 'o_wb_ack_read_q_reg[8][2]' (FDR) to 'o_wb_ack_read_q_reg[8][1]'
INFO: [Synth 8-3333] propagating constant 0 across sequential element (\o_wb_ack_read_q_reg[15][3] )
INFO: [Synth 8-3886] merging instance 'o_wb_ack_read_q_reg[14][3]' (FDR) to 'o_wb_ack_read_q_reg[14][1]'
INFO: [Synth 8-3886] merging instance 'o_wb_ack_read_q_reg[13][3]' (FDR) to 'o_wb_ack_read_q_reg[13][1]'
INFO: [Synth 8-3886] merging instance 'o_wb_ack_read_q_reg[12][3]' (FDR) to 'o_wb_ack_read_q_reg[12][1]'
INFO: [Synth 8-3886] merging instance 'o_wb_ack_read_q_reg[11][3]' (FDR) to 'o_wb_ack_read_q_reg[11][1]'
INFO: [Synth 8-3886] merging instance 'o_wb_ack_read_q_reg[10][3]' (FDR) to 'o_wb_ack_read_q_reg[10][1]'
INFO: [Synth 8-3886] merging instance 'o_wb_ack_read_q_reg[9][3]' (FDR) to 'o_wb_ack_read_q_reg[9][1]'
INFO: [Synth 8-3886] merging instance 'o_wb_ack_read_q_reg[8][3]' (FDR) to 'o_wb_ack_read_q_reg[8][1]'
INFO: [Synth 8-3333] propagating constant 0 across sequential element (\o_wb_ack_read_q_reg[15][4] )
INFO: [Synth 8-3886] merging instance 'o_wb_ack_read_q_reg[14][4]' (FDR) to 'o_wb_ack_read_q_reg[14][1]'
INFO: [Synth 8-3886] merging instance 'o_wb_ack_read_q_reg[13][4]' (FDR) to 'o_wb_ack_read_q_reg[13][1]'
INFO: [Synth 8-3886] merging instance 'o_wb_ack_read_q_reg[12][4]' (FDR) to 'o_wb_ack_read_q_reg[12][1]'
INFO: [Synth 8-3886] merging instance 'o_wb_ack_read_q_reg[11][4]' (FDR) to 'o_wb_ack_read_q_reg[11][1]'
INFO: [Synth 8-3886] merging instance 'o_wb_ack_read_q_reg[10][4]' (FDR) to 'o_wb_ack_read_q_reg[10][1]'
INFO: [Synth 8-3886] merging instance 'o_wb_ack_read_q_reg[9][4]' (FDR) to 'o_wb_ack_read_q_reg[9][1]'
INFO: [Synth 8-3886] merging instance 'o_wb_ack_read_q_reg[8][4]' (FDR) to 'o_wb_ack_read_q_reg[8][1]'
INFO: [Synth 8-3333] propagating constant 0 across sequential element (\o_wb_ack_read_q_reg[15][5] )
INFO: [Synth 8-3886] merging instance 'o_wb_ack_read_q_reg[14][5]' (FDR) to 'o_wb_ack_read_q_reg[14][1]'
INFO: [Synth 8-3886] merging instance 'o_wb_ack_read_q_reg[13][5]' (FDR) to 'o_wb_ack_read_q_reg[13][1]'
INFO: [Synth 8-3886] merging instance 'o_wb_ack_read_q_reg[12][5]' (FDR) to 'o_wb_ack_read_q_reg[12][1]'
INFO: [Synth 8-3886] merging instance 'o_wb_ack_read_q_reg[11][5]' (FDR) to 'o_wb_ack_read_q_reg[11][1]'
INFO: [Synth 8-3886] merging instance 'o_wb_ack_read_q_reg[10][5]' (FDR) to 'o_wb_ack_read_q_reg[10][1]'
INFO: [Synth 8-3886] merging instance 'o_wb_ack_read_q_reg[9][5]' (FDR) to 'o_wb_ack_read_q_reg[9][1]'
INFO: [Synth 8-3886] merging instance 'o_wb_ack_read_q_reg[8][5]' (FDR) to 'o_wb_ack_read_q_reg[8][1]'
INFO: [Synth 8-3333] propagating constant 0 across sequential element (\o_wb_ack_read_q_reg[15][6] )
INFO: [Synth 8-3886] merging instance 'o_wb_ack_read_q_reg[14][6]' (FDR) to 'o_wb_ack_read_q_reg[14][1]'
INFO: [Synth 8-3886] merging instance 'o_wb_ack_read_q_reg[13][6]' (FDR) to 'o_wb_ack_read_q_reg[13][1]'
INFO: [Synth 8-3886] merging instance 'o_wb_ack_read_q_reg[12][6]' (FDR) to 'o_wb_ack_read_q_reg[12][1]'
INFO: [Synth 8-3886] merging instance 'o_wb_ack_read_q_reg[11][6]' (FDR) to 'o_wb_ack_read_q_reg[11][1]'
INFO: [Synth 8-3886] merging instance 'o_wb_ack_read_q_reg[10][6]' (FDR) to 'o_wb_ack_read_q_reg[10][1]'
INFO: [Synth 8-3886] merging instance 'o_wb_ack_read_q_reg[9][6]' (FDR) to 'o_wb_ack_read_q_reg[9][1]'
INFO: [Synth 8-3886] merging instance 'o_wb_ack_read_q_reg[8][6]' (FDR) to 'o_wb_ack_read_q_reg[8][1]'
INFO: [Synth 8-3333] propagating constant 0 across sequential element (\o_wb_ack_read_q_reg[15][7] )
INFO: [Synth 8-3886] merging instance 'o_wb_ack_read_q_reg[14][7]' (FDR) to 'o_wb_ack_read_q_reg[14][1]'
INFO: [Synth 8-3886] merging instance 'o_wb_ack_read_q_reg[13][7]' (FDR) to 'o_wb_ack_read_q_reg[13][1]'
INFO: [Synth 8-3886] merging instance 'o_wb_ack_read_q_reg[12][7]' (FDR) to 'o_wb_ack_read_q_reg[12][1]'
INFO: [Synth 8-3886] merging instance 'o_wb_ack_read_q_reg[11][7]' (FDR) to 'o_wb_ack_read_q_reg[11][1]'
INFO: [Synth 8-3886] merging instance 'o_wb_ack_read_q_reg[10][7]' (FDR) to 'o_wb_ack_read_q_reg[10][1]'
INFO: [Synth 8-3886] merging instance 'o_wb_ack_read_q_reg[9][7]' (FDR) to 'o_wb_ack_read_q_reg[9][1]'
INFO: [Synth 8-3886] merging instance 'o_wb_ack_read_q_reg[8][7]' (FDR) to 'o_wb_ack_read_q_reg[8][1]'
INFO: [Synth 8-3333] propagating constant 0 across sequential element (\o_wb_ack_read_q_reg[15][8] )
INFO: [Synth 8-3886] merging instance 'o_wb_ack_read_q_reg[14][8]' (FDR) to 'o_wb_ack_read_q_reg[14][1]'
INFO: [Synth 8-3886] merging instance 'o_wb_ack_read_q_reg[13][8]' (FDR) to 'o_wb_ack_read_q_reg[13][1]'
INFO: [Synth 8-3886] merging instance 'o_wb_ack_read_q_reg[12][8]' (FDR) to 'o_wb_ack_read_q_reg[12][1]'
INFO: [Synth 8-3886] merging instance 'o_wb_ack_read_q_reg[11][8]' (FDR) to 'o_wb_ack_read_q_reg[11][1]'
INFO: [Synth 8-3886] merging instance 'o_wb_ack_read_q_reg[10][8]' (FDR) to 'o_wb_ack_read_q_reg[10][1]'
INFO: [Synth 8-3886] merging instance 'o_wb_ack_read_q_reg[9][8]' (FDR) to 'o_wb_ack_read_q_reg[9][1]'
INFO: [Synth 8-3886] merging instance 'o_wb_ack_read_q_reg[8][8]' (FDR) to 'o_wb_ack_read_q_reg[8][1]'
INFO: [Synth 8-3333] propagating constant 0 across sequential element (\o_wb_ack_read_q_reg[15][9] )
INFO: [Synth 8-3886] merging instance 'o_wb_ack_read_q_reg[14][9]' (FDR) to 'o_wb_ack_read_q_reg[14][1]'
INFO: [Synth 8-3886] merging instance 'o_wb_ack_read_q_reg[13][9]' (FDR) to 'o_wb_ack_read_q_reg[13][1]'
INFO: [Synth 8-3886] merging instance 'o_wb_ack_read_q_reg[12][9]' (FDR) to 'o_wb_ack_read_q_reg[12][1]'
INFO: [Synth 8-3886] merging instance 'o_wb_ack_read_q_reg[11][9]' (FDR) to 'o_wb_ack_read_q_reg[11][1]'
INFO: [Synth 8-3886] merging instance 'o_wb_ack_read_q_reg[10][9]' (FDR) to 'o_wb_ack_read_q_reg[10][1]'
INFO: [Synth 8-3886] merging instance 'o_wb_ack_read_q_reg[9][9]' (FDR) to 'o_wb_ack_read_q_reg[9][1]'
INFO: [Synth 8-3886] merging instance 'o_wb_ack_read_q_reg[8][9]' (FDR) to 'o_wb_ack_read_q_reg[8][1]'
INFO: [Synth 8-3333] propagating constant 0 across sequential element (\o_wb_ack_read_q_reg[15][10] )
INFO: [Synth 8-3886] merging instance 'o_wb_ack_read_q_reg[14][10]' (FDR) to 'o_wb_ack_read_q_reg[14][1]'
INFO: [Synth 8-3886] merging instance 'o_wb_ack_read_q_reg[13][10]' (FDR) to 'o_wb_ack_read_q_reg[13][1]'
INFO: [Synth 8-3886] merging instance 'o_wb_ack_read_q_reg[12][10]' (FDR) to 'o_wb_ack_read_q_reg[12][1]'
INFO: [Synth 8-3886] merging instance 'o_wb_ack_read_q_reg[11][10]' (FDR) to 'o_wb_ack_read_q_reg[11][1]'
INFO: [Synth 8-3886] merging instance 'o_wb_ack_read_q_reg[10][10]' (FDR) to 'o_wb_ack_read_q_reg[10][1]'
INFO: [Synth 8-3886] merging instance 'o_wb_ack_read_q_reg[9][10]' (FDR) to 'o_wb_ack_read_q_reg[9][1]'
INFO: [Synth 8-3886] merging instance 'o_wb_ack_read_q_reg[8][10]' (FDR) to 'o_wb_ack_read_q_reg[8][1]'
INFO: [Synth 8-3333] propagating constant 0 across sequential element (\o_wb_ack_read_q_reg[15][11] )
INFO: [Synth 8-3886] merging instance 'o_wb_ack_read_q_reg[14][11]' (FDR) to 'o_wb_ack_read_q_reg[14][1]'
INFO: [Synth 8-3886] merging instance 'o_wb_ack_read_q_reg[13][11]' (FDR) to 'o_wb_ack_read_q_reg[13][1]'
INFO: [Synth 8-3886] merging instance 'o_wb_ack_read_q_reg[12][11]' (FDR) to 'o_wb_ack_read_q_reg[12][1]'
INFO: [Synth 8-3886] merging instance 'o_wb_ack_read_q_reg[11][11]' (FDR) to 'o_wb_ack_read_q_reg[11][1]'
INFO: [Synth 8-3886] merging instance 'o_wb_ack_read_q_reg[10][11]' (FDR) to 'o_wb_ack_read_q_reg[10][1]'
INFO: [Synth 8-3886] merging instance 'o_wb_ack_read_q_reg[9][11]' (FDR) to 'o_wb_ack_read_q_reg[9][1]'
INFO: [Synth 8-3886] merging instance 'o_wb_ack_read_q_reg[8][11]' (FDR) to 'o_wb_ack_read_q_reg[8][1]'
INFO: [Synth 8-3333] propagating constant 0 across sequential element (\o_wb_ack_read_q_reg[15][12] )
INFO: [Synth 8-3886] merging instance 'o_wb_ack_read_q_reg[14][12]' (FDR) to 'o_wb_ack_read_q_reg[14][1]'
INFO: [Synth 8-3886] merging instance 'o_wb_ack_read_q_reg[13][12]' (FDR) to 'o_wb_ack_read_q_reg[13][1]'
INFO: [Synth 8-3886] merging instance 'o_wb_ack_read_q_reg[12][12]' (FDR) to 'o_wb_ack_read_q_reg[12][1]'
INFO: [Synth 8-3886] merging instance 'o_wb_ack_read_q_reg[11][12]' (FDR) to 'o_wb_ack_read_q_reg[11][1]'
INFO: [Synth 8-3886] merging instance 'o_wb_ack_read_q_reg[10][12]' (FDR) to 'o_wb_ack_read_q_reg[10][1]'
INFO: [Synth 8-3886] merging instance 'o_wb_ack_read_q_reg[9][12]' (FDR) to 'o_wb_ack_read_q_reg[9][1]'
INFO: [Synth 8-3886] merging instance 'o_wb_ack_read_q_reg[8][12]' (FDR) to 'o_wb_ack_read_q_reg[8][1]'
INFO: [Synth 8-3333] propagating constant 0 across sequential element (\o_wb_ack_read_q_reg[15][13] )
INFO: [Synth 8-3886] merging instance 'o_wb_ack_read_q_reg[14][13]' (FDR) to 'o_wb_ack_read_q_reg[14][1]'
INFO: [Synth 8-3886] merging instance 'o_wb_ack_read_q_reg[13][13]' (FDR) to 'o_wb_ack_read_q_reg[13][1]'
INFO: [Synth 8-3886] merging instance 'o_wb_ack_read_q_reg[12][13]' (FDR) to 'o_wb_ack_read_q_reg[12][1]'
INFO: [Synth 8-3886] merging instance 'o_wb_ack_read_q_reg[11][13]' (FDR) to 'o_wb_ack_read_q_reg[11][1]'
INFO: [Synth 8-3886] merging instance 'o_wb_ack_read_q_reg[10][13]' (FDR) to 'o_wb_ack_read_q_reg[10][1]'
INFO: [Synth 8-3886] merging instance 'o_wb_ack_read_q_reg[9][13]' (FDR) to 'o_wb_ack_read_q_reg[9][1]'
INFO: [Synth 8-3886] merging instance 'o_wb_ack_read_q_reg[8][13]' (FDR) to 'o_wb_ack_read_q_reg[8][1]'
INFO: [Synth 8-3333] propagating constant 0 across sequential element (\o_wb_ack_read_q_reg[15][14] )
INFO: [Synth 8-3886] merging instance 'o_wb_ack_read_q_reg[14][14]' (FDR) to 'o_wb_ack_read_q_reg[14][1]'
INFO: [Synth 8-3886] merging instance 'o_wb_ack_read_q_reg[13][14]' (FDR) to 'o_wb_ack_read_q_reg[13][1]'
INFO: [Synth 8-3886] merging instance 'o_wb_ack_read_q_reg[12][14]' (FDR) to 'o_wb_ack_read_q_reg[12][1]'
INFO: [Synth 8-3886] merging instance 'o_wb_ack_read_q_reg[11][14]' (FDR) to 'o_wb_ack_read_q_reg[11][1]'
INFO: [Synth 8-3886] merging instance 'o_wb_ack_read_q_reg[10][14]' (FDR) to 'o_wb_ack_read_q_reg[10][1]'
INFO: [Synth 8-3886] merging instance 'o_wb_ack_read_q_reg[9][14]' (FDR) to 'o_wb_ack_read_q_reg[9][1]'
INFO: [Synth 8-3886] merging instance 'o_wb_ack_read_q_reg[8][14]' (FDR) to 'o_wb_ack_read_q_reg[8][1]'
INFO: [Synth 8-3333] propagating constant 0 across sequential element (\o_wb_ack_read_q_reg[15][15] )
INFO: [Synth 8-3886] merging instance 'o_wb_ack_read_q_reg[14][15]' (FDR) to 'o_wb_ack_read_q_reg[14][1]'
INFO: [Synth 8-3886] merging instance 'o_wb_ack_read_q_reg[13][15]' (FDR) to 'o_wb_ack_read_q_reg[13][1]'
INFO: [Synth 8-3886] merging instance 'o_wb_ack_read_q_reg[12][15]' (FDR) to 'o_wb_ack_read_q_reg[12][1]'
INFO: [Synth 8-3886] merging instance 'o_wb_ack_read_q_reg[11][15]' (FDR) to 'o_wb_ack_read_q_reg[11][1]'
INFO: [Synth 8-3886] merging instance 'o_wb_ack_read_q_reg[10][15]' (FDR) to 'o_wb_ack_read_q_reg[10][1]'
INFO: [Synth 8-3886] merging instance 'o_wb_ack_read_q_reg[9][15]' (FDR) to 'o_wb_ack_read_q_reg[9][1]'
INFO: [Synth 8-3886] merging instance 'o_wb_ack_read_q_reg[8][15]' (FDR) to 'o_wb_ack_read_q_reg[8][1]'
INFO: [Synth 8-3333] propagating constant 0 across sequential element (\o_wb_ack_read_q_reg[15][16] )
INFO: [Synth 8-3886] merging instance 'o_wb_ack_read_q_reg[14][16]' (FDR) to 'o_wb_ack_read_q_reg[14][1]'
INFO: [Synth 8-3886] merging instance 'o_wb_ack_read_q_reg[13][16]' (FDR) to 'o_wb_ack_read_q_reg[13][1]'
INFO: [Synth 8-3886] merging instance 'o_wb_ack_read_q_reg[12][16]' (FDR) to 'o_wb_ack_read_q_reg[12][1]'
INFO: [Synth 8-3886] merging instance 'o_wb_ack_read_q_reg[11][16]' (FDR) to 'o_wb_ack_read_q_reg[11][1]'
INFO: [Synth 8-3886] merging instance 'o_wb_ack_read_q_reg[10][16]' (FDR) to 'o_wb_ack_read_q_reg[10][1]'
INFO: [Synth 8-3886] merging instance 'o_wb_ack_read_q_reg[9][16]' (FDR) to 'o_wb_ack_read_q_reg[9][1]'
INFO: [Synth 8-3886] merging instance 'o_wb_ack_read_q_reg[8][16]' (FDR) to 'o_wb_ack_read_q_reg[8][1]'
INFO: [Synth 8-3333] propagating constant 0 across sequential element (\o_wb_ack_read_q_reg[15][0] )
INFO: [Synth 8-3886] merging instance 'o_wb_ack_read_q_reg[14][0]' (FDR) to 'o_wb_ack_read_q_reg[14][1]'
INFO: [Synth 8-3886] merging instance 'o_wb_ack_read_q_reg[13][0]' (FDR) to 'o_wb_ack_read_q_reg[13][1]'
INFO: [Synth 8-3886] merging instance 'o_wb_ack_read_q_reg[12][0]' (FDR) to 'o_wb_ack_read_q_reg[12][1]'
INFO: [Synth 8-3886] merging instance 'o_wb_ack_read_q_reg[11][0]' (FDR) to 'o_wb_ack_read_q_reg[11][1]'
INFO: [Synth 8-3886] merging instance 'o_wb_ack_read_q_reg[10][0]' (FDR) to 'o_wb_ack_read_q_reg[10][1]'
INFO: [Synth 8-3886] merging instance 'o_wb_ack_read_q_reg[9][0]' (FDR) to 'o_wb_ack_read_q_reg[9][1]'
INFO: [Synth 8-3886] merging instance 'o_wb_ack_read_q_reg[8][0]' (FDR) to 'o_wb_ack_read_q_reg[8][1]'
INFO: [Synth 8-3333] propagating constant 0 across sequential element (write_calib_odt_reg)
INFO: [Synth 8-3886] merging instance 'instruction_reg[11]' (FDRE) to 'instruction_reg[12]'
INFO: [Synth 8-3886] merging instance 'instruction_reg[12]' (FDRE) to 'instruction_reg[18]'
INFO: [Synth 8-3333] propagating constant 0 across sequential element (\instruction_reg[18] )
INFO: [Synth 8-3333] propagating constant 0 across sequential element (\delay_read_pipe_reg[0][15] )
INFO: [Synth 8-3886] merging instance 'delay_read_pipe_reg[0][13]' (FDR) to 'delay_read_pipe_reg[0][15]'
INFO: [Synth 8-3333] propagating constant 0 across sequential element (\o_wb_ack_read_q_reg[14][1] )
INFO: [Synth 8-3886] merging instance 'o_wb_ack_read_q_reg[13][1]' (FDR) to 'o_wb_ack_read_q_reg[14][1]'
INFO: [Synth 8-3886] merging instance 'calib_data_reg[107]' (FDRE) to 'calib_data_reg[111]'
INFO: [Synth 8-3886] merging instance 'sync_rst_controller_reg' (FD) to 'current_rank_rst_reg'
INFO: [Synth 8-3333] propagating constant 0 across sequential element (\stage2_col_reg[2] )
INFO: [Synth 8-3333] propagating constant 0 across sequential element (\delay_read_pipe_reg[0][15] )
INFO: [Synth 8-3886] merging instance 'delay_read_pipe_reg[0][12]' (FDR) to 'delay_read_pipe_reg[0][15]'
INFO: [Synth 8-3333] propagating constant 0 across sequential element (\o_wb_ack_read_q_reg[14][1] )
INFO: [Synth 8-3886] merging instance 'o_wb_ack_read_q_reg[12][1]' (FDR) to 'o_wb_ack_read_q_reg[14][1]'
INFO: [Synth 8-3333] propagating constant 0 across sequential element (\delay_read_pipe_reg[0][15] )
INFO: [Synth 8-3886] merging instance 'delay_read_pipe_reg[0][11]' (FDR) to 'delay_read_pipe_reg[0][15]'
INFO: [Synth 8-3333] propagating constant 0 across sequential element (\o_wb_ack_read_q_reg[14][1] )
INFO: [Synth 8-3886] merging instance 'o_wb_ack_read_q_reg[11][1]' (FDR) to 'o_wb_ack_read_q_reg[14][1]'
INFO: [Synth 8-3333] propagating constant 0 across sequential element (\delay_read_pipe_reg[0][15] )
INFO: [Synth 8-3886] merging instance 'delay_read_pipe_reg[0][10]' (FDR) to 'delay_read_pipe_reg[0][15]'
INFO: [Synth 8-3333] propagating constant 0 across sequential element (\o_wb_ack_read_q_reg[14][1] )
INFO: [Synth 8-3886] merging instance 'o_wb_ack_read_q_reg[10][1]' (FDR) to 'o_wb_ack_read_q_reg[14][1]'
INFO: [Synth 8-3333] propagating constant 0 across sequential element (\delay_read_pipe_reg[0][15] )
INFO: [Synth 8-3886] merging instance 'delay_read_pipe_reg[0][9]' (FDR) to 'delay_read_pipe_reg[0][15]'
INFO: [Synth 8-3333] propagating constant 0 across sequential element (\o_wb_ack_read_q_reg[14][1] )
INFO: [Synth 8-3886] merging instance 'o_wb_ack_read_q_reg[9][1]' (FDR) to 'o_wb_ack_read_q_reg[14][1]'
INFO: [Synth 8-3333] propagating constant 0 across sequential element (\delay_read_pipe_reg[0][15] )
INFO: [Synth 8-3886] merging instance 'delay_read_pipe_reg[0][8]' (FDR) to 'delay_read_pipe_reg[0][15]'
INFO: [Synth 8-3333] propagating constant 0 across sequential element (\o_wb_ack_read_q_reg[14][1] )
INFO: [Synth 8-3886] merging instance 'o_wb_ack_read_q_reg[8][1]' (FDR) to 'o_wb_ack_read_q_reg[14][1]'
INFO: [Synth 8-3333] propagating constant 0 across sequential element (\delay_read_pipe_reg[0][15] )
INFO: [Synth 8-3333] propagating constant 0 across sequential element (\o_wb_ack_read_q_reg[14][1] )
INFO: [Synth 8-3886] merging instance 'write_dq_q_reg[0]' (FDR) to 'write_dqs_q_reg[0]'
INFO: [Synth 8-3886] merging instance 'write_dq_q_reg[1]' (FDR) to 'write_dqs_q_reg[1]'
INFO: [Synth 8-3886] merging instance 'write_dq_reg[0]' (FDR) to 'write_dqs_val_reg[0]'
INFO: [Synth 8-3886] merging instance 'write_dq_reg[1]' (FDR) to 'write_dqs_reg[1]'
INFO: [Synth 8-3886] merging instance 'o_phy_dq_tri_control_reg' (FD) to 'o_phy_dqs_tri_control_reg'
INFO: [Synth 8-12192] Not enough pipeline registers after wide multiplier. Pipeline registers present is 0. Recommended levels of pipeline registers is 2. [/home/fpga/worker_place/temp/temp/ec75427a9d204090903221376b5e0000/hdl/top_level.sv:2666]
INFO: [Synth 8-5544] ROM "arg0" won't be mapped to Block RAM because address size (2) smaller than threshold (5)
DSP Report: Generating DSP train_gen_lcg_state1, operation Mode is: (A:0x19660d)*B2.
DSP Report: register train_gen_lcg_state1 is absorbed into DSP train_gen_lcg_state1.
DSP Report: operator train_gen_lcg_state1 is absorbed into DSP train_gen_lcg_state1.
DSP Report: operator train_gen_lcg_state1 is absorbed into DSP train_gen_lcg_state1.
DSP Report: Generating DSP train_gen_lcg_state1, operation Mode is: (PCIN>>17)+(A:0x19660d)*B2.
DSP Report: register train_gen_lcg_state_reg is absorbed into DSP train_gen_lcg_state1.
DSP Report: operator train_gen_lcg_state1 is absorbed into DSP train_gen_lcg_state1.
DSP Report: operator train_gen_lcg_state1 is absorbed into DSP train_gen_lcg_state1.
DSP Report: Generating DSP lcg_state_in0, operation Mode is: A2*(B:0x1660d).
DSP Report: register lcg_state_in0 is absorbed into DSP lcg_state_in0.
DSP Report: operator lcg_state_in0 is absorbed into DSP lcg_state_in0.
DSP Report: operator lcg_state_in0 is absorbed into DSP lcg_state_in0.
INFO: [Synth 8-3886] merging instance 'train_gen_lcg_state_reg[2]' (FDRE) to 'lcg_state_in0__21'
INFO: [Synth 8-3886] merging instance 'train_gen_lcg_state_reg[3]' (FDRE) to 'lcg_state_in0__20'
INFO: [Synth 8-3886] merging instance 'lcg_state_in0__19' (FDRE) to 'train_gen_lcg_state_reg[4]'
INFO: [Synth 8-3886] merging instance 'lcg_state_in0__18' (FDRE) to 'train_gen_lcg_state_reg[5]'
INFO: [Synth 8-3886] merging instance 'lcg_state_in0__17' (FDRE) to 'train_gen_lcg_state_reg[6]'
INFO: [Synth 8-3886] merging instance 'lcg_state_in0__16' (FDRE) to 'train_gen_lcg_state_reg[7]'
INFO: [Synth 8-3886] merging instance 'train_gen_lcg_state_reg[1]' (FDRE) to 'lcg_state_in0__22'
INFO: [Synth 8-3886] merging instance 'train_gen_lcg_state_reg[0]' (FDRE) to 'lcg_state_in0__23'
INFO: [Synth 8-3886] merging instance 'lcg_state_in0__15' (FDRE) to 'train_gen_lcg_state_reg[8]'
INFO: [Synth 8-3886] merging instance 'lcg_state_in0__14' (FDRE) to 'train_gen_lcg_state_reg[9]'
INFO: [Synth 8-3886] merging instance 'lcg_state_in0__13' (FDRE) to 'train_gen_lcg_state_reg[10]'
INFO: [Synth 8-3886] merging instance 'lcg_state_in0__12' (FDRE) to 'train_gen_lcg_state_reg[11]'
INFO: [Synth 8-3886] merging instance 'lcg_state_in0__11' (FDRE) to 'train_gen_lcg_state_reg[12]'
INFO: [Synth 8-3886] merging instance 'lcg_state_in0__10' (FDRE) to 'train_gen_lcg_state_reg[13]'
INFO: [Synth 8-3886] merging instance 'lcg_state_in0__9' (FDRE) to 'train_gen_lcg_state_reg[14]'
INFO: [Synth 8-3886] merging instance 'lcg_state_in0__8' (FDRE) to 'train_gen_lcg_state_reg[15]'
INFO: [Synth 8-3886] merging instance 'lcg_state_in0__7' (FDRE) to 'train_gen_lcg_state_reg[16]'
INFO: [Synth 8-3886] merging instance 'lcg_state_in0__6' (FDRE) to 'train_gen_lcg_state_reg[17]'
INFO: [Synth 8-3886] merging instance 'lcg_state_in0__5' (FDRE) to 'train_gen_lcg_state_reg[18]'
INFO: [Synth 8-3886] merging instance 'lcg_state_in0__4' (FDRE) to 'train_gen_lcg_state_reg[19]'
INFO: [Synth 8-3886] merging instance 'lcg_state_in0__3' (FDRE) to 'train_gen_lcg_state_reg[20]'
INFO: [Synth 8-3886] merging instance 'lcg_state_in0__2' (FDRE) to 'train_gen_lcg_state_reg[21]'
INFO: [Synth 8-3886] merging instance 'lcg_state_in0__1' (FDRE) to 'train_gen_lcg_state_reg[22]'
INFO: [Synth 8-12192] Not enough pipeline registers after wide multiplier. Pipeline registers present is 1. Recommended levels of pipeline registers is 2. [/home/fpga/worker_place/temp/temp/ec75427a9d204090903221376b5e0000/hdl/top_level.sv:4830]
INFO: [Synth 8-5546] ROM "infer_dividend" won't be mapped to RAM because it is too sparse
DSP Report: Generating DSP infer_prep_div_prod_q320, operation Mode is: A*B.
DSP Report: operator infer_prep_div_prod_q320 is absorbed into DSP infer_prep_div_prod_q320.
DSP Report: operator infer_prep_div_prod_q320 is absorbed into DSP infer_prep_div_prod_q320.
DSP Report: Generating DSP infer_prep_div_prod_q32_reg, operation Mode is: (PCIN>>17)+A*B.
DSP Report: register infer_prep_div_prod_q32_reg is absorbed into DSP infer_prep_div_prod_q32_reg.
DSP Report: operator infer_prep_div_prod_q320 is absorbed into DSP infer_prep_div_prod_q32_reg.
DSP Report: operator infer_prep_div_prod_q320 is absorbed into DSP infer_prep_div_prod_q32_reg.
DSP Report: Generating DSP p_0_in, operation Mode is: (A:0x24000)*(B:0x0).
DSP Report: operator p_0_in is absorbed into DSP p_0_in.
DSP Report: operator p_0_in is absorbed into DSP p_0_in.
DSP Report: Generating DSP p_0_in, operation Mode is: (PCIN>>17)+(A:0x24000)*B.
DSP Report: operator p_0_in is absorbed into DSP p_0_in.
DSP Report: operator p_0_in is absorbed into DSP p_0_in.
INFO: [Synth 8-4652] Swapped enable and write-enable on 2 RAM instances of RAM batch_label_mem_reg to conserve power
INFO: [Synth 8-4652] Swapped enable and write-enable on 1 RAM instances of RAM infer_poisson_thresh_mem_reg to conserve power
WARNING: [Synth 8-6849] Infeasible attribute ram_style = "block" set for RAM "top_level__GCB3/infer_g_exc_delay0_reg",trying to implement using LUTRAM
WARNING: [Synth 8-6849] Infeasible attribute ram_style = "block" set for RAM "top_level__GCB3/infer_g_exc_delay0_reg",trying to implement using LUTRAM
INFO: [Synth 8-3886] merging instance 'infer_poisson_num_const_cfg_reg[0]' (FDSE) to 'infer_poisson_num_const_cfg_reg[13]'
INFO: [Synth 8-3886] merging instance 'infer_poisson_num_const_cfg_reg[1]' (FDSE) to 'infer_poisson_num_const_cfg_reg[13]'
INFO: [Synth 8-3886] merging instance 'infer_poisson_num_const_cfg_reg[2]' (FDSE) to 'infer_poisson_num_const_cfg_reg[13]'
INFO: [Synth 8-3886] merging instance 'infer_poisson_num_const_cfg_reg[3]' (FDRE) to 'infer_poisson_num_const_cfg_reg[31]'
INFO: [Synth 8-3886] merging instance 'infer_poisson_num_const_cfg_reg[4]' (FDSE) to 'infer_poisson_num_const_cfg_reg[13]'
INFO: [Synth 8-3886] merging instance 'infer_poisson_num_const_cfg_reg[5]' (FDRE) to 'infer_poisson_num_const_cfg_reg[31]'
INFO: [Synth 8-3886] merging instance 'infer_poisson_num_const_cfg_reg[6]' (FDSE) to 'infer_poisson_num_const_cfg_reg[13]'
INFO: [Synth 8-3886] merging instance 'infer_poisson_num_const_cfg_reg[7]' (FDSE) to 'infer_poisson_num_const_cfg_reg[13]'
INFO: [Synth 8-3886] merging instance 'infer_poisson_num_const_cfg_reg[8]' (FDSE) to 'infer_poisson_num_const_cfg_reg[13]'
INFO: [Synth 8-3886] merging instance 'infer_poisson_num_const_cfg_reg[9]' (FDSE) to 'infer_poisson_num_const_cfg_reg[13]'
INFO: [Synth 8-3886] merging instance 'infer_poisson_num_const_cfg_reg[10]' (FDRE) to 'infer_poisson_num_const_cfg_reg[31]'
INFO: [Synth 8-3886] merging instance 'infer_poisson_num_const_cfg_reg[11]' (FDRE) to 'infer_poisson_num_const_cfg_reg[31]'
INFO: [Synth 8-3886] merging instance 'infer_poisson_num_const_cfg_reg[12]' (FDRE) to 'infer_poisson_num_const_cfg_reg[31]'
INFO: [Synth 8-3333] propagating constant 1 across sequential element (\infer_poisson_num_const_cfg_reg[13] )
INFO: [Synth 8-3886] merging instance 'infer_poisson_num_const_cfg_reg[14]' (FDRE) to 'infer_poisson_num_const_cfg_reg[31]'
INFO: [Synth 8-3886] merging instance 'infer_poisson_num_const_cfg_reg[15]' (FDRE) to 'infer_poisson_num_const_cfg_reg[31]'
INFO: [Synth 8-3886] merging instance 'infer_poisson_num_const_cfg_reg[16]' (FDRE) to 'infer_poisson_num_const_cfg_reg[31]'
INFO: [Synth 8-3886] merging instance 'infer_poisson_num_const_cfg_reg[17]' (FDRE) to 'infer_poisson_num_const_cfg_reg[31]'
INFO: [Synth 8-3886] merging instance 'infer_poisson_num_const_cfg_reg[18]' (FDRE) to 'infer_poisson_num_const_cfg_reg[31]'
INFO: [Synth 8-3886] merging instance 'infer_poisson_num_const_cfg_reg[19]' (FDRE) to 'infer_poisson_num_const_cfg_reg[31]'
INFO: [Synth 8-3886] merging instance 'infer_poisson_num_const_cfg_reg[20]' (FDRE) to 'infer_poisson_num_const_cfg_reg[31]'
INFO: [Synth 8-3886] merging instance 'infer_poisson_num_const_cfg_reg[21]' (FDRE) to 'infer_poisson_num_const_cfg_reg[31]'
INFO: [Synth 8-3886] merging instance 'infer_poisson_num_const_cfg_reg[22]' (FDRE) to 'infer_poisson_num_const_cfg_reg[31]'
INFO: [Synth 8-3886] merging instance 'infer_poisson_num_const_cfg_reg[23]' (FDRE) to 'infer_poisson_num_const_cfg_reg[31]'
INFO: [Synth 8-3886] merging instance 'infer_poisson_num_const_cfg_reg[24]' (FDRE) to 'infer_poisson_num_const_cfg_reg[31]'
INFO: [Synth 8-3886] merging instance 'infer_poisson_num_const_cfg_reg[25]' (FDRE) to 'infer_poisson_num_const_cfg_reg[31]'
INFO: [Synth 8-3886] merging instance 'infer_poisson_num_const_cfg_reg[26]' (FDRE) to 'infer_poisson_num_const_cfg_reg[31]'
INFO: [Synth 8-3886] merging instance 'infer_poisson_num_const_cfg_reg[27]' (FDRE) to 'infer_poisson_num_const_cfg_reg[31]'
INFO: [Synth 8-3886] merging instance 'infer_poisson_num_const_cfg_reg[28]' (FDRE) to 'infer_poisson_num_const_cfg_reg[31]'
INFO: [Synth 8-3886] merging instance 'infer_poisson_num_const_cfg_reg[29]' (FDRE) to 'infer_poisson_num_const_cfg_reg[31]'
INFO: [Synth 8-3886] merging instance 'infer_poisson_num_const_cfg_reg[30]' (FDRE) to 'infer_poisson_num_const_cfg_reg[31]'
INFO: [Synth 8-3333] propagating constant 0 across sequential element (\infer_poisson_num_const_cfg_reg[31] )
INFO: [Synth 8-3886] merging instance 'sd_copy_dest_base_word_reg[31]' (FDRE) to 'sd_copy_dest_base_word_reg[30]'
INFO: [Synth 8-3886] merging instance 'sd_copy_dest_base_word_reg[30]' (FDRE) to 'sd_copy_dest_base_word_reg[29]'
INFO: [Synth 8-3886] merging instance 'sd_copy_dest_base_word_reg[29]' (FDRE) to 'sd_copy_dest_base_word_reg[28]'
INFO: [Synth 8-3886] merging instance 'sd_copy_dest_base_word_reg[28]' (FDRE) to 'sd_copy_dest_base_word_reg[27]'
INFO: [Synth 8-3886] merging instance 'sd_copy_dest_base_word_reg[27]' (FDRE) to 'sd_copy_dest_base_word_reg[26]'
INFO: [Synth 8-3886] merging instance 'sd_copy_dest_base_word_reg[26]' (FDRE) to 'sd_copy_dest_base_word_reg[25]'
INFO: [Synth 8-3886] merging instance 'sd_copy_dest_base_word_reg[25]' (FDRE) to 'sd_copy_dest_base_word_reg[24]'
INFO: [Synth 8-3886] merging instance 'sd_copy_dest_base_word_reg[24]' (FDRE) to 'sd_copy_dest_base_word_reg[23]'
INFO: [Synth 8-3886] merging instance 'sd_copy_dest_base_word_reg[23]' (FDRE) to 'sd_copy_dest_base_word_reg[22]'
INFO: [Synth 8-3886] merging instance 'sd_copy_dest_base_word_reg[22]' (FDRE) to 'sd_copy_dest_base_word_reg[21]'
INFO: [Synth 8-3886] merging instance 'sd_copy_dest_base_word_reg[21]' (FDRE) to 'sd_copy_dest_base_word_reg[20]'
INFO: [Synth 8-3886] merging instance 'sd_copy_dest_base_word_reg[20]' (FDRE) to 'sd_copy_dest_base_word_reg[17]'
INFO: [Synth 8-3886] merging instance 'sd_copy_dest_base_word_reg[17]' (FDRE) to 'sd_copy_dest_base_word_reg[13]'
INFO: [Synth 8-3886] merging instance 'sd_copy_dest_base_word_reg[16]' (FDSE) to 'sd_copy_dest_base_word_reg[15]'
INFO: [Synth 8-3886] merging instance 'sd_copy_dest_base_word_reg[15]' (FDSE) to 'sd_copy_dest_base_word_reg[14]'
INFO: [Synth 8-3886] merging instance 'sd_copy_dest_base_word_reg[14]' (FDSE) to 'sd_copy_dest_base_word_reg[12]'
INFO: [Synth 8-3886] merging instance 'sd_copy_dest_base_word_reg[13]' (FDRE) to 'sd_copy_dest_base_word_reg[11]'
INFO: [Synth 8-3886] merging instance 'sd_copy_dest_base_word_reg[12]' (FDSE) to 'sd_copy_dest_base_word_reg[7]'
INFO: [Synth 8-3886] merging instance 'sd_copy_dest_base_word_reg[11]' (FDRE) to 'sd_copy_dest_base_word_reg[10]'
INFO: [Synth 8-3886] merging instance 'sd_copy_dest_base_word_reg[10]' (FDRE) to 'sd_copy_dest_base_word_reg[9]'
INFO: [Synth 8-3886] merging instance 'sd_copy_dest_base_word_reg[9]' (FDRE) to 'sd_copy_dest_base_word_reg[8]'
INFO: [Synth 8-3886] merging instance 'sd_copy_dest_base_word_reg[8]' (FDRE) to 'sd_copy_dest_base_word_reg[5]'
INFO: [Synth 8-3886] merging instance 'sd_copy_dest_base_word_reg[7]' (FDSE) to 'sd_copy_dest_base_word_reg[6]'
INFO: [Synth 8-3886] merging instance 'sd_copy_dest_base_word_reg[0]' (FDRE) to 'sd_copy_dest_base_word_reg[5]'
INFO: [Synth 8-3886] merging instance 'sd_copy_dest_base_word_reg[1]' (FDRE) to 'sd_copy_dest_base_word_reg[5]'
INFO: [Synth 8-3886] merging instance 'sd_copy_dest_base_word_reg[2]' (FDRE) to 'sd_copy_dest_base_word_reg[5]'
INFO: [Synth 8-3886] merging instance 'sd_copy_dest_base_word_reg[3]' (FDSE) to 'sd_copy_dest_base_word_reg[6]'
INFO: [Synth 8-3886] merging instance 'sd_copy_dest_base_word_reg[4]' (FDRE) to 'sd_copy_dest_base_word_reg[5]'
INFO: [Synth 8-3333] propagating constant 0 across sequential element (\sd_copy_dest_base_word_reg[5] )
INFO: [Synth 8-3333] propagating constant 1 across sequential element (\sd_copy_dest_base_word_reg[6] )
INFO: [Synth 8-3886] merging instance 'train_stdp_row0_reg[6]' (FDRE) to 'train_stdp_row0_reg[5]'
INFO: [Synth 8-3886] merging instance 'train_stdp_row0_reg[0]' (FDRE) to 'train_stdp_row0_reg[5]'
INFO: [Synth 8-3886] merging instance 'train_stdp_row0_reg[1]' (FDRE) to 'train_stdp_row0_reg[5]'
INFO: [Synth 8-3886] merging instance 'train_stdp_row0_reg[2]' (FDRE) to 'train_stdp_row0_reg[5]'
INFO: [Synth 8-3886] merging instance 'train_stdp_row0_reg[3]' (FDRE) to 'train_stdp_row0_reg[5]'
INFO: [Synth 8-3886] merging instance 'train_stdp_row0_reg[4]' (FDRE) to 'train_stdp_row0_reg[5]'
INFO: [Synth 8-3333] propagating constant 0 across sequential element (\train_stdp_row0_reg[5] )
INFO: [Synth 8-3886] merging instance 'ddr_req_word_count_core_reg[1]' (FDRE) to 'ddr_req_word_count_core_reg[2]'
INFO: [Synth 8-3333] propagating constant 0 across sequential element (\ddr_req_word_count_core_reg[2] )
INFO: [Synth 8-12192] Not enough pipeline registers after wide multiplier. Pipeline registers present is 1. Recommended levels of pipeline registers is 4. [/home/fpga/worker_place/temp/temp/ec75427a9d204090903221376b5e0000/hdl/top_level.sv:5083]
INFO: [Synth 8-12192] Not enough pipeline registers after wide multiplier. Pipeline registers present is 1. Recommended levels of pipeline registers is 2. [/home/fpga/worker_place/temp/temp/ec75427a9d204090903221376b5e0000/hdl/top_level.sv:5121]
INFO: [Synth 8-5546] ROM "infer_g_inh_state" won't be mapped to RAM because it is too sparse
INFO: [Synth 8-5546] ROM "infer_commit_theta_prod" won't be mapped to RAM because it is too sparse
INFO: [Synth 8-5546] ROM "infer_commit_theta_decay" won't be mapped to RAM because it is too sparse
INFO: [Synth 8-5546] ROM "infer_commit_theta_next" won't be mapped to RAM because it is too sparse
INFO: [Synth 8-5546] ROM "infer_v_state" won't be mapped to RAM because it is too sparse
INFO: [Synth 8-5546] ROM "infer_commit_v_next" won't be mapped to RAM because it is too sparse
INFO: [Synth 8-5546] ROM "infer_commit_spike_now" won't be mapped to RAM because it is too sparse
DSP Report: Generating DSP infer_eval_i_syn_inh_prod_q320, operation Mode is: A2*B.
DSP Report: register infer_eval_i_syn_inh_prod_q320 is absorbed into DSP infer_eval_i_syn_inh_prod_q320.
DSP Report: operator infer_eval_i_syn_inh_prod_q320 is absorbed into DSP infer_eval_i_syn_inh_prod_q320.
DSP Report: operator infer_eval_i_syn_inh_prod_q320 is absorbed into DSP infer_eval_i_syn_inh_prod_q320.
DSP Report: Generating DSP infer_eval_i_syn_inh_prod_q32_reg, operation Mode is: (PCIN>>17)+A*B2.
DSP Report: register infer_eval_inh_drive_dt_reg is absorbed into DSP infer_eval_i_syn_inh_prod_q32_reg.
DSP Report: register infer_eval_i_syn_inh_prod_q32_reg is absorbed into DSP infer_eval_i_syn_inh_prod_q32_reg.
DSP Report: operator infer_eval_i_syn_inh_prod_q320 is absorbed into DSP infer_eval_i_syn_inh_prod_q32_reg.
DSP Report: operator infer_eval_i_syn_inh_prod_q320 is absorbed into DSP infer_eval_i_syn_inh_prod_q32_reg.
DSP Report: Generating DSP infer_eval_i_syn_inh_prod_q320, operation Mode is: A*B2.
DSP Report: register infer_eval_i_syn_inh_prod_q320 is absorbed into DSP infer_eval_i_syn_inh_prod_q320.
DSP Report: operator infer_eval_i_syn_inh_prod_q320 is absorbed into DSP infer_eval_i_syn_inh_prod_q320.
DSP Report: operator infer_eval_i_syn_inh_prod_q320 is absorbed into DSP infer_eval_i_syn_inh_prod_q320.
DSP Report: Generating DSP infer_eval_i_syn_inh_prod_q32_reg, operation Mode is: (PCIN>>17)+A*B2.
DSP Report: register infer_eval_inh_drive_dt_reg is absorbed into DSP infer_eval_i_syn_inh_prod_q32_reg.
DSP Report: register infer_eval_i_syn_inh_prod_q32_reg is absorbed into DSP infer_eval_i_syn_inh_prod_q32_reg.
DSP Report: operator infer_eval_i_syn_inh_prod_q320 is absorbed into DSP infer_eval_i_syn_inh_prod_q32_reg.
DSP Report: operator infer_eval_i_syn_inh_prod_q320 is absorbed into DSP infer_eval_i_syn_inh_prod_q32_reg.
DSP Report: Generating DSP infer_commit_theta_prod0, operation Mode is: A*(B:0xffff).
DSP Report: operator infer_commit_theta_prod0 is absorbed into DSP infer_commit_theta_prod0.
DSP Report: operator infer_commit_theta_prod0 is absorbed into DSP infer_commit_theta_prod0.
DSP Report: Generating DSP infer_commit_theta_prod_reg, operation Mode is: (PCIN>>17)+(A:0xffff)*B.
DSP Report: register infer_commit_theta_prod_reg is absorbed into DSP infer_commit_theta_prod_reg.
DSP Report: operator infer_commit_theta_prod0 is absorbed into DSP infer_commit_theta_prod_reg.
DSP Report: operator infer_commit_theta_prod0 is absorbed into DSP infer_commit_theta_prod_reg.
INFO: [Synth 8-3886] merging instance 'infer_eval_einh_minus_v_reg[0]' (FDE) to 'infer_eval_vrest_minus_v_reg[0]'
INFO: [Synth 8-3886] merging instance 'infer_eval_leak_dt_reg[31]' (FDE) to 'infer_eval_leak_dt_reg[25]'
INFO: [Synth 8-3886] merging instance 'infer_eval_leak_dt_reg[25]' (FDE) to 'infer_eval_leak_dt_reg[26]'
INFO: [Synth 8-3886] merging instance 'infer_eval_leak_dt_reg[26]' (FDE) to 'infer_eval_leak_dt_reg[27]'
INFO: [Synth 8-3886] merging instance 'infer_eval_leak_dt_reg[27]' (FDE) to 'infer_eval_leak_dt_reg[28]'
INFO: [Synth 8-3886] merging instance 'infer_eval_leak_dt_reg[28]' (FDE) to 'infer_eval_leak_dt_reg[29]'
INFO: [Synth 8-3886] merging instance 'infer_eval_leak_dt_reg[29]' (FDE) to 'infer_eval_leak_dt_reg[30]'
INFO: [Synth 8-3886] merging instance 'batch_error_code_reg[1]' (FDRE) to 'batch_error_code_reg[7]'
INFO: [Synth 8-3886] merging instance 'batch_error_code_reg[2]' (FDRE) to 'batch_error_code_reg[7]'
INFO: [Synth 8-3886] merging instance 'batch_error_code_reg[3]' (FDRE) to 'batch_error_code_reg[7]'
INFO: [Synth 8-3886] merging instance 'batch_error_code_reg[4]' (FDRE) to 'batch_error_code_reg[7]'
INFO: [Synth 8-3886] merging instance 'batch_error_code_reg[5]' (FDRE) to 'batch_error_code_reg[7]'
INFO: [Synth 8-3886] merging instance 'batch_error_code_reg[6]' (FDRE) to 'batch_error_code_reg[7]'
INFO: [Synth 8-3333] propagating constant 0 across sequential element (\batch_error_code_reg[7] )
INFO: [Synth 8-3886] merging instance 'ddr_wb_addr_reg[22]' (FDRE) to 'ddr_wb_addr_reg[23]'
INFO: [Synth 8-3333] propagating constant 0 across sequential element (\ddr_wb_addr_reg[23] )
INFO: [Synth 8-3886] merging instance 'ddr_wb_sel_reg[0]' (FDRE) to 'ddr_wb_sel_reg[1]'
INFO: [Synth 8-3886] merging instance 'ddr_wb_sel_reg[1]' (FDRE) to 'ddr_wb_sel_reg[2]'
INFO: [Synth 8-3886] merging instance 'ddr_wb_sel_reg[2]' (FDRE) to 'ddr_wb_sel_reg[3]'
INFO: [Synth 8-3886] merging instance 'ddr_wb_sel_reg[4]' (FDRE) to 'ddr_wb_sel_reg[5]'
INFO: [Synth 8-3886] merging instance 'ddr_wb_sel_reg[5]' (FDRE) to 'ddr_wb_sel_reg[6]'
INFO: [Synth 8-3886] merging instance 'ddr_wb_sel_reg[6]' (FDRE) to 'ddr_wb_sel_reg[7]'
INFO: [Synth 8-3886] merging instance 'ddr_wb_sel_reg[8]' (FDRE) to 'ddr_wb_sel_reg[9]'
INFO: [Synth 8-3886] merging instance 'ddr_wb_sel_reg[9]' (FDRE) to 'ddr_wb_sel_reg[10]'
INFO: [Synth 8-3886] merging instance 'ddr_wb_sel_reg[10]' (FDRE) to 'ddr_wb_sel_reg[11]'
INFO: [Synth 8-3886] merging instance 'ddr_wb_sel_reg[12]' (FDRE) to 'ddr_wb_sel_reg[13]'
INFO: [Synth 8-3886] merging instance 'ddr_wb_sel_reg[13]' (FDRE) to 'ddr_wb_sel_reg[14]'
INFO: [Synth 8-3886] merging instance 'ddr_wb_sel_reg[14]' (FDRE) to 'ddr_wb_sel_reg[15]'
INFO: [Synth 8-3333] propagating constant 0 across sequential element (sd_wr_reg)
INFO: [Synth 8-3886] merging instance 'train_stdp_row_end_reg[0]' (FDRE) to 'train_stdp_row_end_reg[6]'
INFO: [Synth 8-3886] merging instance 'train_stdp_row_end_reg[1]' (FDRE) to 'train_stdp_row_end_reg[5]'
INFO: [Synth 8-3886] merging instance 'train_stdp_row_end_reg[2]' (FDRE) to 'train_stdp_row_end_reg[6]'
INFO: [Synth 8-3886] merging instance 'train_stdp_row_end_reg[3]' (FDRE) to 'train_stdp_row_end_reg[6]'
INFO: [Synth 8-3886] merging instance 'train_stdp_row_end_reg[4]' (FDRE) to 'train_stdp_row_end_reg[5]'
INFO: [Synth 8-3333] propagating constant 0 across sequential element (\train_stdp_row_end_reg[6] )
INFO: [Synth 8-12192] Not enough pipeline registers after wide multiplier. Pipeline registers present is 1. Recommended levels of pipeline registers is 2. [/home/fpga/worker_place/temp/temp/ec75427a9d204090903221376b5e0000/hdl/top_level.sv:3124]
INFO: [Synth 8-12192] Not enough pipeline registers after wide multiplier. Pipeline registers present is 1. Recommended levels of pipeline registers is 4. [/home/fpga/worker_place/temp/temp/ec75427a9d204090903221376b5e0000/hdl/top_level.sv:3155]
INFO: [Synth 8-12192] Not enough pipeline registers after wide multiplier. Pipeline registers present is 1. Recommended levels of pipeline registers is 2. [/home/fpga/worker_place/temp/temp/ec75427a9d204090903221376b5e0000/hdl/top_level.sv:3123]
INFO: [Synth 8-12192] Not enough pipeline registers after wide multiplier. Pipeline registers present is 1. Recommended levels of pipeline registers is 4. [/home/fpga/worker_place/temp/temp/ec75427a9d204090903221376b5e0000/hdl/top_level.sv:3154]
INFO: [Synth 8-5546] ROM "infer_g_exc_delay0" won't be mapped to RAM because it is too sparse
INFO: [Synth 8-5546] ROM "infer_apply_inh_eexc_minus_v" won't be mapped to RAM because it is too sparse
INFO: [Synth 8-5546] ROM "infer_apply_exc_drive_prod_q32" won't be mapped to RAM because it is too sparse
INFO: [Synth 8-5546] ROM "infer_apply_exc_drive_dt_inh" won't be mapped to RAM because it is too sparse
INFO: [Synth 8-5546] ROM "infer_apply_i_syn_exc_mul_a" won't be mapped to RAM because it is too sparse
INFO: [Synth 8-5546] ROM "infer_apply_i_syn_exc_prod_q32" won't be mapped to RAM because it is too sparse
INFO: [Synth 8-5546] ROM "infer_apply_i_syn_exc_step_inh" won't be mapped to RAM because it is too sparse
INFO: [Synth 8-5546] ROM "infer_apply_dv_inh_step" won't be mapped to RAM because it is too sparse
INFO: [Synth 8-5546] ROM "infer_apply_v_inh_prop" won't be mapped to RAM because it is too sparse
INFO: [Synth 8-5546] ROM "infer_v_inh_state" won't be mapped to RAM because it is too sparse
INFO: [Synth 8-5546] ROM "infer_apply_s_inh_now" won't be mapped to RAM because it is too sparse
INFO: [Synth 8-5546] ROM "infer_apply_inh_refractory_ok" won't be mapped to RAM because it is too sparse
INFO: [Synth 8-5546] ROM "infer_v_state" won't be mapped to RAM because it is too sparse
INFO: [Synth 8-5546] ROM "infer_eval_eexc_minus_v" won't be mapped to RAM because it is too sparse
INFO: [Synth 8-5546] ROM "infer_eval_i_syn_exc_step" won't be mapped to RAM because it is too sparse
INFO: [Synth 8-5546] ROM "infer_eval_exc_refractory_ok" won't be mapped to RAM because it is too sparse
DSP Report: Generating DSP train_stdp_dep_mid_prod_q320, operation Mode is: A2*(B:0x7).
DSP Report: register train_stdp_dep_mid_prod_q320 is absorbed into DSP train_stdp_dep_mid_prod_q320.
DSP Report: operator train_stdp_dep_mid_prod_q320 is absorbed into DSP train_stdp_dep_mid_prod_q320.
DSP Report: operator train_stdp_dep_mid_prod_q320 is absorbed into DSP train_stdp_dep_mid_prod_q320.
DSP Report: Generating DSP train_stdp_dep_mid_prod_q32_reg, operation Mode is: (PCIN>>17)+A*(B:0x7).
DSP Report: register train_stdp_dep_mid_prod_q32_reg is absorbed into DSP train_stdp_dep_mid_prod_q32_reg.
DSP Report: operator train_stdp_dep_mid_prod_q320 is absorbed into DSP train_stdp_dep_mid_prod_q32_reg.
DSP Report: operator train_stdp_dep_mid_prod_q320 is absorbed into DSP train_stdp_dep_mid_prod_q32_reg.
DSP Report: Generating DSP train_stdp_dep_prod_q320, operation Mode is: A''*B''.
DSP Report: register train_stdp_dep_mid_q16_reg is absorbed into DSP train_stdp_dep_prod_q320.
DSP Report: register train_stdp_dep_mid_pipe_q16_reg is absorbed into DSP train_stdp_dep_prod_q320.
DSP Report: register train_stdp_dep_prod_q320 is absorbed into DSP train_stdp_dep_prod_q320.
DSP Report: register train_stdp_dep_prod_q320 is absorbed into DSP train_stdp_dep_prod_q320.
DSP Report: operator train_stdp_dep_prod_q320 is absorbed into DSP train_stdp_dep_prod_q320.
DSP Report: operator train_stdp_dep_prod_q320 is absorbed into DSP train_stdp_dep_prod_q320.
DSP Report: Generating DSP train_stdp_dep_prod_q32_reg, operation Mode is: (PCIN>>17)+A''*B''.
DSP Report: register train_stdp_bt_val_reg is absorbed into DSP train_stdp_dep_prod_q32_reg.
DSP Report: register train_stdp_bt_val_pipe_reg is absorbed into DSP train_stdp_dep_prod_q32_reg.
DSP Report: register train_stdp_dep_mid_q16_reg is absorbed into DSP train_stdp_dep_prod_q32_reg.
DSP Report: register train_stdp_dep_mid_pipe_q16_reg is absorbed into DSP train_stdp_dep_prod_q32_reg.
DSP Report: register train_stdp_dep_prod_q32_reg is absorbed into DSP train_stdp_dep_prod_q32_reg.
DSP Report: operator train_stdp_dep_prod_q320 is absorbed into DSP train_stdp_dep_prod_q32_reg.
DSP Report: operator train_stdp_dep_prod_q320 is absorbed into DSP train_stdp_dep_prod_q32_reg.
DSP Report: Generating DSP train_stdp_dep_prod_q320, operation Mode is: A''*B''.
DSP Report: register train_stdp_dep_prod_q320 is absorbed into DSP train_stdp_dep_prod_q320.
DSP Report: register train_stdp_dep_prod_q320 is absorbed into DSP train_stdp_dep_prod_q320.
DSP Report: register train_stdp_dep_prod_q320 is absorbed into DSP train_stdp_dep_prod_q320.
DSP Report: register train_stdp_dep_prod_q320 is absorbed into DSP train_stdp_dep_prod_q320.
DSP Report: operator train_stdp_dep_prod_q320 is absorbed into DSP train_stdp_dep_prod_q320.
DSP Report: operator train_stdp_dep_prod_q320 is absorbed into DSP train_stdp_dep_prod_q320.
DSP Report: Generating DSP train_stdp_dep_prod_q32_reg, operation Mode is: (PCIN>>17)+A''*B''.
DSP Report: register train_stdp_bt_val_reg is absorbed into DSP train_stdp_dep_prod_q32_reg.
DSP Report: register train_stdp_bt_val_pipe_reg is absorbed into DSP train_stdp_dep_prod_q32_reg.
DSP Report: register train_stdp_dep_prod_q32_reg is absorbed into DSP train_stdp_dep_prod_q32_reg.
DSP Report: register train_stdp_dep_prod_q32_reg is absorbed into DSP train_stdp_dep_prod_q32_reg.
DSP Report: register train_stdp_dep_prod_q32_reg is absorbed into DSP train_stdp_dep_prod_q32_reg.
DSP Report: operator train_stdp_dep_prod_q320 is absorbed into DSP train_stdp_dep_prod_q32_reg.
DSP Report: operator train_stdp_dep_prod_q320 is absorbed into DSP train_stdp_dep_prod_q32_reg.
DSP Report: Generating DSP train_stdp_pot_mid_prod_q320, operation Mode is: A*(B:0x28f).
DSP Report: operator train_stdp_pot_mid_prod_q320 is absorbed into DSP train_stdp_pot_mid_prod_q320.
DSP Report: operator train_stdp_pot_mid_prod_q320 is absorbed into DSP train_stdp_pot_mid_prod_q320.
DSP Report: Generating DSP train_stdp_pot_mid_prod_q32_reg, operation Mode is: (PCIN>>17)+A*(B:0x28f).
DSP Report: register train_stdp_pot_mid_prod_q32_reg is absorbed into DSP train_stdp_pot_mid_prod_q32_reg.
DSP Report: operator train_stdp_pot_mid_prod_q320 is absorbed into DSP train_stdp_pot_mid_prod_q32_reg.
DSP Report: operator train_stdp_pot_mid_prod_q320 is absorbed into DSP train_stdp_pot_mid_prod_q32_reg.
DSP Report: Generating DSP train_stdp_pot_prod_q320, operation Mode is: A''*B''.
DSP Report: register train_stdp_pot_mid_q16_reg is absorbed into DSP train_stdp_pot_prod_q320.
DSP Report: register train_stdp_pot_mid_pipe_q16_reg is absorbed into DSP train_stdp_pot_prod_q320.
DSP Report: register train_stdp_pot_prod_q320 is absorbed into DSP train_stdp_pot_prod_q320.
DSP Report: register train_stdp_pot_prod_q320 is absorbed into DSP train_stdp_pot_prod_q320.
DSP Report: operator train_stdp_pot_prod_q320 is absorbed into DSP train_stdp_pot_prod_q320.
DSP Report: operator train_stdp_pot_prod_q320 is absorbed into DSP train_stdp_pot_prod_q320.
DSP Report: Generating DSP train_stdp_pot_prod_q32_reg, operation Mode is: (PCIN>>17)+A''*B''.
DSP Report: register train_stdp_a_val_reg is absorbed into DSP train_stdp_pot_prod_q32_reg.
DSP Report: register train_stdp_a_val_pipe_reg is absorbed into DSP train_stdp_pot_prod_q32_reg.
DSP Report: register train_stdp_pot_mid_q16_reg is absorbed into DSP train_stdp_pot_prod_q32_reg.
DSP Report: register train_stdp_pot_mid_pipe_q16_reg is absorbed into DSP train_stdp_pot_prod_q32_reg.
DSP Report: register train_stdp_pot_prod_q32_reg is absorbed into DSP train_stdp_pot_prod_q32_reg.
DSP Report: operator train_stdp_pot_prod_q320 is absorbed into DSP train_stdp_pot_prod_q32_reg.
DSP Report: operator train_stdp_pot_prod_q320 is absorbed into DSP train_stdp_pot_prod_q32_reg.
DSP Report: Generating DSP train_stdp_pot_prod_q320, operation Mode is: A''*B''.
DSP Report: register train_stdp_pot_prod_q320 is absorbed into DSP train_stdp_pot_prod_q320.
DSP Report: register train_stdp_pot_prod_q320 is absorbed into DSP train_stdp_pot_prod_q320.
DSP Report: register train_stdp_pot_prod_q320 is absorbed into DSP train_stdp_pot_prod_q320.
DSP Report: register train_stdp_pot_prod_q320 is absorbed into DSP train_stdp_pot_prod_q320.
DSP Report: operator train_stdp_pot_prod_q320 is absorbed into DSP train_stdp_pot_prod_q320.
DSP Report: operator train_stdp_pot_prod_q320 is absorbed into DSP train_stdp_pot_prod_q320.
DSP Report: Generating DSP train_stdp_pot_prod_q32_reg, operation Mode is: (PCIN>>17)+A''*B''.
DSP Report: register train_stdp_a_val_reg is absorbed into DSP train_stdp_pot_prod_q32_reg.
DSP Report: register train_stdp_a_val_pipe_reg is absorbed into DSP train_stdp_pot_prod_q32_reg.
DSP Report: register train_stdp_pot_prod_q32_reg is absorbed into DSP train_stdp_pot_prod_q32_reg.
DSP Report: register train_stdp_pot_prod_q32_reg is absorbed into DSP train_stdp_pot_prod_q32_reg.
DSP Report: register train_stdp_pot_prod_q32_reg is absorbed into DSP train_stdp_pot_prod_q32_reg.
DSP Report: operator train_stdp_pot_prod_q320 is absorbed into DSP train_stdp_pot_prod_q32_reg.
DSP Report: operator train_stdp_pot_prod_q320 is absorbed into DSP train_stdp_pot_prod_q32_reg.
WARNING: [Synth 8-7129] Port rsta in module xpm_memory_base__parameterized2 is either unconnected or has no load
WARNING: [Synth 8-7129] Port regcea in module xpm_memory_base__parameterized2 is either unconnected or has no load
WARNING: [Synth 8-7129] Port addra[6] in module xpm_memory_base__parameterized2 is either unconnected or has no load
WARNING: [Synth 8-7129] Port injectsbiterra in module xpm_memory_base__parameterized2 is either unconnected or has no load
WARNING: [Synth 8-7129] Port injectdbiterra in module xpm_memory_base__parameterized2 is either unconnected or has no load
WARNING: [Synth 8-7129] Port clkb in module xpm_memory_base__parameterized2 is either unconnected or has no load
WARNING: [Synth 8-7129] Port regceb in module xpm_memory_base__parameterized2 is either unconnected or has no load
WARNING: [Synth 8-7129] Port web[0] in module xpm_memory_base__parameterized2 is either unconnected or has no load
WARNING: [Synth 8-7129] Port addrb[6] in module xpm_memory_base__parameterized2 is either unconnected or has no load
WARNING: [Synth 8-7129] Port dinb[15] in module xpm_memory_base__parameterized2 is either unconnected or has no load
WARNING: [Synth 8-7129] Port dinb[14] in module xpm_memory_base__parameterized2 is either unconnected or has no load
WARNING: [Synth 8-7129] Port dinb[13] in module xpm_memory_base__parameterized2 is either unconnected or has no load
WARNING: [Synth 8-7129] Port dinb[12] in module xpm_memory_base__parameterized2 is either unconnected or has no load
WARNING: [Synth 8-7129] Port dinb[11] in module xpm_memory_base__parameterized2 is either unconnected or has no load
WARNING: [Synth 8-7129] Port dinb[10] in module xpm_memory_base__parameterized2 is either unconnected or has no load
WARNING: [Synth 8-7129] Port dinb[9] in module xpm_memory_base__parameterized2 is either unconnected or has no load
WARNING: [Synth 8-7129] Port dinb[8] in module xpm_memory_base__parameterized2 is either unconnected or has no load
WARNING: [Synth 8-7129] Port dinb[7] in module xpm_memory_base__parameterized2 is either unconnected or has no load
WARNING: [Synth 8-7129] Port dinb[6] in module xpm_memory_base__parameterized2 is either unconnected or has no load
WARNING: [Synth 8-7129] Port dinb[5] in module xpm_memory_base__parameterized2 is either unconnected or has no load
WARNING: [Synth 8-7129] Port dinb[4] in module xpm_memory_base__parameterized2 is either unconnected or has no load
WARNING: [Synth 8-7129] Port dinb[3] in module xpm_memory_base__parameterized2 is either unconnected or has no load
WARNING: [Synth 8-7129] Port dinb[2] in module xpm_memory_base__parameterized2 is either unconnected or has no load
WARNING: [Synth 8-7129] Port dinb[1] in module xpm_memory_base__parameterized2 is either unconnected or has no load
WARNING: [Synth 8-7129] Port dinb[0] in module xpm_memory_base__parameterized2 is either unconnected or has no load
WARNING: [Synth 8-7129] Port injectsbiterrb in module xpm_memory_base__parameterized2 is either unconnected or has no load
WARNING: [Synth 8-7129] Port injectdbiterrb in module xpm_memory_base__parameterized2 is either unconnected or has no load
WARNING: [Synth 8-7129] Port rsta in module xpm_memory_base__parameterized2__1 is either unconnected or has no load
WARNING: [Synth 8-7129] Port regcea in module xpm_memory_base__parameterized2__1 is either unconnected or has no load
WARNING: [Synth 8-7129] Port addra[6] in module xpm_memory_base__parameterized2__1 is either unconnected or has no load
WARNING: [Synth 8-7129] Port injectsbiterra in module xpm_memory_base__parameterized2__1 is either unconnected or has no load
WARNING: [Synth 8-7129] Port injectdbiterra in module xpm_memory_base__parameterized2__1 is either unconnected or has no load
WARNING: [Synth 8-7129] Port clkb in module xpm_memory_base__parameterized2__1 is either unconnected or has no load
WARNING: [Synth 8-7129] Port regceb in module xpm_memory_base__parameterized2__1 is either unconnected or has no load
WARNING: [Synth 8-7129] Port web[0] in module xpm_memory_base__parameterized2__1 is either unconnected or has no load
WARNING: [Synth 8-7129] Port addrb[6] in module xpm_memory_base__parameterized2__1 is either unconnected or has no load
WARNING: [Synth 8-7129] Port dinb[15] in module xpm_memory_base__parameterized2__1 is either unconnected or has no load
WARNING: [Synth 8-7129] Port dinb[14] in module xpm_memory_base__parameterized2__1 is either unconnected or has no load
WARNING: [Synth 8-7129] Port dinb[13] in module xpm_memory_base__parameterized2__1 is either unconnected or has no load
WARNING: [Synth 8-7129] Port dinb[12] in module xpm_memory_base__parameterized2__1 is either unconnected or has no load
WARNING: [Synth 8-7129] Port dinb[11] in module xpm_memory_base__parameterized2__1 is either unconnected or has no load
WARNING: [Synth 8-7129] Port dinb[10] in module xpm_memory_base__parameterized2__1 is either unconnected or has no load
WARNING: [Synth 8-7129] Port dinb[9] in module xpm_memory_base__parameterized2__1 is either unconnected or has no load
WARNING: [Synth 8-7129] Port dinb[8] in module xpm_memory_base__parameterized2__1 is either unconnected or has no load
WARNING: [Synth 8-7129] Port dinb[7] in module xpm_memory_base__parameterized2__1 is either unconnected or has no load
WARNING: [Synth 8-7129] Port dinb[6] in module xpm_memory_base__parameterized2__1 is either unconnected or has no load
WARNING: [Synth 8-7129] Port dinb[5] in module xpm_memory_base__parameterized2__1 is either unconnected or has no load
WARNING: [Synth 8-7129] Port dinb[4] in module xpm_memory_base__parameterized2__1 is either unconnected or has no load
WARNING: [Synth 8-7129] Port dinb[3] in module xpm_memory_base__parameterized2__1 is either unconnected or has no load
WARNING: [Synth 8-7129] Port dinb[2] in module xpm_memory_base__parameterized2__1 is either unconnected or has no load
WARNING: [Synth 8-7129] Port dinb[1] in module xpm_memory_base__parameterized2__1 is either unconnected or has no load
WARNING: [Synth 8-7129] Port dinb[0] in module xpm_memory_base__parameterized2__1 is either unconnected or has no load
WARNING: [Synth 8-7129] Port injectsbiterrb in module xpm_memory_base__parameterized2__1 is either unconnected or has no load
WARNING: [Synth 8-7129] Port injectdbiterrb in module xpm_memory_base__parameterized2__1 is either unconnected or has no load
INFO: [Synth 8-7082] The signal batch_assign_mem_reg is implemented as Block RAM but is better mapped onto distributed LUT RAM for the following reason(s): The depth (6 address bits) is shallow. Please use attribute (* ram_style = "distributed" *) to instruct Vivado to infer distributed LUT RAM.
INFO: [Synth 8-4652] Swapped enable and write-enable on 1 RAM instances of RAM batch_assign_mem_reg to conserve power
INFO: [Synth 8-4652] Swapped enable and write-enable on 1 RAM instances of RAM gen_wr_a.gen_word_narrow.mem_reg to conserve power
INFO: [Synth 8-4652] Swapped enable and write-enable on 1 RAM instances of RAM gen_wr_a.gen_word_narrow.mem_reg to conserve power
WARNING: [Synth 8-6849] Infeasible attribute ram_style = "block" set for RAM "top_level__GCB8/train_label_count_reg",trying to implement using LUTRAM
WARNING: [Synth 8-6849] Infeasible attribute ram_style = "block" set for RAM "top_level__GCB8/train_label_count_reg",trying to implement using LUTRAM
WARNING: [Synth 8-6849] Infeasible attribute ram_style = "block" set for RAM "top_level__GCB8/train_label_count_reg",trying to implement using LUTRAM
WARNING: [Synth 8-6849] Infeasible attribute ram_style = "block" set for RAM "top_level__GCB8/train_label_count_reg",trying to implement using LUTRAM
WARNING: [Synth 8-6849] Infeasible attribute ram_style = "block" set for RAM "top_level__GCB8/train_label_count_reg",trying to implement using LUTRAM
WARNING: [Synth 8-6849] Infeasible attribute ram_style = "block" set for RAM "top_level__GCB8/train_label_count_reg",trying to implement using LUTRAM
WARNING: [Synth 8-6849] Infeasible attribute ram_style = "block" set for RAM "top_level__GCB8/infer_exc_last_spike_step_reg",trying to implement using LUTRAM
WARNING: [Synth 8-6849] Infeasible attribute ram_style = "block" set for RAM "top_level__GCB8/infer_exc_last_spike_step_reg",trying to implement using LUTRAM
WARNING: [Synth 8-6849] Infeasible attribute ram_style = "block" set for RAM "top_level__GCB8/infer_exc_last_spike_step_reg",trying to implement using LUTRAM
WARNING: [Synth 8-6849] Infeasible attribute ram_style = "block" set for RAM "top_level__GCB8/infer_exc_last_spike_step_reg",trying to implement using LUTRAM
WARNING: [Synth 8-6849] Infeasible attribute ram_style = "block" set for RAM "top_level__GCB8/infer_exc_last_spike_step_reg",trying to implement using LUTRAM
WARNING: [Synth 8-6849] Infeasible attribute ram_style = "block" set for RAM "top_level__GCB8/infer_exc_last_spike_step_reg",trying to implement using LUTRAM
INFO: [Synth 8-3886] merging instance 'train_label_stats_label_reg_rep[0]' (FDRE) to 'train_label_stats_label_reg[0]'
INFO: [Synth 8-3886] merging instance 'train_label_stats_label_reg_rep[1]' (FDRE) to 'train_label_stats_label_reg[1]'
INFO: [Synth 8-3886] merging instance 'train_label_stats_label_reg_rep[2]' (FDRE) to 'train_label_stats_label_reg[2]'
INFO: [Synth 8-3886] merging instance 'train_label_stats_label_reg_rep[3]' (FDRE) to 'train_label_stats_label_reg[3]'
INFO: [Synth 8-3886] merging instance 'train_stdp_update_nt_reg[30]' (FDRE) to 'train_stdp_update_nt_reg[31]'
INFO: [Synth 8-3886] merging instance 'train_stdp_update_nt_reg[31]' (FDRE) to 'train_stdp_update_nt_reg[29]'
INFO: [Synth 8-3886] merging instance 'train_stdp_update_nt_reg[29]' (FDRE) to 'train_stdp_update_nt_reg[28]'
INFO: [Synth 8-3886] merging instance 'train_stdp_update_nt_reg[28]' (FDRE) to 'train_stdp_update_nt_reg[27]'
INFO: [Synth 8-3886] merging instance 'train_stdp_update_nt_reg[27]' (FDRE) to 'train_stdp_update_nt_reg[26]'
INFO: [Synth 8-3886] merging instance 'train_stdp_update_nt_reg[26]' (FDRE) to 'train_stdp_update_nt_reg[25]'
INFO: [Synth 8-3886] merging instance 'train_stdp_update_nt_reg[25]' (FDRE) to 'train_stdp_update_nt_reg[24]'
INFO: [Synth 8-3886] merging instance 'train_stdp_update_nt_reg[24]' (FDRE) to 'train_stdp_update_nt_reg[23]'
INFO: [Synth 8-3886] merging instance 'train_stdp_update_nt_reg[23]' (FDRE) to 'train_stdp_update_nt_reg[22]'
INFO: [Synth 8-3886] merging instance 'train_stdp_update_nt_reg[22]' (FDRE) to 'train_stdp_update_nt_reg[21]'
INFO: [Synth 8-3886] merging instance 'train_stdp_update_nt_reg[21]' (FDRE) to 'train_stdp_update_nt_reg[20]'
INFO: [Synth 8-3886] merging instance 'train_stdp_update_nt_reg[20]' (FDRE) to 'train_stdp_update_nt_reg[19]'
INFO: [Synth 8-3886] merging instance 'train_stdp_update_nt_reg[19]' (FDRE) to 'train_stdp_update_nt_reg[18]'
INFO: [Synth 8-3886] merging instance 'train_stdp_update_nt_reg[18]' (FDRE) to 'train_stdp_update_nt_reg[17]'
INFO: [Synth 8-3886] merging instance 'train_stdp_update_nt_reg[17]' (FDRE) to 'train_stdp_update_nt_reg[16]'
INFO: [Synth 8-3333] propagating constant 0 across sequential element (\train_stdp_update_nt_reg[16] )
INFO: [Synth 8-3886] merging instance 'infer_apply_idx_reg_rep[0]' (FDRE) to 'infer_apply_idx_reg[0]'
INFO: [Synth 8-3886] merging instance 'infer_apply_idx_reg_rep[1]' (FDRE) to 'infer_apply_idx_reg[1]'
INFO: [Synth 8-3886] merging instance 'infer_apply_idx_reg_rep[2]' (FDRE) to 'infer_apply_idx_reg[2]'
INFO: [Synth 8-3886] merging instance 'infer_apply_idx_reg_rep[3]' (FDRE) to 'infer_apply_idx_reg[3]'
INFO: [Synth 8-3886] merging instance 'infer_apply_idx_reg_rep[4]' (FDRE) to 'infer_apply_idx_reg[4]'
INFO: [Synth 8-3886] merging instance 'infer_apply_idx_reg_rep[5]' (FDRE) to 'infer_apply_idx_reg[5]'
INFO: [Synth 8-3333] propagating constant 0 across sequential element (train_chunk_retry_continue_infer_reg)
INFO: [Synth 8-3886] merging instance 'train_gen_count_total_reg[0]' (FDRE) to 'train_gen_count_total_reg[15]'
INFO: [Synth 8-3886] merging instance 'train_gen_count_total_reg[1]' (FDRE) to 'train_gen_count_total_reg[5]'
INFO: [Synth 8-3886] merging instance 'train_gen_count_total_reg[2]' (FDRE) to 'train_gen_count_total_reg[15]'
INFO: [Synth 8-3886] merging instance 'train_gen_count_total_reg[3]' (FDRE) to 'train_gen_count_total_reg[15]'
INFO: [Synth 8-3886] merging instance 'train_gen_count_total_reg[6]' (FDRE) to 'train_gen_count_total_reg[15]'
INFO: [Synth 8-3886] merging instance 'train_gen_count_total_reg[7]' (FDRE) to 'train_gen_count_total_reg[15]'
INFO: [Synth 8-3886] merging instance 'train_gen_count_total_reg[8]' (FDRE) to 'train_gen_count_total_reg[9]'
INFO: [Synth 8-3886] merging instance 'train_gen_count_total_reg[10]' (FDRE) to 'train_gen_count_total_reg[15]'
INFO: [Synth 8-3886] merging instance 'train_gen_count_total_reg[11]' (FDRE) to 'train_gen_count_total_reg[15]'
INFO: [Synth 8-3886] merging instance 'train_gen_count_total_reg[12]' (FDRE) to 'train_gen_count_total_reg[15]'
INFO: [Synth 8-3886] merging instance 'train_gen_count_total_reg[13]' (FDRE) to 'train_gen_count_total_reg[15]'
INFO: [Synth 8-3886] merging instance 'train_gen_count_total_reg[14]' (FDRE) to 'train_gen_count_total_reg[15]'
INFO: [Synth 8-3333] propagating constant 0 across sequential element (\train_gen_count_total_reg[15] )
INFO: [Synth 8-3886] merging instance 'ddr_resp_status_core_reg[2]' (FDRE) to 'ddr_resp_status_core_reg[3]'
INFO: [Synth 8-3886] merging instance 'ddr_resp_status_core_reg[3]' (FDRE) to 'ddr_resp_status_core_reg[1]'
INFO: [Synth 8-3886] merging instance 'ddr_resp_status_core_reg[0]' (FDSE) to 'ddr_resp_status_core_reg[7]'
INFO: [Synth 8-3886] merging instance 'ddr_resp_status_core_reg[1]' (FDRE) to 'ddr_resp_status_core_reg[4]'
INFO: [Synth 8-3886] merging instance 'ddr_resp_status_core_reg[7]' (FDSE) to 'ddr_resp_status_core_reg[6]'
INFO: [Synth 8-3886] merging instance 'ddr_resp_status_core_reg[6]' (FDSE) to 'ddr_resp_status_core_reg[5]'
INFO: [Synth 8-3333] propagating constant 0 across sequential element (\ddr_resp_status_core_reg[4] )
INFO: [Synth 8-4471] merging register 'ddr_resp_rdata_core_reg[31:0]' into 'ddr_resp_rdata_core_reg[31:0]' [/home/fpga/worker_place/temp/temp/ec75427a9d204090903221376b5e0000/hdl/top_level.sv:1869]
INFO: [Synth 8-12192] Not enough pipeline registers after wide multiplier. Pipeline registers present is 1. Recommended levels of pipeline registers is 2. [/home/fpga/worker_place/temp/temp/ec75427a9d204090903221376b5e0000/hdl/top_level.sv:5193]
INFO: [Synth 8-12192] Not enough pipeline registers after wide multiplier. Pipeline registers present is 1. Recommended levels of pipeline registers is 2. [/home/fpga/worker_place/temp/temp/ec75427a9d204090903221376b5e0000/hdl/top_level.sv:4919]
INFO: [Synth 8-12192] Not enough pipeline registers after wide multiplier. Pipeline registers present is 1. Recommended levels of pipeline registers is 4. [/home/fpga/worker_place/temp/temp/ec75427a9d204090903221376b5e0000/hdl/top_level.sv:5493]
INFO: [Synth 8-5546] ROM "csc_row_idx_rd_addr" won't be mapped to RAM because it is too sparse
INFO: [Synth 8-5546] ROM "infer_v_inh_state" won't be mapped to RAM because it is too sparse
INFO: [Synth 8-5546] ROM "infer_g_in_delay0" won't be mapped to RAM because it is too sparse
INFO: [Synth 8-5546] ROM "infer_commit_idx" won't be mapped to RAM because it is too sparse
INFO: [Synth 8-5546] ROM "csc_col_ptr_rd_addr" won't be mapped to RAM because it is too sparse
INFO: [Synth 8-5546] ROM "infer_evt_dw_q16" won't be mapped to RAM because it is too sparse
INFO: [Synth 8-5546] ROM "infer_evt_term_q16" won't be mapped to RAM because it is too sparse
INFO: [Synth 8-5546] ROM "infer_evt_term_prod_q32" won't be mapped to RAM because it is too sparse
INFO: [Synth 8-5546] ROM "infer_evt_mid_q16" won't be mapped to RAM because it is too sparse
INFO: [Synth 8-5546] ROM "infer_evt_w_gap_q16" won't be mapped to RAM because it is too sparse
DSP Report: Generating DSP infer_apply_xexc_prod0, operation Mode is: A2*(B:0xf333).
DSP Report: register infer_apply_xexc_prod0 is absorbed into DSP infer_apply_xexc_prod0.
DSP Report: operator infer_apply_xexc_prod0 is absorbed into DSP infer_apply_xexc_prod0.
DSP Report: operator infer_apply_xexc_prod0 is absorbed into DSP infer_apply_xexc_prod0.
DSP Report: Generating DSP infer_apply_xexc_prod_reg, operation Mode is: (PCIN>>17)+(A:0xf333)*B.
DSP Report: register infer_apply_xexc_prod_reg is absorbed into DSP infer_apply_xexc_prod_reg.
DSP Report: operator infer_apply_xexc_prod0 is absorbed into DSP infer_apply_xexc_prod_reg.
DSP Report: operator infer_apply_xexc_prod0 is absorbed into DSP infer_apply_xexc_prod_reg.
DSP Report: Generating DSP infer_apply_xin_prod0, operation Mode is: A*(B:0xf333).
DSP Report: operator infer_apply_xin_prod0 is absorbed into DSP infer_apply_xin_prod0.
DSP Report: operator infer_apply_xin_prod0 is absorbed into DSP infer_apply_xin_prod0.
DSP Report: Generating DSP infer_apply_xin_prod_reg, operation Mode is: (PCIN>>17)+(A:0xf333)*B.
DSP Report: register infer_apply_xin_prod_reg is absorbed into DSP infer_apply_xin_prod_reg.
DSP Report: operator infer_apply_xin_prod0 is absorbed into DSP infer_apply_xin_prod_reg.
DSP Report: operator infer_apply_xin_prod0 is absorbed into DSP infer_apply_xin_prod_reg.
DSP Report: Generating DSP train_trace_a_row_base0, operation Mode is: (C:0x9920)+(A:0x310)*B2.
DSP Report: register train_chunk_winner_reg is absorbed into DSP train_trace_a_row_base0.
DSP Report: operator train_trace_a_row_base0 is absorbed into DSP train_trace_a_row_base0.
DSP Report: operator train_trace_a_row_base1 is absorbed into DSP train_trace_a_row_base0.
DSP Report: Generating DSP train_trace_bt_pre_base0, operation Mode is: (C:0x13240)+A2*(B:0x32).
DSP Report: register ddr_resp_rdata_core_reg is absorbed into DSP train_trace_bt_pre_base0.
DSP Report: operator train_trace_bt_pre_base0 is absorbed into DSP train_trace_bt_pre_base0.
DSP Report: operator train_trace_bt_pre_base1 is absorbed into DSP train_trace_bt_pre_base0.
DSP Report: Generating DSP train_trace_bt_pre_base0, operation Mode is: (C:0x13240)+A*(B:0x32).
DSP Report: operator train_trace_bt_pre_base0 is absorbed into DSP train_trace_bt_pre_base0.
DSP Report: operator train_trace_bt_pre_base1 is absorbed into DSP train_trace_bt_pre_base0.
DSP Report: Generating DSP fxp_mul_s16_1642, operation Mode is: A2*(B:0x28f).
DSP Report: register infer_evt_w_gap_q16_reg is absorbed into DSP fxp_mul_s16_1642.
DSP Report: operator fxp_mul_s16_1642 is absorbed into DSP fxp_mul_s16_1642.
DSP Report: Generating DSP fxp_mul_s16_1641, operation Mode is: (C:0xffffffff8000)+A2*(B:0x28f).
DSP Report: register infer_evt_w_gap_q16_reg is absorbed into DSP fxp_mul_s16_1641.
DSP Report: operator fxp_mul_s16_1641 is absorbed into DSP fxp_mul_s16_1641.
DSP Report: operator fxp_mul_s16_1642 is absorbed into DSP fxp_mul_s16_1641.
DSP Report: Generating DSP fxp_mul_s16_1641, operation Mode is: (C:0x8000)+A2*(B:0x28f).
DSP Report: register infer_evt_w_gap_q16_reg is absorbed into DSP fxp_mul_s16_1641.
DSP Report: operator fxp_mul_s16_1641 is absorbed into DSP fxp_mul_s16_1641.
DSP Report: operator fxp_mul_s16_1642 is absorbed into DSP fxp_mul_s16_1641.
DSP Report: Generating DSP infer_evt_term_prod_q320, operation Mode is: A2*B2.
DSP Report: register infer_evt_mid_q16_reg is absorbed into DSP infer_evt_term_prod_q320.
DSP Report: register infer_evt_term_prod_q320 is absorbed into DSP infer_evt_term_prod_q320.
DSP Report: operator infer_evt_term_prod_q320 is absorbed into DSP infer_evt_term_prod_q320.
DSP Report: operator infer_evt_term_prod_q320 is absorbed into DSP infer_evt_term_prod_q320.
DSP Report: Generating DSP infer_evt_term_prod_q32_reg, operation Mode is: (PCIN>>17)+A2*B2.
DSP Report: register infer_evt_trace_val_reg is absorbed into DSP infer_evt_term_prod_q32_reg.
DSP Report: register infer_evt_mid_q16_reg is absorbed into DSP infer_evt_term_prod_q32_reg.
DSP Report: register infer_evt_term_prod_q32_reg is absorbed into DSP infer_evt_term_prod_q32_reg.
DSP Report: operator infer_evt_term_prod_q320 is absorbed into DSP infer_evt_term_prod_q32_reg.
DSP Report: operator infer_evt_term_prod_q320 is absorbed into DSP infer_evt_term_prod_q32_reg.
DSP Report: Generating DSP infer_evt_term_prod_q320, operation Mode is: A2*B2.
DSP Report: register infer_evt_term_prod_q320 is absorbed into DSP infer_evt_term_prod_q320.
DSP Report: register infer_evt_term_prod_q320 is absorbed into DSP infer_evt_term_prod_q320.
DSP Report: operator infer_evt_term_prod_q320 is absorbed into DSP infer_evt_term_prod_q320.
DSP Report: operator infer_evt_term_prod_q320 is absorbed into DSP infer_evt_term_prod_q320.
DSP Report: Generating DSP infer_evt_term_prod_q32_reg, operation Mode is: (PCIN>>17)+A2*B2.
DSP Report: register infer_evt_trace_val_reg is absorbed into DSP infer_evt_term_prod_q32_reg.
DSP Report: register infer_evt_term_prod_q32_reg is absorbed into DSP infer_evt_term_prod_q32_reg.
DSP Report: register infer_evt_term_prod_q32_reg is absorbed into DSP infer_evt_term_prod_q32_reg.
DSP Report: operator infer_evt_term_prod_q320 is absorbed into DSP infer_evt_term_prod_q32_reg.
DSP Report: operator infer_evt_term_prod_q320 is absorbed into DSP infer_evt_term_prod_q32_reg.
WARNING: [Synth 8-7129] Port regcea in module xpm_memory_base__parameterized5 is either unconnected or has no load
WARNING: [Synth 8-7129] Port wea[0] in module xpm_memory_base__parameterized5 is either unconnected or has no load
WARNING: [Synth 8-7129] Port addra[10] in module xpm_memory_base__parameterized5 is either unconnected or has no load
WARNING: [Synth 8-7129] Port dina[13] in module xpm_memory_base__parameterized5 is either unconnected or has no load
WARNING: [Synth 8-7129] Port dina[12] in module xpm_memory_base__parameterized5 is either unconnected or has no load
WARNING: [Synth 8-7129] Port dina[11] in module xpm_memory_base__parameterized5 is either unconnected or has no load
WARNING: [Synth 8-7129] Port dina[10] in module xpm_memory_base__parameterized5 is either unconnected or has no load
WARNING: [Synth 8-7129] Port dina[9] in module xpm_memory_base__parameterized5 is either unconnected or has no load
WARNING: [Synth 8-7129] Port dina[8] in module xpm_memory_base__parameterized5 is either unconnected or has no load
WARNING: [Synth 8-7129] Port dina[7] in module xpm_memory_base__parameterized5 is either unconnected or has no load
WARNING: [Synth 8-7129] Port dina[6] in module xpm_memory_base__parameterized5 is either unconnected or has no load
WARNING: [Synth 8-7129] Port dina[5] in module xpm_memory_base__parameterized5 is either unconnected or has no load
WARNING: [Synth 8-7129] Port dina[4] in module xpm_memory_base__parameterized5 is either unconnected or has no load
WARNING: [Synth 8-7129] Port dina[3] in module xpm_memory_base__parameterized5 is either unconnected or has no load
WARNING: [Synth 8-7129] Port dina[2] in module xpm_memory_base__parameterized5 is either unconnected or has no load
WARNING: [Synth 8-7129] Port dina[1] in module xpm_memory_base__parameterized5 is either unconnected or has no load
WARNING: [Synth 8-7129] Port dina[0] in module xpm_memory_base__parameterized5 is either unconnected or has no load
WARNING: [Synth 8-7129] Port injectsbiterra in module xpm_memory_base__parameterized5 is either unconnected or has no load
WARNING: [Synth 8-7129] Port injectdbiterra in module xpm_memory_base__parameterized5 is either unconnected or has no load
WARNING: [Synth 8-7129] Port clkb in module xpm_memory_base__parameterized5 is either unconnected or has no load
WARNING: [Synth 8-7129] Port rstb in module xpm_memory_base__parameterized5 is either unconnected or has no load
WARNING: [Synth 8-7129] Port enb in module xpm_memory_base__parameterized5 is either unconnected or has no load
WARNING: [Synth 8-7129] Port regceb in module xpm_memory_base__parameterized5 is either unconnected or has no load
WARNING: [Synth 8-7129] Port web[0] in module xpm_memory_base__parameterized5 is either unconnected or has no load
WARNING: [Synth 8-7129] Port addrb[9] in module xpm_memory_base__parameterized5 is either unconnected or has no load
WARNING: [Synth 8-7129] Port addrb[8] in module xpm_memory_base__parameterized5 is either unconnected or has no load
WARNING: [Synth 8-7129] Port addrb[7] in module xpm_memory_base__parameterized5 is either unconnected or has no load
WARNING: [Synth 8-7129] Port addrb[6] in module xpm_memory_base__parameterized5 is either unconnected or has no load
WARNING: [Synth 8-7129] Port addrb[5] in module xpm_memory_base__parameterized5 is either unconnected or has no load
WARNING: [Synth 8-7129] Port addrb[4] in module xpm_memory_base__parameterized5 is either unconnected or has no load
WARNING: [Synth 8-7129] Port addrb[3] in module xpm_memory_base__parameterized5 is either unconnected or has no load
WARNING: [Synth 8-7129] Port addrb[2] in module xpm_memory_base__parameterized5 is either unconnected or has no load
WARNING: [Synth 8-7129] Port addrb[1] in module xpm_memory_base__parameterized5 is either unconnected or has no load
WARNING: [Synth 8-7129] Port addrb[0] in module xpm_memory_base__parameterized5 is either unconnected or has no load
WARNING: [Synth 8-7129] Port dinb[13] in module xpm_memory_base__parameterized5 is either unconnected or has no load
WARNING: [Synth 8-7129] Port dinb[12] in module xpm_memory_base__parameterized5 is either unconnected or has no load
WARNING: [Synth 8-7129] Port dinb[11] in module xpm_memory_base__parameterized5 is either unconnected or has no load
WARNING: [Synth 8-7129] Port dinb[10] in module xpm_memory_base__parameterized5 is either unconnected or has no load
WARNING: [Synth 8-7129] Port dinb[9] in module xpm_memory_base__parameterized5 is either unconnected or has no load
WARNING: [Synth 8-7129] Port dinb[8] in module xpm_memory_base__parameterized5 is either unconnected or has no load
WARNING: [Synth 8-7129] Port dinb[7] in module xpm_memory_base__parameterized5 is either unconnected or has no load
WARNING: [Synth 8-7129] Port dinb[6] in module xpm_memory_base__parameterized5 is either unconnected or has no load
WARNING: [Synth 8-7129] Port dinb[5] in module xpm_memory_base__parameterized5 is either unconnected or has no load
WARNING: [Synth 8-7129] Port dinb[4] in module xpm_memory_base__parameterized5 is either unconnected or has no load
WARNING: [Synth 8-7129] Port dinb[3] in module xpm_memory_base__parameterized5 is either unconnected or has no load
WARNING: [Synth 8-7129] Port dinb[2] in module xpm_memory_base__parameterized5 is either unconnected or has no load
WARNING: [Synth 8-7129] Port dinb[1] in module xpm_memory_base__parameterized5 is either unconnected or has no load
WARNING: [Synth 8-7129] Port dinb[0] in module xpm_memory_base__parameterized5 is either unconnected or has no load
WARNING: [Synth 8-7129] Port injectsbiterrb in module xpm_memory_base__parameterized5 is either unconnected or has no load
WARNING: [Synth 8-7129] Port injectdbiterrb in module xpm_memory_base__parameterized5 is either unconnected or has no load
WARNING: [Synth 8-7129] Port regcea in module xpm_memory_base__parameterized6 is either unconnected or has no load
WARNING: [Synth 8-7129] Port wea[0] in module xpm_memory_base__parameterized6 is either unconnected or has no load
WARNING: [Synth 8-7129] Port dina[5] in module xpm_memory_base__parameterized6 is either unconnected or has no load
WARNING: [Synth 8-7129] Port dina[4] in module xpm_memory_base__parameterized6 is either unconnected or has no load
WARNING: [Synth 8-7129] Port dina[3] in module xpm_memory_base__parameterized6 is either unconnected or has no load
WARNING: [Synth 8-7129] Port dina[2] in module xpm_memory_base__parameterized6 is either unconnected or has no load
WARNING: [Synth 8-7129] Port dina[1] in module xpm_memory_base__parameterized6 is either unconnected or has no load
WARNING: [Synth 8-7129] Port dina[0] in module xpm_memory_base__parameterized6 is either unconnected or has no load
WARNING: [Synth 8-7129] Port injectsbiterra in module xpm_memory_base__parameterized6 is either unconnected or has no load
WARNING: [Synth 8-7129] Port injectdbiterra in module xpm_memory_base__parameterized6 is either unconnected or has no load
WARNING: [Synth 8-7129] Port clkb in module xpm_memory_base__parameterized6 is either unconnected or has no load
WARNING: [Synth 8-7129] Port rstb in module xpm_memory_base__parameterized6 is either unconnected or has no load
WARNING: [Synth 8-7129] Port enb in module xpm_memory_base__parameterized6 is either unconnected or has no load
WARNING: [Synth 8-7129] Port regceb in module xpm_memory_base__parameterized6 is either unconnected or has no load
WARNING: [Synth 8-7129] Port web[0] in module xpm_memory_base__parameterized6 is either unconnected or has no load
WARNING: [Synth 8-7129] Port addrb[13] in module xpm_memory_base__parameterized6 is either unconnected or has no load
WARNING: [Synth 8-7129] Port addrb[12] in module xpm_memory_base__parameterized6 is either unconnected or has no load
WARNING: [Synth 8-7129] Port addrb[11] in module xpm_memory_base__parameterized6 is either unconnected or has no load
WARNING: [Synth 8-7129] Port addrb[10] in module xpm_memory_base__parameterized6 is either unconnected or has no load
WARNING: [Synth 8-7129] Port addrb[9] in module xpm_memory_base__parameterized6 is either unconnected or has no load
WARNING: [Synth 8-7129] Port addrb[8] in module xpm_memory_base__parameterized6 is either unconnected or has no load
WARNING: [Synth 8-7129] Port addrb[7] in module xpm_memory_base__parameterized6 is either unconnected or has no load
WARNING: [Synth 8-7129] Port addrb[6] in module xpm_memory_base__parameterized6 is either unconnected or has no load
WARNING: [Synth 8-7129] Port addrb[5] in module xpm_memory_base__parameterized6 is either unconnected or has no load
WARNING: [Synth 8-7129] Port addrb[4] in module xpm_memory_base__parameterized6 is either unconnected or has no load
WARNING: [Synth 8-7129] Port addrb[3] in module xpm_memory_base__parameterized6 is either unconnected or has no load
WARNING: [Synth 8-7129] Port addrb[2] in module xpm_memory_base__parameterized6 is either unconnected or has no load
WARNING: [Synth 8-7129] Port addrb[1] in module xpm_memory_base__parameterized6 is either unconnected or has no load
WARNING: [Synth 8-7129] Port addrb[0] in module xpm_memory_base__parameterized6 is either unconnected or has no load
WARNING: [Synth 8-7129] Port dinb[5] in module xpm_memory_base__parameterized6 is either unconnected or has no load
WARNING: [Synth 8-7129] Port dinb[4] in module xpm_memory_base__parameterized6 is either unconnected or has no load
WARNING: [Synth 8-7129] Port dinb[3] in module xpm_memory_base__parameterized6 is either unconnected or has no load
WARNING: [Synth 8-7129] Port dinb[2] in module xpm_memory_base__parameterized6 is either unconnected or has no load
WARNING: [Synth 8-7129] Port dinb[1] in module xpm_memory_base__parameterized6 is either unconnected or has no load
WARNING: [Synth 8-7129] Port dinb[0] in module xpm_memory_base__parameterized6 is either unconnected or has no load
WARNING: [Synth 8-7129] Port injectsbiterrb in module xpm_memory_base__parameterized6 is either unconnected or has no load
WARNING: [Synth 8-7129] Port injectdbiterrb in module xpm_memory_base__parameterized6 is either unconnected or has no load
WARNING: [Synth 8-7129] Port regcea in module xpm_memory_base__parameterized7 is either unconnected or has no load
WARNING: [Synth 8-7129] Port wea[0] in module xpm_memory_base__parameterized7 is either unconnected or has no load
WARNING: [Synth 8-7129] Port dina[13] in module xpm_memory_base__parameterized7 is either unconnected or has no load
WARNING: [Synth 8-7129] Port dina[12] in module xpm_memory_base__parameterized7 is either unconnected or has no load
WARNING: [Synth 8-7129] Port dina[11] in module xpm_memory_base__parameterized7 is either unconnected or has no load
WARNING: [Synth 8-7129] Port dina[10] in module xpm_memory_base__parameterized7 is either unconnected or has no load
WARNING: [Synth 8-7129] Port dina[9] in module xpm_memory_base__parameterized7 is either unconnected or has no load
WARNING: [Synth 8-7129] Port dina[8] in module xpm_memory_base__parameterized7 is either unconnected or has no load
WARNING: [Synth 8-7129] Port dina[7] in module xpm_memory_base__parameterized7 is either unconnected or has no load
WARNING: [Synth 8-7129] Port dina[6] in module xpm_memory_base__parameterized7 is either unconnected or has no load
WARNING: [Synth 8-7129] Port dina[5] in module xpm_memory_base__parameterized7 is either unconnected or has no load
WARNING: [Synth 8-7129] Port dina[4] in module xpm_memory_base__parameterized7 is either unconnected or has no load
WARNING: [Synth 8-7129] Port dina[3] in module xpm_memory_base__parameterized7 is either unconnected or has no load
WARNING: [Synth 8-7129] Port dina[2] in module xpm_memory_base__parameterized7 is either unconnected or has no load
WARNING: [Synth 8-7129] Port dina[1] in module xpm_memory_base__parameterized7 is either unconnected or has no load
WARNING: [Synth 8-7129] Port dina[0] in module xpm_memory_base__parameterized7 is either unconnected or has no load
WARNING: [Synth 8-7129] Port injectsbiterra in module xpm_memory_base__parameterized7 is either unconnected or has no load
WARNING: [Synth 8-7129] Port injectdbiterra in module xpm_memory_base__parameterized7 is either unconnected or has no load
WARNING: [Synth 8-7129] Port clkb in module xpm_memory_base__parameterized7 is either unconnected or has no load
WARNING: [Synth 8-7129] Port rstb in module xpm_memory_base__parameterized7 is either unconnected or has no load
WARNING: [Synth 8-7129] Port enb in module xpm_memory_base__parameterized7 is either unconnected or has no load
WARNING: [Synth 8-7129] Port regceb in module xpm_memory_base__parameterized7 is either unconnected or has no load
WARNING: [Synth 8-7129] Port web[0] in module xpm_memory_base__parameterized7 is either unconnected or has no load
WARNING: [Synth 8-7129] Port addrb[13] in module xpm_memory_base__parameterized7 is either unconnected or has no load
WARNING: [Synth 8-7129] Port addrb[12] in module xpm_memory_base__parameterized7 is either unconnected or has no load
WARNING: [Synth 8-7129] Port addrb[11] in module xpm_memory_base__parameterized7 is either unconnected or has no load
WARNING: [Synth 8-7129] Port addrb[10] in module xpm_memory_base__parameterized7 is either unconnected or has no load
WARNING: [Synth 8-7129] Port addrb[9] in module xpm_memory_base__parameterized7 is either unconnected or has no load
WARNING: [Synth 8-7129] Port addrb[8] in module xpm_memory_base__parameterized7 is either unconnected or has no load
WARNING: [Synth 8-7129] Port addrb[7] in module xpm_memory_base__parameterized7 is either unconnected or has no load
WARNING: [Synth 8-7129] Port addrb[6] in module xpm_memory_base__parameterized7 is either unconnected or has no load
WARNING: [Synth 8-7129] Port addrb[5] in module xpm_memory_base__parameterized7 is either unconnected or has no load
WARNING: [Synth 8-7129] Port addrb[4] in module xpm_memory_base__parameterized7 is either unconnected or has no load
WARNING: [Synth 8-7129] Port addrb[3] in module xpm_memory_base__parameterized7 is either unconnected or has no load
WARNING: [Synth 8-7129] Port addrb[2] in module xpm_memory_base__parameterized7 is either unconnected or has no load
WARNING: [Synth 8-7129] Port addrb[1] in module xpm_memory_base__parameterized7 is either unconnected or has no load
WARNING: [Synth 8-7129] Port addrb[0] in module xpm_memory_base__parameterized7 is either unconnected or has no load
WARNING: [Synth 8-7129] Port dinb[13] in module xpm_memory_base__parameterized7 is either unconnected or has no load
WARNING: [Synth 8-7129] Port dinb[12] in module xpm_memory_base__parameterized7 is either unconnected or has no load
WARNING: [Synth 8-7129] Port dinb[11] in module xpm_memory_base__parameterized7 is either unconnected or has no load
WARNING: [Synth 8-7129] Port dinb[10] in module xpm_memory_base__parameterized7 is either unconnected or has no load
WARNING: [Synth 8-7129] Port dinb[9] in module xpm_memory_base__parameterized7 is either unconnected or has no load
WARNING: [Synth 8-7129] Port dinb[8] in module xpm_memory_base__parameterized7 is either unconnected or has no load
WARNING: [Synth 8-7129] Port dinb[7] in module xpm_memory_base__parameterized7 is either unconnected or has no load
WARNING: [Synth 8-7129] Port dinb[6] in module xpm_memory_base__parameterized7 is either unconnected or has no load
WARNING: [Synth 8-7129] Port dinb[5] in module xpm_memory_base__parameterized7 is either unconnected or has no load
WARNING: [Synth 8-7129] Port dinb[4] in module xpm_memory_base__parameterized7 is either unconnected or has no load
WARNING: [Synth 8-7129] Port dinb[3] in module xpm_memory_base__parameterized7 is either unconnected or has no load
WARNING: [Synth 8-7129] Port dinb[2] in module xpm_memory_base__parameterized7 is either unconnected or has no load
WARNING: [Synth 8-7129] Port dinb[1] in module xpm_memory_base__parameterized7 is either unconnected or has no load
WARNING: [Synth 8-7129] Port dinb[0] in module xpm_memory_base__parameterized7 is either unconnected or has no load
WARNING: [Synth 8-7129] Port injectsbiterrb in module xpm_memory_base__parameterized7 is either unconnected or has no load
WARNING: [Synth 8-7129] Port injectdbiterrb in module xpm_memory_base__parameterized7 is either unconnected or has no load
WARNING: [Synth 8-7129] Port regcea in module xpm_memory_base__parameterized4 is either unconnected or has no load
WARNING: [Synth 8-7129] Port wea[0] in module xpm_memory_base__parameterized4 is either unconnected or has no load
WARNING: [Synth 8-7129] Port dina[9] in module xpm_memory_base__parameterized4 is either unconnected or has no load
WARNING: [Synth 8-7129] Port dina[8] in module xpm_memory_base__parameterized4 is either unconnected or has no load
WARNING: [Synth 8-7129] Port dina[7] in module xpm_memory_base__parameterized4 is either unconnected or has no load
WARNING: [Synth 8-7129] Port dina[6] in module xpm_memory_base__parameterized4 is either unconnected or has no load
WARNING: [Synth 8-7129] Port dina[5] in module xpm_memory_base__parameterized4 is either unconnected or has no load
WARNING: [Synth 8-7129] Port dina[4] in module xpm_memory_base__parameterized4 is either unconnected or has no load
WARNING: [Synth 8-7129] Port dina[3] in module xpm_memory_base__parameterized4 is either unconnected or has no load
WARNING: [Synth 8-7129] Port dina[2] in module xpm_memory_base__parameterized4 is either unconnected or has no load
WARNING: [Synth 8-7129] Port dina[1] in module xpm_memory_base__parameterized4 is either unconnected or has no load
WARNING: [Synth 8-7129] Port dina[0] in module xpm_memory_base__parameterized4 is either unconnected or has no load
WARNING: [Synth 8-7129] Port injectsbiterra in module xpm_memory_base__parameterized4 is either unconnected or has no load
WARNING: [Synth 8-7129] Port injectdbiterra in module xpm_memory_base__parameterized4 is either unconnected or has no load
WARNING: [Synth 8-7129] Port clkb in module xpm_memory_base__parameterized4 is either unconnected or has no load
WARNING: [Synth 8-7129] Port rstb in module xpm_memory_base__parameterized4 is either unconnected or has no load
WARNING: [Synth 8-7129] Port enb in module xpm_memory_base__parameterized4 is either unconnected or has no load
WARNING: [Synth 8-7129] Port regceb in module xpm_memory_base__parameterized4 is either unconnected or has no load
WARNING: [Synth 8-7129] Port web[0] in module xpm_memory_base__parameterized4 is either unconnected or has no load
WARNING: [Synth 8-7129] Port addrb[13] in module xpm_memory_base__parameterized4 is either unconnected or has no load
WARNING: [Synth 8-7129] Port addrb[12] in module xpm_memory_base__parameterized4 is either unconnected or has no load
WARNING: [Synth 8-7129] Port addrb[11] in module xpm_memory_base__parameterized4 is either unconnected or has no load
WARNING: [Synth 8-7129] Port addrb[10] in module xpm_memory_base__parameterized4 is either unconnected or has no load
WARNING: [Synth 8-7129] Port addrb[9] in module xpm_memory_base__parameterized4 is either unconnected or has no load
WARNING: [Synth 8-7129] Port addrb[8] in module xpm_memory_base__parameterized4 is either unconnected or has no load
WARNING: [Synth 8-7129] Port addrb[7] in module xpm_memory_base__parameterized4 is either unconnected or has no load
WARNING: [Synth 8-7129] Port addrb[6] in module xpm_memory_base__parameterized4 is either unconnected or has no load
WARNING: [Synth 8-7129] Port addrb[5] in module xpm_memory_base__parameterized4 is either unconnected or has no load
WARNING: [Synth 8-7129] Port addrb[4] in module xpm_memory_base__parameterized4 is either unconnected or has no load
WARNING: [Synth 8-7129] Port addrb[3] in module xpm_memory_base__parameterized4 is either unconnected or has no load
WARNING: [Synth 8-7129] Port addrb[2] in module xpm_memory_base__parameterized4 is either unconnected or has no load
WARNING: [Synth 8-7129] Port addrb[1] in module xpm_memory_base__parameterized4 is either unconnected or has no load
WARNING: [Synth 8-7129] Port addrb[0] in module xpm_memory_base__parameterized4 is either unconnected or has no load
WARNING: [Synth 8-7129] Port dinb[9] in module xpm_memory_base__parameterized4 is either unconnected or has no load
WARNING: [Synth 8-7129] Port dinb[8] in module xpm_memory_base__parameterized4 is either unconnected or has no load
WARNING: [Synth 8-7129] Port dinb[7] in module xpm_memory_base__parameterized4 is either unconnected or has no load
WARNING: [Synth 8-7129] Port dinb[6] in module xpm_memory_base__parameterized4 is either unconnected or has no load
WARNING: [Synth 8-7129] Port dinb[5] in module xpm_memory_base__parameterized4 is either unconnected or has no load
WARNING: [Synth 8-7129] Port dinb[4] in module xpm_memory_base__parameterized4 is either unconnected or has no load
WARNING: [Synth 8-7129] Port dinb[3] in module xpm_memory_base__parameterized4 is either unconnected or has no load
WARNING: [Synth 8-7129] Port dinb[2] in module xpm_memory_base__parameterized4 is either unconnected or has no load
WARNING: [Synth 8-7129] Port dinb[1] in module xpm_memory_base__parameterized4 is either unconnected or has no load
WARNING: [Synth 8-7129] Port dinb[0] in module xpm_memory_base__parameterized4 is either unconnected or has no load
WARNING: [Synth 8-7129] Port injectsbiterrb in module xpm_memory_base__parameterized4 is either unconnected or has no load
WARNING: [Synth 8-7129] Port injectdbiterrb in module xpm_memory_base__parameterized4 is either unconnected or has no load
WARNING: [Synth 8-7129] Port regcea in module xpm_memory_base__parameterized3 is either unconnected or has no load
WARNING: [Synth 8-7129] Port wea[0] in module xpm_memory_base__parameterized3 is either unconnected or has no load
WARNING: [Synth 8-7129] Port addra[6] in module xpm_memory_base__parameterized3 is either unconnected or has no load
WARNING: [Synth 8-7129] Port dina[13] in module xpm_memory_base__parameterized3 is either unconnected or has no load
WARNING: [Synth 8-7129] Port dina[12] in module xpm_memory_base__parameterized3 is either unconnected or has no load
WARNING: [Synth 8-7129] Port dina[11] in module xpm_memory_base__parameterized3 is either unconnected or has no load
WARNING: [Synth 8-7129] Port dina[10] in module xpm_memory_base__parameterized3 is either unconnected or has no load
WARNING: [Synth 8-7129] Port dina[9] in module xpm_memory_base__parameterized3 is either unconnected or has no load
WARNING: [Synth 8-7129] Port dina[8] in module xpm_memory_base__parameterized3 is either unconnected or has no load
WARNING: [Synth 8-7129] Port dina[7] in module xpm_memory_base__parameterized3 is either unconnected or has no load
WARNING: [Synth 8-7129] Port dina[6] in module xpm_memory_base__parameterized3 is either unconnected or has no load
WARNING: [Synth 8-7129] Port dina[5] in module xpm_memory_base__parameterized3 is either unconnected or has no load
WARNING: [Synth 8-7129] Port dina[4] in module xpm_memory_base__parameterized3 is either unconnected or has no load
WARNING: [Synth 8-7129] Port dina[3] in module xpm_memory_base__parameterized3 is either unconnected or has no load
WARNING: [Synth 8-7129] Port dina[2] in module xpm_memory_base__parameterized3 is either unconnected or has no load
WARNING: [Synth 8-7129] Port dina[1] in module xpm_memory_base__parameterized3 is either unconnected or has no load
WARNING: [Synth 8-7129] Port dina[0] in module xpm_memory_base__parameterized3 is either unconnected or has no load
WARNING: [Synth 8-7129] Port injectsbiterra in module xpm_memory_base__parameterized3 is either unconnected or has no load
WARNING: [Synth 8-7129] Port injectdbiterra in module xpm_memory_base__parameterized3 is either unconnected or has no load
WARNING: [Synth 8-7129] Port clkb in module xpm_memory_base__parameterized3 is either unconnected or has no load
WARNING: [Synth 8-7129] Port rstb in module xpm_memory_base__parameterized3 is either unconnected or has no load
WARNING: [Synth 8-7129] Port enb in module xpm_memory_base__parameterized3 is either unconnected or has no load
WARNING: [Synth 8-7129] Port regceb in module xpm_memory_base__parameterized3 is either unconnected or has no load
WARNING: [Synth 8-7129] Port web[0] in module xpm_memory_base__parameterized3 is either unconnected or has no load
WARNING: [Synth 8-7129] Port addrb[5] in module xpm_memory_base__parameterized3 is either unconnected or has no load
WARNING: [Synth 8-7129] Port addrb[4] in module xpm_memory_base__parameterized3 is either unconnected or has no load
WARNING: [Synth 8-7129] Port addrb[3] in module xpm_memory_base__parameterized3 is either unconnected or has no load
WARNING: [Synth 8-7129] Port addrb[2] in module xpm_memory_base__parameterized3 is either unconnected or has no load
WARNING: [Synth 8-7129] Port addrb[1] in module xpm_memory_base__parameterized3 is either unconnected or has no load
WARNING: [Synth 8-7129] Port addrb[0] in module xpm_memory_base__parameterized3 is either unconnected or has no load
WARNING: [Synth 8-7129] Port dinb[13] in module xpm_memory_base__parameterized3 is either unconnected or has no load
WARNING: [Synth 8-7129] Port dinb[12] in module xpm_memory_base__parameterized3 is either unconnected or has no load
WARNING: [Synth 8-7129] Port dinb[11] in module xpm_memory_base__parameterized3 is either unconnected or has no load
WARNING: [Synth 8-7129] Port dinb[10] in module xpm_memory_base__parameterized3 is either unconnected or has no load
WARNING: [Synth 8-7129] Port dinb[9] in module xpm_memory_base__parameterized3 is either unconnected or has no load
WARNING: [Synth 8-7129] Port dinb[8] in module xpm_memory_base__parameterized3 is either unconnected or has no load
WARNING: [Synth 8-7129] Port dinb[7] in module xpm_memory_base__parameterized3 is either unconnected or has no load
WARNING: [Synth 8-7129] Port dinb[6] in module xpm_memory_base__parameterized3 is either unconnected or has no load
WARNING: [Synth 8-7129] Port dinb[5] in module xpm_memory_base__parameterized3 is either unconnected or has no load
WARNING: [Synth 8-7129] Port dinb[4] in module xpm_memory_base__parameterized3 is either unconnected or has no load
WARNING: [Synth 8-7129] Port dinb[3] in module xpm_memory_base__parameterized3 is either unconnected or has no load
WARNING: [Synth 8-7129] Port dinb[2] in module xpm_memory_base__parameterized3 is either unconnected or has no load
WARNING: [Synth 8-7129] Port dinb[1] in module xpm_memory_base__parameterized3 is either unconnected or has no load
WARNING: [Synth 8-7129] Port dinb[0] in module xpm_memory_base__parameterized3 is either unconnected or has no load
WARNING: [Synth 8-7129] Port injectsbiterrb in module xpm_memory_base__parameterized3 is either unconnected or has no load
WARNING: [Synth 8-7129] Port injectdbiterrb in module xpm_memory_base__parameterized3 is either unconnected or has no load
WARNING: [Synth 8-7129] Port rsta in module xpm_memory_base__parameterized1 is either unconnected or has no load
WARNING: [Synth 8-7129] Port regcea in module xpm_memory_base__parameterized1 is either unconnected or has no load
WARNING: [Synth 8-7129] Port injectsbiterra in module xpm_memory_base__parameterized1 is either unconnected or has no load
WARNING: [Synth 8-7129] Port injectdbiterra in module xpm_memory_base__parameterized1 is either unconnected or has no load
WARNING: [Synth 8-7129] Port clkb in module xpm_memory_base__parameterized1 is either unconnected or has no load
WARNING: [Synth 8-7129] Port regceb in module xpm_memory_base__parameterized1 is either unconnected or has no load
WARNING: [Synth 8-7129] Port web[0] in module xpm_memory_base__parameterized1 is either unconnected or has no load
WARNING: [Synth 8-7129] Port dinb[15] in module xpm_memory_base__parameterized1 is either unconnected or has no load
WARNING: [Synth 8-7129] Port dinb[14] in module xpm_memory_base__parameterized1 is either unconnected or has no load
WARNING: [Synth 8-7129] Port dinb[13] in module xpm_memory_base__parameterized1 is either unconnected or has no load
WARNING: [Synth 8-7129] Port dinb[12] in module xpm_memory_base__parameterized1 is either unconnected or has no load
WARNING: [Synth 8-7129] Port dinb[11] in module xpm_memory_base__parameterized1 is either unconnected or has no load
WARNING: [Synth 8-7129] Port dinb[10] in module xpm_memory_base__parameterized1 is either unconnected or has no load
WARNING: [Synth 8-7129] Port dinb[9] in module xpm_memory_base__parameterized1 is either unconnected or has no load
WARNING: [Synth 8-7129] Port dinb[8] in module xpm_memory_base__parameterized1 is either unconnected or has no load
WARNING: [Synth 8-7129] Port dinb[7] in module xpm_memory_base__parameterized1 is either unconnected or has no load
WARNING: [Synth 8-7129] Port dinb[6] in module xpm_memory_base__parameterized1 is either unconnected or has no load
WARNING: [Synth 8-7129] Port dinb[5] in module xpm_memory_base__parameterized1 is either unconnected or has no load
WARNING: [Synth 8-7129] Port dinb[4] in module xpm_memory_base__parameterized1 is either unconnected or has no load
WARNING: [Synth 8-7129] Port dinb[3] in module xpm_memory_base__parameterized1 is either unconnected or has no load
WARNING: [Synth 8-7129] Port dinb[2] in module xpm_memory_base__parameterized1 is either unconnected or has no load
WARNING: [Synth 8-7129] Port dinb[1] in module xpm_memory_base__parameterized1 is either unconnected or has no load
WARNING: [Synth 8-7129] Port dinb[0] in module xpm_memory_base__parameterized1 is either unconnected or has no load
WARNING: [Synth 8-7129] Port injectsbiterrb in module xpm_memory_base__parameterized1 is either unconnected or has no load
WARNING: [Synth 8-7129] Port injectdbiterrb in module xpm_memory_base__parameterized1 is either unconnected or has no load
WARNING: [Synth 8-7129] Port rsta in module xpm_memory_base__parameterized0 is either unconnected or has no load
WARNING: [Synth 8-7129] Port regcea in module xpm_memory_base__parameterized0 is either unconnected or has no load
WARNING: [Synth 8-7129] Port injectsbiterra in module xpm_memory_base__parameterized0 is either unconnected or has no load
WARNING: [Synth 8-7129] Port injectdbiterra in module xpm_memory_base__parameterized0 is either unconnected or has no load
WARNING: [Synth 8-7129] Port clkb in module xpm_memory_base__parameterized0 is either unconnected or has no load
WARNING: [Synth 8-7129] Port regceb in module xpm_memory_base__parameterized0 is either unconnected or has no load
WARNING: [Synth 8-7129] Port web[0] in module xpm_memory_base__parameterized0 is either unconnected or has no load
WARNING: [Synth 8-7129] Port dinb[0] in module xpm_memory_base__parameterized0 is either unconnected or has no load
WARNING: [Synth 8-7129] Port injectsbiterrb in module xpm_memory_base__parameterized0 is either unconnected or has no load
WARNING: [Synth 8-7129] Port injectdbiterrb in module xpm_memory_base__parameterized0 is either unconnected or has no load
WARNING: [Synth 8-7129] Port rsta in module xpm_memory_base is either unconnected or has no load
WARNING: [Synth 8-7129] Port regcea in module xpm_memory_base is either unconnected or has no load
WARNING: [Synth 8-7129] Port injectsbiterra in module xpm_memory_base is either unconnected or has no load
WARNING: [Synth 8-7129] Port injectdbiterra in module xpm_memory_base is either unconnected or has no load
WARNING: [Synth 8-7129] Port clkb in module xpm_memory_base is either unconnected or has no load
WARNING: [Synth 8-7129] Port regceb in module xpm_memory_base is either unconnected or has no load
WARNING: [Synth 8-7129] Port web[0] in module xpm_memory_base is either unconnected or has no load
WARNING: [Synth 8-7129] Port dinb[9] in module xpm_memory_base is either unconnected or has no load
WARNING: [Synth 8-7129] Port dinb[8] in module xpm_memory_base is either unconnected or has no load
WARNING: [Synth 8-7129] Port dinb[7] in module xpm_memory_base is either unconnected or has no load
WARNING: [Synth 8-7129] Port dinb[6] in module xpm_memory_base is either unconnected or has no load
WARNING: [Synth 8-7129] Port dinb[5] in module xpm_memory_base is either unconnected or has no load
WARNING: [Synth 8-7129] Port dinb[4] in module xpm_memory_base is either unconnected or has no load
WARNING: [Synth 8-7129] Port dinb[3] in module xpm_memory_base is either unconnected or has no load
WARNING: [Synth 8-7129] Port dinb[2] in module xpm_memory_base is either unconnected or has no load
WARNING: [Synth 8-7129] Port dinb[1] in module xpm_memory_base is either unconnected or has no load
WARNING: [Synth 8-7129] Port dinb[0] in module xpm_memory_base is either unconnected or has no load
WARNING: [Synth 8-7129] Port injectsbiterrb in module xpm_memory_base is either unconnected or has no load
WARNING: [Synth 8-7129] Port injectdbiterrb in module xpm_memory_base is either unconnected or has no load
INFO: [Synth 8-4652] Swapped enable and write-enable on 1 RAM instances of RAM gen_wr_a.gen_word_narrow.mem_reg to conserve power
INFO: [Synth 8-4652] Swapped enable and write-enable on 8 RAM instances of RAM gen_wr_a.gen_word_narrow.mem_reg to conserve power
INFO: [Synth 8-4652] Swapped enable and write-enable on 1 RAM instances of RAM train_xin_mem_reg to conserve power
INFO: [Synth 8-3886] merging instance 'train_gen_base_word_reg[23]' (FDRE) to 'train_gen_base_word_reg[0]'
INFO: [Synth 8-3886] merging instance 'train_gen_base_word_reg[24]' (FDRE) to 'train_gen_base_word_reg[0]'
INFO: [Synth 8-3886] merging instance 'train_gen_base_word_reg[25]' (FDRE) to 'train_gen_base_word_reg[0]'
INFO: [Synth 8-3886] merging instance 'train_gen_base_word_reg[26]' (FDRE) to 'train_gen_base_word_reg[0]'
INFO: [Synth 8-3886] merging instance 'train_gen_base_word_reg[27]' (FDRE) to 'train_gen_base_word_reg[0]'
INFO: [Synth 8-3886] merging instance 'train_gen_base_word_reg[28]' (FDRE) to 'train_gen_base_word_reg[0]'
INFO: [Synth 8-3886] merging instance 'train_gen_base_word_reg[29]' (FDRE) to 'train_gen_base_word_reg[0]'
INFO: [Synth 8-3886] merging instance 'train_gen_base_word_reg[30]' (FDRE) to 'train_gen_base_word_reg[0]'
INFO: [Synth 8-3886] merging instance 'train_gen_base_word_reg[31]' (FDRE) to 'train_gen_base_word_reg[0]'
INFO: [Synth 8-3886] merging instance 'train_gen_base_word_reg[22]' (FDRE) to 'train_gen_base_word_reg[0]'
INFO: [Synth 8-3886] merging instance 'train_gen_base_word_reg[21]' (FDRE) to 'train_gen_base_word_reg[0]'
INFO: [Synth 8-3886] merging instance 'train_gen_base_word_reg[20]' (FDRE) to 'train_gen_base_word_reg[0]'
INFO: [Synth 8-3886] merging instance 'train_gen_base_word_reg[19]' (FDRE) to 'train_gen_base_word_reg[0]'
INFO: [Synth 8-3886] merging instance 'train_gen_base_word_reg[18]' (FDRE) to 'train_gen_base_word_reg[0]'
INFO: [Synth 8-3886] merging instance 'train_gen_base_word_reg[17]' (FDRE) to 'train_gen_base_word_reg[0]'
INFO: [Synth 8-3886] merging instance 'train_gen_base_word_reg[16]' (FDRE) to 'train_gen_base_word_reg[1]'
INFO: [Synth 8-3886] merging instance 'train_gen_base_word_reg[0]' (FDRE) to 'train_gen_base_word_reg[3]'
INFO: [Synth 8-3886] merging instance 'train_gen_base_word_reg[1]' (FDRE) to 'train_gen_base_word_reg[2]'
INFO: [Synth 8-3886] merging instance 'train_gen_base_word_reg[2]' (FDRE) to 'train_gen_base_word_reg[7]'
INFO: [Synth 8-3886] merging instance 'train_gen_base_word_reg[3]' (FDRE) to 'train_gen_base_word_reg[5]'
INFO: [Synth 8-3886] merging instance 'train_gen_base_word_reg[4]' (FDRE) to 'train_gen_base_word_reg[12]'
INFO: [Synth 8-3886] merging instance 'train_gen_base_word_reg[5]' (FDRE) to 'train_gen_base_word_reg[6]'
INFO: [Synth 8-3886] merging instance 'train_gen_base_word_reg[6]' (FDRE) to 'train_gen_base_word_reg[9]'
INFO: [Synth 8-3886] merging instance 'train_gen_base_word_reg[7]' (FDRE) to 'train_gen_base_word_reg[14]'
INFO: [Synth 8-3886] merging instance 'train_gen_base_word_reg[8]' (FDRE) to 'train_gen_base_word_reg[10]'
INFO: [Synth 8-3886] merging instance 'train_gen_base_word_reg[9]' (FDRE) to 'train_gen_base_word_reg[13]'
INFO: [Synth 8-3886] merging instance 'train_gen_base_word_reg[10]' (FDRE) to 'train_gen_base_word_reg[11]'
INFO: [Synth 8-3886] merging instance 'train_gen_base_word_reg[11]' (FDRE) to 'train_gen_cache_mode_reg[0]'
INFO: [Synth 8-3886] merging instance 'train_gen_base_word_reg[12]' (FDRE) to 'train_gen_cache_mode_reg[1]'
INFO: [Synth 8-3333] propagating constant 0 across sequential element (\train_gen_base_word_reg[13] )
INFO: [Synth 8-3886] merging instance 'train_gen_base_word_reg[14]' (FDRE) to 'train_gen_base_word_reg[15]'
INFO: [Synth 8-3886] merging instance 'train_trace_bt_pre_base_reg[31]' (FDRE) to 'train_trace_bt_pre_base_reg[23]'
INFO: [Synth 8-3886] merging instance 'train_trace_bt_pre_base_reg[30]' (FDRE) to 'train_trace_bt_pre_base_reg[23]'
INFO: [Synth 8-3886] merging instance 'train_trace_bt_pre_base_reg[29]' (FDRE) to 'train_trace_bt_pre_base_reg[23]'
INFO: [Synth 8-3886] merging instance 'train_trace_bt_pre_base_reg[28]' (FDRE) to 'train_trace_bt_pre_base_reg[23]'
INFO: [Synth 8-3886] merging instance 'train_trace_bt_pre_base_reg[27]' (FDRE) to 'train_trace_bt_pre_base_reg[23]'
INFO: [Synth 8-3886] merging instance 'train_trace_bt_pre_base_reg[26]' (FDRE) to 'train_trace_bt_pre_base_reg[23]'
INFO: [Synth 8-3886] merging instance 'train_trace_bt_pre_base_reg[25]' (FDRE) to 'train_trace_bt_pre_base_reg[23]'
INFO: [Synth 8-3886] merging instance 'train_trace_bt_pre_base_reg[24]' (FDRE) to 'train_trace_bt_pre_base_reg[23]'
INFO: [Synth 8-3886] merging instance 'train_trace_bt_pre_base_reg[23]' (FDRE) to 'train_trace_bt_pre_base_reg[22]'
INFO: [Synth 8-3886] merging instance 'train_trace_bt_pre_base_reg[22]' (FDRE) to 'train_trace_bt_pre_base_reg[21]'
INFO: [Synth 8-3886] merging instance 'train_trace_bt_pre_base_reg[21]' (FDRE) to 'train_trace_bt_pre_base_reg[20]'
INFO: [Synth 8-3886] merging instance 'train_trace_bt_pre_base_reg[20]' (FDRE) to 'train_trace_bt_pre_base_reg[19]'
INFO: [Synth 8-3886] merging instance 'train_trace_bt_pre_base_reg[19]' (FDRE) to 'train_trace_bt_pre_base_reg[18]'
INFO: [Synth 8-3886] merging instance 'train_trace_bt_pre_base_reg[18]' (FDRE) to 'train_trace_bt_pre_base_reg[17]'
INFO: [Synth 8-3333] propagating constant 0 across sequential element (\train_trace_bt_pre_base_reg[17] )
INFO: [Synth 8-3886] merging instance 'train_trace_a_row_base_reg[23]' (FDRE) to 'train_trace_a_row_base_reg[18]'
INFO: [Synth 8-3886] merging instance 'train_trace_a_row_base_reg[24]' (FDRE) to 'train_trace_a_row_base_reg[18]'
INFO: [Synth 8-3886] merging instance 'train_trace_a_row_base_reg[25]' (FDRE) to 'train_trace_a_row_base_reg[18]'
INFO: [Synth 8-3886] merging instance 'train_trace_a_row_base_reg[26]' (FDRE) to 'train_trace_a_row_base_reg[18]'
INFO: [Synth 8-3886] merging instance 'train_trace_a_row_base_reg[27]' (FDRE) to 'train_trace_a_row_base_reg[18]'
INFO: [Synth 8-3886] merging instance 'train_trace_a_row_base_reg[28]' (FDRE) to 'train_trace_a_row_base_reg[18]'
INFO: [Synth 8-3886] merging instance 'train_trace_a_row_base_reg[29]' (FDRE) to 'train_trace_a_row_base_reg[18]'
INFO: [Synth 8-3886] merging instance 'train_trace_a_row_base_reg[30]' (FDRE) to 'train_trace_a_row_base_reg[18]'
INFO: [Synth 8-3886] merging instance 'train_trace_a_row_base_reg[31]' (FDRE) to 'train_trace_a_row_base_reg[18]'
INFO: [Synth 8-3886] merging instance 'train_trace_a_row_base_reg[22]' (FDRE) to 'train_trace_a_row_base_reg[18]'
INFO: [Synth 8-3886] merging instance 'train_trace_a_row_base_reg[21]' (FDRE) to 'train_trace_a_row_base_reg[18]'
INFO: [Synth 8-3886] merging instance 'train_trace_a_row_base_reg[20]' (FDRE) to 'train_trace_a_row_base_reg[18]'
INFO: [Synth 8-3886] merging instance 'train_trace_a_row_base_reg[19]' (FDRE) to 'train_trace_a_row_base_reg[18]'
INFO: [Synth 8-3333] propagating constant 0 across sequential element (\train_trace_a_row_base_reg[18] )
INFO: [Synth 8-3886] merging instance 'ddr_req_addr_word_ddr_reg[24]' (FDRE) to 'ddr_req_addr_word_ddr_reg[25]'
INFO: [Synth 8-3886] merging instance 'ddr_req_addr_word_ddr_reg[25]' (FDRE) to 'ddr_req_addr_word_ddr_reg[26]'
INFO: [Synth 8-3886] merging instance 'ddr_req_addr_word_ddr_reg[26]' (FDRE) to 'ddr_req_addr_word_ddr_reg[27]'
INFO: [Synth 8-3886] merging instance 'ddr_req_addr_word_ddr_reg[27]' (FDRE) to 'ddr_req_addr_word_ddr_reg[28]'
INFO: [Synth 8-3886] merging instance 'ddr_req_addr_word_ddr_reg[28]' (FDRE) to 'ddr_req_addr_word_ddr_reg[29]'
INFO: [Synth 8-3886] merging instance 'ddr_req_addr_word_ddr_reg[29]' (FDRE) to 'ddr_req_addr_word_ddr_reg[30]'
INFO: [Synth 8-3886] merging instance 'ddr_req_addr_word_ddr_reg[30]' (FDRE) to 'ddr_req_addr_word_ddr_reg[31]'
INFO: [Synth 8-3333] propagating constant 0 across sequential element (\ddr_req_addr_word_ddr_reg[31] )
INFO: [Synth 8-3886] merging instance 'infer_evt_w_cur_reg[31]' (FDRE) to 'infer_evt_w_cur_reg[30]'
INFO: [Synth 8-3886] merging instance 'infer_evt_w_cur_reg[16]' (FDRE) to 'infer_evt_w_cur_reg[30]'
INFO: [Synth 8-3886] merging instance 'infer_evt_w_cur_reg[17]' (FDRE) to 'infer_evt_w_cur_reg[30]'
INFO: [Synth 8-3886] merging instance 'infer_evt_w_cur_reg[18]' (FDRE) to 'infer_evt_w_cur_reg[30]'
INFO: [Synth 8-3886] merging instance 'infer_evt_w_cur_reg[19]' (FDRE) to 'infer_evt_w_cur_reg[30]'
INFO: [Synth 8-3886] merging instance 'infer_evt_w_cur_reg[20]' (FDRE) to 'infer_evt_w_cur_reg[30]'
INFO: [Synth 8-3886] merging instance 'infer_evt_w_cur_reg[21]' (FDRE) to 'infer_evt_w_cur_reg[30]'
INFO: [Synth 8-3886] merging instance 'infer_evt_w_cur_reg[22]' (FDRE) to 'infer_evt_w_cur_reg[30]'
INFO: [Synth 8-3886] merging instance 'infer_evt_w_cur_reg[23]' (FDRE) to 'infer_evt_w_cur_reg[30]'
INFO: [Synth 8-3886] merging instance 'infer_evt_w_cur_reg[24]' (FDRE) to 'infer_evt_w_cur_reg[30]'
INFO: [Synth 8-3886] merging instance 'infer_evt_w_cur_reg[25]' (FDRE) to 'infer_evt_w_cur_reg[30]'
INFO: [Synth 8-3886] merging instance 'infer_evt_w_cur_reg[26]' (FDRE) to 'infer_evt_w_cur_reg[30]'
INFO: [Synth 8-3886] merging instance 'infer_evt_w_cur_reg[27]' (FDRE) to 'infer_evt_w_cur_reg[30]'
INFO: [Synth 8-3886] merging instance 'infer_evt_w_cur_reg[28]' (FDRE) to 'infer_evt_w_cur_reg[30]'
INFO: [Synth 8-3886] merging instance 'infer_evt_w_cur_reg[29]' (FDRE) to 'infer_evt_w_cur_reg[30]'
INFO: [Synth 8-3333] propagating constant 0 across sequential element (\infer_evt_w_cur_reg[30] )
INFO: [Synth 8-3886] merging instance 'ddr_rsp_status_ddr_reg[7]' (FDSE) to 'ddr_rsp_status_ddr_reg[6]'
INFO: [Synth 8-3886] merging instance 'ddr_rsp_status_ddr_reg[6]' (FDSE) to 'ddr_rsp_status_ddr_reg[5]'
INFO: [Synth 8-3886] merging instance 'ddr_rsp_status_ddr_reg[4]' (FDRE) to 'ddr_rsp_status_ddr_reg[1]'
INFO: [Synth 8-3886] merging instance 'ddr_rsp_status_ddr_reg[5]' (FDSE) to 'ddr_rsp_status_ddr_reg[0]'
INFO: [Synth 8-3886] merging instance 'ddr_rsp_status_ddr_reg[1]' (FDRE) to 'ddr_rsp_status_ddr_reg[2]'
INFO: [Synth 8-3886] merging instance 'ddr_rsp_status_ddr_reg[2]' (FDRE) to 'ddr_rsp_status_ddr_reg[3]'
INFO: [Synth 8-3333] propagating constant 0 across sequential element (\ddr_rsp_status_ddr_reg[3] )
INFO: [Synth 8-3886] merging instance 'infer_delay_pipe_idx_reg_rep[0]' (FDE) to 'infer_delay_pipe_idx_reg[0]'
INFO: [Synth 8-3886] merging instance 'infer_delay_pipe_idx_reg_rep[1]' (FDE) to 'infer_delay_pipe_idx_reg[1]'
INFO: [Synth 8-3886] merging instance 'infer_delay_pipe_idx_reg_rep[2]' (FDE) to 'infer_delay_pipe_idx_reg[2]'
INFO: [Synth 8-3886] merging instance 'infer_delay_pipe_idx_reg_rep[3]' (FDE) to 'infer_delay_pipe_idx_reg[3]'
INFO: [Synth 8-3886] merging instance 'infer_delay_pipe_idx_reg_rep[4]' (FDE) to 'infer_delay_pipe_idx_reg[4]'
INFO: [Synth 8-3886] merging instance 'infer_delay_pipe_idx_reg_rep[5]' (FDE) to 'infer_delay_pipe_idx_reg[5]'
INFO: [Synth 8-3333] propagating constant 0 across sequential element (train_trace_use_infer_prelist_reg)
---------------------------------------------------------------------------------
Finished Cross Boundary and Area Optimization : Time (s): cpu = 00:00:50 ; elapsed = 00:00:50 . Memory (MB): peak = 2783.957 ; gain = 1111.527 ; free physical = 13206 ; free virtual = 32450
---------------------------------------------------------------------------------
 Sort Area is top_level__GCB10 batch_infer_eval_cmp_lhs0_19 : 0 0 : 3052 5806 : Used 1 time 100
 Sort Area is top_level__GCB10 batch_infer_eval_cmp_lhs0_19 : 0 1 : 2754 5806 : Used 1 time 100
 Sort Area is top_level__GCB10 batch_infer_eval_cmp_rhs0_1c : 0 0 : 3035 5772 : Used 1 time 100
 Sort Area is top_level__GCB10 batch_infer_eval_cmp_rhs0_1c : 0 1 : 2737 5772 : Used 1 time 100
 Sort Area is top_level__GCB8 train_stdp_dep_prod_q320_c : 0 0 : 2773 5050 : Used 1 time 100
 Sort Area is top_level__GCB8 train_stdp_dep_prod_q320_c : 0 1 : 2277 5050 : Used 1 time 100
 Sort Area is top_level__GCB8 train_stdp_pot_prod_q320_3 : 0 0 : 2773 5050 : Used 1 time 100
 Sort Area is top_level__GCB8 train_stdp_pot_prod_q320_3 : 0 1 : 2277 5050 : Used 1 time 100
 Sort Area is top_level__GCB10 infer_eval_i_syn_exc_prod_q320_13 : 0 0 : 2755 5017 : Used 1 time 100
 Sort Area is top_level__GCB10 infer_eval_i_syn_exc_prod_q320_13 : 0 1 : 2262 5017 : Used 1 time 100
 Sort Area is top_level__GCB9 infer_evt_term_prod_q320_11 : 0 0 : 2737 4981 : Used 1 time 100
 Sort Area is top_level__GCB9 infer_evt_term_prod_q320_11 : 0 1 : 2244 4981 : Used 1 time 100
 Sort Area is top_level__GCB2 infer_apply_i_syn_exc_prod_q320_7 : 0 0 : 2737 4978 : Used 1 time 100
 Sort Area is top_level__GCB2 infer_apply_i_syn_exc_prod_q320_7 : 0 1 : 2241 4978 : Used 1 time 100
 Sort Area is top_level__GCB4 infer_eval_i_syn_inh_prod_q320_0 : 0 0 : 2719 4945 : Used 1 time 100
 Sort Area is top_level__GCB4 infer_eval_i_syn_inh_prod_q320_0 : 0 1 : 2226 4945 : Used 1 time 100
 Sort Area is top_level__GCB1 infer_rng_mul_prod_q320_0 : 0 0 : 2143 4353 : Used 1 time 100
 Sort Area is top_level__GCB1 infer_rng_mul_prod_q320_0 : 0 1 : 2210 4353 : Used 1 time 100
 Sort Area is top_level__GCB8 train_stdp_dep_prod_q320_d : 0 0 : 2224 4188 : Used 1 time 100
 Sort Area is top_level__GCB8 train_stdp_dep_prod_q320_d : 0 1 : 1964 4188 : Used 1 time 100
 Sort Area is top_level__GCB8 train_stdp_pot_prod_q320_6 : 0 0 : 2224 4188 : Used 1 time 100
 Sort Area is top_level__GCB8 train_stdp_pot_prod_q320_6 : 0 1 : 1964 4188 : Used 1 time 100
 Sort Area is top_level__GCB10 infer_eval_i_syn_exc_prod_q320_16 : 0 0 : 2206 4155 : Used 1 time 100
 Sort Area is top_level__GCB10 infer_eval_i_syn_exc_prod_q320_16 : 0 1 : 1949 4155 : Used 1 time 100
 Sort Area is top_level__GCB2 infer_apply_i_syn_exc_prod_q320_a : 0 0 : 2194 4128 : Used 1 time 100
 Sort Area is top_level__GCB2 infer_apply_i_syn_exc_prod_q320_a : 0 1 : 1934 4128 : Used 1 time 100
 Sort Area is top_level__GCB9 infer_evt_term_prod_q320_14 : 0 0 : 2191 4125 : Used 1 time 100
 Sort Area is top_level__GCB9 infer_evt_term_prod_q320_14 : 0 1 : 1934 4125 : Used 1 time 100
 Sort Area is top_level__GCB4 infer_eval_i_syn_inh_prod_q320_3 : 0 0 : 2176 4095 : Used 1 time 100
 Sort Area is top_level__GCB4 infer_eval_i_syn_inh_prod_q320_3 : 0 1 : 1919 4095 : Used 1 time 100
 Sort Area is top_level__GCB3 infer_prep_div_prod_q320_0 : 0 0 : 1623 3247 : Used 1 time 100
 Sort Area is top_level__GCB3 infer_prep_div_prod_q320_0 : 0 1 : 1624 3247 : Used 1 time 100
 Sort Area is top_level__GCB9 infer_apply_xexc_prod0_0 : 0 0 : 1563 3000 : Used 1 time 100
 Sort Area is top_level__GCB9 infer_apply_xexc_prod0_0 : 0 1 : 1437 3000 : Used 1 time 100
 Sort Area is top_level__GCB9 infer_apply_xin_prod0_3 : 0 0 : 1545 2982 : Used 1 time 100
 Sort Area is top_level__GCB9 infer_apply_xin_prod0_3 : 0 1 : 1437 2982 : Used 1 time 100
 Sort Area is top_level__GCB2 infer_apply_exc_drive_prod_q320_6 : 0 0 : 1194 2309 : Used 1 time 100
 Sort Area is top_level__GCB2 infer_apply_exc_drive_prod_q320_6 : 0 1 : 1115 2309 : Used 1 time 100
 Sort Area is top_level__GCB2 infer_apply_leak_prod_q320_3 : 0 0 : 1194 2309 : Used 1 time 100
 Sort Area is top_level__GCB2 infer_apply_leak_prod_q320_3 : 0 1 : 1115 2309 : Used 1 time 100
 Sort Area is top_level__GCB4 infer_commit_theta_prod0_6 : 0 0 : 1540 2263 : Used 1 time 100
 Sort Area is top_level__GCB4 infer_commit_theta_prod0_6 : 0 1 : 723 2263 : Used 1 time 100
 Sort Area is top_level__GCB8 train_stdp_pot_mid_prod_q320_0 : 0 0 : 892 1735 : Used 1 time 100
 Sort Area is top_level__GCB8 train_stdp_pot_mid_prod_q320_0 : 0 1 : 843 1735 : Used 1 time 100
 Sort Area is top_level__GCB10 infer_delay_pipe_mul_prod_q320_d : 0 0 : 18 1417 : Used 1 time 100
 Sort Area is top_level__GCB10 infer_delay_pipe_mul_prod_q320_d : 0 1 : 1399 1417 : Used 1 time 100
 Sort Area is top_level__GCB10 infer_delay_pipe_mul_prod_q320_10 : 0 0 : 15 1226 : Used 1 time 100
 Sort Area is top_level__GCB10 infer_delay_pipe_mul_prod_q320_10 : 0 1 : 1211 1226 : Used 1 time 100
 Sort Area is top_level__GCB8 train_stdp_dep_mid_prod_q320_9 : 0 0 : 315 646 : Used 1 time 100
 Sort Area is top_level__GCB8 train_stdp_dep_mid_prod_q320_9 : 0 1 : 331 646 : Used 1 time 100
 Sort Area is top_level__GCB0 train_gen_lcg_state1_0 : 0 0 : 2143 4305 : Used 1 time 0
 Sort Area is top_level__GCB0 train_gen_lcg_state1_0 : 0 1 : 2162 4305 : Used 1 time 0
 Sort Area is top_level__GCB0 lcg_state_in0_3 : 0 0 : 1547 1547 : Used 1 time 0
 Sort Area is top_level__GCB9 fxp_mul_s16_1641_b : 0 0 : 841 841 : Used 1 time 0
 Sort Area is top_level__GCB9 fxp_mul_s16_1641_d : 0 0 : 841 841 : Used 1 time 0
 Sort Area is top_level__GCB9 fxp_mul_s16_1642_f : 0 0 : 715 715 : Used 1 time 0
 Sort Area is top_level__GCB9 train_trace_bt_pre_base0_7 : 0 0 : 200 200 : Used 1 time 0
 Sort Area is top_level__GCB3 p_0_in_3 : 0 0 : 0 192 : Used 1 time 0
 Sort Area is top_level__GCB3 p_0_in_3 : 0 1 : 192 192 : Used 1 time 0
 Sort Area is top_level__GCB9 train_trace_bt_pre_base0_5 : 0 0 : 168 168 : Used 1 time 0
 Sort Area is top_level__GCB9 train_trace_a_row_base0_9 : 0 0 : 145 145 : Used 1 time 0
---------------------------------------------------------------------------------
Start ROM, RAM, DSP, Shift Register and Retiming Reporting
---------------------------------------------------------------------------------

Block RAM: Preliminary Mapping Report (see note below)
+-------------------------------------------+----------------------------------+------------------------+---+---+------------------------+---+---+------------------+--------+--------+
|Module Name                                | RTL Object                       | PORT A (Depth x Width) | W | R | PORT B (Depth x Width) | W | R | Ports driving FF | RAMB18 | RAMB36 | 
+-------------------------------------------+----------------------------------+------------------------+---+---+------------------------+---+---+------------------+--------+--------+
|top_level                                  | infer_v_inh_state_reg            | 50 x 32(READ_FIRST)    | W |   | 50 x 32(WRITE_FIRST)   |   | R | Port A and B     | 1      | 0      | 
|top_level__GCB3                            | raw_image1_mem_reg               | 784 x 8(READ_FIRST)    | W |   | 784 x 8(WRITE_FIRST)   |   | R | Port A and B     | 1      | 0      | 
|top_level__GCB3                            | raw_image0_mem_reg               | 784 x 8(READ_FIRST)    | W |   | 784 x 8(WRITE_FIRST)   |   | R | Port A and B     | 1      | 0      | 
|top_level__GCB3                            | batch_label_mem_reg              | 9 K x 4(READ_FIRST)    | W |   | 9 K x 4(WRITE_FIRST)   |   | R | Port A and B     | 0      | 2      | 
|top_level__GCB3                            | infer_poisson_thresh_mem_reg     | 784 x 12(READ_FIRST)   | W |   | 784 x 12(WRITE_FIRST)  |   | R | Port A and B     | 1      | 0      | 
|top_level__GCB3                            | infer_g_exc_delay1_reg           | 50 x 32(READ_FIRST)    | W |   | 50 x 32(WRITE_FIRST)   |   | R | Port A and B     | 1      | 0      | 
|top_level__GCB4                            | infer_g_inh_state_reg            | 50 x 32(READ_FIRST)    | W |   | 50 x 32(WRITE_FIRST)   |   | R | Port A and B     | 1      | 0      | 
|top_level__GCB4                            | infer_v_state_reg                | 50 x 32(READ_FIRST)    | W |   | 50 x 32(WRITE_FIRST)   |   | R | Port A and B     | 1      | 0      | 
|top_level__GCB4                            | infer_exc_theta_reg              | 50 x 32(READ_FIRST)    | W |   | 50 x 32(WRITE_FIRST)   |   | R | Port A and B     | 1      | 0      | 
|top_level__GCB8                            | batch_assign_mem_reg             | 50 x 4(READ_FIRST)     | W |   | 50 x 4(WRITE_FIRST)    |   | R | Port A and B     | 1      | 0      | 
|top_level__GCB8                            | train_label_sum_mem_reg          | 500 x 32(READ_FIRST)   | W |   | 500 x 32(WRITE_FIRST)  |   | R | Port A and B     | 1      | 0      | 
|\u_spike_snap_bram/xpm_memory_base_inst    | gen_wr_a.gen_word_narrow.mem_reg | 50 x 16(READ_FIRST)    | W |   | 50 x 16(WRITE_FIRST)   |   | R | Port A and B     | 1      | 0      | 
|\u_spike_count_bram/xpm_memory_base_inst   | gen_wr_a.gen_word_narrow.mem_reg | 50 x 16(READ_FIRST)    | W |   | 50 x 16(WRITE_FIRST)   |   | R | Port A and B     | 1      | 0      | 
|top_level__GCB8                            | infer_inh_last_spike_step_reg    | 50 x 16(READ_FIRST)    | W |   | 50 x 16(WRITE_FIRST)   |   | R | Port A and B     | 1      | 0      | 
|\u_infer_prelist_mem/xpm_memory_base_inst  | gen_wr_a.gen_word_narrow.mem_reg | 784 x 10(READ_FIRST)   | W |   | 784 x 10(WRITE_FIRST)  |   | R | Port A and B     | 1      | 0      | 
|\u_infer_w_rom_bram/xpm_memory_base_inst   | gen_wr_a.gen_word_narrow.mem_reg | 11 K x 16(READ_FIRST)  | W |   | 11 K x 16(WRITE_FIRST) |   | R | Port A and B     | 0      | 8      | 
|top_level__GCB9                            | train_xin_mem_reg                | 784 x 32(READ_FIRST)   | W |   | 784 x 32(WRITE_FIRST)  |   | R | Port A and B     | 0      | 1      | 
|top_level__GCB9                            | train_xexc_mem_reg               | 50 x 32(READ_FIRST)    | W |   | 50 x 32(WRITE_FIRST)   |   | R | Port A and B     | 1      | 0      | 
+-------------------------------------------+----------------------------------+------------------------+---+---+------------------------+---+---+------------------+--------+--------+

Note: The table above is a preliminary report that shows the Block RAMs at the current stage of the synthesis flow. Some Block RAMs may be reimplemented as non Block RAM primitives later in the synthesis flow. Multiple instantiated Block RAMs are reported only once. 

Distributed RAM: Preliminary Mapping Report (see note below)
+---------------------------------------------+----------------------------------+----------------+----------------------+------------------------------+
|Module Name                                  | RTL Object                       | Inference      | Size (Depth x Width) | Primitives                   | 
+---------------------------------------------+----------------------------------+----------------+----------------------+------------------------------+
|top_level__GCB3                              | infer_g_exc_delay0_reg           | Implied        | 64 x 32              | RAM16X1S x 64 RAM32X1S x 32  | 
|top_level__GCB8                              | train_label_count_reg            | Implied        | 16 x 32              | RAM32M x 12                  | 
|top_level__GCB8                              | infer_s_exc_reg                  | Implied        | 64 x 1               | RAM64M x 1                   | 
|top_level__GCB8                              | infer_exc_last_spike_step_reg    | Implied        | 64 x 16              | RAM64M x 12                  | 
|\u_infer_pre_spike_map/xpm_memory_base_inst  | gen_wr_a.gen_word_narrow.mem_reg | User Attribute | 1 K x 1              | RAM16X1D x 1 RAM128X1D x 6   | 
|top_level                                    | infer_g_in_delay0_reg            | Implied        | 64 x 32              | RAM64M x 11                  | 
|top_level                                    | infer_g_in_delay1_reg            | Implied        | 64 x 32              | RAM64M x 11                  | 
|top_level                                    | infer_g_in_delay2_reg            | Implied        | 64 x 32              | RAM64M x 11                  | 
|top_level                                    | infer_g_in_delay3_reg            | Implied        | 64 x 32              | RAM64M x 11                  | 
|top_level                                    | infer_g_in_delay4_reg            | Implied        | 64 x 32              | RAM64M x 11                  | 
|top_level                                    | infer_c_inh_state_reg            | Implied        | 64 x 32              | RAM16X1S x 64 RAM32X1S x 32  | 
+---------------------------------------------+----------------------------------+----------------+----------------------+------------------------------+

Note: The table above is a preliminary report that shows the Distributed RAMs at the current stage of the synthesis flow. Some Distributed RAMs may be reimplemented as non Distributed RAM primitives later in the synthesis flow. Multiple instantiated RAMs are reported only once.

DSP: Preliminary Mapping Report (see note below. The ' indicates corresponding REG is set)
+----------------+---------------------------------+--------+--------+--------+--------+--------+------+------+------+------+-------+------+------+
|Module Name     | DSP Mapping                     | A Size | B Size | C Size | D Size | P Size | AREG | BREG | CREG | DREG | ADREG | MREG | PREG | 
+----------------+---------------------------------+--------+--------+--------+--------+--------+------+------+------+------+-------+------+------+
|top_level       | (A:0x19660d)*B2                 | 22     | 18     | -      | -      | 48     | 0    | 1    | -    | -    | -     | 0    | 0    | 
|top_level       | (PCIN>>17)+(A:0x19660d)*B2      | 22     | 16     | -      | -      | 48     | 0    | 1    | -    | -    | -     | 0    | 1    | 
|top_level       | A2*(B:0x199a)                   | 18     | 14     | -      | -      | 48     | 1    | 0    | -    | -    | -     | 0    | 0    | 
|top_level       | (PCIN>>17)+A2*(B:0x199a)        | 15     | 14     | -      | -      | 48     | 1    | 0    | -    | -    | -     | 0    | 1    | 
|top_level       | A''*B                           | 18     | 15     | -      | -      | 48     | 2    | 0    | -    | -    | -     | 0    | 0    | 
|top_level       | (PCIN>>17)+A*B''                | 15     | 15     | -      | -      | 48     | 0    | 2    | -    | -    | -     | 0    | 1    | 
|top_level       | A*B''                           | 18     | 18     | -      | -      | 48     | 0    | 2    | -    | -    | -     | 0    | 0    | 
|top_level       | (PCIN>>17)+A*B''                | 18     | 15     | -      | -      | 48     | 0    | 2    | -    | -    | -     | 0    | 1    | 
|top_level       | A2*(B:0x199a)                   | 18     | 14     | -      | -      | 48     | 1    | 0    | -    | -    | -     | 0    | 0    | 
|top_level       | (PCIN>>17)+A2*(B:0x199a)        | 15     | 14     | -      | -      | 48     | 1    | 0    | -    | -    | -     | 0    | 1    | 
|top_level       | A2*(B:0x0)                      | 15     | 2      | -      | -      | 48     | 1    | 0    | -    | -    | -     | 0    | 0    | 
|top_level       | (PCIN>>17)+A2*B                 | 15     | 10     | -      | -      | 48     | 1    | 0    | -    | -    | -     | 0    | 1    | 
|top_level       | A2*(B:0x0)                      | 18     | 2      | -      | -      | 48     | 1    | 0    | -    | -    | -     | 0    | 0    | 
|top_level       | (PCIN>>17)+A2*B                 | 18     | 10     | -      | -      | 48     | 1    | 0    | -    | -    | -     | 0    | 1    | 
|top_level       | A2*B''                          | 18     | 15     | -      | -      | 48     | 1    | 2    | -    | -    | -     | 0    | 0    | 
|top_level       | (PCIN>>17)+A''*B2               | 15     | 15     | -      | -      | 48     | 2    | 1    | -    | -    | -     | 0    | 1    | 
|top_level       | A''*B2                          | 18     | 18     | -      | -      | 48     | 2    | 1    | -    | -    | -     | 0    | 0    | 
|top_level       | (PCIN>>17)+A''*B2               | 18     | 15     | -      | -      | 48     | 2    | 1    | -    | -    | -     | 0    | 1    | 
|top_level       | A2*B                            | 18     | 17     | -      | -      | 48     | 1    | 0    | -    | -    | -     | 0    | 0    | 
|top_level       | (PCIN>>17)+A*B2                 | 17     | 16     | -      | -      | 48     | 0    | 1    | -    | -    | -     | 0    | 0    | 
|top_level       | A2*B2                           | 18     | 17     | -      | -      | 48     | 1    | 1    | -    | -    | -     | 0    | 0    | 
|top_level       | (PCIN>>17)+A2*B2                | 17     | 16     | -      | -      | 48     | 1    | 1    | -    | -    | -     | 0    | 0    | 
|top_level__GCB0 | (A:0x19660d)*B2                 | 22     | 18     | -      | -      | 48     | 0    | 1    | -    | -    | -     | 0    | 0    | 
|top_level__GCB0 | (PCIN>>17)+(A:0x19660d)*B2      | 22     | 16     | -      | -      | 48     | 0    | 1    | -    | -    | -     | 0    | 0    | 
|top_level       | A2*(B:0x1660d)                  | 24     | 18     | -      | -      | 48     | 1    | 0    | -    | -    | -     | 0    | 0    | 
|top_level__GCB3 | A*B                             | 18     | 9      | -      | -      | 48     | 0    | 0    | -    | -    | -     | 0    | 0    | 
|top_level__GCB3 | (PCIN>>17)+A*B                  | 16     | 9      | -      | -      | 48     | 0    | 0    | -    | -    | -     | 0    | 1    | 
|top_level       | (A:0x24000)*(B:0x0)             | 19     | 2      | -      | -      | 48     | 0    | 0    | -    | -    | -     | 0    | 0    | 
|top_level       | (PCIN>>17)+(A:0x24000)*B        | 19     | 10     | -      | -      | 28     | 0    | 0    | -    | -    | -     | 0    | 0    | 
|top_level__GCB4 | A2*B                            | 18     | 15     | -      | -      | 48     | 1    | 0    | -    | -    | -     | 0    | 0    | 
|top_level__GCB4 | (PCIN>>17)+A*B2                 | 15     | 15     | -      | -      | 48     | 0    | 1    | -    | -    | -     | 0    | 1    | 
|top_level__GCB4 | A*B2                            | 18     | 18     | -      | -      | 48     | 0    | 1    | -    | -    | -     | 0    | 0    | 
|top_level__GCB4 | (PCIN>>17)+A*B2                 | 18     | 15     | -      | -      | 48     | 0    | 1    | -    | -    | -     | 0    | 1    | 
|top_level__GCB4 | A*(B:0xffff)                    | 18     | 17     | -      | -      | 48     | 0    | 0    | -    | -    | -     | 0    | 0    | 
|top_level__GCB4 | (PCIN>>17)+(A:0xffff)*B         | 17     | 15     | -      | -      | 48     | 0    | 0    | -    | -    | -     | 0    | 1    | 
|top_level__GCB8 | A2*(B:0x7)                      | 18     | 4      | -      | -      | 48     | 1    | 0    | -    | -    | -     | 0    | 0    | 
|top_level__GCB8 | (PCIN>>17)+A*(B:0x7)            | 15     | 4      | -      | -      | 48     | 0    | 0    | -    | -    | -     | 0    | 1    | 
|top_level__GCB8 | A''*B''                         | 18     | 15     | -      | -      | 48     | 2    | 2    | -    | -    | -     | 0    | 0    | 
|top_level__GCB8 | (PCIN>>17)+A''*B''              | 15     | 15     | -      | -      | 48     | 2    | 2    | -    | -    | -     | 0    | 1    | 
|top_level__GCB8 | A''*B''                         | 18     | 18     | -      | -      | 48     | 2    | 2    | -    | -    | -     | 0    | 0    | 
|top_level__GCB8 | (PCIN>>17)+A''*B''              | 18     | 15     | -      | -      | 48     | 2    | 2    | -    | -    | -     | 0    | 1    | 
|top_level__GCB8 | A*(B:0x28f)                     | 18     | 11     | -      | -      | 48     | 0    | 0    | -    | -    | -     | 0    | 0    | 
|top_level__GCB8 | (PCIN>>17)+A*(B:0x28f)          | 15     | 11     | -      | -      | 48     | 0    | 0    | -    | -    | -     | 0    | 1    | 
|top_level__GCB8 | A''*B''                         | 18     | 15     | -      | -      | 48     | 2    | 2    | -    | -    | -     | 0    | 0    | 
|top_level__GCB8 | (PCIN>>17)+A''*B''              | 15     | 15     | -      | -      | 48     | 2    | 2    | -    | -    | -     | 0    | 1    | 
|top_level__GCB8 | A''*B''                         | 18     | 18     | -      | -      | 48     | 2    | 2    | -    | -    | -     | 0    | 0    | 
|top_level__GCB8 | (PCIN>>17)+A''*B''              | 18     | 15     | -      | -      | 48     | 2    | 2    | -    | -    | -     | 0    | 1    | 
|top_level__GCB9 | A2*(B:0xf333)                   | 18     | 17     | -      | -      | 48     | 1    | 0    | -    | -    | -     | 0    | 0    | 
|top_level__GCB9 | (PCIN>>17)+(A:0xf333)*B         | 17     | 15     | -      | -      | 48     | 0    | 0    | -    | -    | -     | 0    | 1    | 
|top_level__GCB9 | A*(B:0xf333)                    | 18     | 17     | -      | -      | 48     | 0    | 0    | -    | -    | -     | 0    | 0    | 
|top_level__GCB9 | (PCIN>>17)+(A:0xf333)*B         | 17     | 15     | -      | -      | 48     | 0    | 0    | -    | -    | -     | 0    | 1    | 
|top_level       | (C:0x9920)+(A:0x310)*B2         | 7      | 10     | 16     | -      | 18     | 1    | 0    | 0    | -    | -     | 0    | 0    | 
|top_level       | (C:0x13240)+A2*(B:0x32)         | 10     | 6      | 17     | -      | 17     | 1    | 0    | 0    | -    | -     | 0    | 0    | 
|top_level       | (C:0x13240)+A*(B:0x32)          | 10     | 6      | 17     | -      | 17     | 0    | 0    | 0    | -    | -     | 0    | 0    | 
|top_level__GCB9 | A2*(B:0x28f)                    | 17     | 11     | -      | -      | 28     | 1    | 0    | -    | -    | -     | 0    | 0    | 
|top_level__GCB9 | (C:0xffffffff8000)+A2*(B:0x28f) | 17     | 11     | 16     | -      | 42     | 1    | 0    | 0    | -    | -     | 0    | 0    | 
|top_level__GCB9 | (C:0x8000)+A2*(B:0x28f)         | 17     | 11     | 17     | -      | 42     | 1    | 0    | 0    | -    | -     | 0    | 0    | 
|top_level__GCB9 | A2*B2                           | 18     | 15     | -      | -      | 48     | 1    | 1    | -    | -    | -     | 0    | 0    | 
|top_level__GCB9 | (PCIN>>17)+A2*B2                | 15     | 15     | -      | -      | 48     | 1    | 1    | -    | -    | -     | 0    | 1    | 
|top_level__GCB9 | A2*B2                           | 18     | 18     | -      | -      | 48     | 1    | 1    | -    | -    | -     | 0    | 0    | 
|top_level__GCB9 | (PCIN>>17)+A2*B2                | 18     | 15     | -      | -      | 48     | 1    | 1    | -    | -    | -     | 0    | 1    | 
+----------------+---------------------------------+--------+--------+--------+--------+--------+------+------+------+------+-------+------+------+

Note: The table above is a preliminary report that shows the DSPs inferred at the current stage of the synthesis flow. Some DSP may be reimplemented as non DSP primitives later in the synthesis flow. Multiple instantiated DSPs are reported only once.
---------------------------------------------------------------------------------
Finished ROM, RAM, DSP, Shift Register and Retiming Reporting
---------------------------------------------------------------------------------
---------------------------------------------------------------------------------
Start Applying XDC Timing Constraints
---------------------------------------------------------------------------------
---------------------------------------------------------------------------------
Finished Applying XDC Timing Constraints : Time (s): cpu = 00:00:55 ; elapsed = 00:00:55 . Memory (MB): peak = 2783.957 ; gain = 1111.527 ; free physical = 12216 ; free virtual = 31507
---------------------------------------------------------------------------------
---------------------------------------------------------------------------------
Start Timing Optimization
---------------------------------------------------------------------------------
info: optimization accepted worst group hill climbing move (33.0/oG.CP 247.0ps)
---------------------------------------------------------------------------------
Finished Timing Optimization : Time (s): cpu = 00:01:34 ; elapsed = 00:01:34 . Memory (MB): peak = 3133.035 ; gain = 1460.605 ; free physical = 11902 ; free virtual = 31193
---------------------------------------------------------------------------------
---------------------------------------------------------------------------------
Start ROM, RAM, DSP, Shift Register and Retiming Reporting
---------------------------------------------------------------------------------

Block RAM: Final Mapping Report
+-------------------------------------------+----------------------------------+------------------------+---+---+------------------------+---+---+------------------+--------+--------+
|Module Name                                | RTL Object                       | PORT A (Depth x Width) | W | R | PORT B (Depth x Width) | W | R | Ports driving FF | RAMB18 | RAMB36 | 
+-------------------------------------------+----------------------------------+------------------------+---+---+------------------------+---+---+------------------+--------+--------+
|\u_infer_prelist_mem/xpm_memory_base_inst  | gen_wr_a.gen_word_narrow.mem_reg | 784 x 10(READ_FIRST)   | W |   | 784 x 10(WRITE_FIRST)  |   | R | Port A and B     | 1      | 0      | 
|\u_infer_w_rom_bram/xpm_memory_base_inst   | gen_wr_a.gen_word_narrow.mem_reg | 11 K x 16(READ_FIRST)  | W |   | 11 K x 16(WRITE_FIRST) |   | R | Port A and B     | 0      | 8      | 
|top_level__GCB9                            | train_xin_mem_reg                | 784 x 32(READ_FIRST)   | W |   | 784 x 32(WRITE_FIRST)  |   | R | Port A and B     | 0      | 1      | 
|top_level__GCB9                            | train_xexc_mem_reg               | 50 x 32(READ_FIRST)    | W |   | 50 x 32(WRITE_FIRST)   |   | R | Port A and B     | 1      | 0      | 
|top_level                                  | infer_v_inh_state_reg            | 50 x 32(READ_FIRST)    | W |   | 50 x 32(WRITE_FIRST)   |   | R | Port A and B     | 1      | 0      | 
|top_level__GCB3                            | raw_image1_mem_reg               | 784 x 8(READ_FIRST)    | W |   | 784 x 8(WRITE_FIRST)   |   | R | Port A and B     | 1      | 0      | 
|top_level__GCB3                            | raw_image0_mem_reg               | 784 x 8(READ_FIRST)    | W |   | 784 x 8(WRITE_FIRST)   |   | R | Port A and B     | 1      | 0      | 
|top_level__GCB3                            | batch_label_mem_reg              | 9 K x 4(READ_FIRST)    | W |   | 9 K x 4(WRITE_FIRST)   |   | R | Port A and B     | 0      | 2      | 
|top_level__GCB3                            | infer_poisson_thresh_mem_reg     | 784 x 12(READ_FIRST)   | W |   | 784 x 12(WRITE_FIRST)  |   | R | Port A and B     | 1      | 0      | 
|top_level__GCB3                            | infer_g_exc_delay1_reg           | 50 x 32(READ_FIRST)    | W |   | 50 x 32(WRITE_FIRST)   |   | R | Port A and B     | 1      | 0      | 
|top_level__GCB4                            | infer_g_inh_state_reg            | 50 x 32(READ_FIRST)    | W |   | 50 x 32(WRITE_FIRST)   |   | R | Port A and B     | 1      | 0      | 
|top_level__GCB4                            | infer_v_state_reg                | 50 x 32(READ_FIRST)    | W |   | 50 x 32(WRITE_FIRST)   |   | R | Port A and B     | 1      | 0      | 
|top_level__GCB4                            | infer_exc_theta_reg              | 50 x 32(READ_FIRST)    | W |   | 50 x 32(WRITE_FIRST)   |   | R | Port A and B     | 1      | 0      | 
|top_level__GCB8                            | batch_assign_mem_reg             | 50 x 4(READ_FIRST)     | W |   | 50 x 4(WRITE_FIRST)    |   | R | Port A and B     | 1      | 0      | 
|top_level__GCB8                            | train_label_sum_mem_reg          | 500 x 32(READ_FIRST)   | W |   | 500 x 32(WRITE_FIRST)  |   | R | Port A and B     | 1      | 0      | 
|\u_spike_snap_bram/xpm_memory_base_inst    | gen_wr_a.gen_word_narrow.mem_reg | 50 x 16(READ_FIRST)    | W |   | 50 x 16(WRITE_FIRST)   |   | R | Port A and B     | 1      | 0      | 
|\u_spike_count_bram/xpm_memory_base_inst   | gen_wr_a.gen_word_narrow.mem_reg | 50 x 16(READ_FIRST)    | W |   | 50 x 16(WRITE_FIRST)   |   | R | Port A and B     | 1      | 0      | 
|top_level__GCB8                            | infer_inh_last_spike_step_reg    | 50 x 16(READ_FIRST)    | W |   | 50 x 16(WRITE_FIRST)   |   | R | Port A and B     | 1      | 0      | 
+-------------------------------------------+----------------------------------+------------------------+---+---+------------------------+---+---+------------------+--------+--------+


Distributed RAM: Final Mapping Report
+---------------------------------------------+----------------------------------+----------------+----------------------+------------------------------+
|Module Name                                  | RTL Object                       | Inference      | Size (Depth x Width) | Primitives                   | 
+---------------------------------------------+----------------------------------+----------------+----------------------+------------------------------+
|\u_infer_pre_spike_map/xpm_memory_base_inst  | gen_wr_a.gen_word_narrow.mem_reg | User Attribute | 1 K x 1              | RAM16X1D x 1 RAM128X1D x 6   | 
|top_level                                    | infer_g_in_delay0_reg            | Implied        | 64 x 32              | RAM64M x 11                  | 
|top_level                                    | infer_g_in_delay1_reg            | Implied        | 64 x 32              | RAM64M x 11                  | 
|top_level                                    | infer_g_in_delay2_reg            | Implied        | 64 x 32              | RAM64M x 11                  | 
|top_level                                    | infer_g_in_delay3_reg            | Implied        | 64 x 32              | RAM64M x 11                  | 
|top_level                                    | infer_g_in_delay4_reg            | Implied        | 64 x 32              | RAM64M x 11                  | 
|top_level                                    | infer_c_inh_state_reg            | Implied        | 64 x 32              | RAM16X1S x 64 RAM32X1S x 32  | 
|top_level__GCB3                              | infer_g_exc_delay0_reg           | Implied        | 64 x 32              | RAM16X1S x 64 RAM32X1S x 32  | 
|top_level__GCB8                              | train_label_count_reg            | Implied        | 16 x 32              | RAM32M x 12                  | 
|top_level__GCB8                              | infer_s_exc_reg                  | Implied        | 64 x 1               | RAM64M x 1                   | 
|top_level__GCB8                              | infer_exc_last_spike_step_reg    | Implied        | 64 x 16              | RAM64M x 12                  | 
+---------------------------------------------+----------------------------------+----------------+----------------------+------------------------------+

---------------------------------------------------------------------------------
Finished ROM, RAM, DSP, Shift Register and Retiming Reporting
---------------------------------------------------------------------------------
---------------------------------------------------------------------------------
Start Technology Mapping
---------------------------------------------------------------------------------
INFO: [Synth 8-7052] The timing for the instance i_9/u_infer_prelist_mem/xpm_memory_base_inst/gen_wr_a.gen_word_narrow.mem_reg (implemented as a Block RAM) might be sub-optimal as no optional output register could be merged into the ram block. Providing additional output register may help in improving timing.
INFO: [Synth 8-7052] The timing for the instance i_9/u_infer_w_rom_bram/xpm_memory_base_inst/gen_wr_a.gen_word_narrow.mem_reg_0 (implemented as a Block RAM) might be sub-optimal as no optional output register could be merged into the ram block. Providing additional output register may help in improving timing.
INFO: [Synth 8-7052] The timing for the instance i_9/u_infer_w_rom_bram/xpm_memory_base_inst/gen_wr_a.gen_word_narrow.mem_reg_1 (implemented as a Block RAM) might be sub-optimal as no optional output register could be merged into the ram block. Providing additional output register may help in improving timing.
INFO: [Synth 8-7052] The timing for the instance i_9/u_infer_w_rom_bram/xpm_memory_base_inst/gen_wr_a.gen_word_narrow.mem_reg_2 (implemented as a Block RAM) might be sub-optimal as no optional output register could be merged into the ram block. Providing additional output register may help in improving timing.
INFO: [Synth 8-7052] The timing for the instance i_9/u_infer_w_rom_bram/xpm_memory_base_inst/gen_wr_a.gen_word_narrow.mem_reg_3 (implemented as a Block RAM) might be sub-optimal as no optional output register could be merged into the ram block. Providing additional output register may help in improving timing.
INFO: [Synth 8-7052] The timing for the instance i_9/u_infer_w_rom_bram/xpm_memory_base_inst/gen_wr_a.gen_word_narrow.mem_reg_4 (implemented as a Block RAM) might be sub-optimal as no optional output register could be merged into the ram block. Providing additional output register may help in improving timing.
INFO: [Synth 8-7052] The timing for the instance i_9/u_infer_w_rom_bram/xpm_memory_base_inst/gen_wr_a.gen_word_narrow.mem_reg_5 (implemented as a Block RAM) might be sub-optimal as no optional output register could be merged into the ram block. Providing additional output register may help in improving timing.
INFO: [Synth 8-7052] The timing for the instance i_9/u_infer_w_rom_bram/xpm_memory_base_inst/gen_wr_a.gen_word_narrow.mem_reg_6 (implemented as a Block RAM) might be sub-optimal as no optional output register could be merged into the ram block. Providing additional output register may help in improving timing.
INFO: [Synth 8-7052] The timing for the instance i_9/u_infer_w_rom_bram/xpm_memory_base_inst/gen_wr_a.gen_word_narrow.mem_reg_7 (implemented as a Block RAM) might be sub-optimal as no optional output register could be merged into the ram block. Providing additional output register may help in improving timing.
INFO: [Synth 8-7052] The timing for the instance i_9/u_csr_row_ptr_bram/xpm_memory_base_inst/gen_rd_a.gen_rd_a_synth_template.gen_rf_narrow_reg.douta_reg_reg (implemented as a Block RAM) might be sub-optimal as no optional output register could be merged into the ram block. Providing additional output register may help in improving timing.
INFO: [Synth 8-7052] The timing for the instance i_9/u_csr_col_idx_bram/xpm_memory_base_inst/gen_rd_a.gen_rd_a_synth_template.gen_rf_narrow_reg.douta_reg_reg_0 (implemented as a Block RAM) might be sub-optimal as no optional output register could be merged into the ram block. Providing additional output register may help in improving timing.
INFO: [Synth 8-7052] The timing for the instance i_9/u_csr_col_idx_bram/xpm_memory_base_inst/gen_rd_a.gen_rd_a_synth_template.gen_rf_narrow_reg.douta_reg_reg_1 (implemented as a Block RAM) might be sub-optimal as no optional output register could be merged into the ram block. Providing additional output register may help in improving timing.
INFO: [Synth 8-7052] The timing for the instance i_9/u_csr_col_idx_bram/xpm_memory_base_inst/gen_rd_a.gen_rd_a_synth_template.gen_rf_narrow_reg.douta_reg_reg_2 (implemented as a Block RAM) might be sub-optimal as no optional output register could be merged into the ram block. Providing additional output register may help in improving timing.
INFO: [Synth 8-7052] The timing for the instance i_9/u_csr_col_idx_bram/xpm_memory_base_inst/gen_rd_a.gen_rd_a_synth_template.gen_rf_narrow_reg.douta_reg_reg_3 (implemented as a Block RAM) might be sub-optimal as no optional output register could be merged into the ram block. Providing additional output register may help in improving timing.
INFO: [Synth 8-7052] The timing for the instance i_9/u_csr_col_idx_bram/xpm_memory_base_inst/gen_rd_a.gen_rd_a_synth_template.gen_rf_narrow_reg.douta_reg_reg_4 (implemented as a Block RAM) might be sub-optimal as no optional output register could be merged into the ram block. Providing additional output register may help in improving timing.
INFO: [Synth 8-7052] The timing for the instance i_9/u_csc_edge_idx_bram/xpm_memory_base_inst/gen_rd_a.gen_rd_a_synth_template.gen_rf_narrow_reg.douta_reg_reg_0 (implemented as a Block RAM) might be sub-optimal as no optional output register could be merged into the ram block. Providing additional output register may help in improving timing.
INFO: [Synth 8-7052] The timing for the instance i_9/u_csc_edge_idx_bram/xpm_memory_base_inst/gen_rd_a.gen_rd_a_synth_template.gen_rf_narrow_reg.douta_reg_reg_1 (implemented as a Block RAM) might be sub-optimal as no optional output register could be merged into the ram block. Providing additional output register may help in improving timing.
INFO: [Synth 8-7052] The timing for the instance i_9/u_csc_edge_idx_bram/xpm_memory_base_inst/gen_rd_a.gen_rd_a_synth_template.gen_rf_narrow_reg.douta_reg_reg_2 (implemented as a Block RAM) might be sub-optimal as no optional output register could be merged into the ram block. Providing additional output register may help in improving timing.
INFO: [Synth 8-7052] The timing for the instance i_9/u_csc_edge_idx_bram/xpm_memory_base_inst/gen_rd_a.gen_rd_a_synth_template.gen_rf_narrow_reg.douta_reg_reg_3 (implemented as a Block RAM) might be sub-optimal as no optional output register could be merged into the ram block. Providing additional output register may help in improving timing.
INFO: [Synth 8-7052] The timing for the instance i_9/u_csc_edge_idx_bram/xpm_memory_base_inst/gen_rd_a.gen_rd_a_synth_template.gen_rf_narrow_reg.douta_reg_reg_4 (implemented as a Block RAM) might be sub-optimal as no optional output register could be merged into the ram block. Providing additional output register may help in improving timing.
INFO: [Synth 8-7052] The timing for the instance i_9/u_csc_edge_idx_bram/xpm_memory_base_inst/gen_rd_a.gen_rd_a_synth_template.gen_rf_narrow_reg.douta_reg_reg_5 (implemented as a Block RAM) might be sub-optimal as no optional output register could be merged into the ram block. Providing additional output register may help in improving timing.
INFO: [Synth 8-7052] The timing for the instance i_9/u_csc_edge_idx_bram/xpm_memory_base_inst/gen_rd_a.gen_rd_a_synth_template.gen_rf_narrow_reg.douta_reg_reg_6 (implemented as a Block RAM) might be sub-optimal as no optional output register could be merged into the ram block. Providing additional output register may help in improving timing.
INFO: [Synth 8-7052] The timing for the instance i_9/u_csc_row_idx_bram/xpm_memory_base_inst/gen_rd_a.gen_rd_a_synth_template.gen_rf_narrow_reg.douta_reg_reg_0 (implemented as a Block RAM) might be sub-optimal as no optional output register could be merged into the ram block. Providing additional output register may help in improving timing.
INFO: [Synth 8-7052] The timing for the instance i_9/u_csc_row_idx_bram/xpm_memory_base_inst/gen_rd_a.gen_rd_a_synth_template.gen_rf_narrow_reg.douta_reg_reg_1 (implemented as a Block RAM) might be sub-optimal as no optional output register could be merged into the ram block. Providing additional output register may help in improving timing.
INFO: [Synth 8-7052] The timing for the instance i_9/u_csc_row_idx_bram/xpm_memory_base_inst/gen_rd_a.gen_rd_a_synth_template.gen_rf_narrow_reg.douta_reg_reg_2 (implemented as a Block RAM) might be sub-optimal as no optional output register could be merged into the ram block. Providing additional output register may help in improving timing.
INFO: [Synth 8-7052] The timing for the instance i_9/u_csc_col_ptr_bram/xpm_memory_base_inst/gen_rd_a.gen_rd_a_synth_template.gen_rf_narrow_reg.douta_reg_reg (implemented as a Block RAM) might be sub-optimal as no optional output register could be merged into the ram block. Providing additional output register may help in improving timing.
INFO: [Synth 8-7052] The timing for the instance i_9/train_xin_mem_reg (implemented as a Block RAM) might be sub-optimal as no optional output register could be merged into the ram block. Providing additional output register may help in improving timing.
INFO: [Synth 8-7052] The timing for the instance i_9/train_xexc_mem_reg (implemented as a Block RAM) might be sub-optimal as no optional output register could be merged into the ram block. Providing additional output register may help in improving timing.
INFO: [Synth 8-7052] The timing for the instance i_0/u_spike_snap_bram/xpm_memory_base_inst/gen_wr_a.gen_word_narrow.mem_reg (implemented as a Block RAM) might be sub-optimal as no optional output register could be merged into the ram block. Providing additional output register may help in improving timing.
INFO: [Synth 8-7052] The timing for the instance i_0/u_spike_count_bram/xpm_memory_base_inst/gen_wr_a.gen_word_narrow.mem_reg (implemented as a Block RAM) might be sub-optimal as no optional output register could be merged into the ram block. Providing additional output register may help in improving timing.
INFO: [Synth 8-7052] The timing for the instance i_0/infer_v_inh_state_reg (implemented as a Block RAM) might be sub-optimal as no optional output register could be merged into the ram block. Providing additional output register may help in improving timing.
INFO: [Synth 8-7052] The timing for the instance i_0/raw_image1_mem_reg (implemented as a Block RAM) might be sub-optimal as no optional output register could be merged into the ram block. Providing additional output register may help in improving timing.
INFO: [Synth 8-7052] The timing for the instance i_0/raw_image0_mem_reg (implemented as a Block RAM) might be sub-optimal as no optional output register could be merged into the ram block. Providing additional output register may help in improving timing.
INFO: [Synth 8-7052] The timing for the instance i_0/batch_label_mem_reg_0 (implemented as a Block RAM) might be sub-optimal as no optional output register could be merged into the ram block. Providing additional output register may help in improving timing.
INFO: [Synth 8-7052] The timing for the instance i_0/batch_label_mem_reg_1 (implemented as a Block RAM) might be sub-optimal as no optional output register could be merged into the ram block. Providing additional output register may help in improving timing.
INFO: [Synth 8-7052] The timing for the instance i_0/infer_poisson_thresh_mem_reg (implemented as a Block RAM) might be sub-optimal as no optional output register could be merged into the ram block. Providing additional output register may help in improving timing.
INFO: [Synth 8-7052] The timing for the instance i_0/infer_g_exc_delay1_reg (implemented as a Block RAM) might be sub-optimal as no optional output register could be merged into the ram block. Providing additional output register may help in improving timing.
INFO: [Synth 8-7052] The timing for the instance i_0/infer_g_inh_state_reg (implemented as a Block RAM) might be sub-optimal as no optional output register could be merged into the ram block. Providing additional output register may help in improving timing.
INFO: [Synth 8-7052] The timing for the instance i_0/infer_v_state_reg (implemented as a Block RAM) might be sub-optimal as no optional output register could be merged into the ram block. Providing additional output register may help in improving timing.
INFO: [Synth 8-7052] The timing for the instance i_0/infer_exc_theta_reg (implemented as a Block RAM) might be sub-optimal as no optional output register could be merged into the ram block. Providing additional output register may help in improving timing.
INFO: [Synth 8-7052] The timing for the instance i_0/batch_assign_mem_reg (implemented as a Block RAM) might be sub-optimal as no optional output register could be merged into the ram block. Providing additional output register may help in improving timing.
INFO: [Synth 8-7052] The timing for the instance i_0/train_label_sum_mem_reg (implemented as a Block RAM) might be sub-optimal as no optional output register could be merged into the ram block. Providing additional output register may help in improving timing.
INFO: [Synth 8-7052] The timing for the instance i_0/infer_inh_last_spike_step_reg (implemented as a Block RAM) might be sub-optimal as no optional output register could be merged into the ram block. Providing additional output register may help in improving timing.
---------------------------------------------------------------------------------
Finished Technology Mapping : Time (s): cpu = 00:01:40 ; elapsed = 00:01:42 . Memory (MB): peak = 3144.961 ; gain = 1472.531 ; free physical = 10463 ; free virtual = 29759
---------------------------------------------------------------------------------
---------------------------------------------------------------------------------
Start IO Insertion
---------------------------------------------------------------------------------
---------------------------------------------------------------------------------
Start Flattening Before IO Insertion
---------------------------------------------------------------------------------
---------------------------------------------------------------------------------
Finished Flattening Before IO Insertion
---------------------------------------------------------------------------------
---------------------------------------------------------------------------------
Start Final Netlist Cleanup
---------------------------------------------------------------------------------
INFO: [Synth 8-7052] The timing for the instance u_infer_prelist_mem/xpm_memory_base_inst/gen_wr_a.gen_word_narrow.mem_reg (implemented as a Block RAM) might be sub-optimal as no optional output register could be merged into the ram block. Providing additional output register may help in improving timing.
INFO: [Synth 8-7052] The timing for the instance u_infer_w_rom_bram/xpm_memory_base_inst/gen_wr_a.gen_word_narrow.mem_reg_0 (implemented as a Block RAM) might be sub-optimal as no optional output register could be merged into the ram block. Providing additional output register may help in improving timing.
INFO: [Synth 8-7052] The timing for the instance u_infer_w_rom_bram/xpm_memory_base_inst/gen_wr_a.gen_word_narrow.mem_reg_1 (implemented as a Block RAM) might be sub-optimal as no optional output register could be merged into the ram block. Providing additional output register may help in improving timing.
INFO: [Synth 8-7052] The timing for the instance u_infer_w_rom_bram/xpm_memory_base_inst/gen_wr_a.gen_word_narrow.mem_reg_2 (implemented as a Block RAM) might be sub-optimal as no optional output register could be merged into the ram block. Providing additional output register may help in improving timing.
INFO: [Synth 8-7052] The timing for the instance u_infer_w_rom_bram/xpm_memory_base_inst/gen_wr_a.gen_word_narrow.mem_reg_3 (implemented as a Block RAM) might be sub-optimal as no optional output register could be merged into the ram block. Providing additional output register may help in improving timing.
INFO: [Synth 8-7052] The timing for the instance u_infer_w_rom_bram/xpm_memory_base_inst/gen_wr_a.gen_word_narrow.mem_reg_4 (implemented as a Block RAM) might be sub-optimal as no optional output register could be merged into the ram block. Providing additional output register may help in improving timing.
INFO: [Synth 8-7052] The timing for the instance u_infer_w_rom_bram/xpm_memory_base_inst/gen_wr_a.gen_word_narrow.mem_reg_5 (implemented as a Block RAM) might be sub-optimal as no optional output register could be merged into the ram block. Providing additional output register may help in improving timing.
INFO: [Synth 8-7052] The timing for the instance u_infer_w_rom_bram/xpm_memory_base_inst/gen_wr_a.gen_word_narrow.mem_reg_6 (implemented as a Block RAM) might be sub-optimal as no optional output register could be merged into the ram block. Providing additional output register may help in improving timing.
INFO: [Synth 8-7052] The timing for the instance u_infer_w_rom_bram/xpm_memory_base_inst/gen_wr_a.gen_word_narrow.mem_reg_7 (implemented as a Block RAM) might be sub-optimal as no optional output register could be merged into the ram block. Providing additional output register may help in improving timing.
INFO: [Synth 8-7052] The timing for the instance u_csr_row_ptr_bram/xpm_memory_base_inst/gen_rd_a.gen_rd_a_synth_template.gen_rf_narrow_reg.douta_reg_reg (implemented as a Block RAM) might be sub-optimal as no optional output register could be merged into the ram block. Providing additional output register may help in improving timing.
INFO: [Synth 8-7052] The timing for the instance u_csr_col_idx_bram/xpm_memory_base_inst/gen_rd_a.gen_rd_a_synth_template.gen_rf_narrow_reg.douta_reg_reg_0 (implemented as a Block RAM) might be sub-optimal as no optional output register could be merged into the ram block. Providing additional output register may help in improving timing.
INFO: [Synth 8-7052] The timing for the instance u_csr_col_idx_bram/xpm_memory_base_inst/gen_rd_a.gen_rd_a_synth_template.gen_rf_narrow_reg.douta_reg_reg_1 (implemented as a Block RAM) might be sub-optimal as no optional output register could be merged into the ram block. Providing additional output register may help in improving timing.
INFO: [Synth 8-7052] The timing for the instance u_csr_col_idx_bram/xpm_memory_base_inst/gen_rd_a.gen_rd_a_synth_template.gen_rf_narrow_reg.douta_reg_reg_2 (implemented as a Block RAM) might be sub-optimal as no optional output register could be merged into the ram block. Providing additional output register may help in improving timing.
INFO: [Synth 8-7052] The timing for the instance u_csr_col_idx_bram/xpm_memory_base_inst/gen_rd_a.gen_rd_a_synth_template.gen_rf_narrow_reg.douta_reg_reg_3 (implemented as a Block RAM) might be sub-optimal as no optional output register could be merged into the ram block. Providing additional output register may help in improving timing.
INFO: [Synth 8-7052] The timing for the instance u_csr_col_idx_bram/xpm_memory_base_inst/gen_rd_a.gen_rd_a_synth_template.gen_rf_narrow_reg.douta_reg_reg_4 (implemented as a Block RAM) might be sub-optimal as no optional output register could be merged into the ram block. Providing additional output register may help in improving timing.
INFO: [Synth 8-7052] The timing for the instance u_csc_edge_idx_bram/xpm_memory_base_inst/gen_rd_a.gen_rd_a_synth_template.gen_rf_narrow_reg.douta_reg_reg_0 (implemented as a Block RAM) might be sub-optimal as no optional output register could be merged into the ram block. Providing additional output register may help in improving timing.
INFO: [Synth 8-7052] The timing for the instance u_csc_edge_idx_bram/xpm_memory_base_inst/gen_rd_a.gen_rd_a_synth_template.gen_rf_narrow_reg.douta_reg_reg_1 (implemented as a Block RAM) might be sub-optimal as no optional output register could be merged into the ram block. Providing additional output register may help in improving timing.
INFO: [Synth 8-7052] The timing for the instance u_csc_edge_idx_bram/xpm_memory_base_inst/gen_rd_a.gen_rd_a_synth_template.gen_rf_narrow_reg.douta_reg_reg_2 (implemented as a Block RAM) might be sub-optimal as no optional output register could be merged into the ram block. Providing additional output register may help in improving timing.
INFO: [Synth 8-7052] The timing for the instance u_csc_edge_idx_bram/xpm_memory_base_inst/gen_rd_a.gen_rd_a_synth_template.gen_rf_narrow_reg.douta_reg_reg_3 (implemented as a Block RAM) might be sub-optimal as no optional output register could be merged into the ram block. Providing additional output register may help in improving timing.
INFO: [Synth 8-7052] The timing for the instance u_csc_edge_idx_bram/xpm_memory_base_inst/gen_rd_a.gen_rd_a_synth_template.gen_rf_narrow_reg.douta_reg_reg_4 (implemented as a Block RAM) might be sub-optimal as no optional output register could be merged into the ram block. Providing additional output register may help in improving timing.
INFO: [Synth 8-7052] The timing for the instance u_csc_edge_idx_bram/xpm_memory_base_inst/gen_rd_a.gen_rd_a_synth_template.gen_rf_narrow_reg.douta_reg_reg_5 (implemented as a Block RAM) might be sub-optimal as no optional output register could be merged into the ram block. Providing additional output register may help in improving timing.
INFO: [Synth 8-7052] The timing for the instance u_csc_edge_idx_bram/xpm_memory_base_inst/gen_rd_a.gen_rd_a_synth_template.gen_rf_narrow_reg.douta_reg_reg_6 (implemented as a Block RAM) might be sub-optimal as no optional output register could be merged into the ram block. Providing additional output register may help in improving timing.
INFO: [Synth 8-7052] The timing for the instance u_csc_row_idx_bram/xpm_memory_base_inst/gen_rd_a.gen_rd_a_synth_template.gen_rf_narrow_reg.douta_reg_reg_0 (implemented as a Block RAM) might be sub-optimal as no optional output register could be merged into the ram block. Providing additional output register may help in improving timing.
INFO: [Synth 8-7052] The timing for the instance u_csc_row_idx_bram/xpm_memory_base_inst/gen_rd_a.gen_rd_a_synth_template.gen_rf_narrow_reg.douta_reg_reg_1 (implemented as a Block RAM) might be sub-optimal as no optional output register could be merged into the ram block. Providing additional output register may help in improving timing.
INFO: [Synth 8-7052] The timing for the instance u_csc_row_idx_bram/xpm_memory_base_inst/gen_rd_a.gen_rd_a_synth_template.gen_rf_narrow_reg.douta_reg_reg_2 (implemented as a Block RAM) might be sub-optimal as no optional output register could be merged into the ram block. Providing additional output register may help in improving timing.
INFO: [Synth 8-7052] The timing for the instance u_csc_col_ptr_bram/xpm_memory_base_inst/gen_rd_a.gen_rd_a_synth_template.gen_rf_narrow_reg.douta_reg_reg (implemented as a Block RAM) might be sub-optimal as no optional output register could be merged into the ram block. Providing additional output register may help in improving timing.
INFO: [Synth 8-7052] The timing for the instance u_spike_snap_bram/xpm_memory_base_inst/gen_wr_a.gen_word_narrow.mem_reg (implemented as a Block RAM) might be sub-optimal as no optional output register could be merged into the ram block. Providing additional output register may help in improving timing.
INFO: [Synth 8-7052] The timing for the instance u_spike_count_bram/xpm_memory_base_inst/gen_wr_a.gen_word_narrow.mem_reg (implemented as a Block RAM) might be sub-optimal as no optional output register could be merged into the ram block. Providing additional output register may help in improving timing.
INFO: [Synth 8-7052] The timing for the instance train_xin_mem_reg (implemented as a Block RAM) might be sub-optimal as no optional output register could be merged into the ram block. Providing additional output register may help in improving timing.
INFO: [Synth 8-7052] The timing for the instance train_xexc_mem_reg (implemented as a Block RAM) might be sub-optimal as no optional output register could be merged into the ram block. Providing additional output register may help in improving timing.
INFO: [Synth 8-7052] The timing for the instance infer_v_inh_state_reg (implemented as a Block RAM) might be sub-optimal as no optional output register could be merged into the ram block. Providing additional output register may help in improving timing.
INFO: [Synth 8-7052] The timing for the instance raw_image1_mem_reg (implemented as a Block RAM) might be sub-optimal as no optional output register could be merged into the ram block. Providing additional output register may help in improving timing.
INFO: [Synth 8-7052] The timing for the instance raw_image0_mem_reg (implemented as a Block RAM) might be sub-optimal as no optional output register could be merged into the ram block. Providing additional output register may help in improving timing.
INFO: [Synth 8-7052] The timing for the instance batch_label_mem_reg_0 (implemented as a Block RAM) might be sub-optimal as no optional output register could be merged into the ram block. Providing additional output register may help in improving timing.
INFO: [Synth 8-7052] The timing for the instance batch_label_mem_reg_1 (implemented as a Block RAM) might be sub-optimal as no optional output register could be merged into the ram block. Providing additional output register may help in improving timing.
INFO: [Synth 8-7052] The timing for the instance infer_poisson_thresh_mem_reg (implemented as a Block RAM) might be sub-optimal as no optional output register could be merged into the ram block. Providing additional output register may help in improving timing.
INFO: [Synth 8-7052] The timing for the instance infer_g_exc_delay1_reg (implemented as a Block RAM) might be sub-optimal as no optional output register could be merged into the ram block. Providing additional output register may help in improving timing.
INFO: [Synth 8-7052] The timing for the instance infer_g_inh_state_reg (implemented as a Block RAM) might be sub-optimal as no optional output register could be merged into the ram block. Providing additional output register may help in improving timing.
INFO: [Synth 8-7052] The timing for the instance infer_v_state_reg (implemented as a Block RAM) might be sub-optimal as no optional output register could be merged into the ram block. Providing additional output register may help in improving timing.
INFO: [Synth 8-7052] The timing for the instance infer_exc_theta_reg (implemented as a Block RAM) might be sub-optimal as no optional output register could be merged into the ram block. Providing additional output register may help in improving timing.
INFO: [Synth 8-7052] The timing for the instance batch_assign_mem_reg (implemented as a Block RAM) might be sub-optimal as no optional output register could be merged into the ram block. Providing additional output register may help in improving timing.
INFO: [Synth 8-7052] The timing for the instance train_label_sum_mem_reg (implemented as a Block RAM) might be sub-optimal as no optional output register could be merged into the ram block. Providing additional output register may help in improving timing.
INFO: [Synth 8-7052] The timing for the instance infer_inh_last_spike_step_reg (implemented as a Block RAM) might be sub-optimal as no optional output register could be merged into the ram block. Providing additional output register may help in improving timing.
---------------------------------------------------------------------------------
Finished Final Netlist Cleanup
---------------------------------------------------------------------------------
---------------------------------------------------------------------------------
Finished IO Insertion : Time (s): cpu = 00:01:43 ; elapsed = 00:01:46 . Memory (MB): peak = 3144.961 ; gain = 1472.531 ; free physical = 10408 ; free virtual = 29758
---------------------------------------------------------------------------------
---------------------------------------------------------------------------------
Start Renaming Generated Instances
---------------------------------------------------------------------------------
---------------------------------------------------------------------------------
Finished Renaming Generated Instances : Time (s): cpu = 00:01:43 ; elapsed = 00:01:46 . Memory (MB): peak = 3144.961 ; gain = 1472.531 ; free physical = 10408 ; free virtual = 29758
---------------------------------------------------------------------------------
---------------------------------------------------------------------------------
Start Rebuilding User Hierarchy
---------------------------------------------------------------------------------
---------------------------------------------------------------------------------
Finished Rebuilding User Hierarchy : Time (s): cpu = 00:01:45 ; elapsed = 00:01:48 . Memory (MB): peak = 3144.961 ; gain = 1472.531 ; free physical = 10408 ; free virtual = 29758
---------------------------------------------------------------------------------
---------------------------------------------------------------------------------
Start Renaming Generated Ports
---------------------------------------------------------------------------------
---------------------------------------------------------------------------------
Finished Renaming Generated Ports : Time (s): cpu = 00:01:45 ; elapsed = 00:01:48 . Memory (MB): peak = 3144.961 ; gain = 1472.531 ; free physical = 10408 ; free virtual = 29758
---------------------------------------------------------------------------------
---------------------------------------------------------------------------------
Start Handling Custom Attributes
---------------------------------------------------------------------------------
---------------------------------------------------------------------------------
Finished Handling Custom Attributes : Time (s): cpu = 00:01:45 ; elapsed = 00:01:48 . Memory (MB): peak = 3144.961 ; gain = 1472.531 ; free physical = 10408 ; free virtual = 29758
---------------------------------------------------------------------------------
---------------------------------------------------------------------------------
Start Renaming Generated Nets
---------------------------------------------------------------------------------
---------------------------------------------------------------------------------
Finished Renaming Generated Nets : Time (s): cpu = 00:01:45 ; elapsed = 00:01:48 . Memory (MB): peak = 3144.961 ; gain = 1472.531 ; free physical = 10408 ; free virtual = 29758
---------------------------------------------------------------------------------
---------------------------------------------------------------------------------
Start Writing Synthesis Report
---------------------------------------------------------------------------------

DSP Final Report (the ' indicates corresponding REG is set)
+----------------+---------------------+--------+--------+--------+--------+--------+------+------+------+------+-------+------+------+
|Module Name     | DSP Mapping         | A Size | B Size | C Size | D Size | P Size | AREG | BREG | CREG | DREG | ADREG | MREG | PREG | 
+----------------+---------------------+--------+--------+--------+--------+--------+------+------+------+------+-------+------+------+
|top_level__GCB9 | A'*B                | 17     | 16     | -      | -      | 48     | 1    | 0    | -    | -    | -     | 0    | 0    | 
|top_level__GCB9 | (PCIN>>17+A*B')'    | 16     | 18     | -      | -      | 48     | 0    | 1    | -    | -    | -     | 0    | 1    | 
|top_level__GCB9 | A*B                 | 17     | 16     | -      | -      | 48     | 0    | 0    | -    | -    | -     | 0    | 0    | 
|top_level__GCB9 | (PCIN>>17+A*B)'     | 16     | 18     | -      | -      | 48     | 0    | 0    | -    | -    | -     | 0    | 1    | 
|top_level       | C+A'*B              | 7      | 10     | 16     | -      | 18     | 1    | 0    | 0    | -    | -     | 0    | 0    | 
|top_level       | C+A'*B              | 10     | 6      | 17     | -      | 17     | 1    | 0    | 0    | -    | -     | 0    | 0    | 
|top_level       | C+A*B               | 10     | 6      | 17     | -      | 17     | 0    | 0    | 0    | -    | -     | 0    | 0    | 
|top_level__GCB9 | A'*B                | 30     | 10     | -      | -      | 28     | 1    | 0    | -    | -    | -     | 0    | 0    | 
|top_level__GCB9 | C+A'*B              | 30     | 10     | 48     | -      | 42     | 1    | 0    | 0    | -    | -     | 0    | 0    | 
|top_level__GCB9 | C+A'*B              | 30     | 10     | 16     | -      | 42     | 1    | 0    | 0    | -    | -     | 0    | 0    | 
|top_level__GCB9 | A'*B'               | 17     | 18     | -      | -      | 48     | 1    | 1    | -    | -    | -     | 0    | 0    | 
|top_level__GCB9 | (PCIN>>17+A'*B')'   | 30     | 18     | -      | -      | 48     | 1    | 1    | -    | -    | -     | 0    | 1    | 
|top_level__GCB9 | A'*B'               | 17     | 17     | -      | -      | 48     | 1    | 1    | -    | -    | -     | 0    | 0    | 
|top_level__GCB9 | (PCIN>>17+A*B')'    | 0      | 18     | -      | -      | 48     | 0    | 1    | -    | -    | -     | 0    | 1    | 
|top_level       | A'*B                | 30     | 0      | -      | -      | 48     | 1    | 0    | -    | -    | -     | 0    | 0    | 
|top_level       | (PCIN>>17+A'*B)'    | 30     | 9      | -      | -      | 48     | 1    | 0    | -    | -    | -     | 0    | 1    | 
|top_level       | A'*B                | 17     | 0      | -      | -      | 48     | 1    | 0    | -    | -    | -     | 0    | 0    | 
|top_level       | (PCIN>>17+A'*B)'    | 17     | 9      | -      | -      | 48     | 1    | 0    | -    | -    | -     | 0    | 1    | 
|top_level       | A'*B''              | 17     | 18     | -      | -      | 48     | 1    | 2    | -    | -    | -     | 0    | 0    | 
|top_level       | (PCIN>>17+A''*B')'  | 30     | 18     | -      | -      | 48     | 2    | 1    | -    | -    | -     | 0    | 1    | 
|top_level       | A''*B'              | 17     | 17     | -      | -      | 48     | 2    | 1    | -    | -    | -     | 0    | 0    | 
|top_level       | (PCIN>>17+A''*B')'  | 17     | 18     | -      | -      | 48     | 2    | 1    | -    | -    | -     | 0    | 1    | 
|top_level       | A'*B'               | 17     | 16     | -      | -      | 48     | 1    | 1    | -    | -    | -     | 0    | 0    | 
|top_level       | PCIN>>17+A'*B'      | 16     | 15     | -      | -      | 48     | 1    | 1    | -    | -    | -     | 0    | 0    | 
|top_level       | A'*B'               | 17     | 16     | -      | -      | 48     | 1    | 1    | -    | -    | -     | 0    | 0    | 
|top_level       | PCIN>>17+A'*B'      | 16     | 15     | -      | -      | 48     | 1    | 1    | -    | -    | -     | 0    | 0    | 
|top_level       | A'*B                | 17     | 13     | -      | -      | 48     | 1    | 0    | -    | -    | -     | 0    | 0    | 
|top_level       | (PCIN>>17+A'*B)'    | 30     | 0      | -      | -      | 48     | 1    | 0    | -    | -    | -     | 0    | 1    | 
|top_level       | A''*B'              | 17     | 18     | -      | -      | 48     | 2    | 1    | -    | -    | -     | 0    | 0    | 
|top_level       | (PCIN>>17+A'*B'')'  | 30     | 18     | -      | -      | 48     | 1    | 2    | -    | -    | -     | 0    | 1    | 
|top_level       | A'*B''              | 17     | 17     | -      | -      | 48     | 1    | 2    | -    | -    | -     | 0    | 0    | 
|top_level       | (PCIN>>17+A*B'')'   | 0      | 18     | -      | -      | 48     | 0    | 2    | -    | -    | -     | 0    | 1    | 
|top_level       | A'*B                | 17     | 13     | -      | -      | 48     | 1    | 0    | -    | -    | -     | 0    | 0    | 
|top_level       | (PCIN>>17+A'*B)'    | 30     | 0      | -      | -      | 48     | 1    | 0    | -    | -    | -     | 0    | 1    | 
|top_level__GCB0 | A*B'                | 21     | 17     | -      | -      | 48     | 0    | 1    | -    | -    | -     | 0    | 0    | 
|top_level__GCB0 | PCIN>>17+A*B'       | 0      | 15     | -      | -      | 48     | 0    | 1    | -    | -    | -     | 0    | 0    | 
|top_level       | A'*B                | 23     | 17     | -      | -      | 48     | 1    | 0    | -    | -    | -     | 0    | 0    | 
|top_level       | A*B'                | 21     | 17     | -      | -      | 48     | 0    | 1    | -    | -    | -     | 0    | 0    | 
|top_level       | (PCIN>>17+A*B')'    | 0      | 15     | -      | -      | 48     | 0    | 1    | -    | -    | -     | 0    | 1    | 
|top_level__GCB3 | A*B                 | 14     | 8      | -      | -      | 48     | 0    | 0    | -    | -    | -     | 0    | 0    | 
|top_level__GCB3 | (PCIN>>17+A*B)'     | 0      | 0      | -      | -      | 48     | 0    | 0    | -    | -    | -     | 0    | 1    | 
|top_level       | A*B                 | 18     | 0      | -      | -      | 48     | 0    | 0    | -    | -    | -     | 0    | 0    | 
|top_level       | PCIN>>17+A*B'       | 0      | 9      | -      | -      | 28     | 0    | 1    | -    | -    | -     | 0    | 0    | 
|top_level__GCB4 | A'*B                | 17     | 18     | -      | -      | 48     | 1    | 0    | -    | -    | -     | 0    | 0    | 
|top_level__GCB4 | (PCIN>>17+A*B')'    | 30     | 18     | -      | -      | 48     | 0    | 1    | -    | -    | -     | 0    | 1    | 
|top_level__GCB4 | A*B'                | 17     | 17     | -      | -      | 48     | 0    | 1    | -    | -    | -     | 0    | 0    | 
|top_level__GCB4 | (PCIN>>17+A*B')'    | 0      | 18     | -      | -      | 48     | 0    | 1    | -    | -    | -     | 0    | 1    | 
|top_level__GCB4 | A*B                 | 17     | 16     | -      | -      | 48     | 0    | 0    | -    | -    | -     | 0    | 0    | 
|top_level__GCB4 | (PCIN>>17+A*B)'     | 16     | 18     | -      | -      | 48     | 0    | 0    | -    | -    | -     | 0    | 1    | 
|top_level__GCB8 | A'*B                | 17     | 3      | -      | -      | 48     | 1    | 0    | -    | -    | -     | 0    | 0    | 
|top_level__GCB8 | (PCIN>>17+A'*B)'    | 30     | 0      | -      | -      | 48     | 1    | 0    | -    | -    | -     | 0    | 1    | 
|top_level__GCB8 | A''*B''             | 17     | 18     | -      | -      | 48     | 2    | 2    | -    | -    | -     | 0    | 0    | 
|top_level__GCB8 | (PCIN>>17+A''*B'')' | 30     | 18     | -      | -      | 48     | 2    | 2    | -    | -    | -     | 0    | 1    | 
|top_level__GCB8 | A''*B''             | 17     | 17     | -      | -      | 48     | 2    | 2    | -    | -    | -     | 0    | 0    | 
|top_level__GCB8 | (PCIN>>17+A''*B'')' | 17     | 18     | -      | -      | 48     | 2    | 2    | -    | -    | -     | 0    | 1    | 
|top_level__GCB8 | A*B                 | 17     | 10     | -      | -      | 48     | 0    | 0    | -    | -    | -     | 0    | 0    | 
|top_level__GCB8 | (PCIN>>17+A*B)'     | 30     | 0      | -      | -      | 48     | 0    | 0    | -    | -    | -     | 0    | 1    | 
|top_level__GCB8 | A''*B''             | 17     | 18     | -      | -      | 48     | 2    | 2    | -    | -    | -     | 0    | 0    | 
|top_level__GCB8 | (PCIN>>17+A''*B'')' | 30     | 18     | -      | -      | 48     | 2    | 2    | -    | -    | -     | 0    | 1    | 
|top_level__GCB8 | A''*B''             | 17     | 17     | -      | -      | 48     | 2    | 2    | -    | -    | -     | 0    | 0    | 
|top_level__GCB8 | (PCIN>>17+A''*B'')' | 17     | 18     | -      | -      | 48     | 2    | 2    | -    | -    | -     | 0    | 1    | 
+----------------+---------------------+--------+--------+--------+--------+--------+------+------+------+------+-------+------+------+


Report BlackBoxes: 
+-+--------------+----------+
| |BlackBox name |Instances |
+-+--------------+----------+
+-+--------------+----------+

Report Cell Usage: 
+------+-----------+------+
|      |Cell       |Count |
+------+-----------+------+
|1     |BUFG       |     7|
|2     |CARRY4     |  1515|
|3     |DSP48E1    |    61|
|24    |IDELAYCTRL |     1|
|25    |IDELAYE2   |    18|
|27    |ISERDESE2  |    18|
|28    |LUT1       |  1301|
|29    |LUT2       |  3133|
|30    |LUT3       |  3298|
|31    |LUT4       |  3623|
|32    |LUT5       |  2291|
|33    |LUT6       |  7548|
|34    |MMCME2_ADV |     1|
|35    |MUXF7      |   697|
|36    |MUXF8      |   216|
|37    |OSERDESE2  |    44|
|40    |RAM128X1D  |     6|
|41    |RAM16X1D   |     1|
|42    |RAM16X1S   |   122|
|43    |RAM32M     |    10|
|44    |RAM32X1D   |     4|
|45    |RAM32X1S   |    61|
|46    |RAM64M     |    65|
|47    |RAM64X1D   |     3|
|48    |RAMB18E1   |    17|
|53    |RAMB36E1   |    26|
|75    |FDRE       | 17259|
|76    |FDSE       |   131|
|77    |IBUF       |     5|
|78    |IOBUF      |    16|
|79    |IOBUFDS    |     2|
|80    |OBUF       |    56|
|81    |OBUFDS     |     1|
+------+-----------+------+
---------------------------------------------------------------------------------
Finished Writing Synthesis Report : Time (s): cpu = 00:01:46 ; elapsed = 00:01:48 . Memory (MB): peak = 3144.961 ; gain = 1472.531 ; free physical = 10408 ; free virtual = 29758
---------------------------------------------------------------------------------
Synthesis finished with 0 errors, 0 critical warnings and 570 warnings.
Synthesis Optimization Runtime : Time (s): cpu = 00:01:43 ; elapsed = 00:01:47 . Memory (MB): peak = 3144.961 ; gain = 1333.777 ; free physical = 16803 ; free virtual = 36153
Synthesis Optimization Complete : Time (s): cpu = 00:01:47 ; elapsed = 00:01:51 . Memory (MB): peak = 3144.961 ; gain = 1472.531 ; free physical = 16803 ; free virtual = 36142
INFO: [Project 1-571] Translating synthesized netlist
Netlist sorting complete. Time (s): cpu = 00:00:00.15 ; elapsed = 00:00:00.15 . Memory (MB): peak = 3144.961 ; gain = 0.000 ; free physical = 16804 ; free virtual = 36142
INFO: [Netlist 29-17] Analyzing 2860 Unisim elements for replacement
INFO: [Netlist 29-28] Unisim Transformation completed in 0 CPU seconds
INFO: [Project 1-570] Preparing netlist for logic optimization
Parsing XDC File [/home/fpga/worker_place/temp/temp/ec75427a9d204090903221376b5e0000/xdc/top_level.xdc]
INFO: [Timing 38-35] Done setting XDC timing constraints. [/home/fpga/worker_place/temp/temp/ec75427a9d204090903221376b5e0000/xdc/top_level.xdc:9]
INFO: [Timing 38-2] Deriving generated clocks [/home/fpga/worker_place/temp/temp/ec75427a9d204090903221376b5e0000/xdc/top_level.xdc:9]
CRITICAL WARNING: [Vivado 12-4739] set_false_path:No valid object(s) found for '-from [get_pins -hier -quiet *u_ddr3_top/ddr3_phy_inst/sync_rst_reg/Q]'. [/home/fpga/worker_place/temp/temp/ec75427a9d204090903221376b5e0000/xdc/top_level.xdc:18]
Resolution: Check if the specified object(s) exists in the current design. If it does, ensure that the correct design hierarchy was specified for the object. If you are working with clocks, make sure create_clock was used to create the clock object before it is referenced.
WARNING: [Vivado 12-584] No ports matched 'ss0_an[0]'. [/home/fpga/worker_place/temp/temp/ec75427a9d204090903221376b5e0000/xdc/top_level.xdc:80]
CRITICAL WARNING: [Common 17-55] 'set_property' expects at least one object. [/home/fpga/worker_place/temp/temp/ec75427a9d204090903221376b5e0000/xdc/top_level.xdc:80]
Resolution: If [get_<value>] was used to populate the object, check to make sure this command returns at least one valid object.
WARNING: [Vivado 12-584] No ports matched 'ss0_an[1]'. [/home/fpga/worker_place/temp/temp/ec75427a9d204090903221376b5e0000/xdc/top_level.xdc:81]
CRITICAL WARNING: [Common 17-55] 'set_property' expects at least one object. [/home/fpga/worker_place/temp/temp/ec75427a9d204090903221376b5e0000/xdc/top_level.xdc:81]
Resolution: If [get_<value>] was used to populate the object, check to make sure this command returns at least one valid object.
WARNING: [Vivado 12-584] No ports matched 'ss0_an[2]'. [/home/fpga/worker_place/temp/temp/ec75427a9d204090903221376b5e0000/xdc/top_level.xdc:82]
CRITICAL WARNING: [Common 17-55] 'set_property' expects at least one object. [/home/fpga/worker_place/temp/temp/ec75427a9d204090903221376b5e0000/xdc/top_level.xdc:82]
Resolution: If [get_<value>] was used to populate the object, check to make sure this command returns at least one valid object.
WARNING: [Vivado 12-584] No ports matched 'ss0_an[3]'. [/home/fpga/worker_place/temp/temp/ec75427a9d204090903221376b5e0000/xdc/top_level.xdc:83]
CRITICAL WARNING: [Common 17-55] 'set_property' expects at least one object. [/home/fpga/worker_place/temp/temp/ec75427a9d204090903221376b5e0000/xdc/top_level.xdc:83]
Resolution: If [get_<value>] was used to populate the object, check to make sure this command returns at least one valid object.
WARNING: [Vivado 12-584] No ports matched 'ss1_an[0]'. [/home/fpga/worker_place/temp/temp/ec75427a9d204090903221376b5e0000/xdc/top_level.xdc:85]
CRITICAL WARNING: [Common 17-55] 'set_property' expects at least one object. [/home/fpga/worker_place/temp/temp/ec75427a9d204090903221376b5e0000/xdc/top_level.xdc:85]
Resolution: If [get_<value>] was used to populate the object, check to make sure this command returns at least one valid object.
WARNING: [Vivado 12-584] No ports matched 'ss1_an[1]'. [/home/fpga/worker_place/temp/temp/ec75427a9d204090903221376b5e0000/xdc/top_level.xdc:86]
CRITICAL WARNING: [Common 17-55] 'set_property' expects at least one object. [/home/fpga/worker_place/temp/temp/ec75427a9d204090903221376b5e0000/xdc/top_level.xdc:86]
Resolution: If [get_<value>] was used to populate the object, check to make sure this command returns at least one valid object.
WARNING: [Vivado 12-584] No ports matched 'ss1_an[2]'. [/home/fpga/worker_place/temp/temp/ec75427a9d204090903221376b5e0000/xdc/top_level.xdc:87]
CRITICAL WARNING: [Common 17-55] 'set_property' expects at least one object. [/home/fpga/worker_place/temp/temp/ec75427a9d204090903221376b5e0000/xdc/top_level.xdc:87]
Resolution: If [get_<value>] was used to populate the object, check to make sure this command returns at least one valid object.
WARNING: [Vivado 12-584] No ports matched 'ss1_an[3]'. [/home/fpga/worker_place/temp/temp/ec75427a9d204090903221376b5e0000/xdc/top_level.xdc:88]
CRITICAL WARNING: [Common 17-55] 'set_property' expects at least one object. [/home/fpga/worker_place/temp/temp/ec75427a9d204090903221376b5e0000/xdc/top_level.xdc:88]
Resolution: If [get_<value>] was used to populate the object, check to make sure this command returns at least one valid object.
WARNING: [Vivado 12-584] No ports matched 'ss0_c[0]'. [/home/fpga/worker_place/temp/temp/ec75427a9d204090903221376b5e0000/xdc/top_level.xdc:91]
CRITICAL WARNING: [Common 17-55] 'set_property' expects at least one object. [/home/fpga/worker_place/temp/temp/ec75427a9d204090903221376b5e0000/xdc/top_level.xdc:91]
Resolution: If [get_<value>] was used to populate the object, check to make sure this command returns at least one valid object.
WARNING: [Vivado 12-584] No ports matched 'ss0_c[1]'. [/home/fpga/worker_place/temp/temp/ec75427a9d204090903221376b5e0000/xdc/top_level.xdc:92]
CRITICAL WARNING: [Common 17-55] 'set_property' expects at least one object. [/home/fpga/worker_place/temp/temp/ec75427a9d204090903221376b5e0000/xdc/top_level.xdc:92]
Resolution: If [get_<value>] was used to populate the object, check to make sure this command returns at least one valid object.
WARNING: [Vivado 12-584] No ports matched 'ss0_c[2]'. [/home/fpga/worker_place/temp/temp/ec75427a9d204090903221376b5e0000/xdc/top_level.xdc:93]
CRITICAL WARNING: [Common 17-55] 'set_property' expects at least one object. [/home/fpga/worker_place/temp/temp/ec75427a9d204090903221376b5e0000/xdc/top_level.xdc:93]
Resolution: If [get_<value>] was used to populate the object, check to make sure this command returns at least one valid object.
WARNING: [Vivado 12-584] No ports matched 'ss0_c[3]'. [/home/fpga/worker_place/temp/temp/ec75427a9d204090903221376b5e0000/xdc/top_level.xdc:94]
CRITICAL WARNING: [Common 17-55] 'set_property' expects at least one object. [/home/fpga/worker_place/temp/temp/ec75427a9d204090903221376b5e0000/xdc/top_level.xdc:94]
Resolution: If [get_<value>] was used to populate the object, check to make sure this command returns at least one valid object.
WARNING: [Vivado 12-584] No ports matched 'ss0_c[4]'. [/home/fpga/worker_place/temp/temp/ec75427a9d204090903221376b5e0000/xdc/top_level.xdc:95]
CRITICAL WARNING: [Common 17-55] 'set_property' expects at least one object. [/home/fpga/worker_place/temp/temp/ec75427a9d204090903221376b5e0000/xdc/top_level.xdc:95]
Resolution: If [get_<value>] was used to populate the object, check to make sure this command returns at least one valid object.
WARNING: [Vivado 12-584] No ports matched 'ss0_c[5]'. [/home/fpga/worker_place/temp/temp/ec75427a9d204090903221376b5e0000/xdc/top_level.xdc:96]
CRITICAL WARNING: [Common 17-55] 'set_property' expects at least one object. [/home/fpga/worker_place/temp/temp/ec75427a9d204090903221376b5e0000/xdc/top_level.xdc:96]
Resolution: If [get_<value>] was used to populate the object, check to make sure this command returns at least one valid object.
WARNING: [Vivado 12-584] No ports matched 'ss0_c[6]'. [/home/fpga/worker_place/temp/temp/ec75427a9d204090903221376b5e0000/xdc/top_level.xdc:97]
CRITICAL WARNING: [Common 17-55] 'set_property' expects at least one object. [/home/fpga/worker_place/temp/temp/ec75427a9d204090903221376b5e0000/xdc/top_level.xdc:97]
Resolution: If [get_<value>] was used to populate the object, check to make sure this command returns at least one valid object.
WARNING: [Vivado 12-584] No ports matched 'ss1_c[0]'. [/home/fpga/worker_place/temp/temp/ec75427a9d204090903221376b5e0000/xdc/top_level.xdc:100]
CRITICAL WARNING: [Common 17-55] 'set_property' expects at least one object. [/home/fpga/worker_place/temp/temp/ec75427a9d204090903221376b5e0000/xdc/top_level.xdc:100]
Resolution: If [get_<value>] was used to populate the object, check to make sure this command returns at least one valid object.
WARNING: [Vivado 12-584] No ports matched 'ss1_c[1]'. [/home/fpga/worker_place/temp/temp/ec75427a9d204090903221376b5e0000/xdc/top_level.xdc:101]
CRITICAL WARNING: [Common 17-55] 'set_property' expects at least one object. [/home/fpga/worker_place/temp/temp/ec75427a9d204090903221376b5e0000/xdc/top_level.xdc:101]
Resolution: If [get_<value>] was used to populate the object, check to make sure this command returns at least one valid object.
WARNING: [Vivado 12-584] No ports matched 'ss1_c[2]'. [/home/fpga/worker_place/temp/temp/ec75427a9d204090903221376b5e0000/xdc/top_level.xdc:102]
CRITICAL WARNING: [Common 17-55] 'set_property' expects at least one object. [/home/fpga/worker_place/temp/temp/ec75427a9d204090903221376b5e0000/xdc/top_level.xdc:102]
Resolution: If [get_<value>] was used to populate the object, check to make sure this command returns at least one valid object.
WARNING: [Vivado 12-584] No ports matched 'ss1_c[3]'. [/home/fpga/worker_place/temp/temp/ec75427a9d204090903221376b5e0000/xdc/top_level.xdc:103]
CRITICAL WARNING: [Common 17-55] 'set_property' expects at least one object. [/home/fpga/worker_place/temp/temp/ec75427a9d204090903221376b5e0000/xdc/top_level.xdc:103]
Resolution: If [get_<value>] was used to populate the object, check to make sure this command returns at least one valid object.
WARNING: [Vivado 12-584] No ports matched 'ss1_c[4]'. [/home/fpga/worker_place/temp/temp/ec75427a9d204090903221376b5e0000/xdc/top_level.xdc:104]
CRITICAL WARNING: [Common 17-55] 'set_property' expects at least one object. [/home/fpga/worker_place/temp/temp/ec75427a9d204090903221376b5e0000/xdc/top_level.xdc:104]
Resolution: If [get_<value>] was used to populate the object, check to make sure this command returns at least one valid object.
WARNING: [Vivado 12-584] No ports matched 'ss1_c[5]'. [/home/fpga/worker_place/temp/temp/ec75427a9d204090903221376b5e0000/xdc/top_level.xdc:105]
CRITICAL WARNING: [Common 17-55] 'set_property' expects at least one object. [/home/fpga/worker_place/temp/temp/ec75427a9d204090903221376b5e0000/xdc/top_level.xdc:105]
Resolution: If [get_<value>] was used to populate the object, check to make sure this command returns at least one valid object.
WARNING: [Vivado 12-584] No ports matched 'ss1_c[6]'. [/home/fpga/worker_place/temp/temp/ec75427a9d204090903221376b5e0000/xdc/top_level.xdc:106]
CRITICAL WARNING: [Common 17-55] 'set_property' expects at least one object. [/home/fpga/worker_place/temp/temp/ec75427a9d204090903221376b5e0000/xdc/top_level.xdc:106]
Resolution: If [get_<value>] was used to populate the object, check to make sure this command returns at least one valid object.
Finished Parsing XDC File [/home/fpga/worker_place/temp/temp/ec75427a9d204090903221376b5e0000/xdc/top_level.xdc]
INFO: [Opt 31-47] Cell absorbed into downstream logic: LUT1 cell OBUFDS_inst_i_1 driving pin u_ddr3_top/ddr3_phy_inst/genblk7[0].OSERDESE2_dqs/CLK of u_ddr3_top/ddr3_phy_inst/genblk7[0].OSERDESE2_dqs.
INFO: [Opt 31-47] Cell absorbed into downstream logic: LUT1 cell OBUFDS_inst_i_1 driving pin u_ddr3_top/ddr3_phy_inst/genblk7[1].OSERDESE2_dqs/CLK of u_ddr3_top/ddr3_phy_inst/genblk7[1].OSERDESE2_dqs.
INFO: [Opt 31-47] Cell absorbed into downstream logic: LUT1 cell OBUFDS_inst_i_1 driving pin u_ddr3_top/ddr3_phy_inst/genblk5[0].ISERDESE2_data/CLKB of u_ddr3_top/ddr3_phy_inst/genblk5[0].ISERDESE2_data.
INFO: [Opt 31-47] Cell absorbed into downstream logic: LUT1 cell OBUFDS_inst_i_1 driving pin u_ddr3_top/ddr3_phy_inst/genblk5[10].ISERDESE2_data/CLKB of u_ddr3_top/ddr3_phy_inst/genblk5[10].ISERDESE2_data.
INFO: [Opt 31-47] Cell absorbed into downstream logic: LUT1 cell OBUFDS_inst_i_1 driving pin u_ddr3_top/ddr3_phy_inst/genblk5[11].ISERDESE2_data/CLKB of u_ddr3_top/ddr3_phy_inst/genblk5[11].ISERDESE2_data.
INFO: [Opt 31-47] Cell absorbed into downstream logic: LUT1 cell OBUFDS_inst_i_1 driving pin u_ddr3_top/ddr3_phy_inst/genblk5[12].ISERDESE2_data/CLKB of u_ddr3_top/ddr3_phy_inst/genblk5[12].ISERDESE2_data.
INFO: [Opt 31-47] Cell absorbed into downstream logic: LUT1 cell OBUFDS_inst_i_1 driving pin u_ddr3_top/ddr3_phy_inst/genblk5[13].ISERDESE2_data/CLKB of u_ddr3_top/ddr3_phy_inst/genblk5[13].ISERDESE2_data.
INFO: [Opt 31-47] Cell absorbed into downstream logic: LUT1 cell OBUFDS_inst_i_1 driving pin u_ddr3_top/ddr3_phy_inst/genblk5[14].ISERDESE2_data/CLKB of u_ddr3_top/ddr3_phy_inst/genblk5[14].ISERDESE2_data.
INFO: [Opt 31-47] Cell absorbed into downstream logic: LUT1 cell OBUFDS_inst_i_1 driving pin u_ddr3_top/ddr3_phy_inst/genblk5[15].ISERDESE2_data/CLKB of u_ddr3_top/ddr3_phy_inst/genblk5[15].ISERDESE2_data.
INFO: [Opt 31-47] Cell absorbed into downstream logic: LUT1 cell OBUFDS_inst_i_1 driving pin u_ddr3_top/ddr3_phy_inst/genblk5[1].ISERDESE2_data/CLKB of u_ddr3_top/ddr3_phy_inst/genblk5[1].ISERDESE2_data.
INFO: [Opt 31-47] Cell absorbed into downstream logic: LUT1 cell OBUFDS_inst_i_1 driving pin u_ddr3_top/ddr3_phy_inst/genblk5[2].ISERDESE2_data/CLKB of u_ddr3_top/ddr3_phy_inst/genblk5[2].ISERDESE2_data.
INFO: [Opt 31-47] Cell absorbed into downstream logic: LUT1 cell OBUFDS_inst_i_1 driving pin u_ddr3_top/ddr3_phy_inst/genblk5[3].ISERDESE2_data/CLKB of u_ddr3_top/ddr3_phy_inst/genblk5[3].ISERDESE2_data.
INFO: [Opt 31-47] Cell absorbed into downstream logic: LUT1 cell OBUFDS_inst_i_1 driving pin u_ddr3_top/ddr3_phy_inst/genblk5[4].ISERDESE2_data/CLKB of u_ddr3_top/ddr3_phy_inst/genblk5[4].ISERDESE2_data.
INFO: [Opt 31-47] Cell absorbed into downstream logic: LUT1 cell OBUFDS_inst_i_1 driving pin u_ddr3_top/ddr3_phy_inst/genblk5[5].ISERDESE2_data/CLKB of u_ddr3_top/ddr3_phy_inst/genblk5[5].ISERDESE2_data.
INFO: [Opt 31-47] Cell absorbed into downstream logic: LUT1 cell OBUFDS_inst_i_1 driving pin u_ddr3_top/ddr3_phy_inst/genblk5[6].ISERDESE2_data/CLKB of u_ddr3_top/ddr3_phy_inst/genblk5[6].ISERDESE2_data.
INFO: [Opt 31-47] Cell absorbed into downstream logic: LUT1 cell OBUFDS_inst_i_1 driving pin u_ddr3_top/ddr3_phy_inst/genblk5[7].ISERDESE2_data/CLKB of u_ddr3_top/ddr3_phy_inst/genblk5[7].ISERDESE2_data.
INFO: [Opt 31-47] Cell absorbed into downstream logic: LUT1 cell OBUFDS_inst_i_1 driving pin u_ddr3_top/ddr3_phy_inst/genblk5[8].ISERDESE2_data/CLKB of u_ddr3_top/ddr3_phy_inst/genblk5[8].ISERDESE2_data.
INFO: [Opt 31-47] Cell absorbed into downstream logic: LUT1 cell OBUFDS_inst_i_1 driving pin u_ddr3_top/ddr3_phy_inst/genblk5[9].ISERDESE2_data/CLKB of u_ddr3_top/ddr3_phy_inst/genblk5[9].ISERDESE2_data.
INFO: [Opt 31-47] Cell absorbed into downstream logic: LUT1 cell OBUFDS_inst_i_1 driving pin u_ddr3_top/ddr3_phy_inst/genblk7[0].ISERDESE2_dqs/CLKB of u_ddr3_top/ddr3_phy_inst/genblk7[0].ISERDESE2_dqs.
INFO: [Opt 31-47] Cell absorbed into downstream logic: LUT1 cell OBUFDS_inst_i_1 driving pin u_ddr3_top/ddr3_phy_inst/genblk7[1].ISERDESE2_dqs/CLKB of u_ddr3_top/ddr3_phy_inst/genblk7[1].ISERDESE2_dqs.
INFO: [Opt 31-47] Cell absorbed into downstream logic: LUT1 cell u_ddr3_top/ddr3_controller_inst/o_phy_cmd[92]_INST_0 driving pin u_ddr3_top/ddr3_phy_inst/genblk1[20].OSERDESE2_cmd/D4 of u_ddr3_top/ddr3_phy_inst/genblk1[20].OSERDESE2_cmd.
INFO: [Opt 31-138] Pushed 2 inverter(s) to 21 load pin(s).
INFO: [Opt 31-229] Successfully replaced instance u_ddr3_top/ddr3_phy_inst/genblk1[20].OSERDESE2_cmd at LOC OLOGIC_X1Y23,OSERDESE2.OSERDESE2
INFO: [Opt 31-229] Successfully replaced instance u_ddr3_top/ddr3_phy_inst/genblk5[0].ISERDESE2_data at LOC ILOGIC_X1Y45,ISERDESE2.ISERDESE2
INFO: [Opt 31-229] Successfully replaced instance u_ddr3_top/ddr3_phy_inst/genblk5[1].ISERDESE2_data at LOC ILOGIC_X1Y39,ISERDESE2.ISERDESE2
INFO: [Opt 31-229] Successfully replaced instance u_ddr3_top/ddr3_phy_inst/genblk5[2].ISERDESE2_data at LOC ILOGIC_X1Y46,ISERDESE2.ISERDESE2
INFO: [Opt 31-229] Successfully replaced instance u_ddr3_top/ddr3_phy_inst/genblk5[3].ISERDESE2_data at LOC ILOGIC_X1Y40,ISERDESE2.ISERDESE2
INFO: [Opt 31-229] Successfully replaced instance u_ddr3_top/ddr3_phy_inst/genblk5[4].ISERDESE2_data at LOC ILOGIC_X1Y41,ISERDESE2.ISERDESE2
INFO: [Opt 31-229] Successfully replaced instance u_ddr3_top/ddr3_phy_inst/genblk5[5].ISERDESE2_data at LOC ILOGIC_X1Y38,ISERDESE2.ISERDESE2
INFO: [Opt 31-229] Successfully replaced instance u_ddr3_top/ddr3_phy_inst/genblk5[6].ISERDESE2_data at LOC ILOGIC_X1Y47,ISERDESE2.ISERDESE2
INFO: [Opt 31-229] Successfully replaced instance u_ddr3_top/ddr3_phy_inst/genblk5[7].ISERDESE2_data at LOC ILOGIC_X1Y42,ISERDESE2.ISERDESE2
INFO: [Opt 31-229] Successfully replaced instance u_ddr3_top/ddr3_phy_inst/genblk5[8].ISERDESE2_data at LOC ILOGIC_X1Y30,ISERDESE2.ISERDESE2
INFO: [Opt 31-229] Successfully replaced instance u_ddr3_top/ddr3_phy_inst/genblk5[9].ISERDESE2_data at LOC ILOGIC_X1Y34,ISERDESE2.ISERDESE2
INFO: [Opt 31-229] Successfully replaced instance u_ddr3_top/ddr3_phy_inst/genblk5[10].ISERDESE2_data at LOC ILOGIC_X1Y27,ISERDESE2.ISERDESE2
INFO: [Opt 31-229] Successfully replaced instance u_ddr3_top/ddr3_phy_inst/genblk5[11].ISERDESE2_data at LOC ILOGIC_X1Y33,ISERDESE2.ISERDESE2
INFO: [Opt 31-229] Successfully replaced instance u_ddr3_top/ddr3_phy_inst/genblk7[0].OSERDESE2_dqs at LOC OLOGIC_X1Y44,OSERDESE2.OSERDESE2
INFO: [Opt 31-229] Successfully replaced instance u_ddr3_top/ddr3_phy_inst/genblk5[12].ISERDESE2_data at LOC ILOGIC_X1Y26,ISERDESE2.ISERDESE2
INFO: [Opt 31-229] Successfully replaced instance u_ddr3_top/ddr3_phy_inst/genblk5[13].ISERDESE2_data at LOC ILOGIC_X1Y29,ISERDESE2.ISERDESE2
INFO: [Opt 31-229] Successfully replaced instance u_ddr3_top/ddr3_phy_inst/genblk5[14].ISERDESE2_data at LOC ILOGIC_X1Y28,ISERDESE2.ISERDESE2
INFO: [Opt 31-229] Successfully replaced instance u_ddr3_top/ddr3_phy_inst/genblk7[0].ISERDESE2_dqs at LOC ILOGIC_X1Y44,ISERDESE2.ISERDESE2
INFO: [Opt 31-229] Successfully replaced instance u_ddr3_top/ddr3_phy_inst/genblk5[15].ISERDESE2_data at LOC ILOGIC_X1Y35,ISERDESE2.ISERDESE2
INFO: [Opt 31-229] Successfully replaced instance u_ddr3_top/ddr3_phy_inst/genblk7[1].OSERDESE2_dqs at LOC OLOGIC_X1Y32,OSERDESE2.OSERDESE2
INFO: [Opt 31-229] Successfully replaced instance u_ddr3_top/ddr3_phy_inst/genblk7[1].ISERDESE2_dqs at LOC ILOGIC_X1Y32,ISERDESE2.ISERDESE2
Netlist sorting complete. Time (s): cpu = 00:00:00.01 ; elapsed = 00:00:00.01 . Memory (MB): peak = 3411.945 ; gain = 0.000 ; free physical = 16675 ; free virtual = 36013
INFO: [Project 1-111] Unisim Transformation Summary:
  A total of 291 instances were transformed.
  IOBUF => IOBUF (IBUF, OBUFT): 16 instances
  IOBUFDS => IOBUFDS (IBUFDS, INV, OBUFTDS(x2)): 2 instances
  OBUFDS => OBUFDS_DUAL_BUF (INV, OBUFDS(x2)): 1 instance 
  RAM128X1D => RAM128X1D (MUXF7(x2), RAMD64E(x4)): 6 instances
  RAM16X1D => RAM32X1D (RAMD32(x2)): 1 instance 
  RAM16X1S => RAM32X1S (RAMS32): 122 instances
  RAM32M => RAM32M (RAMD32(x6), RAMS32(x2)): 10 instances
  RAM32X1D => RAM32X1D (RAMD32(x2)): 4 instances
  RAM32X1S => RAM32X1S (RAMS32): 61 instances
  RAM64M => RAM64M (RAMD64E(x4)): 65 instances
  RAM64X1D => RAM64X1D (RAMD64E(x2)): 3 instances

Synth Design complete | Checksum: 776da317
INFO: [Common 17-83] Releasing license: Synthesis
986 Infos, 1432 Warnings, 45 Critical Warnings and 0 Errors encountered.
synth_design completed successfully
synth_design: Time (s): cpu = 00:01:56 ; elapsed = 00:01:59 . Memory (MB): peak = 3411.980 ; gain = 1889.707 ; free physical = 16674 ; free virtual = 36013
INFO: [Common 17-2834] synth_design peak Physical Memory [PSS] (MB): overall = 8914.617; main = 2765.578; forked = 6782.010
INFO: [Common 17-2834] synth_design peak Virtual Memory [VSS] (MB): overall = 14573.457; main = 3411.949; forked = 11432.410
# report_timing_summary -file $outputDir/post_synth_timing_summary.rpt
INFO: [Timing 38-35] Done setting XDC timing constraints.
INFO: [Timing 38-91] UpdateTimingParams: Speed grade: -1, Delay Type: min_max.
INFO: [Timing 38-191] Multithreading enabled for timing update using a maximum of 4 CPUs
# report_utilization -file $outputDir/post_synth_util.rpt -hierarchical -hierarchical_depth 4
# report_timing -file $outputDir/post_synth_timing.rpt
INFO: [Timing 38-91] UpdateTimingParams: Speed grade: -1, Delay Type: max.
INFO: [Timing 38-191] Multithreading enabled for timing update using a maximum of 4 CPUs
INFO: [Timing 38-78] ReportTimingParams: -max_paths 1 -nworst 1 -delay_type max -sort_by slack.
# opt_design
Command: opt_design
Attempting to get a license for feature 'Implementation' and/or device 'xc7s50'
INFO: [Common 17-349] Got license for feature 'Implementation' and/or device 'xc7s50'
Running DRC as a precondition to command opt_design

Starting DRC Task
INFO: [DRC 23-27] Running DRC with 4 threads
INFO: [Project 1-461] DRC finished with 0 Errors
INFO: [Project 1-462] Please refer to the DRC report (report_drc) for more information.

Time (s): cpu = 00:00:01 ; elapsed = 00:00:00.47 . Memory (MB): peak = 3411.980 ; gain = 0.000 ; free physical = 16684 ; free virtual = 36023

Starting Cache Timing Information Task
Ending Cache Timing Information Task | Checksum: 25dac7a5a

Time (s): cpu = 00:00:00 ; elapsed = 00:00:00.01 . Memory (MB): peak = 3411.980 ; gain = 0.000 ; free physical = 16684 ; free virtual = 36023

Starting Logic Optimization Task

Phase 1 Initialization

Phase 1.1 Core Generation And Design Setup
Phase 1.1 Core Generation And Design Setup | Checksum: 25dac7a5a

Time (s): cpu = 00:00:00.02 ; elapsed = 00:00:00.01 . Memory (MB): peak = 3411.980 ; gain = 0.000 ; free physical = 16687 ; free virtual = 36026

Phase 1.2 Setup Constraints And Sort Netlist
Phase 1.2 Setup Constraints And Sort Netlist | Checksum: 25dac7a5a

Time (s): cpu = 00:00:00.03 ; elapsed = 00:00:00.02 . Memory (MB): peak = 3411.980 ; gain = 0.000 ; free physical = 16687 ; free virtual = 36026
Phase 1 Initialization | Checksum: 25dac7a5a

Time (s): cpu = 00:00:00.03 ; elapsed = 00:00:00.02 . Memory (MB): peak = 3411.980 ; gain = 0.000 ; free physical = 16687 ; free virtual = 36026

Phase 2 Timer Update And Timing Data Collection

Phase 2.1 Timer Update
Phase 2.1 Timer Update | Checksum: 25dac7a5a

Time (s): cpu = 00:00:00.87 ; elapsed = 00:00:00.33 . Memory (MB): peak = 3411.980 ; gain = 0.000 ; free physical = 16686 ; free virtual = 36025

Phase 2.2 Timing Data Collection
Phase 2.2 Timing Data Collection | Checksum: 25dac7a5a

Time (s): cpu = 00:00:00.9 ; elapsed = 00:00:00.36 . Memory (MB): peak = 3411.980 ; gain = 0.000 ; free physical = 16686 ; free virtual = 36025
Phase 2 Timer Update And Timing Data Collection | Checksum: 25dac7a5a

Time (s): cpu = 00:00:00.91 ; elapsed = 00:00:00.36 . Memory (MB): peak = 3411.980 ; gain = 0.000 ; free physical = 16686 ; free virtual = 36025

Phase 3 Retarget
INFO: [Opt 31-1851] Number of loadless carry chains removed were: 0
INFO: [Opt 31-1834] Total Chains To Be Transformed Were: 0 AND Number of Transformed insts Created are: 0
INFO: [Opt 31-1566] Pulled 17 inverters resulting in an inversion of 464 pins
INFO: [Opt 31-138] Pushed 2 inverter(s) to 5 load pin(s).
INFO: [Opt 31-49] Retargeted 0 cell(s).
Phase 3 Retarget | Checksum: 2bd129c34

Time (s): cpu = 00:00:01 ; elapsed = 00:00:00.79 . Memory (MB): peak = 3411.980 ; gain = 0.000 ; free physical = 16686 ; free virtual = 36025
Retarget | Checksum: 2bd129c34
INFO: [Opt 31-389] Phase Retarget created 0 cells and removed 23 cells
INFO: [Opt 31-1021] In phase Retarget, 51 netlist objects are constrained preventing optimization. Please run opt_design with -debug_log to get more detail. 

Phase 4 Constant propagation
INFO: [Opt 31-138] Pushed 0 inverter(s) to 0 load pin(s).
Phase 4 Constant propagation | Checksum: 2d1041875

Time (s): cpu = 00:00:02 ; elapsed = 00:00:00.94 . Memory (MB): peak = 3411.980 ; gain = 0.000 ; free physical = 16686 ; free virtual = 36025
Constant propagation | Checksum: 2d1041875
INFO: [Opt 31-389] Phase Constant propagation created 2 cells and removed 3 cells
INFO: [Opt 31-1021] In phase Constant propagation, 50 netlist objects are constrained preventing optimization. Please run opt_design with -debug_log to get more detail. 

Phase 5 Sweep
INFO: [Constraints 18-11670] Building netlist checker database with flags, 0x8
Done building netlist checker database: Time (s): cpu = 00:00:00 ; elapsed = 00:00:00 . Memory (MB): peak = 3411.980 ; gain = 0.000 ; free physical = 16686 ; free virtual = 36025
INFO: [Constraints 18-11670] Building netlist checker database with flags, 0x8
Done building netlist checker database: Time (s): cpu = 00:00:00 ; elapsed = 00:00:00 . Memory (MB): peak = 3411.980 ; gain = 0.000 ; free physical = 16686 ; free virtual = 36025
Phase 5 Sweep | Checksum: 2aca2de0a

Time (s): cpu = 00:00:02 ; elapsed = 00:00:01 . Memory (MB): peak = 3411.980 ; gain = 0.000 ; free physical = 16693 ; free virtual = 36032
Sweep | Checksum: 2aca2de0a
INFO: [Opt 31-389] Phase Sweep created 1 cells and removed 3 cells
INFO: [Opt 31-1021] In phase Sweep, 198 netlist objects are constrained preventing optimization. Please run opt_design with -debug_log to get more detail. 

Phase 6 BUFG optimization
Phase 6 BUFG optimization | Checksum: 2aca2de0a

Time (s): cpu = 00:00:02 ; elapsed = 00:00:01 . Memory (MB): peak = 3443.961 ; gain = 31.980 ; free physical = 16693 ; free virtual = 36032
BUFG optimization | Checksum: 2aca2de0a
INFO: [Opt 31-662] Phase BUFG optimization created 0 cells of which 0 are BUFGs and removed 0 cells.

Phase 7 Shift Register Optimization
INFO: [Opt 31-1064] SRL Remap converted 0 SRLs to 0 registers and converted 0 registers of register chains to 0 SRLs
Phase 7 Shift Register Optimization | Checksum: 2aca2de0a

Time (s): cpu = 00:00:02 ; elapsed = 00:00:01 . Memory (MB): peak = 3443.961 ; gain = 31.980 ; free physical = 16693 ; free virtual = 36032
Shift Register Optimization | Checksum: 2aca2de0a
INFO: [Opt 31-389] Phase Shift Register Optimization created 0 cells and removed 0 cells

Phase 8 Post Processing Netlist
Phase 8 Post Processing Netlist | Checksum: 28ed9c598

Time (s): cpu = 00:00:02 ; elapsed = 00:00:01 . Memory (MB): peak = 3443.961 ; gain = 31.980 ; free physical = 16693 ; free virtual = 36032
Post Processing Netlist | Checksum: 28ed9c598
INFO: [Opt 31-389] Phase Post Processing Netlist created 0 cells and removed 0 cells
INFO: [Opt 31-1021] In phase Post Processing Netlist, 48 netlist objects are constrained preventing optimization. Please run opt_design with -debug_log to get more detail. 

Phase 9 Finalization

Phase 9.1 Finalizing Design Cores and Updating Shapes
Phase 9.1 Finalizing Design Cores and Updating Shapes | Checksum: 200e47972

Time (s): cpu = 00:00:02 ; elapsed = 00:00:02 . Memory (MB): peak = 3443.961 ; gain = 31.980 ; free physical = 16693 ; free virtual = 36032

Phase 9.2 Verifying Netlist Connectivity

Starting Connectivity Check Task

Time (s): cpu = 00:00:00.03 ; elapsed = 00:00:00.03 . Memory (MB): peak = 3443.961 ; gain = 0.000 ; free physical = 16693 ; free virtual = 36032
Phase 9.2 Verifying Netlist Connectivity | Checksum: 200e47972

Time (s): cpu = 00:00:02 ; elapsed = 00:00:02 . Memory (MB): peak = 3443.961 ; gain = 31.980 ; free physical = 16693 ; free virtual = 36032
Phase 9 Finalization | Checksum: 200e47972

Time (s): cpu = 00:00:02 ; elapsed = 00:00:02 . Memory (MB): peak = 3443.961 ; gain = 31.980 ; free physical = 16693 ; free virtual = 36032
Opt_design Change Summary
=========================


-------------------------------------------------------------------------------------------------------------------------
|  Phase                        |  #Cells created  |  #Cells Removed  |  #Constrained objects preventing optimizations  |
-------------------------------------------------------------------------------------------------------------------------
|  Retarget                     |               0  |              23  |                                             51  |
|  Constant propagation         |               2  |               3  |                                             50  |
|  Sweep                        |               1  |               3  |                                            198  |
|  BUFG optimization            |               0  |               0  |                                              0  |
|  Shift Register Optimization  |               0  |               0  |                                              0  |
|  Post Processing Netlist      |               0  |               0  |                                             48  |
-------------------------------------------------------------------------------------------------------------------------


Ending Logic Optimization Task | Checksum: 200e47972

Time (s): cpu = 00:00:02 ; elapsed = 00:00:02 . Memory (MB): peak = 3443.961 ; gain = 31.980 ; free physical = 16693 ; free virtual = 36032

Starting Power Optimization Task
INFO: [Pwropt 34-132] Skipping clock gating for clocks with a period < 2.00 ns.
INFO: [Pwropt 34-9] Applying IDT optimizations ...
INFO: [Pwropt 34-10] Applying ODC optimizations ...
INFO: [Timing 38-35] Done setting XDC timing constraints.
Running Vector-less Activity Propagation...

Finished Running Vector-less Activity Propagation


Starting PowerOpt Patch Enables Task
INFO: [Pwropt 34-162] WRITE_MODE attribute of 0 BRAM(s) out of a total of 43 has been updated to save power. Run report_power_opt to get a complete listing of the BRAMs updated.
INFO: [Pwropt 34-201] Structural ODC has moved 0 WE to EN ports
Number of BRAM Ports augmented: 5 newly gated: 33 Total Ports: 86
Number of Flops added for Enable Generation: 27

Ending PowerOpt Patch Enables Task | Checksum: 2777974c3

Time (s): cpu = 00:00:00.18 ; elapsed = 00:00:00.15 . Memory (MB): peak = 3601.840 ; gain = 0.000 ; free physical = 16574 ; free virtual = 35913
Ending Power Optimization Task | Checksum: 2777974c3

Time (s): cpu = 00:00:06 ; elapsed = 00:00:03 . Memory (MB): peak = 3601.840 ; gain = 157.879 ; free physical = 16574 ; free virtual = 35913

Starting Final Cleanup Task

Starting Logic Optimization Task
INFO: [Timing 38-35] Done setting XDC timing constraints.
Ending Logic Optimization Task | Checksum: 22ee5ed03

Time (s): cpu = 00:00:02 ; elapsed = 00:00:01 . Memory (MB): peak = 3601.840 ; gain = 0.000 ; free physical = 16580 ; free virtual = 35919
Ending Final Cleanup Task | Checksum: 22ee5ed03

Time (s): cpu = 00:00:03 ; elapsed = 00:00:02 . Memory (MB): peak = 3601.840 ; gain = 0.000 ; free physical = 16580 ; free virtual = 35919

Starting Netlist Obfuscation Task
Netlist sorting complete. Time (s): cpu = 00:00:00.01 ; elapsed = 00:00:00 . Memory (MB): peak = 3601.840 ; gain = 0.000 ; free physical = 16580 ; free virtual = 35919
Ending Netlist Obfuscation Task | Checksum: 22ee5ed03

Time (s): cpu = 00:00:00.01 ; elapsed = 00:00:00.01 . Memory (MB): peak = 3601.840 ; gain = 0.000 ; free physical = 16580 ; free virtual = 35919
INFO: [Common 17-83] Releasing license: Implementation
31 Infos, 0 Warnings, 0 Critical Warnings and 0 Errors encountered.
opt_design completed successfully
opt_design: Time (s): cpu = 00:00:15 ; elapsed = 00:00:09 . Memory (MB): peak = 3601.840 ; gain = 189.859 ; free physical = 16580 ; free virtual = 35919
# place_design
Command: place_design
Attempting to get a license for feature 'Implementation' and/or device 'xc7s50'
INFO: [Common 17-349] Got license for feature 'Implementation' and/or device 'xc7s50'
INFO: [Common 17-83] Releasing license: Implementation
INFO: [DRC 23-27] Running DRC with 4 threads
INFO: [Vivado_Tcl 4-198] DRC finished with 0 Errors
INFO: [Vivado_Tcl 4-199] Please refer to the DRC report (report_drc) for more information.
Running DRC as a precondition to command place_design
INFO: [DRC 23-27] Running DRC with 4 threads
INFO: [Vivado_Tcl 4-198] DRC finished with 0 Errors
INFO: [Vivado_Tcl 4-199] Please refer to the DRC report (report_drc) for more information.
INFO: [Place 30-611] Multithreading enabled for place_design using a maximum of 4 CPUs

Starting Placer Task

Phase 1 Placer Initialization

Phase 1.1 Placer Initialization Netlist Sorting
Netlist sorting complete. Time (s): cpu = 00:00:00.01 ; elapsed = 00:00:00 . Memory (MB): peak = 3601.840 ; gain = 0.000 ; free physical = 16584 ; free virtual = 35923
Phase 1.1 Placer Initialization Netlist Sorting | Checksum: 1b6b911b5

Time (s): cpu = 00:00:00.01 ; elapsed = 00:00:00.01 . Memory (MB): peak = 3601.840 ; gain = 0.000 ; free physical = 16584 ; free virtual = 35923
Netlist sorting complete. Time (s): cpu = 00:00:00 ; elapsed = 00:00:00 . Memory (MB): peak = 3601.840 ; gain = 0.000 ; free physical = 16584 ; free virtual = 35923

Phase 1.2 IO Placement/ Clock Placement/ Build Placer Device
INFO: [Timing 38-35] Done setting XDC timing constraints.
Phase 1.2 IO Placement/ Clock Placement/ Build Placer Device | Checksum: 1f8bf6d27

Time (s): cpu = 00:00:03 ; elapsed = 00:00:02 . Memory (MB): peak = 3601.840 ; gain = 0.000 ; free physical = 16589 ; free virtual = 35928

Phase 1.3 Build Placer Netlist Model
Phase 1.3 Build Placer Netlist Model | Checksum: 239a82d14

Time (s): cpu = 00:00:07 ; elapsed = 00:00:04 . Memory (MB): peak = 3601.840 ; gain = 0.000 ; free physical = 16597 ; free virtual = 35936

Phase 1.4 Constrain Clocks/Macros
Phase 1.4 Constrain Clocks/Macros | Checksum: 239a82d14

Time (s): cpu = 00:00:07 ; elapsed = 00:00:04 . Memory (MB): peak = 3601.840 ; gain = 0.000 ; free physical = 16599 ; free virtual = 35938
Phase 1 Placer Initialization | Checksum: 239a82d14

Time (s): cpu = 00:00:07 ; elapsed = 00:00:04 . Memory (MB): peak = 3601.840 ; gain = 0.000 ; free physical = 16600 ; free virtual = 35939

Phase 2 Global Placement

Phase 2.1 Floorplanning
Phase 2.1 Floorplanning | Checksum: 2f77b62ae

Time (s): cpu = 00:00:09 ; elapsed = 00:00:05 . Memory (MB): peak = 3601.840 ; gain = 0.000 ; free physical = 16601 ; free virtual = 35940

Phase 2.2 Update Timing before SLR Path Opt
Phase 2.2 Update Timing before SLR Path Opt | Checksum: 26f3ac03c

Time (s): cpu = 00:00:10 ; elapsed = 00:00:05 . Memory (MB): peak = 3601.840 ; gain = 0.000 ; free physical = 16604 ; free virtual = 35943

Phase 2.3 Post-Processing in Floorplanning
Phase 2.3 Post-Processing in Floorplanning | Checksum: 24b175b55

Time (s): cpu = 00:00:10 ; elapsed = 00:00:05 . Memory (MB): peak = 3601.840 ; gain = 0.000 ; free physical = 16604 ; free virtual = 35943

Phase 2.4 Global Place Phase1
Phase 2.4 Global Place Phase1 | Checksum: 21a7c51e1

Time (s): cpu = 00:00:25 ; elapsed = 00:00:12 . Memory (MB): peak = 3601.840 ; gain = 0.000 ; free physical = 16619 ; free virtual = 35958

Phase 2.5 Global Place Phase2

Phase 2.5.1 UpdateTiming Before Physical Synthesis
Phase 2.5.1 UpdateTiming Before Physical Synthesis | Checksum: 16c88e5a7

Time (s): cpu = 00:00:27 ; elapsed = 00:00:13 . Memory (MB): peak = 3601.840 ; gain = 0.000 ; free physical = 16619 ; free virtual = 35958

Phase 2.5.2 Physical Synthesis In Placer
INFO: [Physopt 32-1035] Found 56 LUTNM shape to break, 912 LUT instances to create LUTNM shape
INFO: [Physopt 32-1044] Break lutnm for timing: one critical 42, two critical 14, total 56, new lutff created 1
INFO: [Physopt 32-1138] End 1 Pass. Optimized 442 nets or LUTs. Breaked 56 LUTs, combined 386 existing LUTs and moved 0 existing LUT
INFO: [Physopt 32-65] No nets found for high-fanout optimization.
INFO: [Physopt 32-232] Optimized 0 net. Created 0 new instance.
INFO: [Physopt 32-775] End 1 Pass. Optimized 0 net or cell. Created 0 new cell, deleted 0 existing cell and moved 0 existing cell
INFO: [Physopt 32-457] Pass 1. Identified 12 candidate cells for DSP register optimization.
INFO: [Physopt 32-665] Processed cell infer_eval_i_syn_inh_prod_q32_reg. 9 registers were pushed out.
INFO: [Physopt 32-665] Processed cell infer_eval_i_syn_inh_prod_q32_reg__0. 9 registers were pushed out.
INFO: [Physopt 32-665] Processed cell infer_eval_i_syn_inh_prod_q320. 17 registers were pushed out.
INFO: [Physopt 32-665] Processed cell infer_eval_i_syn_exc_prod_q32_reg__0. 9 registers were pushed out.
INFO: [Physopt 32-665] Processed cell infer_eval_i_syn_exc_prod_q32_reg. 9 registers were pushed out.
INFO: [Physopt 32-665] Processed cell infer_eval_i_syn_inh_prod_q320__0. 17 registers were pushed out.
INFO: [Physopt 32-665] Processed cell infer_delay_pipe_mul_prod_q32_reg. 15 registers were pushed out.
INFO: [Physopt 32-665] Processed cell infer_delay_pipe_mul_prod_q320. 15 registers were pushed out.
INFO: [Physopt 32-665] Processed cell infer_eval_i_syn_exc_prod_q320__0. 17 registers were pushed out.
INFO: [Physopt 32-665] Processed cell infer_eval_i_syn_exc_prod_q320. 17 registers were pushed out.
INFO: [Physopt 32-665] Processed cell infer_delay_pipe_mul_prod_q32_reg__0. 17 registers were pushed out.
INFO: [Physopt 32-665] Processed cell infer_delay_pipe_mul_prod_q320__0. 17 registers were pushed out.
INFO: [Physopt 32-775] End 2 Pass. Optimized 12 nets or cells. Created 168 new cells, deleted 0 existing cell and moved 0 existing cell
Netlist sorting complete. Time (s): cpu = 00:00:00.12 ; elapsed = 00:00:00.12 . Memory (MB): peak = 3601.840 ; gain = 0.000 ; free physical = 16622 ; free virtual = 35961
INFO: [Physopt 32-1123] No candidate cells found for Shift Register to Pipeline optimization
INFO: [Physopt 32-775] End 2 Pass. Optimized 0 net or cell. Created 0 new cell, deleted 0 existing cell and moved 0 existing cell
INFO: [Physopt 32-1401] No candidate cells found for Shift Register optimization.
INFO: [Physopt 32-677] No candidate cells for Shift Register optimization found in the design
INFO: [Physopt 32-775] End 1 Pass. Optimized 0 net or cell. Created 0 new cell, deleted 0 existing cell and moved 0 existing cell
INFO: [Physopt 32-526] No candidate cells for BRAM register optimization found in the design
INFO: [Physopt 32-775] End 1 Pass. Optimized 0 net or cell. Created 0 new cell, deleted 0 existing cell and moved 0 existing cell
INFO: [Physopt 32-846] No candidate cells for URAM register optimization found in the design
INFO: [Physopt 32-775] End 1 Pass. Optimized 0 net or cell. Created 0 new cell, deleted 0 existing cell and moved 0 existing cell
INFO: [Physopt 32-846] No candidate cells for URAM register optimization found in the design
INFO: [Physopt 32-775] End 1 Pass. Optimized 0 net or cell. Created 0 new cell, deleted 0 existing cell and moved 0 existing cell
INFO: [Physopt 32-949] No candidate nets found for dynamic/static region interface net replication
INFO: [Physopt 32-775] End 1 Pass. Optimized 0 net or cell. Created 0 new cell, deleted 0 existing cell and moved 0 existing cell
Netlist sorting complete. Time (s): cpu = 00:00:00.01 ; elapsed = 00:00:00.01 . Memory (MB): peak = 3601.840 ; gain = 0.000 ; free physical = 16622 ; free virtual = 35961

Summary of Physical Synthesis Optimizations
============================================


-----------------------------------------------------------------------------------------------------------------------------------------------------------
|  Optimization                                     |  Added Cells  |  Removed Cells  |  Optimized Cells/Nets  |  Dont Touch  |  Iterations  |  Elapsed   |
-----------------------------------------------------------------------------------------------------------------------------------------------------------
|  LUT Combining                                    |           56  |            386  |                   442  |           0  |           1  |  00:00:00  |
|  Retime                                           |            0  |              0  |                     0  |           0  |           1  |  00:00:00  |
|  Very High Fanout                                 |            0  |              0  |                     0  |           0  |           1  |  00:00:00  |
|  DSP Register                                     |          168  |              0  |                    12  |           0  |           1  |  00:00:00  |
|  Shift Register to Pipeline                       |            0  |              0  |                     0  |           0  |           1  |  00:00:00  |
|  Shift Register                                   |            0  |              0  |                     0  |           0  |           1  |  00:00:00  |
|  BRAM Register                                    |            0  |              0  |                     0  |           0  |           1  |  00:00:00  |
|  URAM Register                                    |            0  |              0  |                     0  |           0  |           1  |  00:00:00  |
|  Dynamic/Static Region Interface Net Replication  |            0  |              0  |                     0  |           0  |           1  |  00:00:00  |
|  Total                                            |          224  |            386  |                   454  |           0  |           9  |  00:00:01  |
-----------------------------------------------------------------------------------------------------------------------------------------------------------


Phase 2.5.2 Physical Synthesis In Placer | Checksum: 1b89d8129

Time (s): cpu = 00:00:29 ; elapsed = 00:00:15 . Memory (MB): peak = 3601.840 ; gain = 0.000 ; free physical = 16622 ; free virtual = 35961
Phase 2.5 Global Place Phase2 | Checksum: 263131fb6

Time (s): cpu = 00:00:30 ; elapsed = 00:00:15 . Memory (MB): peak = 3601.840 ; gain = 0.000 ; free physical = 16624 ; free virtual = 35963
Phase 2 Global Placement | Checksum: 263131fb6

Time (s): cpu = 00:00:30 ; elapsed = 00:00:15 . Memory (MB): peak = 3601.840 ; gain = 0.000 ; free physical = 16624 ; free virtual = 35963

Phase 3 Detail Placement

Phase 3.1 Commit Multi Column Macros
Phase 3.1 Commit Multi Column Macros | Checksum: 2c15911e6

Time (s): cpu = 00:00:32 ; elapsed = 00:00:16 . Memory (MB): peak = 3601.840 ; gain = 0.000 ; free physical = 16623 ; free virtual = 35962

Phase 3.2 Commit Most Macros & LUTRAMs
Phase 3.2 Commit Most Macros & LUTRAMs | Checksum: 1df18bf11

Time (s): cpu = 00:00:35 ; elapsed = 00:00:17 . Memory (MB): peak = 3601.840 ; gain = 0.000 ; free physical = 16628 ; free virtual = 35967

Phase 3.3 Area Swap Optimization
Phase 3.3 Area Swap Optimization | Checksum: 1986c2acc

Time (s): cpu = 00:00:35 ; elapsed = 00:00:17 . Memory (MB): peak = 3601.840 ; gain = 0.000 ; free physical = 16628 ; free virtual = 35967

Phase 3.4 Pipeline Register Optimization
Phase 3.4 Pipeline Register Optimization | Checksum: 1cc4fc061

Time (s): cpu = 00:00:35 ; elapsed = 00:00:17 . Memory (MB): peak = 3601.840 ; gain = 0.000 ; free physical = 16628 ; free virtual = 35967

Phase 3.5 Fast Optimization
Phase 3.5 Fast Optimization | Checksum: 1e27e49dd

Time (s): cpu = 00:00:39 ; elapsed = 00:00:19 . Memory (MB): peak = 3601.840 ; gain = 0.000 ; free physical = 16649 ; free virtual = 35988

Phase 3.6 Small Shape Detail Placement
Phase 3.6 Small Shape Detail Placement | Checksum: 1e5056572

Time (s): cpu = 00:00:44 ; elapsed = 00:00:23 . Memory (MB): peak = 3601.840 ; gain = 0.000 ; free physical = 16650 ; free virtual = 35989

Phase 3.7 Re-assign LUT pins
Phase 3.7 Re-assign LUT pins | Checksum: 281435912

Time (s): cpu = 00:00:45 ; elapsed = 00:00:24 . Memory (MB): peak = 3601.840 ; gain = 0.000 ; free physical = 16650 ; free virtual = 35989

Phase 3.8 Pipeline Register Optimization
Phase 3.8 Pipeline Register Optimization | Checksum: 1f4a95a06

Time (s): cpu = 00:00:45 ; elapsed = 00:00:24 . Memory (MB): peak = 3601.840 ; gain = 0.000 ; free physical = 16650 ; free virtual = 35989

Phase 3.9 Fast Optimization
Phase 3.9 Fast Optimization | Checksum: 1fb3f2502

Time (s): cpu = 00:00:51 ; elapsed = 00:00:27 . Memory (MB): peak = 3601.840 ; gain = 0.000 ; free physical = 16647 ; free virtual = 35986
Phase 3 Detail Placement | Checksum: 1fb3f2502

Time (s): cpu = 00:00:51 ; elapsed = 00:00:27 . Memory (MB): peak = 3601.840 ; gain = 0.000 ; free physical = 16647 ; free virtual = 35986

Phase 4 Post Placement Optimization and Clean-Up

Phase 4.1 Post Commit Optimization
INFO: [Timing 38-35] Done setting XDC timing constraints.

Phase 4.1.1 Post Placement Optimization
Post Placement Optimization Initialization | Checksum: 270d9d531

Phase 4.1.1.1 BUFG Insertion

Starting Physical Synthesis Task

Phase 1 Physical Synthesis Initialization
INFO: [Physopt 32-721] Multithreading enabled for phys_opt_design using a maximum of 4 CPUs
INFO: [Physopt 32-619] Estimated Timing Summary | WNS=-0.988 | TNS=-56.829 |
Phase 1 Physical Synthesis Initialization | Checksum: 164f5f198

Time (s): cpu = 00:00:00.71 ; elapsed = 00:00:00.24 . Memory (MB): peak = 3601.840 ; gain = 0.000 ; free physical = 16650 ; free virtual = 35989
INFO: [Place 46-33] Processed net u_ddr3_top/ddr3_controller_inst/o_phy_reset, BUFG insertion was skipped due to placement/routing conflicts.
INFO: [Place 46-56] BUFG insertion identified 1 candidate nets. Inserted BUFG: 0, Replicated BUFG Driver: 0, Skipped due to Placement/Routing Conflicts: 1, Skipped due to Timing Degradation: 0, Skipped due to netlist editing failed: 0.
Ending Physical Synthesis Task | Checksum: 25945923f

Time (s): cpu = 00:00:01 ; elapsed = 00:00:00.45 . Memory (MB): peak = 3601.840 ; gain = 0.000 ; free physical = 16650 ; free virtual = 35989
Phase 4.1.1.1 BUFG Insertion | Checksum: 270d9d531

Time (s): cpu = 00:00:57 ; elapsed = 00:00:29 . Memory (MB): peak = 3601.840 ; gain = 0.000 ; free physical = 16650 ; free virtual = 35989

Phase 4.1.1.2 Post Placement Timing Optimization
INFO: [Place 30-746] Post Placement Timing Summary WNS=-0.212. For the most accurate timing information please run report_timing.
Phase 4.1.1.2 Post Placement Timing Optimization | Checksum: 23b899775

Time (s): cpu = 00:01:02 ; elapsed = 00:00:34 . Memory (MB): peak = 3601.840 ; gain = 0.000 ; free physical = 16661 ; free virtual = 36000

Time (s): cpu = 00:01:02 ; elapsed = 00:00:34 . Memory (MB): peak = 3601.840 ; gain = 0.000 ; free physical = 16661 ; free virtual = 36000
Phase 4.1 Post Commit Optimization | Checksum: 23b899775

Time (s): cpu = 00:01:02 ; elapsed = 00:00:34 . Memory (MB): peak = 3601.840 ; gain = 0.000 ; free physical = 16663 ; free virtual = 36002

Phase 4.2 Post Placement Cleanup
Phase 4.2 Post Placement Cleanup | Checksum: 23b899775

Time (s): cpu = 00:01:02 ; elapsed = 00:00:34 . Memory (MB): peak = 3601.840 ; gain = 0.000 ; free physical = 16663 ; free virtual = 36003

Phase 4.3 Placer Reporting

Phase 4.3.1 Print Estimated Congestion
INFO: [Place 30-612] Post-Placement Estimated Congestion 
 ____________________________________________________
|           | Global Congestion | Short Congestion  |
| Direction | Region Size       | Region Size       |
|___________|___________________|___________________|
|      North|                2x2|                8x8|
|___________|___________________|___________________|
|      South|                1x1|                2x2|
|___________|___________________|___________________|
|       East|                2x2|                2x2|
|___________|___________________|___________________|
|       West|                1x1|                1x1|
|___________|___________________|___________________|

Phase 4.3.1 Print Estimated Congestion | Checksum: 23b899775

Time (s): cpu = 00:01:03 ; elapsed = 00:00:35 . Memory (MB): peak = 3601.840 ; gain = 0.000 ; free physical = 16663 ; free virtual = 36003
Phase 4.3 Placer Reporting | Checksum: 23b899775

Time (s): cpu = 00:01:03 ; elapsed = 00:00:35 . Memory (MB): peak = 3601.840 ; gain = 0.000 ; free physical = 16663 ; free virtual = 36003

Phase 4.4 Final Placement Cleanup
Netlist sorting complete. Time (s): cpu = 00:00:00.01 ; elapsed = 00:00:00.01 . Memory (MB): peak = 3601.840 ; gain = 0.000 ; free physical = 16663 ; free virtual = 36003

Time (s): cpu = 00:01:03 ; elapsed = 00:00:35 . Memory (MB): peak = 3601.840 ; gain = 0.000 ; free physical = 16663 ; free virtual = 36003
Phase 4 Post Placement Optimization and Clean-Up | Checksum: 1c77c4a89

Time (s): cpu = 00:01:03 ; elapsed = 00:00:35 . Memory (MB): peak = 3601.840 ; gain = 0.000 ; free physical = 16663 ; free virtual = 36003
Ending Placer Task | Checksum: 1326e36e5

Time (s): cpu = 00:01:03 ; elapsed = 00:00:35 . Memory (MB): peak = 3601.840 ; gain = 0.000 ; free physical = 16663 ; free virtual = 36003
50 Infos, 0 Warnings, 0 Critical Warnings and 0 Errors encountered.
place_design completed successfully
place_design: Time (s): cpu = 00:01:06 ; elapsed = 00:00:36 . Memory (MB): peak = 3601.840 ; gain = 0.000 ; free physical = 16663 ; free virtual = 36003
# report_clock_utilization -file $outputDir/clock_util.rpt
# set worst_path [get_timing_paths -max_paths 1 -nworst 1 -setup]
# if {[llength $worst_path] > 0} {
#     if {[get_property SLACK $worst_path] < 0} {
#         puts "Found setup timing violations => running physical optimization"
#         phys_opt_design
#     }
# } else {
#     puts "WARNING: No timing paths found for setup analysis; skipping phys_opt_design check."
# }
Found setup timing violations => running physical optimization
Command: phys_opt_design
Attempting to get a license for feature 'Implementation' and/or device 'xc7s50'
INFO: [Common 17-349] Got license for feature 'Implementation' and/or device 'xc7s50'
INFO: [Vivado_Tcl 4-1435] PhysOpt_Tcl_Interface Runtime Before Starting Physical Synthesis Task | CPU: 0.07s |  WALL: 0.07s
Netlist sorting complete. Time (s): cpu = 00:00:00 ; elapsed = 00:00:00.01 . Memory (MB): peak = 3601.840 ; gain = 0.000 ; free physical = 16657 ; free virtual = 35996

Starting Physical Synthesis Task

Phase 1 Physical Synthesis Initialization
INFO: [Physopt 32-721] Multithreading enabled for phys_opt_design using a maximum of 4 CPUs
INFO: [Physopt 32-619] Estimated Timing Summary | WNS=-0.212 | TNS=-2.221 |
Phase 1 Physical Synthesis Initialization | Checksum: 1cc5870e8

Time (s): cpu = 00:00:04 ; elapsed = 00:00:01 . Memory (MB): peak = 3601.840 ; gain = 0.000 ; free physical = 16660 ; free virtual = 35999
INFO: [Physopt 32-619] Estimated Timing Summary | WNS=-0.212 | TNS=-2.221 |

Phase 2 DSP Register Optimization
INFO: [Physopt 32-457] Pass 1. Identified 1 candidate cell for DSP register optimization.
INFO: [Physopt 32-666] Processed cell train_gen_lcg_state1__0. No change.
INFO: [Physopt 32-775] End 2 Pass. Optimized 0 net or cell. Created 0 new cell, deleted 0 existing cell and moved 0 existing cell
Netlist sorting complete. Time (s): cpu = 00:00:00.05 ; elapsed = 00:00:00.05 . Memory (MB): peak = 3601.840 ; gain = 0.000 ; free physical = 16660 ; free virtual = 35999
Phase 2 DSP Register Optimization | Checksum: 1cc5870e8

Time (s): cpu = 00:00:05 ; elapsed = 00:00:02 . Memory (MB): peak = 3601.840 ; gain = 0.000 ; free physical = 16660 ; free virtual = 35999

Phase 3 Critical Path Optimization
INFO: [Physopt 32-619] Estimated Timing Summary | WNS=-0.212 | TNS=-2.221 |
INFO: [Physopt 32-702] Processed net sd_copy_sectors_left_reg_n_0_[9]. Optimizations did not improve timing on the net.
INFO: [Physopt 32-702] Processed net u_ddr_clk_wiz/clk_passthrough_clk_wiz_0. Optimizations did not improve timing on the net.
INFO: [Physopt 32-710] Processed net u_sd_controller/sd_use_sector_limit_reg[5]. Critical path length was reduced through logic transformation on cell u_sd_controller/sd_copy_sectors_left[9]_i_1_comp.
INFO: [Physopt 32-735] Processed net u_sd_controller/sd_copy_sectors_left[9]_i_2_n_0. Optimization improves timing on the net.
INFO: [Physopt 32-619] Estimated Timing Summary | WNS=-0.198 | TNS=-2.009 |
INFO: [Physopt 32-702] Processed net sd_copy_sectors_left_reg_n_0_[19]. Optimizations did not improve timing on the net.
INFO: [Physopt 32-710] Processed net u_uart_rx/arg1_reg[31]_3[10]. Critical path length was reduced through logic transformation on cell u_uart_rx/sd_copy_sectors_left[19]_i_1_comp.
INFO: [Physopt 32-735] Processed net u_uart_rx/sd_copy_sectors_left[19]_i_2_n_0. Optimization improves timing on the net.
INFO: [Physopt 32-619] Estimated Timing Summary | WNS=-0.187 | TNS=-1.812 |
INFO: [Physopt 32-702] Processed net sd_copy_sectors_left_reg_n_0_[13]. Optimizations did not improve timing on the net.
INFO: [Physopt 32-710] Processed net u_uart_rx/arg1_reg[31]_3[5]. Critical path length was reduced through logic transformation on cell u_uart_rx/sd_copy_sectors_left[13]_i_1_comp.
INFO: [Physopt 32-735] Processed net u_uart_rx/sd_copy_sectors_left[13]_i_2_n_0. Optimization improves timing on the net.
INFO: [Physopt 32-619] Estimated Timing Summary | WNS=-0.134 | TNS=-1.625 |
INFO: [Physopt 32-702] Processed net sd_copy_sectors_left_reg_n_0_[10]. Optimizations did not improve timing on the net.
INFO: [Physopt 32-663] Processed net u_sd_controller/sd_copy_sectors_left[10]_i_2_n_0.  Re-placed instance u_sd_controller/sd_copy_sectors_left[10]_i_2
INFO: [Physopt 32-735] Processed net u_sd_controller/sd_copy_sectors_left[10]_i_2_n_0. Optimization improves timing on the net.
INFO: [Physopt 32-619] Estimated Timing Summary | WNS=-0.103 | TNS=-1.550 |
INFO: [Physopt 32-702] Processed net sd_copy_sectors_left_reg_n_0_[7]. Optimizations did not improve timing on the net.
INFO: [Physopt 32-710] Processed net u_sd_controller/sd_use_sector_limit_reg[3]. Critical path length was reduced through logic transformation on cell u_sd_controller/sd_copy_sectors_left[7]_i_1_comp.
INFO: [Physopt 32-735] Processed net u_sd_controller/sd_copy_sectors_left[7]_i_2_n_0. Optimization improves timing on the net.
INFO: [Physopt 32-619] Estimated Timing Summary | WNS=-0.100 | TNS=-1.448 |
INFO: [Physopt 32-702] Processed net sd_copy_sectors_left_reg_n_0_[0]. Optimizations did not improve timing on the net.
INFO: [Physopt 32-710] Processed net u_uart_rx/arg1_reg[31]_3[0]. Critical path length was reduced through logic transformation on cell u_uart_rx/sd_copy_sectors_left[0]_i_1_comp.
INFO: [Physopt 32-735] Processed net u_uart_rx/sd_copy_sectors_left[0]_i_2_n_0. Optimization improves timing on the net.
INFO: [Physopt 32-619] Estimated Timing Summary | WNS=-0.094 | TNS=-1.348 |
INFO: [Physopt 32-702] Processed net sd_copy_sectors_left_reg_n_0_[12]. Optimizations did not improve timing on the net.
INFO: [Physopt 32-710] Processed net u_uart_rx/arg1_reg[31]_3[4]. Critical path length was reduced through logic transformation on cell u_uart_rx/sd_copy_sectors_left[12]_i_1_comp.
INFO: [Physopt 32-735] Processed net u_uart_rx/sd_copy_sectors_left[12]_i_2_n_0. Optimization improves timing on the net.
INFO: [Physopt 32-619] Estimated Timing Summary | WNS=-0.076 | TNS=-1.255 |
INFO: [Physopt 32-702] Processed net sd_copy_sectors_left_reg_n_0_[15]. Optimizations did not improve timing on the net.
INFO: [Physopt 32-663] Processed net u_sd_controller/sd_copy_sectors_left[15]_i_2_n_0.  Re-placed instance u_sd_controller/sd_copy_sectors_left[15]_i_2
INFO: [Physopt 32-735] Processed net u_sd_controller/sd_copy_sectors_left[15]_i_2_n_0. Optimization improves timing on the net.
INFO: [Physopt 32-619] Estimated Timing Summary | WNS=-0.075 | TNS=-1.231 |
INFO: [Physopt 32-702] Processed net sd_copy_sectors_left_reg_n_0_[18]. Optimizations did not improve timing on the net.
INFO: [Physopt 32-710] Processed net u_uart_rx/arg1_reg[31]_3[9]. Critical path length was reduced through logic transformation on cell u_uart_rx/sd_copy_sectors_left[18]_i_1_comp.
INFO: [Physopt 32-735] Processed net u_uart_rx/sd_copy_sectors_left[18]_i_2_n_0. Optimization improves timing on the net.
INFO: [Physopt 32-619] Estimated Timing Summary | WNS=-0.073 | TNS=-1.156 |
INFO: [Physopt 32-702] Processed net sd_copy_sectors_left_reg_n_0_[21]. Optimizations did not improve timing on the net.
INFO: [Physopt 32-663] Processed net u_sd_controller/sd_copy_sectors_left[21]_i_2_n_0.  Re-placed instance u_sd_controller/sd_copy_sectors_left[21]_i_2
INFO: [Physopt 32-735] Processed net u_sd_controller/sd_copy_sectors_left[21]_i_2_n_0. Optimization improves timing on the net.
INFO: [Physopt 32-619] Estimated Timing Summary | WNS=-0.073 | TNS=-1.129 |
INFO: [Physopt 32-702] Processed net sd_copy_sectors_left_reg_n_0_[4]. Optimizations did not improve timing on the net.
INFO: [Physopt 32-663] Processed net u_sd_controller/sd_copy_sectors_left[4]_i_3_n_0.  Re-placed instance u_sd_controller/sd_copy_sectors_left[4]_i_3
INFO: [Physopt 32-735] Processed net u_sd_controller/sd_copy_sectors_left[4]_i_3_n_0. Optimization improves timing on the net.
INFO: [Physopt 32-619] Estimated Timing Summary | WNS=-0.071 | TNS=-1.116 |
INFO: [Physopt 32-702] Processed net sd_copy_sectors_left_reg_n_0_[17]. Optimizations did not improve timing on the net.
INFO: [Physopt 32-710] Processed net u_uart_rx/arg1_reg[31]_3[8]. Critical path length was reduced through logic transformation on cell u_uart_rx/sd_copy_sectors_left[17]_i_1_comp.
INFO: [Physopt 32-735] Processed net u_uart_rx/sd_copy_sectors_left[17]_i_2_n_0. Optimization improves timing on the net.
INFO: [Physopt 32-619] Estimated Timing Summary | WNS=-0.063 | TNS=-1.046 |
INFO: [Physopt 32-702] Processed net sd_copy_lba_reg_n_0_[30]. Optimizations did not improve timing on the net.
INFO: [Physopt 32-710] Processed net u_uart_rx/batch_cfg_start_lba_reg[31][30]. Critical path length was reduced through logic transformation on cell u_uart_rx/sd_copy_lba[30]_i_1_comp.
INFO: [Physopt 32-735] Processed net u_uart_rx/sd_copy_lba[30]_i_2_n_0. Optimization improves timing on the net.
INFO: [Physopt 32-619] Estimated Timing Summary | WNS=-0.062 | TNS=-0.983 |
INFO: [Physopt 32-702] Processed net sd_copy_sectors_left_reg_n_0_[5]. Optimizations did not improve timing on the net.
INFO: [Physopt 32-710] Processed net u_uart_rx/arg1_reg[31]_3[2]. Critical path length was reduced through logic transformation on cell u_uart_rx/sd_copy_sectors_left[5]_i_1_comp.
INFO: [Physopt 32-735] Processed net u_uart_rx/sd_copy_sectors_left[5]_i_2_n_0. Optimization improves timing on the net.
INFO: [Physopt 32-619] Estimated Timing Summary | WNS=-0.060 | TNS=-0.921 |
INFO: [Physopt 32-702] Processed net sd_copy_lba_reg_n_0_[29]. Optimizations did not improve timing on the net.
INFO: [Physopt 32-710] Processed net u_uart_rx/batch_cfg_start_lba_reg[31][29]. Critical path length was reduced through logic transformation on cell u_uart_rx/sd_copy_lba[29]_i_1_comp.
INFO: [Physopt 32-735] Processed net u_uart_rx/sd_copy_lba[29]_i_2_n_0. Optimization improves timing on the net.
INFO: [Physopt 32-619] Estimated Timing Summary | WNS=-0.060 | TNS=-0.862 |
INFO: [Physopt 32-710] Processed net u_sd_controller/sd_use_sector_limit_reg[2]. Critical path length was reduced through logic transformation on cell u_sd_controller/sd_copy_sectors_left[4]_i_1_comp.
INFO: [Physopt 32-735] Processed net u_sd_controller/sd_copy_sectors_left[4]_i_3_n_0. Optimization improves timing on the net.
INFO: [Physopt 32-619] Estimated Timing Summary | WNS=-0.059 | TNS=-0.802 |
INFO: [Physopt 32-710] Processed net u_sd_controller/sd_use_sector_limit_reg[6]. Critical path length was reduced through logic transformation on cell u_sd_controller/sd_copy_sectors_left[10]_i_1_comp.
INFO: [Physopt 32-735] Processed net u_sd_controller/sd_copy_sectors_left[10]_i_2_n_0. Optimization improves timing on the net.
INFO: [Physopt 32-619] Estimated Timing Summary | WNS=-0.059 | TNS=-0.744 |
INFO: [Physopt 32-702] Processed net sd_copy_sectors_left_reg_n_0_[2]. Optimizations did not improve timing on the net.
INFO: [Physopt 32-702] Processed net u_ddr_clk_wiz/clk_passthrough_clk_wiz_0. Optimizations did not improve timing on the net.
INFO: [Physopt 32-702] Processed net u_uart_rx/sd_copy_sectors_left[2]_i_2_n_0. Optimizations did not improve timing on the net.
INFO: [Physopt 32-702] Processed net u_sd_controller/req_opcode_reg[2]. Optimizations did not improve timing on the net.
INFO: [Physopt 32-702] Processed net u_uart_rx/batch_use_cached_images. Optimizations did not improve timing on the net.
INFO: [Physopt 32-702] Processed net u_uart_rx/sd_copy_dest_base_word[19]_i_7_0. Optimizations did not improve timing on the net.
INFO: [Physopt 32-702] Processed net u_uart_rx/sd_copy_dest_base_word[19]_i_7_n_0. Optimizations did not improve timing on the net.
INFO: [Physopt 32-702] Processed net u_uart_rx/sd_copy_sectors_left2[25]. Optimizations did not improve timing on the net.
INFO: [Physopt 32-702] Processed net u_uart_rx/sd_copy_sectors_left_reg[22]_i_6_0[7]. Optimizations did not improve timing on the net.
INFO: [Physopt 32-702] Processed net u_uart_rx/sd_copy_sectors_left8[17]. Optimizations did not improve timing on the net.
INFO: [Physopt 32-702] Processed net u_uart_rx/sd_copy_sectors_left[2]_i_20_n_0. Optimizations did not improve timing on the net.
INFO: [Physopt 32-608] Optimized 1 net.  Swapped 21 pins.
INFO: [Physopt 32-735] Processed net u_uart_rx/sd_copy_sectors_left[2]_i_18_n_0. Optimization improves timing on the net.
INFO: [Physopt 32-619] Estimated Timing Summary | WNS=-0.056 | TNS=-0.480 |
INFO: [Physopt 32-702] Processed net sd_copy_lba_reg_n_0_[28]. Optimizations did not improve timing on the net.
INFO: [Physopt 32-702] Processed net u_uart_rx/sd_copy_lba[28]_i_2_n_0. Optimizations did not improve timing on the net.
INFO: [Physopt 32-702] Processed net u_uart_rx/sd_copy_lba[28]_i_4_n_0. Optimizations did not improve timing on the net.
INFO: [Physopt 32-702] Processed net u_uart_rx/sd_copy_lba[28]_i_5_n_0. Optimizations did not improve timing on the net.
INFO: [Physopt 32-702] Processed net u_uart_rx/sd_copy_lba02_out[28]. Optimizations did not improve timing on the net.
INFO: [Physopt 32-702] Processed net u_uart_rx/sd_copy_lba[7]_i_8_n_0. Optimizations did not improve timing on the net.
INFO: [Physopt 32-702] Processed net u_uart_rx/D[5]. Optimizations did not improve timing on the net.
INFO: [Physopt 32-702] Processed net u_uart_rx/batch_prefetch_img_sector_off[3]_i_2_n_0. Optimizations did not improve timing on the net.
INFO: [Physopt 32-608] Optimized 1 net.  Swapped 17 pins.
INFO: [Physopt 32-735] Processed net u_uart_rx/batch_img_byte_in_sector[3]_i_9_0. Optimization improves timing on the net.
INFO: [Physopt 32-619] Estimated Timing Summary | WNS=-0.041 | TNS=-0.287 |
INFO: [Physopt 32-663] Processed net infer_state[1].  Re-placed instance infer_state_reg[1]
INFO: [Physopt 32-735] Processed net infer_state[1]. Optimization improves timing on the net.
INFO: [Physopt 32-619] Estimated Timing Summary | WNS=-0.035 | TNS=-0.246 |
INFO: [Physopt 32-663] Processed net sd_pack_word_reg[2]_rep_n_0.  Re-placed instance sd_pack_word_reg[2]_rep
INFO: [Physopt 32-735] Processed net sd_pack_word_reg[2]_rep_n_0. Optimization improves timing on the net.
INFO: [Physopt 32-619] Estimated Timing Summary | WNS=-0.035 | TNS=-0.212 |
INFO: [Physopt 32-663] Processed net sd_pack_word_reg[4]_rep__0_n_0.  Re-placed instance sd_pack_word_reg[4]_rep__0
INFO: [Physopt 32-735] Processed net sd_pack_word_reg[4]_rep__0_n_0. Optimization improves timing on the net.
INFO: [Physopt 32-619] Estimated Timing Summary | WNS=-0.035 | TNS=-0.177 |
INFO: [Physopt 32-663] Processed net sd_pack_word_reg[4]_rep__1_n_0.  Re-placed instance sd_pack_word_reg[4]_rep__1
INFO: [Physopt 32-735] Processed net sd_pack_word_reg[4]_rep__1_n_0. Optimization improves timing on the net.
INFO: [Physopt 32-619] Estimated Timing Summary | WNS=-0.035 | TNS=-0.143 |
INFO: [Physopt 32-663] Processed net sd_pack_word_reg[7]_rep__0_n_0.  Re-placed instance sd_pack_word_reg[7]_rep__0
INFO: [Physopt 32-735] Processed net sd_pack_word_reg[7]_rep__0_n_0. Optimization improves timing on the net.
INFO: [Physopt 32-619] Estimated Timing Summary | WNS=-0.028 | TNS=-0.108 |
INFO: [Physopt 32-702] Processed net resp_result_reg_n_0_[13]. Optimizations did not improve timing on the net.
INFO: [Physopt 32-702] Processed net u_uart_rx/arg0_reg[13]. Optimizations did not improve timing on the net.
INFO: [Physopt 32-702] Processed net u_uart_rx/resp_result[13]_i_7_n_0. Optimizations did not improve timing on the net.
INFO: [Physopt 32-663] Processed net u_uart_rx/req_opcode_reg[2].  Re-placed instance u_uart_rx/resp_result[2]_i_13
INFO: [Physopt 32-735] Processed net u_uart_rx/req_opcode_reg[2]. Optimization improves timing on the net.
INFO: [Physopt 32-619] Estimated Timing Summary | WNS=-0.019 | TNS=-0.081 |
INFO: [Physopt 32-702] Processed net sd_copy_lba_reg_n_0_[6]. Optimizations did not improve timing on the net.
INFO: [Physopt 32-702] Processed net u_uart_rx/sd_copy_lba[6]_i_2_n_0. Optimizations did not improve timing on the net.
INFO: [Physopt 32-608] Optimized 1 net.  Swapped 21 pins.
INFO: [Physopt 32-735] Processed net u_uart_rx/sd_copy_lba[6]_i_3_n_0. Optimization improves timing on the net.
INFO: [Physopt 32-619] Estimated Timing Summary | WNS=-0.008 | TNS=-0.062 |
INFO: [Physopt 32-663] Processed net sd_pack_word_reg[3]_rep__1_n_0.  Re-placed instance sd_pack_word_reg[3]_rep__1
INFO: [Physopt 32-735] Processed net sd_pack_word_reg[3]_rep__1_n_0. Optimization improves timing on the net.
INFO: [Physopt 32-619] Estimated Timing Summary | WNS=-0.008 | TNS=-0.054 |
INFO: [Physopt 32-663] Processed net sd_pack_word_reg[4]_rep_n_0.  Re-placed instance sd_pack_word_reg[4]_rep
INFO: [Physopt 32-735] Processed net sd_pack_word_reg[4]_rep_n_0. Optimization improves timing on the net.
INFO: [Physopt 32-619] Estimated Timing Summary | WNS=-0.008 | TNS=-0.047 |
INFO: [Physopt 32-663] Processed net sd_pack_word_reg[6]_rep__1_n_0.  Re-placed instance sd_pack_word_reg[6]_rep__1
INFO: [Physopt 32-735] Processed net sd_pack_word_reg[6]_rep__1_n_0. Optimization improves timing on the net.
INFO: [Physopt 32-619] Estimated Timing Summary | WNS=-0.008 | TNS=-0.039 |
INFO: [Physopt 32-663] Processed net sd_pack_word_reg[7]_rep__1_n_0.  Re-placed instance sd_pack_word_reg[7]_rep__1
INFO: [Physopt 32-735] Processed net sd_pack_word_reg[7]_rep__1_n_0. Optimization improves timing on the net.
INFO: [Physopt 32-619] Estimated Timing Summary | WNS=-0.008 | TNS=-0.032 |
INFO: [Physopt 32-663] Processed net sd_pack_word_reg[1]_rep_n_0.  Re-placed instance sd_pack_word_reg[1]_rep
INFO: [Physopt 32-735] Processed net sd_pack_word_reg[1]_rep_n_0. Optimization improves timing on the net.
INFO: [Physopt 32-619] Estimated Timing Summary | WNS=-0.008 | TNS=-0.024 |
INFO: [Physopt 32-663] Processed net sd_pack_word_reg[1]_rep__1_n_0.  Re-placed instance sd_pack_word_reg[1]_rep__1
INFO: [Physopt 32-735] Processed net sd_pack_word_reg[1]_rep__1_n_0. Optimization improves timing on the net.
INFO: [Physopt 32-619] Estimated Timing Summary | WNS=-0.008 | TNS=-0.017 |
INFO: [Physopt 32-663] Processed net sd_pack_word_reg[6]_rep__0_n_0.  Re-placed instance sd_pack_word_reg[6]_rep__0
INFO: [Physopt 32-735] Processed net sd_pack_word_reg[6]_rep__0_n_0. Optimization improves timing on the net.
INFO: [Physopt 32-619] Estimated Timing Summary | WNS=-0.005 | TNS=-0.009 |
INFO: [Physopt 32-663] Processed net infer_state[0].  Re-placed instance infer_state_reg[0]
INFO: [Physopt 32-735] Processed net infer_state[0]. Optimization improves timing on the net.
INFO: [Physopt 32-619] Estimated Timing Summary | WNS=-0.005 | TNS=-0.005 |
INFO: [Physopt 32-663] Processed net infer_state[4].  Re-placed instance infer_state_reg[4]
INFO: [Physopt 32-735] Processed net infer_state[4]. Optimization improves timing on the net.
INFO: [Physopt 32-619] Estimated Timing Summary | WNS=0.005 | TNS=0.000 |
INFO: [Physopt 32-619] Estimated Timing Summary | WNS=0.005 | TNS=0.000 |
Netlist sorting complete. Time (s): cpu = 00:00:00.05 ; elapsed = 00:00:00.05 . Memory (MB): peak = 3601.840 ; gain = 0.000 ; free physical = 16666 ; free virtual = 36006
Phase 3 Critical Path Optimization | Checksum: 1cb7bf368

Time (s): cpu = 00:00:10 ; elapsed = 00:00:04 . Memory (MB): peak = 3601.840 ; gain = 0.000 ; free physical = 16666 ; free virtual = 36006

Phase 4 Critical Path Optimization
INFO: [Physopt 32-619] Estimated Timing Summary | WNS=0.005 | TNS=0.000 |
INFO: [Physopt 32-619] Estimated Timing Summary | WNS=0.005 | TNS=0.000 |
Netlist sorting complete. Time (s): cpu = 00:00:00.01 ; elapsed = 00:00:00.01 . Memory (MB): peak = 3601.840 ; gain = 0.000 ; free physical = 16666 ; free virtual = 36006
Phase 4 Critical Path Optimization | Checksum: 1cb7bf368

Time (s): cpu = 00:00:10 ; elapsed = 00:00:04 . Memory (MB): peak = 3601.840 ; gain = 0.000 ; free physical = 16666 ; free virtual = 36006
Netlist sorting complete. Time (s): cpu = 00:00:00 ; elapsed = 00:00:00 . Memory (MB): peak = 3601.840 ; gain = 0.000 ; free physical = 16666 ; free virtual = 36006
INFO: [Physopt 32-603] Post Physical Optimization Timing Summary | WNS=0.005 | TNS=0.000 |

Summary of Physical Synthesis Optimizations
============================================


-------------------------------------------------------------------------------------------------------------------------------------------------------------
|  Optimization   |  WNS Gain (ns)  |  TNS Gain (ns)  |  Added Cells  |  Removed Cells  |  Optimized Cells/Nets  |  Dont Touch  |  Iterations  |  Elapsed   |
-------------------------------------------------------------------------------------------------------------------------------------------------------------
|  DSP Register   |          0.000  |          0.000  |            0  |              0  |                     0  |           0  |           1  |  00:00:00  |
|  Critical Path  |          0.217  |          2.221  |            0  |              0  |                    35  |           0  |           2  |  00:00:02  |
|  Total          |          0.217  |          2.221  |            0  |              0  |                    35  |           0  |           3  |  00:00:02  |
-------------------------------------------------------------------------------------------------------------------------------------------------------------


Netlist sorting complete. Time (s): cpu = 00:00:00.01 ; elapsed = 00:00:00.01 . Memory (MB): peak = 3601.840 ; gain = 0.000 ; free physical = 16666 ; free virtual = 36006
Ending Physical Synthesis Task | Checksum: 2878ae088

Time (s): cpu = 00:00:10 ; elapsed = 00:00:04 . Memory (MB): peak = 3601.840 ; gain = 0.000 ; free physical = 16666 ; free virtual = 36006
INFO: [Common 17-83] Releasing license: Implementation
159 Infos, 0 Warnings, 0 Critical Warnings and 0 Errors encountered.
phys_opt_design completed successfully
# report_utilization -file $outputDir/post_place_util.rpt
# report_timing_summary -file $outputDir/post_place_timing_summary.rpt
# report_timing -file $outputDir/post_place_timing.rpt
INFO: [Timing 38-78] ReportTimingParams: -max_paths 1 -nworst 1 -delay_type max -sort_by slack.
# route_design -directive Explore
Command: route_design -directive Explore
Attempting to get a license for feature 'Implementation' and/or device 'xc7s50'
INFO: [Common 17-349] Got license for feature 'Implementation' and/or device 'xc7s50'
INFO: [DRC 23-27] Running DRC with 4 threads
INFO: [Vivado_Tcl 4-198] DRC finished with 0 Errors
INFO: [Vivado_Tcl 4-199] Please refer to the DRC report (report_drc) for more information.


Starting Routing Task
INFO: [Route 35-270] Using Router directive 'Explore'.
INFO: [Route 35-254] Multithreading enabled for route_design using a maximum of 4 CPUs

Phase 1 Build RT Design
Checksum: PlaceDB: 85de5ae2 ConstDB: 0 ShapeSum: cc9836d4 RouteDB: aa913336
Post Restoration Checksum: NetGraph: 67271a17 | NumContArr: 40c396be | Constraints: c2a8fa9d | Timing: c2a8fa9d
Phase 1 Build RT Design | Checksum: 22d3ca60f

Time (s): cpu = 00:00:11 ; elapsed = 00:00:07 . Memory (MB): peak = 3601.840 ; gain = 0.000 ; free physical = 16677 ; free virtual = 36017

Phase 2 Router Initialization

Phase 2.1 Fix Topology Constraints
Phase 2.1 Fix Topology Constraints | Checksum: 22d3ca60f

Time (s): cpu = 00:00:11 ; elapsed = 00:00:07 . Memory (MB): peak = 3601.840 ; gain = 0.000 ; free physical = 16677 ; free virtual = 36017

Phase 2.2 Pre Route Cleanup
Phase 2.2 Pre Route Cleanup | Checksum: 22d3ca60f

Time (s): cpu = 00:00:11 ; elapsed = 00:00:07 . Memory (MB): peak = 3601.840 ; gain = 0.000 ; free physical = 16677 ; free virtual = 36017
 Number of Nodes with overlaps = 0

Phase 2.3 Update Timing
Phase 2.3 Update Timing | Checksum: 19b8d0654

Time (s): cpu = 00:00:16 ; elapsed = 00:00:09 . Memory (MB): peak = 3601.840 ; gain = 0.000 ; free physical = 16673 ; free virtual = 36013
INFO: [Route 35-416] Intermediate Timing Summary | WNS=-0.012 | TNS=-0.041 | WHS=-0.400 | THS=-124.986|


Phase 2.4 Soft Constraint Pins - Fast Budgeting
Phase 2.4 Soft Constraint Pins - Fast Budgeting | Checksum: 1ca94c46d

Time (s): cpu = 00:00:19 ; elapsed = 00:00:10 . Memory (MB): peak = 3601.840 ; gain = 0.000 ; free physical = 16668 ; free virtual = 36008

Router Utilization Summary
  Global Vertical Routing Utilization    = 0 %
  Global Horizontal Routing Utilization  = 0 %
  Routable Net Status*
  *Does not include unroutable nets such as driverless and loadless.
  Run report_route_status for detailed report.
  Number of Failed Nets               = 37247
    (Failed Nets is the sum of unrouted and partially routed nets)
  Number of Unrouted Nets             = 37247
  Number of Partially Routed Nets     = 0
  Number of Node Overlaps             = 0

Phase 2 Router Initialization | Checksum: 166aee90f

Time (s): cpu = 00:00:19 ; elapsed = 00:00:10 . Memory (MB): peak = 3601.840 ; gain = 0.000 ; free physical = 16668 ; free virtual = 36008

Phase 3 Global Routing
Phase 3 Global Routing | Checksum: 166aee90f

Time (s): cpu = 00:00:19 ; elapsed = 00:00:10 . Memory (MB): peak = 3601.840 ; gain = 0.000 ; free physical = 16668 ; free virtual = 36008

Phase 4 Initial Routing

Phase 4.1 Initial Net Routing Pass
Phase 4.1 Initial Net Routing Pass | Checksum: 25df49c26

Time (s): cpu = 00:00:24 ; elapsed = 00:00:12 . Memory (MB): peak = 3601.840 ; gain = 0.000 ; free physical = 16668 ; free virtual = 36008
Phase 4 Initial Routing | Checksum: 25df49c26

Time (s): cpu = 00:00:24 ; elapsed = 00:00:12 . Memory (MB): peak = 3601.840 ; gain = 0.000 ; free physical = 16668 ; free virtual = 36008
INFO: [Route 35-580] Design has 2 pins with tight setup and hold constraints.

The top 5 pins with tight setup and hold constraints:

+===========================+===========================+======================+
| Launch Setup Clock        | Launch Hold Clock         | Pin                  |
+===========================+===========================+======================+
| clk_passthrough_clk_wiz_0 | clk_passthrough_clk_wiz_0 | resp_status_reg[6]/D |
| clk_passthrough_clk_wiz_0 | clk_passthrough_clk_wiz_0 | resp_status_reg[0]/D |
+---------------------------+---------------------------+----------------------+

File with complete list of pins: tight_setup_hold_pins.txt


Phase 5 Rip-up And Reroute

Phase 5.1 Global Iteration 0
 Number of Nodes with overlaps = 9902
 Number of Nodes with overlaps = 3661
 Number of Nodes with overlaps = 1595
 Number of Nodes with overlaps = 753
 Number of Nodes with overlaps = 316
 Number of Nodes with overlaps = 114
 Number of Nodes with overlaps = 16
 Number of Nodes with overlaps = 7
 Number of Nodes with overlaps = 6
 Number of Nodes with overlaps = 5
 Number of Nodes with overlaps = 0
INFO: [Route 35-416] Intermediate Timing Summary | WNS=-0.305 | TNS=-1.397 | WHS=N/A    | THS=N/A    |

Phase 5.1 Global Iteration 0 | Checksum: 23661f59d

Time (s): cpu = 00:01:12 ; elapsed = 00:00:46 . Memory (MB): peak = 3601.840 ; gain = 0.000 ; free physical = 16671 ; free virtual = 36010

Phase 5.2 Global Iteration 1
 Number of Nodes with overlaps = 863
 Number of Nodes with overlaps = 240
 Number of Nodes with overlaps = 112
 Number of Nodes with overlaps = 53
 Number of Nodes with overlaps = 21
 Number of Nodes with overlaps = 10
 Number of Nodes with overlaps = 4
 Number of Nodes with overlaps = 1
 Number of Nodes with overlaps = 0
INFO: [Route 35-416] Intermediate Timing Summary | WNS=-0.238 | TNS=-0.708 | WHS=N/A    | THS=N/A    |

Phase 5.2 Global Iteration 1 | Checksum: 2a7b7b4de

Time (s): cpu = 00:01:20 ; elapsed = 00:00:50 . Memory (MB): peak = 3601.840 ; gain = 0.000 ; free physical = 16670 ; free virtual = 36010

Phase 5.3 Global Iteration 2
 Number of Nodes with overlaps = 721
 Number of Nodes with overlaps = 165
 Number of Nodes with overlaps = 44
 Number of Nodes with overlaps = 21
 Number of Nodes with overlaps = 10
 Number of Nodes with overlaps = 6
 Number of Nodes with overlaps = 4
 Number of Nodes with overlaps = 2
 Number of Nodes with overlaps = 0
INFO: [Route 35-416] Intermediate Timing Summary | WNS=-0.041 | TNS=-0.095 | WHS=N/A    | THS=N/A    |

Phase 5.3 Global Iteration 2 | Checksum: 34d649a5f

Time (s): cpu = 00:01:28 ; elapsed = 00:00:54 . Memory (MB): peak = 3601.840 ; gain = 0.000 ; free physical = 16671 ; free virtual = 36011

Phase 5.4 Global Iteration 3
 Number of Nodes with overlaps = 633
 Number of Nodes with overlaps = 262
 Number of Nodes with overlaps = 103
 Number of Nodes with overlaps = 38
 Number of Nodes with overlaps = 4
 Number of Nodes with overlaps = 6
 Number of Nodes with overlaps = 0
INFO: [Route 35-416] Intermediate Timing Summary | WNS=-0.431 | TNS=-1.113 | WHS=N/A    | THS=N/A    |

Phase 5.4 Global Iteration 3 | Checksum: 1209a0da9

Time (s): cpu = 00:01:37 ; elapsed = 00:00:59 . Memory (MB): peak = 3601.840 ; gain = 0.000 ; free physical = 16672 ; free virtual = 36011
Phase 5 Rip-up And Reroute | Checksum: 1209a0da9

Time (s): cpu = 00:01:37 ; elapsed = 00:00:59 . Memory (MB): peak = 3601.840 ; gain = 0.000 ; free physical = 16672 ; free virtual = 36011

Phase 6 Delay and Skew Optimization

Phase 6.1 Delay CleanUp

Phase 6.1.1 Update Timing
Phase 6.1.1 Update Timing | Checksum: 183dd1813

Time (s): cpu = 00:01:38 ; elapsed = 00:01:00 . Memory (MB): peak = 3601.840 ; gain = 0.000 ; free physical = 16672 ; free virtual = 36011
INFO: [Route 35-416] Intermediate Timing Summary | WNS=0.053  | TNS=0.000  | WHS=N/A    | THS=N/A    |

Phase 6.1 Delay CleanUp | Checksum: 183dd1813

Time (s): cpu = 00:01:38 ; elapsed = 00:01:00 . Memory (MB): peak = 3601.840 ; gain = 0.000 ; free physical = 16672 ; free virtual = 36011

Phase 6.2 Clock Skew Optimization
Phase 6.2 Clock Skew Optimization | Checksum: 183dd1813

Time (s): cpu = 00:01:38 ; elapsed = 00:01:00 . Memory (MB): peak = 3601.840 ; gain = 0.000 ; free physical = 16672 ; free virtual = 36011
Phase 6 Delay and Skew Optimization | Checksum: 183dd1813

Time (s): cpu = 00:01:38 ; elapsed = 00:01:00 . Memory (MB): peak = 3601.840 ; gain = 0.000 ; free physical = 16672 ; free virtual = 36011

Phase 7 Post Hold Fix

Phase 7.1 Hold Fix Iter
INFO: [Route 35-416] Intermediate Timing Summary | WNS=0.053  | TNS=0.000  | WHS=0.022  | THS=0.000  |

Phase 7.1 Hold Fix Iter | Checksum: 109a46c16

Time (s): cpu = 00:01:39 ; elapsed = 00:01:00 . Memory (MB): peak = 3601.840 ; gain = 0.000 ; free physical = 16672 ; free virtual = 36011
Phase 7 Post Hold Fix | Checksum: 109a46c16

Time (s): cpu = 00:01:40 ; elapsed = 00:01:00 . Memory (MB): peak = 3601.840 ; gain = 0.000 ; free physical = 16672 ; free virtual = 36011

Phase 8 Route finalize

Router Utilization Summary
  Global Vertical Routing Utilization    = 18.2035 %
  Global Horizontal Routing Utilization  = 21.2695 %
  Routable Net Status*
  *Does not include unroutable nets such as driverless and loadless.
  Run report_route_status for detailed report.
  Number of Failed Nets               = 0
    (Failed Nets is the sum of unrouted and partially routed nets)
  Number of Unrouted Nets             = 0
  Number of Partially Routed Nets     = 0
  Number of Node Overlaps             = 0

Phase 8 Route finalize | Checksum: 109a46c16

Time (s): cpu = 00:01:40 ; elapsed = 00:01:00 . Memory (MB): peak = 3601.840 ; gain = 0.000 ; free physical = 16672 ; free virtual = 36011

Phase 9 Verifying routed nets

 Verification completed successfully
Phase 9 Verifying routed nets | Checksum: 109a46c16

Time (s): cpu = 00:01:40 ; elapsed = 00:01:00 . Memory (MB): peak = 3601.840 ; gain = 0.000 ; free physical = 16672 ; free virtual = 36011

Phase 10 Depositing Routes
Phase 10 Depositing Routes | Checksum: 1cf630bc4

Time (s): cpu = 00:01:41 ; elapsed = 00:01:01 . Memory (MB): peak = 3601.840 ; gain = 0.000 ; free physical = 16672 ; free virtual = 36011

Phase 11 Post Process Routing
Phase 11 Post Process Routing | Checksum: 1cf630bc4

Time (s): cpu = 00:01:41 ; elapsed = 00:01:01 . Memory (MB): peak = 3601.840 ; gain = 0.000 ; free physical = 16672 ; free virtual = 36011

Phase 12 Post Router Timing
INFO: [Route 35-20] Post Routing Timing Summary | WNS=0.057  | TNS=0.000  | WHS=0.023  | THS=0.000  |

Phase 12 Post Router Timing | Checksum: 1ef2eeb16

Time (s): cpu = 00:01:47 ; elapsed = 00:01:03 . Memory (MB): peak = 3601.840 ; gain = 0.000 ; free physical = 16671 ; free virtual = 36011
INFO: [Route 35-61] The design met the timing requirement.
Total Elapsed time in route_design: 62.9 secs

Phase 13 Post-Route Event Processing
Phase 13 Post-Route Event Processing | Checksum: 1b54b634a

Time (s): cpu = 00:01:47 ; elapsed = 00:01:03 . Memory (MB): peak = 3601.840 ; gain = 0.000 ; free physical = 16671 ; free virtual = 36011
INFO: [Route 35-16] Router Completed Successfully
Ending Routing Task | Checksum: 1b54b634a

Time (s): cpu = 00:01:48 ; elapsed = 00:01:03 . Memory (MB): peak = 3601.840 ; gain = 0.000 ; free physical = 16671 ; free virtual = 36011

Routing Is Done.
INFO: [Common 17-83] Releasing license: Implementation
18 Infos, 0 Warnings, 0 Critical Warnings and 0 Errors encountered.
route_design completed successfully
route_design: Time (s): cpu = 00:01:49 ; elapsed = 00:01:03 . Memory (MB): peak = 3601.840 ; gain = 0.000 ; free physical = 16671 ; free virtual = 36011
# report_route_status -file $outputDir/post_route_status.rpt
# report_timing_summary -file $outputDir/post_route_timing_summary.rpt
# report_timing -file $outputDir/post_route_timing.rpt
INFO: [Timing 38-78] ReportTimingParams: -max_paths 1 -nworst 1 -delay_type max -sort_by slack.
# report_power -file $outputDir/post_route_power.rpt
Command: report_power -file obj/post_route_power.rpt
Running Vector-less Activity Propagation...

Finished Running Vector-less Activity Propagation
0 Infos, 0 Warnings, 0 Critical Warnings and 0 Errors encountered.
report_power completed successfully
# report_drc -file $outputDir/post_imp_drc.rpt
Command: report_drc -file obj/post_imp_drc.rpt
INFO: [IP_Flow 19-234] Refreshing IP repositories
INFO: [IP_Flow 19-1704] No user IP repositories specified
INFO: [IP_Flow 19-2313] Loaded Vivado IP repository '/tools/Xilinx/2025.1/Vivado/data/ip'.
INFO: [DRC 23-27] Running DRC with 4 threads
INFO: [Vivado_Tcl 2-168] The results of DRC are in file /home/fpga/worker_place/temp/temp/ec75427a9d204090903221376b5e0000/obj/post_imp_drc.rpt.
report_drc completed successfully
# write_bitstream -force $outputDir/final.bit
Command: write_bitstream -force obj/final.bit
Attempting to get a license for feature 'Implementation' and/or device 'xc7s50'
INFO: [Common 17-349] Got license for feature 'Implementation' and/or device 'xc7s50'
Running DRC as a precondition to command write_bitstream
INFO: [IP_Flow 19-1839] IP Catalog is up to date.
INFO: [DRC 23-27] Running DRC with 4 threads
INFO: [Vivado 12-3199] DRC finished with 0 Errors
INFO: [Vivado 12-3200] Please refer to the DRC report (report_drc) for more information.
INFO: [Designutils 20-2272] Running write_bitstream with 4 threads.
Loading data files...
Loading site data...
Loading route data...
Processing options...
Creating bitmap...
Creating bitstream...
Writing bitstream obj/final.bit...
INFO: [Vivado 12-1842] Bitgen Completed Successfully.
INFO: [Common 17-83] Releasing license: Implementation
8 Infos, 0 Warnings, 0 Critical Warnings and 0 Errors encountered.
write_bitstream completed successfully
write_bitstream: Time (s): cpu = 00:00:19 ; elapsed = 00:00:27 . Memory (MB): peak = 3682.785 ; gain = 80.945 ; free physical = 16513 ; free virtual = 35854
INFO: [Common 17-206] Exiting Vivado at Sun Mar  8 01:51:51 2026...
