#-----------------------------------------------------------
# Vivado v2025.1 (64-bit)
# SW Build 6140274 on Wed May 21 22:58:25 MDT 2025
# IP Build 6138677 on Thu May 22 03:10:11 MDT 2025
# SharedData Build 6139179 on Tue May 20 17:58:58 MDT 2025
# Start of session at: Sat Feb  7 04:12:46 2026
# Process ID         : 1979073
# Current directory  : /home/fpga/worker_place/temp/temp/cda55adc8dc340a396cc52e010aca7fa
# Command line       : vivado -mode batch -source build.tcl
# Log file           : /home/fpga/worker_place/temp/temp/cda55adc8dc340a396cc52e010aca7fa/vivado.log
# Journal file       : /home/fpga/worker_place/temp/temp/cda55adc8dc340a396cc52e010aca7fa/vivado.jou
# Running On         : eecs-digital-17
# Platform           : Ubuntu
# Operating System   : Ubuntu 24.04.3 LTS
# Processor Detail   : 13th Gen Intel(R) Core(TM) i7-13700
# CPU Frequency      : 800.000 MHz
# CPU Physical cores : 16
# CPU Logical cores  : 24
# Host memory        : 33325 MB
# Swap memory        : 8589 MB
# Total Virtual      : 41915 MB
# Available Virtual  : 40181 MB
#-----------------------------------------------------------
source build.tcl
# set_param general.maxThreads 4
# set partNum xc7s50csga324-1
# set outputDir obj
# file mkdir $outputDir
# set files [glob -nocomplain "$outputDir/*"]
# if {[llength $files] != 0} {
#     # clear folder contents
#     puts "deleting contents of $outputDir"
#     file delete -force {*}[glob -directory $outputDir *];
# } else {
#     puts "$outputDir is empty"
# }
obj is empty
# set sources_sv [ glob ./hdl/*.sv ]
# read_verilog -sv $sources_sv
# set sources_v [ glob -nocomplain ./hdl/*.v ]
# if {[llength $sources_v] > 0 } {
#     read_verilog $sources_v
# }
# read_xdc [ glob ./xdc/*.xdc ]
# set sources_mem [ glob -nocomplain ./data/*.mem ]
# if {[llength $sources_mem] > 0} {
#     read_mem $sources_mem
# }
# set_part $partNum
INFO: [Coretcl 2-1500] The part has been set to 'xc7s50csga324-1' for the current project only. Run set_part -help for more details. To evaluate different speed grades in the current design, use the set_speed_grade command, or use the open_checkpoint -part command to change the part used by an existing checkpoint design.
# set sources_ip [ glob -nocomplain -directory ./ip -tails * ]
# puts $sources_ip

# foreach ip_source $sources_ip {
#     if {[file isdirectory ./ip/$ip_source]} {
# 	read_ip ./ip/$ip_source/$ip_source.xci
#     }
# }
WARNING: [Coretcl 2-176] No IPs found
# generate_target all [get_ips]
WARNING: [Coretcl 2-176] No IPs found
# synth_ip [get_ips]
INFO: [Vivado 12-3441] generate_netlist_ip - operation complete
# synth_design -top top_level -part $partNum -verbose
Command: synth_design -top top_level -part xc7s50csga324-1 -verbose
Starting synth_design
Attempting to get a license for feature 'Synthesis' and/or device 'xc7s50'
INFO: [Common 17-349] Got license for feature 'Synthesis' and/or device 'xc7s50'
INFO: [Device 21-403] Loading part xc7s50csga324-1
INFO: [Synth 8-7079] Multithreading enabled for synth_design using a maximum of 4 processes.
INFO: [Synth 8-7078] Launching helper process for spawning children vivado processes
INFO: [Synth 8-7075] Helper process launched with PID 1979104
---------------------------------------------------------------------------------
Starting RTL Elaboration : Time (s): cpu = 00:00:02 ; elapsed = 00:00:02 . Memory (MB): peak = 2107.969 ; gain = 441.711 ; free physical = 19484 ; free virtual = 36976
---------------------------------------------------------------------------------
WARNING: [Synth 8-6901] identifier 'mul_result' is used before its declaration [/home/fpga/worker_place/temp/temp/cda55adc8dc340a396cc52e010aca7fa/hdl/pipeline_small.sv:232]
WARNING: [Synth 8-6901] identifier 'div_result' is used before its declaration [/home/fpga/worker_place/temp/temp/cda55adc8dc340a396cc52e010aca7fa/hdl/pipeline_small.sv:233]
WARNING: [Synth 8-6901] identifier 'mul_result' is used before its declaration [/home/fpga/worker_place/temp/temp/cda55adc8dc340a396cc52e010aca7fa/hdl/pipeline_small.sv:235]
WARNING: [Synth 8-6901] identifier 'mul_a' is used before its declaration [/home/fpga/worker_place/temp/temp/cda55adc8dc340a396cc52e010aca7fa/hdl/pipeline_small.sv:235]
WARNING: [Synth 8-6901] identifier 'mul_b' is used before its declaration [/home/fpga/worker_place/temp/temp/cda55adc8dc340a396cc52e010aca7fa/hdl/pipeline_small.sv:235]
WARNING: [Synth 8-6901] identifier 'div_div' is used before its declaration [/home/fpga/worker_place/temp/temp/cda55adc8dc340a396cc52e010aca7fa/hdl/pipeline_small.sv:236]
WARNING: [Synth 8-6901] identifier 'div_a' is used before its declaration [/home/fpga/worker_place/temp/temp/cda55adc8dc340a396cc52e010aca7fa/hdl/pipeline_small.sv:237]
WARNING: [Synth 8-6901] identifier 'div_result' is used before its declaration [/home/fpga/worker_place/temp/temp/cda55adc8dc340a396cc52e010aca7fa/hdl/pipeline_small.sv:238]
WARNING: [Synth 8-6901] identifier 'div_a' is used before its declaration [/home/fpga/worker_place/temp/temp/cda55adc8dc340a396cc52e010aca7fa/hdl/pipeline_small.sv:238]
WARNING: [Synth 8-6901] identifier 'div_div' is used before its declaration [/home/fpga/worker_place/temp/temp/cda55adc8dc340a396cc52e010aca7fa/hdl/pipeline_small.sv:238]
WARNING: [Synth 8-6901] identifier 'div_div' is used before its declaration [/home/fpga/worker_place/temp/temp/cda55adc8dc340a396cc52e010aca7fa/hdl/pipeline_small.sv:238]
WARNING: [Synth 8-6901] identifier 'div_result' is used before its declaration [/home/fpga/worker_place/temp/temp/cda55adc8dc340a396cc52e010aca7fa/hdl/pipeline_small.sv:240]
WARNING: [Synth 8-6901] identifier 'div_a' is used before its declaration [/home/fpga/worker_place/temp/temp/cda55adc8dc340a396cc52e010aca7fa/hdl/pipeline_small.sv:240]
WARNING: [Synth 8-6901] identifier 'div_div' is used before its declaration [/home/fpga/worker_place/temp/temp/cda55adc8dc340a396cc52e010aca7fa/hdl/pipeline_small.sv:240]
WARNING: [Synth 8-6901] identifier 'div_div' is used before its declaration [/home/fpga/worker_place/temp/temp/cda55adc8dc340a396cc52e010aca7fa/hdl/pipeline_small.sv:240]
WARNING: [Synth 8-6901] identifier 'div_result' is used before its declaration [/home/fpga/worker_place/temp/temp/cda55adc8dc340a396cc52e010aca7fa/hdl/pipeline_small.sv:242]
INFO: [Synth 8-6157] synthesizing module 'top_level' [/home/fpga/worker_place/temp/temp/cda55adc8dc340a396cc52e010aca7fa/hdl/top_level.sv:3]
INFO: [Synth 8-6157] synthesizing module 'sd_controller' [/home/fpga/worker_place/temp/temp/cda55adc8dc340a396cc52e010aca7fa/hdl/sd_controller.sv:6]
INFO: [Synth 8-155] case statement is not full and has no default [/home/fpga/worker_place/temp/temp/cda55adc8dc340a396cc52e010aca7fa/hdl/sd_controller.sv:90]
INFO: [Synth 8-6155] done synthesizing module 'sd_controller' (0#1) [/home/fpga/worker_place/temp/temp/cda55adc8dc340a396cc52e010aca7fa/hdl/sd_controller.sv:6]
INFO: [Synth 8-6157] synthesizing module 'pipeline_small' [/home/fpga/worker_place/temp/temp/cda55adc8dc340a396cc52e010aca7fa/hdl/pipeline_small.sv:3]
	Parameter TSTEP_W bound to: 32'sb00000000000000000000000000010000 
	Parameter N_IN bound to: 32'sb00000000000000000000001100010000 
	Parameter N_NEURONS bound to: 32'sb00000000000000000000000001100100 
	Parameter UPDATE_NT bound to: 32'sb00000000000000000000000101011110 
	Parameter W_INIT_FROM_FILE bound to: 1'b1 
WARNING: [Synth 8-7186] Applying attribute ram_style = "block" is ignored, object 's_exc_next' is not inferred as ram due to incorrect usage [/home/fpga/worker_place/temp/temp/cda55adc8dc340a396cc52e010aca7fa/hdl/pipeline_small.sv:324]
INFO: [Synth 8-6157] synthesizing module 'w_in_mem_4bank' [/home/fpga/worker_place/temp/temp/cda55adc8dc340a396cc52e010aca7fa/hdl/w_in_mem_4bank.sv:3]
	Parameter N_IN bound to: 32'sb00000000000000000000001100010000 
	Parameter N_NEURONS bound to: 32'sb00000000000000000000000001100100 
	Parameter INIT_VAL bound to: 66 - type: integer 
	Parameter INIT_FROM_FILE bound to: 1'b1 
INFO: [Synth 8-3876] $readmem data file 'data/w_init0.mem' is read successfully [/home/fpga/worker_place/temp/temp/cda55adc8dc340a396cc52e010aca7fa/hdl/w_in_mem_4bank.sv:62]
INFO: [Synth 8-3876] $readmem data file 'data/w_init1.mem' is read successfully [/home/fpga/worker_place/temp/temp/cda55adc8dc340a396cc52e010aca7fa/hdl/w_in_mem_4bank.sv:63]
INFO: [Synth 8-3876] $readmem data file 'data/w_init2.mem' is read successfully [/home/fpga/worker_place/temp/temp/cda55adc8dc340a396cc52e010aca7fa/hdl/w_in_mem_4bank.sv:64]
INFO: [Synth 8-3876] $readmem data file 'data/w_init3.mem' is read successfully [/home/fpga/worker_place/temp/temp/cda55adc8dc340a396cc52e010aca7fa/hdl/w_in_mem_4bank.sv:65]
INFO: [Synth 8-226] default block is never used [/home/fpga/worker_place/temp/temp/cda55adc8dc340a396cc52e010aca7fa/hdl/w_in_mem_4bank.sv:119]
INFO: [Synth 8-6155] done synthesizing module 'w_in_mem_4bank' (0#1) [/home/fpga/worker_place/temp/temp/cda55adc8dc340a396cc52e010aca7fa/hdl/w_in_mem_4bank.sv:3]
INFO: [Synth 8-6155] done synthesizing module 'pipeline_small' (0#1) [/home/fpga/worker_place/temp/temp/cda55adc8dc340a396cc52e010aca7fa/hdl/pipeline_small.sv:3]
INFO: [Synth 8-6157] synthesizing module 'assign_labels_stream' [/home/fpga/worker_place/temp/temp/cda55adc8dc340a396cc52e010aca7fa/hdl/assign_labels_stream.sv:3]
	Parameter N_NEURONS bound to: 32'sb00000000000000000000000001100100 
	Parameter N_LABELS bound to: 32'sb00000000000000000000000000001010 
	Parameter LABEL_BITS bound to: 32'sb00000000000000000000000000000100 
INFO: [Synth 8-6157] synthesizing module 'divider2b' [/home/fpga/worker_place/temp/temp/cda55adc8dc340a396cc52e010aca7fa/hdl/divider.sv:1]
	Parameter WIDTH bound to: 32 - type: integer 
INFO: [Synth 8-6155] done synthesizing module 'divider2b' (0#1) [/home/fpga/worker_place/temp/temp/cda55adc8dc340a396cc52e010aca7fa/hdl/divider.sv:1]
INFO: [Synth 8-6155] done synthesizing module 'assign_labels_stream' (0#1) [/home/fpga/worker_place/temp/temp/cda55adc8dc340a396cc52e010aca7fa/hdl/assign_labels_stream.sv:3]
INFO: [Synth 8-6157] synthesizing module 'prediction_stream' [/home/fpga/worker_place/temp/temp/cda55adc8dc340a396cc52e010aca7fa/hdl/prediction_stream.sv:3]
	Parameter N_NEURONS bound to: 32'sb00000000000000000000000001100100 
	Parameter N_LABELS bound to: 32'sb00000000000000000000000000001010 
	Parameter LABEL_BITS bound to: 32'sb00000000000000000000000000000100 
INFO: [Synth 8-6155] done synthesizing module 'prediction_stream' (0#1) [/home/fpga/worker_place/temp/temp/cda55adc8dc340a396cc52e010aca7fa/hdl/prediction_stream.sv:3]
INFO: [Synth 8-155] case statement is not full and has no default [/home/fpga/worker_place/temp/temp/cda55adc8dc340a396cc52e010aca7fa/hdl/top_level.sv:342]
INFO: [Synth 8-6157] synthesizing module 'bto7s' [/home/fpga/worker_place/temp/temp/cda55adc8dc340a396cc52e010aca7fa/hdl/bto7s.sv:2]
INFO: [Synth 8-6155] done synthesizing module 'bto7s' (0#1) [/home/fpga/worker_place/temp/temp/cda55adc8dc340a396cc52e010aca7fa/hdl/bto7s.sv:2]
INFO: [Synth 8-6155] done synthesizing module 'top_level' (0#1) [/home/fpga/worker_place/temp/temp/cda55adc8dc340a396cc52e010aca7fa/hdl/top_level.sv:3]
WARNING: [Synth 8-6014] Unused sequential element trace_update.x_next_reg was removed.  [/home/fpga/worker_place/temp/temp/cda55adc8dc340a396cc52e010aca7fa/hdl/pipeline_small.sv:510]
WARNING: [Synth 8-6014] Unused sequential element n_reg was removed.  [/home/fpga/worker_place/temp/temp/cda55adc8dc340a396cc52e010aca7fa/hdl/pipeline_small.sv:578]
WARNING: [Synth 8-6014] Unused sequential element n_reg was removed.  [/home/fpga/worker_place/temp/temp/cda55adc8dc340a396cc52e010aca7fa/hdl/pipeline_small.sv:639]
WARNING: [Synth 8-6014] Unused sequential element theta_tmp_reg was removed.  [/home/fpga/worker_place/temp/temp/cda55adc8dc340a396cc52e010aca7fa/hdl/pipeline_small.sv:667]
WARNING: [Synth 8-6014] Unused sequential element s_exc_local_reg was removed.  [/home/fpga/worker_place/temp/temp/cda55adc8dc340a396cc52e010aca7fa/hdl/pipeline_small.sv:668]
WARNING: [Synth 8-6014] Unused sequential element s_inh_local_reg was removed.  [/home/fpga/worker_place/temp/temp/cda55adc8dc340a396cc52e010aca7fa/hdl/pipeline_small.sv:714]
WARNING: [Synth 8-6014] Unused sequential element r_inh_local_reg was removed.  [/home/fpga/worker_place/temp/temp/cda55adc8dc340a396cc52e010aca7fa/hdl/pipeline_small.sv:726]
WARNING: [Synth 8-6014] Unused sequential element n_reg was removed.  [/home/fpga/worker_place/temp/temp/cda55adc8dc340a396cc52e010aca7fa/hdl/pipeline_small.sv:763]
WARNING: [Synth 8-6014] Unused sequential element acc_inh_reg was removed.  [/home/fpga/worker_place/temp/temp/cda55adc8dc340a396cc52e010aca7fa/hdl/pipeline_small.sv:764]
WARNING: [Synth 8-6014] Unused sequential element g_inh_next_val_reg was removed.  [/home/fpga/worker_place/temp/temp/cda55adc8dc340a396cc52e010aca7fa/hdl/pipeline_small.sv:766]
WARNING: [Synth 8-3936] Found unconnected internal register 'p_temp_reg' and it is trimmed from '32' to '31' bits. [/home/fpga/worker_place/temp/temp/cda55adc8dc340a396cc52e010aca7fa/hdl/divider.sv:30]
WARNING: [Synth 8-11357] Potential Runtime issue for 3D-RAM or RAM from Record/Structs for RAM  sum_spikes_reg with 32000 registers
WARNING: [Synth 8-6014] Unused sequential element header_bytes_reg[0] was removed.  [/home/fpga/worker_place/temp/temp/cda55adc8dc340a396cc52e010aca7fa/hdl/top_level.sv:364]
WARNING: [Synth 8-6014] Unused sequential element header_bytes_reg[1] was removed.  [/home/fpga/worker_place/temp/temp/cda55adc8dc340a396cc52e010aca7fa/hdl/top_level.sv:364]
WARNING: [Synth 8-6014] Unused sequential element header_bytes_reg[2] was removed.  [/home/fpga/worker_place/temp/temp/cda55adc8dc340a396cc52e010aca7fa/hdl/top_level.sv:364]
WARNING: [Synth 8-6014] Unused sequential element header_bytes_reg[3] was removed.  [/home/fpga/worker_place/temp/temp/cda55adc8dc340a396cc52e010aca7fa/hdl/top_level.sv:364]
WARNING: [Synth 8-6014] Unused sequential element header_bytes_reg[4] was removed.  [/home/fpga/worker_place/temp/temp/cda55adc8dc340a396cc52e010aca7fa/hdl/top_level.sv:364]
WARNING: [Synth 8-6014] Unused sequential element header_bytes_reg[5] was removed.  [/home/fpga/worker_place/temp/temp/cda55adc8dc340a396cc52e010aca7fa/hdl/top_level.sv:364]
WARNING: [Synth 8-6014] Unused sequential element header_bytes_reg[6] was removed.  [/home/fpga/worker_place/temp/temp/cda55adc8dc340a396cc52e010aca7fa/hdl/top_level.sv:364]
WARNING: [Synth 8-6014] Unused sequential element header_bytes_reg[7] was removed.  [/home/fpga/worker_place/temp/temp/cda55adc8dc340a396cc52e010aca7fa/hdl/top_level.sv:364]
WARNING: [Synth 8-6014] Unused sequential element header_bytes_reg[19] was removed.  [/home/fpga/worker_place/temp/temp/cda55adc8dc340a396cc52e010aca7fa/hdl/top_level.sv:364]
WARNING: [Synth 8-6014] Unused sequential element bfifo_wr_en_reg was removed.  [/home/fpga/worker_place/temp/temp/cda55adc8dc340a396cc52e010aca7fa/hdl/top_level.sv:499]
WARNING: [Synth 8-3917] design top_level has port led[15] driven by constant 0
WARNING: [Synth 8-3917] design top_level has port led[14] driven by constant 0
WARNING: [Synth 8-3917] design top_level has port led[13] driven by constant 0
WARNING: [Synth 8-3917] design top_level has port led[12] driven by constant 0
WARNING: [Synth 8-3917] design top_level has port led[11] driven by constant 0
WARNING: [Synth 8-3917] design top_level has port led[10] driven by constant 0
WARNING: [Synth 8-3917] design top_level has port led[9] driven by constant 0
WARNING: [Synth 8-3917] design top_level has port led[8] driven by constant 0
WARNING: [Synth 8-3917] design top_level has port led[7] driven by constant 0
WARNING: [Synth 8-3917] design top_level has port led[6] driven by constant 0
WARNING: [Synth 8-3917] design top_level has port led[5] driven by constant 0
WARNING: [Synth 8-3917] design top_level has port led[4] driven by constant 0
WARNING: [Synth 8-3917] design top_level has port led[3] driven by constant 0
WARNING: [Synth 8-3917] design top_level has port led[2] driven by constant 0
WARNING: [Synth 8-3917] design top_level has port rgb0[2] driven by constant 0
WARNING: [Synth 8-3917] design top_level has port rgb0[1] driven by constant 0
WARNING: [Synth 8-3917] design top_level has port rgb0[0] driven by constant 0
WARNING: [Synth 8-3917] design top_level has port rgb1[2] driven by constant 0
WARNING: [Synth 8-3917] design top_level has port rgb1[1] driven by constant 0
WARNING: [Synth 8-3917] design top_level has port rgb1[0] driven by constant 0
WARNING: [Synth 8-3917] design top_level has port ss1_an[3] driven by constant 1
WARNING: [Synth 8-3917] design top_level has port ss1_an[2] driven by constant 1
WARNING: [Synth 8-3917] design top_level has port ss1_an[1] driven by constant 1
WARNING: [Synth 8-3917] design top_level has port ss1_an[0] driven by constant 1
WARNING: [Synth 8-3917] design top_level has port ss1_c[6] driven by constant 1
WARNING: [Synth 8-3917] design top_level has port ss1_c[5] driven by constant 1
WARNING: [Synth 8-3917] design top_level has port ss1_c[4] driven by constant 1
WARNING: [Synth 8-3917] design top_level has port ss1_c[3] driven by constant 1
WARNING: [Synth 8-3917] design top_level has port ss1_c[2] driven by constant 1
WARNING: [Synth 8-3917] design top_level has port ss1_c[1] driven by constant 1
WARNING: [Synth 8-3917] design top_level has port ss1_c[0] driven by constant 1
WARNING: [Synth 8-3917] design top_level has port SD_DQ1 driven by constant 1
WARNING: [Synth 8-3917] design top_level has port SD_DQ2 driven by constant 1
WARNING: [Synth 8-7129] Port sw[15] in module top_level is either unconnected or has no load
WARNING: [Synth 8-7129] Port sw[14] in module top_level is either unconnected or has no load
WARNING: [Synth 8-7129] Port sw[13] in module top_level is either unconnected or has no load
WARNING: [Synth 8-7129] Port sw[12] in module top_level is either unconnected or has no load
WARNING: [Synth 8-7129] Port sw[11] in module top_level is either unconnected or has no load
WARNING: [Synth 8-7129] Port sw[10] in module top_level is either unconnected or has no load
WARNING: [Synth 8-7129] Port sw[9] in module top_level is either unconnected or has no load
WARNING: [Synth 8-7129] Port sw[8] in module top_level is either unconnected or has no load
WARNING: [Synth 8-7129] Port sw[7] in module top_level is either unconnected or has no load
WARNING: [Synth 8-7129] Port sw[6] in module top_level is either unconnected or has no load
WARNING: [Synth 8-7129] Port sw[5] in module top_level is either unconnected or has no load
WARNING: [Synth 8-7129] Port sw[4] in module top_level is either unconnected or has no load
WARNING: [Synth 8-7129] Port sw[3] in module top_level is either unconnected or has no load
WARNING: [Synth 8-7129] Port sw[2] in module top_level is either unconnected or has no load
WARNING: [Synth 8-7129] Port sw[1] in module top_level is either unconnected or has no load
WARNING: [Synth 8-7129] Port sw[0] in module top_level is either unconnected or has no load
---------------------------------------------------------------------------------
Finished RTL Elaboration : Time (s): cpu = 00:00:06 ; elapsed = 00:00:07 . Memory (MB): peak = 2630.898 ; gain = 964.641 ; free physical = 18899 ; free virtual = 36399
---------------------------------------------------------------------------------
---------------------------------------------------------------------------------
Start Handling Custom Attributes
---------------------------------------------------------------------------------
---------------------------------------------------------------------------------
Finished Handling Custom Attributes : Time (s): cpu = 00:00:07 ; elapsed = 00:00:07 . Memory (MB): peak = 2630.898 ; gain = 964.641 ; free physical = 18899 ; free virtual = 36399
---------------------------------------------------------------------------------
---------------------------------------------------------------------------------
Finished RTL Optimization Phase 1 : Time (s): cpu = 00:00:07 ; elapsed = 00:00:07 . Memory (MB): peak = 2630.898 ; gain = 964.641 ; free physical = 18899 ; free virtual = 36399
---------------------------------------------------------------------------------
Netlist sorting complete. Time (s): cpu = 00:00:00.56 ; elapsed = 00:00:00.56 . Memory (MB): peak = 2630.898 ; gain = 0.000 ; free physical = 18917 ; free virtual = 36417
INFO: [Project 1-570] Preparing netlist for logic optimization

Processing XDC Constraints
Initializing timing engine
Parsing XDC File [/home/fpga/worker_place/temp/temp/cda55adc8dc340a396cc52e010aca7fa/xdc/top_level.xdc]
WARNING: [Vivado 12-584] No ports matched 'pmoda[0]'. [/home/fpga/worker_place/temp/temp/cda55adc8dc340a396cc52e010aca7fa/xdc/top_level.xdc:93]
CRITICAL WARNING: [Common 17-55] 'set_property' expects at least one object. [/home/fpga/worker_place/temp/temp/cda55adc8dc340a396cc52e010aca7fa/xdc/top_level.xdc:93]
Resolution: If [get_<value>] was used to populate the object, check to make sure this command returns at least one valid object.
WARNING: [Vivado 12-584] No ports matched 'pmoda[1]'. [/home/fpga/worker_place/temp/temp/cda55adc8dc340a396cc52e010aca7fa/xdc/top_level.xdc:94]
CRITICAL WARNING: [Common 17-55] 'set_property' expects at least one object. [/home/fpga/worker_place/temp/temp/cda55adc8dc340a396cc52e010aca7fa/xdc/top_level.xdc:94]
Resolution: If [get_<value>] was used to populate the object, check to make sure this command returns at least one valid object.
WARNING: [Vivado 12-584] No ports matched 'pmoda[2]'. [/home/fpga/worker_place/temp/temp/cda55adc8dc340a396cc52e010aca7fa/xdc/top_level.xdc:95]
CRITICAL WARNING: [Common 17-55] 'set_property' expects at least one object. [/home/fpga/worker_place/temp/temp/cda55adc8dc340a396cc52e010aca7fa/xdc/top_level.xdc:95]
Resolution: If [get_<value>] was used to populate the object, check to make sure this command returns at least one valid object.
Finished Parsing XDC File [/home/fpga/worker_place/temp/temp/cda55adc8dc340a396cc52e010aca7fa/xdc/top_level.xdc]
INFO: [Project 1-236] Implementation specific constraints were found while reading constraint file [/home/fpga/worker_place/temp/temp/cda55adc8dc340a396cc52e010aca7fa/xdc/top_level.xdc]. These constraints will be ignored for synthesis but will be used in implementation. Impacted constraints are listed in the file [.Xil/top_level_propImpl.xdc].
Resolution: To avoid this warning, move constraints listed in [.Xil/top_level_propImpl.xdc] to another XDC file and exclude this new file from synthesis with the used_in_synthesis property (File Properties dialog in GUI) and re-run elaboration/synthesis.
Completed Processing XDC Constraints

Netlist sorting complete. Time (s): cpu = 00:00:00.02 ; elapsed = 00:00:00.02 . Memory (MB): peak = 2825.730 ; gain = 0.000 ; free physical = 18893 ; free virtual = 36393
INFO: [Project 1-111] Unisim Transformation Summary:
No Unisim elements were transformed.

Constraint Validation Runtime : Time (s): cpu = 00:00:00.16 ; elapsed = 00:00:00.16 . Memory (MB): peak = 2837.652 ; gain = 0.000 ; free physical = 18888 ; free virtual = 36388
---------------------------------------------------------------------------------
Finished Constraint Validation : Time (s): cpu = 00:00:17 ; elapsed = 00:00:16 . Memory (MB): peak = 2837.652 ; gain = 1171.395 ; free physical = 17849 ; free virtual = 35349
---------------------------------------------------------------------------------
---------------------------------------------------------------------------------
Start Loading Part and Timing Information
---------------------------------------------------------------------------------
Loading part: xc7s50csga324-1
---------------------------------------------------------------------------------
Finished Loading Part and Timing Information : Time (s): cpu = 00:00:17 ; elapsed = 00:00:16 . Memory (MB): peak = 2845.656 ; gain = 1179.398 ; free physical = 17849 ; free virtual = 35349
---------------------------------------------------------------------------------
---------------------------------------------------------------------------------
Start Applying 'set_property' XDC Constraints
---------------------------------------------------------------------------------
---------------------------------------------------------------------------------
Finished applying 'set_property' XDC Constraints : Time (s): cpu = 00:00:17 ; elapsed = 00:00:16 . Memory (MB): peak = 2845.656 ; gain = 1179.398 ; free physical = 17834 ; free virtual = 35334
---------------------------------------------------------------------------------
INFO: [Synth 8-802] inferred FSM for state register 'state_reg' in module 'pipeline_small'
INFO: [Synth 8-802] inferred FSM for state register 'state_reg' in module 'assign_labels_stream'
INFO: [Synth 8-802] inferred FSM for state register 'state_reg' in module 'prediction_stream'
---------------------------------------------------------------------------------------------------
                   State |                     New Encoding |                Previous Encoding 
---------------------------------------------------------------------------------------------------
                  S_IDLE |                              000 |                              000
            S_LABEL_INIT |                              001 |                              001
              S_DIV_WAIT |                              010 |                              011
            S_LABEL_NEXT |                              011 |                              100
           S_NEURON_NEXT |                              100 |                              101
                  S_DONE |                              101 |                              110
---------------------------------------------------------------------------------------------------
INFO: [Synth 8-3354] encoded FSM with state register 'state_reg' using encoding 'sequential' in module 'assign_labels_stream'
---------------------------------------------------------------------------------------------------
                   State |                     New Encoding |                Previous Encoding 
---------------------------------------------------------------------------------------------------
                  S_IDLE |                              000 |                              000
          S_ASSIGN_COUNT |                              001 |                              001
           S_SAMPLE_WAIT |                              010 |                              010
            S_LABEL_INIT |                              011 |                              011
              S_DIV_WAIT |                              100 |                              101
            S_LABEL_NEXT |                              101 |                              110
---------------------------------------------------------------------------------------------------
INFO: [Synth 8-3354] encoded FSM with state register 'state_reg' using encoding 'sequential' in module 'prediction_stream'
---------------------------------------------------------------------------------
Finished RTL Optimization Phase 2 : Time (s): cpu = 00:00:26 ; elapsed = 00:00:25 . Memory (MB): peak = 2849.742 ; gain = 1183.484 ; free physical = 15915 ; free virtual = 33423
---------------------------------------------------------------------------------
---------------------------------------------------------------------------------
Start RTL Component Statistics 
---------------------------------------------------------------------------------
Detailed RTL Component Info : 
+---Adders : 
	   2 Input   64 Bit       Adders := 1     
	   2 Input   32 Bit       Adders := 41    
	   3 Input   32 Bit       Adders := 9     
	   4 Input   32 Bit       Adders := 8     
	   3 Input   31 Bit       Adders := 2     
	   2 Input   16 Bit       Adders := 103   
	   2 Input   15 Bit       Adders := 1     
	   2 Input   14 Bit       Adders := 1     
	   2 Input   11 Bit       Adders := 7     
	   2 Input   10 Bit       Adders := 4     
	   2 Input    9 Bit       Adders := 1     
	   2 Input    8 Bit       Adders := 1     
	   2 Input    7 Bit       Adders := 4     
	   2 Input    6 Bit       Adders := 4     
	   2 Input    4 Bit       Adders := 6     
	   2 Input    3 Bit       Adders := 3     
	   2 Input    2 Bit       Adders := 3     
	   2 Input    1 Bit       Adders := 3     
+---Registers : 
	              800 Bit    Registers := 1     
	              784 Bit    Registers := 2     
	              400 Bit    Registers := 1     
	              116 Bit    Registers := 1     
	              100 Bit    Registers := 1     
	               64 Bit    Registers := 1     
	               56 Bit    Registers := 1     
	               32 Bit    Registers := 2855  
	               16 Bit    Registers := 312   
	               15 Bit    Registers := 1     
	               14 Bit    Registers := 1     
	               11 Bit    Registers := 5     
	               10 Bit    Registers := 8     
	                9 Bit    Registers := 1     
	                8 Bit    Registers := 16    
	                7 Bit    Registers := 15    
	                6 Bit    Registers := 19    
	                5 Bit    Registers := 3     
	                4 Bit    Registers := 10    
	                3 Bit    Registers := 6     
	                2 Bit    Registers := 6     
	                1 Bit    Registers := 58    
+---Multipliers : 
	              32x32  Multipliers := 3     
	              11x32  Multipliers := 6     
+---RAMs : 
	             612K Bit	(19600 X 32 bit)          RAMs := 4     
	              39K Bit	(10000 X 4 bit)          RAMs := 1     
	              16K Bit	(2048 X 8 bit)          RAMs := 1     
	              15K Bit	(500 X 32 bit)          RAMs := 1     
	               6K Bit	(200 X 32 bit)          RAMs := 1     
	               3K Bit	(100 X 32 bit)          RAMs := 9     
	               2K Bit	(2048 X 1 bit)          RAMs := 1     
	               1K Bit	(100 X 16 bit)          RAMs := 2     
+---Muxes : 
	   4 Input  800 Bit        Muxes := 1     
	   4 Input  784 Bit        Muxes := 2     
	   2 Input  784 Bit        Muxes := 1     
	   6 Input  400 Bit        Muxes := 1     
	   2 Input  400 Bit        Muxes := 1     
	  13 Input  100 Bit        Muxes := 1     
	   2 Input  100 Bit        Muxes := 1     
	  12 Input  100 Bit        Muxes := 1     
	  13 Input   64 Bit        Muxes := 1     
	  12 Input   32 Bit        Muxes := 2     
	   2 Input   32 Bit        Muxes := 66    
	   4 Input   32 Bit        Muxes := 5     
	  13 Input   32 Bit        Muxes := 6     
	   6 Input   32 Bit        Muxes := 4     
	   5 Input   32 Bit        Muxes := 1     
	  26 Input   32 Bit        Muxes := 1     
	   2 Input   31 Bit        Muxes := 2     
	   2 Input   16 Bit        Muxes := 502   
	   6 Input   16 Bit        Muxes := 1     
	   2 Input   14 Bit        Muxes := 3     
	   3 Input   13 Bit        Muxes := 1     
	   4 Input   11 Bit        Muxes := 1     
	  13 Input   10 Bit        Muxes := 3     
	  26 Input   10 Bit        Muxes := 2     
	   2 Input    9 Bit        Muxes := 1     
	   4 Input    9 Bit        Muxes := 1     
	  13 Input    8 Bit        Muxes := 1     
	   2 Input    8 Bit        Muxes := 2     
	  13 Input    7 Bit        Muxes := 6     
	   6 Input    7 Bit        Muxes := 2     
	   2 Input    7 Bit        Muxes := 2     
	  13 Input    6 Bit        Muxes := 2     
	   2 Input    6 Bit        Muxes := 2     
	   2 Input    5 Bit        Muxes := 3     
	  13 Input    4 Bit        Muxes := 2     
	  12 Input    4 Bit        Muxes := 1     
	   2 Input    4 Bit        Muxes := 6     
	   6 Input    4 Bit        Muxes := 4     
	   4 Input    4 Bit        Muxes := 1     
	   2 Input    3 Bit        Muxes := 12    
	  13 Input    3 Bit        Muxes := 1     
	   6 Input    3 Bit        Muxes := 2     
	   4 Input    3 Bit        Muxes := 1     
	   2 Input    2 Bit        Muxes := 5     
	   4 Input    2 Bit        Muxes := 3     
	   3 Input    2 Bit        Muxes := 1     
	  26 Input    2 Bit        Muxes := 1     
	  12 Input    1 Bit        Muxes := 27    
	  13 Input    1 Bit        Muxes := 1151  
	   2 Input    1 Bit        Muxes := 827   
	   4 Input    1 Bit        Muxes := 44    
	   6 Input    1 Bit        Muxes := 40    
	   3 Input    1 Bit        Muxes := 3     
	  26 Input    1 Bit        Muxes := 11    
---------------------------------------------------------------------------------
Finished RTL Component Statistics 
---------------------------------------------------------------------------------
---------------------------------------------------------------------------------
Start Part Resource Summary
---------------------------------------------------------------------------------
Part Resources:
DSPs: 120 (col length:60)
BRAMs: 150 (col length: RAMB18 60 RAMB36 30)
---------------------------------------------------------------------------------
Finished Part Resource Summary
---------------------------------------------------------------------------------
---------------------------------------------------------------------------------
Start Cross Boundary and Area Optimization
---------------------------------------------------------------------------------
DSP Report: Generating DSP stream_state5, operation Mode is: A2*B2.
DSP Report: register num_images_u32_reg is absorbed into DSP stream_state5.
DSP Report: register stream_state5 is absorbed into DSP stream_state5.
DSP Report: operator stream_state5 is absorbed into DSP stream_state5.
DSP Report: operator stream_state5 is absorbed into DSP stream_state5.
DSP Report: Generating DSP stream_state5, operation Mode is: (PCIN>>17)+A2*B2.
DSP Report: register n_time_u32_reg is absorbed into DSP stream_state5.
DSP Report: register num_images_u32_reg is absorbed into DSP stream_state5.
DSP Report: operator stream_state5 is absorbed into DSP stream_state5.
DSP Report: operator stream_state5 is absorbed into DSP stream_state5.
DSP Report: Generating DSP stream_state5, operation Mode is: A2*B2.
DSP Report: register stream_state5 is absorbed into DSP stream_state5.
DSP Report: register stream_state5 is absorbed into DSP stream_state5.
DSP Report: operator stream_state5 is absorbed into DSP stream_state5.
DSP Report: operator stream_state5 is absorbed into DSP stream_state5.
DSP Report: Generating DSP stream_state5, operation Mode is: (PCIN>>17)+A2*B2.
DSP Report: register n_time_u32_reg is absorbed into DSP stream_state5.
DSP Report: register stream_state5 is absorbed into DSP stream_state5.
DSP Report: operator stream_state5 is absorbed into DSP stream_state5.
DSP Report: operator stream_state5 is absorbed into DSP stream_state5.
DSP Report: Generating DSP stream_state4, operation Mode is: A2*B.
DSP Report: register stream_state4 is absorbed into DSP stream_state4.
DSP Report: operator stream_state4 is absorbed into DSP stream_state4.
DSP Report: operator stream_state4 is absorbed into DSP stream_state4.
DSP Report: Generating DSP stream_state4, operation Mode is: (PCIN>>17)+A*B2.
DSP Report: register n_neurons_u32_reg is absorbed into DSP stream_state4.
DSP Report: operator stream_state4 is absorbed into DSP stream_state4.
DSP Report: operator stream_state4 is absorbed into DSP stream_state4.
DSP Report: Generating DSP stream_state4, operation Mode is: A*B2.
DSP Report: register stream_state4 is absorbed into DSP stream_state4.
DSP Report: operator stream_state4 is absorbed into DSP stream_state4.
DSP Report: operator stream_state4 is absorbed into DSP stream_state4.
DSP Report: Generating DSP stream_state4, operation Mode is: (PCIN>>17)+A*B2.
DSP Report: register n_neurons_u32_reg is absorbed into DSP stream_state4.
DSP Report: operator stream_state4 is absorbed into DSP stream_state4.
DSP Report: operator stream_state4 is absorbed into DSP stream_state4.
WARNING: [Synth 8-3917] design top_level has port led[15] driven by constant 0
WARNING: [Synth 8-3917] design top_level has port led[14] driven by constant 0
WARNING: [Synth 8-3917] design top_level has port led[13] driven by constant 0
WARNING: [Synth 8-3917] design top_level has port led[12] driven by constant 0
WARNING: [Synth 8-3917] design top_level has port led[11] driven by constant 0
WARNING: [Synth 8-3917] design top_level has port led[10] driven by constant 0
WARNING: [Synth 8-3917] design top_level has port led[9] driven by constant 0
WARNING: [Synth 8-3917] design top_level has port led[8] driven by constant 0
WARNING: [Synth 8-3917] design top_level has port led[7] driven by constant 0
WARNING: [Synth 8-3917] design top_level has port led[6] driven by constant 0
WARNING: [Synth 8-3917] design top_level has port led[5] driven by constant 0
WARNING: [Synth 8-3917] design top_level has port led[4] driven by constant 0
WARNING: [Synth 8-3917] design top_level has port led[3] driven by constant 0
WARNING: [Synth 8-3917] design top_level has port led[2] driven by constant 0
WARNING: [Synth 8-3917] design top_level has port rgb0[2] driven by constant 0
WARNING: [Synth 8-3917] design top_level has port rgb0[1] driven by constant 0
WARNING: [Synth 8-3917] design top_level has port rgb0[0] driven by constant 0
WARNING: [Synth 8-3917] design top_level has port rgb1[2] driven by constant 0
WARNING: [Synth 8-3917] design top_level has port rgb1[1] driven by constant 0
WARNING: [Synth 8-3917] design top_level has port rgb1[0] driven by constant 0
WARNING: [Synth 8-3917] design top_level has port ss1_an[3] driven by constant 1
WARNING: [Synth 8-3917] design top_level has port ss1_an[2] driven by constant 1
WARNING: [Synth 8-3917] design top_level has port ss1_an[1] driven by constant 1
WARNING: [Synth 8-3917] design top_level has port ss1_an[0] driven by constant 1
WARNING: [Synth 8-3917] design top_level has port ss1_c[6] driven by constant 1
WARNING: [Synth 8-3917] design top_level has port ss1_c[5] driven by constant 1
WARNING: [Synth 8-3917] design top_level has port ss1_c[4] driven by constant 1
WARNING: [Synth 8-3917] design top_level has port ss1_c[3] driven by constant 1
WARNING: [Synth 8-3917] design top_level has port ss1_c[2] driven by constant 1
WARNING: [Synth 8-3917] design top_level has port ss1_c[1] driven by constant 1
WARNING: [Synth 8-3917] design top_level has port ss1_c[0] driven by constant 1
WARNING: [Synth 8-3917] design top_level has port SD_DQ1 driven by constant 1
WARNING: [Synth 8-3917] design top_level has port SD_DQ2 driven by constant 1
WARNING: [Synth 8-7129] Port sw[15] in module top_level is either unconnected or has no load
WARNING: [Synth 8-7129] Port sw[14] in module top_level is either unconnected or has no load
WARNING: [Synth 8-7129] Port sw[13] in module top_level is either unconnected or has no load
WARNING: [Synth 8-7129] Port sw[12] in module top_level is either unconnected or has no load
WARNING: [Synth 8-7129] Port sw[11] in module top_level is either unconnected or has no load
WARNING: [Synth 8-7129] Port sw[10] in module top_level is either unconnected or has no load
WARNING: [Synth 8-7129] Port sw[9] in module top_level is either unconnected or has no load
WARNING: [Synth 8-7129] Port sw[8] in module top_level is either unconnected or has no load
WARNING: [Synth 8-7129] Port sw[7] in module top_level is either unconnected or has no load
WARNING: [Synth 8-7129] Port sw[6] in module top_level is either unconnected or has no load
WARNING: [Synth 8-7129] Port sw[5] in module top_level is either unconnected or has no load
WARNING: [Synth 8-7129] Port sw[4] in module top_level is either unconnected or has no load
WARNING: [Synth 8-7129] Port sw[3] in module top_level is either unconnected or has no load
WARNING: [Synth 8-7129] Port sw[2] in module top_level is either unconnected or has no load
WARNING: [Synth 8-7129] Port sw[1] in module top_level is either unconnected or has no load
WARNING: [Synth 8-7129] Port sw[0] in module top_level is either unconnected or has no load
WARNING: [Synth 8-6849] Infeasible attribute ram_style = "block" set for RAM "pipeline_small__GB0/x_exc_next_reg",trying to implement using LUTRAM
WARNING: [Synth 8-6849] Infeasible attribute ram_style = "block" set for RAM "pipeline_small__GB0/x_exc_next_reg",trying to implement using LUTRAM
WARNING: [Synth 8-6849] Infeasible attribute ram_style = "block" set for RAM "pipeline_small__GB0/x_exc_next_reg",trying to implement using LUTRAM
WARNING: [Synth 8-6849] Infeasible attribute ram_style = "block" set for RAM "pipeline_small__GB0/x_exc_next_reg",trying to implement using LUTRAM
WARNING: [Synth 8-6849] Infeasible attribute ram_style = "block" set for RAM "pipeline_small__GB0/x_exc_next_reg",trying to implement using LUTRAM
WARNING: [Synth 8-6849] Infeasible attribute ram_style = "block" set for RAM "pipeline_small__GB0/x_exc_next_reg",trying to implement using LUTRAM
WARNING: [Synth 8-6849] Infeasible attribute ram_style = "block" set for RAM "pipeline_small__GB0/x_exc_next_reg",trying to implement using LUTRAM
WARNING: [Synth 8-6849] Infeasible attribute ram_style = "block" set for RAM "pipeline_small__GB0/x_exc_next_reg",trying to implement using LUTRAM
WARNING: [Synth 8-6849] Infeasible attribute ram_style = "block" set for RAM "pipeline_small__GB0/x_exc_next_reg",trying to implement using LUTRAM
WARNING: [Synth 8-6849] Infeasible attribute ram_style = "block" set for RAM "pipeline_small__GB0/x_exc_next_reg",trying to implement using LUTRAM
WARNING: [Synth 8-6849] Infeasible attribute ram_style = "block" set for RAM "pipeline_small__GB0/theta_next_reg",trying to implement using LUTRAM
WARNING: [Synth 8-6849] Infeasible attribute ram_style = "block" set for RAM "pipeline_small__GB0/theta_next_reg",trying to implement using LUTRAM
WARNING: [Synth 8-6849] Infeasible attribute ram_style = "block" set for RAM "pipeline_small__GB1/r_exc_next_reg",trying to implement using LUTRAM
WARNING: [Synth 8-6849] Infeasible attribute ram_style = "block" set for RAM "pipeline_small__GB1/r_exc_next_reg",trying to implement using LUTRAM
WARNING: [Synth 8-6849] Infeasible attribute ram_style = "block" set for RAM "pipeline_small__GB1/vthr_next_reg",trying to implement using LUTRAM
WARNING: [Synth 8-6849] Infeasible attribute ram_style = "block" set for RAM "pipeline_small__GB1/vthr_next_reg",trying to implement using LUTRAM
WARNING: [Synth 8-6849] Infeasible attribute ram_style = "block" set for RAM "pipeline_small__GB2/v_inh_next_reg",trying to implement using LUTRAM
WARNING: [Synth 8-6849] Infeasible attribute ram_style = "block" set for RAM "pipeline_small__GB2/v_inh_next_reg",trying to implement using LUTRAM
WARNING: [Synth 8-6849] Infeasible attribute ram_style = "block" set for RAM "pipeline_small__GB2/v_exc_next_reg",trying to implement using LUTRAM
WARNING: [Synth 8-6849] Infeasible attribute ram_style = "block" set for RAM "pipeline_small__GB2/v_exc_next_reg",trying to implement using LUTRAM
WARNING: [Synth 8-6849] Infeasible attribute ram_style = "block" set for RAM "pipeline_small__GB3/g_in_state_next_reg",trying to implement using LUTRAM
WARNING: [Synth 8-6849] Infeasible attribute ram_style = "block" set for RAM "pipeline_small__GB3/g_in_state_next_reg",trying to implement using LUTRAM
WARNING: [Synth 8-6849] Infeasible attribute ram_style = "block" set for RAM "pipeline_small__GB3/r_inh_next_reg",trying to implement using LUTRAM
WARNING: [Synth 8-6849] Infeasible attribute ram_style = "block" set for RAM "pipeline_small__GB3/r_inh_next_reg",trying to implement using LUTRAM
WARNING: [Synth 8-6849] Infeasible attribute ram_style = "block" set for RAM "pipeline_small__GB3/refr_inh_next_reg",trying to implement using LUTRAM
WARNING: [Synth 8-6849] Infeasible attribute ram_style = "block" set for RAM "pipeline_small__GB3/refr_inh_next_reg",trying to implement using LUTRAM
WARNING: [Synth 8-6849] Infeasible attribute ram_style = "block" set for RAM "pipeline_small__GB3/refr_exc_next_reg",trying to implement using LUTRAM
WARNING: [Synth 8-6849] Infeasible attribute ram_style = "block" set for RAM "pipeline_small__GB3/refr_exc_next_reg",trying to implement using LUTRAM
INFO: [Synth 8-4471] merging register 'stdp_g_reg[5:0]' into 'stdp_g_reg[5:0]' [/home/fpga/worker_place/temp/temp/cda55adc8dc340a396cc52e010aca7fa/hdl/pipeline_small.sv:395]
INFO: [Synth 8-4471] merging register 'stdp_g_reg[5:0]' into 'stdp_g_reg[5:0]' [/home/fpga/worker_place/temp/temp/cda55adc8dc340a396cc52e010aca7fa/hdl/pipeline_small.sv:395]
INFO: [Synth 8-4471] merging register 'stdp_g_reg[5:0]' into 'stdp_g_reg[5:0]' [/home/fpga/worker_place/temp/temp/cda55adc8dc340a396cc52e010aca7fa/hdl/pipeline_small.sv:395]
INFO: [Synth 8-4471] merging register 'stdp_g_reg[5:0]' into 'stdp_g_reg[5:0]' [/home/fpga/worker_place/temp/temp/cda55adc8dc340a396cc52e010aca7fa/hdl/pipeline_small.sv:395]
INFO: [Synth 8-4471] merging register 'scan_group_idx_reg[5:0]' into 'scan_group_idx_reg[5:0]' [/home/fpga/worker_place/temp/temp/cda55adc8dc340a396cc52e010aca7fa/hdl/pipeline_small.sv:391]
INFO: [Synth 8-4471] merging register 'scan_group_idx_reg[5:0]' into 'scan_group_idx_reg[5:0]' [/home/fpga/worker_place/temp/temp/cda55adc8dc340a396cc52e010aca7fa/hdl/pipeline_small.sv:391]
INFO: [Synth 8-4471] merging register 'stdp_g_reg[5:0]' into 'stdp_g_reg[5:0]' [/home/fpga/worker_place/temp/temp/cda55adc8dc340a396cc52e010aca7fa/hdl/pipeline_small.sv:395]
INFO: [Synth 8-4471] merging register 'scan_group_idx_reg[5:0]' into 'scan_group_idx_reg[5:0]' [/home/fpga/worker_place/temp/temp/cda55adc8dc340a396cc52e010aca7fa/hdl/pipeline_small.sv:391]
INFO: [Synth 8-4471] merging register 'stdp_g_reg[5:0]' into 'stdp_g_reg[5:0]' [/home/fpga/worker_place/temp/temp/cda55adc8dc340a396cc52e010aca7fa/hdl/pipeline_small.sv:395]
INFO: [Synth 8-4471] merging register 'scan_group_idx_reg[5:0]' into 'scan_group_idx_reg[5:0]' [/home/fpga/worker_place/temp/temp/cda55adc8dc340a396cc52e010aca7fa/hdl/pipeline_small.sv:391]
INFO: [Synth 8-4471] merging register 'stdp_g_reg[5:0]' into 'stdp_g_reg[5:0]' [/home/fpga/worker_place/temp/temp/cda55adc8dc340a396cc52e010aca7fa/hdl/pipeline_small.sv:395]
INFO: [Synth 8-4471] merging register 'scan_group_idx_reg[5:0]' into 'scan_group_idx_reg[5:0]' [/home/fpga/worker_place/temp/temp/cda55adc8dc340a396cc52e010aca7fa/hdl/pipeline_small.sv:391]
INFO: [Synth 8-4471] merging register 'scan_group_idx_reg[5:0]' into 'scan_group_idx_reg[5:0]' [/home/fpga/worker_place/temp/temp/cda55adc8dc340a396cc52e010aca7fa/hdl/pipeline_small.sv:391]
INFO: [Synth 8-4471] merging register 'scan_group_idx_reg[5:0]' into 'scan_group_idx_reg[5:0]' [/home/fpga/worker_place/temp/temp/cda55adc8dc340a396cc52e010aca7fa/hdl/pipeline_small.sv:391]
INFO: [Synth 8-4471] merging register 'scan_group_idx_reg[5:0]' into 'scan_group_idx_reg[5:0]' [/home/fpga/worker_place/temp/temp/cda55adc8dc340a396cc52e010aca7fa/hdl/pipeline_small.sv:391]
INFO: [Synth 8-4471] merging register 'neuron_idx_reg[7:0]' into 'neuron_idx_reg[7:0]' [/home/fpga/worker_place/temp/temp/cda55adc8dc340a396cc52e010aca7fa/hdl/pipeline_small.sv:396]
INFO: [Synth 8-4471] merging register 'stdp_g_reg[5:0]' into 'stdp_g_reg[5:0]' [/home/fpga/worker_place/temp/temp/cda55adc8dc340a396cc52e010aca7fa/hdl/pipeline_small.sv:395]
INFO: [Synth 8-4471] merging register 'scan_group_idx_reg[5:0]' into 'scan_group_idx_reg[5:0]' [/home/fpga/worker_place/temp/temp/cda55adc8dc340a396cc52e010aca7fa/hdl/pipeline_small.sv:391]
INFO: [Synth 8-4471] merging register 'stdp_g_reg[5:0]' into 'stdp_g_reg[5:0]' [/home/fpga/worker_place/temp/temp/cda55adc8dc340a396cc52e010aca7fa/hdl/pipeline_small.sv:395]
INFO: [Synth 8-4471] merging register 'scan_group_idx_reg[5:0]' into 'scan_group_idx_reg[5:0]' [/home/fpga/worker_place/temp/temp/cda55adc8dc340a396cc52e010aca7fa/hdl/pipeline_small.sv:391]
INFO: [Synth 8-4471] merging register 'stdp_g_reg[5:0]' into 'stdp_g_reg[5:0]' [/home/fpga/worker_place/temp/temp/cda55adc8dc340a396cc52e010aca7fa/hdl/pipeline_small.sv:395]
INFO: [Synth 8-4471] merging register 'scan_group_idx_reg[5:0]' into 'scan_group_idx_reg[5:0]' [/home/fpga/worker_place/temp/temp/cda55adc8dc340a396cc52e010aca7fa/hdl/pipeline_small.sv:391]
INFO: [Synth 8-4471] merging register 'stdp_g_reg[5:0]' into 'stdp_g_reg[5:0]' [/home/fpga/worker_place/temp/temp/cda55adc8dc340a396cc52e010aca7fa/hdl/pipeline_small.sv:395]
INFO: [Synth 8-12192] Not enough pipeline registers after wide multiplier. Pipeline registers present is 0. Recommended levels of pipeline registers is 4. [/home/fpga/worker_place/temp/temp/cda55adc8dc340a396cc52e010aca7fa/hdl/pipeline_small.sv:235]
INFO: [Synth 8-5544] ROM "calc_phase" won't be mapped to Block RAM because address size (4) smaller than threshold (5)
DSP Report: Generating DSP u_wmem/addr_from_return, operation Mode is: C'+A2*(B:0x310).
DSP Report: register u_wmem/addr_from_return is absorbed into DSP u_wmem/addr_from_return.
DSP Report: register u_wmem/addr_from_return is absorbed into DSP u_wmem/addr_from_return.
DSP Report: operator u_wmem/addr_from_return is absorbed into DSP u_wmem/addr_from_return.
DSP Report: operator p_0_out is absorbed into DSP u_wmem/addr_from_return.
DSP Report: Generating DSP u_wmem/dbg_addr_reg_rep, operation Mode is: C+A*(B:0x310).
DSP Report: register u_wmem/dbg_addr_reg_rep is absorbed into DSP u_wmem/dbg_addr_reg_rep.
DSP Report: operator u_wmem/addr_from_return is absorbed into DSP u_wmem/dbg_addr_reg_rep.
DSP Report: operator u_wmem/addr_from_return0 is absorbed into DSP u_wmem/dbg_addr_reg_rep.
DSP Report: Generating DSP u_wmem/addr_from_return, operation Mode is: C'+A2*(B:0x310).
DSP Report: register u_wmem/addr_from_return is absorbed into DSP u_wmem/addr_from_return.
DSP Report: register u_wmem/addr_from_return is absorbed into DSP u_wmem/addr_from_return.
DSP Report: operator u_wmem/addr_from_return is absorbed into DSP u_wmem/addr_from_return.
DSP Report: operator u_wmem/addr_from_return0 is absorbed into DSP u_wmem/addr_from_return.
DSP Report: Generating DSP u_wmem/addr_from_return, operation Mode is: C'+A2*(B:0x310).
DSP Report: register u_wmem/addr_from_return is absorbed into DSP u_wmem/addr_from_return.
DSP Report: register u_wmem/addr_from_return is absorbed into DSP u_wmem/addr_from_return.
DSP Report: operator u_wmem/addr_from_return is absorbed into DSP u_wmem/addr_from_return.
DSP Report: operator p_0_out is absorbed into DSP u_wmem/addr_from_return.
DSP Report: Generating DSP u_wmem/addr_from_return, operation Mode is: C'+A2*(B:0x310).
DSP Report: register u_wmem/addr_from_return is absorbed into DSP u_wmem/addr_from_return.
DSP Report: register u_wmem/addr_from_return is absorbed into DSP u_wmem/addr_from_return.
DSP Report: operator u_wmem/addr_from_return is absorbed into DSP u_wmem/addr_from_return.
DSP Report: operator u_wmem/addr_from_return0 is absorbed into DSP u_wmem/addr_from_return.
DSP Report: Generating DSP u_wmem/addr_from_return, operation Mode is: C'+A2*(B:0x310).
DSP Report: register u_wmem/addr_from_return is absorbed into DSP u_wmem/addr_from_return.
DSP Report: register u_wmem/addr_from_return is absorbed into DSP u_wmem/addr_from_return.
DSP Report: operator u_wmem/addr_from_return is absorbed into DSP u_wmem/addr_from_return.
DSP Report: operator p_0_out is absorbed into DSP u_wmem/addr_from_return.
DSP Report: Generating DSP u_wmem/addr_from_return, operation Mode is: C'+A2*(B:0x310).
DSP Report: register u_wmem/addr_from_return is absorbed into DSP u_wmem/addr_from_return.
DSP Report: register u_wmem/addr_from_return is absorbed into DSP u_wmem/addr_from_return.
DSP Report: operator u_wmem/addr_from_return is absorbed into DSP u_wmem/addr_from_return.
DSP Report: operator u_wmem/addr_from_return0 is absorbed into DSP u_wmem/addr_from_return.
DSP Report: Generating DSP u_wmem/addr_from_return, operation Mode is: C'+A2*(B:0x310).
DSP Report: register u_wmem/addr_from_return is absorbed into DSP u_wmem/addr_from_return.
DSP Report: register u_wmem/addr_from_return is absorbed into DSP u_wmem/addr_from_return.
DSP Report: operator u_wmem/addr_from_return is absorbed into DSP u_wmem/addr_from_return.
DSP Report: operator p_0_out is absorbed into DSP u_wmem/addr_from_return.
DSP Report: Generating DSP u_wmem/addr_from_return, operation Mode is: C'+A2*(B:0x310).
DSP Report: register u_wmem/addr_from_return is absorbed into DSP u_wmem/addr_from_return.
DSP Report: register u_wmem/addr_from_return is absorbed into DSP u_wmem/addr_from_return.
DSP Report: operator u_wmem/addr_from_return is absorbed into DSP u_wmem/addr_from_return.
DSP Report: operator u_wmem/addr_from_return0 is absorbed into DSP u_wmem/addr_from_return.
DSP Report: Generating DSP mul_result1, operation Mode is: A2*B2.
DSP Report: register mul_a_reg is absorbed into DSP mul_result1.
DSP Report: register mul_result1 is absorbed into DSP mul_result1.
DSP Report: operator mul_result1 is absorbed into DSP mul_result1.
DSP Report: operator mul_result1 is absorbed into DSP mul_result1.
DSP Report: Generating DSP mul_result1, operation Mode is: (PCIN>>17)+A2*B.
DSP Report: register mul_a_reg is absorbed into DSP mul_result1.
DSP Report: operator mul_result1 is absorbed into DSP mul_result1.
DSP Report: operator mul_result1 is absorbed into DSP mul_result1.
DSP Report: Generating DSP mul_result1, operation Mode is: A2*B2.
DSP Report: register mul_result1 is absorbed into DSP mul_result1.
DSP Report: register mul_result1 is absorbed into DSP mul_result1.
DSP Report: operator mul_result1 is absorbed into DSP mul_result1.
DSP Report: operator mul_result1 is absorbed into DSP mul_result1.
DSP Report: Generating DSP mul_result1, operation Mode is: (PCIN>>17)+A2*B.
DSP Report: register mul_result1 is absorbed into DSP mul_result1.
DSP Report: operator mul_result1 is absorbed into DSP mul_result1.
DSP Report: operator mul_result1 is absorbed into DSP mul_result1.
WARNING: [Synth 8-3917] design pipeline_small__GB4 has port P[1] driven by constant 1
WARNING: [Synth 8-3917] design pipeline_small__GB4 has port P[0] driven by constant 1
WARNING: [Synth 8-3917] design pipeline_small__GB4 has port O12[1] driven by constant 1
WARNING: [Synth 8-3917] design pipeline_small__GB4 has port O12[0] driven by constant 0
WARNING: [Synth 8-3917] design pipeline_small__GB4 has port O14[1] driven by constant 0
WARNING: [Synth 8-3917] design pipeline_small__GB4 has port O14[0] driven by constant 1
WARNING: [Synth 8-3917] design pipeline_small__GB4 has port O15[1] driven by constant 0
WARNING: [Synth 8-3917] design pipeline_small__GB4 has port O15[0] driven by constant 0
WARNING: [Synth 8-6849] Infeasible attribute ram_style = "block" set for RAM "pipeline_small__GB4/u_wmem/mem0_reg",trying to implement using LUTRAM
WARNING: [Synth 8-6849] Infeasible attribute ram_style = "block" set for RAM "pipeline_small__GB4/u_wmem/mem0_reg",trying to implement using LUTRAM
WARNING: [Synth 8-6849] Infeasible attribute ram_style = "block" set for RAM "pipeline_small__GB4/u_wmem/mem0_reg",trying to implement using LUTRAM
WARNING: [Synth 8-6849] Infeasible attribute ram_style = "block" set for RAM "pipeline_small__GB4/u_wmem/mem0_reg",trying to implement using LUTRAM
WARNING: [Synth 8-6849] Infeasible attribute ram_style = "block" set for RAM "pipeline_small__GB4/u_wmem/mem0_reg",trying to implement using LUTRAM
WARNING: [Synth 8-6849] Infeasible attribute ram_style = "block" set for RAM "pipeline_small__GB4/u_wmem/mem0_reg",trying to implement using LUTRAM
WARNING: [Synth 8-6849] Infeasible attribute ram_style = "block" set for RAM "pipeline_small__GB4/u_wmem/mem1_reg",trying to implement using LUTRAM
WARNING: [Synth 8-6849] Infeasible attribute ram_style = "block" set for RAM "pipeline_small__GB4/u_wmem/mem1_reg",trying to implement using LUTRAM
WARNING: [Synth 8-6849] Infeasible attribute ram_style = "block" set for RAM "pipeline_small__GB4/u_wmem/mem1_reg",trying to implement using LUTRAM
WARNING: [Synth 8-6849] Infeasible attribute ram_style = "block" set for RAM "pipeline_small__GB4/u_wmem/mem1_reg",trying to implement using LUTRAM
WARNING: [Synth 8-6849] Infeasible attribute ram_style = "block" set for RAM "pipeline_small__GB4/u_wmem/mem1_reg",trying to implement using LUTRAM
WARNING: [Synth 8-6849] Infeasible attribute ram_style = "block" set for RAM "pipeline_small__GB4/u_wmem/mem1_reg",trying to implement using LUTRAM
WARNING: [Synth 8-6849] Infeasible attribute ram_style = "block" set for RAM "pipeline_small__GB4/u_wmem/mem2_reg",trying to implement using LUTRAM
WARNING: [Synth 8-6849] Infeasible attribute ram_style = "block" set for RAM "pipeline_small__GB4/u_wmem/mem2_reg",trying to implement using LUTRAM
WARNING: [Synth 8-6849] Infeasible attribute ram_style = "block" set for RAM "pipeline_small__GB4/u_wmem/mem2_reg",trying to implement using LUTRAM
WARNING: [Synth 8-6849] Infeasible attribute ram_style = "block" set for RAM "pipeline_small__GB4/u_wmem/mem2_reg",trying to implement using LUTRAM
WARNING: [Synth 8-6849] Infeasible attribute ram_style = "block" set for RAM "pipeline_small__GB4/u_wmem/mem2_reg",trying to implement using LUTRAM
WARNING: [Synth 8-6849] Infeasible attribute ram_style = "block" set for RAM "pipeline_small__GB4/u_wmem/mem2_reg",trying to implement using LUTRAM
WARNING: [Synth 8-6849] Infeasible attribute ram_style = "block" set for RAM "pipeline_small__GB4/u_wmem/mem3_reg",trying to implement using LUTRAM
WARNING: [Synth 8-6849] Infeasible attribute ram_style = "block" set for RAM "pipeline_small__GB4/u_wmem/mem3_reg",trying to implement using LUTRAM
WARNING: [Synth 8-6849] Infeasible attribute ram_style = "block" set for RAM "pipeline_small__GB4/u_wmem/mem3_reg",trying to implement using LUTRAM
WARNING: [Synth 8-6849] Infeasible attribute ram_style = "block" set for RAM "pipeline_small__GB4/u_wmem/mem3_reg",trying to implement using LUTRAM
WARNING: [Synth 8-6849] Infeasible attribute ram_style = "block" set for RAM "pipeline_small__GB4/u_wmem/mem3_reg",trying to implement using LUTRAM
WARNING: [Synth 8-6849] Infeasible attribute ram_style = "block" set for RAM "pipeline_small__GB4/u_wmem/mem3_reg",trying to implement using LUTRAM
WARNING: [Synth 8-6849] Infeasible attribute ram_style = "block" set for RAM "pipeline_small__GB4/g_exc_next_reg",trying to implement using LUTRAM
WARNING: [Synth 8-6849] Infeasible attribute ram_style = "block" set for RAM "pipeline_small__GB4/g_exc_next_reg",trying to implement using LUTRAM
INFO: [Synth 8-3886] merging instance 'neuron_idx_reg[1]__0' (FDRE) to 'neuron_idx_reg[1]'
INFO: [Synth 8-3886] merging instance 'neuron_idx_reg[0]__0' (FDRE) to 'neuron_idx_reg[0]'
INFO: [Synth 8-3886] merging instance 'neuron_idx_reg[2]__0' (FDRE) to 'neuron_idx_reg[2]'
INFO: [Synth 8-3886] merging instance 'neuron_idx_reg[3]__0' (FDRE) to 'neuron_idx_reg[3]'
INFO: [Synth 8-3886] merging instance 'neuron_idx_reg[4]__0' (FDRE) to 'neuron_idx_reg[4]'
INFO: [Synth 8-3886] merging instance 'neuron_idx_reg[5]__0' (FDRE) to 'neuron_idx_reg[5]'
INFO: [Synth 8-3886] merging instance 'neuron_idx_reg[6]__0' (FDRE) to 'neuron_idx_reg[6]'
INFO: [Synth 8-3886] merging instance 'mul_result_reg[31]' (FDR) to 'mul_result_reg[15]'
INFO: [Synth 8-3886] merging instance 'i_syn_exc_val_reg[31]' (FDRE) to 'i_syn_exc_val_reg[15]'
INFO: [Synth 8-3886] merging instance 'g_exc_next_val_reg[31]' (FDRE) to 'g_exc_next_val_reg[15]'
INFO: [Synth 8-3886] merging instance 'mul_result_reg[15]' (FDR) to 'mul_result_reg[16]'
INFO: [Synth 8-3886] merging instance 'i_syn_exc_val_reg[15]' (FDRE) to 'i_syn_exc_val_reg[16]'
INFO: [Synth 8-3886] merging instance 'g_exc_next_val_reg[15]' (FDRE) to 'g_exc_next_val_reg[16]'
INFO: [Synth 8-3886] merging instance 'mul_result_reg[16]' (FDR) to 'mul_result_reg[17]'
INFO: [Synth 8-3886] merging instance 'i_syn_exc_val_reg[16]' (FDRE) to 'i_syn_exc_val_reg[17]'
INFO: [Synth 8-3886] merging instance 'g_exc_next_val_reg[16]' (FDRE) to 'g_exc_next_val_reg[17]'
INFO: [Synth 8-3886] merging instance 'mul_result_reg[17]' (FDR) to 'mul_result_reg[18]'
INFO: [Synth 8-3886] merging instance 'i_syn_exc_val_reg[17]' (FDRE) to 'i_syn_exc_val_reg[18]'
INFO: [Synth 8-3886] merging instance 'g_exc_next_val_reg[17]' (FDRE) to 'g_exc_next_val_reg[18]'
INFO: [Synth 8-3886] merging instance 'mul_result_reg[18]' (FDR) to 'mul_result_reg[19]'
INFO: [Synth 8-3886] merging instance 'i_syn_exc_val_reg[18]' (FDRE) to 'i_syn_exc_val_reg[19]'
INFO: [Synth 8-3886] merging instance 'g_exc_next_val_reg[18]' (FDRE) to 'g_exc_next_val_reg[19]'
INFO: [Synth 8-3886] merging instance 'mul_result_reg[19]' (FDR) to 'mul_result_reg[20]'
INFO: [Synth 8-3886] merging instance 'i_syn_exc_val_reg[19]' (FDRE) to 'i_syn_exc_val_reg[20]'
INFO: [Synth 8-3886] merging instance 'g_exc_next_val_reg[19]' (FDRE) to 'g_exc_next_val_reg[20]'
INFO: [Synth 8-3886] merging instance 'mul_result_reg[20]' (FDR) to 'mul_result_reg[21]'
INFO: [Synth 8-3886] merging instance 'i_syn_exc_val_reg[20]' (FDRE) to 'i_syn_exc_val_reg[21]'
INFO: [Synth 8-3886] merging instance 'g_exc_next_val_reg[20]' (FDRE) to 'g_exc_next_val_reg[21]'
INFO: [Synth 8-3886] merging instance 'mul_result_reg[21]' (FDR) to 'mul_result_reg[22]'
INFO: [Synth 8-3886] merging instance 'i_syn_exc_val_reg[21]' (FDRE) to 'i_syn_exc_val_reg[22]'
INFO: [Synth 8-3886] merging instance 'g_exc_next_val_reg[21]' (FDRE) to 'g_exc_next_val_reg[22]'
INFO: [Synth 8-3886] merging instance 'mul_result_reg[22]' (FDR) to 'mul_result_reg[23]'
INFO: [Synth 8-3886] merging instance 'i_syn_exc_val_reg[22]' (FDRE) to 'i_syn_exc_val_reg[23]'
INFO: [Synth 8-3886] merging instance 'g_exc_next_val_reg[22]' (FDRE) to 'g_exc_next_val_reg[23]'
INFO: [Synth 8-3886] merging instance 'mul_result_reg[23]' (FDR) to 'mul_result_reg[24]'
INFO: [Synth 8-3886] merging instance 'i_syn_exc_val_reg[23]' (FDRE) to 'i_syn_exc_val_reg[24]'
INFO: [Synth 8-3886] merging instance 'g_exc_next_val_reg[23]' (FDRE) to 'g_exc_next_val_reg[24]'
INFO: [Synth 8-3886] merging instance 'mul_result_reg[24]' (FDR) to 'mul_result_reg[25]'
INFO: [Synth 8-3886] merging instance 'i_syn_exc_val_reg[24]' (FDRE) to 'i_syn_exc_val_reg[25]'
INFO: [Synth 8-3886] merging instance 'g_exc_next_val_reg[24]' (FDRE) to 'g_exc_next_val_reg[25]'
INFO: [Synth 8-3886] merging instance 'mul_result_reg[25]' (FDR) to 'mul_result_reg[26]'
INFO: [Synth 8-3886] merging instance 'i_syn_exc_val_reg[25]' (FDRE) to 'i_syn_exc_val_reg[26]'
INFO: [Synth 8-3886] merging instance 'g_exc_next_val_reg[25]' (FDRE) to 'g_exc_next_val_reg[26]'
INFO: [Synth 8-3886] merging instance 'mul_result_reg[26]' (FDR) to 'mul_result_reg[27]'
INFO: [Synth 8-3886] merging instance 'i_syn_exc_val_reg[26]' (FDRE) to 'i_syn_exc_val_reg[27]'
INFO: [Synth 8-3886] merging instance 'g_exc_next_val_reg[26]' (FDRE) to 'g_exc_next_val_reg[27]'
INFO: [Synth 8-3886] merging instance 'mul_result_reg[27]' (FDR) to 'mul_result_reg[28]'
INFO: [Synth 8-3886] merging instance 'i_syn_exc_val_reg[27]' (FDRE) to 'i_syn_exc_val_reg[28]'
INFO: [Synth 8-3886] merging instance 'g_exc_next_val_reg[27]' (FDRE) to 'g_exc_next_val_reg[28]'
INFO: [Synth 8-3886] merging instance 'mul_result_reg[28]' (FDR) to 'mul_result_reg[29]'
INFO: [Synth 8-3886] merging instance 'i_syn_exc_val_reg[28]' (FDRE) to 'i_syn_exc_val_reg[29]'
INFO: [Synth 8-3886] merging instance 'g_exc_next_val_reg[28]' (FDRE) to 'g_exc_next_val_reg[29]'
INFO: [Synth 8-3886] merging instance 'mul_result_reg[29]' (FDR) to 'mul_result_reg[30]'
INFO: [Synth 8-3886] merging instance 'i_syn_exc_val_reg[29]' (FDRE) to 'i_syn_exc_val_reg[30]'
INFO: [Synth 8-3886] merging instance 'g_exc_next_val_reg[29]' (FDRE) to 'g_exc_next_val_reg[30]'
INFO: [Synth 8-3886] merging instance 'neuron_idx_reg[7]__0' (FDRE) to 'neuron_idx_reg[7]'
INFO: [Synth 8-3886] merging instance 'mem_w_en_reg[0]' (FDE) to 'mem_w_en_reg[1]'
INFO: [Synth 8-3886] merging instance 'mem_w_en_reg[1]' (FDE) to 'mem_w_en_reg[2]'
INFO: [Synth 8-3886] merging instance 'mem_w_en_reg[2]' (FDE) to 'mem_w_en_reg[3]'
INFO: [Synth 8-3886] merging instance 'g_inh_state_reg[63][15]' (FDRE) to 'g_inh_state_reg[63][31]'
INFO: [Synth 8-3886] merging instance 'g_inh_state_reg[62][15]' (FDRE) to 'g_inh_state_reg[62][31]'
INFO: [Synth 8-3886] merging instance 'g_inh_state_reg[61][15]' (FDRE) to 'g_inh_state_reg[61][31]'
INFO: [Synth 8-3886] merging instance 'g_inh_state_reg[60][15]' (FDRE) to 'g_inh_state_reg[60][31]'
INFO: [Synth 8-3886] merging instance 'g_inh_state_reg[59][15]' (FDRE) to 'g_inh_state_reg[59][31]'
INFO: [Synth 8-3886] merging instance 'g_inh_state_reg[58][15]' (FDRE) to 'g_inh_state_reg[58][31]'
INFO: [Synth 8-3886] merging instance 'g_inh_state_reg[57][15]' (FDRE) to 'g_inh_state_reg[57][31]'
INFO: [Synth 8-3886] merging instance 'g_inh_state_reg[56][15]' (FDRE) to 'g_inh_state_reg[56][31]'
INFO: [Synth 8-3886] merging instance 'g_inh_state_reg[55][15]' (FDRE) to 'g_inh_state_reg[55][31]'
INFO: [Synth 8-3886] merging instance 'g_inh_state_reg[54][15]' (FDRE) to 'g_inh_state_reg[54][31]'
INFO: [Synth 8-3886] merging instance 'g_inh_state_reg[53][15]' (FDRE) to 'g_inh_state_reg[53][31]'
INFO: [Synth 8-3886] merging instance 'g_inh_state_reg[52][15]' (FDRE) to 'g_inh_state_reg[52][31]'
INFO: [Synth 8-3886] merging instance 'g_inh_state_reg[51][15]' (FDRE) to 'g_inh_state_reg[51][31]'
INFO: [Synth 8-3886] merging instance 'g_inh_state_reg[50][15]' (FDRE) to 'g_inh_state_reg[50][31]'
INFO: [Synth 8-3886] merging instance 'g_inh_state_reg[49][15]' (FDRE) to 'g_inh_state_reg[49][31]'
INFO: [Synth 8-3886] merging instance 'g_inh_state_reg[48][15]' (FDRE) to 'g_inh_state_reg[48][31]'
INFO: [Synth 8-3886] merging instance 'g_inh_state_reg[47][15]' (FDRE) to 'g_inh_state_reg[47][31]'
INFO: [Synth 8-3886] merging instance 'g_inh_state_reg[46][15]' (FDRE) to 'g_inh_state_reg[46][31]'
INFO: [Synth 8-3886] merging instance 'g_inh_state_reg[45][15]' (FDRE) to 'g_inh_state_reg[45][31]'
INFO: [Synth 8-3886] merging instance 'g_inh_state_reg[44][15]' (FDRE) to 'g_inh_state_reg[44][31]'
INFO: [Synth 8-3886] merging instance 'g_inh_state_reg[43][15]' (FDRE) to 'g_inh_state_reg[43][31]'
INFO: [Synth 8-3886] merging instance 'g_inh_state_reg[42][15]' (FDRE) to 'g_inh_state_reg[42][31]'
INFO: [Synth 8-3886] merging instance 'g_inh_state_reg[41][15]' (FDRE) to 'g_inh_state_reg[41][31]'
INFO: [Synth 8-3886] merging instance 'g_inh_state_reg[40][15]' (FDRE) to 'g_inh_state_reg[40][31]'
INFO: [Synth 8-3886] merging instance 'g_inh_state_reg[39][15]' (FDRE) to 'g_inh_state_reg[39][31]'
INFO: [Synth 8-3886] merging instance 'g_inh_state_reg[38][15]' (FDRE) to 'g_inh_state_reg[38][31]'
INFO: [Synth 8-3886] merging instance 'g_inh_state_reg[37][15]' (FDRE) to 'g_inh_state_reg[37][31]'
INFO: [Synth 8-3886] merging instance 'g_inh_state_reg[36][15]' (FDRE) to 'g_inh_state_reg[36][31]'
INFO: [Synth 8-3886] merging instance 'g_inh_state_reg[35][15]' (FDRE) to 'g_inh_state_reg[35][31]'
INFO: [Synth 8-3886] merging instance 'g_inh_state_reg[34][15]' (FDRE) to 'g_inh_state_reg[34][31]'
INFO: [Synth 8-3886] merging instance 'g_inh_state_reg[33][15]' (FDRE) to 'g_inh_state_reg[33][31]'
INFO: [Synth 8-3886] merging instance 'g_inh_state_reg[32][15]' (FDRE) to 'g_inh_state_reg[32][31]'
INFO: [Synth 8-3886] merging instance 'g_inh_state_reg[31][15]' (FDRE) to 'g_inh_state_reg[31][31]'
INFO: [Synth 8-3886] merging instance 'g_inh_state_reg[30][15]' (FDRE) to 'g_inh_state_reg[30][31]'
INFO: [Synth 8-3886] merging instance 'g_inh_state_reg[29][15]' (FDRE) to 'g_inh_state_reg[29][31]'
INFO: [Synth 8-3886] merging instance 'g_inh_state_reg[28][15]' (FDRE) to 'g_inh_state_reg[28][31]'
INFO: [Synth 8-3886] merging instance 'g_inh_state_reg[27][15]' (FDRE) to 'g_inh_state_reg[27][31]'
INFO: [Synth 8-3886] merging instance 'g_inh_state_reg[26][15]' (FDRE) to 'g_inh_state_reg[26][31]'
INFO: [Synth 8-3886] merging instance 'g_inh_state_reg[25][15]' (FDRE) to 'g_inh_state_reg[25][31]'
INFO: [Synth 8-3886] merging instance 'g_inh_state_reg[24][15]' (FDRE) to 'g_inh_state_reg[24][31]'
INFO: [Synth 8-3886] merging instance 'g_inh_state_reg[23][15]' (FDRE) to 'g_inh_state_reg[23][31]'
INFO: [Synth 8-3886] merging instance 'g_inh_state_reg[22][15]' (FDRE) to 'g_inh_state_reg[22][31]'
INFO: [Synth 8-3886] merging instance 'g_inh_state_reg[21][15]' (FDRE) to 'g_inh_state_reg[21][31]'
INFO: [Synth 8-3886] merging instance 'g_inh_state_reg[20][15]' (FDRE) to 'g_inh_state_reg[20][31]'
INFO: [Synth 8-3886] merging instance 'g_inh_state_reg[19][15]' (FDRE) to 'g_inh_state_reg[19][31]'
INFO: [Synth 8-3886] merging instance 'g_inh_state_reg[18][15]' (FDRE) to 'g_inh_state_reg[18][31]'
INFO: [Synth 8-3886] merging instance 'g_inh_state_reg[17][15]' (FDRE) to 'g_inh_state_reg[17][31]'
INFO: [Synth 8-3886] merging instance 'g_inh_state_reg[16][15]' (FDRE) to 'g_inh_state_reg[16][31]'
INFO: [Synth 8-3886] merging instance 'g_inh_state_reg[15][15]' (FDRE) to 'g_inh_state_reg[15][31]'
INFO: [Synth 8-3886] merging instance 'g_inh_state_reg[14][15]' (FDRE) to 'g_inh_state_reg[14][31]'
INFO: [Synth 8-3886] merging instance 'g_inh_state_reg[13][15]' (FDRE) to 'g_inh_state_reg[13][31]'
INFO: [Synth 8-3886] merging instance 'g_inh_state_reg[12][15]' (FDRE) to 'g_inh_state_reg[12][31]'
INFO: [Synth 8-3886] merging instance 'g_inh_state_reg[11][15]' (FDRE) to 'g_inh_state_reg[11][31]'
INFO: [Synth 8-3886] merging instance 'g_inh_state_reg[10][15]' (FDRE) to 'g_inh_state_reg[10][31]'
INFO: [Synth 8-3886] merging instance 'g_inh_state_reg[9][15]' (FDRE) to 'g_inh_state_reg[9][31]'
INFO: [Synth 8-3886] merging instance 'g_inh_state_reg[8][15]' (FDRE) to 'g_inh_state_reg[8][31]'
INFO: [Synth 8-3886] merging instance 'g_inh_state_reg[7][15]' (FDRE) to 'g_inh_state_reg[7][31]'
INFO: [Synth 8-3886] merging instance 'g_inh_state_reg[6][15]' (FDRE) to 'g_inh_state_reg[6][31]'
INFO: [Synth 8-3886] merging instance 'g_inh_state_reg[5][15]' (FDRE) to 'g_inh_state_reg[5][31]'
INFO: [Synth 8-3886] merging instance 'g_inh_state_reg[4][15]' (FDRE) to 'g_inh_state_reg[4][31]'
INFO: [Synth 8-3886] merging instance 'g_inh_state_reg[3][15]' (FDRE) to 'g_inh_state_reg[3][31]'
INFO: [Synth 8-3886] merging instance 'g_inh_state_reg[2][15]' (FDRE) to 'g_inh_state_reg[2][31]'
INFO: [Synth 8-3886] merging instance 'g_inh_state_reg[1][15]' (FDRE) to 'g_inh_state_reg[1][31]'
INFO: [Synth 8-3886] merging instance 'g_inh_state_reg[0][15]' (FDRE) to 'g_inh_state_reg[0][31]'
INFO: [Synth 8-3886] merging instance 'g_inh_state_reg[99][15]' (FDRE) to 'g_inh_state_reg[99][31]'
INFO: [Synth 8-3886] merging instance 'g_inh_state_reg[98][15]' (FDRE) to 'g_inh_state_reg[98][31]'
INFO: [Synth 8-3886] merging instance 'g_inh_state_reg[97][15]' (FDRE) to 'g_inh_state_reg[97][31]'
INFO: [Synth 8-3886] merging instance 'g_inh_state_reg[96][15]' (FDRE) to 'g_inh_state_reg[96][31]'
INFO: [Synth 8-3886] merging instance 'g_inh_state_reg[95][15]' (FDRE) to 'g_inh_state_reg[95][31]'
INFO: [Synth 8-3886] merging instance 'g_inh_state_reg[94][15]' (FDRE) to 'g_inh_state_reg[94][31]'
INFO: [Synth 8-3886] merging instance 'g_inh_state_reg[93][15]' (FDRE) to 'g_inh_state_reg[93][31]'
INFO: [Synth 8-3886] merging instance 'g_inh_state_reg[92][15]' (FDRE) to 'g_inh_state_reg[92][31]'
INFO: [Synth 8-3886] merging instance 'g_inh_state_reg[91][15]' (FDRE) to 'g_inh_state_reg[91][31]'
INFO: [Synth 8-3886] merging instance 'g_inh_state_reg[90][15]' (FDRE) to 'g_inh_state_reg[90][31]'
INFO: [Synth 8-3886] merging instance 'g_inh_state_reg[89][15]' (FDRE) to 'g_inh_state_reg[89][31]'
INFO: [Synth 8-3886] merging instance 'g_inh_state_reg[88][15]' (FDRE) to 'g_inh_state_reg[88][31]'
INFO: [Synth 8-3886] merging instance 'g_inh_state_reg[87][15]' (FDRE) to 'g_inh_state_reg[87][31]'
INFO: [Synth 8-3886] merging instance 'g_inh_state_reg[86][15]' (FDRE) to 'g_inh_state_reg[86][31]'
INFO: [Synth 8-3886] merging instance 'g_inh_state_reg[85][15]' (FDRE) to 'g_inh_state_reg[85][31]'
INFO: [Synth 8-3886] merging instance 'g_inh_state_reg[84][15]' (FDRE) to 'g_inh_state_reg[84][31]'
INFO: [Synth 8-3886] merging instance 'g_inh_state_reg[83][15]' (FDRE) to 'g_inh_state_reg[83][31]'
INFO: [Synth 8-3886] merging instance 'g_inh_state_reg[82][15]' (FDRE) to 'g_inh_state_reg[82][31]'
INFO: [Synth 8-3886] merging instance 'g_inh_state_reg[81][15]' (FDRE) to 'g_inh_state_reg[81][31]'
INFO: [Synth 8-3886] merging instance 'g_inh_state_reg[80][15]' (FDRE) to 'g_inh_state_reg[80][31]'
INFO: [Synth 8-3886] merging instance 'g_inh_state_reg[79][15]' (FDRE) to 'g_inh_state_reg[79][31]'
INFO: [Synth 8-3886] merging instance 'g_inh_state_reg[78][15]' (FDRE) to 'g_inh_state_reg[78][31]'
INFO: [Synth 8-3886] merging instance 'g_inh_state_reg[77][15]' (FDRE) to 'g_inh_state_reg[77][31]'
INFO: [Synth 8-3886] merging instance 'g_inh_state_reg[76][15]' (FDRE) to 'g_inh_state_reg[76][31]'
INFO: [Synth 8-3886] merging instance 'g_inh_state_reg[75][15]' (FDRE) to 'g_inh_state_reg[75][31]'
INFO: [Synth 8-3886] merging instance 'g_inh_state_reg[74][15]' (FDRE) to 'g_inh_state_reg[74][31]'
INFO: [Synth 8-3886] merging instance 'g_inh_state_reg[73][15]' (FDRE) to 'g_inh_state_reg[73][31]'
INFO: [Synth 8-3886] merging instance 'g_inh_state_reg[72][15]' (FDRE) to 'g_inh_state_reg[72][31]'
INFO: [Synth 8-3886] merging instance 'g_inh_state_reg[71][15]' (FDRE) to 'g_inh_state_reg[71][31]'
INFO: [Synth 8-3886] merging instance 'g_inh_state_reg[70][15]' (FDRE) to 'g_inh_state_reg[70][31]'
INFO: [Synth 8-3886] merging instance 'g_inh_state_reg[69][15]' (FDRE) to 'g_inh_state_reg[69][31]'
INFO: [Synth 8-3886] merging instance 'g_inh_state_reg[68][15]' (FDRE) to 'g_inh_state_reg[68][31]'
INFO: [Synth 8-3886] merging instance 'g_inh_state_reg[67][15]' (FDRE) to 'g_inh_state_reg[67][31]'
INFO: [Synth 8-3886] merging instance 'g_inh_state_reg[66][15]' (FDRE) to 'g_inh_state_reg[66][31]'
INFO: [Synth 8-3886] merging instance 'g_inh_state_reg[65][15]' (FDRE) to 'g_inh_state_reg[65][31]'
INFO: [Synth 8-3886] merging instance 'g_inh_state_reg[64][15]' (FDRE) to 'g_inh_state_reg[64][31]'
INFO: [Synth 8-3886] merging instance 'g_inh_state_reg[63][16]' (FDRE) to 'g_inh_state_reg[63][31]'
INFO: [Synth 8-3886] merging instance 'g_inh_state_reg[62][16]' (FDRE) to 'g_inh_state_reg[62][31]'
INFO: [Synth 8-3886] merging instance 'g_inh_state_reg[61][16]' (FDRE) to 'g_inh_state_reg[61][31]'
INFO: [Synth 8-3886] merging instance 'g_inh_state_reg[60][16]' (FDRE) to 'g_inh_state_reg[60][31]'
INFO: [Synth 8-3886] merging instance 'g_inh_state_reg[59][16]' (FDRE) to 'g_inh_state_reg[59][31]'
INFO: [Synth 8-3886] merging instance 'g_inh_state_reg[58][16]' (FDRE) to 'g_inh_state_reg[58][31]'
INFO: [Synth 8-3886] merging instance 'g_inh_state_reg[57][16]' (FDRE) to 'g_inh_state_reg[57][31]'
INFO: [Synth 8-3886] merging instance 'g_inh_state_reg[56][16]' (FDRE) to 'g_inh_state_reg[56][31]'
INFO: [Synth 8-3886] merging instance 'g_inh_state_reg[55][16]' (FDRE) to 'g_inh_state_reg[55][31]'
INFO: [Synth 8-3886] merging instance 'g_inh_state_reg[54][16]' (FDRE) to 'g_inh_state_reg[54][31]'
INFO: [Synth 8-3886] merging instance 'g_inh_state_reg[53][16]' (FDRE) to 'g_inh_state_reg[53][31]'
INFO: [Synth 8-3886] merging instance 'g_inh_state_reg[52][16]' (FDRE) to 'g_inh_state_reg[52][31]'
INFO: [Synth 8-3886] merging instance 'g_inh_state_reg[51][16]' (FDRE) to 'g_inh_state_reg[51][31]'
INFO: [Synth 8-3886] merging instance 'g_inh_state_reg[50][16]' (FDRE) to 'g_inh_state_reg[50][31]'
INFO: [Synth 8-3886] merging instance 'g_inh_state_reg[49][16]' (FDRE) to 'g_inh_state_reg[49][31]'
INFO: [Synth 8-3886] merging instance 'g_inh_state_reg[48][16]' (FDRE) to 'g_inh_state_reg[48][31]'
INFO: [Synth 8-3886] merging instance 'g_inh_state_reg[47][16]' (FDRE) to 'g_inh_state_reg[47][31]'
INFO: [Synth 8-3886] merging instance 'g_inh_state_reg[46][16]' (FDRE) to 'g_inh_state_reg[46][31]'
INFO: [Synth 8-3886] merging instance 'g_inh_state_reg[45][16]' (FDRE) to 'g_inh_state_reg[45][31]'
INFO: [Synth 8-3886] merging instance 'g_inh_state_reg[44][16]' (FDRE) to 'g_inh_state_reg[44][31]'
INFO: [Synth 8-3886] merging instance 'g_inh_state_reg[43][16]' (FDRE) to 'g_inh_state_reg[43][31]'
INFO: [Synth 8-3886] merging instance 'g_inh_state_reg[42][16]' (FDRE) to 'g_inh_state_reg[42][31]'
INFO: [Synth 8-3886] merging instance 'g_inh_state_reg[41][16]' (FDRE) to 'g_inh_state_reg[41][31]'
INFO: [Synth 8-3886] merging instance 'g_inh_state_reg[40][16]' (FDRE) to 'g_inh_state_reg[40][31]'
INFO: [Synth 8-3886] merging instance 'g_inh_state_reg[39][16]' (FDRE) to 'g_inh_state_reg[39][31]'
INFO: [Synth 8-3886] merging instance 'g_inh_state_reg[38][16]' (FDRE) to 'g_inh_state_reg[38][31]'
INFO: [Synth 8-3886] merging instance 'g_inh_state_reg[37][16]' (FDRE) to 'g_inh_state_reg[37][31]'
INFO: [Synth 8-3886] merging instance 'g_inh_state_reg[36][16]' (FDRE) to 'g_inh_state_reg[36][31]'
INFO: [Synth 8-3886] merging instance 'g_inh_state_reg[35][16]' (FDRE) to 'g_inh_state_reg[35][31]'
INFO: [Synth 8-3886] merging instance 'g_inh_state_reg[34][16]' (FDRE) to 'g_inh_state_reg[34][31]'
INFO: [Synth 8-3886] merging instance 'g_inh_state_reg[33][16]' (FDRE) to 'g_inh_state_reg[33][31]'
INFO: [Synth 8-3886] merging instance 'g_inh_state_reg[32][16]' (FDRE) to 'g_inh_state_reg[32][31]'
INFO: [Synth 8-3886] merging instance 'g_inh_state_reg[31][16]' (FDRE) to 'g_inh_state_reg[31][31]'
INFO: [Synth 8-3886] merging instance 'g_inh_state_reg[30][16]' (FDRE) to 'g_inh_state_reg[30][31]'
INFO: [Synth 8-3886] merging instance 'g_inh_state_reg[29][16]' (FDRE) to 'g_inh_state_reg[29][31]'
INFO: [Synth 8-3886] merging instance 'g_inh_state_reg[28][16]' (FDRE) to 'g_inh_state_reg[28][31]'
INFO: [Synth 8-3886] merging instance 'g_inh_state_reg[27][16]' (FDRE) to 'g_inh_state_reg[27][31]'
INFO: [Synth 8-3886] merging instance 'g_inh_state_reg[26][16]' (FDRE) to 'g_inh_state_reg[26][31]'
INFO: [Synth 8-3886] merging instance 'g_inh_state_reg[25][16]' (FDRE) to 'g_inh_state_reg[25][31]'
INFO: [Synth 8-3886] merging instance 'g_inh_state_reg[24][16]' (FDRE) to 'g_inh_state_reg[24][31]'
INFO: [Synth 8-3886] merging instance 'g_inh_state_reg[23][16]' (FDRE) to 'g_inh_state_reg[23][31]'
INFO: [Synth 8-3886] merging instance 'g_inh_state_reg[22][16]' (FDRE) to 'g_inh_state_reg[22][31]'
INFO: [Synth 8-3886] merging instance 'g_inh_state_reg[21][16]' (FDRE) to 'g_inh_state_reg[21][31]'
INFO: [Synth 8-3886] merging instance 'g_inh_state_reg[20][16]' (FDRE) to 'g_inh_state_reg[20][31]'
INFO: [Synth 8-3886] merging instance 'g_inh_state_reg[19][16]' (FDRE) to 'g_inh_state_reg[19][31]'
INFO: [Synth 8-3886] merging instance 'g_inh_state_reg[18][16]' (FDRE) to 'g_inh_state_reg[18][31]'
INFO: [Synth 8-3886] merging instance 'g_inh_state_reg[17][16]' (FDRE) to 'g_inh_state_reg[17][31]'
INFO: [Synth 8-3886] merging instance 'g_inh_state_reg[16][16]' (FDRE) to 'g_inh_state_reg[16][31]'
INFO: [Synth 8-3886] merging instance 'g_inh_state_reg[15][16]' (FDRE) to 'g_inh_state_reg[15][31]'
INFO: [Synth 8-3886] merging instance 'g_inh_state_reg[14][16]' (FDRE) to 'g_inh_state_reg[14][31]'
INFO: [Synth 8-3886] merging instance 'g_inh_state_reg[13][16]' (FDRE) to 'g_inh_state_reg[13][31]'
INFO: [Synth 8-3886] merging instance 'g_inh_state_reg[12][16]' (FDRE) to 'g_inh_state_reg[12][31]'
INFO: [Synth 8-3886] merging instance 'g_inh_state_reg[11][16]' (FDRE) to 'g_inh_state_reg[11][31]'
INFO: [Synth 8-3886] merging instance 'g_inh_state_reg[10][16]' (FDRE) to 'g_inh_state_reg[10][31]'
INFO: [Synth 8-3886] merging instance 'g_inh_state_reg[9][16]' (FDRE) to 'g_inh_state_reg[9][31]'
INFO: [Synth 8-3886] merging instance 'g_inh_state_reg[8][16]' (FDRE) to 'g_inh_state_reg[8][31]'
INFO: [Synth 8-3886] merging instance 'g_inh_state_reg[7][16]' (FDRE) to 'g_inh_state_reg[7][31]'
INFO: [Synth 8-3886] merging instance 'g_inh_state_reg[6][16]' (FDRE) to 'g_inh_state_reg[6][31]'
INFO: [Synth 8-3886] merging instance 'g_inh_state_reg[5][16]' (FDRE) to 'g_inh_state_reg[5][31]'
INFO: [Synth 8-3886] merging instance 'g_inh_state_reg[4][16]' (FDRE) to 'g_inh_state_reg[4][31]'
INFO: [Synth 8-3886] merging instance 'g_inh_state_reg[3][16]' (FDRE) to 'g_inh_state_reg[3][31]'
INFO: [Synth 8-3886] merging instance 'g_inh_state_reg[2][16]' (FDRE) to 'g_inh_state_reg[2][31]'
INFO: [Synth 8-3886] merging instance 'g_inh_state_reg[1][16]' (FDRE) to 'g_inh_state_reg[1][31]'
INFO: [Synth 8-3886] merging instance 'g_inh_state_reg[0][16]' (FDRE) to 'g_inh_state_reg[0][31]'
INFO: [Synth 8-3886] merging instance 'g_inh_state_reg[99][16]' (FDRE) to 'g_inh_state_reg[99][31]'
INFO: [Synth 8-3886] merging instance 'g_inh_state_reg[98][16]' (FDRE) to 'g_inh_state_reg[98][31]'
INFO: [Synth 8-3886] merging instance 'g_inh_state_reg[97][16]' (FDRE) to 'g_inh_state_reg[97][31]'
INFO: [Synth 8-3886] merging instance 'g_inh_state_reg[96][16]' (FDRE) to 'g_inh_state_reg[96][31]'
INFO: [Synth 8-3886] merging instance 'g_inh_state_reg[95][16]' (FDRE) to 'g_inh_state_reg[95][31]'
INFO: [Synth 8-3886] merging instance 'g_inh_state_reg[94][16]' (FDRE) to 'g_inh_state_reg[94][31]'
INFO: [Synth 8-3886] merging instance 'g_inh_state_reg[93][16]' (FDRE) to 'g_inh_state_reg[93][31]'
INFO: [Synth 8-3886] merging instance 'g_inh_state_reg[92][16]' (FDRE) to 'g_inh_state_reg[92][31]'
INFO: [Synth 8-3886] merging instance 'g_inh_state_reg[91][16]' (FDRE) to 'g_inh_state_reg[91][31]'
INFO: [Synth 8-3886] merging instance 'g_inh_state_reg[90][16]' (FDRE) to 'g_inh_state_reg[90][31]'
INFO: [Synth 8-3886] merging instance 'g_inh_state_reg[89][16]' (FDRE) to 'g_inh_state_reg[89][31]'
INFO: [Synth 8-3886] merging instance 'g_inh_state_reg[88][16]' (FDRE) to 'g_inh_state_reg[88][31]'
INFO: [Synth 8-3886] merging instance 'g_inh_state_reg[87][16]' (FDRE) to 'g_inh_state_reg[87][31]'
INFO: [Synth 8-3886] merging instance 'g_inh_state_reg[86][16]' (FDRE) to 'g_inh_state_reg[86][31]'
INFO: [Synth 8-3886] merging instance 'g_inh_state_reg[85][16]' (FDRE) to 'g_inh_state_reg[85][31]'
INFO: [Synth 8-3886] merging instance 'g_inh_state_reg[84][16]' (FDRE) to 'g_inh_state_reg[84][31]'
INFO: [Synth 8-3886] merging instance 'g_inh_state_reg[83][16]' (FDRE) to 'g_inh_state_reg[83][31]'
INFO: [Synth 8-3886] merging instance 'g_inh_state_reg[82][16]' (FDRE) to 'g_inh_state_reg[82][31]'
INFO: [Synth 8-3886] merging instance 'g_inh_state_reg[81][16]' (FDRE) to 'g_inh_state_reg[81][31]'
INFO: [Synth 8-3886] merging instance 'g_inh_state_reg[80][16]' (FDRE) to 'g_inh_state_reg[80][31]'
INFO: [Synth 8-3886] merging instance 'g_inh_state_reg[79][16]' (FDRE) to 'g_inh_state_reg[79][31]'
INFO: [Synth 8-3886] merging instance 'g_inh_state_reg[78][16]' (FDRE) to 'g_inh_state_reg[78][31]'
INFO: [Synth 8-3886] merging instance 'g_inh_state_reg[77][16]' (FDRE) to 'g_inh_state_reg[77][31]'
INFO: [Synth 8-3886] merging instance 'g_inh_state_reg[76][16]' (FDRE) to 'g_inh_state_reg[76][31]'
INFO: [Synth 8-3886] merging instance 'g_inh_state_reg[75][16]' (FDRE) to 'g_inh_state_reg[75][31]'
INFO: [Synth 8-3886] merging instance 'g_inh_state_reg[74][16]' (FDRE) to 'g_inh_state_reg[74][31]'
INFO: [Synth 8-3886] merging instance 'g_inh_state_reg[73][16]' (FDRE) to 'g_inh_state_reg[73][31]'
INFO: [Synth 8-3886] merging instance 'g_inh_state_reg[72][16]' (FDRE) to 'g_inh_state_reg[72][31]'
INFO: [Synth 8-3886] merging instance 'g_inh_state_reg[71][16]' (FDRE) to 'g_inh_state_reg[71][31]'
INFO: [Synth 8-3886] merging instance 'g_inh_state_reg[70][16]' (FDRE) to 'g_inh_state_reg[70][31]'
INFO: [Synth 8-3886] merging instance 'g_inh_state_reg[69][16]' (FDRE) to 'g_inh_state_reg[69][31]'
INFO: [Synth 8-3886] merging instance 'g_inh_state_reg[68][16]' (FDRE) to 'g_inh_state_reg[68][31]'
INFO: [Synth 8-3886] merging instance 'g_inh_state_reg[67][16]' (FDRE) to 'g_inh_state_reg[67][31]'
INFO: [Synth 8-3886] merging instance 'g_inh_state_reg[66][16]' (FDRE) to 'g_inh_state_reg[66][31]'
INFO: [Synth 8-3886] merging instance 'g_inh_state_reg[65][16]' (FDRE) to 'g_inh_state_reg[65][31]'
INFO: [Synth 8-3886] merging instance 'g_inh_state_reg[64][16]' (FDRE) to 'g_inh_state_reg[64][31]'
INFO: [Synth 8-3886] merging instance 'g_inh_state_reg[63][17]' (FDRE) to 'g_inh_state_reg[63][31]'
INFO: [Synth 8-3886] merging instance 'g_inh_state_reg[62][17]' (FDRE) to 'g_inh_state_reg[62][31]'
INFO: [Synth 8-3886] merging instance 'g_inh_state_reg[61][17]' (FDRE) to 'g_inh_state_reg[61][31]'
INFO: [Synth 8-3886] merging instance 'g_inh_state_reg[60][17]' (FDRE) to 'g_inh_state_reg[60][31]'
INFO: [Synth 8-3886] merging instance 'g_inh_state_reg[59][17]' (FDRE) to 'g_inh_state_reg[59][31]'
INFO: [Synth 8-3886] merging instance 'g_inh_state_reg[58][17]' (FDRE) to 'g_inh_state_reg[58][31]'
INFO: [Synth 8-3886] merging instance 'g_inh_state_reg[57][17]' (FDRE) to 'g_inh_state_reg[57][31]'
INFO: [Synth 8-3886] merging instance 'g_inh_state_reg[56][17]' (FDRE) to 'g_inh_state_reg[56][31]'
INFO: [Synth 8-3886] merging instance 'g_inh_state_reg[55][17]' (FDRE) to 'g_inh_state_reg[55][31]'
INFO: [Synth 8-3886] merging instance 'g_inh_state_reg[54][17]' (FDRE) to 'g_inh_state_reg[54][31]'
INFO: [Synth 8-3886] merging instance 'g_inh_state_reg[53][17]' (FDRE) to 'g_inh_state_reg[53][31]'
INFO: [Synth 8-3886] merging instance 'g_inh_state_reg[52][17]' (FDRE) to 'g_inh_state_reg[52][31]'
INFO: [Synth 8-3886] merging instance 'g_inh_state_reg[51][17]' (FDRE) to 'g_inh_state_reg[51][31]'
INFO: [Synth 8-3886] merging instance 'g_inh_state_reg[50][17]' (FDRE) to 'g_inh_state_reg[50][31]'
INFO: [Synth 8-3886] merging instance 'g_inh_state_reg[49][17]' (FDRE) to 'g_inh_state_reg[49][31]'
INFO: [Synth 8-3886] merging instance 'g_inh_state_reg[48][17]' (FDRE) to 'g_inh_state_reg[48][31]'
INFO: [Synth 8-3886] merging instance 'g_inh_state_reg[47][17]' (FDRE) to 'g_inh_state_reg[47][31]'
INFO: [Synth 8-3886] merging instance 'g_inh_state_reg[46][17]' (FDRE) to 'g_inh_state_reg[46][31]'
INFO: [Synth 8-3886] merging instance 'g_inh_state_reg[45][17]' (FDRE) to 'g_inh_state_reg[45][31]'
INFO: [Synth 8-3886] merging instance 'g_inh_state_reg[44][17]' (FDRE) to 'g_inh_state_reg[44][31]'
INFO: [Synth 8-3886] merging instance 'g_inh_state_reg[43][17]' (FDRE) to 'g_inh_state_reg[43][31]'
INFO: [Synth 8-3886] merging instance 'g_inh_state_reg[42][17]' (FDRE) to 'g_inh_state_reg[42][31]'
INFO: [Synth 8-3886] merging instance 'g_inh_state_reg[41][17]' (FDRE) to 'g_inh_state_reg[41][31]'
INFO: [Synth 8-3886] merging instance 'g_inh_state_reg[40][17]' (FDRE) to 'g_inh_state_reg[40][31]'
INFO: [Synth 8-3886] merging instance 'g_inh_state_reg[39][17]' (FDRE) to 'g_inh_state_reg[39][31]'
INFO: [Synth 8-3886] merging instance 'g_inh_state_reg[38][17]' (FDRE) to 'g_inh_state_reg[38][31]'
INFO: [Synth 8-3886] merging instance 'g_inh_state_reg[37][17]' (FDRE) to 'g_inh_state_reg[37][31]'
INFO: [Synth 8-3886] merging instance 'g_inh_state_reg[36][17]' (FDRE) to 'g_inh_state_reg[36][31]'
INFO: [Synth 8-3886] merging instance 'g_inh_state_reg[35][17]' (FDRE) to 'g_inh_state_reg[35][31]'
INFO: [Synth 8-3886] merging instance 'g_inh_state_reg[34][17]' (FDRE) to 'g_inh_state_reg[34][31]'
INFO: [Synth 8-3886] merging instance 'g_inh_state_reg[33][17]' (FDRE) to 'g_inh_state_reg[33][31]'
INFO: [Synth 8-3886] merging instance 'g_inh_state_reg[32][17]' (FDRE) to 'g_inh_state_reg[32][31]'
INFO: [Synth 8-3886] merging instance 'g_inh_state_reg[31][17]' (FDRE) to 'g_inh_state_reg[31][31]'
INFO: [Synth 8-3886] merging instance 'g_inh_state_reg[30][17]' (FDRE) to 'g_inh_state_reg[30][31]'
INFO: [Synth 8-3886] merging instance 'g_inh_state_reg[29][17]' (FDRE) to 'g_inh_state_reg[29][31]'
INFO: [Synth 8-3886] merging instance 'g_inh_state_reg[28][17]' (FDRE) to 'g_inh_state_reg[28][31]'
INFO: [Synth 8-3886] merging instance 'g_inh_state_reg[27][17]' (FDRE) to 'g_inh_state_reg[27][31]'
INFO: [Synth 8-3886] merging instance 'g_inh_state_reg[26][17]' (FDRE) to 'g_inh_state_reg[26][31]'
INFO: [Synth 8-3886] merging instance 'g_inh_state_reg[25][17]' (FDRE) to 'g_inh_state_reg[25][31]'
INFO: [Synth 8-3886] merging instance 'g_inh_state_reg[24][17]' (FDRE) to 'g_inh_state_reg[24][31]'
INFO: [Synth 8-3886] merging instance 'g_inh_state_reg[23][17]' (FDRE) to 'g_inh_state_reg[23][31]'
INFO: [Synth 8-3886] merging instance 'g_inh_state_reg[22][17]' (FDRE) to 'g_inh_state_reg[22][31]'
INFO: [Synth 8-3886] merging instance 'g_inh_state_reg[21][17]' (FDRE) to 'g_inh_state_reg[21][31]'
INFO: [Synth 8-3886] merging instance 'g_inh_state_reg[20][17]' (FDRE) to 'g_inh_state_reg[20][31]'
INFO: [Synth 8-3886] merging instance 'g_inh_state_reg[19][17]' (FDRE) to 'g_inh_state_reg[19][31]'
INFO: [Synth 8-3886] merging instance 'g_inh_state_reg[18][17]' (FDRE) to 'g_inh_state_reg[18][31]'
INFO: [Synth 8-3886] merging instance 'g_inh_state_reg[17][17]' (FDRE) to 'g_inh_state_reg[17][31]'
INFO: [Synth 8-3886] merging instance 'g_inh_state_reg[16][17]' (FDRE) to 'g_inh_state_reg[16][31]'
INFO: [Synth 8-3886] merging instance 'g_inh_state_reg[15][17]' (FDRE) to 'g_inh_state_reg[15][31]'
INFO: [Synth 8-3886] merging instance 'g_inh_state_reg[14][17]' (FDRE) to 'g_inh_state_reg[14][31]'
INFO: [Synth 8-3886] merging instance 'g_inh_state_reg[13][17]' (FDRE) to 'g_inh_state_reg[13][31]'
INFO: [Synth 8-3886] merging instance 'g_inh_state_reg[12][17]' (FDRE) to 'g_inh_state_reg[12][31]'
INFO: [Synth 8-3886] merging instance 'g_inh_state_reg[11][17]' (FDRE) to 'g_inh_state_reg[11][31]'
INFO: [Synth 8-3886] merging instance 'g_inh_state_reg[10][17]' (FDRE) to 'g_inh_state_reg[10][31]'
INFO: [Synth 8-3886] merging instance 'g_inh_state_reg[9][17]' (FDRE) to 'g_inh_state_reg[9][31]'
INFO: [Synth 8-3886] merging instance 'g_inh_state_reg[8][17]' (FDRE) to 'g_inh_state_reg[8][31]'
INFO: [Synth 8-3886] merging instance 'g_inh_state_reg[7][17]' (FDRE) to 'g_inh_state_reg[7][31]'
INFO: [Synth 8-3886] merging instance 'g_inh_state_reg[6][17]' (FDRE) to 'g_inh_state_reg[6][31]'
INFO: [Synth 8-3886] merging instance 'g_inh_state_reg[5][17]' (FDRE) to 'g_inh_state_reg[5][31]'
INFO: [Synth 8-3886] merging instance 'g_inh_state_reg[4][17]' (FDRE) to 'g_inh_state_reg[4][31]'
INFO: [Synth 8-3886] merging instance 'g_inh_state_reg[3][17]' (FDRE) to 'g_inh_state_reg[3][31]'
INFO: [Synth 8-3886] merging instance 'g_inh_state_reg[2][17]' (FDRE) to 'g_inh_state_reg[2][31]'
INFO: [Synth 8-3886] merging instance 'g_inh_state_reg[1][17]' (FDRE) to 'g_inh_state_reg[1][31]'
INFO: [Synth 8-3886] merging instance 'g_inh_state_reg[0][17]' (FDRE) to 'g_inh_state_reg[0][31]'
INFO: [Synth 8-3886] merging instance 'g_inh_state_reg[99][17]' (FDRE) to 'g_inh_state_reg[99][31]'
INFO: [Synth 8-3886] merging instance 'g_inh_state_reg[98][17]' (FDRE) to 'g_inh_state_reg[98][31]'
INFO: [Synth 8-3886] merging instance 'g_inh_state_reg[97][17]' (FDRE) to 'g_inh_state_reg[97][31]'
INFO: [Synth 8-3886] merging instance 'g_inh_state_reg[96][17]' (FDRE) to 'g_inh_state_reg[96][31]'
INFO: [Synth 8-3886] merging instance 'g_inh_state_reg[95][17]' (FDRE) to 'g_inh_state_reg[95][31]'
INFO: [Synth 8-3886] merging instance 'g_inh_state_reg[94][17]' (FDRE) to 'g_inh_state_reg[94][31]'
INFO: [Synth 8-3886] merging instance 'g_inh_state_reg[93][17]' (FDRE) to 'g_inh_state_reg[93][31]'
INFO: [Synth 8-3886] merging instance 'g_inh_state_reg[92][17]' (FDRE) to 'g_inh_state_reg[92][31]'
INFO: [Synth 8-3886] merging instance 'g_inh_state_reg[91][17]' (FDRE) to 'g_inh_state_reg[91][31]'
INFO: [Synth 8-3886] merging instance 'g_inh_state_reg[90][17]' (FDRE) to 'g_inh_state_reg[90][31]'
INFO: [Synth 8-3886] merging instance 'g_inh_state_reg[89][17]' (FDRE) to 'g_inh_state_reg[89][31]'
INFO: [Synth 8-3886] merging instance 'g_inh_state_reg[88][17]' (FDRE) to 'g_inh_state_reg[88][31]'
INFO: [Synth 8-3886] merging instance 'g_inh_state_reg[87][17]' (FDRE) to 'g_inh_state_reg[87][31]'
INFO: [Synth 8-3886] merging instance 'g_inh_state_reg[86][17]' (FDRE) to 'g_inh_state_reg[86][31]'
INFO: [Synth 8-3886] merging instance 'g_inh_state_reg[85][17]' (FDRE) to 'g_inh_state_reg[85][31]'
INFO: [Synth 8-3886] merging instance 'g_inh_state_reg[84][17]' (FDRE) to 'g_inh_state_reg[84][31]'
INFO: [Synth 8-3886] merging instance 'g_inh_state_reg[83][17]' (FDRE) to 'g_inh_state_reg[83][31]'
INFO: [Synth 8-3886] merging instance 'g_inh_state_reg[82][17]' (FDRE) to 'g_inh_state_reg[82][31]'
INFO: [Synth 8-3886] merging instance 'g_inh_state_reg[81][17]' (FDRE) to 'g_inh_state_reg[81][31]'
INFO: [Synth 8-3886] merging instance 'g_inh_state_reg[80][17]' (FDRE) to 'g_inh_state_reg[80][31]'
INFO: [Synth 8-3886] merging instance 'g_inh_state_reg[79][17]' (FDRE) to 'g_inh_state_reg[79][31]'
INFO: [Synth 8-3886] merging instance 'g_inh_state_reg[78][17]' (FDRE) to 'g_inh_state_reg[78][31]'
INFO: [Synth 8-3886] merging instance 'g_inh_state_reg[77][17]' (FDRE) to 'g_inh_state_reg[77][31]'
INFO: [Synth 8-3886] merging instance 'g_inh_state_reg[76][17]' (FDRE) to 'g_inh_state_reg[76][31]'
INFO: [Synth 8-3886] merging instance 'g_inh_state_reg[75][17]' (FDRE) to 'g_inh_state_reg[75][31]'
INFO: [Synth 8-3886] merging instance 'g_inh_state_reg[74][17]' (FDRE) to 'g_inh_state_reg[74][31]'
INFO: [Synth 8-3886] merging instance 'g_inh_state_reg[73][17]' (FDRE) to 'g_inh_state_reg[73][31]'
INFO: [Synth 8-3886] merging instance 'g_inh_state_reg[72][17]' (FDRE) to 'g_inh_state_reg[72][31]'
INFO: [Synth 8-3886] merging instance 'g_inh_state_reg[71][17]' (FDRE) to 'g_inh_state_reg[71][31]'
INFO: [Synth 8-3886] merging instance 'g_inh_state_reg[70][17]' (FDRE) to 'g_inh_state_reg[70][31]'
INFO: [Synth 8-3886] merging instance 'g_inh_state_reg[69][17]' (FDRE) to 'g_inh_state_reg[69][31]'
INFO: [Synth 8-3886] merging instance 'g_inh_state_reg[68][17]' (FDRE) to 'g_inh_state_reg[68][31]'
INFO: [Synth 8-3886] merging instance 'g_inh_state_reg[67][17]' (FDRE) to 'g_inh_state_reg[67][31]'
INFO: [Synth 8-3886] merging instance 'g_inh_state_reg[66][17]' (FDRE) to 'g_inh_state_reg[66][31]'
INFO: [Synth 8-3886] merging instance 'g_inh_state_reg[65][17]' (FDRE) to 'g_inh_state_reg[65][31]'
INFO: [Synth 8-3886] merging instance 'g_inh_state_reg[64][17]' (FDRE) to 'g_inh_state_reg[64][31]'
INFO: [Synth 8-3886] merging instance 'g_inh_state_reg[63][18]' (FDRE) to 'g_inh_state_reg[63][31]'
INFO: [Synth 8-3886] merging instance 'g_inh_state_reg[62][18]' (FDRE) to 'g_inh_state_reg[62][31]'
INFO: [Synth 8-3886] merging instance 'g_inh_state_reg[61][18]' (FDRE) to 'g_inh_state_reg[61][31]'
INFO: [Synth 8-3886] merging instance 'g_inh_state_reg[60][18]' (FDRE) to 'g_inh_state_reg[60][31]'
INFO: [Synth 8-3886] merging instance 'g_inh_state_reg[59][18]' (FDRE) to 'g_inh_state_reg[59][31]'
INFO: [Synth 8-3886] merging instance 'g_inh_state_reg[58][18]' (FDRE) to 'g_inh_state_reg[58][31]'
INFO: [Synth 8-3886] merging instance 'g_inh_state_reg[57][18]' (FDRE) to 'g_inh_state_reg[57][31]'
INFO: [Synth 8-3886] merging instance 'g_inh_state_reg[56][18]' (FDRE) to 'g_inh_state_reg[56][31]'
INFO: [Synth 8-3886] merging instance 'g_inh_state_reg[55][18]' (FDRE) to 'g_inh_state_reg[55][31]'
INFO: [Synth 8-3886] merging instance 'g_inh_state_reg[54][18]' (FDRE) to 'g_inh_state_reg[54][31]'
INFO: [Synth 8-3886] merging instance 'g_inh_state_reg[53][18]' (FDRE) to 'g_inh_state_reg[53][31]'
INFO: [Synth 8-3886] merging instance 'g_inh_state_reg[52][18]' (FDRE) to 'g_inh_state_reg[52][31]'
INFO: [Synth 8-3886] merging instance 'g_inh_state_reg[51][18]' (FDRE) to 'g_inh_state_reg[51][31]'
INFO: [Synth 8-3886] merging instance 'g_inh_state_reg[50][18]' (FDRE) to 'g_inh_state_reg[50][31]'
INFO: [Synth 8-3886] merging instance 'g_inh_state_reg[49][18]' (FDRE) to 'g_inh_state_reg[49][31]'
INFO: [Synth 8-3886] merging instance 'g_inh_state_reg[48][18]' (FDRE) to 'g_inh_state_reg[48][31]'
INFO: [Synth 8-3886] merging instance 'g_inh_state_reg[47][18]' (FDRE) to 'g_inh_state_reg[47][31]'
INFO: [Synth 8-3886] merging instance 'g_inh_state_reg[46][18]' (FDRE) to 'g_inh_state_reg[46][31]'
INFO: [Synth 8-3886] merging instance 'g_inh_state_reg[45][18]' (FDRE) to 'g_inh_state_reg[45][31]'
INFO: [Synth 8-3886] merging instance 'g_inh_state_reg[44][18]' (FDRE) to 'g_inh_state_reg[44][31]'
INFO: [Synth 8-3886] merging instance 'g_inh_state_reg[43][18]' (FDRE) to 'g_inh_state_reg[43][31]'
INFO: [Synth 8-3886] merging instance 'g_inh_state_reg[42][18]' (FDRE) to 'g_inh_state_reg[42][31]'
INFO: [Synth 8-3886] merging instance 'g_inh_state_reg[41][18]' (FDRE) to 'g_inh_state_reg[41][31]'
INFO: [Synth 8-3886] merging instance 'g_inh_state_reg[40][18]' (FDRE) to 'g_inh_state_reg[40][31]'
INFO: [Synth 8-3886] merging instance 'g_inh_state_reg[39][18]' (FDRE) to 'g_inh_state_reg[39][31]'
INFO: [Synth 8-3886] merging instance 'g_inh_state_reg[38][18]' (FDRE) to 'g_inh_state_reg[38][31]'
INFO: [Synth 8-3886] merging instance 'g_inh_state_reg[37][18]' (FDRE) to 'g_inh_state_reg[37][31]'
INFO: [Synth 8-3886] merging instance 'g_inh_state_reg[36][18]' (FDRE) to 'g_inh_state_reg[36][31]'
INFO: [Synth 8-3886] merging instance 'g_inh_state_reg[35][18]' (FDRE) to 'g_inh_state_reg[35][31]'
INFO: [Synth 8-3886] merging instance 'g_inh_state_reg[34][18]' (FDRE) to 'g_inh_state_reg[34][31]'
INFO: [Synth 8-3886] merging instance 'g_inh_state_reg[33][18]' (FDRE) to 'g_inh_state_reg[33][31]'
INFO: [Synth 8-3886] merging instance 'g_inh_state_reg[32][18]' (FDRE) to 'g_inh_state_reg[32][31]'
INFO: [Synth 8-3886] merging instance 'g_inh_state_reg[31][18]' (FDRE) to 'g_inh_state_reg[31][31]'
INFO: [Synth 8-3886] merging instance 'g_inh_state_reg[30][18]' (FDRE) to 'g_inh_state_reg[30][31]'
INFO: [Synth 8-3886] merging instance 'g_inh_state_reg[29][18]' (FDRE) to 'g_inh_state_reg[29][31]'
INFO: [Synth 8-3886] merging instance 'g_inh_state_reg[28][18]' (FDRE) to 'g_inh_state_reg[28][31]'
INFO: [Synth 8-3886] merging instance 'g_inh_state_reg[27][18]' (FDRE) to 'g_inh_state_reg[27][31]'
INFO: [Synth 8-3886] merging instance 'g_inh_state_reg[26][18]' (FDRE) to 'g_inh_state_reg[26][31]'
INFO: [Synth 8-3886] merging instance 'g_inh_state_reg[25][18]' (FDRE) to 'g_inh_state_reg[25][31]'
INFO: [Synth 8-3886] merging instance 'g_inh_state_reg[24][18]' (FDRE) to 'g_inh_state_reg[24][31]'
INFO: [Synth 8-3886] merging instance 'g_inh_state_reg[23][18]' (FDRE) to 'g_inh_state_reg[23][31]'
INFO: [Synth 8-3886] merging instance 'g_inh_state_reg[22][18]' (FDRE) to 'g_inh_state_reg[22][31]'
INFO: [Synth 8-3886] merging instance 'g_inh_state_reg[21][18]' (FDRE) to 'g_inh_state_reg[21][31]'
INFO: [Synth 8-3886] merging instance 'g_inh_state_reg[20][18]' (FDRE) to 'g_inh_state_reg[20][31]'
INFO: [Synth 8-3886] merging instance 'g_inh_state_reg[19][18]' (FDRE) to 'g_inh_state_reg[19][31]'
INFO: [Synth 8-3886] merging instance 'g_inh_state_reg[18][18]' (FDRE) to 'g_inh_state_reg[18][31]'
INFO: [Synth 8-3886] merging instance 'g_inh_state_reg[17][18]' (FDRE) to 'g_inh_state_reg[17][31]'
INFO: [Synth 8-3886] merging instance 'g_inh_state_reg[16][18]' (FDRE) to 'g_inh_state_reg[16][31]'
INFO: [Synth 8-3886] merging instance 'g_inh_state_reg[15][18]' (FDRE) to 'g_inh_state_reg[15][31]'
INFO: [Synth 8-3886] merging instance 'g_inh_state_reg[14][18]' (FDRE) to 'g_inh_state_reg[14][31]'
INFO: [Synth 8-3886] merging instance 'g_inh_state_reg[13][18]' (FDRE) to 'g_inh_state_reg[13][31]'
INFO: [Synth 8-3886] merging instance 'g_inh_state_reg[12][18]' (FDRE) to 'g_inh_state_reg[12][31]'
INFO: [Synth 8-3886] merging instance 'g_inh_state_reg[11][18]' (FDRE) to 'g_inh_state_reg[11][31]'
INFO: [Synth 8-3886] merging instance 'g_inh_state_reg[10][18]' (FDRE) to 'g_inh_state_reg[10][31]'
INFO: [Synth 8-3886] merging instance 'g_inh_state_reg[9][18]' (FDRE) to 'g_inh_state_reg[9][31]'
INFO: [Synth 8-3886] merging instance 'g_inh_state_reg[8][18]' (FDRE) to 'g_inh_state_reg[8][31]'
INFO: [Synth 8-3886] merging instance 'g_inh_state_reg[7][18]' (FDRE) to 'g_inh_state_reg[7][31]'
INFO: [Synth 8-3886] merging instance 'g_inh_state_reg[6][18]' (FDRE) to 'g_inh_state_reg[6][31]'
INFO: [Synth 8-3886] merging instance 'g_inh_state_reg[5][18]' (FDRE) to 'g_inh_state_reg[5][31]'
INFO: [Synth 8-3886] merging instance 'g_inh_state_reg[4][18]' (FDRE) to 'g_inh_state_reg[4][31]'
INFO: [Synth 8-3886] merging instance 'g_inh_state_reg[3][18]' (FDRE) to 'g_inh_state_reg[3][31]'
INFO: [Synth 8-3886] merging instance 'g_inh_state_reg[2][18]' (FDRE) to 'g_inh_state_reg[2][31]'
INFO: [Synth 8-3886] merging instance 'g_inh_state_reg[1][18]' (FDRE) to 'g_inh_state_reg[1][31]'
INFO: [Synth 8-3886] merging instance 'g_inh_state_reg[0][18]' (FDRE) to 'g_inh_state_reg[0][31]'
INFO: [Synth 8-3886] merging instance 'g_inh_state_reg[99][18]' (FDRE) to 'g_inh_state_reg[99][31]'
INFO: [Synth 8-3886] merging instance 'g_inh_state_reg[98][18]' (FDRE) to 'g_inh_state_reg[98][31]'
INFO: [Synth 8-3886] merging instance 'g_inh_state_reg[97][18]' (FDRE) to 'g_inh_state_reg[97][31]'
INFO: [Synth 8-3886] merging instance 'g_inh_state_reg[96][18]' (FDRE) to 'g_inh_state_reg[96][31]'
INFO: [Synth 8-3886] merging instance 'g_inh_state_reg[95][18]' (FDRE) to 'g_inh_state_reg[95][31]'
INFO: [Synth 8-3886] merging instance 'g_inh_state_reg[94][18]' (FDRE) to 'g_inh_state_reg[94][31]'
INFO: [Synth 8-3886] merging instance 'g_inh_state_reg[93][18]' (FDRE) to 'g_inh_state_reg[93][31]'
INFO: [Synth 8-3886] merging instance 'g_inh_state_reg[92][18]' (FDRE) to 'g_inh_state_reg[92][31]'
INFO: [Synth 8-3886] merging instance 'g_inh_state_reg[91][18]' (FDRE) to 'g_inh_state_reg[91][31]'
INFO: [Synth 8-3886] merging instance 'g_inh_state_reg[90][18]' (FDRE) to 'g_inh_state_reg[90][31]'
INFO: [Synth 8-3886] merging instance 'g_inh_state_reg[89][18]' (FDRE) to 'g_inh_state_reg[89][31]'
INFO: [Synth 8-3886] merging instance 'g_inh_state_reg[88][18]' (FDRE) to 'g_inh_state_reg[88][31]'
INFO: [Synth 8-3886] merging instance 'g_inh_state_reg[87][18]' (FDRE) to 'g_inh_state_reg[87][31]'
INFO: [Synth 8-3886] merging instance 'g_inh_state_reg[86][18]' (FDRE) to 'g_inh_state_reg[86][31]'
INFO: [Synth 8-3886] merging instance 'g_inh_state_reg[85][18]' (FDRE) to 'g_inh_state_reg[85][31]'
INFO: [Synth 8-3886] merging instance 'g_inh_state_reg[84][18]' (FDRE) to 'g_inh_state_reg[84][31]'
INFO: [Synth 8-3886] merging instance 'g_inh_state_reg[83][18]' (FDRE) to 'g_inh_state_reg[83][31]'
INFO: [Synth 8-3886] merging instance 'g_inh_state_reg[82][18]' (FDRE) to 'g_inh_state_reg[82][31]'
INFO: [Synth 8-3886] merging instance 'g_inh_state_reg[81][18]' (FDRE) to 'g_inh_state_reg[81][31]'
INFO: [Synth 8-3886] merging instance 'g_inh_state_reg[80][18]' (FDRE) to 'g_inh_state_reg[80][31]'
INFO: [Synth 8-3886] merging instance 'g_inh_state_reg[79][18]' (FDRE) to 'g_inh_state_reg[79][31]'
INFO: [Synth 8-3886] merging instance 'g_inh_state_reg[78][18]' (FDRE) to 'g_inh_state_reg[78][31]'
INFO: [Synth 8-3886] merging instance 'g_inh_state_reg[77][18]' (FDRE) to 'g_inh_state_reg[77][31]'
INFO: [Synth 8-3886] merging instance 'g_inh_state_reg[76][18]' (FDRE) to 'g_inh_state_reg[76][31]'
INFO: [Synth 8-3886] merging instance 'g_inh_state_reg[75][18]' (FDRE) to 'g_inh_state_reg[75][31]'
INFO: [Synth 8-3886] merging instance 'g_inh_state_reg[74][18]' (FDRE) to 'g_inh_state_reg[74][31]'
INFO: [Synth 8-3886] merging instance 'g_inh_state_reg[73][18]' (FDRE) to 'g_inh_state_reg[73][31]'
INFO: [Synth 8-3886] merging instance 'g_inh_state_reg[72][18]' (FDRE) to 'g_inh_state_reg[72][31]'
INFO: [Synth 8-3886] merging instance 'g_inh_state_reg[71][18]' (FDRE) to 'g_inh_state_reg[71][31]'
INFO: [Synth 8-3886] merging instance 'g_inh_state_reg[70][18]' (FDRE) to 'g_inh_state_reg[70][31]'
INFO: [Synth 8-3886] merging instance 'g_inh_state_reg[69][18]' (FDRE) to 'g_inh_state_reg[69][31]'
INFO: [Synth 8-3886] merging instance 'g_inh_state_reg[68][18]' (FDRE) to 'g_inh_state_reg[68][31]'
INFO: [Synth 8-3886] merging instance 'g_inh_state_reg[67][18]' (FDRE) to 'g_inh_state_reg[67][31]'
INFO: [Synth 8-3886] merging instance 'g_inh_state_reg[66][18]' (FDRE) to 'g_inh_state_reg[66][31]'
INFO: [Synth 8-3886] merging instance 'g_inh_state_reg[65][18]' (FDRE) to 'g_inh_state_reg[65][31]'
INFO: [Synth 8-3886] merging instance 'g_inh_state_reg[64][18]' (FDRE) to 'g_inh_state_reg[64][31]'
INFO: [Synth 8-3886] merging instance 'g_inh_state_reg[63][19]' (FDRE) to 'g_inh_state_reg[63][31]'
INFO: [Synth 8-3886] merging instance 'g_inh_state_reg[62][19]' (FDRE) to 'g_inh_state_reg[62][31]'
INFO: [Synth 8-3886] merging instance 'g_inh_state_reg[61][19]' (FDRE) to 'g_inh_state_reg[61][31]'
INFO: [Synth 8-3886] merging instance 'g_inh_state_reg[60][19]' (FDRE) to 'g_inh_state_reg[60][31]'
INFO: [Synth 8-3886] merging instance 'g_inh_state_reg[59][19]' (FDRE) to 'g_inh_state_reg[59][31]'
INFO: [Synth 8-3886] merging instance 'g_inh_state_reg[58][19]' (FDRE) to 'g_inh_state_reg[58][31]'
INFO: [Synth 8-3886] merging instance 'g_inh_state_reg[57][19]' (FDRE) to 'g_inh_state_reg[57][31]'
INFO: [Synth 8-3886] merging instance 'g_inh_state_reg[56][19]' (FDRE) to 'g_inh_state_reg[56][31]'
INFO: [Synth 8-3886] merging instance 'g_inh_state_reg[55][19]' (FDRE) to 'g_inh_state_reg[55][31]'
INFO: [Synth 8-3886] merging instance 'g_inh_state_reg[54][19]' (FDRE) to 'g_inh_state_reg[54][31]'
INFO: [Synth 8-3886] merging instance 'g_inh_state_reg[53][19]' (FDRE) to 'g_inh_state_reg[53][31]'
INFO: [Synth 8-3886] merging instance 'g_inh_state_reg[52][19]' (FDRE) to 'g_inh_state_reg[52][31]'
INFO: [Synth 8-3886] merging instance 'g_inh_state_reg[51][19]' (FDRE) to 'g_inh_state_reg[51][31]'
INFO: [Synth 8-3886] merging instance 'g_inh_state_reg[50][19]' (FDRE) to 'g_inh_state_reg[50][31]'
INFO: [Synth 8-3886] merging instance 'g_inh_state_reg[49][19]' (FDRE) to 'g_inh_state_reg[49][31]'
INFO: [Synth 8-3886] merging instance 'g_inh_state_reg[48][19]' (FDRE) to 'g_inh_state_reg[48][31]'
INFO: [Synth 8-3886] merging instance 'g_inh_state_reg[47][19]' (FDRE) to 'g_inh_state_reg[47][31]'
INFO: [Synth 8-3886] merging instance 'g_inh_state_reg[46][19]' (FDRE) to 'g_inh_state_reg[46][31]'
INFO: [Synth 8-3886] merging instance 'g_inh_state_reg[45][19]' (FDRE) to 'g_inh_state_reg[45][31]'
INFO: [Synth 8-3886] merging instance 'g_inh_state_reg[44][19]' (FDRE) to 'g_inh_state_reg[44][31]'
INFO: [Synth 8-3886] merging instance 'g_inh_state_reg[43][19]' (FDRE) to 'g_inh_state_reg[43][31]'
INFO: [Synth 8-3886] merging instance 'g_inh_state_reg[42][19]' (FDRE) to 'g_inh_state_reg[42][31]'
INFO: [Synth 8-3886] merging instance 'g_inh_state_reg[41][19]' (FDRE) to 'g_inh_state_reg[41][31]'
INFO: [Synth 8-3886] merging instance 'g_inh_state_reg[40][19]' (FDRE) to 'g_inh_state_reg[40][31]'
INFO: [Synth 8-3886] merging instance 'g_inh_state_reg[39][19]' (FDRE) to 'g_inh_state_reg[39][31]'
INFO: [Synth 8-3886] merging instance 'g_inh_state_reg[38][19]' (FDRE) to 'g_inh_state_reg[38][31]'
INFO: [Synth 8-3886] merging instance 'g_inh_state_reg[37][19]' (FDRE) to 'g_inh_state_reg[37][31]'
INFO: [Synth 8-3886] merging instance 'g_inh_state_reg[36][19]' (FDRE) to 'g_inh_state_reg[36][31]'
INFO: [Synth 8-3886] merging instance 'g_inh_state_reg[35][19]' (FDRE) to 'g_inh_state_reg[35][31]'
INFO: [Synth 8-3886] merging instance 'g_inh_state_reg[34][19]' (FDRE) to 'g_inh_state_reg[34][31]'
INFO: [Synth 8-3886] merging instance 'g_inh_state_reg[33][19]' (FDRE) to 'g_inh_state_reg[33][31]'
INFO: [Synth 8-3886] merging instance 'g_inh_state_reg[32][19]' (FDRE) to 'g_inh_state_reg[32][31]'
INFO: [Synth 8-3886] merging instance 'g_inh_state_reg[31][19]' (FDRE) to 'g_inh_state_reg[31][31]'
INFO: [Synth 8-3886] merging instance 'g_inh_state_reg[30][19]' (FDRE) to 'g_inh_state_reg[30][31]'
INFO: [Synth 8-3886] merging instance 'g_inh_state_reg[29][19]' (FDRE) to 'g_inh_state_reg[29][31]'
INFO: [Synth 8-3886] merging instance 'g_inh_state_reg[28][19]' (FDRE) to 'g_inh_state_reg[28][31]'
INFO: [Synth 8-3886] merging instance 'g_inh_state_reg[27][19]' (FDRE) to 'g_inh_state_reg[27][31]'
INFO: [Synth 8-3886] merging instance 'g_inh_state_reg[26][19]' (FDRE) to 'g_inh_state_reg[26][31]'
INFO: [Synth 8-3886] merging instance 'g_inh_state_reg[25][19]' (FDRE) to 'g_inh_state_reg[25][31]'
INFO: [Synth 8-3886] merging instance 'g_inh_state_reg[24][19]' (FDRE) to 'g_inh_state_reg[24][31]'
INFO: [Synth 8-3886] merging instance 'g_inh_state_reg[23][19]' (FDRE) to 'g_inh_state_reg[23][31]'
INFO: [Synth 8-3886] merging instance 'g_inh_state_reg[22][19]' (FDRE) to 'g_inh_state_reg[22][31]'
INFO: [Synth 8-3886] merging instance 'g_inh_state_reg[21][19]' (FDRE) to 'g_inh_state_reg[21][31]'
INFO: [Synth 8-3886] merging instance 'g_inh_state_reg[20][19]' (FDRE) to 'g_inh_state_reg[20][31]'
INFO: [Synth 8-3886] merging instance 'g_inh_state_reg[19][19]' (FDRE) to 'g_inh_state_reg[19][31]'
INFO: [Synth 8-3886] merging instance 'g_inh_state_reg[18][19]' (FDRE) to 'g_inh_state_reg[18][31]'
INFO: [Synth 8-3886] merging instance 'g_inh_state_reg[17][19]' (FDRE) to 'g_inh_state_reg[17][31]'
INFO: [Synth 8-3886] merging instance 'g_inh_state_reg[16][19]' (FDRE) to 'g_inh_state_reg[16][31]'
INFO: [Synth 8-3886] merging instance 'g_inh_state_reg[15][19]' (FDRE) to 'g_inh_state_reg[15][31]'
INFO: [Synth 8-3886] merging instance 'g_inh_state_reg[14][19]' (FDRE) to 'g_inh_state_reg[14][31]'
INFO: [Synth 8-3886] merging instance 'g_inh_state_reg[13][19]' (FDRE) to 'g_inh_state_reg[13][31]'
INFO: [Synth 8-3886] merging instance 'g_inh_state_reg[12][19]' (FDRE) to 'g_inh_state_reg[12][31]'
INFO: [Synth 8-3886] merging instance 'g_inh_state_reg[11][19]' (FDRE) to 'g_inh_state_reg[11][31]'
INFO: [Synth 8-3886] merging instance 'g_inh_state_reg[10][19]' (FDRE) to 'g_inh_state_reg[10][31]'
INFO: [Synth 8-3886] merging instance 'g_inh_state_reg[9][19]' (FDRE) to 'g_inh_state_reg[9][31]'
INFO: [Synth 8-3886] merging instance 'g_inh_state_reg[8][19]' (FDRE) to 'g_inh_state_reg[8][31]'
INFO: [Synth 8-3886] merging instance 'g_inh_state_reg[7][19]' (FDRE) to 'g_inh_state_reg[7][31]'
INFO: [Synth 8-3886] merging instance 'g_inh_state_reg[6][19]' (FDRE) to 'g_inh_state_reg[6][31]'
INFO: [Synth 8-3886] merging instance 'g_inh_state_reg[5][19]' (FDRE) to 'g_inh_state_reg[5][31]'
INFO: [Synth 8-3886] merging instance 'g_inh_state_reg[4][19]' (FDRE) to 'g_inh_state_reg[4][31]'
INFO: [Synth 8-3886] merging instance 'g_inh_state_reg[3][19]' (FDRE) to 'g_inh_state_reg[3][31]'
INFO: [Synth 8-3886] merging instance 'g_inh_state_reg[2][19]' (FDRE) to 'g_inh_state_reg[2][31]'
INFO: [Synth 8-3886] merging instance 'g_inh_state_reg[1][19]' (FDRE) to 'g_inh_state_reg[1][31]'
INFO: [Synth 8-3886] merging instance 'g_inh_state_reg[0][19]' (FDRE) to 'g_inh_state_reg[0][31]'
INFO: [Synth 8-3886] merging instance 'g_inh_state_reg[99][19]' (FDRE) to 'g_inh_state_reg[99][31]'
INFO: [Synth 8-3886] merging instance 'g_inh_state_reg[98][19]' (FDRE) to 'g_inh_state_reg[98][31]'
INFO: [Synth 8-3886] merging instance 'g_inh_state_reg[97][19]' (FDRE) to 'g_inh_state_reg[97][31]'
INFO: [Synth 8-3886] merging instance 'g_inh_state_reg[96][19]' (FDRE) to 'g_inh_state_reg[96][31]'
INFO: [Synth 8-3886] merging instance 'g_inh_state_reg[95][19]' (FDRE) to 'g_inh_state_reg[95][31]'
INFO: [Synth 8-3886] merging instance 'g_inh_state_reg[94][19]' (FDRE) to 'g_inh_state_reg[94][31]'
INFO: [Synth 8-3886] merging instance 'g_inh_state_reg[93][19]' (FDRE) to 'g_inh_state_reg[93][31]'
INFO: [Synth 8-3886] merging instance 'g_inh_state_reg[92][19]' (FDRE) to 'g_inh_state_reg[92][31]'
INFO: [Synth 8-3886] merging instance 'g_inh_state_reg[91][19]' (FDRE) to 'g_inh_state_reg[91][31]'
INFO: [Synth 8-3886] merging instance 'g_inh_state_reg[90][19]' (FDRE) to 'g_inh_state_reg[90][31]'
INFO: [Synth 8-3886] merging instance 'g_inh_state_reg[89][19]' (FDRE) to 'g_inh_state_reg[89][31]'
INFO: [Synth 8-3886] merging instance 'g_inh_state_reg[88][19]' (FDRE) to 'g_inh_state_reg[88][31]'
INFO: [Synth 8-3886] merging instance 'g_inh_state_reg[87][19]' (FDRE) to 'g_inh_state_reg[87][31]'
INFO: [Synth 8-3886] merging instance 'g_inh_state_reg[86][19]' (FDRE) to 'g_inh_state_reg[86][31]'
INFO: [Synth 8-3886] merging instance 'g_inh_state_reg[85][19]' (FDRE) to 'g_inh_state_reg[85][31]'
INFO: [Synth 8-3886] merging instance 'g_inh_state_reg[84][19]' (FDRE) to 'g_inh_state_reg[84][31]'
INFO: [Synth 8-3886] merging instance 'g_inh_state_reg[83][19]' (FDRE) to 'g_inh_state_reg[83][31]'
INFO: [Synth 8-3886] merging instance 'g_inh_state_reg[82][19]' (FDRE) to 'g_inh_state_reg[82][31]'
INFO: [Synth 8-3886] merging instance 'g_inh_state_reg[81][19]' (FDRE) to 'g_inh_state_reg[81][31]'
INFO: [Synth 8-3886] merging instance 'g_inh_state_reg[80][19]' (FDRE) to 'g_inh_state_reg[80][31]'
INFO: [Synth 8-3886] merging instance 'g_inh_state_reg[79][19]' (FDRE) to 'g_inh_state_reg[79][31]'
INFO: [Synth 8-3886] merging instance 'g_inh_state_reg[78][19]' (FDRE) to 'g_inh_state_reg[78][31]'
INFO: [Synth 8-3886] merging instance 'g_inh_state_reg[77][19]' (FDRE) to 'g_inh_state_reg[77][31]'
INFO: [Synth 8-3886] merging instance 'g_inh_state_reg[76][19]' (FDRE) to 'g_inh_state_reg[76][31]'
INFO: [Synth 8-3886] merging instance 'g_inh_state_reg[75][19]' (FDRE) to 'g_inh_state_reg[75][31]'
INFO: [Synth 8-3886] merging instance 'g_inh_state_reg[74][19]' (FDRE) to 'g_inh_state_reg[74][31]'
INFO: [Synth 8-3886] merging instance 'g_inh_state_reg[73][19]' (FDRE) to 'g_inh_state_reg[73][31]'
INFO: [Synth 8-3886] merging instance 'g_inh_state_reg[72][19]' (FDRE) to 'g_inh_state_reg[72][31]'
INFO: [Synth 8-3886] merging instance 'g_inh_state_reg[71][19]' (FDRE) to 'g_inh_state_reg[71][31]'
INFO: [Synth 8-3886] merging instance 'g_inh_state_reg[70][19]' (FDRE) to 'g_inh_state_reg[70][31]'
INFO: [Synth 8-3886] merging instance 'g_inh_state_reg[69][19]' (FDRE) to 'g_inh_state_reg[69][31]'
INFO: [Synth 8-3886] merging instance 'g_inh_state_reg[68][19]' (FDRE) to 'g_inh_state_reg[68][31]'
INFO: [Synth 8-3886] merging instance 'g_inh_state_reg[67][19]' (FDRE) to 'g_inh_state_reg[67][31]'
INFO: [Synth 8-3886] merging instance 'g_inh_state_reg[66][19]' (FDRE) to 'g_inh_state_reg[66][31]'
INFO: [Synth 8-3886] merging instance 'g_inh_state_reg[65][19]' (FDRE) to 'g_inh_state_reg[65][31]'
INFO: [Synth 8-3886] merging instance 'g_inh_state_reg[64][19]' (FDRE) to 'g_inh_state_reg[64][31]'
INFO: [Synth 8-3886] merging instance 'g_inh_state_reg[63][20]' (FDRE) to 'g_inh_state_reg[63][31]'
INFO: [Synth 8-3886] merging instance 'g_inh_state_reg[62][20]' (FDRE) to 'g_inh_state_reg[62][31]'
INFO: [Synth 8-3886] merging instance 'g_inh_state_reg[61][20]' (FDRE) to 'g_inh_state_reg[61][31]'
INFO: [Synth 8-3886] merging instance 'g_inh_state_reg[60][20]' (FDRE) to 'g_inh_state_reg[60][31]'
INFO: [Synth 8-3886] merging instance 'g_inh_state_reg[59][20]' (FDRE) to 'g_inh_state_reg[59][31]'
INFO: [Synth 8-3886] merging instance 'g_inh_state_reg[58][20]' (FDRE) to 'g_inh_state_reg[58][31]'
INFO: [Synth 8-3886] merging instance 'g_inh_state_reg[57][20]' (FDRE) to 'g_inh_state_reg[57][31]'
INFO: [Synth 8-3886] merging instance 'g_inh_state_reg[56][20]' (FDRE) to 'g_inh_state_reg[56][31]'
INFO: [Synth 8-3886] merging instance 'g_inh_state_reg[55][20]' (FDRE) to 'g_inh_state_reg[55][31]'
INFO: [Synth 8-3886] merging instance 'g_inh_state_reg[54][20]' (FDRE) to 'g_inh_state_reg[54][31]'
INFO: [Synth 8-3886] merging instance 'g_inh_state_reg[53][20]' (FDRE) to 'g_inh_state_reg[53][31]'
INFO: [Synth 8-3886] merging instance 'g_inh_state_reg[52][20]' (FDRE) to 'g_inh_state_reg[52][31]'
INFO: [Synth 8-3886] merging instance 'g_inh_state_reg[51][20]' (FDRE) to 'g_inh_state_reg[51][31]'
INFO: [Synth 8-3886] merging instance 'g_inh_state_reg[50][20]' (FDRE) to 'g_inh_state_reg[50][31]'
INFO: [Synth 8-3886] merging instance 'g_inh_state_reg[49][20]' (FDRE) to 'g_inh_state_reg[49][31]'
INFO: [Synth 8-3886] merging instance 'g_inh_state_reg[48][20]' (FDRE) to 'g_inh_state_reg[48][31]'
INFO: [Synth 8-3886] merging instance 'g_inh_state_reg[47][20]' (FDRE) to 'g_inh_state_reg[47][31]'
INFO: [Synth 8-3886] merging instance 'g_inh_state_reg[46][20]' (FDRE) to 'g_inh_state_reg[46][31]'
INFO: [Synth 8-3886] merging instance 'g_inh_state_reg[45][20]' (FDRE) to 'g_inh_state_reg[45][31]'
INFO: [Synth 8-3886] merging instance 'g_inh_state_reg[44][20]' (FDRE) to 'g_inh_state_reg[44][31]'
INFO: [Synth 8-3886] merging instance 'g_inh_state_reg[43][20]' (FDRE) to 'g_inh_state_reg[43][31]'
INFO: [Synth 8-3886] merging instance 'g_inh_state_reg[42][20]' (FDRE) to 'g_inh_state_reg[42][31]'
INFO: [Synth 8-3886] merging instance 'g_inh_state_reg[41][20]' (FDRE) to 'g_inh_state_reg[41][31]'
INFO: [Synth 8-3886] merging instance 'g_inh_state_reg[40][20]' (FDRE) to 'g_inh_state_reg[40][31]'
INFO: [Synth 8-3886] merging instance 'g_inh_state_reg[39][20]' (FDRE) to 'g_inh_state_reg[39][31]'
INFO: [Synth 8-3886] merging instance 'g_inh_state_reg[38][20]' (FDRE) to 'g_inh_state_reg[38][31]'
INFO: [Synth 8-3886] merging instance 'g_inh_state_reg[37][20]' (FDRE) to 'g_inh_state_reg[37][31]'
INFO: [Synth 8-3886] merging instance 'g_inh_state_reg[36][20]' (FDRE) to 'g_inh_state_reg[36][31]'
INFO: [Synth 8-3886] merging instance 'g_inh_state_reg[35][20]' (FDRE) to 'g_inh_state_reg[35][31]'
INFO: [Synth 8-3886] merging instance 'g_inh_state_reg[34][20]' (FDRE) to 'g_inh_state_reg[34][31]'
INFO: [Synth 8-3886] merging instance 'g_inh_state_reg[33][20]' (FDRE) to 'g_inh_state_reg[33][31]'
INFO: [Synth 8-3886] merging instance 'g_inh_state_reg[32][20]' (FDRE) to 'g_inh_state_reg[32][31]'
INFO: [Synth 8-3886] merging instance 'g_inh_state_reg[31][20]' (FDRE) to 'g_inh_state_reg[31][31]'
INFO: [Synth 8-3886] merging instance 'g_inh_state_reg[30][20]' (FDRE) to 'g_inh_state_reg[30][31]'
INFO: [Synth 8-3886] merging instance 'g_inh_state_reg[29][20]' (FDRE) to 'g_inh_state_reg[29][31]'
INFO: [Synth 8-3886] merging instance 'g_inh_state_reg[28][20]' (FDRE) to 'g_inh_state_reg[28][31]'
INFO: [Synth 8-3886] merging instance 'g_inh_state_reg[27][20]' (FDRE) to 'g_inh_state_reg[27][31]'
INFO: [Synth 8-3886] merging instance 'g_inh_state_reg[26][20]' (FDRE) to 'g_inh_state_reg[26][31]'
INFO: [Synth 8-3886] merging instance 'g_inh_state_reg[25][20]' (FDRE) to 'g_inh_state_reg[25][31]'
INFO: [Synth 8-3886] merging instance 'g_inh_state_reg[24][20]' (FDRE) to 'g_inh_state_reg[24][31]'
INFO: [Synth 8-3886] merging instance 'g_inh_state_reg[23][20]' (FDRE) to 'g_inh_state_reg[23][31]'
INFO: [Synth 8-3886] merging instance 'g_inh_state_reg[22][20]' (FDRE) to 'g_inh_state_reg[22][31]'
INFO: [Synth 8-3886] merging instance 'g_inh_state_reg[21][20]' (FDRE) to 'g_inh_state_reg[21][31]'
INFO: [Synth 8-3886] merging instance 'g_inh_state_reg[20][20]' (FDRE) to 'g_inh_state_reg[20][31]'
INFO: [Synth 8-3886] merging instance 'g_inh_state_reg[19][20]' (FDRE) to 'g_inh_state_reg[19][31]'
INFO: [Synth 8-3886] merging instance 'g_inh_state_reg[18][20]' (FDRE) to 'g_inh_state_reg[18][31]'
INFO: [Synth 8-3886] merging instance 'g_inh_state_reg[17][20]' (FDRE) to 'g_inh_state_reg[17][31]'
INFO: [Synth 8-3886] merging instance 'g_inh_state_reg[16][20]' (FDRE) to 'g_inh_state_reg[16][31]'
INFO: [Synth 8-3886] merging instance 'g_inh_state_reg[15][20]' (FDRE) to 'g_inh_state_reg[15][31]'
INFO: [Synth 8-3886] merging instance 'g_inh_state_reg[14][20]' (FDRE) to 'g_inh_state_reg[14][31]'
INFO: [Synth 8-3886] merging instance 'g_inh_state_reg[13][20]' (FDRE) to 'g_inh_state_reg[13][31]'
INFO: [Synth 8-3886] merging instance 'g_inh_state_reg[12][20]' (FDRE) to 'g_inh_state_reg[12][31]'
INFO: [Synth 8-3886] merging instance 'g_inh_state_reg[11][20]' (FDRE) to 'g_inh_state_reg[11][31]'
INFO: [Synth 8-3886] merging instance 'g_inh_state_reg[10][20]' (FDRE) to 'g_inh_state_reg[10][31]'
INFO: [Synth 8-3886] merging instance 'g_inh_state_reg[9][20]' (FDRE) to 'g_inh_state_reg[9][31]'
INFO: [Synth 8-3886] merging instance 'g_inh_state_reg[8][20]' (FDRE) to 'g_inh_state_reg[8][31]'
INFO: [Synth 8-3886] merging instance 'g_inh_state_reg[7][20]' (FDRE) to 'g_inh_state_reg[7][31]'
INFO: [Synth 8-3886] merging instance 'g_inh_state_reg[6][20]' (FDRE) to 'g_inh_state_reg[6][31]'
INFO: [Synth 8-3886] merging instance 'g_inh_state_reg[5][20]' (FDRE) to 'g_inh_state_reg[5][31]'
INFO: [Synth 8-3886] merging instance 'g_inh_state_reg[4][20]' (FDRE) to 'g_inh_state_reg[4][31]'
INFO: [Synth 8-3886] merging instance 'g_inh_state_reg[3][20]' (FDRE) to 'g_inh_state_reg[3][31]'
INFO: [Synth 8-3886] merging instance 'g_inh_state_reg[2][20]' (FDRE) to 'g_inh_state_reg[2][31]'
INFO: [Synth 8-3886] merging instance 'g_inh_state_reg[1][20]' (FDRE) to 'g_inh_state_reg[1][31]'
INFO: [Synth 8-3886] merging instance 'g_inh_state_reg[0][20]' (FDRE) to 'g_inh_state_reg[0][31]'
INFO: [Synth 8-3886] merging instance 'g_inh_state_reg[99][20]' (FDRE) to 'g_inh_state_reg[99][31]'
INFO: [Synth 8-3886] merging instance 'g_inh_state_reg[98][20]' (FDRE) to 'g_inh_state_reg[98][31]'
INFO: [Synth 8-3886] merging instance 'g_inh_state_reg[97][20]' (FDRE) to 'g_inh_state_reg[97][31]'
INFO: [Synth 8-3886] merging instance 'g_inh_state_reg[96][20]' (FDRE) to 'g_inh_state_reg[96][31]'
INFO: [Synth 8-3886] merging instance 'g_inh_state_reg[95][20]' (FDRE) to 'g_inh_state_reg[95][31]'
INFO: [Synth 8-3886] merging instance 'g_inh_state_reg[94][20]' (FDRE) to 'g_inh_state_reg[94][31]'
INFO: [Synth 8-3886] merging instance 'g_inh_state_reg[93][20]' (FDRE) to 'g_inh_state_reg[93][31]'
INFO: [Synth 8-3886] merging instance 'g_inh_state_reg[92][20]' (FDRE) to 'g_inh_state_reg[92][31]'
INFO: [Synth 8-3886] merging instance 'g_inh_state_reg[91][20]' (FDRE) to 'g_inh_state_reg[91][31]'
INFO: [Synth 8-3886] merging instance 'g_inh_state_reg[90][20]' (FDRE) to 'g_inh_state_reg[90][31]'
INFO: [Synth 8-3886] merging instance 'g_inh_state_reg[89][20]' (FDRE) to 'g_inh_state_reg[89][31]'
INFO: [Synth 8-3886] merging instance 'g_inh_state_reg[88][20]' (FDRE) to 'g_inh_state_reg[88][31]'
INFO: [Synth 8-3886] merging instance 'g_inh_state_reg[87][20]' (FDRE) to 'g_inh_state_reg[87][31]'
INFO: [Synth 8-3886] merging instance 'g_inh_state_reg[86][20]' (FDRE) to 'g_inh_state_reg[86][31]'
INFO: [Synth 8-3886] merging instance 'g_inh_state_reg[85][20]' (FDRE) to 'g_inh_state_reg[85][31]'
INFO: [Synth 8-3886] merging instance 'g_inh_state_reg[84][20]' (FDRE) to 'g_inh_state_reg[84][31]'
INFO: [Synth 8-3886] merging instance 'g_inh_state_reg[83][20]' (FDRE) to 'g_inh_state_reg[83][31]'
INFO: [Synth 8-3886] merging instance 'g_inh_state_reg[82][20]' (FDRE) to 'g_inh_state_reg[82][31]'
INFO: [Synth 8-3886] merging instance 'g_inh_state_reg[81][20]' (FDRE) to 'g_inh_state_reg[81][31]'
INFO: [Synth 8-3886] merging instance 'g_inh_state_reg[80][20]' (FDRE) to 'g_inh_state_reg[80][31]'
INFO: [Synth 8-3886] merging instance 'g_inh_state_reg[79][20]' (FDRE) to 'g_inh_state_reg[79][31]'
INFO: [Synth 8-3886] merging instance 'g_inh_state_reg[78][20]' (FDRE) to 'g_inh_state_reg[78][31]'
INFO: [Synth 8-3886] merging instance 'g_inh_state_reg[77][20]' (FDRE) to 'g_inh_state_reg[77][31]'
INFO: [Synth 8-3886] merging instance 'g_inh_state_reg[76][20]' (FDRE) to 'g_inh_state_reg[76][31]'
INFO: [Synth 8-3886] merging instance 'g_inh_state_reg[75][20]' (FDRE) to 'g_inh_state_reg[75][31]'
INFO: [Synth 8-3886] merging instance 'g_inh_state_reg[74][20]' (FDRE) to 'g_inh_state_reg[74][31]'
INFO: [Synth 8-3886] merging instance 'g_inh_state_reg[73][20]' (FDRE) to 'g_inh_state_reg[73][31]'
INFO: [Synth 8-3886] merging instance 'g_inh_state_reg[72][20]' (FDRE) to 'g_inh_state_reg[72][31]'
INFO: [Synth 8-3886] merging instance 'g_inh_state_reg[71][20]' (FDRE) to 'g_inh_state_reg[71][31]'
INFO: [Synth 8-3886] merging instance 'g_inh_state_reg[70][20]' (FDRE) to 'g_inh_state_reg[70][31]'
INFO: [Synth 8-3886] merging instance 'g_inh_state_reg[69][20]' (FDRE) to 'g_inh_state_reg[69][31]'
INFO: [Synth 8-3886] merging instance 'g_inh_state_reg[68][20]' (FDRE) to 'g_inh_state_reg[68][31]'
INFO: [Synth 8-3886] merging instance 'g_inh_state_reg[67][20]' (FDRE) to 'g_inh_state_reg[67][31]'
INFO: [Synth 8-3886] merging instance 'g_inh_state_reg[66][20]' (FDRE) to 'g_inh_state_reg[66][31]'
INFO: [Synth 8-3886] merging instance 'g_inh_state_reg[65][20]' (FDRE) to 'g_inh_state_reg[65][31]'
INFO: [Synth 8-3886] merging instance 'g_inh_state_reg[64][20]' (FDRE) to 'g_inh_state_reg[64][31]'
INFO: [Synth 8-3886] merging instance 'g_inh_state_reg[63][21]' (FDRE) to 'g_inh_state_reg[63][31]'
INFO: [Synth 8-3886] merging instance 'g_inh_state_reg[62][21]' (FDRE) to 'g_inh_state_reg[62][31]'
INFO: [Synth 8-3886] merging instance 'g_inh_state_reg[61][21]' (FDRE) to 'g_inh_state_reg[61][31]'
INFO: [Synth 8-3886] merging instance 'g_inh_state_reg[60][21]' (FDRE) to 'g_inh_state_reg[60][31]'
INFO: [Synth 8-3886] merging instance 'g_inh_state_reg[59][21]' (FDRE) to 'g_inh_state_reg[59][31]'
INFO: [Synth 8-3886] merging instance 'g_inh_state_reg[58][21]' (FDRE) to 'g_inh_state_reg[58][31]'
INFO: [Synth 8-3886] merging instance 'g_inh_state_reg[57][21]' (FDRE) to 'g_inh_state_reg[57][31]'
INFO: [Synth 8-3886] merging instance 'g_inh_state_reg[56][21]' (FDRE) to 'g_inh_state_reg[56][31]'
INFO: [Synth 8-3886] merging instance 'g_inh_state_reg[55][21]' (FDRE) to 'g_inh_state_reg[55][31]'
INFO: [Synth 8-3886] merging instance 'g_inh_state_reg[54][21]' (FDRE) to 'g_inh_state_reg[54][31]'
INFO: [Synth 8-3886] merging instance 'g_inh_state_reg[53][21]' (FDRE) to 'g_inh_state_reg[53][31]'
INFO: [Synth 8-3886] merging instance 'g_inh_state_reg[52][21]' (FDRE) to 'g_inh_state_reg[52][31]'
INFO: [Synth 8-3886] merging instance 'g_inh_state_reg[51][21]' (FDRE) to 'g_inh_state_reg[51][31]'
INFO: [Synth 8-3886] merging instance 'g_inh_state_reg[50][21]' (FDRE) to 'g_inh_state_reg[50][31]'
INFO: [Synth 8-3886] merging instance 'g_inh_state_reg[49][21]' (FDRE) to 'g_inh_state_reg[49][31]'
INFO: [Synth 8-3886] merging instance 'g_inh_state_reg[48][21]' (FDRE) to 'g_inh_state_reg[48][31]'
INFO: [Synth 8-3886] merging instance 'g_inh_state_reg[47][21]' (FDRE) to 'g_inh_state_reg[47][31]'
INFO: [Synth 8-3886] merging instance 'g_inh_state_reg[46][21]' (FDRE) to 'g_inh_state_reg[46][31]'
INFO: [Synth 8-3886] merging instance 'g_inh_state_reg[45][21]' (FDRE) to 'g_inh_state_reg[45][31]'
INFO: [Synth 8-3886] merging instance 'g_inh_state_reg[44][21]' (FDRE) to 'g_inh_state_reg[44][31]'
INFO: [Synth 8-3886] merging instance 'g_inh_state_reg[43][21]' (FDRE) to 'g_inh_state_reg[43][31]'
INFO: [Synth 8-3886] merging instance 'g_inh_state_reg[42][21]' (FDRE) to 'g_inh_state_reg[42][31]'
INFO: [Synth 8-3886] merging instance 'g_inh_state_reg[41][21]' (FDRE) to 'g_inh_state_reg[41][31]'
INFO: [Synth 8-3886] merging instance 'g_inh_state_reg[40][21]' (FDRE) to 'g_inh_state_reg[40][31]'
INFO: [Synth 8-3886] merging instance 'g_inh_state_reg[39][21]' (FDRE) to 'g_inh_state_reg[39][31]'
INFO: [Synth 8-3886] merging instance 'g_inh_state_reg[38][21]' (FDRE) to 'g_inh_state_reg[38][31]'
INFO: [Synth 8-3886] merging instance 'g_inh_state_reg[37][21]' (FDRE) to 'g_inh_state_reg[37][31]'
INFO: [Synth 8-3886] merging instance 'g_inh_state_reg[36][21]' (FDRE) to 'g_inh_state_reg[36][31]'
INFO: [Synth 8-3886] merging instance 'g_inh_state_reg[35][21]' (FDRE) to 'g_inh_state_reg[35][31]'
INFO: [Synth 8-3886] merging instance 'g_inh_state_reg[34][21]' (FDRE) to 'g_inh_state_reg[34][31]'
INFO: [Synth 8-3886] merging instance 'g_inh_state_reg[33][21]' (FDRE) to 'g_inh_state_reg[33][31]'
INFO: [Synth 8-3886] merging instance 'g_inh_state_reg[32][21]' (FDRE) to 'g_inh_state_reg[32][31]'
INFO: [Synth 8-3886] merging instance 'g_inh_state_reg[31][21]' (FDRE) to 'g_inh_state_reg[31][31]'
INFO: [Synth 8-3886] merging instance 'g_inh_state_reg[30][21]' (FDRE) to 'g_inh_state_reg[30][31]'
INFO: [Synth 8-3886] merging instance 'g_inh_state_reg[29][21]' (FDRE) to 'g_inh_state_reg[29][31]'
INFO: [Synth 8-3886] merging instance 'g_inh_state_reg[28][21]' (FDRE) to 'g_inh_state_reg[28][31]'
INFO: [Synth 8-3886] merging instance 'g_inh_state_reg[27][21]' (FDRE) to 'g_inh_state_reg[27][31]'
INFO: [Synth 8-3886] merging instance 'g_inh_state_reg[26][21]' (FDRE) to 'g_inh_state_reg[26][31]'
INFO: [Synth 8-3886] merging instance 'g_inh_state_reg[25][21]' (FDRE) to 'g_inh_state_reg[25][31]'
INFO: [Synth 8-3886] merging instance 'g_inh_state_reg[24][21]' (FDRE) to 'g_inh_state_reg[24][31]'
INFO: [Synth 8-3886] merging instance 'g_inh_state_reg[23][21]' (FDRE) to 'g_inh_state_reg[23][31]'
INFO: [Synth 8-3886] merging instance 'g_inh_state_reg[22][21]' (FDRE) to 'g_inh_state_reg[22][31]'
INFO: [Synth 8-3886] merging instance 'g_inh_state_reg[21][21]' (FDRE) to 'g_inh_state_reg[21][31]'
INFO: [Synth 8-3886] merging instance 'g_inh_state_reg[20][21]' (FDRE) to 'g_inh_state_reg[20][31]'
INFO: [Synth 8-3886] merging instance 'g_inh_state_reg[19][21]' (FDRE) to 'g_inh_state_reg[19][31]'
INFO: [Synth 8-3886] merging instance 'g_inh_state_reg[18][21]' (FDRE) to 'g_inh_state_reg[18][31]'
INFO: [Synth 8-3886] merging instance 'g_inh_state_reg[17][21]' (FDRE) to 'g_inh_state_reg[17][31]'
INFO: [Synth 8-3886] merging instance 'g_inh_state_reg[16][21]' (FDRE) to 'g_inh_state_reg[16][31]'
INFO: [Synth 8-3886] merging instance 'g_inh_state_reg[15][21]' (FDRE) to 'g_inh_state_reg[15][31]'
INFO: [Synth 8-3886] merging instance 'g_inh_state_reg[14][21]' (FDRE) to 'g_inh_state_reg[14][31]'
INFO: [Synth 8-3886] merging instance 'g_inh_state_reg[13][21]' (FDRE) to 'g_inh_state_reg[13][31]'
INFO: [Synth 8-3886] merging instance 'g_inh_state_reg[12][21]' (FDRE) to 'g_inh_state_reg[12][31]'
INFO: [Synth 8-3886] merging instance 'g_inh_state_reg[11][21]' (FDRE) to 'g_inh_state_reg[11][31]'
INFO: [Synth 8-3886] merging instance 'g_inh_state_reg[10][21]' (FDRE) to 'g_inh_state_reg[10][31]'
INFO: [Synth 8-3886] merging instance 'g_inh_state_reg[9][21]' (FDRE) to 'g_inh_state_reg[9][31]'
INFO: [Synth 8-3886] merging instance 'g_inh_state_reg[8][21]' (FDRE) to 'g_inh_state_reg[8][31]'
INFO: [Synth 8-3886] merging instance 'g_inh_state_reg[7][21]' (FDRE) to 'g_inh_state_reg[7][31]'
INFO: [Synth 8-3886] merging instance 'g_inh_state_reg[6][21]' (FDRE) to 'g_inh_state_reg[6][31]'
INFO: [Synth 8-3886] merging instance 'g_inh_state_reg[5][21]' (FDRE) to 'g_inh_state_reg[5][31]'
INFO: [Synth 8-3886] merging instance 'g_inh_state_reg[4][21]' (FDRE) to 'g_inh_state_reg[4][31]'
INFO: [Synth 8-3886] merging instance 'g_inh_state_reg[3][21]' (FDRE) to 'g_inh_state_reg[3][31]'
INFO: [Synth 8-3886] merging instance 'g_inh_state_reg[2][21]' (FDRE) to 'g_inh_state_reg[2][31]'
INFO: [Synth 8-3886] merging instance 'g_inh_state_reg[1][21]' (FDRE) to 'g_inh_state_reg[1][31]'
INFO: [Synth 8-3886] merging instance 'g_inh_state_reg[0][21]' (FDRE) to 'g_inh_state_reg[0][31]'
INFO: [Synth 8-3886] merging instance 'g_inh_state_reg[99][21]' (FDRE) to 'g_inh_state_reg[99][31]'
INFO: [Synth 8-3886] merging instance 'g_inh_state_reg[98][21]' (FDRE) to 'g_inh_state_reg[98][31]'
INFO: [Synth 8-3886] merging instance 'g_inh_state_reg[97][21]' (FDRE) to 'g_inh_state_reg[97][31]'
INFO: [Synth 8-3886] merging instance 'g_inh_state_reg[96][21]' (FDRE) to 'g_inh_state_reg[96][31]'
INFO: [Synth 8-3886] merging instance 'g_inh_state_reg[95][21]' (FDRE) to 'g_inh_state_reg[95][31]'
INFO: [Synth 8-3886] merging instance 'g_inh_state_reg[94][21]' (FDRE) to 'g_inh_state_reg[94][31]'
INFO: [Synth 8-3886] merging instance 'g_inh_state_reg[93][21]' (FDRE) to 'g_inh_state_reg[93][31]'
INFO: [Synth 8-3886] merging instance 'g_inh_state_reg[92][21]' (FDRE) to 'g_inh_state_reg[92][31]'
INFO: [Synth 8-3886] merging instance 'g_inh_state_reg[91][21]' (FDRE) to 'g_inh_state_reg[91][31]'
INFO: [Synth 8-3886] merging instance 'g_inh_state_reg[90][21]' (FDRE) to 'g_inh_state_reg[90][31]'
INFO: [Synth 8-3886] merging instance 'g_inh_state_reg[89][21]' (FDRE) to 'g_inh_state_reg[89][31]'
INFO: [Synth 8-3886] merging instance 'g_inh_state_reg[88][21]' (FDRE) to 'g_inh_state_reg[88][31]'
INFO: [Synth 8-3886] merging instance 'g_inh_state_reg[87][21]' (FDRE) to 'g_inh_state_reg[87][31]'
INFO: [Synth 8-3886] merging instance 'g_inh_state_reg[86][21]' (FDRE) to 'g_inh_state_reg[86][31]'
INFO: [Synth 8-3886] merging instance 'g_inh_state_reg[85][21]' (FDRE) to 'g_inh_state_reg[85][31]'
INFO: [Synth 8-3886] merging instance 'g_inh_state_reg[84][21]' (FDRE) to 'g_inh_state_reg[84][31]'
INFO: [Synth 8-3886] merging instance 'g_inh_state_reg[83][21]' (FDRE) to 'g_inh_state_reg[83][31]'
INFO: [Synth 8-3886] merging instance 'g_inh_state_reg[82][21]' (FDRE) to 'g_inh_state_reg[82][31]'
INFO: [Synth 8-3886] merging instance 'g_inh_state_reg[81][21]' (FDRE) to 'g_inh_state_reg[81][31]'
INFO: [Synth 8-3886] merging instance 'g_inh_state_reg[80][21]' (FDRE) to 'g_inh_state_reg[80][31]'
INFO: [Synth 8-3886] merging instance 'g_inh_state_reg[79][21]' (FDRE) to 'g_inh_state_reg[79][31]'
INFO: [Synth 8-3886] merging instance 'g_inh_state_reg[78][21]' (FDRE) to 'g_inh_state_reg[78][31]'
INFO: [Synth 8-3886] merging instance 'g_inh_state_reg[77][21]' (FDRE) to 'g_inh_state_reg[77][31]'
INFO: [Synth 8-3886] merging instance 'g_inh_state_reg[76][21]' (FDRE) to 'g_inh_state_reg[76][31]'
INFO: [Synth 8-3886] merging instance 'g_inh_state_reg[75][21]' (FDRE) to 'g_inh_state_reg[75][31]'
INFO: [Synth 8-3886] merging instance 'g_inh_state_reg[74][21]' (FDRE) to 'g_inh_state_reg[74][31]'
INFO: [Synth 8-3886] merging instance 'g_inh_state_reg[73][21]' (FDRE) to 'g_inh_state_reg[73][31]'
INFO: [Synth 8-3886] merging instance 'g_inh_state_reg[72][21]' (FDRE) to 'g_inh_state_reg[72][31]'
INFO: [Synth 8-3886] merging instance 'g_inh_state_reg[71][21]' (FDRE) to 'g_inh_state_reg[71][31]'
INFO: [Synth 8-3886] merging instance 'g_inh_state_reg[70][21]' (FDRE) to 'g_inh_state_reg[70][31]'
INFO: [Synth 8-3886] merging instance 'g_inh_state_reg[69][21]' (FDRE) to 'g_inh_state_reg[69][31]'
INFO: [Synth 8-3886] merging instance 'g_inh_state_reg[68][21]' (FDRE) to 'g_inh_state_reg[68][31]'
INFO: [Synth 8-3886] merging instance 'g_inh_state_reg[67][21]' (FDRE) to 'g_inh_state_reg[67][31]'
INFO: [Synth 8-3886] merging instance 'g_inh_state_reg[66][21]' (FDRE) to 'g_inh_state_reg[66][31]'
INFO: [Synth 8-3886] merging instance 'g_inh_state_reg[65][21]' (FDRE) to 'g_inh_state_reg[65][31]'
INFO: [Synth 8-3886] merging instance 'g_inh_state_reg[64][21]' (FDRE) to 'g_inh_state_reg[64][31]'
INFO: [Synth 8-3886] merging instance 'g_inh_state_reg[63][22]' (FDRE) to 'g_inh_state_reg[63][31]'
INFO: [Synth 8-3886] merging instance 'g_inh_state_reg[62][22]' (FDRE) to 'g_inh_state_reg[62][31]'
INFO: [Synth 8-3886] merging instance 'g_inh_state_reg[61][22]' (FDRE) to 'g_inh_state_reg[61][31]'
INFO: [Synth 8-3886] merging instance 'g_inh_state_reg[60][22]' (FDRE) to 'g_inh_state_reg[60][31]'
INFO: [Synth 8-3886] merging instance 'g_inh_state_reg[59][22]' (FDRE) to 'g_inh_state_reg[59][31]'
INFO: [Synth 8-3886] merging instance 'g_inh_state_reg[58][22]' (FDRE) to 'g_inh_state_reg[58][31]'
INFO: [Synth 8-3886] merging instance 'g_inh_state_reg[57][22]' (FDRE) to 'g_inh_state_reg[57][31]'
INFO: [Synth 8-3886] merging instance 'g_inh_state_reg[56][22]' (FDRE) to 'g_inh_state_reg[56][31]'
INFO: [Synth 8-3886] merging instance 'g_inh_state_reg[55][22]' (FDRE) to 'g_inh_state_reg[55][31]'
INFO: [Synth 8-3886] merging instance 'g_inh_state_reg[54][22]' (FDRE) to 'g_inh_state_reg[54][31]'
INFO: [Synth 8-3886] merging instance 'g_inh_state_reg[53][22]' (FDRE) to 'g_inh_state_reg[53][31]'
INFO: [Synth 8-3886] merging instance 'g_inh_state_reg[52][22]' (FDRE) to 'g_inh_state_reg[52][31]'
INFO: [Synth 8-3886] merging instance 'g_inh_state_reg[51][22]' (FDRE) to 'g_inh_state_reg[51][31]'
INFO: [Synth 8-3886] merging instance 'g_inh_state_reg[50][22]' (FDRE) to 'g_inh_state_reg[50][31]'
INFO: [Synth 8-3886] merging instance 'g_inh_state_reg[49][22]' (FDRE) to 'g_inh_state_reg[49][31]'
INFO: [Synth 8-3886] merging instance 'g_inh_state_reg[48][22]' (FDRE) to 'g_inh_state_reg[48][31]'
INFO: [Synth 8-3886] merging instance 'g_inh_state_reg[47][22]' (FDRE) to 'g_inh_state_reg[47][31]'
INFO: [Synth 8-3886] merging instance 'g_inh_state_reg[46][22]' (FDRE) to 'g_inh_state_reg[46][31]'
INFO: [Synth 8-3886] merging instance 'g_inh_state_reg[45][22]' (FDRE) to 'g_inh_state_reg[45][31]'
INFO: [Synth 8-3886] merging instance 'g_inh_state_reg[44][22]' (FDRE) to 'g_inh_state_reg[44][31]'
INFO: [Synth 8-3886] merging instance 'g_inh_state_reg[43][22]' (FDRE) to 'g_inh_state_reg[43][31]'
INFO: [Synth 8-3886] merging instance 'g_inh_state_reg[42][22]' (FDRE) to 'g_inh_state_reg[42][31]'
INFO: [Synth 8-3886] merging instance 'g_inh_state_reg[41][22]' (FDRE) to 'g_inh_state_reg[41][31]'
INFO: [Synth 8-3886] merging instance 'g_inh_state_reg[40][22]' (FDRE) to 'g_inh_state_reg[40][31]'
INFO: [Synth 8-3886] merging instance 'g_inh_state_reg[39][22]' (FDRE) to 'g_inh_state_reg[39][31]'
INFO: [Synth 8-3886] merging instance 'g_inh_state_reg[38][22]' (FDRE) to 'g_inh_state_reg[38][31]'
INFO: [Synth 8-3886] merging instance 'g_inh_state_reg[37][22]' (FDRE) to 'g_inh_state_reg[37][31]'
INFO: [Synth 8-3886] merging instance 'g_inh_state_reg[36][22]' (FDRE) to 'g_inh_state_reg[36][31]'
INFO: [Synth 8-3886] merging instance 'g_inh_state_reg[35][22]' (FDRE) to 'g_inh_state_reg[35][31]'
INFO: [Synth 8-3886] merging instance 'g_inh_state_reg[34][22]' (FDRE) to 'g_inh_state_reg[34][31]'
INFO: [Synth 8-3886] merging instance 'g_inh_state_reg[33][22]' (FDRE) to 'g_inh_state_reg[33][31]'
INFO: [Synth 8-3886] merging instance 'g_inh_state_reg[32][22]' (FDRE) to 'g_inh_state_reg[32][31]'
INFO: [Synth 8-3886] merging instance 'g_inh_state_reg[31][22]' (FDRE) to 'g_inh_state_reg[31][31]'
INFO: [Synth 8-3886] merging instance 'g_inh_state_reg[30][22]' (FDRE) to 'g_inh_state_reg[30][31]'
INFO: [Synth 8-3886] merging instance 'g_inh_state_reg[29][22]' (FDRE) to 'g_inh_state_reg[29][31]'
INFO: [Synth 8-3886] merging instance 'g_inh_state_reg[28][22]' (FDRE) to 'g_inh_state_reg[28][31]'
INFO: [Synth 8-3886] merging instance 'g_inh_state_reg[27][22]' (FDRE) to 'g_inh_state_reg[27][31]'
INFO: [Synth 8-3886] merging instance 'g_inh_state_reg[26][22]' (FDRE) to 'g_inh_state_reg[26][31]'
INFO: [Synth 8-3886] merging instance 'g_inh_state_reg[25][22]' (FDRE) to 'g_inh_state_reg[25][31]'
INFO: [Synth 8-3886] merging instance 'g_inh_state_reg[24][22]' (FDRE) to 'g_inh_state_reg[24][31]'
INFO: [Synth 8-3886] merging instance 'g_inh_state_reg[23][22]' (FDRE) to 'g_inh_state_reg[23][31]'
INFO: [Synth 8-3886] merging instance 'g_inh_state_reg[22][22]' (FDRE) to 'g_inh_state_reg[22][31]'
INFO: [Synth 8-3886] merging instance 'g_inh_state_reg[21][22]' (FDRE) to 'g_inh_state_reg[21][31]'
INFO: [Synth 8-3886] merging instance 'g_inh_state_reg[20][22]' (FDRE) to 'g_inh_state_reg[20][31]'
INFO: [Synth 8-3886] merging instance 'g_inh_state_reg[19][22]' (FDRE) to 'g_inh_state_reg[19][31]'
INFO: [Synth 8-3886] merging instance 'g_inh_state_reg[18][22]' (FDRE) to 'g_inh_state_reg[18][31]'
INFO: [Synth 8-3886] merging instance 'g_inh_state_reg[17][22]' (FDRE) to 'g_inh_state_reg[17][31]'
INFO: [Synth 8-3886] merging instance 'g_inh_state_reg[16][22]' (FDRE) to 'g_inh_state_reg[16][31]'
INFO: [Synth 8-3886] merging instance 'g_inh_state_reg[15][22]' (FDRE) to 'g_inh_state_reg[15][31]'
INFO: [Synth 8-3886] merging instance 'g_inh_state_reg[14][22]' (FDRE) to 'g_inh_state_reg[14][31]'
INFO: [Synth 8-3886] merging instance 'g_inh_state_reg[13][22]' (FDRE) to 'g_inh_state_reg[13][31]'
INFO: [Synth 8-3886] merging instance 'g_inh_state_reg[12][22]' (FDRE) to 'g_inh_state_reg[12][31]'
INFO: [Synth 8-3886] merging instance 'g_inh_state_reg[11][22]' (FDRE) to 'g_inh_state_reg[11][31]'
INFO: [Synth 8-3886] merging instance 'g_inh_state_reg[10][22]' (FDRE) to 'g_inh_state_reg[10][31]'
INFO: [Synth 8-3886] merging instance 'g_inh_state_reg[9][22]' (FDRE) to 'g_inh_state_reg[9][31]'
INFO: [Synth 8-3886] merging instance 'g_inh_state_reg[8][22]' (FDRE) to 'g_inh_state_reg[8][31]'
INFO: [Synth 8-3886] merging instance 'g_inh_state_reg[7][22]' (FDRE) to 'g_inh_state_reg[7][31]'
INFO: [Synth 8-3886] merging instance 'g_inh_state_reg[6][22]' (FDRE) to 'g_inh_state_reg[6][31]'
INFO: [Synth 8-3886] merging instance 'g_inh_state_reg[5][22]' (FDRE) to 'g_inh_state_reg[5][31]'
INFO: [Synth 8-3886] merging instance 'g_inh_state_reg[4][22]' (FDRE) to 'g_inh_state_reg[4][31]'
INFO: [Synth 8-3886] merging instance 'g_inh_state_reg[3][22]' (FDRE) to 'g_inh_state_reg[3][31]'
INFO: [Synth 8-3886] merging instance 'g_inh_state_reg[2][22]' (FDRE) to 'g_inh_state_reg[2][31]'
INFO: [Synth 8-3886] merging instance 'g_inh_state_reg[1][22]' (FDRE) to 'g_inh_state_reg[1][31]'
INFO: [Synth 8-3886] merging instance 'g_inh_state_reg[0][22]' (FDRE) to 'g_inh_state_reg[0][31]'
INFO: [Synth 8-3886] merging instance 'g_inh_state_reg[99][22]' (FDRE) to 'g_inh_state_reg[99][31]'
INFO: [Synth 8-3886] merging instance 'g_inh_state_reg[98][22]' (FDRE) to 'g_inh_state_reg[98][31]'
INFO: [Synth 8-3886] merging instance 'g_inh_state_reg[97][22]' (FDRE) to 'g_inh_state_reg[97][31]'
INFO: [Synth 8-3886] merging instance 'g_inh_state_reg[96][22]' (FDRE) to 'g_inh_state_reg[96][31]'
INFO: [Synth 8-3886] merging instance 'g_inh_state_reg[95][22]' (FDRE) to 'g_inh_state_reg[95][31]'
INFO: [Synth 8-3886] merging instance 'g_inh_state_reg[94][22]' (FDRE) to 'g_inh_state_reg[94][31]'
INFO: [Synth 8-3886] merging instance 'g_inh_state_reg[93][22]' (FDRE) to 'g_inh_state_reg[93][31]'
INFO: [Synth 8-3886] merging instance 'g_inh_state_reg[92][22]' (FDRE) to 'g_inh_state_reg[92][31]'
INFO: [Synth 8-3886] merging instance 'g_inh_state_reg[91][22]' (FDRE) to 'g_inh_state_reg[91][31]'
INFO: [Synth 8-3886] merging instance 'g_inh_state_reg[90][22]' (FDRE) to 'g_inh_state_reg[90][31]'
INFO: [Synth 8-3886] merging instance 'g_inh_state_reg[89][22]' (FDRE) to 'g_inh_state_reg[89][31]'
INFO: [Synth 8-3886] merging instance 'g_inh_state_reg[88][22]' (FDRE) to 'g_inh_state_reg[88][31]'
INFO: [Synth 8-3886] merging instance 'g_inh_state_reg[87][22]' (FDRE) to 'g_inh_state_reg[87][31]'
INFO: [Synth 8-3886] merging instance 'g_inh_state_reg[86][22]' (FDRE) to 'g_inh_state_reg[86][31]'
INFO: [Synth 8-3886] merging instance 'g_inh_state_reg[85][22]' (FDRE) to 'g_inh_state_reg[85][31]'
INFO: [Synth 8-3886] merging instance 'g_inh_state_reg[84][22]' (FDRE) to 'g_inh_state_reg[84][31]'
INFO: [Synth 8-3886] merging instance 'g_inh_state_reg[83][22]' (FDRE) to 'g_inh_state_reg[83][31]'
INFO: [Synth 8-3886] merging instance 'g_inh_state_reg[82][22]' (FDRE) to 'g_inh_state_reg[82][31]'
INFO: [Synth 8-3886] merging instance 'g_inh_state_reg[81][22]' (FDRE) to 'g_inh_state_reg[81][31]'
INFO: [Synth 8-3886] merging instance 'g_inh_state_reg[80][22]' (FDRE) to 'g_inh_state_reg[80][31]'
INFO: [Synth 8-3886] merging instance 'g_inh_state_reg[79][22]' (FDRE) to 'g_inh_state_reg[79][31]'
INFO: [Synth 8-3886] merging instance 'g_inh_state_reg[78][22]' (FDRE) to 'g_inh_state_reg[78][31]'
INFO: [Synth 8-3886] merging instance 'g_inh_state_reg[77][22]' (FDRE) to 'g_inh_state_reg[77][31]'
INFO: [Synth 8-3886] merging instance 'g_inh_state_reg[76][22]' (FDRE) to 'g_inh_state_reg[76][31]'
INFO: [Synth 8-3886] merging instance 'g_inh_state_reg[75][22]' (FDRE) to 'g_inh_state_reg[75][31]'
INFO: [Synth 8-3886] merging instance 'g_inh_state_reg[74][22]' (FDRE) to 'g_inh_state_reg[74][31]'
INFO: [Synth 8-3886] merging instance 'g_inh_state_reg[73][22]' (FDRE) to 'g_inh_state_reg[73][31]'
INFO: [Synth 8-3886] merging instance 'g_inh_state_reg[72][22]' (FDRE) to 'g_inh_state_reg[72][31]'
INFO: [Synth 8-3886] merging instance 'g_inh_state_reg[71][22]' (FDRE) to 'g_inh_state_reg[71][31]'
INFO: [Synth 8-3886] merging instance 'g_inh_state_reg[70][22]' (FDRE) to 'g_inh_state_reg[70][31]'
INFO: [Synth 8-3886] merging instance 'g_inh_state_reg[69][22]' (FDRE) to 'g_inh_state_reg[69][31]'
INFO: [Synth 8-3886] merging instance 'g_inh_state_reg[68][22]' (FDRE) to 'g_inh_state_reg[68][31]'
INFO: [Synth 8-3886] merging instance 'g_inh_state_reg[67][22]' (FDRE) to 'g_inh_state_reg[67][31]'
INFO: [Synth 8-3886] merging instance 'g_inh_state_reg[66][22]' (FDRE) to 'g_inh_state_reg[66][31]'
INFO: [Synth 8-3886] merging instance 'g_inh_state_reg[65][22]' (FDRE) to 'g_inh_state_reg[65][31]'
INFO: [Synth 8-3886] merging instance 'g_inh_state_reg[64][22]' (FDRE) to 'g_inh_state_reg[64][31]'
INFO: [Synth 8-3886] merging instance 'g_inh_state_reg[63][23]' (FDRE) to 'g_inh_state_reg[63][31]'
INFO: [Synth 8-3886] merging instance 'g_inh_state_reg[62][23]' (FDRE) to 'g_inh_state_reg[62][31]'
INFO: [Synth 8-3886] merging instance 'g_inh_state_reg[61][23]' (FDRE) to 'g_inh_state_reg[61][31]'
INFO: [Synth 8-3886] merging instance 'g_inh_state_reg[60][23]' (FDRE) to 'g_inh_state_reg[60][31]'
INFO: [Synth 8-3886] merging instance 'g_inh_state_reg[59][23]' (FDRE) to 'g_inh_state_reg[59][31]'
INFO: [Synth 8-3886] merging instance 'g_inh_state_reg[58][23]' (FDRE) to 'g_inh_state_reg[58][31]'
INFO: [Synth 8-3886] merging instance 'g_inh_state_reg[57][23]' (FDRE) to 'g_inh_state_reg[57][31]'
INFO: [Synth 8-3886] merging instance 'g_inh_state_reg[56][23]' (FDRE) to 'g_inh_state_reg[56][31]'
INFO: [Synth 8-3886] merging instance 'g_inh_state_reg[55][23]' (FDRE) to 'g_inh_state_reg[55][31]'
INFO: [Synth 8-3886] merging instance 'g_inh_state_reg[54][23]' (FDRE) to 'g_inh_state_reg[54][31]'
INFO: [Synth 8-3886] merging instance 'g_inh_state_reg[53][23]' (FDRE) to 'g_inh_state_reg[53][31]'
INFO: [Synth 8-3886] merging instance 'g_inh_state_reg[52][23]' (FDRE) to 'g_inh_state_reg[52][31]'
INFO: [Synth 8-3886] merging instance 'g_inh_state_reg[51][23]' (FDRE) to 'g_inh_state_reg[51][31]'
INFO: [Synth 8-3886] merging instance 'g_inh_state_reg[50][23]' (FDRE) to 'g_inh_state_reg[50][31]'
INFO: [Synth 8-3886] merging instance 'g_inh_state_reg[49][23]' (FDRE) to 'g_inh_state_reg[49][31]'
INFO: [Synth 8-3886] merging instance 'g_inh_state_reg[48][23]' (FDRE) to 'g_inh_state_reg[48][31]'
INFO: [Synth 8-3886] merging instance 'g_inh_state_reg[47][23]' (FDRE) to 'g_inh_state_reg[47][31]'
INFO: [Synth 8-3886] merging instance 'g_inh_state_reg[46][23]' (FDRE) to 'g_inh_state_reg[46][31]'
INFO: [Synth 8-3886] merging instance 'g_inh_state_reg[45][23]' (FDRE) to 'g_inh_state_reg[45][31]'
INFO: [Synth 8-3886] merging instance 'g_inh_state_reg[44][23]' (FDRE) to 'g_inh_state_reg[44][31]'
INFO: [Synth 8-3886] merging instance 'g_inh_state_reg[43][23]' (FDRE) to 'g_inh_state_reg[43][31]'
INFO: [Synth 8-3886] merging instance 'g_inh_state_reg[42][23]' (FDRE) to 'g_inh_state_reg[42][31]'
INFO: [Synth 8-3886] merging instance 'g_inh_state_reg[41][23]' (FDRE) to 'g_inh_state_reg[41][31]'
INFO: [Synth 8-3886] merging instance 'g_inh_state_reg[40][23]' (FDRE) to 'g_inh_state_reg[40][31]'
INFO: [Synth 8-3886] merging instance 'g_inh_state_reg[39][23]' (FDRE) to 'g_inh_state_reg[39][31]'
INFO: [Synth 8-3886] merging instance 'g_inh_state_reg[38][23]' (FDRE) to 'g_inh_state_reg[38][31]'
INFO: [Synth 8-3886] merging instance 'g_inh_state_reg[37][23]' (FDRE) to 'g_inh_state_reg[37][31]'
INFO: [Synth 8-3886] merging instance 'g_inh_state_reg[36][23]' (FDRE) to 'g_inh_state_reg[36][31]'
INFO: [Synth 8-3886] merging instance 'g_inh_state_reg[35][23]' (FDRE) to 'g_inh_state_reg[35][31]'
INFO: [Synth 8-3886] merging instance 'g_inh_state_reg[34][23]' (FDRE) to 'g_inh_state_reg[34][31]'
INFO: [Synth 8-3886] merging instance 'g_inh_state_reg[33][23]' (FDRE) to 'g_inh_state_reg[33][31]'
INFO: [Synth 8-3886] merging instance 'g_inh_state_reg[32][23]' (FDRE) to 'g_inh_state_reg[32][31]'
INFO: [Synth 8-3886] merging instance 'g_inh_state_reg[31][23]' (FDRE) to 'g_inh_state_reg[31][31]'
INFO: [Synth 8-3886] merging instance 'g_inh_state_reg[30][23]' (FDRE) to 'g_inh_state_reg[30][31]'
INFO: [Synth 8-3886] merging instance 'g_inh_state_reg[29][23]' (FDRE) to 'g_inh_state_reg[29][31]'
INFO: [Synth 8-3886] merging instance 'g_inh_state_reg[28][23]' (FDRE) to 'g_inh_state_reg[28][31]'
INFO: [Synth 8-3886] merging instance 'g_inh_state_reg[27][23]' (FDRE) to 'g_inh_state_reg[27][31]'
INFO: [Synth 8-3886] merging instance 'g_inh_state_reg[26][23]' (FDRE) to 'g_inh_state_reg[26][31]'
INFO: [Synth 8-3886] merging instance 'g_inh_state_reg[25][23]' (FDRE) to 'g_inh_state_reg[25][31]'
INFO: [Synth 8-3886] merging instance 'g_inh_state_reg[24][23]' (FDRE) to 'g_inh_state_reg[24][31]'
INFO: [Synth 8-3886] merging instance 'g_inh_state_reg[23][23]' (FDRE) to 'g_inh_state_reg[23][31]'
INFO: [Synth 8-3886] merging instance 'g_inh_state_reg[22][23]' (FDRE) to 'g_inh_state_reg[22][31]'
INFO: [Synth 8-3886] merging instance 'g_inh_state_reg[21][23]' (FDRE) to 'g_inh_state_reg[21][31]'
INFO: [Synth 8-3886] merging instance 'g_inh_state_reg[20][23]' (FDRE) to 'g_inh_state_reg[20][31]'
INFO: [Synth 8-3886] merging instance 'g_inh_state_reg[19][23]' (FDRE) to 'g_inh_state_reg[19][31]'
INFO: [Synth 8-3886] merging instance 'g_inh_state_reg[18][23]' (FDRE) to 'g_inh_state_reg[18][31]'
INFO: [Synth 8-3886] merging instance 'g_inh_state_reg[17][23]' (FDRE) to 'g_inh_state_reg[17][31]'
INFO: [Synth 8-3886] merging instance 'g_inh_state_reg[16][23]' (FDRE) to 'g_inh_state_reg[16][31]'
INFO: [Synth 8-3886] merging instance 'g_inh_state_reg[15][23]' (FDRE) to 'g_inh_state_reg[15][31]'
INFO: [Synth 8-3886] merging instance 'g_inh_state_reg[14][23]' (FDRE) to 'g_inh_state_reg[14][31]'
INFO: [Synth 8-3886] merging instance 'g_inh_state_reg[13][23]' (FDRE) to 'g_inh_state_reg[13][31]'
INFO: [Synth 8-3886] merging instance 'g_inh_state_reg[12][23]' (FDRE) to 'g_inh_state_reg[12][31]'
INFO: [Synth 8-3886] merging instance 'g_inh_state_reg[11][23]' (FDRE) to 'g_inh_state_reg[11][31]'
INFO: [Synth 8-3886] merging instance 'g_inh_state_reg[10][23]' (FDRE) to 'g_inh_state_reg[10][31]'
INFO: [Synth 8-3886] merging instance 'g_inh_state_reg[9][23]' (FDRE) to 'g_inh_state_reg[9][31]'
INFO: [Synth 8-3886] merging instance 'g_inh_state_reg[8][23]' (FDRE) to 'g_inh_state_reg[8][31]'
INFO: [Synth 8-3886] merging instance 'g_inh_state_reg[7][23]' (FDRE) to 'g_inh_state_reg[7][31]'
INFO: [Synth 8-3886] merging instance 'g_inh_state_reg[6][23]' (FDRE) to 'g_inh_state_reg[6][31]'
INFO: [Synth 8-3886] merging instance 'g_inh_state_reg[5][23]' (FDRE) to 'g_inh_state_reg[5][31]'
INFO: [Synth 8-3886] merging instance 'g_inh_state_reg[4][23]' (FDRE) to 'g_inh_state_reg[4][31]'
INFO: [Synth 8-3886] merging instance 'g_inh_state_reg[3][23]' (FDRE) to 'g_inh_state_reg[3][31]'
INFO: [Synth 8-3886] merging instance 'g_inh_state_reg[2][23]' (FDRE) to 'g_inh_state_reg[2][31]'
INFO: [Synth 8-3886] merging instance 'g_inh_state_reg[1][23]' (FDRE) to 'g_inh_state_reg[1][31]'
INFO: [Synth 8-3886] merging instance 'g_inh_state_reg[0][23]' (FDRE) to 'g_inh_state_reg[0][31]'
INFO: [Synth 8-3886] merging instance 'g_inh_state_reg[99][23]' (FDRE) to 'g_inh_state_reg[99][31]'
INFO: [Synth 8-3886] merging instance 'g_inh_state_reg[98][23]' (FDRE) to 'g_inh_state_reg[98][31]'
INFO: [Synth 8-3886] merging instance 'g_inh_state_reg[97][23]' (FDRE) to 'g_inh_state_reg[97][31]'
INFO: [Synth 8-3886] merging instance 'g_inh_state_reg[96][23]' (FDRE) to 'g_inh_state_reg[96][31]'
INFO: [Synth 8-3886] merging instance 'g_inh_state_reg[95][23]' (FDRE) to 'g_inh_state_reg[95][31]'
INFO: [Synth 8-3886] merging instance 'g_inh_state_reg[94][23]' (FDRE) to 'g_inh_state_reg[94][31]'
INFO: [Synth 8-3886] merging instance 'g_inh_state_reg[93][23]' (FDRE) to 'g_inh_state_reg[93][31]'
INFO: [Synth 8-3886] merging instance 'g_inh_state_reg[92][23]' (FDRE) to 'g_inh_state_reg[92][31]'
INFO: [Synth 8-3886] merging instance 'g_inh_state_reg[91][23]' (FDRE) to 'g_inh_state_reg[91][31]'
INFO: [Synth 8-3886] merging instance 'g_inh_state_reg[90][23]' (FDRE) to 'g_inh_state_reg[90][31]'
INFO: [Synth 8-3886] merging instance 'g_inh_state_reg[89][23]' (FDRE) to 'g_inh_state_reg[89][31]'
INFO: [Synth 8-3886] merging instance 'g_inh_state_reg[88][23]' (FDRE) to 'g_inh_state_reg[88][31]'
INFO: [Synth 8-3886] merging instance 'g_inh_state_reg[87][23]' (FDRE) to 'g_inh_state_reg[87][31]'
INFO: [Synth 8-3886] merging instance 'g_inh_state_reg[86][23]' (FDRE) to 'g_inh_state_reg[86][31]'
INFO: [Synth 8-3886] merging instance 'g_inh_state_reg[85][23]' (FDRE) to 'g_inh_state_reg[85][31]'
INFO: [Synth 8-3886] merging instance 'g_inh_state_reg[84][23]' (FDRE) to 'g_inh_state_reg[84][31]'
INFO: [Synth 8-3886] merging instance 'g_inh_state_reg[83][23]' (FDRE) to 'g_inh_state_reg[83][31]'
INFO: [Synth 8-3886] merging instance 'g_inh_state_reg[82][23]' (FDRE) to 'g_inh_state_reg[82][31]'
INFO: [Synth 8-3886] merging instance 'g_inh_state_reg[81][23]' (FDRE) to 'g_inh_state_reg[81][31]'
INFO: [Synth 8-3886] merging instance 'g_inh_state_reg[80][23]' (FDRE) to 'g_inh_state_reg[80][31]'
INFO: [Synth 8-3886] merging instance 'g_inh_state_reg[79][23]' (FDRE) to 'g_inh_state_reg[79][31]'
INFO: [Synth 8-3886] merging instance 'g_inh_state_reg[78][23]' (FDRE) to 'g_inh_state_reg[78][31]'
INFO: [Synth 8-3886] merging instance 'g_inh_state_reg[77][23]' (FDRE) to 'g_inh_state_reg[77][31]'
INFO: [Synth 8-3886] merging instance 'g_inh_state_reg[76][23]' (FDRE) to 'g_inh_state_reg[76][31]'
INFO: [Synth 8-3886] merging instance 'g_inh_state_reg[75][23]' (FDRE) to 'g_inh_state_reg[75][31]'
INFO: [Synth 8-3886] merging instance 'g_inh_state_reg[74][23]' (FDRE) to 'g_inh_state_reg[74][31]'
INFO: [Synth 8-3886] merging instance 'g_inh_state_reg[73][23]' (FDRE) to 'g_inh_state_reg[73][31]'
INFO: [Synth 8-3886] merging instance 'g_inh_state_reg[72][23]' (FDRE) to 'g_inh_state_reg[72][31]'
INFO: [Synth 8-3886] merging instance 'g_inh_state_reg[71][23]' (FDRE) to 'g_inh_state_reg[71][31]'
INFO: [Synth 8-3886] merging instance 'g_inh_state_reg[70][23]' (FDRE) to 'g_inh_state_reg[70][31]'
INFO: [Synth 8-3886] merging instance 'g_inh_state_reg[69][23]' (FDRE) to 'g_inh_state_reg[69][31]'
INFO: [Synth 8-3886] merging instance 'g_inh_state_reg[68][23]' (FDRE) to 'g_inh_state_reg[68][31]'
INFO: [Synth 8-3886] merging instance 'g_inh_state_reg[67][23]' (FDRE) to 'g_inh_state_reg[67][31]'
INFO: [Synth 8-3886] merging instance 'g_inh_state_reg[66][23]' (FDRE) to 'g_inh_state_reg[66][31]'
INFO: [Synth 8-3886] merging instance 'g_inh_state_reg[65][23]' (FDRE) to 'g_inh_state_reg[65][31]'
INFO: [Synth 8-3886] merging instance 'g_inh_state_reg[64][23]' (FDRE) to 'g_inh_state_reg[64][31]'
INFO: [Synth 8-3886] merging instance 'g_inh_state_reg[63][24]' (FDRE) to 'g_inh_state_reg[63][31]'
INFO: [Synth 8-3886] merging instance 'g_inh_state_reg[62][24]' (FDRE) to 'g_inh_state_reg[62][31]'
INFO: [Synth 8-3886] merging instance 'g_inh_state_reg[61][24]' (FDRE) to 'g_inh_state_reg[61][31]'
INFO: [Synth 8-3886] merging instance 'g_inh_state_reg[60][24]' (FDRE) to 'g_inh_state_reg[60][31]'
INFO: [Synth 8-3886] merging instance 'g_inh_state_reg[59][24]' (FDRE) to 'g_inh_state_reg[59][31]'
INFO: [Synth 8-3886] merging instance 'g_inh_state_reg[58][24]' (FDRE) to 'g_inh_state_reg[58][31]'
INFO: [Synth 8-3886] merging instance 'g_inh_state_reg[57][24]' (FDRE) to 'g_inh_state_reg[57][31]'
INFO: [Synth 8-3886] merging instance 'g_inh_state_reg[56][24]' (FDRE) to 'g_inh_state_reg[56][31]'
INFO: [Synth 8-3886] merging instance 'g_inh_state_reg[55][24]' (FDRE) to 'g_inh_state_reg[55][31]'
INFO: [Synth 8-3886] merging instance 'g_inh_state_reg[54][24]' (FDRE) to 'g_inh_state_reg[54][31]'
INFO: [Synth 8-3886] merging instance 'g_inh_state_reg[53][24]' (FDRE) to 'g_inh_state_reg[53][31]'
INFO: [Synth 8-3886] merging instance 'g_inh_state_reg[52][24]' (FDRE) to 'g_inh_state_reg[52][31]'
INFO: [Synth 8-3886] merging instance 'g_inh_state_reg[51][24]' (FDRE) to 'g_inh_state_reg[51][31]'
INFO: [Synth 8-3886] merging instance 'g_inh_state_reg[50][24]' (FDRE) to 'g_inh_state_reg[50][31]'
INFO: [Synth 8-3886] merging instance 'g_inh_state_reg[49][24]' (FDRE) to 'g_inh_state_reg[49][31]'
INFO: [Synth 8-3886] merging instance 'g_inh_state_reg[48][24]' (FDRE) to 'g_inh_state_reg[48][31]'
INFO: [Synth 8-3886] merging instance 'g_inh_state_reg[47][24]' (FDRE) to 'g_inh_state_reg[47][31]'
INFO: [Synth 8-3886] merging instance 'g_inh_state_reg[46][24]' (FDRE) to 'g_inh_state_reg[46][31]'
INFO: [Synth 8-3886] merging instance 'g_inh_state_reg[45][24]' (FDRE) to 'g_inh_state_reg[45][31]'
INFO: [Synth 8-3886] merging instance 'g_inh_state_reg[44][24]' (FDRE) to 'g_inh_state_reg[44][31]'
INFO: [Synth 8-3886] merging instance 'g_inh_state_reg[43][24]' (FDRE) to 'g_inh_state_reg[43][31]'
INFO: [Synth 8-3886] merging instance 'g_inh_state_reg[42][24]' (FDRE) to 'g_inh_state_reg[42][31]'
INFO: [Synth 8-3886] merging instance 'g_inh_state_reg[41][24]' (FDRE) to 'g_inh_state_reg[41][31]'
INFO: [Synth 8-3886] merging instance 'g_inh_state_reg[40][24]' (FDRE) to 'g_inh_state_reg[40][31]'
INFO: [Synth 8-3886] merging instance 'g_inh_state_reg[39][24]' (FDRE) to 'g_inh_state_reg[39][31]'
INFO: [Synth 8-3886] merging instance 'g_inh_state_reg[38][24]' (FDRE) to 'g_inh_state_reg[38][31]'
INFO: [Synth 8-3886] merging instance 'g_inh_state_reg[37][24]' (FDRE) to 'g_inh_state_reg[37][31]'
INFO: [Synth 8-3886] merging instance 'g_inh_state_reg[36][24]' (FDRE) to 'g_inh_state_reg[36][31]'
INFO: [Synth 8-3886] merging instance 'g_inh_state_reg[35][24]' (FDRE) to 'g_inh_state_reg[35][31]'
INFO: [Synth 8-3886] merging instance 'g_inh_state_reg[34][24]' (FDRE) to 'g_inh_state_reg[34][31]'
INFO: [Synth 8-3886] merging instance 'g_inh_state_reg[33][24]' (FDRE) to 'g_inh_state_reg[33][31]'
INFO: [Synth 8-3886] merging instance 'g_inh_state_reg[32][24]' (FDRE) to 'g_inh_state_reg[32][31]'
INFO: [Synth 8-3886] merging instance 'g_inh_state_reg[31][24]' (FDRE) to 'g_inh_state_reg[31][31]'
INFO: [Synth 8-3886] merging instance 'g_inh_state_reg[30][24]' (FDRE) to 'g_inh_state_reg[30][31]'
INFO: [Synth 8-3886] merging instance 'g_inh_state_reg[29][24]' (FDRE) to 'g_inh_state_reg[29][31]'
INFO: [Synth 8-3886] merging instance 'g_inh_state_reg[28][24]' (FDRE) to 'g_inh_state_reg[28][31]'
INFO: [Synth 8-3886] merging instance 'g_inh_state_reg[27][24]' (FDRE) to 'g_inh_state_reg[27][31]'
INFO: [Synth 8-3886] merging instance 'g_inh_state_reg[26][24]' (FDRE) to 'g_inh_state_reg[26][31]'
INFO: [Synth 8-3886] merging instance 'g_inh_state_reg[25][24]' (FDRE) to 'g_inh_state_reg[25][31]'
INFO: [Synth 8-3886] merging instance 'g_inh_state_reg[24][24]' (FDRE) to 'g_inh_state_reg[24][31]'
INFO: [Synth 8-3886] merging instance 'g_inh_state_reg[23][24]' (FDRE) to 'g_inh_state_reg[23][31]'
INFO: [Synth 8-3886] merging instance 'g_inh_state_reg[22][24]' (FDRE) to 'g_inh_state_reg[22][31]'
INFO: [Synth 8-3886] merging instance 'g_inh_state_reg[21][24]' (FDRE) to 'g_inh_state_reg[21][31]'
INFO: [Synth 8-3886] merging instance 'g_inh_state_reg[20][24]' (FDRE) to 'g_inh_state_reg[20][31]'
INFO: [Synth 8-3886] merging instance 'g_inh_state_reg[19][24]' (FDRE) to 'g_inh_state_reg[19][31]'
INFO: [Synth 8-3886] merging instance 'g_inh_state_reg[18][24]' (FDRE) to 'g_inh_state_reg[18][31]'
INFO: [Synth 8-3886] merging instance 'g_inh_state_reg[17][24]' (FDRE) to 'g_inh_state_reg[17][31]'
INFO: [Synth 8-3886] merging instance 'g_inh_state_reg[16][24]' (FDRE) to 'g_inh_state_reg[16][31]'
INFO: [Synth 8-3886] merging instance 'g_inh_state_reg[15][24]' (FDRE) to 'g_inh_state_reg[15][31]'
INFO: [Synth 8-3886] merging instance 'g_inh_state_reg[14][24]' (FDRE) to 'g_inh_state_reg[14][31]'
INFO: [Synth 8-3886] merging instance 'g_inh_state_reg[13][24]' (FDRE) to 'g_inh_state_reg[13][31]'
INFO: [Synth 8-3886] merging instance 'g_inh_state_reg[12][24]' (FDRE) to 'g_inh_state_reg[12][31]'
INFO: [Synth 8-3886] merging instance 'g_inh_state_reg[11][24]' (FDRE) to 'g_inh_state_reg[11][31]'
INFO: [Synth 8-3886] merging instance 'g_inh_state_reg[10][24]' (FDRE) to 'g_inh_state_reg[10][31]'
INFO: [Synth 8-3886] merging instance 'g_inh_state_reg[9][24]' (FDRE) to 'g_inh_state_reg[9][31]'
INFO: [Synth 8-3886] merging instance 'g_inh_state_reg[8][24]' (FDRE) to 'g_inh_state_reg[8][31]'
INFO: [Synth 8-3886] merging instance 'g_inh_state_reg[7][24]' (FDRE) to 'g_inh_state_reg[7][31]'
INFO: [Synth 8-3886] merging instance 'g_inh_state_reg[6][24]' (FDRE) to 'g_inh_state_reg[6][31]'
INFO: [Synth 8-3886] merging instance 'g_inh_state_reg[5][24]' (FDRE) to 'g_inh_state_reg[5][31]'
INFO: [Synth 8-3886] merging instance 'g_inh_state_reg[4][24]' (FDRE) to 'g_inh_state_reg[4][31]'
INFO: [Synth 8-3886] merging instance 'g_inh_state_reg[3][24]' (FDRE) to 'g_inh_state_reg[3][31]'
INFO: [Synth 8-3886] merging instance 'g_inh_state_reg[2][24]' (FDRE) to 'g_inh_state_reg[2][31]'
INFO: [Synth 8-3886] merging instance 'g_inh_state_reg[1][24]' (FDRE) to 'g_inh_state_reg[1][31]'
INFO: [Synth 8-3886] merging instance 'g_inh_state_reg[0][24]' (FDRE) to 'g_inh_state_reg[0][31]'
INFO: [Synth 8-3886] merging instance 'g_inh_state_reg[99][24]' (FDRE) to 'g_inh_state_reg[99][31]'
INFO: [Synth 8-3886] merging instance 'g_inh_state_reg[98][24]' (FDRE) to 'g_inh_state_reg[98][31]'
INFO: [Synth 8-3886] merging instance 'g_inh_state_reg[97][24]' (FDRE) to 'g_inh_state_reg[97][31]'
INFO: [Synth 8-3886] merging instance 'g_inh_state_reg[96][24]' (FDRE) to 'g_inh_state_reg[96][31]'
INFO: [Synth 8-3886] merging instance 'g_inh_state_reg[95][24]' (FDRE) to 'g_inh_state_reg[95][31]'
INFO: [Synth 8-3886] merging instance 'g_inh_state_reg[94][24]' (FDRE) to 'g_inh_state_reg[94][31]'
INFO: [Synth 8-3886] merging instance 'g_inh_state_reg[93][24]' (FDRE) to 'g_inh_state_reg[93][31]'
INFO: [Synth 8-3886] merging instance 'g_inh_state_reg[92][24]' (FDRE) to 'g_inh_state_reg[92][31]'
INFO: [Synth 8-3886] merging instance 'g_inh_state_reg[91][24]' (FDRE) to 'g_inh_state_reg[91][31]'
INFO: [Synth 8-3886] merging instance 'g_inh_state_reg[90][24]' (FDRE) to 'g_inh_state_reg[90][31]'
INFO: [Synth 8-3886] merging instance 'g_inh_state_reg[89][24]' (FDRE) to 'g_inh_state_reg[89][31]'
INFO: [Synth 8-3886] merging instance 'g_inh_state_reg[88][24]' (FDRE) to 'g_inh_state_reg[88][31]'
INFO: [Synth 8-3886] merging instance 'g_inh_state_reg[87][24]' (FDRE) to 'g_inh_state_reg[87][31]'
INFO: [Synth 8-3886] merging instance 'g_inh_state_reg[86][24]' (FDRE) to 'g_inh_state_reg[86][31]'
INFO: [Synth 8-3886] merging instance 'g_inh_state_reg[85][24]' (FDRE) to 'g_inh_state_reg[85][31]'
INFO: [Synth 8-3886] merging instance 'g_inh_state_reg[84][24]' (FDRE) to 'g_inh_state_reg[84][31]'
INFO: [Synth 8-3886] merging instance 'g_inh_state_reg[83][24]' (FDRE) to 'g_inh_state_reg[83][31]'
INFO: [Synth 8-3886] merging instance 'g_inh_state_reg[82][24]' (FDRE) to 'g_inh_state_reg[82][31]'
INFO: [Synth 8-3886] merging instance 'g_inh_state_reg[81][24]' (FDRE) to 'g_inh_state_reg[81][31]'
INFO: [Synth 8-3886] merging instance 'g_inh_state_reg[80][24]' (FDRE) to 'g_inh_state_reg[80][31]'
INFO: [Synth 8-3886] merging instance 'g_inh_state_reg[79][24]' (FDRE) to 'g_inh_state_reg[79][31]'
INFO: [Synth 8-3886] merging instance 'g_inh_state_reg[78][24]' (FDRE) to 'g_inh_state_reg[78][31]'
INFO: [Synth 8-3886] merging instance 'g_inh_state_reg[77][24]' (FDRE) to 'g_inh_state_reg[77][31]'
INFO: [Synth 8-3886] merging instance 'g_inh_state_reg[76][24]' (FDRE) to 'g_inh_state_reg[76][31]'
INFO: [Synth 8-3886] merging instance 'g_inh_state_reg[75][24]' (FDRE) to 'g_inh_state_reg[75][31]'
INFO: [Synth 8-3886] merging instance 'g_inh_state_reg[74][24]' (FDRE) to 'g_inh_state_reg[74][31]'
INFO: [Synth 8-3886] merging instance 'g_inh_state_reg[73][24]' (FDRE) to 'g_inh_state_reg[73][31]'
INFO: [Synth 8-3886] merging instance 'g_inh_state_reg[72][24]' (FDRE) to 'g_inh_state_reg[72][31]'
INFO: [Synth 8-3886] merging instance 'g_inh_state_reg[71][24]' (FDRE) to 'g_inh_state_reg[71][31]'
INFO: [Synth 8-3886] merging instance 'g_inh_state_reg[70][24]' (FDRE) to 'g_inh_state_reg[70][31]'
INFO: [Synth 8-3886] merging instance 'g_inh_state_reg[69][24]' (FDRE) to 'g_inh_state_reg[69][31]'
INFO: [Synth 8-3886] merging instance 'g_inh_state_reg[68][24]' (FDRE) to 'g_inh_state_reg[68][31]'
INFO: [Synth 8-3886] merging instance 'g_inh_state_reg[67][24]' (FDRE) to 'g_inh_state_reg[67][31]'
INFO: [Synth 8-3886] merging instance 'g_inh_state_reg[66][24]' (FDRE) to 'g_inh_state_reg[66][31]'
INFO: [Synth 8-3886] merging instance 'g_inh_state_reg[65][24]' (FDRE) to 'g_inh_state_reg[65][31]'
INFO: [Synth 8-3886] merging instance 'g_inh_state_reg[64][24]' (FDRE) to 'g_inh_state_reg[64][31]'
INFO: [Synth 8-3886] merging instance 'g_inh_state_reg[63][25]' (FDRE) to 'g_inh_state_reg[63][31]'
INFO: [Synth 8-3886] merging instance 'g_inh_state_reg[62][25]' (FDRE) to 'g_inh_state_reg[62][31]'
INFO: [Synth 8-3886] merging instance 'g_inh_state_reg[61][25]' (FDRE) to 'g_inh_state_reg[61][31]'
INFO: [Synth 8-3886] merging instance 'g_inh_state_reg[60][25]' (FDRE) to 'g_inh_state_reg[60][31]'
INFO: [Synth 8-3886] merging instance 'g_inh_state_reg[59][25]' (FDRE) to 'g_inh_state_reg[59][31]'
INFO: [Synth 8-3886] merging instance 'g_inh_state_reg[58][25]' (FDRE) to 'g_inh_state_reg[58][31]'
INFO: [Synth 8-3886] merging instance 'g_inh_state_reg[57][25]' (FDRE) to 'g_inh_state_reg[57][31]'
INFO: [Synth 8-3886] merging instance 'g_inh_state_reg[56][25]' (FDRE) to 'g_inh_state_reg[56][31]'
INFO: [Synth 8-3886] merging instance 'g_inh_state_reg[55][25]' (FDRE) to 'g_inh_state_reg[55][31]'
INFO: [Synth 8-3886] merging instance 'g_inh_state_reg[54][25]' (FDRE) to 'g_inh_state_reg[54][31]'
INFO: [Synth 8-3886] merging instance 'g_inh_state_reg[53][25]' (FDRE) to 'g_inh_state_reg[53][31]'
INFO: [Synth 8-3886] merging instance 'g_inh_state_reg[52][25]' (FDRE) to 'g_inh_state_reg[52][31]'
INFO: [Synth 8-3886] merging instance 'g_inh_state_reg[51][25]' (FDRE) to 'g_inh_state_reg[51][31]'
INFO: [Synth 8-3886] merging instance 'g_inh_state_reg[50][25]' (FDRE) to 'g_inh_state_reg[50][31]'
INFO: [Synth 8-3886] merging instance 'g_inh_state_reg[49][25]' (FDRE) to 'g_inh_state_reg[49][31]'
INFO: [Synth 8-3886] merging instance 'g_inh_state_reg[48][25]' (FDRE) to 'g_inh_state_reg[48][31]'
INFO: [Synth 8-3886] merging instance 'g_inh_state_reg[47][25]' (FDRE) to 'g_inh_state_reg[47][31]'
INFO: [Synth 8-3886] merging instance 'g_inh_state_reg[46][25]' (FDRE) to 'g_inh_state_reg[46][31]'
INFO: [Synth 8-3886] merging instance 'g_inh_state_reg[45][25]' (FDRE) to 'g_inh_state_reg[45][31]'
INFO: [Synth 8-3886] merging instance 'g_inh_state_reg[44][25]' (FDRE) to 'g_inh_state_reg[44][31]'
INFO: [Synth 8-3886] merging instance 'g_inh_state_reg[43][25]' (FDRE) to 'g_inh_state_reg[43][31]'
INFO: [Synth 8-3886] merging instance 'g_inh_state_reg[42][25]' (FDRE) to 'g_inh_state_reg[42][31]'
INFO: [Synth 8-3886] merging instance 'g_inh_state_reg[41][25]' (FDRE) to 'g_inh_state_reg[41][31]'
INFO: [Synth 8-3886] merging instance 'g_inh_state_reg[40][25]' (FDRE) to 'g_inh_state_reg[40][31]'
INFO: [Synth 8-3886] merging instance 'g_inh_state_reg[39][25]' (FDRE) to 'g_inh_state_reg[39][31]'
INFO: [Synth 8-3886] merging instance 'g_inh_state_reg[38][25]' (FDRE) to 'g_inh_state_reg[38][31]'
INFO: [Synth 8-3886] merging instance 'g_inh_state_reg[37][25]' (FDRE) to 'g_inh_state_reg[37][31]'
INFO: [Synth 8-3886] merging instance 'g_inh_state_reg[36][25]' (FDRE) to 'g_inh_state_reg[36][31]'
INFO: [Synth 8-3886] merging instance 'g_inh_state_reg[35][25]' (FDRE) to 'g_inh_state_reg[35][31]'
INFO: [Synth 8-3886] merging instance 'g_inh_state_reg[34][25]' (FDRE) to 'g_inh_state_reg[34][31]'
INFO: [Synth 8-3886] merging instance 'g_inh_state_reg[33][25]' (FDRE) to 'g_inh_state_reg[33][31]'
INFO: [Synth 8-3886] merging instance 'g_inh_state_reg[32][25]' (FDRE) to 'g_inh_state_reg[32][31]'
INFO: [Synth 8-3886] merging instance 'g_inh_state_reg[31][25]' (FDRE) to 'g_inh_state_reg[31][31]'
INFO: [Synth 8-3886] merging instance 'g_inh_state_reg[30][25]' (FDRE) to 'g_inh_state_reg[30][31]'
INFO: [Synth 8-3886] merging instance 'g_inh_state_reg[29][25]' (FDRE) to 'g_inh_state_reg[29][31]'
INFO: [Synth 8-3886] merging instance 'g_inh_state_reg[28][25]' (FDRE) to 'g_inh_state_reg[28][31]'
INFO: [Synth 8-3886] merging instance 'g_inh_state_reg[27][25]' (FDRE) to 'g_inh_state_reg[27][31]'
INFO: [Synth 8-3886] merging instance 'g_inh_state_reg[26][25]' (FDRE) to 'g_inh_state_reg[26][31]'
INFO: [Synth 8-3886] merging instance 'g_inh_state_reg[25][25]' (FDRE) to 'g_inh_state_reg[25][31]'
INFO: [Synth 8-3886] merging instance 'g_inh_state_reg[24][25]' (FDRE) to 'g_inh_state_reg[24][31]'
INFO: [Synth 8-3886] merging instance 'g_inh_state_reg[23][25]' (FDRE) to 'g_inh_state_reg[23][31]'
INFO: [Synth 8-3886] merging instance 'g_inh_state_reg[22][25]' (FDRE) to 'g_inh_state_reg[22][31]'
INFO: [Synth 8-3886] merging instance 'g_inh_state_reg[21][25]' (FDRE) to 'g_inh_state_reg[21][31]'
INFO: [Synth 8-3886] merging instance 'g_inh_state_reg[20][25]' (FDRE) to 'g_inh_state_reg[20][31]'
INFO: [Synth 8-3886] merging instance 'g_inh_state_reg[19][25]' (FDRE) to 'g_inh_state_reg[19][31]'
INFO: [Synth 8-3886] merging instance 'g_inh_state_reg[18][25]' (FDRE) to 'g_inh_state_reg[18][31]'
INFO: [Synth 8-3886] merging instance 'g_inh_state_reg[17][25]' (FDRE) to 'g_inh_state_reg[17][31]'
INFO: [Synth 8-3886] merging instance 'g_inh_state_reg[16][25]' (FDRE) to 'g_inh_state_reg[16][31]'
INFO: [Synth 8-3886] merging instance 'g_inh_state_reg[15][25]' (FDRE) to 'g_inh_state_reg[15][31]'
INFO: [Synth 8-3886] merging instance 'g_inh_state_reg[14][25]' (FDRE) to 'g_inh_state_reg[14][31]'
INFO: [Synth 8-3886] merging instance 'g_inh_state_reg[13][25]' (FDRE) to 'g_inh_state_reg[13][31]'
INFO: [Synth 8-3886] merging instance 'g_inh_state_reg[12][25]' (FDRE) to 'g_inh_state_reg[12][31]'
INFO: [Synth 8-3886] merging instance 'g_inh_state_reg[11][25]' (FDRE) to 'g_inh_state_reg[11][31]'
INFO: [Synth 8-3886] merging instance 'g_inh_state_reg[10][25]' (FDRE) to 'g_inh_state_reg[10][31]'
INFO: [Synth 8-3886] merging instance 'g_inh_state_reg[9][25]' (FDRE) to 'g_inh_state_reg[9][31]'
INFO: [Synth 8-3886] merging instance 'g_inh_state_reg[8][25]' (FDRE) to 'g_inh_state_reg[8][31]'
INFO: [Synth 8-3886] merging instance 'g_inh_state_reg[7][25]' (FDRE) to 'g_inh_state_reg[7][31]'
INFO: [Synth 8-3886] merging instance 'g_inh_state_reg[6][25]' (FDRE) to 'g_inh_state_reg[6][31]'
INFO: [Synth 8-3886] merging instance 'g_inh_state_reg[5][25]' (FDRE) to 'g_inh_state_reg[5][31]'
INFO: [Synth 8-3886] merging instance 'g_inh_state_reg[4][25]' (FDRE) to 'g_inh_state_reg[4][31]'
INFO: [Synth 8-3886] merging instance 'g_inh_state_reg[3][25]' (FDRE) to 'g_inh_state_reg[3][31]'
INFO: [Synth 8-3886] merging instance 'g_inh_state_reg[2][25]' (FDRE) to 'g_inh_state_reg[2][31]'
INFO: [Synth 8-3886] merging instance 'g_inh_state_reg[1][25]' (FDRE) to 'g_inh_state_reg[1][31]'
INFO: [Synth 8-3886] merging instance 'g_inh_state_reg[0][25]' (FDRE) to 'g_inh_state_reg[0][31]'
INFO: [Synth 8-3886] merging instance 'g_inh_state_reg[99][25]' (FDRE) to 'g_inh_state_reg[99][31]'
INFO: [Synth 8-3886] merging instance 'g_inh_state_reg[98][25]' (FDRE) to 'g_inh_state_reg[98][31]'
INFO: [Synth 8-3886] merging instance 'g_inh_state_reg[97][25]' (FDRE) to 'g_inh_state_reg[97][31]'
INFO: [Synth 8-3886] merging instance 'g_inh_state_reg[96][25]' (FDRE) to 'g_inh_state_reg[96][31]'
INFO: [Synth 8-3886] merging instance 'g_inh_state_reg[95][25]' (FDRE) to 'g_inh_state_reg[95][31]'
INFO: [Synth 8-3886] merging instance 'g_inh_state_reg[94][25]' (FDRE) to 'g_inh_state_reg[94][31]'
INFO: [Synth 8-3886] merging instance 'g_inh_state_reg[93][25]' (FDRE) to 'g_inh_state_reg[93][31]'
INFO: [Synth 8-3886] merging instance 'g_inh_state_reg[92][25]' (FDRE) to 'g_inh_state_reg[92][31]'
INFO: [Synth 8-3886] merging instance 'g_inh_state_reg[91][25]' (FDRE) to 'g_inh_state_reg[91][31]'
INFO: [Synth 8-3886] merging instance 'g_inh_state_reg[90][25]' (FDRE) to 'g_inh_state_reg[90][31]'
INFO: [Synth 8-3886] merging instance 'g_inh_state_reg[89][25]' (FDRE) to 'g_inh_state_reg[89][31]'
INFO: [Synth 8-3886] merging instance 'g_inh_state_reg[88][25]' (FDRE) to 'g_inh_state_reg[88][31]'
INFO: [Synth 8-3886] merging instance 'g_inh_state_reg[87][25]' (FDRE) to 'g_inh_state_reg[87][31]'
INFO: [Synth 8-3886] merging instance 'g_inh_state_reg[86][25]' (FDRE) to 'g_inh_state_reg[86][31]'
INFO: [Synth 8-3886] merging instance 'g_inh_state_reg[85][25]' (FDRE) to 'g_inh_state_reg[85][31]'
INFO: [Synth 8-3886] merging instance 'g_inh_state_reg[84][25]' (FDRE) to 'g_inh_state_reg[84][31]'
INFO: [Synth 8-3886] merging instance 'g_inh_state_reg[83][25]' (FDRE) to 'g_inh_state_reg[83][31]'
INFO: [Synth 8-3886] merging instance 'g_inh_state_reg[82][25]' (FDRE) to 'g_inh_state_reg[82][31]'
INFO: [Synth 8-3886] merging instance 'g_inh_state_reg[81][25]' (FDRE) to 'g_inh_state_reg[81][31]'
INFO: [Synth 8-3886] merging instance 'g_inh_state_reg[80][25]' (FDRE) to 'g_inh_state_reg[80][31]'
INFO: [Synth 8-3886] merging instance 'g_inh_state_reg[79][25]' (FDRE) to 'g_inh_state_reg[79][31]'
INFO: [Synth 8-3886] merging instance 'g_inh_state_reg[78][25]' (FDRE) to 'g_inh_state_reg[78][31]'
INFO: [Synth 8-3886] merging instance 'g_inh_state_reg[77][25]' (FDRE) to 'g_inh_state_reg[77][31]'
INFO: [Synth 8-3886] merging instance 'g_inh_state_reg[76][25]' (FDRE) to 'g_inh_state_reg[76][31]'
INFO: [Synth 8-3886] merging instance 'g_inh_state_reg[75][25]' (FDRE) to 'g_inh_state_reg[75][31]'
INFO: [Synth 8-3886] merging instance 'g_inh_state_reg[74][25]' (FDRE) to 'g_inh_state_reg[74][31]'
INFO: [Synth 8-3886] merging instance 'g_inh_state_reg[73][25]' (FDRE) to 'g_inh_state_reg[73][31]'
INFO: [Synth 8-3886] merging instance 'g_inh_state_reg[72][25]' (FDRE) to 'g_inh_state_reg[72][31]'
INFO: [Synth 8-3886] merging instance 'g_inh_state_reg[71][25]' (FDRE) to 'g_inh_state_reg[71][31]'
INFO: [Synth 8-3886] merging instance 'g_inh_state_reg[70][25]' (FDRE) to 'g_inh_state_reg[70][31]'
INFO: [Synth 8-3886] merging instance 'g_inh_state_reg[69][25]' (FDRE) to 'g_inh_state_reg[69][31]'
INFO: [Synth 8-3886] merging instance 'g_inh_state_reg[68][25]' (FDRE) to 'g_inh_state_reg[68][31]'
INFO: [Synth 8-3886] merging instance 'g_inh_state_reg[67][25]' (FDRE) to 'g_inh_state_reg[67][31]'
INFO: [Synth 8-3886] merging instance 'g_inh_state_reg[66][25]' (FDRE) to 'g_inh_state_reg[66][31]'
INFO: [Synth 8-3886] merging instance 'g_inh_state_reg[65][25]' (FDRE) to 'g_inh_state_reg[65][31]'
INFO: [Synth 8-3886] merging instance 'g_inh_state_reg[64][25]' (FDRE) to 'g_inh_state_reg[64][31]'
INFO: [Synth 8-3886] merging instance 'g_inh_state_reg[63][26]' (FDRE) to 'g_inh_state_reg[63][31]'
INFO: [Synth 8-3886] merging instance 'g_inh_state_reg[62][26]' (FDRE) to 'g_inh_state_reg[62][31]'
INFO: [Synth 8-3886] merging instance 'g_inh_state_reg[61][26]' (FDRE) to 'g_inh_state_reg[61][31]'
INFO: [Synth 8-3886] merging instance 'g_inh_state_reg[60][26]' (FDRE) to 'g_inh_state_reg[60][31]'
INFO: [Synth 8-3886] merging instance 'g_inh_state_reg[59][26]' (FDRE) to 'g_inh_state_reg[59][31]'
INFO: [Synth 8-3886] merging instance 'g_inh_state_reg[58][26]' (FDRE) to 'g_inh_state_reg[58][31]'
INFO: [Synth 8-3886] merging instance 'g_inh_state_reg[57][26]' (FDRE) to 'g_inh_state_reg[57][31]'
INFO: [Synth 8-3886] merging instance 'g_inh_state_reg[56][26]' (FDRE) to 'g_inh_state_reg[56][31]'
INFO: [Synth 8-3886] merging instance 'g_inh_state_reg[55][26]' (FDRE) to 'g_inh_state_reg[55][31]'
INFO: [Synth 8-3886] merging instance 'g_inh_state_reg[54][26]' (FDRE) to 'g_inh_state_reg[54][31]'
INFO: [Synth 8-3886] merging instance 'g_inh_state_reg[53][26]' (FDRE) to 'g_inh_state_reg[53][31]'
INFO: [Synth 8-3886] merging instance 'g_inh_state_reg[52][26]' (FDRE) to 'g_inh_state_reg[52][31]'
INFO: [Synth 8-3886] merging instance 'g_inh_state_reg[51][26]' (FDRE) to 'g_inh_state_reg[51][31]'
INFO: [Synth 8-3886] merging instance 'g_inh_state_reg[50][26]' (FDRE) to 'g_inh_state_reg[50][31]'
INFO: [Synth 8-3886] merging instance 'g_inh_state_reg[49][26]' (FDRE) to 'g_inh_state_reg[49][31]'
INFO: [Synth 8-3886] merging instance 'g_inh_state_reg[48][26]' (FDRE) to 'g_inh_state_reg[48][31]'
INFO: [Synth 8-3886] merging instance 'g_inh_state_reg[47][26]' (FDRE) to 'g_inh_state_reg[47][31]'
INFO: [Synth 8-3886] merging instance 'g_inh_state_reg[46][26]' (FDRE) to 'g_inh_state_reg[46][31]'
INFO: [Synth 8-3886] merging instance 'g_inh_state_reg[45][26]' (FDRE) to 'g_inh_state_reg[45][31]'
INFO: [Synth 8-3886] merging instance 'g_inh_state_reg[44][26]' (FDRE) to 'g_inh_state_reg[44][31]'
INFO: [Synth 8-3886] merging instance 'g_inh_state_reg[43][26]' (FDRE) to 'g_inh_state_reg[43][31]'
INFO: [Synth 8-3886] merging instance 'g_inh_state_reg[42][26]' (FDRE) to 'g_inh_state_reg[42][31]'
INFO: [Synth 8-3886] merging instance 'g_inh_state_reg[41][26]' (FDRE) to 'g_inh_state_reg[41][31]'
INFO: [Synth 8-3886] merging instance 'g_inh_state_reg[40][26]' (FDRE) to 'g_inh_state_reg[40][31]'
INFO: [Synth 8-3886] merging instance 'g_inh_state_reg[39][26]' (FDRE) to 'g_inh_state_reg[39][31]'
INFO: [Synth 8-3886] merging instance 'g_inh_state_reg[38][26]' (FDRE) to 'g_inh_state_reg[38][31]'
INFO: [Synth 8-3886] merging instance 'g_inh_state_reg[37][26]' (FDRE) to 'g_inh_state_reg[37][31]'
INFO: [Synth 8-3886] merging instance 'g_inh_state_reg[36][26]' (FDRE) to 'g_inh_state_reg[36][31]'
INFO: [Synth 8-3886] merging instance 'g_inh_state_reg[35][26]' (FDRE) to 'g_inh_state_reg[35][31]'
INFO: [Synth 8-3886] merging instance 'g_inh_state_reg[34][26]' (FDRE) to 'g_inh_state_reg[34][31]'
INFO: [Synth 8-3886] merging instance 'g_inh_state_reg[33][26]' (FDRE) to 'g_inh_state_reg[33][31]'
INFO: [Synth 8-3886] merging instance 'g_inh_state_reg[32][26]' (FDRE) to 'g_inh_state_reg[32][31]'
INFO: [Synth 8-3886] merging instance 'g_inh_state_reg[31][26]' (FDRE) to 'g_inh_state_reg[31][31]'
INFO: [Synth 8-3886] merging instance 'g_inh_state_reg[30][26]' (FDRE) to 'g_inh_state_reg[30][31]'
INFO: [Synth 8-3886] merging instance 'g_inh_state_reg[29][26]' (FDRE) to 'g_inh_state_reg[29][31]'
INFO: [Synth 8-3886] merging instance 'g_inh_state_reg[28][26]' (FDRE) to 'g_inh_state_reg[28][31]'
INFO: [Synth 8-3886] merging instance 'g_inh_state_reg[27][26]' (FDRE) to 'g_inh_state_reg[27][31]'
INFO: [Synth 8-3886] merging instance 'g_inh_state_reg[26][26]' (FDRE) to 'g_inh_state_reg[26][31]'
INFO: [Synth 8-3886] merging instance 'g_inh_state_reg[25][26]' (FDRE) to 'g_inh_state_reg[25][31]'
INFO: [Synth 8-3886] merging instance 'g_inh_state_reg[24][26]' (FDRE) to 'g_inh_state_reg[24][31]'
INFO: [Synth 8-3886] merging instance 'g_inh_state_reg[23][26]' (FDRE) to 'g_inh_state_reg[23][31]'
INFO: [Synth 8-3886] merging instance 'g_inh_state_reg[22][26]' (FDRE) to 'g_inh_state_reg[22][31]'
INFO: [Synth 8-3886] merging instance 'g_inh_state_reg[21][26]' (FDRE) to 'g_inh_state_reg[21][31]'
INFO: [Synth 8-3886] merging instance 'g_inh_state_reg[20][26]' (FDRE) to 'g_inh_state_reg[20][31]'
INFO: [Synth 8-3886] merging instance 'g_inh_state_reg[19][26]' (FDRE) to 'g_inh_state_reg[19][31]'
INFO: [Synth 8-3886] merging instance 'g_inh_state_reg[18][26]' (FDRE) to 'g_inh_state_reg[18][31]'
INFO: [Synth 8-3886] merging instance 'g_inh_state_reg[17][26]' (FDRE) to 'g_inh_state_reg[17][31]'
INFO: [Synth 8-3886] merging instance 'g_inh_state_reg[16][26]' (FDRE) to 'g_inh_state_reg[16][31]'
INFO: [Synth 8-3886] merging instance 'g_inh_state_reg[15][26]' (FDRE) to 'g_inh_state_reg[15][31]'
INFO: [Synth 8-3886] merging instance 'g_inh_state_reg[14][26]' (FDRE) to 'g_inh_state_reg[14][31]'
INFO: [Synth 8-3886] merging instance 'g_inh_state_reg[13][26]' (FDRE) to 'g_inh_state_reg[13][31]'
INFO: [Synth 8-3886] merging instance 'g_inh_state_reg[12][26]' (FDRE) to 'g_inh_state_reg[12][31]'
INFO: [Synth 8-3886] merging instance 'g_inh_state_reg[11][26]' (FDRE) to 'g_inh_state_reg[11][31]'
INFO: [Synth 8-3886] merging instance 'g_inh_state_reg[10][26]' (FDRE) to 'g_inh_state_reg[10][31]'
INFO: [Synth 8-3886] merging instance 'g_inh_state_reg[9][26]' (FDRE) to 'g_inh_state_reg[9][31]'
INFO: [Synth 8-3886] merging instance 'g_inh_state_reg[8][26]' (FDRE) to 'g_inh_state_reg[8][31]'
INFO: [Synth 8-3886] merging instance 'g_inh_state_reg[7][26]' (FDRE) to 'g_inh_state_reg[7][31]'
INFO: [Synth 8-3886] merging instance 'g_inh_state_reg[6][26]' (FDRE) to 'g_inh_state_reg[6][31]'
INFO: [Synth 8-3886] merging instance 'g_inh_state_reg[5][26]' (FDRE) to 'g_inh_state_reg[5][31]'
INFO: [Synth 8-3886] merging instance 'g_inh_state_reg[4][26]' (FDRE) to 'g_inh_state_reg[4][31]'
INFO: [Synth 8-3886] merging instance 'g_inh_state_reg[3][26]' (FDRE) to 'g_inh_state_reg[3][31]'
INFO: [Synth 8-3886] merging instance 'g_inh_state_reg[2][26]' (FDRE) to 'g_inh_state_reg[2][31]'
INFO: [Synth 8-3886] merging instance 'g_inh_state_reg[1][26]' (FDRE) to 'g_inh_state_reg[1][31]'
INFO: [Synth 8-3886] merging instance 'g_inh_state_reg[0][26]' (FDRE) to 'g_inh_state_reg[0][31]'
INFO: [Synth 8-3886] merging instance 'g_inh_state_reg[99][26]' (FDRE) to 'g_inh_state_reg[99][31]'
INFO: [Synth 8-3886] merging instance 'g_inh_state_reg[98][26]' (FDRE) to 'g_inh_state_reg[98][31]'
INFO: [Synth 8-3886] merging instance 'g_inh_state_reg[97][26]' (FDRE) to 'g_inh_state_reg[97][31]'
INFO: [Synth 8-3886] merging instance 'g_inh_state_reg[96][26]' (FDRE) to 'g_inh_state_reg[96][31]'
INFO: [Synth 8-3886] merging instance 'g_inh_state_reg[95][26]' (FDRE) to 'g_inh_state_reg[95][31]'
INFO: [Synth 8-3886] merging instance 'g_inh_state_reg[94][26]' (FDRE) to 'g_inh_state_reg[94][31]'
INFO: [Synth 8-3886] merging instance 'g_inh_state_reg[93][26]' (FDRE) to 'g_inh_state_reg[93][31]'
INFO: [Synth 8-3886] merging instance 'g_inh_state_reg[92][26]' (FDRE) to 'g_inh_state_reg[92][31]'
INFO: [Synth 8-3886] merging instance 'g_inh_state_reg[91][26]' (FDRE) to 'g_inh_state_reg[91][31]'
INFO: [Synth 8-3886] merging instance 'g_inh_state_reg[90][26]' (FDRE) to 'g_inh_state_reg[90][31]'
INFO: [Synth 8-3886] merging instance 'g_inh_state_reg[89][26]' (FDRE) to 'g_inh_state_reg[89][31]'
INFO: [Synth 8-3886] merging instance 'g_inh_state_reg[88][26]' (FDRE) to 'g_inh_state_reg[88][31]'
INFO: [Synth 8-3886] merging instance 'g_inh_state_reg[87][26]' (FDRE) to 'g_inh_state_reg[87][31]'
INFO: [Synth 8-3886] merging instance 'g_inh_state_reg[86][26]' (FDRE) to 'g_inh_state_reg[86][31]'
INFO: [Synth 8-3886] merging instance 'g_inh_state_reg[85][26]' (FDRE) to 'g_inh_state_reg[85][31]'
INFO: [Synth 8-3886] merging instance 'g_inh_state_reg[84][26]' (FDRE) to 'g_inh_state_reg[84][31]'
INFO: [Synth 8-3886] merging instance 'g_inh_state_reg[83][26]' (FDRE) to 'g_inh_state_reg[83][31]'
INFO: [Synth 8-3886] merging instance 'g_inh_state_reg[82][26]' (FDRE) to 'g_inh_state_reg[82][31]'
INFO: [Synth 8-3886] merging instance 'g_inh_state_reg[81][26]' (FDRE) to 'g_inh_state_reg[81][31]'
INFO: [Synth 8-3886] merging instance 'g_inh_state_reg[80][26]' (FDRE) to 'g_inh_state_reg[80][31]'
INFO: [Synth 8-3886] merging instance 'g_inh_state_reg[79][26]' (FDRE) to 'g_inh_state_reg[79][31]'
INFO: [Synth 8-3886] merging instance 'g_inh_state_reg[78][26]' (FDRE) to 'g_inh_state_reg[78][31]'
INFO: [Synth 8-3886] merging instance 'g_inh_state_reg[77][26]' (FDRE) to 'g_inh_state_reg[77][31]'
INFO: [Synth 8-3886] merging instance 'g_inh_state_reg[76][26]' (FDRE) to 'g_inh_state_reg[76][31]'
INFO: [Synth 8-3886] merging instance 'g_inh_state_reg[75][26]' (FDRE) to 'g_inh_state_reg[75][31]'
INFO: [Synth 8-3886] merging instance 'g_inh_state_reg[74][26]' (FDRE) to 'g_inh_state_reg[74][31]'
INFO: [Synth 8-3886] merging instance 'g_inh_state_reg[73][26]' (FDRE) to 'g_inh_state_reg[73][31]'
INFO: [Synth 8-3886] merging instance 'g_inh_state_reg[72][26]' (FDRE) to 'g_inh_state_reg[72][31]'
INFO: [Synth 8-3886] merging instance 'g_inh_state_reg[71][26]' (FDRE) to 'g_inh_state_reg[71][31]'
INFO: [Synth 8-3886] merging instance 'g_inh_state_reg[70][26]' (FDRE) to 'g_inh_state_reg[70][31]'
INFO: [Synth 8-3886] merging instance 'g_inh_state_reg[69][26]' (FDRE) to 'g_inh_state_reg[69][31]'
INFO: [Synth 8-3886] merging instance 'g_inh_state_reg[68][26]' (FDRE) to 'g_inh_state_reg[68][31]'
INFO: [Synth 8-3886] merging instance 'g_inh_state_reg[67][26]' (FDRE) to 'g_inh_state_reg[67][31]'
INFO: [Synth 8-3886] merging instance 'g_inh_state_reg[66][26]' (FDRE) to 'g_inh_state_reg[66][31]'
INFO: [Synth 8-3886] merging instance 'g_inh_state_reg[65][26]' (FDRE) to 'g_inh_state_reg[65][31]'
INFO: [Synth 8-3886] merging instance 'g_inh_state_reg[64][26]' (FDRE) to 'g_inh_state_reg[64][31]'
INFO: [Synth 8-3886] merging instance 'g_inh_state_reg[63][27]' (FDRE) to 'g_inh_state_reg[63][31]'
INFO: [Synth 8-3886] merging instance 'g_inh_state_reg[62][27]' (FDRE) to 'g_inh_state_reg[62][31]'
INFO: [Synth 8-3886] merging instance 'g_inh_state_reg[61][27]' (FDRE) to 'g_inh_state_reg[61][31]'
INFO: [Synth 8-3886] merging instance 'g_inh_state_reg[60][27]' (FDRE) to 'g_inh_state_reg[60][31]'
INFO: [Synth 8-3886] merging instance 'g_inh_state_reg[59][27]' (FDRE) to 'g_inh_state_reg[59][31]'
INFO: [Synth 8-3886] merging instance 'g_inh_state_reg[58][27]' (FDRE) to 'g_inh_state_reg[58][31]'
INFO: [Synth 8-3886] merging instance 'g_inh_state_reg[57][27]' (FDRE) to 'g_inh_state_reg[57][31]'
INFO: [Synth 8-3886] merging instance 'g_inh_state_reg[56][27]' (FDRE) to 'g_inh_state_reg[56][31]'
INFO: [Synth 8-3886] merging instance 'g_inh_state_reg[55][27]' (FDRE) to 'g_inh_state_reg[55][31]'
INFO: [Synth 8-3886] merging instance 'g_inh_state_reg[54][27]' (FDRE) to 'g_inh_state_reg[54][31]'
INFO: [Synth 8-3886] merging instance 'g_inh_state_reg[53][27]' (FDRE) to 'g_inh_state_reg[53][31]'
INFO: [Synth 8-3886] merging instance 'g_inh_state_reg[52][27]' (FDRE) to 'g_inh_state_reg[52][31]'
INFO: [Synth 8-3886] merging instance 'g_inh_state_reg[51][27]' (FDRE) to 'g_inh_state_reg[51][31]'
INFO: [Synth 8-3886] merging instance 'g_inh_state_reg[50][27]' (FDRE) to 'g_inh_state_reg[50][31]'
INFO: [Synth 8-3886] merging instance 'g_inh_state_reg[49][27]' (FDRE) to 'g_inh_state_reg[49][31]'
INFO: [Synth 8-3886] merging instance 'g_inh_state_reg[48][27]' (FDRE) to 'g_inh_state_reg[48][31]'
INFO: [Synth 8-3886] merging instance 'g_inh_state_reg[47][27]' (FDRE) to 'g_inh_state_reg[47][31]'
INFO: [Synth 8-3886] merging instance 'g_inh_state_reg[46][27]' (FDRE) to 'g_inh_state_reg[46][31]'
INFO: [Synth 8-3886] merging instance 'g_inh_state_reg[45][27]' (FDRE) to 'g_inh_state_reg[45][31]'
INFO: [Synth 8-3886] merging instance 'g_inh_state_reg[44][27]' (FDRE) to 'g_inh_state_reg[44][31]'
INFO: [Synth 8-3886] merging instance 'g_inh_state_reg[43][27]' (FDRE) to 'g_inh_state_reg[43][31]'
INFO: [Synth 8-3886] merging instance 'g_inh_state_reg[42][27]' (FDRE) to 'g_inh_state_reg[42][31]'
INFO: [Synth 8-3886] merging instance 'g_inh_state_reg[41][27]' (FDRE) to 'g_inh_state_reg[41][31]'
INFO: [Synth 8-3886] merging instance 'g_inh_state_reg[40][27]' (FDRE) to 'g_inh_state_reg[40][31]'
INFO: [Synth 8-3886] merging instance 'g_inh_state_reg[39][27]' (FDRE) to 'g_inh_state_reg[39][31]'
INFO: [Synth 8-3886] merging instance 'g_inh_state_reg[38][27]' (FDRE) to 'g_inh_state_reg[38][31]'
INFO: [Synth 8-3886] merging instance 'g_inh_state_reg[37][27]' (FDRE) to 'g_inh_state_reg[37][31]'
INFO: [Synth 8-3886] merging instance 'g_inh_state_reg[36][27]' (FDRE) to 'g_inh_state_reg[36][31]'
INFO: [Synth 8-3886] merging instance 'g_inh_state_reg[35][27]' (FDRE) to 'g_inh_state_reg[35][31]'
INFO: [Synth 8-3886] merging instance 'g_inh_state_reg[34][27]' (FDRE) to 'g_inh_state_reg[34][31]'
INFO: [Synth 8-3886] merging instance 'g_inh_state_reg[33][27]' (FDRE) to 'g_inh_state_reg[33][31]'
INFO: [Synth 8-3886] merging instance 'g_inh_state_reg[32][27]' (FDRE) to 'g_inh_state_reg[32][31]'
INFO: [Synth 8-3886] merging instance 'g_inh_state_reg[31][27]' (FDRE) to 'g_inh_state_reg[31][31]'
INFO: [Synth 8-3886] merging instance 'g_inh_state_reg[30][27]' (FDRE) to 'g_inh_state_reg[30][31]'
INFO: [Synth 8-3886] merging instance 'g_inh_state_reg[29][27]' (FDRE) to 'g_inh_state_reg[29][31]'
INFO: [Synth 8-3886] merging instance 'g_inh_state_reg[28][27]' (FDRE) to 'g_inh_state_reg[28][31]'
INFO: [Synth 8-3886] merging instance 'g_inh_state_reg[27][27]' (FDRE) to 'g_inh_state_reg[27][31]'
INFO: [Synth 8-3886] merging instance 'g_inh_state_reg[26][27]' (FDRE) to 'g_inh_state_reg[26][31]'
INFO: [Synth 8-3886] merging instance 'g_inh_state_reg[25][27]' (FDRE) to 'g_inh_state_reg[25][31]'
INFO: [Synth 8-3886] merging instance 'g_inh_state_reg[24][27]' (FDRE) to 'g_inh_state_reg[24][31]'
INFO: [Synth 8-3886] merging instance 'g_inh_state_reg[23][27]' (FDRE) to 'g_inh_state_reg[23][31]'
INFO: [Synth 8-3886] merging instance 'g_inh_state_reg[22][27]' (FDRE) to 'g_inh_state_reg[22][31]'
INFO: [Synth 8-3886] merging instance 'g_inh_state_reg[21][27]' (FDRE) to 'g_inh_state_reg[21][31]'
INFO: [Synth 8-3886] merging instance 'g_inh_state_reg[20][27]' (FDRE) to 'g_inh_state_reg[20][31]'
INFO: [Synth 8-3886] merging instance 'g_inh_state_reg[19][27]' (FDRE) to 'g_inh_state_reg[19][31]'
INFO: [Synth 8-3886] merging instance 'g_inh_state_reg[18][27]' (FDRE) to 'g_inh_state_reg[18][31]'
INFO: [Synth 8-3886] merging instance 'g_inh_state_reg[17][27]' (FDRE) to 'g_inh_state_reg[17][31]'
INFO: [Synth 8-3886] merging instance 'g_inh_state_reg[16][27]' (FDRE) to 'g_inh_state_reg[16][31]'
INFO: [Synth 8-3886] merging instance 'g_inh_state_reg[15][27]' (FDRE) to 'g_inh_state_reg[15][31]'
INFO: [Synth 8-3886] merging instance 'g_inh_state_reg[14][27]' (FDRE) to 'g_inh_state_reg[14][31]'
INFO: [Synth 8-3886] merging instance 'g_inh_state_reg[13][27]' (FDRE) to 'g_inh_state_reg[13][31]'
INFO: [Synth 8-3886] merging instance 'g_inh_state_reg[12][27]' (FDRE) to 'g_inh_state_reg[12][31]'
INFO: [Synth 8-3886] merging instance 'g_inh_state_reg[11][27]' (FDRE) to 'g_inh_state_reg[11][31]'
INFO: [Synth 8-3886] merging instance 'g_inh_state_reg[10][27]' (FDRE) to 'g_inh_state_reg[10][31]'
INFO: [Synth 8-3886] merging instance 'g_inh_state_reg[9][27]' (FDRE) to 'g_inh_state_reg[9][31]'
INFO: [Synth 8-3886] merging instance 'g_inh_state_reg[8][27]' (FDRE) to 'g_inh_state_reg[8][31]'
INFO: [Synth 8-3886] merging instance 'g_inh_state_reg[7][27]' (FDRE) to 'g_inh_state_reg[7][31]'
INFO: [Synth 8-3886] merging instance 'g_inh_state_reg[6][27]' (FDRE) to 'g_inh_state_reg[6][31]'
INFO: [Synth 8-3886] merging instance 'g_inh_state_reg[5][27]' (FDRE) to 'g_inh_state_reg[5][31]'
INFO: [Synth 8-3886] merging instance 'g_inh_state_reg[4][27]' (FDRE) to 'g_inh_state_reg[4][31]'
INFO: [Synth 8-3886] merging instance 'g_inh_state_reg[3][27]' (FDRE) to 'g_inh_state_reg[3][31]'
INFO: [Synth 8-3886] merging instance 'g_inh_state_reg[2][27]' (FDRE) to 'g_inh_state_reg[2][31]'
INFO: [Synth 8-3886] merging instance 'g_inh_state_reg[1][27]' (FDRE) to 'g_inh_state_reg[1][31]'
INFO: [Synth 8-3886] merging instance 'g_inh_state_reg[0][27]' (FDRE) to 'g_inh_state_reg[0][31]'
INFO: [Synth 8-3886] merging instance 'g_inh_state_reg[99][27]' (FDRE) to 'g_inh_state_reg[99][31]'
INFO: [Synth 8-3886] merging instance 'g_inh_state_reg[98][27]' (FDRE) to 'g_inh_state_reg[98][31]'
INFO: [Synth 8-3886] merging instance 'g_inh_state_reg[97][27]' (FDRE) to 'g_inh_state_reg[97][31]'
INFO: [Synth 8-3886] merging instance 'g_inh_state_reg[96][27]' (FDRE) to 'g_inh_state_reg[96][31]'
INFO: [Synth 8-3886] merging instance 'g_inh_state_reg[95][27]' (FDRE) to 'g_inh_state_reg[95][31]'
INFO: [Synth 8-3886] merging instance 'g_inh_state_reg[94][27]' (FDRE) to 'g_inh_state_reg[94][31]'
INFO: [Synth 8-3886] merging instance 'g_inh_state_reg[93][27]' (FDRE) to 'g_inh_state_reg[93][31]'
INFO: [Synth 8-3886] merging instance 'g_inh_state_reg[92][27]' (FDRE) to 'g_inh_state_reg[92][31]'
INFO: [Synth 8-3886] merging instance 'g_inh_state_reg[91][27]' (FDRE) to 'g_inh_state_reg[91][31]'
INFO: [Synth 8-3886] merging instance 'g_inh_state_reg[90][27]' (FDRE) to 'g_inh_state_reg[90][31]'
INFO: [Synth 8-3886] merging instance 'g_inh_state_reg[89][27]' (FDRE) to 'g_inh_state_reg[89][31]'
INFO: [Synth 8-3886] merging instance 'g_inh_state_reg[88][27]' (FDRE) to 'g_inh_state_reg[88][31]'
INFO: [Synth 8-3886] merging instance 'g_inh_state_reg[87][27]' (FDRE) to 'g_inh_state_reg[87][31]'
INFO: [Synth 8-3886] merging instance 'g_inh_state_reg[86][27]' (FDRE) to 'g_inh_state_reg[86][31]'
INFO: [Synth 8-3886] merging instance 'g_inh_state_reg[85][27]' (FDRE) to 'g_inh_state_reg[85][31]'
INFO: [Synth 8-3886] merging instance 'g_inh_state_reg[84][27]' (FDRE) to 'g_inh_state_reg[84][31]'
INFO: [Synth 8-3886] merging instance 'g_inh_state_reg[83][27]' (FDRE) to 'g_inh_state_reg[83][31]'
INFO: [Synth 8-3886] merging instance 'g_inh_state_reg[82][27]' (FDRE) to 'g_inh_state_reg[82][31]'
INFO: [Synth 8-3886] merging instance 'g_inh_state_reg[81][27]' (FDRE) to 'g_inh_state_reg[81][31]'
INFO: [Synth 8-3886] merging instance 'g_inh_state_reg[80][27]' (FDRE) to 'g_inh_state_reg[80][31]'
INFO: [Synth 8-3886] merging instance 'g_inh_state_reg[79][27]' (FDRE) to 'g_inh_state_reg[79][31]'
INFO: [Synth 8-3886] merging instance 'g_inh_state_reg[78][27]' (FDRE) to 'g_inh_state_reg[78][31]'
INFO: [Synth 8-3886] merging instance 'g_inh_state_reg[77][27]' (FDRE) to 'g_inh_state_reg[77][31]'
INFO: [Synth 8-3886] merging instance 'g_inh_state_reg[76][27]' (FDRE) to 'g_inh_state_reg[76][31]'
INFO: [Synth 8-3886] merging instance 'g_inh_state_reg[75][27]' (FDRE) to 'g_inh_state_reg[75][31]'
INFO: [Synth 8-3886] merging instance 'g_inh_state_reg[74][27]' (FDRE) to 'g_inh_state_reg[74][31]'
INFO: [Synth 8-3886] merging instance 'g_inh_state_reg[73][27]' (FDRE) to 'g_inh_state_reg[73][31]'
INFO: [Synth 8-3886] merging instance 'g_inh_state_reg[72][27]' (FDRE) to 'g_inh_state_reg[72][31]'
INFO: [Synth 8-3886] merging instance 'g_inh_state_reg[71][27]' (FDRE) to 'g_inh_state_reg[71][31]'
INFO: [Synth 8-3886] merging instance 'g_inh_state_reg[70][27]' (FDRE) to 'g_inh_state_reg[70][31]'
INFO: [Synth 8-3886] merging instance 'g_inh_state_reg[69][27]' (FDRE) to 'g_inh_state_reg[69][31]'
INFO: [Synth 8-3886] merging instance 'g_inh_state_reg[68][27]' (FDRE) to 'g_inh_state_reg[68][31]'
INFO: [Synth 8-3886] merging instance 'g_inh_state_reg[67][27]' (FDRE) to 'g_inh_state_reg[67][31]'
INFO: [Synth 8-3886] merging instance 'g_inh_state_reg[66][27]' (FDRE) to 'g_inh_state_reg[66][31]'
INFO: [Synth 8-3886] merging instance 'g_inh_state_reg[65][27]' (FDRE) to 'g_inh_state_reg[65][31]'
INFO: [Synth 8-3886] merging instance 'g_inh_state_reg[64][27]' (FDRE) to 'g_inh_state_reg[64][31]'
INFO: [Synth 8-3886] merging instance 'g_inh_state_reg[63][28]' (FDRE) to 'g_inh_state_reg[63][31]'
INFO: [Synth 8-3886] merging instance 'g_inh_state_reg[62][28]' (FDRE) to 'g_inh_state_reg[62][31]'
INFO: [Synth 8-3886] merging instance 'g_inh_state_reg[61][28]' (FDRE) to 'g_inh_state_reg[61][31]'
INFO: [Synth 8-3886] merging instance 'g_inh_state_reg[60][28]' (FDRE) to 'g_inh_state_reg[60][31]'
INFO: [Synth 8-3886] merging instance 'g_inh_state_reg[59][28]' (FDRE) to 'g_inh_state_reg[59][31]'
INFO: [Synth 8-3886] merging instance 'g_inh_state_reg[58][28]' (FDRE) to 'g_inh_state_reg[58][31]'
INFO: [Synth 8-3886] merging instance 'g_inh_state_reg[57][28]' (FDRE) to 'g_inh_state_reg[57][31]'
INFO: [Synth 8-3886] merging instance 'g_inh_state_reg[56][28]' (FDRE) to 'g_inh_state_reg[56][31]'
INFO: [Synth 8-3886] merging instance 'g_inh_state_reg[55][28]' (FDRE) to 'g_inh_state_reg[55][31]'
INFO: [Synth 8-3886] merging instance 'g_inh_state_reg[54][28]' (FDRE) to 'g_inh_state_reg[54][31]'
INFO: [Synth 8-3886] merging instance 'g_inh_state_reg[53][28]' (FDRE) to 'g_inh_state_reg[53][31]'
INFO: [Synth 8-3886] merging instance 'g_inh_state_reg[52][28]' (FDRE) to 'g_inh_state_reg[52][31]'
INFO: [Synth 8-3886] merging instance 'g_inh_state_reg[51][28]' (FDRE) to 'g_inh_state_reg[51][31]'
INFO: [Synth 8-3886] merging instance 'g_inh_state_reg[50][28]' (FDRE) to 'g_inh_state_reg[50][31]'
INFO: [Synth 8-3886] merging instance 'g_inh_state_reg[49][28]' (FDRE) to 'g_inh_state_reg[49][31]'
INFO: [Synth 8-3886] merging instance 'g_inh_state_reg[48][28]' (FDRE) to 'g_inh_state_reg[48][31]'
INFO: [Synth 8-3886] merging instance 'g_inh_state_reg[47][28]' (FDRE) to 'g_inh_state_reg[47][31]'
INFO: [Synth 8-3886] merging instance 'g_inh_state_reg[46][28]' (FDRE) to 'g_inh_state_reg[46][31]'
INFO: [Synth 8-3886] merging instance 'g_inh_state_reg[45][28]' (FDRE) to 'g_inh_state_reg[45][31]'
INFO: [Synth 8-3886] merging instance 'g_inh_state_reg[44][28]' (FDRE) to 'g_inh_state_reg[44][31]'
INFO: [Synth 8-3886] merging instance 'g_inh_state_reg[43][28]' (FDRE) to 'g_inh_state_reg[43][31]'
INFO: [Synth 8-3886] merging instance 'g_inh_state_reg[42][28]' (FDRE) to 'g_inh_state_reg[42][31]'
INFO: [Synth 8-3886] merging instance 'g_inh_state_reg[41][28]' (FDRE) to 'g_inh_state_reg[41][31]'
INFO: [Synth 8-3886] merging instance 'g_inh_state_reg[40][28]' (FDRE) to 'g_inh_state_reg[40][31]'
INFO: [Synth 8-3886] merging instance 'g_inh_state_reg[39][28]' (FDRE) to 'g_inh_state_reg[39][31]'
INFO: [Synth 8-3886] merging instance 'g_inh_state_reg[38][28]' (FDRE) to 'g_inh_state_reg[38][31]'
INFO: [Synth 8-3886] merging instance 'g_inh_state_reg[37][28]' (FDRE) to 'g_inh_state_reg[37][31]'
INFO: [Synth 8-3886] merging instance 'g_inh_state_reg[36][28]' (FDRE) to 'g_inh_state_reg[36][31]'
INFO: [Synth 8-3886] merging instance 'g_inh_state_reg[35][28]' (FDRE) to 'g_inh_state_reg[35][31]'
INFO: [Synth 8-3886] merging instance 'g_inh_state_reg[34][28]' (FDRE) to 'g_inh_state_reg[34][31]'
INFO: [Synth 8-3886] merging instance 'g_inh_state_reg[33][28]' (FDRE) to 'g_inh_state_reg[33][31]'
INFO: [Synth 8-3886] merging instance 'g_inh_state_reg[32][28]' (FDRE) to 'g_inh_state_reg[32][31]'
INFO: [Synth 8-3886] merging instance 'g_inh_state_reg[31][28]' (FDRE) to 'g_inh_state_reg[31][31]'
INFO: [Synth 8-3886] merging instance 'g_inh_state_reg[30][28]' (FDRE) to 'g_inh_state_reg[30][31]'
INFO: [Synth 8-3886] merging instance 'g_inh_state_reg[29][28]' (FDRE) to 'g_inh_state_reg[29][31]'
INFO: [Synth 8-3886] merging instance 'g_inh_state_reg[28][28]' (FDRE) to 'g_inh_state_reg[28][31]'
INFO: [Synth 8-3886] merging instance 'g_inh_state_reg[27][28]' (FDRE) to 'g_inh_state_reg[27][31]'
INFO: [Synth 8-3886] merging instance 'g_inh_state_reg[26][28]' (FDRE) to 'g_inh_state_reg[26][31]'
INFO: [Synth 8-3886] merging instance 'g_inh_state_reg[25][28]' (FDRE) to 'g_inh_state_reg[25][31]'
INFO: [Synth 8-3886] merging instance 'g_inh_state_reg[24][28]' (FDRE) to 'g_inh_state_reg[24][31]'
INFO: [Synth 8-3886] merging instance 'g_inh_state_reg[23][28]' (FDRE) to 'g_inh_state_reg[23][31]'
INFO: [Synth 8-3886] merging instance 'g_inh_state_reg[22][28]' (FDRE) to 'g_inh_state_reg[22][31]'
INFO: [Synth 8-3886] merging instance 'g_inh_state_reg[21][28]' (FDRE) to 'g_inh_state_reg[21][31]'
INFO: [Synth 8-3886] merging instance 'g_inh_state_reg[20][28]' (FDRE) to 'g_inh_state_reg[20][31]'
INFO: [Synth 8-3886] merging instance 'g_inh_state_reg[19][28]' (FDRE) to 'g_inh_state_reg[19][31]'
INFO: [Synth 8-3886] merging instance 'g_inh_state_reg[18][28]' (FDRE) to 'g_inh_state_reg[18][31]'
INFO: [Synth 8-3886] merging instance 'g_inh_state_reg[17][28]' (FDRE) to 'g_inh_state_reg[17][31]'
INFO: [Synth 8-3886] merging instance 'g_inh_state_reg[16][28]' (FDRE) to 'g_inh_state_reg[16][31]'
INFO: [Synth 8-3886] merging instance 'g_inh_state_reg[15][28]' (FDRE) to 'g_inh_state_reg[15][31]'
INFO: [Synth 8-3886] merging instance 'g_inh_state_reg[14][28]' (FDRE) to 'g_inh_state_reg[14][31]'
INFO: [Synth 8-3886] merging instance 'g_inh_state_reg[13][28]' (FDRE) to 'g_inh_state_reg[13][31]'
INFO: [Synth 8-3886] merging instance 'g_inh_state_reg[12][28]' (FDRE) to 'g_inh_state_reg[12][31]'
INFO: [Synth 8-3886] merging instance 'g_inh_state_reg[11][28]' (FDRE) to 'g_inh_state_reg[11][31]'
INFO: [Synth 8-3886] merging instance 'g_inh_state_reg[10][28]' (FDRE) to 'g_inh_state_reg[10][31]'
INFO: [Synth 8-3886] merging instance 'g_inh_state_reg[9][28]' (FDRE) to 'g_inh_state_reg[9][31]'
INFO: [Synth 8-3886] merging instance 'g_inh_state_reg[8][28]' (FDRE) to 'g_inh_state_reg[8][31]'
INFO: [Synth 8-3886] merging instance 'g_inh_state_reg[7][28]' (FDRE) to 'g_inh_state_reg[7][31]'
INFO: [Synth 8-3886] merging instance 'g_inh_state_reg[6][28]' (FDRE) to 'g_inh_state_reg[6][31]'
INFO: [Synth 8-3886] merging instance 'g_inh_state_reg[5][28]' (FDRE) to 'g_inh_state_reg[5][31]'
INFO: [Synth 8-3886] merging instance 'g_inh_state_reg[4][28]' (FDRE) to 'g_inh_state_reg[4][31]'
INFO: [Synth 8-3886] merging instance 'g_inh_state_reg[3][28]' (FDRE) to 'g_inh_state_reg[3][31]'
INFO: [Synth 8-3886] merging instance 'g_inh_state_reg[2][28]' (FDRE) to 'g_inh_state_reg[2][31]'
INFO: [Synth 8-3886] merging instance 'g_inh_state_reg[1][28]' (FDRE) to 'g_inh_state_reg[1][31]'
INFO: [Synth 8-3886] merging instance 'g_inh_state_reg[0][28]' (FDRE) to 'g_inh_state_reg[0][31]'
INFO: [Synth 8-3886] merging instance 'g_inh_state_reg[99][28]' (FDRE) to 'g_inh_state_reg[99][31]'
INFO: [Synth 8-3886] merging instance 'g_inh_state_reg[98][28]' (FDRE) to 'g_inh_state_reg[98][31]'
INFO: [Synth 8-3886] merging instance 'g_inh_state_reg[97][28]' (FDRE) to 'g_inh_state_reg[97][31]'
INFO: [Synth 8-3886] merging instance 'g_inh_state_reg[96][28]' (FDRE) to 'g_inh_state_reg[96][31]'
INFO: [Synth 8-3886] merging instance 'g_inh_state_reg[95][28]' (FDRE) to 'g_inh_state_reg[95][31]'
INFO: [Synth 8-3886] merging instance 'g_inh_state_reg[94][28]' (FDRE) to 'g_inh_state_reg[94][31]'
INFO: [Synth 8-3886] merging instance 'g_inh_state_reg[93][28]' (FDRE) to 'g_inh_state_reg[93][31]'
INFO: [Synth 8-3886] merging instance 'g_inh_state_reg[92][28]' (FDRE) to 'g_inh_state_reg[92][31]'
INFO: [Synth 8-3886] merging instance 'g_inh_state_reg[91][28]' (FDRE) to 'g_inh_state_reg[91][31]'
INFO: [Synth 8-3886] merging instance 'g_inh_state_reg[90][28]' (FDRE) to 'g_inh_state_reg[90][31]'
INFO: [Synth 8-3886] merging instance 'g_inh_state_reg[89][28]' (FDRE) to 'g_inh_state_reg[89][31]'
INFO: [Synth 8-3886] merging instance 'g_inh_state_reg[88][28]' (FDRE) to 'g_inh_state_reg[88][31]'
INFO: [Synth 8-3886] merging instance 'g_inh_state_reg[87][28]' (FDRE) to 'g_inh_state_reg[87][31]'
INFO: [Synth 8-3886] merging instance 'g_inh_state_reg[86][28]' (FDRE) to 'g_inh_state_reg[86][31]'
INFO: [Synth 8-3886] merging instance 'g_inh_state_reg[85][28]' (FDRE) to 'g_inh_state_reg[85][31]'
INFO: [Synth 8-3886] merging instance 'g_inh_state_reg[84][28]' (FDRE) to 'g_inh_state_reg[84][31]'
INFO: [Synth 8-3886] merging instance 'g_inh_state_reg[83][28]' (FDRE) to 'g_inh_state_reg[83][31]'
INFO: [Synth 8-3886] merging instance 'g_inh_state_reg[82][28]' (FDRE) to 'g_inh_state_reg[82][31]'
INFO: [Synth 8-3886] merging instance 'g_inh_state_reg[81][28]' (FDRE) to 'g_inh_state_reg[81][31]'
INFO: [Synth 8-3886] merging instance 'g_inh_state_reg[80][28]' (FDRE) to 'g_inh_state_reg[80][31]'
INFO: [Synth 8-3886] merging instance 'g_inh_state_reg[79][28]' (FDRE) to 'g_inh_state_reg[79][31]'
INFO: [Synth 8-3886] merging instance 'g_inh_state_reg[78][28]' (FDRE) to 'g_inh_state_reg[78][31]'
INFO: [Synth 8-3886] merging instance 'g_inh_state_reg[77][28]' (FDRE) to 'g_inh_state_reg[77][31]'
INFO: [Synth 8-3886] merging instance 'g_inh_state_reg[76][28]' (FDRE) to 'g_inh_state_reg[76][31]'
INFO: [Synth 8-3886] merging instance 'g_inh_state_reg[75][28]' (FDRE) to 'g_inh_state_reg[75][31]'
INFO: [Synth 8-3886] merging instance 'g_inh_state_reg[74][28]' (FDRE) to 'g_inh_state_reg[74][31]'
INFO: [Synth 8-3886] merging instance 'g_inh_state_reg[73][28]' (FDRE) to 'g_inh_state_reg[73][31]'
INFO: [Synth 8-3886] merging instance 'g_inh_state_reg[72][28]' (FDRE) to 'g_inh_state_reg[72][31]'
INFO: [Synth 8-3886] merging instance 'g_inh_state_reg[71][28]' (FDRE) to 'g_inh_state_reg[71][31]'
INFO: [Synth 8-3886] merging instance 'g_inh_state_reg[70][28]' (FDRE) to 'g_inh_state_reg[70][31]'
INFO: [Synth 8-3886] merging instance 'g_inh_state_reg[69][28]' (FDRE) to 'g_inh_state_reg[69][31]'
INFO: [Synth 8-3886] merging instance 'g_inh_state_reg[68][28]' (FDRE) to 'g_inh_state_reg[68][31]'
INFO: [Synth 8-3886] merging instance 'g_inh_state_reg[67][28]' (FDRE) to 'g_inh_state_reg[67][31]'
INFO: [Synth 8-3886] merging instance 'g_inh_state_reg[66][28]' (FDRE) to 'g_inh_state_reg[66][31]'
INFO: [Synth 8-3886] merging instance 'g_inh_state_reg[65][28]' (FDRE) to 'g_inh_state_reg[65][31]'
INFO: [Synth 8-3886] merging instance 'g_inh_state_reg[64][28]' (FDRE) to 'g_inh_state_reg[64][31]'
INFO: [Synth 8-3886] merging instance 'g_inh_state_reg[63][29]' (FDRE) to 'g_inh_state_reg[63][31]'
INFO: [Synth 8-3886] merging instance 'g_inh_state_reg[62][29]' (FDRE) to 'g_inh_state_reg[62][31]'
INFO: [Synth 8-3886] merging instance 'g_inh_state_reg[61][29]' (FDRE) to 'g_inh_state_reg[61][31]'
INFO: [Synth 8-3886] merging instance 'g_inh_state_reg[60][29]' (FDRE) to 'g_inh_state_reg[60][31]'
INFO: [Synth 8-3886] merging instance 'g_inh_state_reg[59][29]' (FDRE) to 'g_inh_state_reg[59][31]'
INFO: [Synth 8-3886] merging instance 'g_inh_state_reg[58][29]' (FDRE) to 'g_inh_state_reg[58][31]'
INFO: [Synth 8-3886] merging instance 'g_inh_state_reg[57][29]' (FDRE) to 'g_inh_state_reg[57][31]'
INFO: [Synth 8-3886] merging instance 'g_inh_state_reg[56][29]' (FDRE) to 'g_inh_state_reg[56][31]'
INFO: [Synth 8-3886] merging instance 'g_inh_state_reg[55][29]' (FDRE) to 'g_inh_state_reg[55][31]'
INFO: [Synth 8-3886] merging instance 'g_inh_state_reg[54][29]' (FDRE) to 'g_inh_state_reg[54][31]'
INFO: [Synth 8-3886] merging instance 'g_inh_state_reg[53][29]' (FDRE) to 'g_inh_state_reg[53][31]'
INFO: [Synth 8-3886] merging instance 'g_inh_state_reg[52][29]' (FDRE) to 'g_inh_state_reg[52][31]'
INFO: [Synth 8-3886] merging instance 'g_inh_state_reg[51][29]' (FDRE) to 'g_inh_state_reg[51][31]'
INFO: [Synth 8-3886] merging instance 'g_inh_state_reg[50][29]' (FDRE) to 'g_inh_state_reg[50][31]'
INFO: [Synth 8-3886] merging instance 'g_inh_state_reg[49][29]' (FDRE) to 'g_inh_state_reg[49][31]'
INFO: [Synth 8-3886] merging instance 'g_inh_state_reg[48][29]' (FDRE) to 'g_inh_state_reg[48][31]'
INFO: [Synth 8-3886] merging instance 'g_inh_state_reg[47][29]' (FDRE) to 'g_inh_state_reg[47][31]'
INFO: [Synth 8-3886] merging instance 'g_inh_state_reg[46][29]' (FDRE) to 'g_inh_state_reg[46][31]'
INFO: [Synth 8-3886] merging instance 'g_inh_state_reg[45][29]' (FDRE) to 'g_inh_state_reg[45][31]'
INFO: [Synth 8-3886] merging instance 'g_inh_state_reg[44][29]' (FDRE) to 'g_inh_state_reg[44][31]'
INFO: [Synth 8-3886] merging instance 'g_inh_state_reg[43][29]' (FDRE) to 'g_inh_state_reg[43][31]'
INFO: [Synth 8-3886] merging instance 'g_inh_state_reg[42][29]' (FDRE) to 'g_inh_state_reg[42][31]'
INFO: [Synth 8-3886] merging instance 'g_inh_state_reg[41][29]' (FDRE) to 'g_inh_state_reg[41][31]'
INFO: [Synth 8-3886] merging instance 'g_inh_state_reg[40][29]' (FDRE) to 'g_inh_state_reg[40][31]'
INFO: [Synth 8-3886] merging instance 'g_inh_state_reg[39][29]' (FDRE) to 'g_inh_state_reg[39][31]'
INFO: [Synth 8-3886] merging instance 'g_inh_state_reg[38][29]' (FDRE) to 'g_inh_state_reg[38][31]'
INFO: [Synth 8-3886] merging instance 'g_inh_state_reg[37][29]' (FDRE) to 'g_inh_state_reg[37][31]'
INFO: [Synth 8-3886] merging instance 'g_inh_state_reg[36][29]' (FDRE) to 'g_inh_state_reg[36][31]'
INFO: [Synth 8-3886] merging instance 'g_inh_state_reg[35][29]' (FDRE) to 'g_inh_state_reg[35][31]'
INFO: [Synth 8-3886] merging instance 'g_inh_state_reg[34][29]' (FDRE) to 'g_inh_state_reg[34][31]'
INFO: [Synth 8-3886] merging instance 'g_inh_state_reg[33][29]' (FDRE) to 'g_inh_state_reg[33][31]'
INFO: [Synth 8-3886] merging instance 'g_inh_state_reg[32][29]' (FDRE) to 'g_inh_state_reg[32][31]'
INFO: [Synth 8-3886] merging instance 'g_inh_state_reg[31][29]' (FDRE) to 'g_inh_state_reg[31][31]'
INFO: [Synth 8-3886] merging instance 'g_inh_state_reg[30][29]' (FDRE) to 'g_inh_state_reg[30][31]'
INFO: [Synth 8-3886] merging instance 'g_inh_state_reg[29][29]' (FDRE) to 'g_inh_state_reg[29][31]'
INFO: [Synth 8-3886] merging instance 'g_inh_state_reg[28][29]' (FDRE) to 'g_inh_state_reg[28][31]'
INFO: [Synth 8-3886] merging instance 'g_inh_state_reg[27][29]' (FDRE) to 'g_inh_state_reg[27][31]'
INFO: [Synth 8-3886] merging instance 'g_inh_state_reg[26][29]' (FDRE) to 'g_inh_state_reg[26][31]'
INFO: [Synth 8-3886] merging instance 'g_inh_state_reg[25][29]' (FDRE) to 'g_inh_state_reg[25][31]'
INFO: [Synth 8-3886] merging instance 'g_inh_state_reg[24][29]' (FDRE) to 'g_inh_state_reg[24][31]'
INFO: [Synth 8-3886] merging instance 'g_inh_state_reg[23][29]' (FDRE) to 'g_inh_state_reg[23][31]'
INFO: [Synth 8-3886] merging instance 'g_inh_state_reg[22][29]' (FDRE) to 'g_inh_state_reg[22][31]'
INFO: [Synth 8-3886] merging instance 'g_inh_state_reg[21][29]' (FDRE) to 'g_inh_state_reg[21][31]'
INFO: [Synth 8-3886] merging instance 'g_inh_state_reg[20][29]' (FDRE) to 'g_inh_state_reg[20][31]'
INFO: [Synth 8-3886] merging instance 'g_inh_state_reg[19][29]' (FDRE) to 'g_inh_state_reg[19][31]'
INFO: [Synth 8-3886] merging instance 'g_inh_state_reg[18][29]' (FDRE) to 'g_inh_state_reg[18][31]'
INFO: [Synth 8-3886] merging instance 'g_inh_state_reg[17][29]' (FDRE) to 'g_inh_state_reg[17][31]'
INFO: [Synth 8-3886] merging instance 'g_inh_state_reg[16][29]' (FDRE) to 'g_inh_state_reg[16][31]'
INFO: [Synth 8-3886] merging instance 'g_inh_state_reg[15][29]' (FDRE) to 'g_inh_state_reg[15][31]'
INFO: [Synth 8-3886] merging instance 'g_inh_state_reg[14][29]' (FDRE) to 'g_inh_state_reg[14][31]'
INFO: [Synth 8-3886] merging instance 'g_inh_state_reg[13][29]' (FDRE) to 'g_inh_state_reg[13][31]'
INFO: [Synth 8-3886] merging instance 'g_inh_state_reg[12][29]' (FDRE) to 'g_inh_state_reg[12][31]'
INFO: [Synth 8-3886] merging instance 'g_inh_state_reg[11][29]' (FDRE) to 'g_inh_state_reg[11][31]'
INFO: [Synth 8-3886] merging instance 'g_inh_state_reg[10][29]' (FDRE) to 'g_inh_state_reg[10][31]'
INFO: [Synth 8-3886] merging instance 'g_inh_state_reg[9][29]' (FDRE) to 'g_inh_state_reg[9][31]'
INFO: [Synth 8-3886] merging instance 'g_inh_state_reg[8][29]' (FDRE) to 'g_inh_state_reg[8][31]'
INFO: [Synth 8-3886] merging instance 'g_inh_state_reg[7][29]' (FDRE) to 'g_inh_state_reg[7][31]'
INFO: [Synth 8-3886] merging instance 'g_inh_state_reg[6][29]' (FDRE) to 'g_inh_state_reg[6][31]'
INFO: [Synth 8-3886] merging instance 'g_inh_state_reg[5][29]' (FDRE) to 'g_inh_state_reg[5][31]'
INFO: [Synth 8-3886] merging instance 'g_inh_state_reg[4][29]' (FDRE) to 'g_inh_state_reg[4][31]'
INFO: [Synth 8-3886] merging instance 'g_inh_state_reg[3][29]' (FDRE) to 'g_inh_state_reg[3][31]'
INFO: [Synth 8-3886] merging instance 'g_inh_state_reg[2][29]' (FDRE) to 'g_inh_state_reg[2][31]'
INFO: [Synth 8-3886] merging instance 'g_inh_state_reg[1][29]' (FDRE) to 'g_inh_state_reg[1][31]'
INFO: [Synth 8-3886] merging instance 'g_inh_state_reg[0][29]' (FDRE) to 'g_inh_state_reg[0][31]'
INFO: [Synth 8-3886] merging instance 'g_inh_state_reg[99][29]' (FDRE) to 'g_inh_state_reg[99][31]'
INFO: [Synth 8-3886] merging instance 'g_inh_state_reg[98][29]' (FDRE) to 'g_inh_state_reg[98][31]'
INFO: [Synth 8-3886] merging instance 'g_inh_state_reg[97][29]' (FDRE) to 'g_inh_state_reg[97][31]'
INFO: [Synth 8-3886] merging instance 'g_inh_state_reg[96][29]' (FDRE) to 'g_inh_state_reg[96][31]'
INFO: [Synth 8-3886] merging instance 'g_inh_state_reg[95][29]' (FDRE) to 'g_inh_state_reg[95][31]'
INFO: [Synth 8-3886] merging instance 'g_inh_state_reg[94][29]' (FDRE) to 'g_inh_state_reg[94][31]'
INFO: [Synth 8-3886] merging instance 'g_inh_state_reg[93][29]' (FDRE) to 'g_inh_state_reg[93][31]'
INFO: [Synth 8-3886] merging instance 'g_inh_state_reg[92][29]' (FDRE) to 'g_inh_state_reg[92][31]'
INFO: [Synth 8-3886] merging instance 'g_inh_state_reg[91][29]' (FDRE) to 'g_inh_state_reg[91][31]'
INFO: [Synth 8-3886] merging instance 'g_inh_state_reg[90][29]' (FDRE) to 'g_inh_state_reg[90][31]'
INFO: [Synth 8-3886] merging instance 'g_inh_state_reg[89][29]' (FDRE) to 'g_inh_state_reg[89][31]'
INFO: [Synth 8-3886] merging instance 'g_inh_state_reg[88][29]' (FDRE) to 'g_inh_state_reg[88][31]'
INFO: [Synth 8-3886] merging instance 'g_inh_state_reg[87][29]' (FDRE) to 'g_inh_state_reg[87][31]'
INFO: [Synth 8-3886] merging instance 'g_inh_state_reg[86][29]' (FDRE) to 'g_inh_state_reg[86][31]'
INFO: [Synth 8-3886] merging instance 'g_inh_state_reg[85][29]' (FDRE) to 'g_inh_state_reg[85][31]'
INFO: [Synth 8-3886] merging instance 'g_inh_state_reg[84][29]' (FDRE) to 'g_inh_state_reg[84][31]'
INFO: [Synth 8-3886] merging instance 'g_inh_state_reg[83][29]' (FDRE) to 'g_inh_state_reg[83][31]'
INFO: [Synth 8-3886] merging instance 'g_inh_state_reg[82][29]' (FDRE) to 'g_inh_state_reg[82][31]'
INFO: [Synth 8-3886] merging instance 'g_inh_state_reg[81][29]' (FDRE) to 'g_inh_state_reg[81][31]'
INFO: [Synth 8-3886] merging instance 'g_inh_state_reg[80][29]' (FDRE) to 'g_inh_state_reg[80][31]'
INFO: [Synth 8-3886] merging instance 'g_inh_state_reg[79][29]' (FDRE) to 'g_inh_state_reg[79][31]'
INFO: [Synth 8-3886] merging instance 'g_inh_state_reg[78][29]' (FDRE) to 'g_inh_state_reg[78][31]'
INFO: [Synth 8-3886] merging instance 'g_inh_state_reg[77][29]' (FDRE) to 'g_inh_state_reg[77][31]'
INFO: [Synth 8-3886] merging instance 'g_inh_state_reg[76][29]' (FDRE) to 'g_inh_state_reg[76][31]'
INFO: [Synth 8-3886] merging instance 'g_inh_state_reg[75][29]' (FDRE) to 'g_inh_state_reg[75][31]'
INFO: [Synth 8-3886] merging instance 'g_inh_state_reg[74][29]' (FDRE) to 'g_inh_state_reg[74][31]'
INFO: [Synth 8-3886] merging instance 'g_inh_state_reg[73][29]' (FDRE) to 'g_inh_state_reg[73][31]'
INFO: [Synth 8-3886] merging instance 'g_inh_state_reg[72][29]' (FDRE) to 'g_inh_state_reg[72][31]'
INFO: [Synth 8-3886] merging instance 'g_inh_state_reg[71][29]' (FDRE) to 'g_inh_state_reg[71][31]'
INFO: [Synth 8-3886] merging instance 'g_inh_state_reg[70][29]' (FDRE) to 'g_inh_state_reg[70][31]'
INFO: [Synth 8-3886] merging instance 'g_inh_state_reg[69][29]' (FDRE) to 'g_inh_state_reg[69][31]'
INFO: [Synth 8-3886] merging instance 'g_inh_state_reg[68][29]' (FDRE) to 'g_inh_state_reg[68][31]'
INFO: [Synth 8-3886] merging instance 'g_inh_state_reg[67][29]' (FDRE) to 'g_inh_state_reg[67][31]'
INFO: [Synth 8-3886] merging instance 'g_inh_state_reg[66][29]' (FDRE) to 'g_inh_state_reg[66][31]'
INFO: [Synth 8-3886] merging instance 'g_inh_state_reg[65][29]' (FDRE) to 'g_inh_state_reg[65][31]'
INFO: [Synth 8-3886] merging instance 'g_inh_state_reg[64][29]' (FDRE) to 'g_inh_state_reg[64][31]'
INFO: [Synth 8-3886] merging instance 'g_inh_state_reg[63][30]' (FDRE) to 'g_inh_state_reg[63][31]'
INFO: [Synth 8-3886] merging instance 'g_inh_state_reg[62][30]' (FDRE) to 'g_inh_state_reg[62][31]'
INFO: [Synth 8-3886] merging instance 'g_inh_state_reg[61][30]' (FDRE) to 'g_inh_state_reg[61][31]'
INFO: [Synth 8-3886] merging instance 'g_inh_state_reg[60][30]' (FDRE) to 'g_inh_state_reg[60][31]'
INFO: [Synth 8-3886] merging instance 'g_inh_state_reg[59][30]' (FDRE) to 'g_inh_state_reg[59][31]'
INFO: [Synth 8-3886] merging instance 'g_inh_state_reg[58][30]' (FDRE) to 'g_inh_state_reg[58][31]'
INFO: [Synth 8-3886] merging instance 'g_inh_state_reg[57][30]' (FDRE) to 'g_inh_state_reg[57][31]'
INFO: [Synth 8-3886] merging instance 'g_inh_state_reg[56][30]' (FDRE) to 'g_inh_state_reg[56][31]'
INFO: [Synth 8-3886] merging instance 'g_inh_state_reg[55][30]' (FDRE) to 'g_inh_state_reg[55][31]'
INFO: [Synth 8-3886] merging instance 'g_inh_state_reg[54][30]' (FDRE) to 'g_inh_state_reg[54][31]'
INFO: [Synth 8-3886] merging instance 'g_inh_state_reg[53][30]' (FDRE) to 'g_inh_state_reg[53][31]'
INFO: [Synth 8-3886] merging instance 'g_inh_state_reg[52][30]' (FDRE) to 'g_inh_state_reg[52][31]'
INFO: [Synth 8-3886] merging instance 'g_inh_state_reg[51][30]' (FDRE) to 'g_inh_state_reg[51][31]'
INFO: [Synth 8-3886] merging instance 'g_inh_state_reg[50][30]' (FDRE) to 'g_inh_state_reg[50][31]'
INFO: [Synth 8-3886] merging instance 'g_inh_state_reg[49][30]' (FDRE) to 'g_inh_state_reg[49][31]'
INFO: [Synth 8-3886] merging instance 'g_inh_state_reg[48][30]' (FDRE) to 'g_inh_state_reg[48][31]'
INFO: [Synth 8-3886] merging instance 'g_inh_state_reg[47][30]' (FDRE) to 'g_inh_state_reg[47][31]'
INFO: [Synth 8-3886] merging instance 'g_inh_state_reg[46][30]' (FDRE) to 'g_inh_state_reg[46][31]'
INFO: [Synth 8-3886] merging instance 'g_inh_state_reg[45][30]' (FDRE) to 'g_inh_state_reg[45][31]'
INFO: [Synth 8-3886] merging instance 'g_inh_state_reg[44][30]' (FDRE) to 'g_inh_state_reg[44][31]'
INFO: [Synth 8-3886] merging instance 'g_inh_state_reg[43][30]' (FDRE) to 'g_inh_state_reg[43][31]'
INFO: [Synth 8-3886] merging instance 'g_inh_state_reg[42][30]' (FDRE) to 'g_inh_state_reg[42][31]'
INFO: [Synth 8-3886] merging instance 'g_inh_state_reg[41][30]' (FDRE) to 'g_inh_state_reg[41][31]'
INFO: [Synth 8-3886] merging instance 'g_inh_state_reg[40][30]' (FDRE) to 'g_inh_state_reg[40][31]'
INFO: [Synth 8-3886] merging instance 'g_inh_state_reg[39][30]' (FDRE) to 'g_inh_state_reg[39][31]'
INFO: [Synth 8-3886] merging instance 'g_inh_state_reg[38][30]' (FDRE) to 'g_inh_state_reg[38][31]'
INFO: [Synth 8-3886] merging instance 'g_inh_state_reg[37][30]' (FDRE) to 'g_inh_state_reg[37][31]'
INFO: [Synth 8-3886] merging instance 'g_inh_state_reg[36][30]' (FDRE) to 'g_inh_state_reg[36][31]'
INFO: [Synth 8-3886] merging instance 'g_inh_state_reg[35][30]' (FDRE) to 'g_inh_state_reg[35][31]'
INFO: [Synth 8-3886] merging instance 'g_inh_state_reg[34][30]' (FDRE) to 'g_inh_state_reg[34][31]'
INFO: [Synth 8-3886] merging instance 'g_inh_state_reg[33][30]' (FDRE) to 'g_inh_state_reg[33][31]'
INFO: [Synth 8-3886] merging instance 'g_inh_state_reg[32][30]' (FDRE) to 'g_inh_state_reg[32][31]'
INFO: [Synth 8-3886] merging instance 'g_inh_state_reg[31][30]' (FDRE) to 'g_inh_state_reg[31][31]'
INFO: [Synth 8-3886] merging instance 'g_inh_state_reg[30][30]' (FDRE) to 'g_inh_state_reg[30][31]'
INFO: [Synth 8-3886] merging instance 'g_inh_state_reg[29][30]' (FDRE) to 'g_inh_state_reg[29][31]'
INFO: [Synth 8-3886] merging instance 'g_inh_state_reg[28][30]' (FDRE) to 'g_inh_state_reg[28][31]'
INFO: [Synth 8-3886] merging instance 'g_inh_state_reg[27][30]' (FDRE) to 'g_inh_state_reg[27][31]'
INFO: [Synth 8-3886] merging instance 'g_inh_state_reg[26][30]' (FDRE) to 'g_inh_state_reg[26][31]'
INFO: [Synth 8-3886] merging instance 'g_inh_state_reg[25][30]' (FDRE) to 'g_inh_state_reg[25][31]'
INFO: [Synth 8-3886] merging instance 'g_inh_state_reg[24][30]' (FDRE) to 'g_inh_state_reg[24][31]'
INFO: [Synth 8-3886] merging instance 'g_inh_state_reg[23][30]' (FDRE) to 'g_inh_state_reg[23][31]'
INFO: [Synth 8-3886] merging instance 'g_inh_state_reg[22][30]' (FDRE) to 'g_inh_state_reg[22][31]'
INFO: [Synth 8-3886] merging instance 'g_inh_state_reg[21][30]' (FDRE) to 'g_inh_state_reg[21][31]'
INFO: [Synth 8-3886] merging instance 'g_inh_state_reg[20][30]' (FDRE) to 'g_inh_state_reg[20][31]'
INFO: [Synth 8-3886] merging instance 'g_inh_state_reg[19][30]' (FDRE) to 'g_inh_state_reg[19][31]'
INFO: [Synth 8-3886] merging instance 'g_inh_state_reg[18][30]' (FDRE) to 'g_inh_state_reg[18][31]'
INFO: [Synth 8-3886] merging instance 'g_inh_state_reg[17][30]' (FDRE) to 'g_inh_state_reg[17][31]'
INFO: [Synth 8-3886] merging instance 'g_inh_state_reg[16][30]' (FDRE) to 'g_inh_state_reg[16][31]'
INFO: [Synth 8-3886] merging instance 'g_inh_state_reg[15][30]' (FDRE) to 'g_inh_state_reg[15][31]'
INFO: [Synth 8-3886] merging instance 'g_inh_state_reg[14][30]' (FDRE) to 'g_inh_state_reg[14][31]'
INFO: [Synth 8-3886] merging instance 'g_inh_state_reg[13][30]' (FDRE) to 'g_inh_state_reg[13][31]'
INFO: [Synth 8-3886] merging instance 'g_inh_state_reg[12][30]' (FDRE) to 'g_inh_state_reg[12][31]'
INFO: [Synth 8-3886] merging instance 'g_inh_state_reg[11][30]' (FDRE) to 'g_inh_state_reg[11][31]'
INFO: [Synth 8-3886] merging instance 'g_inh_state_reg[10][30]' (FDRE) to 'g_inh_state_reg[10][31]'
INFO: [Synth 8-3886] merging instance 'g_inh_state_reg[9][30]' (FDRE) to 'g_inh_state_reg[9][31]'
INFO: [Synth 8-3886] merging instance 'g_inh_state_reg[8][30]' (FDRE) to 'g_inh_state_reg[8][31]'
INFO: [Synth 8-3886] merging instance 'g_inh_state_reg[7][30]' (FDRE) to 'g_inh_state_reg[7][31]'
INFO: [Synth 8-3886] merging instance 'g_inh_state_reg[6][30]' (FDRE) to 'g_inh_state_reg[6][31]'
INFO: [Synth 8-3886] merging instance 'g_inh_state_reg[5][30]' (FDRE) to 'g_inh_state_reg[5][31]'
INFO: [Synth 8-3886] merging instance 'g_inh_state_reg[4][30]' (FDRE) to 'g_inh_state_reg[4][31]'
INFO: [Synth 8-3886] merging instance 'g_inh_state_reg[3][30]' (FDRE) to 'g_inh_state_reg[3][31]'
INFO: [Synth 8-3886] merging instance 'g_inh_state_reg[2][30]' (FDRE) to 'g_inh_state_reg[2][31]'
INFO: [Synth 8-3886] merging instance 'g_inh_state_reg[1][30]' (FDRE) to 'g_inh_state_reg[1][31]'
INFO: [Synth 8-3886] merging instance 'g_inh_state_reg[0][30]' (FDRE) to 'g_inh_state_reg[0][31]'
INFO: [Synth 8-3886] merging instance 'g_inh_state_reg[99][30]' (FDRE) to 'g_inh_state_reg[99][31]'
INFO: [Synth 8-3886] merging instance 'g_inh_state_reg[98][30]' (FDRE) to 'g_inh_state_reg[98][31]'
INFO: [Synth 8-3886] merging instance 'g_inh_state_reg[97][30]' (FDRE) to 'g_inh_state_reg[97][31]'
INFO: [Synth 8-3886] merging instance 'g_inh_state_reg[96][30]' (FDRE) to 'g_inh_state_reg[96][31]'
INFO: [Synth 8-3886] merging instance 'g_inh_state_reg[95][30]' (FDRE) to 'g_inh_state_reg[95][31]'
INFO: [Synth 8-3886] merging instance 'g_inh_state_reg[94][30]' (FDRE) to 'g_inh_state_reg[94][31]'
INFO: [Synth 8-3886] merging instance 'g_inh_state_reg[93][30]' (FDRE) to 'g_inh_state_reg[93][31]'
INFO: [Synth 8-3886] merging instance 'g_inh_state_reg[92][30]' (FDRE) to 'g_inh_state_reg[92][31]'
INFO: [Synth 8-3886] merging instance 'g_inh_state_reg[91][30]' (FDRE) to 'g_inh_state_reg[91][31]'
INFO: [Synth 8-3886] merging instance 'g_inh_state_reg[90][30]' (FDRE) to 'g_inh_state_reg[90][31]'
INFO: [Synth 8-3886] merging instance 'g_inh_state_reg[89][30]' (FDRE) to 'g_inh_state_reg[89][31]'
INFO: [Synth 8-3886] merging instance 'g_inh_state_reg[88][30]' (FDRE) to 'g_inh_state_reg[88][31]'
INFO: [Synth 8-3886] merging instance 'g_inh_state_reg[87][30]' (FDRE) to 'g_inh_state_reg[87][31]'
INFO: [Synth 8-3886] merging instance 'g_inh_state_reg[86][30]' (FDRE) to 'g_inh_state_reg[86][31]'
INFO: [Synth 8-3886] merging instance 'g_inh_state_reg[85][30]' (FDRE) to 'g_inh_state_reg[85][31]'
INFO: [Synth 8-3886] merging instance 'g_inh_state_reg[84][30]' (FDRE) to 'g_inh_state_reg[84][31]'
INFO: [Synth 8-3886] merging instance 'g_inh_state_reg[83][30]' (FDRE) to 'g_inh_state_reg[83][31]'
INFO: [Synth 8-3886] merging instance 'g_inh_state_reg[82][30]' (FDRE) to 'g_inh_state_reg[82][31]'
INFO: [Synth 8-3886] merging instance 'g_inh_state_reg[81][30]' (FDRE) to 'g_inh_state_reg[81][31]'
INFO: [Synth 8-3886] merging instance 'g_inh_state_reg[80][30]' (FDRE) to 'g_inh_state_reg[80][31]'
INFO: [Synth 8-3886] merging instance 'g_inh_state_reg[79][30]' (FDRE) to 'g_inh_state_reg[79][31]'
INFO: [Synth 8-3886] merging instance 'g_inh_state_reg[78][30]' (FDRE) to 'g_inh_state_reg[78][31]'
INFO: [Synth 8-3886] merging instance 'g_inh_state_reg[77][30]' (FDRE) to 'g_inh_state_reg[77][31]'
INFO: [Synth 8-3886] merging instance 'g_inh_state_reg[76][30]' (FDRE) to 'g_inh_state_reg[76][31]'
INFO: [Synth 8-3886] merging instance 'g_inh_state_reg[75][30]' (FDRE) to 'g_inh_state_reg[75][31]'
INFO: [Synth 8-3886] merging instance 'g_inh_state_reg[74][30]' (FDRE) to 'g_inh_state_reg[74][31]'
INFO: [Synth 8-3886] merging instance 'g_inh_state_reg[73][30]' (FDRE) to 'g_inh_state_reg[73][31]'
INFO: [Synth 8-3886] merging instance 'g_inh_state_reg[72][30]' (FDRE) to 'g_inh_state_reg[72][31]'
INFO: [Synth 8-3886] merging instance 'g_inh_state_reg[71][30]' (FDRE) to 'g_inh_state_reg[71][31]'
INFO: [Synth 8-3886] merging instance 'g_inh_state_reg[70][30]' (FDRE) to 'g_inh_state_reg[70][31]'
INFO: [Synth 8-3886] merging instance 'g_inh_state_reg[69][30]' (FDRE) to 'g_inh_state_reg[69][31]'
INFO: [Synth 8-3886] merging instance 'g_inh_state_reg[68][30]' (FDRE) to 'g_inh_state_reg[68][31]'
INFO: [Synth 8-3886] merging instance 'g_inh_state_reg[67][30]' (FDRE) to 'g_inh_state_reg[67][31]'
INFO: [Synth 8-3886] merging instance 'g_inh_state_reg[66][30]' (FDRE) to 'g_inh_state_reg[66][31]'
INFO: [Synth 8-3886] merging instance 'g_inh_state_reg[65][30]' (FDRE) to 'g_inh_state_reg[65][31]'
INFO: [Synth 8-3886] merging instance 'g_inh_state_reg[64][30]' (FDRE) to 'g_inh_state_reg[64][31]'
INFO: [Synth 8-4471] merging register 'neuron_idx_reg[6:0]' into 'neuron_idx_reg[6:0]' [/home/fpga/worker_place/temp/temp/cda55adc8dc340a396cc52e010aca7fa/hdl/assign_labels_stream.sv:101]
INFO: [Synth 8-3886] merging instance 'div_dividend_reg[0]' (FDRE) to 'div_divisor_reg[1]'
INFO: [Synth 8-3886] merging instance 'div_dividend_reg[1]' (FDRE) to 'div_divisor_reg[2]'
INFO: [Synth 8-3886] merging instance 'div_dividend_reg[2]' (FDRE) to 'div_divisor_reg[3]'
INFO: [Synth 8-3886] merging instance 'div_dividend_reg[3]' (FDRE) to 'div_divisor_reg[4]'
INFO: [Synth 8-3886] merging instance 'div_dividend_reg[4]' (FDRE) to 'div_divisor_reg[5]'
INFO: [Synth 8-3886] merging instance 'div_dividend_reg[5]' (FDRE) to 'div_divisor_reg[6]'
INFO: [Synth 8-3886] merging instance 'div_dividend_reg[6]' (FDRE) to 'div_divisor_reg[7]'
INFO: [Synth 8-3886] merging instance 'div_dividend_reg[7]' (FDRE) to 'div_divisor_reg[8]'
INFO: [Synth 8-3886] merging instance 'div_dividend_reg[8]' (FDRE) to 'div_divisor_reg[9]'
INFO: [Synth 8-3886] merging instance 'div_dividend_reg[9]' (FDRE) to 'div_divisor_reg[10]'
INFO: [Synth 8-3886] merging instance 'div_dividend_reg[10]' (FDRE) to 'div_divisor_reg[11]'
INFO: [Synth 8-3886] merging instance 'div_dividend_reg[11]' (FDRE) to 'div_divisor_reg[12]'
INFO: [Synth 8-3886] merging instance 'div_dividend_reg[12]' (FDRE) to 'div_divisor_reg[13]'
INFO: [Synth 8-3886] merging instance 'div_dividend_reg[13]' (FDRE) to 'div_divisor_reg[14]'
INFO: [Synth 8-3886] merging instance 'div_dividend_reg[14]' (FDRE) to 'div_divisor_reg[15]'
---------------------------------------------------------------------------------
Finished Cross Boundary and Area Optimization : Time (s): cpu = 00:02:32 ; elapsed = 00:02:32 . Memory (MB): peak = 2861.668 ; gain = 1195.410 ; free physical = 14129 ; free virtual = 31745
---------------------------------------------------------------------------------
 Sort Area is top_level__GCB1 stream_state5_0 : 0 0 : 3137 5949 : Used 1 time 0
 Sort Area is top_level__GCB1 stream_state5_0 : 0 1 : 2812 5949 : Used 1 time 0
 Sort Area is top_level__GCB1 stream_state4_6 : 0 0 : 3119 5913 : Used 1 time 0
 Sort Area is top_level__GCB1 stream_state4_6 : 0 1 : 2794 5913 : Used 1 time 0
 Sort Area is top_level__GCB1 stream_state5_3 : 0 0 : 2793 5484 : Used 1 time 0
 Sort Area is top_level__GCB1 stream_state5_3 : 0 1 : 2691 5484 : Used 1 time 0
 Sort Area is top_level__GCB1 stream_state4_9 : 0 0 : 2777 5452 : Used 1 time 0
 Sort Area is top_level__GCB1 stream_state4_9 : 0 1 : 2675 5452 : Used 1 time 0
 Sort Area is pipeline_small__GB4 mul_result1_b : 0 0 : 2737 4918 : Used 1 time 0
 Sort Area is pipeline_small__GB4 mul_result1_b : 0 1 : 2181 4918 : Used 1 time 0
 Sort Area is pipeline_small__GB4 mul_result1_e : 0 0 : 2191 4062 : Used 1 time 0
 Sort Area is pipeline_small__GB4 mul_result1_e : 0 1 : 1871 4062 : Used 1 time 0
 Sort Area is pipeline_small__GB4 u_wmem/addr_from_return_0 : 0 0 : 529 529 : Used 1 time 0
 Sort Area is pipeline_small__GB4 u_wmem/addr_from_return_4 : 0 0 : 529 529 : Used 1 time 0
 Sort Area is pipeline_small__GB4 u_wmem/addr_from_return_5 : 0 0 : 529 529 : Used 1 time 0
 Sort Area is pipeline_small__GB4 u_wmem/addr_from_return_6 : 0 0 : 529 529 : Used 1 time 0
 Sort Area is pipeline_small__GB4 u_wmem/addr_from_return_7 : 0 0 : 529 529 : Used 1 time 0
 Sort Area is pipeline_small__GB4 u_wmem/addr_from_return_8 : 0 0 : 529 529 : Used 1 time 0
 Sort Area is pipeline_small__GB4 u_wmem/addr_from_return_9 : 0 0 : 529 529 : Used 1 time 0
 Sort Area is pipeline_small__GB4 u_wmem/addr_from_return_a : 0 0 : 529 529 : Used 1 time 0
 Sort Area is pipeline_small__GB4 u_wmem/dbg_addr_reg_rep_2 : 0 0 : 518 518 : Used 1 time 0
---------------------------------------------------------------------------------
Start ROM, RAM, DSP, Shift Register and Retiming Reporting
---------------------------------------------------------------------------------

Block RAM: Preliminary Mapping Report (see note below)
+--------------------+-------------------+------------------------+---+---+------------------------+---+---+------------------+--------+--------+
|Module Name         | RTL Object        | PORT A (Depth x Width) | W | R | PORT B (Depth x Width) | W | R | Ports driving FF | RAMB18 | RAMB36 | 
+--------------------+-------------------+------------------------+---+---+------------------------+---+---+------------------+--------+--------+
|pipeline_small__GB4 | delay_in_mem_reg  | 500 x 32(READ_FIRST)   | W |   | 500 x 32(WRITE_FIRST)  |   | R | Port A and B     | 1      | 0      | 
|pipeline_small__GB4 | delay_e2i_mem_reg | 200 x 32(READ_FIRST)   | W |   | 200 x 32(WRITE_FIRST)  |   | R | Port A and B     | 1      | 0      | 
|top_level           | labels_mem_reg    | 9 K x 4(READ_FIRST)    | W |   | 9 K x 4(WRITE_FIRST)   |   | R | Port A and B     | 0      | 2      | 
+--------------------+-------------------+------------------------+---+---+------------------------+---+---+------------------+--------+--------+

Note: The table above is a preliminary report that shows the Block RAMs at the current stage of the synthesis flow. Some Block RAMs may be reimplemented as non Block RAM primitives later in the synthesis flow. Multiple instantiated Block RAMs are reported only once. 

Distributed RAM: Preliminary Mapping Report (see note below)
+--------------------+---------------------+-----------+----------------------+--------------------------------------------------------+
|Module Name         | RTL Object          | Inference | Size (Depth x Width) | Primitives                                             | 
+--------------------+---------------------+-----------+----------------------+--------------------------------------------------------+
|pipeline_small__GB0 | x_exc_next_reg      | Implied   | 128 x 32             | RAM16X1D x 32 RAM32X1D x 32 RAM64X1D x 32 RAM64M x 66  | 
|pipeline_small__GB0 | theta_next_reg      | Implied   | 128 x 32             | RAM16X1S x 32 RAM32X1S x 32 RAM64X1S x 32              | 
|pipeline_small__GB1 | r_exc_next_reg      | Implied   | 128 x 32             | RAM16X1S x 32 RAM32X1S x 32 RAM64X1S x 32              | 
|pipeline_small__GB1 | vthr_next_reg       | Implied   | 128 x 32             | RAM16X1S x 32 RAM32X1S x 32 RAM64X1S x 32              | 
|pipeline_small__GB2 | v_inh_next_reg      | Implied   | 128 x 32             | RAM16X1S x 32 RAM32X1S x 32 RAM64X1S x 32              | 
|pipeline_small__GB2 | v_exc_next_reg      | Implied   | 128 x 32             | RAM16X1S x 32 RAM32X1S x 32 RAM64X1S x 32              | 
|pipeline_small__GB3 | g_in_state_next_reg | Implied   | 128 x 32             | RAM16X1S x 32 RAM32X1S x 32 RAM64X1S x 32              | 
|pipeline_small__GB3 | r_inh_next_reg      | Implied   | 128 x 32             | RAM16X1S x 32 RAM32X1S x 32 RAM64X1S x 32              | 
|pipeline_small__GB3 | refr_inh_next_reg   | Implied   | 128 x 16             | RAM16X1S x 16 RAM32X1S x 16 RAM64X1S x 16              | 
|pipeline_small__GB3 | refr_exc_next_reg   | Implied   | 128 x 16             | RAM16X1S x 16 RAM32X1S x 16 RAM64X1S x 16              | 
|pipeline_small__GB4 | u_wmem/mem0_reg     | Implied   | 32 K x 32            | RAM64M x 6754                                          | 
|pipeline_small__GB4 | u_wmem/mem1_reg     | Implied   | 32 K x 32            | RAM64M x 6754                                          | 
|pipeline_small__GB4 | u_wmem/mem2_reg     | Implied   | 32 K x 32            | RAM64M x 6754                                          | 
|pipeline_small__GB4 | u_wmem/mem3_reg     | Implied   | 32 K x 32            | RAM64M x 6754                                          | 
|pipeline_small__GB4 | g_exc_next_reg      | Implied   | 128 x 32             | RAM16X1S x 32 RAM32X1S x 32 RAM64X1S x 32              | 
|top_level           | bfifo_mem_reg       | Implied   | 2 K x 1              | RAM128X1D x 16                                         | 
|top_level           | fifo_mem_reg        | Implied   | 2 K x 8              | RAM64M x 96                                            | 
+--------------------+---------------------+-----------+----------------------+--------------------------------------------------------+

Note: The table above is a preliminary report that shows the Distributed RAMs at the current stage of the synthesis flow. Some Distributed RAMs may be reimplemented as non Distributed RAM primitives later in the synthesis flow. Multiple instantiated RAMs are reported only once.

DSP: Preliminary Mapping Report (see note below. The ' indicates corresponding REG is set)
+--------------------+------------------+--------+--------+--------+--------+--------+------+------+------+------+-------+------+------+
|Module Name         | DSP Mapping      | A Size | B Size | C Size | D Size | P Size | AREG | BREG | CREG | DREG | ADREG | MREG | PREG | 
+--------------------+------------------+--------+--------+--------+--------+--------+------+------+------+------+-------+------+------+
|top_level           | A2*B2            | 18     | 16     | -      | -      | 48     | 1    | 1    | -    | -    | -     | 0    | 0    | 
|top_level           | (PCIN>>17)+A2*B2 | 16     | 16     | -      | -      | 48     | 1    | 1    | -    | -    | -     | 0    | 0    | 
|top_level           | A2*B2            | 18     | 18     | -      | -      | 48     | 1    | 1    | -    | -    | -     | 0    | 0    | 
|top_level           | (PCIN>>17)+A2*B2 | 18     | 16     | -      | -      | 48     | 1    | 1    | -    | -    | -     | 0    | 0    | 
|top_level           | A2*B             | 18     | 16     | -      | -      | 48     | 1    | 0    | -    | -    | -     | 0    | 0    | 
|top_level           | (PCIN>>17)+A*B2  | 16     | 16     | -      | -      | 48     | 0    | 1    | -    | -    | -     | 0    | 0    | 
|top_level           | A*B2             | 18     | 18     | -      | -      | 48     | 0    | 1    | -    | -    | -     | 0    | 0    | 
|top_level           | (PCIN>>17)+A*B2  | 18     | 16     | -      | -      | 48     | 0    | 1    | -    | -    | -     | 0    | 0    | 
|pipeline_small__GB4 | C'+A2*(B:0x310)  | 15     | 11     | 11     | -      | 15     | 1    | 0    | 1    | -    | -     | 0    | 0    | 
|w_in_mem_4bank      | C+A*(B:0x310)    | 15     | 11     | 11     | -      | 15     | 0    | 0    | 0    | -    | -     | 0    | 1    | 
|pipeline_small__GB4 | C'+A2*(B:0x310)  | 15     | 11     | 11     | -      | 15     | 1    | 0    | 1    | -    | -     | 0    | 0    | 
|pipeline_small__GB4 | C'+A2*(B:0x310)  | 15     | 11     | 11     | -      | 15     | 1    | 0    | 1    | -    | -     | 0    | 0    | 
|pipeline_small__GB4 | C'+A2*(B:0x310)  | 15     | 11     | 11     | -      | 15     | 1    | 0    | 1    | -    | -     | 0    | 0    | 
|pipeline_small__GB4 | C'+A2*(B:0x310)  | 15     | 11     | 11     | -      | 15     | 1    | 0    | 1    | -    | -     | 0    | 0    | 
|pipeline_small__GB4 | C'+A2*(B:0x310)  | 15     | 11     | 11     | -      | 15     | 1    | 0    | 1    | -    | -     | 0    | 0    | 
|pipeline_small__GB4 | C'+A2*(B:0x310)  | 15     | 11     | 11     | -      | 15     | 1    | 0    | 1    | -    | -     | 0    | 0    | 
|pipeline_small__GB4 | C'+A2*(B:0x310)  | 15     | 11     | 11     | -      | 15     | 1    | 0    | 1    | -    | -     | 0    | 0    | 
|pipeline_small__GB4 | A2*B2            | 18     | 15     | -      | -      | 48     | 1    | 1    | -    | -    | -     | 0    | 0    | 
|pipeline_small__GB4 | (PCIN>>17)+A2*B  | 15     | 15     | -      | -      | 48     | 1    | 0    | -    | -    | -     | 0    | 0    | 
|pipeline_small__GB4 | A2*B2            | 18     | 18     | -      | -      | 48     | 1    | 1    | -    | -    | -     | 0    | 0    | 
|pipeline_small__GB4 | (PCIN>>17)+A2*B  | 18     | 15     | -      | -      | 48     | 1    | 0    | -    | -    | -     | 0    | 0    | 
+--------------------+------------------+--------+--------+--------+--------+--------+------+------+------+------+-------+------+------+

Note: The table above is a preliminary report that shows the DSPs inferred at the current stage of the synthesis flow. Some DSP may be reimplemented as non DSP primitives later in the synthesis flow. Multiple instantiated DSPs are reported only once.
---------------------------------------------------------------------------------
Finished ROM, RAM, DSP, Shift Register and Retiming Reporting
---------------------------------------------------------------------------------
---------------------------------------------------------------------------------
Start Applying XDC Timing Constraints
---------------------------------------------------------------------------------
---------------------------------------------------------------------------------
Finished Applying XDC Timing Constraints : Time (s): cpu = 00:02:40 ; elapsed = 00:02:39 . Memory (MB): peak = 3024.621 ; gain = 1358.363 ; free physical = 13146 ; free virtual = 30916
---------------------------------------------------------------------------------
---------------------------------------------------------------------------------
Start Timing Optimization
---------------------------------------------------------------------------------
---------------------------------------------------------------------------------
Finished Timing Optimization : Time (s): cpu = 00:02:57 ; elapsed = 00:02:57 . Memory (MB): peak = 3197.754 ; gain = 1531.496 ; free physical = 12977 ; free virtual = 30756
---------------------------------------------------------------------------------
---------------------------------------------------------------------------------
Start ROM, RAM, DSP, Shift Register and Retiming Reporting
---------------------------------------------------------------------------------

Block RAM: Final Mapping Report
+--------------------+-------------------+------------------------+---+---+------------------------+---+---+------------------+--------+--------+
|Module Name         | RTL Object        | PORT A (Depth x Width) | W | R | PORT B (Depth x Width) | W | R | Ports driving FF | RAMB18 | RAMB36 | 
+--------------------+-------------------+------------------------+---+---+------------------------+---+---+------------------+--------+--------+
|pipeline_small__GB4 | delay_in_mem_reg  | 500 x 32(READ_FIRST)   | W |   | 500 x 32(WRITE_FIRST)  |   | R | Port A and B     | 1      | 0      | 
|pipeline_small__GB4 | delay_e2i_mem_reg | 200 x 32(READ_FIRST)   | W |   | 200 x 32(WRITE_FIRST)  |   | R | Port A and B     | 1      | 0      | 
|top_level           | labels_mem_reg    | 9 K x 4(READ_FIRST)    | W |   | 9 K x 4(WRITE_FIRST)   |   | R | Port A and B     | 0      | 2      | 
+--------------------+-------------------+------------------------+---+---+------------------------+---+---+------------------+--------+--------+


Distributed RAM: Final Mapping Report
+--------------------+---------------------+-----------+----------------------+--------------------------------------------------------+
|Module Name         | RTL Object          | Inference | Size (Depth x Width) | Primitives                                             | 
+--------------------+---------------------+-----------+----------------------+--------------------------------------------------------+
|pipeline_small__GB0 | x_exc_next_reg      | Implied   | 128 x 32             | RAM16X1D x 32 RAM32X1D x 32 RAM64X1D x 32 RAM64M x 66  | 
|pipeline_small__GB0 | theta_next_reg      | Implied   | 128 x 32             | RAM16X1S x 32 RAM32X1S x 32 RAM64X1S x 32              | 
|pipeline_small__GB1 | r_exc_next_reg      | Implied   | 128 x 32             | RAM16X1S x 32 RAM32X1S x 32 RAM64X1S x 32              | 
|pipeline_small__GB1 | vthr_next_reg       | Implied   | 128 x 32             | RAM16X1S x 32 RAM32X1S x 32 RAM64X1S x 32              | 
|pipeline_small__GB2 | v_inh_next_reg      | Implied   | 128 x 32             | RAM16X1S x 32 RAM32X1S x 32 RAM64X1S x 32              | 
|pipeline_small__GB2 | v_exc_next_reg      | Implied   | 128 x 32             | RAM16X1S x 32 RAM32X1S x 32 RAM64X1S x 32              | 
|pipeline_small__GB3 | g_in_state_next_reg | Implied   | 128 x 32             | RAM16X1S x 32 RAM32X1S x 32 RAM64X1S x 32              | 
|pipeline_small__GB3 | r_inh_next_reg      | Implied   | 128 x 32             | RAM16X1S x 32 RAM32X1S x 32 RAM64X1S x 32              | 
|pipeline_small__GB3 | refr_inh_next_reg   | Implied   | 128 x 16             | RAM16X1S x 16 RAM32X1S x 16 RAM64X1S x 16              | 
|pipeline_small__GB3 | refr_exc_next_reg   | Implied   | 128 x 16             | RAM16X1S x 16 RAM32X1S x 16 RAM64X1S x 16              | 
|pipeline_small__GB4 | u_wmem/mem0_reg     | Implied   | 32 K x 32            | RAM64M x 6754                                          | 
|pipeline_small__GB4 | u_wmem/mem1_reg     | Implied   | 32 K x 32            | RAM64M x 6754                                          | 
|pipeline_small__GB4 | u_wmem/mem2_reg     | Implied   | 32 K x 32            | RAM64M x 6754                                          | 
|pipeline_small__GB4 | u_wmem/mem3_reg     | Implied   | 32 K x 32            | RAM64M x 6754                                          | 
|pipeline_small__GB4 | g_exc_next_reg      | Implied   | 128 x 32             | RAM16X1S x 32 RAM32X1S x 32 RAM64X1S x 32              | 
|top_level           | bfifo_mem_reg       | Implied   | 2 K x 1              | RAM128X1D x 16                                         | 
|top_level           | fifo_mem_reg        | Implied   | 2 K x 8              | RAM64M x 96                                            | 
+--------------------+---------------------+-----------+----------------------+--------------------------------------------------------+

---------------------------------------------------------------------------------
Finished ROM, RAM, DSP, Shift Register and Retiming Reporting
---------------------------------------------------------------------------------
---------------------------------------------------------------------------------
Start Technology Mapping
---------------------------------------------------------------------------------
INFO: [Synth 8-7052] The timing for the instance i_1/labels_mem_reg_0 (implemented as a Block RAM) might be sub-optimal as no optional output register could be merged into the ram block. Providing additional output register may help in improving timing.
INFO: [Synth 8-7052] The timing for the instance i_1/labels_mem_reg_1 (implemented as a Block RAM) might be sub-optimal as no optional output register could be merged into the ram block. Providing additional output register may help in improving timing.
INFO: [Synth 8-3333] propagating constant 0 across sequential element (u_pipeline_smalli_7/\u_pipeline_small/mem_w_data_reg[0][31] )
INFO: [Synth 8-3333] propagating constant 0 across sequential element (u_pipeline_smalli_7/\u_pipeline_small/mem_w_data_reg[1][31] )
INFO: [Synth 8-3333] propagating constant 0 across sequential element (u_pipeline_smalli_7/\u_pipeline_small/mem_w_data_reg[2][31] )
INFO: [Synth 8-3333] propagating constant 0 across sequential element (u_pipeline_smalli_7/\u_pipeline_small/mem_w_data_reg[3][31] )
INFO: [Synth 8-7052] The timing for the instance u_pipeline_smalli_7/u_pipeline_small/delay_in_mem_reg (implemented as a Block RAM) might be sub-optimal as no optional output register could be merged into the ram block. Providing additional output register may help in improving timing.
INFO: [Synth 8-7052] The timing for the instance u_pipeline_smalli_7/u_pipeline_small/delay_e2i_mem_reg (implemented as a Block RAM) might be sub-optimal as no optional output register could be merged into the ram block. Providing additional output register may help in improving timing.
---------------------------------------------------------------------------------
Finished Technology Mapping : Time (s): cpu = 00:03:15 ; elapsed = 00:03:17 . Memory (MB): peak = 3229.227 ; gain = 1562.969 ; free physical = 11321 ; free virtual = 29104
---------------------------------------------------------------------------------
---------------------------------------------------------------------------------
Start IO Insertion
---------------------------------------------------------------------------------
---------------------------------------------------------------------------------
Start Flattening Before IO Insertion
---------------------------------------------------------------------------------
---------------------------------------------------------------------------------
Finished Flattening Before IO Insertion
---------------------------------------------------------------------------------
---------------------------------------------------------------------------------
Start Final Netlist Cleanup
---------------------------------------------------------------------------------
INFO: [Synth 8-7052] The timing for the instance u_pipeline_small/delay_in_mem_reg (implemented as a Block RAM) might be sub-optimal as no optional output register could be merged into the ram block. Providing additional output register may help in improving timing.
INFO: [Synth 8-7052] The timing for the instance u_pipeline_small/delay_e2i_mem_reg (implemented as a Block RAM) might be sub-optimal as no optional output register could be merged into the ram block. Providing additional output register may help in improving timing.
INFO: [Synth 8-7052] The timing for the instance labels_mem_reg_0 (implemented as a Block RAM) might be sub-optimal as no optional output register could be merged into the ram block. Providing additional output register may help in improving timing.
INFO: [Synth 8-7052] The timing for the instance labels_mem_reg_1 (implemented as a Block RAM) might be sub-optimal as no optional output register could be merged into the ram block. Providing additional output register may help in improving timing.
---------------------------------------------------------------------------------
Finished Final Netlist Cleanup
---------------------------------------------------------------------------------
---------------------------------------------------------------------------------
Finished IO Insertion : Time (s): cpu = 00:03:33 ; elapsed = 00:03:36 . Memory (MB): peak = 3423.711 ; gain = 1757.453 ; free physical = 11027 ; free virtual = 28909
---------------------------------------------------------------------------------
---------------------------------------------------------------------------------
Start Renaming Generated Instances
---------------------------------------------------------------------------------
---------------------------------------------------------------------------------
Finished Renaming Generated Instances : Time (s): cpu = 00:03:34 ; elapsed = 00:03:37 . Memory (MB): peak = 3423.711 ; gain = 1757.453 ; free physical = 11027 ; free virtual = 28909
---------------------------------------------------------------------------------
---------------------------------------------------------------------------------
Start Rebuilding User Hierarchy
---------------------------------------------------------------------------------
---------------------------------------------------------------------------------
Finished Rebuilding User Hierarchy : Time (s): cpu = 00:03:41 ; elapsed = 00:03:44 . Memory (MB): peak = 3423.711 ; gain = 1757.453 ; free physical = 11033 ; free virtual = 28915
---------------------------------------------------------------------------------
---------------------------------------------------------------------------------
Start Renaming Generated Ports
---------------------------------------------------------------------------------
---------------------------------------------------------------------------------
Finished Renaming Generated Ports : Time (s): cpu = 00:03:41 ; elapsed = 00:03:44 . Memory (MB): peak = 3423.711 ; gain = 1757.453 ; free physical = 11033 ; free virtual = 28915
---------------------------------------------------------------------------------
---------------------------------------------------------------------------------
Start Handling Custom Attributes
---------------------------------------------------------------------------------
---------------------------------------------------------------------------------
Finished Handling Custom Attributes : Time (s): cpu = 00:03:42 ; elapsed = 00:03:45 . Memory (MB): peak = 3423.711 ; gain = 1757.453 ; free physical = 11036 ; free virtual = 28918
---------------------------------------------------------------------------------
---------------------------------------------------------------------------------
Start Renaming Generated Nets
---------------------------------------------------------------------------------
---------------------------------------------------------------------------------
Finished Renaming Generated Nets : Time (s): cpu = 00:03:42 ; elapsed = 00:03:45 . Memory (MB): peak = 3423.711 ; gain = 1757.453 ; free physical = 11036 ; free virtual = 28918
---------------------------------------------------------------------------------
---------------------------------------------------------------------------------
Start Writing Synthesis Report
---------------------------------------------------------------------------------

DSP Final Report (the ' indicates corresponding REG is set)
+--------------------+----------------+--------+--------+--------+--------+--------+------+------+------+------+-------+------+------+
|Module Name         | DSP Mapping    | A Size | B Size | C Size | D Size | P Size | AREG | BREG | CREG | DREG | ADREG | MREG | PREG | 
+--------------------+----------------+--------+--------+--------+--------+--------+------+------+------+------+-------+------+------+
|top_level           | A'*B'          | 17     | 15     | -      | -      | 48     | 1    | 1    | -    | -    | -     | 0    | 0    | 
|top_level           | A'*B'          | 17     | 17     | -      | -      | 48     | 1    | 1    | -    | -    | -     | 0    | 0    | 
|top_level           | PCIN>>17+A'*B' | 17     | 15     | -      | -      | 48     | 1    | 1    | -    | -    | -     | 0    | 0    | 
|top_level           | A'*B           | 17     | 15     | -      | -      | 48     | 1    | 0    | -    | -    | -     | 0    | 0    | 
|top_level           | A*B'           | 17     | 17     | -      | -      | 48     | 0    | 1    | -    | -    | -     | 0    | 0    | 
|top_level           | PCIN>>17+A*B'  | 0      | 15     | -      | -      | 48     | 0    | 1    | -    | -    | -     | 0    | 0    | 
|pipeline_small__GB4 | A'*B'          | 17     | 18     | -      | -      | 48     | 1    | 1    | -    | -    | -     | 0    | 0    | 
|pipeline_small__GB4 | A'*B'          | 17     | 17     | -      | -      | 48     | 1    | 1    | -    | -    | -     | 0    | 0    | 
|pipeline_small__GB4 | PCIN>>17+A*B'  | 0      | 18     | -      | -      | 48     | 0    | 1    | -    | -    | -     | 0    | 0    | 
|pipeline_small__GB4 | C'+A'*B        | 5      | 10     | 10     | -      | 15     | 1    | 0    | 1    | -    | -     | 0    | 0    | 
|pipeline_small__GB4 | C'+A'*B        | 5      | 10     | 10     | -      | 15     | 1    | 0    | 1    | -    | -     | 0    | 0    | 
|pipeline_small__GB4 | C'+A'*B        | 5      | 10     | 10     | -      | 15     | 1    | 0    | 1    | -    | -     | 0    | 0    | 
|pipeline_small__GB4 | C'+A'*B        | 5      | 10     | 10     | -      | 15     | 1    | 0    | 1    | -    | -     | 0    | 0    | 
|pipeline_small__GB4 | C'+A'*B        | 5      | 10     | 10     | -      | 15     | 1    | 0    | 1    | -    | -     | 0    | 0    | 
|pipeline_small__GB4 | C'+A'*B        | 5      | 10     | 10     | -      | 15     | 1    | 0    | 1    | -    | -     | 0    | 0    | 
|pipeline_small__GB4 | C'+A'*B        | 5      | 10     | 10     | -      | 15     | 1    | 0    | 1    | -    | -     | 0    | 0    | 
|pipeline_small__GB4 | C'+A'*B        | 5      | 10     | 10     | -      | 15     | 1    | 0    | 1    | -    | -     | 0    | 0    | 
+--------------------+----------------+--------+--------+--------+--------+--------+------+------+------+------+-------+------+------+


Report BlackBoxes: 
+-+--------------+----------+
| |BlackBox name |Instances |
+-+--------------+----------+
+-+--------------+----------+

Report Cell Usage: 
+------+----------+------+
|      |Cell      |Count |
+------+----------+------+
|1     |BUFG      |     2|
|2     |CARRY4    |  2252|
|3     |DSP48E1   |    17|
|7     |LUT1      |   463|
|8     |LUT2      |  3906|
|9     |LUT3      |  3580|
|10    |LUT4      | 13654|
|11    |LUT5      |  3514|
|12    |LUT6      | 58986|
|13    |MUXF7     | 20469|
|14    |MUXF8     |  9534|
|15    |RAM128X1D |    16|
|16    |RAM16X1D  |    32|
|17    |RAM16X1S  |   254|
|18    |RAM32X1D  |    32|
|19    |RAM32X1S  |   254|
|20    |RAM64M    | 13664|
|21    |RAM64X1D  |    32|
|22    |RAM64X1S  |   254|
|23    |RAMB18E1  |     2|
|24    |RAMB36E1  |     2|
|25    |FDRE      | 77143|
|26    |FDSE      |  4056|
|27    |IBUF      |     7|
|28    |OBUF      |    49|
+------+----------+------+
---------------------------------------------------------------------------------
Finished Writing Synthesis Report : Time (s): cpu = 00:03:42 ; elapsed = 00:03:45 . Memory (MB): peak = 3423.711 ; gain = 1757.453 ; free physical = 11038 ; free virtual = 28920
---------------------------------------------------------------------------------
Synthesis finished with 0 errors, 0 critical warnings and 111 warnings.
Synthesis Optimization Runtime : Time (s): cpu = 00:03:37 ; elapsed = 00:03:43 . Memory (MB): peak = 3427.625 ; gain = 1554.613 ; free physical = 18203 ; free virtual = 36085
Synthesis Optimization Complete : Time (s): cpu = 00:03:44 ; elapsed = 00:03:48 . Memory (MB): peak = 3427.625 ; gain = 1761.367 ; free physical = 18225 ; free virtual = 36086
INFO: [Project 1-571] Translating synthesized netlist
Netlist sorting complete. Time (s): cpu = 00:00:00.99 ; elapsed = 00:00:01 . Memory (MB): peak = 3427.625 ; gain = 0.000 ; free physical = 18226 ; free virtual = 36087
INFO: [Netlist 29-17] Analyzing 46814 Unisim elements for replacement
INFO: [Netlist 29-28] Unisim Transformation completed in 3 CPU seconds
INFO: [Project 1-570] Preparing netlist for logic optimization
Parsing XDC File [/home/fpga/worker_place/temp/temp/cda55adc8dc340a396cc52e010aca7fa/xdc/top_level.xdc]
WARNING: [Vivado 12-584] No ports matched 'pmoda[0]'. [/home/fpga/worker_place/temp/temp/cda55adc8dc340a396cc52e010aca7fa/xdc/top_level.xdc:93]
CRITICAL WARNING: [Common 17-55] 'set_property' expects at least one object. [/home/fpga/worker_place/temp/temp/cda55adc8dc340a396cc52e010aca7fa/xdc/top_level.xdc:93]
Resolution: If [get_<value>] was used to populate the object, check to make sure this command returns at least one valid object.
WARNING: [Vivado 12-584] No ports matched 'pmoda[1]'. [/home/fpga/worker_place/temp/temp/cda55adc8dc340a396cc52e010aca7fa/xdc/top_level.xdc:94]
CRITICAL WARNING: [Common 17-55] 'set_property' expects at least one object. [/home/fpga/worker_place/temp/temp/cda55adc8dc340a396cc52e010aca7fa/xdc/top_level.xdc:94]
Resolution: If [get_<value>] was used to populate the object, check to make sure this command returns at least one valid object.
WARNING: [Vivado 12-584] No ports matched 'pmoda[2]'. [/home/fpga/worker_place/temp/temp/cda55adc8dc340a396cc52e010aca7fa/xdc/top_level.xdc:95]
CRITICAL WARNING: [Common 17-55] 'set_property' expects at least one object. [/home/fpga/worker_place/temp/temp/cda55adc8dc340a396cc52e010aca7fa/xdc/top_level.xdc:95]
Resolution: If [get_<value>] was used to populate the object, check to make sure this command returns at least one valid object.
Finished Parsing XDC File [/home/fpga/worker_place/temp/temp/cda55adc8dc340a396cc52e010aca7fa/xdc/top_level.xdc]
INFO: [Opt 31-138] Pushed 0 inverter(s) to 0 load pin(s).
Netlist sorting complete. Time (s): cpu = 00:00:00.05 ; elapsed = 00:00:00.04 . Memory (MB): peak = 3445.656 ; gain = 0.000 ; free physical = 18217 ; free virtual = 36077
INFO: [Project 1-111] Unisim Transformation Summary:
  A total of 14538 instances were transformed.
  RAM128X1D => RAM128X1D (MUXF7(x2), RAMD64E(x4)): 16 instances
  RAM16X1D => RAM32X1D (RAMD32(x2)): 32 instances
  RAM16X1S => RAM32X1S (RAMS32): 254 instances
  RAM32X1D => RAM32X1D (RAMD32(x2)): 32 instances
  RAM32X1S => RAM32X1S (RAMS32): 254 instances
  RAM64M => RAM64M (RAMD64E(x4)): 13664 instances
  RAM64X1D => RAM64X1D (RAMD64E(x2)): 32 instances
  RAM64X1S => RAM64X1S (RAMS64E): 254 instances

Synth Design complete | Checksum: 1b937b26
INFO: [Common 17-83] Releasing license: Synthesis
1755 Infos, 205 Warnings, 6 Critical Warnings and 0 Errors encountered.
synth_design completed successfully
synth_design: Time (s): cpu = 00:04:10 ; elapsed = 00:04:14 . Memory (MB): peak = 3445.691 ; gain = 1926.621 ; free physical = 18219 ; free virtual = 36080
INFO: [Common 17-2834] synth_design peak Physical Memory [PSS] (MB): overall = 9968.411; main = 2861.652; forked = 7550.725
INFO: [Common 17-2834] synth_design peak Virtual Memory [VSS] (MB): overall = 15623.215; main = 3445.660; forked = 12199.500
# report_timing_summary -file $outputDir/post_synth_timing_summary.rpt
INFO: [Timing 38-35] Done setting XDC timing constraints.
INFO: [Timing 38-91] UpdateTimingParams: Speed grade: -1, Delay Type: min_max.
INFO: [Timing 38-191] Multithreading enabled for timing update using a maximum of 4 CPUs
report_timing_summary: Time (s): cpu = 00:00:29 ; elapsed = 00:00:13 . Memory (MB): peak = 3708.438 ; gain = 262.746 ; free physical = 17958 ; free virtual = 35819
# report_utilization -file $outputDir/post_synth_util.rpt -hierarchical -hierarchical_depth 4
# report_timing -file $outputDir/post_synth_timing.rpt
INFO: [Timing 38-91] UpdateTimingParams: Speed grade: -1, Delay Type: max.
INFO: [Timing 38-191] Multithreading enabled for timing update using a maximum of 4 CPUs
INFO: [Timing 38-78] ReportTimingParams: -max_paths 1 -nworst 1 -delay_type max -sort_by slack.
# opt_design
Command: opt_design
Attempting to get a license for feature 'Implementation' and/or device 'xc7s50'
INFO: [Common 17-349] Got license for feature 'Implementation' and/or device 'xc7s50'
Running DRC as a precondition to command opt_design

Starting DRC Task
INFO: [DRC 23-27] Running DRC with 4 threads
INFO: [Project 1-461] DRC finished with 0 Errors
INFO: [Project 1-462] Please refer to the DRC report (report_drc) for more information.

Time (s): cpu = 00:00:01 ; elapsed = 00:00:00.65 . Memory (MB): peak = 3776.453 ; gain = 50.945 ; free physical = 17930 ; free virtual = 35791

Starting Cache Timing Information Task
Ending Cache Timing Information Task | Checksum: 29473a49b

Time (s): cpu = 00:00:00.03 ; elapsed = 00:00:00.04 . Memory (MB): peak = 3776.453 ; gain = 0.000 ; free physical = 17930 ; free virtual = 35791

Starting Logic Optimization Task

Phase 1 Initialization

Phase 1.1 Core Generation And Design Setup
Phase 1.1 Core Generation And Design Setup | Checksum: 29473a49b

Time (s): cpu = 00:00:00.13 ; elapsed = 00:00:00.12 . Memory (MB): peak = 4018.391 ; gain = 0.000 ; free physical = 17664 ; free virtual = 35524

Phase 1.2 Setup Constraints And Sort Netlist
Phase 1.2 Setup Constraints And Sort Netlist | Checksum: 29473a49b

Time (s): cpu = 00:00:00.2 ; elapsed = 00:00:00.2 . Memory (MB): peak = 4018.391 ; gain = 0.000 ; free physical = 17664 ; free virtual = 35525
Phase 1 Initialization | Checksum: 29473a49b

Time (s): cpu = 00:00:00.22 ; elapsed = 00:00:00.21 . Memory (MB): peak = 4018.391 ; gain = 0.000 ; free physical = 17664 ; free virtual = 35525

Phase 2 Timer Update And Timing Data Collection

Phase 2.1 Timer Update
Phase 2.1 Timer Update | Checksum: 29473a49b

Time (s): cpu = 00:00:03 ; elapsed = 00:00:02 . Memory (MB): peak = 4018.391 ; gain = 0.000 ; free physical = 17666 ; free virtual = 35526

Phase 2.2 Timing Data Collection
Phase 2.2 Timing Data Collection | Checksum: 29473a49b

Time (s): cpu = 00:00:03 ; elapsed = 00:00:02 . Memory (MB): peak = 4018.391 ; gain = 0.000 ; free physical = 17666 ; free virtual = 35526
Phase 2 Timer Update And Timing Data Collection | Checksum: 29473a49b

Time (s): cpu = 00:00:03 ; elapsed = 00:00:02 . Memory (MB): peak = 4018.391 ; gain = 0.000 ; free physical = 17666 ; free virtual = 35526

Phase 3 Retarget
INFO: [Opt 31-1851] Number of loadless carry chains removed were: 0
INFO: [Opt 31-1834] Total Chains To Be Transformed Were: 0 AND Number of Transformed insts Created are: 0
INFO: [Opt 31-1566] Pulled 46 inverters resulting in an inversion of 1571 pins
INFO: [Opt 31-138] Pushed 1 inverter(s) to 2 load pin(s).
INFO: [Opt 31-49] Retargeted 0 cell(s).
Phase 3 Retarget | Checksum: 1d7417a78

Time (s): cpu = 00:00:05 ; elapsed = 00:00:03 . Memory (MB): peak = 4018.391 ; gain = 0.000 ; free physical = 17667 ; free virtual = 35527
Retarget | Checksum: 1d7417a78
INFO: [Opt 31-389] Phase Retarget created 0 cells and removed 73 cells

Phase 4 Constant propagation
INFO: [Opt 31-138] Pushed 0 inverter(s) to 0 load pin(s).
Phase 4 Constant propagation | Checksum: 1fc916aa9

Time (s): cpu = 00:00:06 ; elapsed = 00:00:04 . Memory (MB): peak = 4018.391 ; gain = 0.000 ; free physical = 17667 ; free virtual = 35527
Constant propagation | Checksum: 1fc916aa9
INFO: [Opt 31-389] Phase Constant propagation created 0 cells and removed 0 cells

Phase 5 Sweep
INFO: [Constraints 18-11670] Building netlist checker database with flags, 0x8
Done building netlist checker database: Time (s): cpu = 00:00:00.04 ; elapsed = 00:00:00.04 . Memory (MB): peak = 4018.391 ; gain = 0.000 ; free physical = 17667 ; free virtual = 35528
Phase 5 Sweep | Checksum: 201533308

Time (s): cpu = 00:00:07 ; elapsed = 00:00:06 . Memory (MB): peak = 4018.391 ; gain = 0.000 ; free physical = 17669 ; free virtual = 35529
Sweep | Checksum: 201533308
INFO: [Opt 31-389] Phase Sweep created 12 cells and removed 12 cells

Phase 6 BUFG optimization
INFO: [Opt 31-129] Inserted BUFG to drive high-fanout reset|set|enable net. BUFG cell: btn_IBUF[3]_BUFG_inst, Net: btn_IBUF[3]
Phase 6 BUFG optimization | Checksum: 1ef4b48d5

Time (s): cpu = 00:00:11 ; elapsed = 00:00:07 . Memory (MB): peak = 4050.406 ; gain = 32.016 ; free physical = 17673 ; free virtual = 35534
BUFG optimization | Checksum: 1ef4b48d5
INFO: [Opt 31-662] Phase BUFG optimization created 1 cells of which 1 are BUFGs and removed 0 cells.

Phase 7 Shift Register Optimization
INFO: [Opt 31-1064] SRL Remap converted 0 SRLs to 0 registers and converted 0 registers of register chains to 0 SRLs
Phase 7 Shift Register Optimization | Checksum: 1ef4b48d5

Time (s): cpu = 00:00:11 ; elapsed = 00:00:07 . Memory (MB): peak = 4050.406 ; gain = 32.016 ; free physical = 17673 ; free virtual = 35534
Shift Register Optimization | Checksum: 1ef4b48d5
INFO: [Opt 31-389] Phase Shift Register Optimization created 0 cells and removed 0 cells

Phase 8 Post Processing Netlist
Phase 8 Post Processing Netlist | Checksum: 1ef4b48d5

Time (s): cpu = 00:00:11 ; elapsed = 00:00:08 . Memory (MB): peak = 4050.406 ; gain = 32.016 ; free physical = 17673 ; free virtual = 35534
Post Processing Netlist | Checksum: 1ef4b48d5
INFO: [Opt 31-389] Phase Post Processing Netlist created 0 cells and removed 0 cells

Phase 9 Finalization

Phase 9.1 Finalizing Design Cores and Updating Shapes
Phase 9.1 Finalizing Design Cores and Updating Shapes | Checksum: 262aa374d

Time (s): cpu = 00:00:13 ; elapsed = 00:00:09 . Memory (MB): peak = 4050.406 ; gain = 32.016 ; free physical = 17674 ; free virtual = 35534

Phase 9.2 Verifying Netlist Connectivity

Starting Connectivity Check Task

Time (s): cpu = 00:00:00.16 ; elapsed = 00:00:00.16 . Memory (MB): peak = 4050.406 ; gain = 0.000 ; free physical = 17674 ; free virtual = 35534
Phase 9.2 Verifying Netlist Connectivity | Checksum: 262aa374d

Time (s): cpu = 00:00:13 ; elapsed = 00:00:10 . Memory (MB): peak = 4050.406 ; gain = 32.016 ; free physical = 17674 ; free virtual = 35534
Phase 9 Finalization | Checksum: 262aa374d

Time (s): cpu = 00:00:13 ; elapsed = 00:00:10 . Memory (MB): peak = 4050.406 ; gain = 32.016 ; free physical = 17674 ; free virtual = 35534
Opt_design Change Summary
=========================


-------------------------------------------------------------------------------------------------------------------------
|  Phase                        |  #Cells created  |  #Cells Removed  |  #Constrained objects preventing optimizations  |
-------------------------------------------------------------------------------------------------------------------------
|  Retarget                     |               0  |              73  |                                              0  |
|  Constant propagation         |               0  |               0  |                                              0  |
|  Sweep                        |              12  |              12  |                                              0  |
|  BUFG optimization            |               1  |               0  |                                              0  |
|  Shift Register Optimization  |               0  |               0  |                                              0  |
|  Post Processing Netlist      |               0  |               0  |                                              0  |
-------------------------------------------------------------------------------------------------------------------------


Ending Logic Optimization Task | Checksum: 262aa374d

Time (s): cpu = 00:00:13 ; elapsed = 00:00:10 . Memory (MB): peak = 4050.406 ; gain = 32.016 ; free physical = 17674 ; free virtual = 35534

Starting Power Optimization Task
INFO: [Pwropt 34-132] Skipping clock gating for clocks with a period < 2.00 ns.
INFO: [Timing 38-35] Done setting XDC timing constraints.
Running Vector-less Activity Propagation...

Finished Running Vector-less Activity Propagation
