#-----------------------------------------------------------
# Vivado v2025.1 (64-bit)
# SW Build 6140274 on Wed May 21 22:58:25 MDT 2025
# IP Build 6138677 on Thu May 22 03:10:11 MDT 2025
# SharedData Build 6139179 on Tue May 20 17:58:58 MDT 2025
# Start of session at: Tue Oct 14 20:36:40 2025
# Process ID         : 632170
# Current directory  : /home/fpga/worker_place/temp/temp/2f335536f8ae4a029501e48a270bbd96
# Command line       : vivado -mode batch -source build.tcl
# Log file           : /home/fpga/worker_place/temp/temp/2f335536f8ae4a029501e48a270bbd96/vivado.log
# Journal file       : /home/fpga/worker_place/temp/temp/2f335536f8ae4a029501e48a270bbd96/vivado.jou
# Running On         : eecs-digital-01
# Platform           : Ubuntu
# Operating System   : Ubuntu 24.04.3 LTS
# Processor Detail   : 13th Gen Intel(R) Core(TM) i7-13700
# CPU Frequency      : 800.000 MHz
# CPU Physical cores : 16
# CPU Logical cores  : 24
# Host memory        : 33325 MB
# Swap memory        : 8589 MB
# Total Virtual      : 41915 MB
# Available Virtual  : 40564 MB
#-----------------------------------------------------------
source build.tcl
# set_param general.maxThreads 4
# set partNum xc7s50csga324-1
# set outputDir obj
# file mkdir $outputDir
# set files [glob -nocomplain "$outputDir/*"]
# if {[llength $files] != 0} {
#     # clear folder contents
#     puts "deleting contents of $outputDir"
#     file delete -force {*}[glob -directory $outputDir *];
# } else {
#     puts "$outputDir is empty"
# }
obj is empty
# set sources_sv [ glob ./hdl/*.sv ]
# read_verilog -sv $sources_sv
# set sources_v [ glob -nocomplain ./hdl/*.v ]
# if {[llength $sources_v] > 0 } {
#     read_verilog $sources_v
# }
# read_xdc [ glob ./xdc/*.xdc ]
# set sources_mem [ glob -nocomplain ./data/*.mem ]
# if {[llength $sources_mem] > 0} {
#     read_mem $sources_mem
# }
# set_part $partNum
INFO: [Coretcl 2-1500] The part has been set to 'xc7s50csga324-1' for the current project only. Run set_part -help for more details. To evaluate different speed grades in the current design, use the set_speed_grade command, or use the open_checkpoint -part command to change the part used by an existing checkpoint design.
# set sources_ip [ glob -nocomplain -directory ./ip -tails * ]
# puts $sources_ip

# foreach ip_source $sources_ip {
#     if {[file isdirectory ./ip/$ip_source]} {
# 	read_ip ./ip/$ip_source/$ip_source.xci
#     }
# }
WARNING: [Coretcl 2-176] No IPs found
# generate_target all [get_ips]
WARNING: [Coretcl 2-176] No IPs found
# synth_ip [get_ips]
INFO: [Vivado 12-3441] generate_netlist_ip - operation complete
# synth_design -top top_level -part $partNum -verbose
Command: synth_design -top top_level -part xc7s50csga324-1 -verbose
Starting synth_design
Attempting to get a license for feature 'Synthesis' and/or device 'xc7s50'
INFO: [Common 17-349] Got license for feature 'Synthesis' and/or device 'xc7s50'
INFO: [Device 21-403] Loading part xc7s50csga324-1
INFO: [Synth 8-7079] Multithreading enabled for synth_design using a maximum of 4 processes.
INFO: [Synth 8-7078] Launching helper process for spawning children vivado processes
INFO: [Synth 8-7075] Helper process launched with PID 632205
---------------------------------------------------------------------------------
Starting RTL Elaboration : Time (s): cpu = 00:00:02 ; elapsed = 00:00:02 . Memory (MB): peak = 2110.168 ; gain = 438.742 ; free physical = 23359 ; free virtual = 37371
---------------------------------------------------------------------------------
WARNING: [Synth 8-6901] identifier 'TOTAL_PIXELS' is used before its declaration [/home/fpga/worker_place/temp/temp/2f335536f8ae4a029501e48a270bbd96/hdl/video_sig_gen.sv:17]
WARNING: [Synth 8-6901] identifier 'TOTAL_LINES' is used before its declaration [/home/fpga/worker_place/temp/temp/2f335536f8ae4a029501e48a270bbd96/hdl/video_sig_gen.sv:18]
INFO: [Synth 8-6157] synthesizing module 'top_level' [/home/fpga/worker_place/temp/temp/2f335536f8ae4a029501e48a270bbd96/hdl/top_level.sv:4]
INFO: [Synth 8-6157] synthesizing module 'cw_hdmi_clk_wiz' [/home/fpga/worker_place/temp/temp/2f335536f8ae4a029501e48a270bbd96/hdl/cw_hdmi_clk_wiz.v:69]
INFO: [Synth 8-6157] synthesizing module 'IBUF' [/tools/Xilinx/2025.1/Vivado/scripts/rt/data/unisim_comp.v:76868]
INFO: [Synth 8-6155] done synthesizing module 'IBUF' (0#1) [/tools/Xilinx/2025.1/Vivado/scripts/rt/data/unisim_comp.v:76868]
INFO: [Synth 8-6157] synthesizing module 'MMCME2_ADV' [/tools/Xilinx/2025.1/Vivado/scripts/rt/data/unisim_comp.v:89421]
	Parameter BANDWIDTH bound to: OPTIMIZED - type: string 
	Parameter CLKFBOUT_MULT_F bound to: 37.125000 - type: double 
	Parameter CLKFBOUT_PHASE bound to: 0.000000 - type: double 
	Parameter CLKFBOUT_USE_FINE_PS bound to: FALSE - type: string 
	Parameter CLKIN1_PERIOD bound to: 10.000000 - type: double 
	Parameter CLKOUT0_DIVIDE_F bound to: 10.000000 - type: double 
	Parameter CLKOUT0_DUTY_CYCLE bound to: 0.500000 - type: double 
	Parameter CLKOUT0_PHASE bound to: 0.000000 - type: double 
	Parameter CLKOUT0_USE_FINE_PS bound to: FALSE - type: string 
	Parameter CLKOUT1_DIVIDE bound to: 2 - type: integer 
	Parameter CLKOUT1_DUTY_CYCLE bound to: 0.500000 - type: double 
	Parameter CLKOUT1_PHASE bound to: 0.000000 - type: double 
	Parameter CLKOUT1_USE_FINE_PS bound to: FALSE - type: string 
	Parameter CLKOUT4_CASCADE bound to: FALSE - type: string 
	Parameter COMPENSATION bound to: ZHOLD - type: string 
	Parameter DIVCLK_DIVIDE bound to: 5 - type: integer 
	Parameter STARTUP_WAIT bound to: FALSE - type: string 
INFO: [Synth 8-6155] done synthesizing module 'MMCME2_ADV' (0#1) [/tools/Xilinx/2025.1/Vivado/scripts/rt/data/unisim_comp.v:89421]
INFO: [Synth 8-6157] synthesizing module 'BUFG' [/tools/Xilinx/2025.1/Vivado/scripts/rt/data/unisim_comp.v:2678]
INFO: [Synth 8-6155] done synthesizing module 'BUFG' (0#1) [/tools/Xilinx/2025.1/Vivado/scripts/rt/data/unisim_comp.v:2678]
INFO: [Synth 8-6155] done synthesizing module 'cw_hdmi_clk_wiz' (0#1) [/home/fpga/worker_place/temp/temp/2f335536f8ae4a029501e48a270bbd96/hdl/cw_hdmi_clk_wiz.v:69]
WARNING: [Synth 8-7071] port 'locked' of module 'cw_hdmi_clk_wiz' is unconnected for instance 'wizard_hdmi' [/home/fpga/worker_place/temp/temp/2f335536f8ae4a029501e48a270bbd96/hdl/top_level.sv:54]
WARNING: [Synth 8-7023] instance 'wizard_hdmi' of module 'cw_hdmi_clk_wiz' has 5 connections declared, but only 4 given [/home/fpga/worker_place/temp/temp/2f335536f8ae4a029501e48a270bbd96/hdl/top_level.sv:54]
INFO: [Synth 8-6157] synthesizing module 'cw_fast_clk_wiz' [/home/fpga/worker_place/temp/temp/2f335536f8ae4a029501e48a270bbd96/hdl/cw_fast_clk_wiz.v:71]
INFO: [Synth 8-6157] synthesizing module 'PLLE2_ADV' [/tools/Xilinx/2025.1/Vivado/scripts/rt/data/unisim_comp.v:124587]
	Parameter BANDWIDTH bound to: OPTIMIZED - type: string 
	Parameter CLKFBOUT_MULT bound to: 10 - type: integer 
	Parameter CLKFBOUT_PHASE bound to: 0.000000 - type: double 
	Parameter CLKIN1_PERIOD bound to: 10.000000 - type: double 
	Parameter CLKOUT0_DIVIDE bound to: 10 - type: integer 
	Parameter CLKOUT0_DUTY_CYCLE bound to: 0.500000 - type: double 
	Parameter CLKOUT0_PHASE bound to: 0.000000 - type: double 
	Parameter CLKOUT1_DIVIDE bound to: 5 - type: integer 
	Parameter CLKOUT1_DUTY_CYCLE bound to: 0.500000 - type: double 
	Parameter CLKOUT1_PHASE bound to: 0.000000 - type: double 
	Parameter CLKOUT2_DIVIDE bound to: 5 - type: integer 
	Parameter CLKOUT2_DUTY_CYCLE bound to: 0.500000 - type: double 
	Parameter CLKOUT2_PHASE bound to: 0.000000 - type: double 
	Parameter CLKOUT3_DIVIDE bound to: 40 - type: integer 
	Parameter CLKOUT3_DUTY_CYCLE bound to: 0.500000 - type: double 
	Parameter CLKOUT3_PHASE bound to: 0.000000 - type: double 
	Parameter COMPENSATION bound to: ZHOLD - type: string 
	Parameter DIVCLK_DIVIDE bound to: 1 - type: integer 
	Parameter STARTUP_WAIT bound to: FALSE - type: string 
INFO: [Synth 8-6155] done synthesizing module 'PLLE2_ADV' (0#1) [/tools/Xilinx/2025.1/Vivado/scripts/rt/data/unisim_comp.v:124587]
INFO: [Synth 8-6155] done synthesizing module 'cw_fast_clk_wiz' (0#1) [/home/fpga/worker_place/temp/temp/2f335536f8ae4a029501e48a270bbd96/hdl/cw_fast_clk_wiz.v:71]
WARNING: [Synth 8-7071] port 'clk_mig' of module 'cw_fast_clk_wiz' is unconnected for instance 'wizard_migcam' [/home/fpga/worker_place/temp/temp/2f335536f8ae4a029501e48a270bbd96/hdl/top_level.sv:61]
WARNING: [Synth 8-7023] instance 'wizard_migcam' of module 'cw_fast_clk_wiz' has 7 connections declared, but only 6 given [/home/fpga/worker_place/temp/temp/2f335536f8ae4a029501e48a270bbd96/hdl/top_level.sv:61]
INFO: [Synth 8-6157] synthesizing module 'pixel_reconstruct' [/home/fpga/worker_place/temp/temp/2f335536f8ae4a029501e48a270bbd96/hdl/pixel_reconstruct.sv:4]
INFO: [Synth 8-6155] done synthesizing module 'pixel_reconstruct' (0#1) [/home/fpga/worker_place/temp/temp/2f335536f8ae4a029501e48a270bbd96/hdl/pixel_reconstruct.sv:4]
INFO: [Synth 8-6157] synthesizing module 'xilinx_true_dual_port_read_first_2_clock_ram' [/home/fpga/worker_place/temp/temp/2f335536f8ae4a029501e48a270bbd96/hdl/xilinx_true_dual_port_read_first_2_clock_ram.v:10]
	Parameter RAM_WIDTH bound to: 16 - type: integer 
	Parameter RAM_DEPTH bound to: 57600 - type: integer 
INFO: [Synth 8-6155] done synthesizing module 'xilinx_true_dual_port_read_first_2_clock_ram' (0#1) [/home/fpga/worker_place/temp/temp/2f335536f8ae4a029501e48a270bbd96/hdl/xilinx_true_dual_port_read_first_2_clock_ram.v:10]
INFO: [Synth 8-6157] synthesizing module 'rgb_to_ycrcb' [/home/fpga/worker_place/temp/temp/2f335536f8ae4a029501e48a270bbd96/hdl/rgb_to_ycrcb.sv:59]
INFO: [Synth 8-6155] done synthesizing module 'rgb_to_ycrcb' (0#1) [/home/fpga/worker_place/temp/temp/2f335536f8ae4a029501e48a270bbd96/hdl/rgb_to_ycrcb.sv:59]
WARNING: [Synth 8-689] width (8) of port connection 'r' does not match port width (10) of module 'rgb_to_ycrcb' [/home/fpga/worker_place/temp/temp/2f335536f8ae4a029501e48a270bbd96/hdl/top_level.sv:255]
WARNING: [Synth 8-689] width (8) of port connection 'g' does not match port width (10) of module 'rgb_to_ycrcb' [/home/fpga/worker_place/temp/temp/2f335536f8ae4a029501e48a270bbd96/hdl/top_level.sv:256]
WARNING: [Synth 8-689] width (8) of port connection 'b' does not match port width (10) of module 'rgb_to_ycrcb' [/home/fpga/worker_place/temp/temp/2f335536f8ae4a029501e48a270bbd96/hdl/top_level.sv:257]
INFO: [Synth 8-6157] synthesizing module 'channel_select' [/home/fpga/worker_place/temp/temp/2f335536f8ae4a029501e48a270bbd96/hdl/channel_select.sv:6]
INFO: [Synth 8-226] default block is never used [/home/fpga/worker_place/temp/temp/2f335536f8ae4a029501e48a270bbd96/hdl/channel_select.sv:13]
INFO: [Synth 8-6155] done synthesizing module 'channel_select' (0#1) [/home/fpga/worker_place/temp/temp/2f335536f8ae4a029501e48a270bbd96/hdl/channel_select.sv:6]
INFO: [Synth 8-6157] synthesizing module 'threshold' [/home/fpga/worker_place/temp/temp/2f335536f8ae4a029501e48a270bbd96/hdl/threshold.sv:7]
INFO: [Synth 8-6155] done synthesizing module 'threshold' (0#1) [/home/fpga/worker_place/temp/temp/2f335536f8ae4a029501e48a270bbd96/hdl/threshold.sv:7]
INFO: [Synth 8-6157] synthesizing module 'lab05_ssc' [/home/fpga/worker_place/temp/temp/2f335536f8ae4a029501e48a270bbd96/hdl/lab05_ssc.sv:4]
INFO: [Synth 8-6157] synthesizing module 'bto7s' [/home/fpga/worker_place/temp/temp/2f335536f8ae4a029501e48a270bbd96/hdl/lab05_ssc.sv:96]
INFO: [Synth 8-6155] done synthesizing module 'bto7s' (0#1) [/home/fpga/worker_place/temp/temp/2f335536f8ae4a029501e48a270bbd96/hdl/lab05_ssc.sv:96]
INFO: [Synth 8-6155] done synthesizing module 'lab05_ssc' (0#1) [/home/fpga/worker_place/temp/temp/2f335536f8ae4a029501e48a270bbd96/hdl/lab05_ssc.sv:4]
INFO: [Synth 8-6157] synthesizing module 'center_of_mass' [/home/fpga/worker_place/temp/temp/2f335536f8ae4a029501e48a270bbd96/hdl/center_of_mass.sv:2]
INFO: [Synth 8-6157] synthesizing module 'divider' [/home/fpga/worker_place/temp/temp/2f335536f8ae4a029501e48a270bbd96/hdl/divider.sv:4]
	Parameter WIDTH bound to: 32 - type: integer 
INFO: [Synth 8-155] case statement is not full and has no default [/home/fpga/worker_place/temp/temp/2f335536f8ae4a029501e48a270bbd96/hdl/divider.sv:34]
INFO: [Synth 8-6155] done synthesizing module 'divider' (0#1) [/home/fpga/worker_place/temp/temp/2f335536f8ae4a029501e48a270bbd96/hdl/divider.sv:4]
INFO: [Synth 8-6155] done synthesizing module 'center_of_mass' (0#1) [/home/fpga/worker_place/temp/temp/2f335536f8ae4a029501e48a270bbd96/hdl/center_of_mass.sv:2]
INFO: [Synth 8-6157] synthesizing module 'image_sprite' [/home/fpga/worker_place/temp/temp/2f335536f8ae4a029501e48a270bbd96/hdl/image_sprite.sv:10]
	Parameter WIDTH bound to: 256 - type: integer 
	Parameter HEIGHT bound to: 256 - type: integer 
INFO: [Synth 8-6157] synthesizing module 'xilinx_single_port_ram_read_first' [/home/fpga/worker_place/temp/temp/2f335536f8ae4a029501e48a270bbd96/hdl/xilinx_single_port_ram_read_first.v:10]
	Parameter RAM_WIDTH bound to: 8 - type: integer 
	Parameter RAM_DEPTH bound to: 65536 - type: integer 
	Parameter RAM_PERFORMANCE bound to: HIGH_PERFORMANCE - type: string 
	Parameter INIT_FILE bound to: image.mem - type: string 
INFO: [Synth 8-3876] $readmem data file 'image.mem' is read successfully [/home/fpga/worker_place/temp/temp/2f335536f8ae4a029501e48a270bbd96/hdl/xilinx_single_port_ram_read_first.v:33]
INFO: [Synth 8-6155] done synthesizing module 'xilinx_single_port_ram_read_first' (0#1) [/home/fpga/worker_place/temp/temp/2f335536f8ae4a029501e48a270bbd96/hdl/xilinx_single_port_ram_read_first.v:10]
WARNING: [Synth 8-689] width (1) of port connection 'dina' does not match port width (8) of module 'xilinx_single_port_ram_read_first' [/home/fpga/worker_place/temp/temp/2f335536f8ae4a029501e48a270bbd96/hdl/image_sprite.sv:82]
INFO: [Synth 8-6157] synthesizing module 'xilinx_single_port_ram_read_first__parameterized0' [/home/fpga/worker_place/temp/temp/2f335536f8ae4a029501e48a270bbd96/hdl/xilinx_single_port_ram_read_first.v:10]
	Parameter RAM_WIDTH bound to: 24 - type: integer 
	Parameter RAM_DEPTH bound to: 256 - type: integer 
	Parameter RAM_PERFORMANCE bound to: HIGH_PERFORMANCE - type: string 
	Parameter INIT_FILE bound to: palette.mem - type: string 
INFO: [Synth 8-3876] $readmem data file 'palette.mem' is read successfully [/home/fpga/worker_place/temp/temp/2f335536f8ae4a029501e48a270bbd96/hdl/xilinx_single_port_ram_read_first.v:33]
INFO: [Synth 8-6155] done synthesizing module 'xilinx_single_port_ram_read_first__parameterized0' (0#1) [/home/fpga/worker_place/temp/temp/2f335536f8ae4a029501e48a270bbd96/hdl/xilinx_single_port_ram_read_first.v:10]
WARNING: [Synth 8-689] width (1) of port connection 'dina' does not match port width (24) of module 'xilinx_single_port_ram_read_first__parameterized0' [/home/fpga/worker_place/temp/temp/2f335536f8ae4a029501e48a270bbd96/hdl/image_sprite.sv:98]
INFO: [Synth 8-6155] done synthesizing module 'image_sprite' (0#1) [/home/fpga/worker_place/temp/temp/2f335536f8ae4a029501e48a270bbd96/hdl/image_sprite.sv:10]
WARNING: [Synth 8-689] width (32) of port connection 'x' does not match port width (11) of module 'image_sprite' [/home/fpga/worker_place/temp/temp/2f335536f8ae4a029501e48a270bbd96/hdl/top_level.sv:428]
WARNING: [Synth 8-689] width (32) of port connection 'y' does not match port width (10) of module 'image_sprite' [/home/fpga/worker_place/temp/temp/2f335536f8ae4a029501e48a270bbd96/hdl/top_level.sv:429]
INFO: [Synth 8-6157] synthesizing module 'video_sig_gen' [/home/fpga/worker_place/temp/temp/2f335536f8ae4a029501e48a270bbd96/hdl/video_sig_gen.sv:3]
INFO: [Synth 8-6155] done synthesizing module 'video_sig_gen' (0#1) [/home/fpga/worker_place/temp/temp/2f335536f8ae4a029501e48a270bbd96/hdl/video_sig_gen.sv:3]
WARNING: [Synth 8-324] index 4 out of range [/home/fpga/worker_place/temp/temp/2f335536f8ae4a029501e48a270bbd96/hdl/top_level.sv:526]
WARNING: [Synth 8-324] index 4 out of range [/home/fpga/worker_place/temp/temp/2f335536f8ae4a029501e48a270bbd96/hdl/top_level.sv:526]
WARNING: [Synth 8-324] index 5 out of range [/home/fpga/worker_place/temp/temp/2f335536f8ae4a029501e48a270bbd96/hdl/top_level.sv:526]
INFO: [Synth 8-6157] synthesizing module 'video_mux' [/home/fpga/worker_place/temp/temp/2f335536f8ae4a029501e48a270bbd96/hdl/video_mux.sv:4]
INFO: [Synth 8-6155] done synthesizing module 'video_mux' (0#1) [/home/fpga/worker_place/temp/temp/2f335536f8ae4a029501e48a270bbd96/hdl/video_mux.sv:4]
INFO: [Synth 8-6157] synthesizing module 'tmds_encoder' [/home/fpga/worker_place/temp/temp/2f335536f8ae4a029501e48a270bbd96/hdl/tmds_encoder.sv:4]
INFO: [Synth 8-6157] synthesizing module 'tm_choice' [/home/fpga/worker_place/temp/temp/2f335536f8ae4a029501e48a270bbd96/hdl/tm_choice.sv:1]
INFO: [Synth 8-6155] done synthesizing module 'tm_choice' (0#1) [/home/fpga/worker_place/temp/temp/2f335536f8ae4a029501e48a270bbd96/hdl/tm_choice.sv:1]
INFO: [Synth 8-294] found qualifier unique on case statement: implementing as parallel_case [/home/fpga/worker_place/temp/temp/2f335536f8ae4a029501e48a270bbd96/hdl/tmds_encoder.sv:31]
INFO: [Synth 8-6155] done synthesizing module 'tmds_encoder' (0#1) [/home/fpga/worker_place/temp/temp/2f335536f8ae4a029501e48a270bbd96/hdl/tmds_encoder.sv:4]
INFO: [Synth 8-6157] synthesizing module 'tmds_serializer' [/home/fpga/worker_place/temp/temp/2f335536f8ae4a029501e48a270bbd96/hdl/tmds_serializer.sv:4]
INFO: [Synth 8-6157] synthesizing module 'OSERDESE2' [/tools/Xilinx/2025.1/Vivado/scripts/rt/data/unisim_comp.v:108512]
	Parameter DATA_RATE_OQ bound to: DDR - type: string 
	Parameter DATA_RATE_TQ bound to: SDR - type: string 
	Parameter DATA_WIDTH bound to: 10 - type: integer 
	Parameter SERDES_MODE bound to: MASTER - type: string 
	Parameter TBYTE_CTL bound to: FALSE - type: string 
	Parameter TBYTE_SRC bound to: FALSE - type: string 
	Parameter TRISTATE_WIDTH bound to: 1 - type: integer 
INFO: [Synth 8-6155] done synthesizing module 'OSERDESE2' (0#1) [/tools/Xilinx/2025.1/Vivado/scripts/rt/data/unisim_comp.v:108512]
INFO: [Synth 8-6157] synthesizing module 'OSERDESE2__parameterized0' [/tools/Xilinx/2025.1/Vivado/scripts/rt/data/unisim_comp.v:108512]
	Parameter DATA_RATE_OQ bound to: DDR - type: string 
	Parameter DATA_RATE_TQ bound to: SDR - type: string 
	Parameter DATA_WIDTH bound to: 10 - type: integer 
	Parameter SERDES_MODE bound to: SLAVE - type: string 
	Parameter TBYTE_CTL bound to: FALSE - type: string 
	Parameter TBYTE_SRC bound to: FALSE - type: string 
	Parameter TRISTATE_WIDTH bound to: 1 - type: integer 
INFO: [Synth 8-6155] done synthesizing module 'OSERDESE2__parameterized0' (0#1) [/tools/Xilinx/2025.1/Vivado/scripts/rt/data/unisim_comp.v:108512]
INFO: [Synth 8-6155] done synthesizing module 'tmds_serializer' (0#1) [/home/fpga/worker_place/temp/temp/2f335536f8ae4a029501e48a270bbd96/hdl/tmds_serializer.sv:4]
INFO: [Synth 8-6157] synthesizing module 'OBUFDS' [/tools/Xilinx/2025.1/Vivado/scripts/rt/data/unisim_comp.v:104275]
INFO: [Synth 8-6155] done synthesizing module 'OBUFDS' (0#1) [/tools/Xilinx/2025.1/Vivado/scripts/rt/data/unisim_comp.v:104275]
INFO: [Synth 8-6157] synthesizing module 'xilinx_single_port_ram_read_first__parameterized1' [/home/fpga/worker_place/temp/temp/2f335536f8ae4a029501e48a270bbd96/hdl/xilinx_single_port_ram_read_first.v:10]
	Parameter RAM_WIDTH bound to: 24 - type: integer 
	Parameter RAM_DEPTH bound to: 256 - type: integer 
	Parameter RAM_PERFORMANCE bound to: HIGH_PERFORMANCE - type: string 
	Parameter INIT_FILE bound to: rom.mem - type: string 
INFO: [Synth 8-3876] $readmem data file 'rom.mem' is read successfully [/home/fpga/worker_place/temp/temp/2f335536f8ae4a029501e48a270bbd96/hdl/xilinx_single_port_ram_read_first.v:33]
INFO: [Synth 8-6155] done synthesizing module 'xilinx_single_port_ram_read_first__parameterized1' (0#1) [/home/fpga/worker_place/temp/temp/2f335536f8ae4a029501e48a270bbd96/hdl/xilinx_single_port_ram_read_first.v:10]
INFO: [Synth 8-6157] synthesizing module 'IOBUF' [/tools/Xilinx/2025.1/Vivado/scripts/rt/data/unisim_comp.v:81434]
INFO: [Synth 8-6155] done synthesizing module 'IOBUF' (0#1) [/tools/Xilinx/2025.1/Vivado/scripts/rt/data/unisim_comp.v:81434]
INFO: [Synth 8-6157] synthesizing module 'camera_registers' [/home/fpga/worker_place/temp/temp/2f335536f8ae4a029501e48a270bbd96/hdl/camera_registers.sv:4]
INFO: [Synth 8-6157] synthesizing module 'addr_increment' [/home/fpga/worker_place/temp/temp/2f335536f8ae4a029501e48a270bbd96/hdl/camera_registers.sv:233]
	Parameter ROLLOVER bound to: 256 - type: integer 
INFO: [Synth 8-6155] done synthesizing module 'addr_increment' (0#1) [/home/fpga/worker_place/temp/temp/2f335536f8ae4a029501e48a270bbd96/hdl/camera_registers.sv:233]
INFO: [Synth 8-155] case statement is not full and has no default [/home/fpga/worker_place/temp/temp/2f335536f8ae4a029501e48a270bbd96/hdl/camera_registers.sv:78]
INFO: [Synth 8-6157] synthesizing module 'i2c_master' [/home/fpga/worker_place/temp/temp/2f335536f8ae4a029501e48a270bbd96/hdl/i2c_master.v:32]
INFO: [Synth 8-155] case statement is not full and has no default [/home/fpga/worker_place/temp/temp/2f335536f8ae4a029501e48a270bbd96/hdl/i2c_master.v:329]
INFO: [Synth 8-155] case statement is not full and has no default [/home/fpga/worker_place/temp/temp/2f335536f8ae4a029501e48a270bbd96/hdl/i2c_master.v:634]
INFO: [Synth 8-6155] done synthesizing module 'i2c_master' (0#1) [/home/fpga/worker_place/temp/temp/2f335536f8ae4a029501e48a270bbd96/hdl/i2c_master.v:32]
WARNING: [Synth 8-7071] port 'm_axis_data_tdata' of module 'i2c_master' is unconnected for instance 'sccb_c' [/home/fpga/worker_place/temp/temp/2f335536f8ae4a029501e48a270bbd96/hdl/camera_registers.sv:197]
WARNING: [Synth 8-7071] port 'm_axis_data_tvalid' of module 'i2c_master' is unconnected for instance 'sccb_c' [/home/fpga/worker_place/temp/temp/2f335536f8ae4a029501e48a270bbd96/hdl/camera_registers.sv:197]
WARNING: [Synth 8-7071] port 'm_axis_data_tlast' of module 'i2c_master' is unconnected for instance 'sccb_c' [/home/fpga/worker_place/temp/temp/2f335536f8ae4a029501e48a270bbd96/hdl/camera_registers.sv:197]
WARNING: [Synth 8-7071] port 'stop_on_idle' of module 'i2c_master' is unconnected for instance 'sccb_c' [/home/fpga/worker_place/temp/temp/2f335536f8ae4a029501e48a270bbd96/hdl/camera_registers.sv:197]
WARNING: [Synth 8-7023] instance 'sccb_c' of module 'i2c_master' has 30 connections declared, but only 26 given [/home/fpga/worker_place/temp/temp/2f335536f8ae4a029501e48a270bbd96/hdl/camera_registers.sv:197]
INFO: [Synth 8-6155] done synthesizing module 'camera_registers' (0#1) [/home/fpga/worker_place/temp/temp/2f335536f8ae4a029501e48a270bbd96/hdl/camera_registers.sv:4]
INFO: [Synth 8-6155] done synthesizing module 'top_level' (0#1) [/home/fpga/worker_place/temp/temp/2f335536f8ae4a029501e48a270bbd96/hdl/top_level.sv:4]
WARNING: [Synth 8-6014] Unused sequential element last_sampled_vs_reg was removed.  [/home/fpga/worker_place/temp/temp/2f335536f8ae4a029501e48a270bbd96/hdl/pixel_reconstruct.sv:61]
WARNING: [Synth 8-6014] Unused sequential element last_sampled_data_reg was removed.  [/home/fpga/worker_place/temp/temp/2f335536f8ae4a029501e48a270bbd96/hdl/pixel_reconstruct.sv:62]
WARNING: [Synth 8-6014] Unused sequential element hs_now_reg was removed.  [/home/fpga/worker_place/temp/temp/2f335536f8ae4a029501e48a270bbd96/hdl/pixel_reconstruct.sv:80]
WARNING: [Synth 8-6014] Unused sequential element vs_now_reg was removed.  [/home/fpga/worker_place/temp/temp/2f335536f8ae4a029501e48a270bbd96/hdl/pixel_reconstruct.sv:81]
WARNING: [Synth 8-6014] Unused sequential element will_emit_pixel_reg was removed.  [/home/fpga/worker_place/temp/temp/2f335536f8ae4a029501e48a270bbd96/hdl/pixel_reconstruct.sv:96]
WARNING: [Synth 8-3936] Found unconnected internal register 'cb1_reg' and it is trimmed from '22' to '20' bits. [/home/fpga/worker_place/temp/temp/2f335536f8ae4a029501e48a270bbd96/hdl/rgb_to_ycrcb.sv:110]
WARNING: [Synth 8-3936] Found unconnected internal register 'cr1_reg' and it is trimmed from '22' to '20' bits. [/home/fpga/worker_place/temp/temp/2f335536f8ae4a029501e48a270bbd96/hdl/rgb_to_ycrcb.sv:101]
WARNING: [Synth 8-3936] Found unconnected internal register 'y1_reg' and it is trimmed from '22' to '20' bits. [/home/fpga/worker_place/temp/temp/2f335536f8ae4a029501e48a270bbd96/hdl/rgb_to_ycrcb.sv:92]
WARNING: [Synth 8-6014] Unused sequential element ones8_reg was removed.  [/home/fpga/worker_place/temp/temp/2f335536f8ae4a029501e48a270bbd96/hdl/tmds_encoder.sv:44]
WARNING: [Synth 8-6014] Unused sequential element rd_next_reg was removed.  [/home/fpga/worker_place/temp/temp/2f335536f8ae4a029501e48a270bbd96/hdl/tmds_encoder.sv:50]
WARNING: [Synth 8-6014] Unused sequential element out_next_reg was removed.  [/home/fpga/worker_place/temp/temp/2f335536f8ae4a029501e48a270bbd96/hdl/tmds_encoder.sv:47]
WARNING: [Synth 8-6014] Unused sequential element rollover_out_reg was removed.  [/home/fpga/worker_place/temp/temp/2f335536f8ae4a029501e48a270bbd96/hdl/camera_registers.sv:258]
WARNING: [Synth 8-6014] Unused sequential element last_scl_i_reg_reg was removed.  [/home/fpga/worker_place/temp/temp/2f335536f8ae4a029501e48a270bbd96/hdl/i2c_master.v:285]
WARNING: [Synth 8-3917] design top_level has port led[15] driven by constant 0
WARNING: [Synth 8-3917] design top_level has port led[14] driven by constant 0
WARNING: [Synth 8-3917] design top_level has port led[13] driven by constant 0
WARNING: [Synth 8-3917] design top_level has port led[12] driven by constant 0
WARNING: [Synth 8-3917] design top_level has port led[11] driven by constant 0
WARNING: [Synth 8-3917] design top_level has port led[10] driven by constant 0
WARNING: [Synth 8-3917] design top_level has port led[9] driven by constant 0
WARNING: [Synth 8-3917] design top_level has port led[8] driven by constant 0
WARNING: [Synth 8-3917] design top_level has port led[7] driven by constant 0
WARNING: [Synth 8-3917] design top_level has port led[6] driven by constant 0
WARNING: [Synth 8-3917] design top_level has port led[5] driven by constant 0
WARNING: [Synth 8-3917] design top_level has port rgb0[1] driven by constant 0
WARNING: [Synth 8-3917] design top_level has port rgb1[2] driven by constant 0
WARNING: [Synth 8-3917] design top_level has port rgb1[1] driven by constant 0
WARNING: [Synth 8-3917] design top_level has port rgb1[0] driven by constant 0
WARNING: [Synth 8-7129] Port btn[3] in module top_level is either unconnected or has no load
---------------------------------------------------------------------------------
Finished RTL Elaboration : Time (s): cpu = 00:00:05 ; elapsed = 00:00:05 . Memory (MB): peak = 2301.770 ; gain = 630.344 ; free physical = 23131 ; free virtual = 37145
---------------------------------------------------------------------------------
---------------------------------------------------------------------------------
Start Handling Custom Attributes
---------------------------------------------------------------------------------
---------------------------------------------------------------------------------
Finished Handling Custom Attributes : Time (s): cpu = 00:00:05 ; elapsed = 00:00:05 . Memory (MB): peak = 2301.770 ; gain = 630.344 ; free physical = 23131 ; free virtual = 37145
---------------------------------------------------------------------------------
---------------------------------------------------------------------------------
Finished RTL Optimization Phase 1 : Time (s): cpu = 00:00:05 ; elapsed = 00:00:05 . Memory (MB): peak = 2301.770 ; gain = 630.344 ; free physical = 23131 ; free virtual = 37145
---------------------------------------------------------------------------------
Netlist sorting complete. Time (s): cpu = 00:00:00.01 ; elapsed = 00:00:00.02 . Memory (MB): peak = 2301.770 ; gain = 0.000 ; free physical = 23131 ; free virtual = 37145
INFO: [Netlist 29-17] Analyzing 8 Unisim elements for replacement
INFO: [Netlist 29-28] Unisim Transformation completed in 0 CPU seconds
INFO: [Project 1-570] Preparing netlist for logic optimization

Processing XDC Constraints
Initializing timing engine
Parsing XDC File [/home/fpga/worker_place/temp/temp/2f335536f8ae4a029501e48a270bbd96/xdc/top_level.xdc]
Finished Parsing XDC File [/home/fpga/worker_place/temp/temp/2f335536f8ae4a029501e48a270bbd96/xdc/top_level.xdc]
INFO: [Project 1-236] Implementation specific constraints were found while reading constraint file [/home/fpga/worker_place/temp/temp/2f335536f8ae4a029501e48a270bbd96/xdc/top_level.xdc]. These constraints will be ignored for synthesis but will be used in implementation. Impacted constraints are listed in the file [.Xil/top_level_propImpl.xdc].
Resolution: To avoid this warning, move constraints listed in [.Xil/top_level_propImpl.xdc] to another XDC file and exclude this new file from synthesis with the used_in_synthesis property (File Properties dialog in GUI) and re-run elaboration/synthesis.
INFO: [Timing 38-2] Deriving generated clocks
Completed Processing XDC Constraints

Netlist sorting complete. Time (s): cpu = 00:00:00.01 ; elapsed = 00:00:00 . Memory (MB): peak = 2407.570 ; gain = 0.000 ; free physical = 23127 ; free virtual = 37140
INFO: [Project 1-111] Unisim Transformation Summary:
  A total of 6 instances were transformed.
  IOBUF => IOBUF (IBUF, OBUFT): 2 instances
  OBUFDS => OBUFDS_DUAL_BUF (INV, OBUFDS(x2)): 4 instances

Constraint Validation Runtime : Time (s): cpu = 00:00:00.01 ; elapsed = 00:00:00 . Memory (MB): peak = 2407.605 ; gain = 0.000 ; free physical = 23127 ; free virtual = 37141
---------------------------------------------------------------------------------
Finished Constraint Validation : Time (s): cpu = 00:00:09 ; elapsed = 00:00:09 . Memory (MB): peak = 2407.605 ; gain = 736.180 ; free physical = 23103 ; free virtual = 37117
---------------------------------------------------------------------------------
---------------------------------------------------------------------------------
Start Loading Part and Timing Information
---------------------------------------------------------------------------------
Loading part: xc7s50csga324-1
---------------------------------------------------------------------------------
Finished Loading Part and Timing Information : Time (s): cpu = 00:00:09 ; elapsed = 00:00:09 . Memory (MB): peak = 2415.574 ; gain = 744.148 ; free physical = 23103 ; free virtual = 37117
---------------------------------------------------------------------------------
---------------------------------------------------------------------------------
Start Applying 'set_property' XDC Constraints
---------------------------------------------------------------------------------
---------------------------------------------------------------------------------
Finished applying 'set_property' XDC Constraints : Time (s): cpu = 00:00:09 ; elapsed = 00:00:09 . Memory (MB): peak = 2415.574 ; gain = 744.148 ; free physical = 23103 ; free virtual = 37117
---------------------------------------------------------------------------------
INFO: [Synth 8-802] inferred FSM for state register 'state_reg' in module 'divider'
INFO: [Synth 8-802] inferred FSM for state register 'state_reg_reg' in module 'i2c_master'
INFO: [Synth 8-802] inferred FSM for state register 'phy_state_reg_reg' in module 'i2c_master'
INFO: [Synth 8-802] inferred FSM for state register 'state_reg' in module 'camera_registers'
INFO: [Synth 8-3971] The signal "xilinx_true_dual_port_read_first_2_clock_ram:/BRAM_reg" was recognized as a true dual port RAM template.
---------------------------------------------------------------------------------------------------
                   State |                     New Encoding |                Previous Encoding 
---------------------------------------------------------------------------------------------------
                 RESTING |                                0 | 00000000000000000000000000000000
                DIVIDING |                                1 | 00000000000000000000000000000001
---------------------------------------------------------------------------------------------------
INFO: [Synth 8-3354] encoded FSM with state register 'state_reg' using encoding 'sequential' in module 'divider'
---------------------------------------------------------------------------------------------------
                   State |                     New Encoding |                Previous Encoding 
---------------------------------------------------------------------------------------------------
              STATE_IDLE |                     000000000001 |                            00000
        STATE_START_WAIT |                     000000000010 |                            00011
         STATE_ADDRESS_1 |                     000000000100 |                            00101
         STATE_ADDRESS_2 |                     000000001000 |                            00110
              STATE_READ |                     000000010000 |                            01010
       STATE_ACTIVE_READ |                     000000100000 |                            00010
             STATE_START |                     000001000000 |                            00100
              STATE_STOP |                     000010000000 |                            01011
           STATE_WRITE_1 |                     000100000000 |                            00111
           STATE_WRITE_2 |                     001000000000 |                            01000
           STATE_WRITE_3 |                     010000000000 |                            01001
      STATE_ACTIVE_WRITE |                     100000000000 |                            00001
---------------------------------------------------------------------------------------------------
INFO: [Synth 8-3354] encoded FSM with state register 'state_reg_reg' using encoding 'one-hot' in module 'i2c_master'
---------------------------------------------------------------------------------------------------
                   State |                     New Encoding |                Previous Encoding 
---------------------------------------------------------------------------------------------------
          PHY_STATE_IDLE |                             0000 |                            00000
       PHY_STATE_START_1 |                             0001 |                            00100
       PHY_STATE_START_2 |                             0010 |                            00101
        PHY_STATE_ACTIVE |                             0011 |                            00001
PHY_STATE_REPEATED_START_1 |                             0100 |                            00010
PHY_STATE_REPEATED_START_2 |                             0101 |                            00011
   PHY_STATE_WRITE_BIT_1 |                             0110 |                            00110
   PHY_STATE_WRITE_BIT_2 |                             0111 |                            00111
   PHY_STATE_WRITE_BIT_3 |                             1000 |                            01000
    PHY_STATE_READ_BIT_1 |                             1001 |                            01001
    PHY_STATE_READ_BIT_2 |                             1010 |                            01010
    PHY_STATE_READ_BIT_3 |                             1011 |                            01011
    PHY_STATE_READ_BIT_4 |                             1100 |                            01100
        PHY_STATE_STOP_1 |                             1101 |                            01101
        PHY_STATE_STOP_2 |                             1110 |                            01110
        PHY_STATE_STOP_3 |                             1111 |                            01111
---------------------------------------------------------------------------------------------------
INFO: [Synth 8-3354] encoded FSM with state register 'phy_state_reg_reg' using encoding 'sequential' in module 'i2c_master'
---------------------------------------------------------------------------------------------------
                   State |                     New Encoding |                Previous Encoding 
---------------------------------------------------------------------------------------------------
                     RST |                        000000001 | 00000000000000000000000000000000
               WAIT_INIT |                        000000010 | 00000000000000000000000000000001
             GET_REGPAIR |                        000000100 | 00000000000000000000000000000010
            WAIT_REGPAIR |                        000001000 | 00000000000000000000000000000011
           WRITE_REGPAIR |                        000010000 | 00000000000000000000000000000100
               ISSUE_CMD |                        000100000 | 00000000000000000000000000000101
        WRITE_REGADDR_HI |                        001000000 | 00000000000000000000000000000110
        WRITE_REGADDR_LO |                        010000000 | 00000000000000000000000000000111
           WRITE_REGDATA |                        100000000 | 00000000000000000000000000001000
---------------------------------------------------------------------------------------------------
INFO: [Synth 8-3354] encoded FSM with state register 'state_reg' using encoding 'one-hot' in module 'camera_registers'
---------------------------------------------------------------------------------
Finished RTL Optimization Phase 2 : Time (s): cpu = 00:00:10 ; elapsed = 00:00:10 . Memory (MB): peak = 2415.574 ; gain = 744.148 ; free physical = 23103 ; free virtual = 37119
---------------------------------------------------------------------------------
---------------------------------------------------------------------------------
Start RTL Component Statistics 
---------------------------------------------------------------------------------
Detailed RTL Component Info : 
+---Adders : 
	   2 Input   32 Bit       Adders := 2     
	   3 Input   32 Bit       Adders := 2     
	   8 Input   32 Bit       Adders := 3     
	   4 Input   20 Bit       Adders := 2     
	   2 Input   17 Bit       Adders := 1     
	   3 Input   16 Bit       Adders := 1     
	   3 Input   13 Bit       Adders := 1     
	   3 Input   12 Bit       Adders := 1     
	   2 Input   12 Bit       Adders := 1     
	   2 Input   11 Bit       Adders := 3     
	   2 Input   10 Bit       Adders := 3     
	   2 Input    9 Bit       Adders := 1     
	   2 Input    6 Bit       Adders := 4     
	   5 Input    6 Bit       Adders := 3     
	   3 Input    6 Bit       Adders := 9     
	   8 Input    4 Bit       Adders := 3     
	   2 Input    4 Bit       Adders := 1     
	   2 Input    3 Bit       Adders := 1     
+---XORs : 
	   2 Input      1 Bit         XORs := 40    
+---Registers : 
	               32 Bit    Registers := 15    
	               24 Bit    Registers := 21    
	               20 Bit    Registers := 2     
	               19 Bit    Registers := 2     
	               17 Bit    Registers := 1     
	               16 Bit    Registers := 8     
	               11 Bit    Registers := 16    
	               10 Bit    Registers := 22    
	                9 Bit    Registers := 1     
	                8 Bit    Registers := 23    
	                7 Bit    Registers := 1     
	                6 Bit    Registers := 4     
	                4 Bit    Registers := 1     
	                2 Bit    Registers := 1     
	                1 Bit    Registers := 92    
+---RAMs : 
	             900K Bit	(57600 X 16 bit)          RAMs := 1     
	             512K Bit	(65536 X 8 bit)          RAMs := 1     
	               6K Bit	(256 X 24 bit)          RAMs := 2     
+---Muxes : 
	   2 Input   32 Bit        Muxes := 8     
	   4 Input   24 Bit        Muxes := 2     
	   2 Input   24 Bit        Muxes := 3     
	   9 Input   24 Bit        Muxes := 1     
	   2 Input   17 Bit        Muxes := 1     
	  16 Input   17 Bit        Muxes := 1     
	   2 Input   16 Bit        Muxes := 3     
	  12 Input   12 Bit        Muxes := 1     
	   2 Input   12 Bit        Muxes := 23    
	   2 Input   11 Bit        Muxes := 5     
	   2 Input   10 Bit        Muxes := 14    
	   4 Input   10 Bit        Muxes := 3     
	   2 Input    9 Bit        Muxes := 15    
	   4 Input    9 Bit        Muxes := 1     
	   9 Input    9 Bit        Muxes := 1     
	   2 Input    8 Bit        Muxes := 10    
	  12 Input    8 Bit        Muxes := 1     
	   6 Input    8 Bit        Muxes := 1     
	   8 Input    7 Bit        Muxes := 1     
	   8 Input    6 Bit        Muxes := 1     
	   2 Input    6 Bit        Muxes := 6     
	  12 Input    4 Bit        Muxes := 1     
	  22 Input    4 Bit        Muxes := 1     
	   2 Input    1 Bit        Muxes := 88    
	  12 Input    1 Bit        Muxes := 16    
	  16 Input    1 Bit        Muxes := 9     
	   6 Input    1 Bit        Muxes := 2     
	   9 Input    1 Bit        Muxes := 4     
---------------------------------------------------------------------------------
Finished RTL Component Statistics 
---------------------------------------------------------------------------------
---------------------------------------------------------------------------------
Start Part Resource Summary
---------------------------------------------------------------------------------
Part Resources:
DSPs: 120 (col length:60)
BRAMs: 150 (col length: RAMB18 60 RAMB36 30)
---------------------------------------------------------------------------------
Finished Part Resource Summary
---------------------------------------------------------------------------------
---------------------------------------------------------------------------------
Start Cross Boundary and Area Optimization
---------------------------------------------------------------------------------
WARNING: [Synth 8-7080] Parallel synthesis criteria is not met
DSP Report: Generating DSP yb_reg, operation Mode is: (A*(B:0x74))'.
DSP Report: register yb_reg is absorbed into DSP yb_reg.
DSP Report: operator yb0 is absorbed into DSP yb_reg.
DSP Report: Generating DSP y10, operation Mode is: PCIN+(A*(B:0x132))'.
DSP Report: register yr_reg is absorbed into DSP y10.
DSP Report: operator yr0 is absorbed into DSP y10.
DSP Report: operator y10 is absorbed into DSP y10.
DSP Report: Generating DSP y1_reg, operation Mode is: (PCIN+((A:0x259)*B)')'.
DSP Report: register y1_reg is absorbed into DSP y1_reg.
DSP Report: register yg_reg is absorbed into DSP y1_reg.
DSP Report: operator y10 is absorbed into DSP y1_reg.
DSP Report: operator yg0 is absorbed into DSP y1_reg.
DSP Report: Generating DSP crg_reg, operation Mode is: (A*(B:0x1ad))'.
DSP Report: register crg_reg is absorbed into DSP crg_reg.
DSP Report: operator crg0 is absorbed into DSP crg_reg.
DSP Report: Generating DSP crb_reg, operation Mode is: (A*(B:0x53))'.
DSP Report: register crb_reg is absorbed into DSP crb_reg.
DSP Report: operator crb0 is absorbed into DSP crb_reg.
DSP Report: Generating DSP cbr_reg, operation Mode is: (A*(B:0xad))'.
DSP Report: register cbr_reg is absorbed into DSP cbr_reg.
DSP Report: operator cbr0 is absorbed into DSP cbr_reg.
DSP Report: Generating DSP cbg_reg, operation Mode is: (A*(B:0x153))'.
DSP Report: register cbg_reg is absorbed into DSP cbg_reg.
DSP Report: operator cbg0 is absorbed into DSP cbg_reg.
DSP Report: Generating DSP addrb_reg, operation Mode is: C+A*(B:0x140).
DSP Report: register addrb_reg is absorbed into DSP addrb_reg.
DSP Report: operator addrb0 is absorbed into DSP addrb_reg.
DSP Report: operator p_0_out is absorbed into DSP addrb_reg.
WARNING: [Synth 8-3917] design top_level has port led[15] driven by constant 0
WARNING: [Synth 8-3917] design top_level has port led[14] driven by constant 0
WARNING: [Synth 8-3917] design top_level has port led[13] driven by constant 0
WARNING: [Synth 8-3917] design top_level has port led[12] driven by constant 0
WARNING: [Synth 8-3917] design top_level has port led[11] driven by constant 0
WARNING: [Synth 8-3917] design top_level has port led[10] driven by constant 0
WARNING: [Synth 8-3917] design top_level has port led[9] driven by constant 0
WARNING: [Synth 8-3917] design top_level has port led[8] driven by constant 0
WARNING: [Synth 8-3917] design top_level has port led[7] driven by constant 0
WARNING: [Synth 8-3917] design top_level has port led[6] driven by constant 0
WARNING: [Synth 8-3917] design top_level has port led[5] driven by constant 0
WARNING: [Synth 8-3917] design top_level has port rgb0[1] driven by constant 0
WARNING: [Synth 8-3917] design top_level has port rgb1[2] driven by constant 0
WARNING: [Synth 8-3917] design top_level has port rgb1[1] driven by constant 0
WARNING: [Synth 8-3917] design top_level has port rgb1[0] driven by constant 0
WARNING: [Synth 8-7129] Port btn[3] in module top_level is either unconnected or has no load
WARNING: [Synth 8-6014] Unused sequential element frame_buffer/BRAM_reg was removed. 
WARNING: [Synth 8-3332] Sequential element (crw/sccb_c/FSM_onehot_state_reg_reg[7]) is unused and will be removed from module top_level.
WARNING: [Synth 8-3332] Sequential element (crw/sccb_c/FSM_onehot_state_reg_reg[6]) is unused and will be removed from module top_level.
WARNING: [Synth 8-3332] Sequential element (crw/sccb_c/FSM_onehot_state_reg_reg[5]) is unused and will be removed from module top_level.
WARNING: [Synth 8-3332] Sequential element (crw/sccb_c/FSM_onehot_state_reg_reg[4]) is unused and will be removed from module top_level.
---------------------------------------------------------------------------------
Finished Cross Boundary and Area Optimization : Time (s): cpu = 00:00:21 ; elapsed = 00:00:22 . Memory (MB): peak = 2605.574 ; gain = 934.148 ; free physical = 22867 ; free virtual = 36898
---------------------------------------------------------------------------------
 Sort Area is  yb_reg_0 : 0 0 : 162 685 : Used 1 time 0
 Sort Area is  yb_reg_0 : 0 1 : 226 685 : Used 1 time 0
 Sort Area is  yb_reg_0 : 0 2 : 297 685 : Used 1 time 0
 Sort Area is  cbg_reg_7 : 0 0 : 345 345 : Used 1 time 0
 Sort Area is  crg_reg_5 : 0 0 : 345 345 : Used 1 time 0
 Sort Area is  cbr_reg_8 : 0 0 : 225 225 : Used 1 time 0
 Sort Area is  addrb_reg_a : 0 0 : 175 175 : Used 1 time 0
 Sort Area is  crb_reg_4 : 0 0 : 162 162 : Used 1 time 0
---------------------------------------------------------------------------------
Start ROM, RAM, DSP, Shift Register and Retiming Reporting
---------------------------------------------------------------------------------

Block RAM: Preliminary Mapping Report (see note below)
+---------------------------------------------------+-----------------------+------------------------+---+---+------------------------+---+---+------------------+--------+--------+
|Module Name                                        | RTL Object            | PORT A (Depth x Width) | W | R | PORT B (Depth x Width) | W | R | Ports driving FF | RAMB18 | RAMB36 | 
+---------------------------------------------------+-----------------------+------------------------+---+---+------------------------+---+---+------------------+--------+--------+
|top_level                                          | frame_buffer/BRAM_reg | 56 K x 16(NO_CHANGE)   | W |   | 56 K x 16(WRITE_FIRST) |   | R | Port A and B     | 0      | 32     | 
|xilinx_single_port_ram_read_first:                 | BRAM_reg              | 64 K x 8(READ_FIRST)   | W | R |                        |   |   | Port A           | 0      | 16     | 
|xilinx_single_port_ram_read_first__parameterized0: | BRAM_reg              | 256 x 24(READ_FIRST)   | W | R |                        |   |   | Port A           | 1      | 0      | 
|xilinx_single_port_ram_read_first__parameterized1: | BRAM_reg              | 256 x 24(READ_FIRST)   | W | R |                        |   |   | Port A           | 1      | 0      | 
+---------------------------------------------------+-----------------------+------------------------+---+---+------------------------+---+---+------------------+--------+--------+

Note: The table above is a preliminary report that shows the Block RAMs at the current stage of the synthesis flow. Some Block RAMs may be reimplemented as non Block RAM primitives later in the synthesis flow. Multiple instantiated Block RAMs are reported only once. 

DSP: Preliminary Mapping Report (see note below. The ' indicates corresponding REG is set)
+-------------+------------------------+--------+--------+--------+--------+--------+------+------+------+------+-------+------+------+
|Module Name  | DSP Mapping            | A Size | B Size | C Size | D Size | P Size | AREG | BREG | CREG | DREG | ADREG | MREG | PREG | 
+-------------+------------------------+--------+--------+--------+--------+--------+------+------+------+------+-------+------+------+
|rgb_to_ycrcb | (A*(B:0x74))'          | 10     | 7      | -      | -      | 17     | 0    | 0    | -    | -    | -     | 1    | 0    | 
|rgb_to_ycrcb | PCIN+(A*(B:0x132))'    | 10     | 9      | -      | -      | 20     | 0    | 0    | -    | -    | -     | 1    | 0    | 
|rgb_to_ycrcb | (PCIN+((A:0x259)*B)')' | 10     | 10     | -      | -      | 20     | 0    | 0    | -    | -    | -     | 1    | 1    | 
|rgb_to_ycrcb | (A*(B:0x1ad))'         | 10     | 9      | -      | -      | 19     | 0    | 0    | -    | -    | -     | 1    | 0    | 
|rgb_to_ycrcb | (A*(B:0x53))'          | 10     | 7      | -      | -      | 17     | 0    | 0    | -    | -    | -     | 1    | 0    | 
|rgb_to_ycrcb | (A*(B:0xad))'          | 10     | 8      | -      | -      | 18     | 0    | 0    | -    | -    | -     | 1    | 0    | 
|rgb_to_ycrcb | (A*(B:0x153))'         | 10     | 9      | -      | -      | 19     | 0    | 0    | -    | -    | -     | 1    | 0    | 
|top_level    | C+A*(B:0x140)          | 10     | 9      | 11     | -      | 16     | 0    | 0    | 0    | -    | -     | 0    | 1    | 
+-------------+------------------------+--------+--------+--------+--------+--------+------+------+------+------+-------+------+------+

Note: The table above is a preliminary report that shows the DSPs inferred at the current stage of the synthesis flow. Some DSP may be reimplemented as non DSP primitives later in the synthesis flow. Multiple instantiated DSPs are reported only once.
---------------------------------------------------------------------------------
Finished ROM, RAM, DSP, Shift Register and Retiming Reporting
---------------------------------------------------------------------------------
---------------------------------------------------------------------------------
Start Applying XDC Timing Constraints
---------------------------------------------------------------------------------
---------------------------------------------------------------------------------
Finished Applying XDC Timing Constraints : Time (s): cpu = 00:00:25 ; elapsed = 00:00:26 . Memory (MB): peak = 2605.574 ; gain = 934.148 ; free physical = 22868 ; free virtual = 36898
---------------------------------------------------------------------------------
---------------------------------------------------------------------------------
Start Timing Optimization
---------------------------------------------------------------------------------
---------------------------------------------------------------------------------
Finished Timing Optimization : Time (s): cpu = 00:00:26 ; elapsed = 00:00:26 . Memory (MB): peak = 2605.574 ; gain = 934.148 ; free physical = 22868 ; free virtual = 36898
---------------------------------------------------------------------------------
---------------------------------------------------------------------------------
Start ROM, RAM, DSP, Shift Register and Retiming Reporting
---------------------------------------------------------------------------------

Block RAM: Final Mapping Report
+---------------------------------------------------+-----------------------+------------------------+---+---+------------------------+---+---+------------------+--------+--------+
|Module Name                                        | RTL Object            | PORT A (Depth x Width) | W | R | PORT B (Depth x Width) | W | R | Ports driving FF | RAMB18 | RAMB36 | 
+---------------------------------------------------+-----------------------+------------------------+---+---+------------------------+---+---+------------------+--------+--------+
|top_level                                          | frame_buffer/BRAM_reg | 56 K x 16(NO_CHANGE)   | W |   | 56 K x 16(WRITE_FIRST) |   | R | Port A and B     | 0      | 32     | 
|xilinx_single_port_ram_read_first:                 | BRAM_reg              | 64 K x 8(READ_FIRST)   | W | R |                        |   |   | Port A           | 0      | 16     | 
|xilinx_single_port_ram_read_first__parameterized0: | BRAM_reg              | 256 x 24(READ_FIRST)   | W | R |                        |   |   | Port A           | 1      | 0      | 
|xilinx_single_port_ram_read_first__parameterized1: | BRAM_reg              | 256 x 24(READ_FIRST)   | W | R |                        |   |   | Port A           | 1      | 0      | 
+---------------------------------------------------+-----------------------+------------------------+---+---+------------------------+---+---+------------------+--------+--------+

---------------------------------------------------------------------------------
Finished ROM, RAM, DSP, Shift Register and Retiming Reporting
---------------------------------------------------------------------------------
---------------------------------------------------------------------------------
Start Technology Mapping
---------------------------------------------------------------------------------
---------------------------------------------------------------------------------
Finished Technology Mapping : Time (s): cpu = 00:00:26 ; elapsed = 00:00:26 . Memory (MB): peak = 2605.574 ; gain = 934.148 ; free physical = 22868 ; free virtual = 36898
---------------------------------------------------------------------------------
---------------------------------------------------------------------------------
Start IO Insertion
---------------------------------------------------------------------------------
---------------------------------------------------------------------------------
Start Flattening Before IO Insertion
---------------------------------------------------------------------------------
---------------------------------------------------------------------------------
Finished Flattening Before IO Insertion
---------------------------------------------------------------------------------
---------------------------------------------------------------------------------
Start Final Netlist Cleanup
---------------------------------------------------------------------------------
---------------------------------------------------------------------------------
Finished Final Netlist Cleanup
---------------------------------------------------------------------------------
---------------------------------------------------------------------------------
Finished IO Insertion : Time (s): cpu = 00:00:28 ; elapsed = 00:00:28 . Memory (MB): peak = 2664.387 ; gain = 992.961 ; free physical = 22853 ; free virtual = 36883
---------------------------------------------------------------------------------
---------------------------------------------------------------------------------
Start Renaming Generated Instances
---------------------------------------------------------------------------------
---------------------------------------------------------------------------------
Finished Renaming Generated Instances : Time (s): cpu = 00:00:28 ; elapsed = 00:00:28 . Memory (MB): peak = 2664.387 ; gain = 992.961 ; free physical = 22852 ; free virtual = 36883
---------------------------------------------------------------------------------
---------------------------------------------------------------------------------
Start Rebuilding User Hierarchy
---------------------------------------------------------------------------------
---------------------------------------------------------------------------------
Finished Rebuilding User Hierarchy : Time (s): cpu = 00:00:28 ; elapsed = 00:00:28 . Memory (MB): peak = 2664.387 ; gain = 992.961 ; free physical = 22852 ; free virtual = 36883
---------------------------------------------------------------------------------
---------------------------------------------------------------------------------
Start Renaming Generated Ports
---------------------------------------------------------------------------------
---------------------------------------------------------------------------------
Finished Renaming Generated Ports : Time (s): cpu = 00:00:28 ; elapsed = 00:00:28 . Memory (MB): peak = 2664.387 ; gain = 992.961 ; free physical = 22852 ; free virtual = 36883
---------------------------------------------------------------------------------
---------------------------------------------------------------------------------
Start Handling Custom Attributes
---------------------------------------------------------------------------------
---------------------------------------------------------------------------------
Finished Handling Custom Attributes : Time (s): cpu = 00:00:28 ; elapsed = 00:00:28 . Memory (MB): peak = 2668.355 ; gain = 996.930 ; free physical = 22852 ; free virtual = 36883
---------------------------------------------------------------------------------
---------------------------------------------------------------------------------
Start Renaming Generated Nets
---------------------------------------------------------------------------------
---------------------------------------------------------------------------------
Finished Renaming Generated Nets : Time (s): cpu = 00:00:28 ; elapsed = 00:00:28 . Memory (MB): peak = 2668.355 ; gain = 996.930 ; free physical = 22852 ; free virtual = 36883
---------------------------------------------------------------------------------
---------------------------------------------------------------------------------
Start ROM, RAM, DSP, Shift Register and Retiming Reporting
---------------------------------------------------------------------------------

Static Shift Register Report:
+------------+-------------------------------------+--------+-------+--------------+--------------------+-------------------+--------+---------+
|Module Name | RTL Name                            | Length | Width | Reset Signal | Pull out first Reg | Pull out last Reg | SRL16E | SRLC32E | 
+------------+-------------------------------------+--------+-------+--------------+--------------------+-------------------+--------+---------+
|top_level   | h_sync_hdmi_pipe_reg[7]             | 8      | 1     | NO           | NO                 | YES               | 1      | 0       | 
|top_level   | v_sync_hdmi_pipe_reg[7]             | 8      | 1     | NO           | NO                 | YES               | 1      | 0       | 
|top_level   | active_draw_hdmi_pipe_reg[7]        | 8      | 1     | NO           | NO                 | YES               | 1      | 0       | 
|top_level   | good_addrb_pipe_reg[1][0]           | 3      | 1     | NO           | NO                 | YES               | 1      | 0       | 
|top_level   | com_sprite_pipe_reg[3][23]          | 3      | 24    | NO           | NO                 | YES               | 24     | 0       | 
|top_level   | crosshair_pipe_reg[7][0]            | 8      | 1     | NO           | NO                 | YES               | 1      | 0       | 
|top_level   | h_count_hdmi_pipe_reg[7][10]        | 4      | 11    | NO           | NO                 | YES               | 11     | 0       | 
|top_level   | v_count_hdmi_pipe_reg[7][9]         | 4      | 10    | NO           | NO                 | YES               | 10     | 0       | 
|top_level   | new_frame_hdmi_pipe_reg[7]          | 8      | 1     | NO           | NO                 | YES               | 1      | 0       | 
|top_level   | fb_pixel_pipe_reg[2][10]            | 3      | 6     | NO           | NO                 | YES               | 6      | 0       | 
|top_level   | com_sprite_m/h_count_pipe_reg[3][0] | 4      | 11    | NO           | NO                 | YES               | 11     | 0       | 
|top_level   | com_sprite_m/v_count_pipe_reg[3][0] | 4      | 10    | NO           | NO                 | YES               | 10     | 0       | 
+------------+-------------------------------------+--------+-------+--------------+--------------------+-------------------+--------+---------+

---------------------------------------------------------------------------------
Finished ROM, RAM, DSP, Shift Register and Retiming Reporting
---------------------------------------------------------------------------------
---------------------------------------------------------------------------------
Start Writing Synthesis Report
---------------------------------------------------------------------------------

DSP Final Report (the ' indicates corresponding REG is set)
+-------------+-----------------+--------+--------+--------+--------+--------+------+------+------+------+-------+------+------+
|Module Name  | DSP Mapping     | A Size | B Size | C Size | D Size | P Size | AREG | BREG | CREG | DREG | ADREG | MREG | PREG | 
+-------------+-----------------+--------+--------+--------+--------+--------+------+------+------+------+-------+------+------+
|top_level    | (C+A*B)'        | 10     | 9      | 11     | -      | 16     | 0    | 0    | 0    | -    | -     | 0    | 1    | 
|rgb_to_ycrcb | (A'*B)'         | 8      | 7      | -      | -      | 17     | 1    | 0    | -    | -    | -     | 0    | 1    | 
|rgb_to_ycrcb | PCIN+(A'*B)'    | 8      | 9      | -      | -      | 20     | 1    | 0    | -    | -    | -     | 1    | 0    | 
|rgb_to_ycrcb | (PCIN+(A*B')')' | 10     | 8      | -      | -      | 20     | 0    | 1    | -    | -    | -     | 1    | 1    | 
|rgb_to_ycrcb | (A'*B)'         | 8      | 9      | -      | -      | 19     | 1    | 0    | -    | -    | -     | 0    | 1    | 
|rgb_to_ycrcb | (A'*B)'         | 8      | 7      | -      | -      | 17     | 1    | 0    | -    | -    | -     | 0    | 1    | 
|rgb_to_ycrcb | (A'*B)'         | 8      | 8      | -      | -      | 18     | 1    | 0    | -    | -    | -     | 0    | 1    | 
|rgb_to_ycrcb | (A'*B)'         | 8      | 9      | -      | -      | 19     | 1    | 0    | -    | -    | -     | 0    | 1    | 
+-------------+-----------------+--------+--------+--------+--------+--------+------+------+------+------+-------+------+------+


Report BlackBoxes: 
+-+--------------+----------+
| |BlackBox name |Instances |
+-+--------------+----------+
+-+--------------+----------+

Report Cell Usage: 
+------+-----------+------+
|      |Cell       |Count |
+------+-----------+------+
|1     |BUFG       |     8|
|2     |CARRY4     |   118|
|3     |DSP48E1    |     8|
|7     |LUT1       |    30|
|8     |LUT2       |   297|
|9     |LUT3       |    88|
|10    |LUT4       |   288|
|11    |LUT5       |   178|
|12    |LUT6       |   287|
|13    |MMCME2_ADV |     1|
|14    |MUXF7      |     5|
|15    |OSERDESE2  |     6|
|17    |PLLE2_ADV  |     1|
|18    |RAMB18E1   |     2|
|20    |RAMB36E1   |    48|
|38    |SRL16E     |    78|
|39    |FDRE       |  1022|
|40    |FDSE       |     5|
|41    |IBUF       |    32|
|42    |IOBUF      |     2|
|43    |OBUF       |    45|
|44    |OBUFDS     |     4|
+------+-----------+------+
---------------------------------------------------------------------------------
Finished Writing Synthesis Report : Time (s): cpu = 00:00:28 ; elapsed = 00:00:28 . Memory (MB): peak = 2668.355 ; gain = 996.930 ; free physical = 22852 ; free virtual = 36883
---------------------------------------------------------------------------------
Synthesis finished with 0 errors, 0 critical warnings and 22 warnings.
Synthesis Optimization Runtime : Time (s): cpu = 00:00:27 ; elapsed = 00:00:27 . Memory (MB): peak = 2668.355 ; gain = 891.094 ; free physical = 22852 ; free virtual = 36883
Synthesis Optimization Complete : Time (s): cpu = 00:00:28 ; elapsed = 00:00:28 . Memory (MB): peak = 2668.363 ; gain = 996.930 ; free physical = 22860 ; free virtual = 36890
INFO: [Project 1-571] Translating synthesized netlist
Netlist sorting complete. Time (s): cpu = 00:00:00.02 ; elapsed = 00:00:00.01 . Memory (MB): peak = 2668.363 ; gain = 0.000 ; free physical = 23020 ; free virtual = 37050
INFO: [Netlist 29-17] Analyzing 189 Unisim elements for replacement
INFO: [Netlist 29-28] Unisim Transformation completed in 0 CPU seconds
INFO: [Project 1-570] Preparing netlist for logic optimization
WARNING: [Opt 31-32] Removing redundant IBUF since it is not being driven by a top-level port. wizard_hdmi/clkin1_ibufg 
Resolution: The tool has removed redundant IBUF. To resolve this warning, check for redundant IBUF in the input design.
Parsing XDC File [/home/fpga/worker_place/temp/temp/2f335536f8ae4a029501e48a270bbd96/xdc/top_level.xdc]
Finished Parsing XDC File [/home/fpga/worker_place/temp/temp/2f335536f8ae4a029501e48a270bbd96/xdc/top_level.xdc]
INFO: [Opt 31-138] Pushed 0 inverter(s) to 0 load pin(s).
Netlist sorting complete. Time (s): cpu = 00:00:00 ; elapsed = 00:00:00 . Memory (MB): peak = 2707.211 ; gain = 0.000 ; free physical = 23004 ; free virtual = 37035
INFO: [Project 1-111] Unisim Transformation Summary:
  A total of 6 instances were transformed.
  IOBUF => IOBUF (IBUF, OBUFT): 2 instances
  OBUFDS => OBUFDS: 4 instances

Synth Design complete | Checksum: ff37313f
INFO: [Common 17-83] Releasing license: Synthesis
100 Infos, 73 Warnings, 0 Critical Warnings and 0 Errors encountered.
synth_design completed successfully
synth_design: Time (s): cpu = 00:00:32 ; elapsed = 00:00:31 . Memory (MB): peak = 2707.246 ; gain = 1186.008 ; free physical = 23004 ; free virtual = 37035
INFO: [Common 17-2834] synth_design peak Physical Memory [PSS] (MB): overall = 2231.016; main = 2130.051; forked = 334.035
INFO: [Common 17-2834] synth_design peak Virtual Memory [VSS] (MB): overall = 3571.574; main = 2707.215; forked = 965.996
# report_timing_summary -file $outputDir/post_synth_timing_summary.rpt
INFO: [Timing 38-35] Done setting XDC timing constraints.
INFO: [Timing 38-2] Deriving generated clocks
INFO: [Timing 38-91] UpdateTimingParams: Speed grade: -1, Delay Type: min_max.
INFO: [Timing 38-191] Multithreading enabled for timing update using a maximum of 4 CPUs
# report_utilization -file $outputDir/post_synth_util.rpt -hierarchical -hierarchical_depth 4
# report_timing -file $outputDir/post_synth_timing.rpt
INFO: [Timing 38-91] UpdateTimingParams: Speed grade: -1, Delay Type: max.
INFO: [Timing 38-191] Multithreading enabled for timing update using a maximum of 4 CPUs
INFO: [Timing 38-78] ReportTimingParams: -max_paths 1 -nworst 1 -delay_type max -sort_by slack.
# opt_design
Command: opt_design
Attempting to get a license for feature 'Implementation' and/or device 'xc7s50'
INFO: [Common 17-349] Got license for feature 'Implementation' and/or device 'xc7s50'
Running DRC as a precondition to command opt_design

Starting DRC Task
INFO: [DRC 23-27] Running DRC with 4 threads
INFO: [Project 1-461] DRC finished with 0 Errors
INFO: [Project 1-462] Please refer to the DRC report (report_drc) for more information.

Time (s): cpu = 00:00:01 ; elapsed = 00:00:00.48 . Memory (MB): peak = 2748.117 ; gain = 8.906 ; free physical = 22966 ; free virtual = 36997

Starting Cache Timing Information Task
Ending Cache Timing Information Task | Checksum: 2df48be8c

Time (s): cpu = 00:00:00 ; elapsed = 00:00:00 . Memory (MB): peak = 2748.117 ; gain = 0.000 ; free physical = 22966 ; free virtual = 36997

Starting Logic Optimization Task

Phase 1 Initialization

Phase 1.1 Core Generation And Design Setup
Phase 1.1 Core Generation And Design Setup | Checksum: 2df48be8c

Time (s): cpu = 00:00:00 ; elapsed = 00:00:00 . Memory (MB): peak = 2996.117 ; gain = 0.000 ; free physical = 22716 ; free virtual = 36746

Phase 1.2 Setup Constraints And Sort Netlist
Phase 1.2 Setup Constraints And Sort Netlist | Checksum: 2df48be8c

Time (s): cpu = 00:00:00.01 ; elapsed = 00:00:00 . Memory (MB): peak = 2996.117 ; gain = 0.000 ; free physical = 22716 ; free virtual = 36746
Phase 1 Initialization | Checksum: 2df48be8c

Time (s): cpu = 00:00:00.01 ; elapsed = 00:00:00 . Memory (MB): peak = 2996.117 ; gain = 0.000 ; free physical = 22716 ; free virtual = 36746

Phase 2 Timer Update And Timing Data Collection

Phase 2.1 Timer Update
Phase 2.1 Timer Update | Checksum: 2df48be8c

Time (s): cpu = 00:00:00.07 ; elapsed = 00:00:00.02 . Memory (MB): peak = 2996.117 ; gain = 0.000 ; free physical = 22716 ; free virtual = 36746

Phase 2.2 Timing Data Collection
Phase 2.2 Timing Data Collection | Checksum: 2df48be8c

Time (s): cpu = 00:00:00.07 ; elapsed = 00:00:00.03 . Memory (MB): peak = 2996.117 ; gain = 0.000 ; free physical = 22716 ; free virtual = 36746
Phase 2 Timer Update And Timing Data Collection | Checksum: 2df48be8c

Time (s): cpu = 00:00:00.07 ; elapsed = 00:00:00.03 . Memory (MB): peak = 2996.117 ; gain = 0.000 ; free physical = 22716 ; free virtual = 36746

Phase 3 Retarget
INFO: [Opt 31-1851] Number of loadless carry chains removed were: 0
INFO: [Opt 31-1834] Total Chains To Be Transformed Were: 0 AND Number of Transformed insts Created are: 0
INFO: [Opt 31-138] Pushed 0 inverter(s) to 0 load pin(s).
INFO: [Opt 31-49] Retargeted 0 cell(s).
Phase 3 Retarget | Checksum: 27f02931c

Time (s): cpu = 00:00:00.09 ; elapsed = 00:00:00.05 . Memory (MB): peak = 2996.117 ; gain = 0.000 ; free physical = 22716 ; free virtual = 36746
Retarget | Checksum: 27f02931c
INFO: [Opt 31-389] Phase Retarget created 0 cells and removed 0 cells
INFO: [Opt 31-1021] In phase Retarget, 1 netlist objects are constrained preventing optimization. Please run opt_design with -debug_log to get more detail. 

Phase 4 Constant propagation
INFO: [Opt 31-138] Pushed 0 inverter(s) to 0 load pin(s).
Phase 4 Constant propagation | Checksum: 2c9c98b80

Time (s): cpu = 00:00:00.1 ; elapsed = 00:00:00.06 . Memory (MB): peak = 2996.117 ; gain = 0.000 ; free physical = 22716 ; free virtual = 36746
Constant propagation | Checksum: 2c9c98b80
INFO: [Opt 31-389] Phase Constant propagation created 0 cells and removed 0 cells

Phase 5 Sweep
INFO: [Constraints 18-11670] Building netlist checker database with flags, 0x8
Done building netlist checker database: Time (s): cpu = 00:00:00 ; elapsed = 00:00:00 . Memory (MB): peak = 2996.117 ; gain = 0.000 ; free physical = 22716 ; free virtual = 36746
Phase 5 Sweep | Checksum: 2b6196386

Time (s): cpu = 00:00:00.11 ; elapsed = 00:00:00.07 . Memory (MB): peak = 2996.117 ; gain = 0.000 ; free physical = 22716 ; free virtual = 36746
Sweep | Checksum: 2b6196386
INFO: [Opt 31-389] Phase Sweep created 3 cells and removed 1 cells

Phase 6 BUFG optimization
Phase 6 BUFG optimization | Checksum: 2b6196386

Time (s): cpu = 00:00:00.14 ; elapsed = 00:00:00.08 . Memory (MB): peak = 3028.133 ; gain = 32.016 ; free physical = 22716 ; free virtual = 36746
BUFG optimization | Checksum: 2b6196386
INFO: [Opt 31-662] Phase BUFG optimization created 0 cells of which 0 are BUFGs and removed 0 cells.

Phase 7 Shift Register Optimization
INFO: [Opt 31-1064] SRL Remap converted 0 SRLs to 0 registers and converted 0 registers of register chains to 0 SRLs
Phase 7 Shift Register Optimization | Checksum: 2b6196386

Time (s): cpu = 00:00:00.14 ; elapsed = 00:00:00.09 . Memory (MB): peak = 3028.133 ; gain = 32.016 ; free physical = 22716 ; free virtual = 36746
Shift Register Optimization | Checksum: 2b6196386
INFO: [Opt 31-389] Phase Shift Register Optimization created 0 cells and removed 0 cells

Phase 8 Post Processing Netlist
Phase 8 Post Processing Netlist | Checksum: 2b6196386

Time (s): cpu = 00:00:00.15 ; elapsed = 00:00:00.09 . Memory (MB): peak = 3028.133 ; gain = 32.016 ; free physical = 22716 ; free virtual = 36746
Post Processing Netlist | Checksum: 2b6196386
INFO: [Opt 31-389] Phase Post Processing Netlist created 0 cells and removed 0 cells

Phase 9 Finalization

Phase 9.1 Finalizing Design Cores and Updating Shapes
Phase 9.1 Finalizing Design Cores and Updating Shapes | Checksum: 2e31af61d

Time (s): cpu = 00:00:00.2 ; elapsed = 00:00:00.12 . Memory (MB): peak = 3028.133 ; gain = 32.016 ; free physical = 22716 ; free virtual = 36746

Phase 9.2 Verifying Netlist Connectivity

Starting Connectivity Check Task

Time (s): cpu = 00:00:00 ; elapsed = 00:00:00 . Memory (MB): peak = 3028.133 ; gain = 0.000 ; free physical = 22716 ; free virtual = 36746
Phase 9.2 Verifying Netlist Connectivity | Checksum: 2e31af61d

Time (s): cpu = 00:00:00.21 ; elapsed = 00:00:00.12 . Memory (MB): peak = 3028.133 ; gain = 32.016 ; free physical = 22716 ; free virtual = 36746
Phase 9 Finalization | Checksum: 2e31af61d

Time (s): cpu = 00:00:00.21 ; elapsed = 00:00:00.12 . Memory (MB): peak = 3028.133 ; gain = 32.016 ; free physical = 22716 ; free virtual = 36746
Opt_design Change Summary
=========================


-------------------------------------------------------------------------------------------------------------------------
|  Phase                        |  #Cells created  |  #Cells Removed  |  #Constrained objects preventing optimizations  |
-------------------------------------------------------------------------------------------------------------------------
|  Retarget                     |               0  |               0  |                                              1  |
|  Constant propagation         |               0  |               0  |                                              0  |
|  Sweep                        |               3  |               1  |                                              0  |
|  BUFG optimization            |               0  |               0  |                                              0  |
|  Shift Register Optimization  |               0  |               0  |                                              0  |
|  Post Processing Netlist      |               0  |               0  |                                              0  |
-------------------------------------------------------------------------------------------------------------------------


Ending Logic Optimization Task | Checksum: 2e31af61d

Time (s): cpu = 00:00:00.21 ; elapsed = 00:00:00.12 . Memory (MB): peak = 3028.133 ; gain = 32.016 ; free physical = 22716 ; free virtual = 36746

Starting Power Optimization Task
INFO: [Pwropt 34-132] Skipping clock gating for clocks with a period < 2.00 ns.
INFO: [Timing 38-35] Done setting XDC timing constraints.
Running Vector-less Activity Propagation...

Finished Running Vector-less Activity Propagation
INFO: [Pwropt 34-9] Applying IDT optimizations ...
INFO: [Pwropt 34-10] Applying ODC optimizations ...


Starting PowerOpt Patch Enables Task
INFO: [Pwropt 34-162] WRITE_MODE attribute of 0 BRAM(s) out of a total of 50 has been updated to save power. Run report_power_opt to get a complete listing of the BRAMs updated.
INFO: [Pwropt 34-201] Structural ODC has moved 0 WE to EN ports
Number of BRAM Ports augmented: 16 newly gated: 36 Total Ports: 100
Number of Flops added for Enable Generation: 2

Ending PowerOpt Patch Enables Task | Checksum: 14c9e816a

Time (s): cpu = 00:00:00.07 ; elapsed = 00:00:00.07 . Memory (MB): peak = 3147.238 ; gain = 0.000 ; free physical = 22686 ; free virtual = 36717
Ending Power Optimization Task | Checksum: 14c9e816a

Time (s): cpu = 00:00:02 ; elapsed = 00:00:02 . Memory (MB): peak = 3147.238 ; gain = 119.105 ; free physical = 22686 ; free virtual = 36717

Starting Final Cleanup Task

Starting Logic Optimization Task
INFO: [Timing 38-35] Done setting XDC timing constraints.
Ending Logic Optimization Task | Checksum: 28847fd47

Time (s): cpu = 00:00:00.2 ; elapsed = 00:00:00.09 . Memory (MB): peak = 3147.238 ; gain = 0.000 ; free physical = 22694 ; free virtual = 36725
Ending Final Cleanup Task | Checksum: 28847fd47

Time (s): cpu = 00:00:01 ; elapsed = 00:00:01 . Memory (MB): peak = 3147.238 ; gain = 0.000 ; free physical = 22694 ; free virtual = 36725

Starting Netlist Obfuscation Task
Netlist sorting complete. Time (s): cpu = 00:00:00.01 ; elapsed = 00:00:00 . Memory (MB): peak = 3147.238 ; gain = 0.000 ; free physical = 22694 ; free virtual = 36725
Ending Netlist Obfuscation Task | Checksum: 28847fd47

Time (s): cpu = 00:00:00.01 ; elapsed = 00:00:00 . Memory (MB): peak = 3147.238 ; gain = 0.000 ; free physical = 22694 ; free virtual = 36725
INFO: [Common 17-83] Releasing license: Implementation
26 Infos, 0 Warnings, 0 Critical Warnings and 0 Errors encountered.
opt_design completed successfully
# place_design
Command: place_design
Attempting to get a license for feature 'Implementation' and/or device 'xc7s50'
INFO: [Common 17-349] Got license for feature 'Implementation' and/or device 'xc7s50'
INFO: [Common 17-83] Releasing license: Implementation
INFO: [DRC 23-27] Running DRC with 4 threads
INFO: [Vivado_Tcl 4-198] DRC finished with 0 Errors
INFO: [Vivado_Tcl 4-199] Please refer to the DRC report (report_drc) for more information.
Running DRC as a precondition to command place_design
INFO: [DRC 23-27] Running DRC with 4 threads
INFO: [Vivado_Tcl 4-198] DRC finished with 0 Errors
INFO: [Vivado_Tcl 4-199] Please refer to the DRC report (report_drc) for more information.
INFO: [Place 30-611] Multithreading enabled for place_design using a maximum of 4 CPUs

Starting Placer Task

Phase 1 Placer Initialization

Phase 1.1 Placer Initialization Netlist Sorting
Netlist sorting complete. Time (s): cpu = 00:00:00 ; elapsed = 00:00:00 . Memory (MB): peak = 3147.238 ; gain = 0.000 ; free physical = 22709 ; free virtual = 36740
Phase 1.1 Placer Initialization Netlist Sorting | Checksum: 1fc62d0a0

Time (s): cpu = 00:00:00 ; elapsed = 00:00:00.01 . Memory (MB): peak = 3147.238 ; gain = 0.000 ; free physical = 22709 ; free virtual = 36740
Netlist sorting complete. Time (s): cpu = 00:00:00 ; elapsed = 00:00:00 . Memory (MB): peak = 3147.238 ; gain = 0.000 ; free physical = 22709 ; free virtual = 36740

Phase 1.2 IO Placement/ Clock Placement/ Build Placer Device
INFO: [Timing 38-35] Done setting XDC timing constraints.
Phase 1.2 IO Placement/ Clock Placement/ Build Placer Device | Checksum: 1b6b40e02

Time (s): cpu = 00:00:00.32 ; elapsed = 00:00:00.13 . Memory (MB): peak = 3147.238 ; gain = 0.000 ; free physical = 22709 ; free virtual = 36740

Phase 1.3 Build Placer Netlist Model
Phase 1.3 Build Placer Netlist Model | Checksum: 1ceabe2e9

Time (s): cpu = 00:00:00.73 ; elapsed = 00:00:00.32 . Memory (MB): peak = 3147.238 ; gain = 0.000 ; free physical = 22710 ; free virtual = 36741

Phase 1.4 Constrain Clocks/Macros
Phase 1.4 Constrain Clocks/Macros | Checksum: 1ceabe2e9

Time (s): cpu = 00:00:00.73 ; elapsed = 00:00:00.32 . Memory (MB): peak = 3147.238 ; gain = 0.000 ; free physical = 22710 ; free virtual = 36741
Phase 1 Placer Initialization | Checksum: 1ceabe2e9

Time (s): cpu = 00:00:00.74 ; elapsed = 00:00:00.33 . Memory (MB): peak = 3147.238 ; gain = 0.000 ; free physical = 22710 ; free virtual = 36741

Phase 2 Global Placement

Phase 2.1 Floorplanning
Phase 2.1 Floorplanning | Checksum: 2906af6ee

Time (s): cpu = 00:00:00.86 ; elapsed = 00:00:00.37 . Memory (MB): peak = 3147.238 ; gain = 0.000 ; free physical = 22710 ; free virtual = 36741

Phase 2.2 Update Timing before SLR Path Opt
Phase 2.2 Update Timing before SLR Path Opt | Checksum: 2af16481e

Time (s): cpu = 00:00:00.96 ; elapsed = 00:00:00.4 . Memory (MB): peak = 3147.238 ; gain = 0.000 ; free physical = 22709 ; free virtual = 36740

Phase 2.3 Post-Processing in Floorplanning
Phase 2.3 Post-Processing in Floorplanning | Checksum: 2af16481e

Time (s): cpu = 00:00:00.96 ; elapsed = 00:00:00.4 . Memory (MB): peak = 3147.238 ; gain = 0.000 ; free physical = 22709 ; free virtual = 36740

Phase 2.4 Global Place Phase1
Phase 2.4 Global Place Phase1 | Checksum: 1cf5b6a45

Time (s): cpu = 00:00:03 ; elapsed = 00:00:01 . Memory (MB): peak = 3147.238 ; gain = 0.000 ; free physical = 22720 ; free virtual = 36751

Phase 2.5 Global Place Phase2

Phase 2.5.1 UpdateTiming Before Physical Synthesis
Phase 2.5.1 UpdateTiming Before Physical Synthesis | Checksum: 29a9a8cc7

Time (s): cpu = 00:00:03 ; elapsed = 00:00:01 . Memory (MB): peak = 3147.238 ; gain = 0.000 ; free physical = 22721 ; free virtual = 36752

Phase 2.5.2 Physical Synthesis In Placer
INFO: [Physopt 32-1035] Found 18 LUTNM shape to break, 93 LUT instances to create LUTNM shape
INFO: [Physopt 32-1044] Break lutnm for timing: one critical 17, two critical 1, total 18, new lutff created 0
INFO: [Physopt 32-1138] End 1 Pass. Optimized 58 nets or LUTs. Breaked 18 LUTs, combined 40 existing LUTs and moved 0 existing LUT
INFO: [Physopt 32-65] No nets found for high-fanout optimization.
INFO: [Physopt 32-232] Optimized 0 net. Created 0 new instance.
INFO: [Physopt 32-775] End 1 Pass. Optimized 0 net or cell. Created 0 new cell, deleted 0 existing cell and moved 0 existing cell
INFO: [Physopt 32-456] No candidate cells for DSP register optimization found in the design.
INFO: [Physopt 32-775] End 2 Pass. Optimized 0 net or cell. Created 0 new cell, deleted 0 existing cell and moved 0 existing cell
INFO: [Physopt 32-1123] No candidate cells found for Shift Register to Pipeline optimization
INFO: [Physopt 32-775] End 2 Pass. Optimized 0 net or cell. Created 0 new cell, deleted 0 existing cell and moved 0 existing cell
INFO: [Physopt 32-1402] Pass 1: Identified 15 candidate cells for Shift Register optimization.
INFO: [Physopt 32-775] End 1 Pass. Optimized 10 nets or cells. Created 20 new cells, deleted 0 existing cell and moved 0 existing cell
Netlist sorting complete. Time (s): cpu = 00:00:00 ; elapsed = 00:00:00.01 . Memory (MB): peak = 3147.238 ; gain = 0.000 ; free physical = 22720 ; free virtual = 36751
INFO: [Physopt 32-526] No candidate cells for BRAM register optimization found in the design
INFO: [Physopt 32-775] End 1 Pass. Optimized 0 net or cell. Created 0 new cell, deleted 0 existing cell and moved 0 existing cell
INFO: [Physopt 32-846] No candidate cells for URAM register optimization found in the design
INFO: [Physopt 32-775] End 1 Pass. Optimized 0 net or cell. Created 0 new cell, deleted 0 existing cell and moved 0 existing cell
INFO: [Physopt 32-846] No candidate cells for URAM register optimization found in the design
INFO: [Physopt 32-775] End 1 Pass. Optimized 0 net or cell. Created 0 new cell, deleted 0 existing cell and moved 0 existing cell
INFO: [Physopt 32-949] No candidate nets found for dynamic/static region interface net replication
INFO: [Physopt 32-775] End 1 Pass. Optimized 0 net or cell. Created 0 new cell, deleted 0 existing cell and moved 0 existing cell
Netlist sorting complete. Time (s): cpu = 00:00:00 ; elapsed = 00:00:00 . Memory (MB): peak = 3147.238 ; gain = 0.000 ; free physical = 22720 ; free virtual = 36751

Summary of Physical Synthesis Optimizations
============================================


-----------------------------------------------------------------------------------------------------------------------------------------------------------
|  Optimization                                     |  Added Cells  |  Removed Cells  |  Optimized Cells/Nets  |  Dont Touch  |  Iterations  |  Elapsed   |
-----------------------------------------------------------------------------------------------------------------------------------------------------------
|  LUT Combining                                    |           18  |             40  |                    58  |           0  |           1  |  00:00:00  |
|  Retime                                           |            0  |              0  |                     0  |           0  |           1  |  00:00:00  |
|  Very High Fanout                                 |            0  |              0  |                     0  |           0  |           1  |  00:00:00  |
|  DSP Register                                     |            0  |              0  |                     0  |           0  |           1  |  00:00:00  |
|  Shift Register to Pipeline                       |            0  |              0  |                     0  |           0  |           1  |  00:00:00  |
|  Shift Register                                   |           20  |              0  |                    10  |           0  |           1  |  00:00:00  |
|  BRAM Register                                    |            0  |              0  |                     0  |           0  |           1  |  00:00:00  |
|  URAM Register                                    |            0  |              0  |                     0  |           0  |           1  |  00:00:00  |
|  Dynamic/Static Region Interface Net Replication  |            0  |              0  |                     0  |           0  |           1  |  00:00:00  |
|  Total                                            |           38  |             40  |                    68  |           0  |           9  |  00:00:00  |
-----------------------------------------------------------------------------------------------------------------------------------------------------------


Phase 2.5.2 Physical Synthesis In Placer | Checksum: 21a23cede

Time (s): cpu = 00:00:03 ; elapsed = 00:00:02 . Memory (MB): peak = 3147.238 ; gain = 0.000 ; free physical = 22720 ; free virtual = 36751
Phase 2.5 Global Place Phase2 | Checksum: 25ea654b5

Time (s): cpu = 00:00:04 ; elapsed = 00:00:02 . Memory (MB): peak = 3147.238 ; gain = 0.000 ; free physical = 22720 ; free virtual = 36751
Phase 2 Global Placement | Checksum: 25ea654b5

Time (s): cpu = 00:00:04 ; elapsed = 00:00:02 . Memory (MB): peak = 3147.238 ; gain = 0.000 ; free physical = 22720 ; free virtual = 36751

Phase 3 Detail Placement

Phase 3.1 Commit Multi Column Macros
Phase 3.1 Commit Multi Column Macros | Checksum: 300e665db

Time (s): cpu = 00:00:04 ; elapsed = 00:00:02 . Memory (MB): peak = 3147.238 ; gain = 0.000 ; free physical = 22721 ; free virtual = 36752

Phase 3.2 Commit Most Macros & LUTRAMs
Phase 3.2 Commit Most Macros & LUTRAMs | Checksum: 2c21f2bc3

Time (s): cpu = 00:00:04 ; elapsed = 00:00:02 . Memory (MB): peak = 3147.238 ; gain = 0.000 ; free physical = 22722 ; free virtual = 36753

Phase 3.3 Area Swap Optimization
Phase 3.3 Area Swap Optimization | Checksum: 260734a21

Time (s): cpu = 00:00:04 ; elapsed = 00:00:02 . Memory (MB): peak = 3147.238 ; gain = 0.000 ; free physical = 22722 ; free virtual = 36753

Phase 3.4 Pipeline Register Optimization
Phase 3.4 Pipeline Register Optimization | Checksum: 22a9b8e3f

Time (s): cpu = 00:00:04 ; elapsed = 00:00:02 . Memory (MB): peak = 3147.238 ; gain = 0.000 ; free physical = 22722 ; free virtual = 36753

Phase 3.5 Fast Optimization
Phase 3.5 Fast Optimization | Checksum: 1fe62f4aa

Time (s): cpu = 00:00:04 ; elapsed = 00:00:02 . Memory (MB): peak = 3147.238 ; gain = 0.000 ; free physical = 22723 ; free virtual = 36754

Phase 3.6 Small Shape Detail Placement
Phase 3.6 Small Shape Detail Placement | Checksum: 263d18a17

Time (s): cpu = 00:00:05 ; elapsed = 00:00:02 . Memory (MB): peak = 3147.238 ; gain = 0.000 ; free physical = 22722 ; free virtual = 36753

Phase 3.7 Re-assign LUT pins
Phase 3.7 Re-assign LUT pins | Checksum: 23696a455

Time (s): cpu = 00:00:05 ; elapsed = 00:00:02 . Memory (MB): peak = 3147.238 ; gain = 0.000 ; free physical = 22722 ; free virtual = 36753

Phase 3.8 Pipeline Register Optimization
Phase 3.8 Pipeline Register Optimization | Checksum: 235d8599b

Time (s): cpu = 00:00:05 ; elapsed = 00:00:02 . Memory (MB): peak = 3147.238 ; gain = 0.000 ; free physical = 22722 ; free virtual = 36753

Phase 3.9 Fast Optimization
Phase 3.9 Fast Optimization | Checksum: 2895de944

Time (s): cpu = 00:00:05 ; elapsed = 00:00:02 . Memory (MB): peak = 3147.238 ; gain = 0.000 ; free physical = 22730 ; free virtual = 36761
Phase 3 Detail Placement | Checksum: 2895de944

Time (s): cpu = 00:00:05 ; elapsed = 00:00:02 . Memory (MB): peak = 3147.238 ; gain = 0.000 ; free physical = 22730 ; free virtual = 36761

Phase 4 Post Placement Optimization and Clean-Up

Phase 4.1 Post Commit Optimization
INFO: [Timing 38-35] Done setting XDC timing constraints.

Phase 4.1.1 Post Placement Optimization
Post Placement Optimization Initialization | Checksum: 2231ad314

Phase 4.1.1.1 BUFG Insertion

Starting Physical Synthesis Task

Phase 1 Physical Synthesis Initialization
INFO: [Physopt 32-721] Multithreading enabled for phys_opt_design using a maximum of 4 CPUs
INFO: [Physopt 32-619] Estimated Timing Summary | WNS=0.150 | TNS=0.000 |
Phase 1 Physical Synthesis Initialization | Checksum: 16aa2b26a

Time (s): cpu = 00:00:00.05 ; elapsed = 00:00:00.02 . Memory (MB): peak = 3147.238 ; gain = 0.000 ; free physical = 22730 ; free virtual = 36761
INFO: [Place 46-56] BUFG insertion identified 0 candidate nets. Inserted BUFG: 0, Replicated BUFG Driver: 0, Skipped due to Placement/Routing Conflicts: 0, Skipped due to Timing Degradation: 0, Skipped due to netlist editing failed: 0.
Ending Physical Synthesis Task | Checksum: 2f7247ef7

Time (s): cpu = 00:00:00.07 ; elapsed = 00:00:00.03 . Memory (MB): peak = 3147.238 ; gain = 0.000 ; free physical = 22730 ; free virtual = 36761
Phase 4.1.1.1 BUFG Insertion | Checksum: 2231ad314

Time (s): cpu = 00:00:06 ; elapsed = 00:00:03 . Memory (MB): peak = 3147.238 ; gain = 0.000 ; free physical = 22730 ; free virtual = 36761

Phase 4.1.1.2 Post Placement Timing Optimization
INFO: [Place 30-746] Post Placement Timing Summary WNS=0.508. For the most accurate timing information please run report_timing.
Phase 4.1.1.2 Post Placement Timing Optimization | Checksum: 20d04d721

Time (s): cpu = 00:00:06 ; elapsed = 00:00:03 . Memory (MB): peak = 3147.238 ; gain = 0.000 ; free physical = 22731 ; free virtual = 36762

Time (s): cpu = 00:00:06 ; elapsed = 00:00:03 . Memory (MB): peak = 3147.238 ; gain = 0.000 ; free physical = 22731 ; free virtual = 36762
Phase 4.1 Post Commit Optimization | Checksum: 20d04d721

Time (s): cpu = 00:00:06 ; elapsed = 00:00:03 . Memory (MB): peak = 3147.238 ; gain = 0.000 ; free physical = 22731 ; free virtual = 36762

Phase 4.2 Post Placement Cleanup
Phase 4.2 Post Placement Cleanup | Checksum: 20d04d721

Time (s): cpu = 00:00:06 ; elapsed = 00:00:03 . Memory (MB): peak = 3147.238 ; gain = 0.000 ; free physical = 22732 ; free virtual = 36763

Phase 4.3 Placer Reporting

Phase 4.3.1 Print Estimated Congestion
INFO: [Place 30-612] Post-Placement Estimated Congestion 
 ____________________________________________________
|           | Global Congestion | Short Congestion  |
| Direction | Region Size       | Region Size       |
|___________|___________________|___________________|
|      North|                1x1|                2x2|
|___________|___________________|___________________|
|      South|                1x1|                1x1|
|___________|___________________|___________________|
|       East|                1x1|                1x1|
|___________|___________________|___________________|
|       West|                1x1|                1x1|
|___________|___________________|___________________|

Phase 4.3.1 Print Estimated Congestion | Checksum: 20d04d721

Time (s): cpu = 00:00:06 ; elapsed = 00:00:03 . Memory (MB): peak = 3147.238 ; gain = 0.000 ; free physical = 22732 ; free virtual = 36763
Phase 4.3 Placer Reporting | Checksum: 20d04d721

Time (s): cpu = 00:00:06 ; elapsed = 00:00:03 . Memory (MB): peak = 3147.238 ; gain = 0.000 ; free physical = 22732 ; free virtual = 36763

Phase 4.4 Final Placement Cleanup
Netlist sorting complete. Time (s): cpu = 00:00:00 ; elapsed = 00:00:00 . Memory (MB): peak = 3147.238 ; gain = 0.000 ; free physical = 22732 ; free virtual = 36763

Time (s): cpu = 00:00:06 ; elapsed = 00:00:03 . Memory (MB): peak = 3147.238 ; gain = 0.000 ; free physical = 22732 ; free virtual = 36763
Phase 4 Post Placement Optimization and Clean-Up | Checksum: 273024d77

Time (s): cpu = 00:00:06 ; elapsed = 00:00:03 . Memory (MB): peak = 3147.238 ; gain = 0.000 ; free physical = 22732 ; free virtual = 36763
Ending Placer Task | Checksum: 2509135d2

Time (s): cpu = 00:00:06 ; elapsed = 00:00:03 . Memory (MB): peak = 3147.238 ; gain = 0.000 ; free physical = 22732 ; free virtual = 36763
36 Infos, 0 Warnings, 0 Critical Warnings and 0 Errors encountered.
place_design completed successfully
# report_clock_utilization -file $outputDir/clock_util.rpt
# if {[get_property SLACK [get_timing_paths -max_paths 1 -nworst 1 -setup]] < 0} {
#  puts "Found setup timing violations => running physical optimization"
#  phys_opt_design
# }
# report_utilization -file $outputDir/post_place_util.rpt
# report_timing_summary -file $outputDir/post_place_timing_summary.rpt
# report_timing -file $outputDir/post_place_timing.rpt
INFO: [Timing 38-78] ReportTimingParams: -max_paths 1 -nworst 1 -delay_type max -sort_by slack.
# route_design -directive Explore
Command: route_design -directive Explore
Attempting to get a license for feature 'Implementation' and/or device 'xc7s50'
INFO: [Common 17-349] Got license for feature 'Implementation' and/or device 'xc7s50'


Starting Routing Task
INFO: [Route 35-270] Using Router directive 'Explore'.
INFO: [Route 35-254] Multithreading enabled for route_design using a maximum of 4 CPUs

Phase 1 Build RT Design
Checksum: PlaceDB: b21804b7 ConstDB: 0 ShapeSum: f3e7fde5 RouteDB: aa913336
Post Restoration Checksum: NetGraph: 1169ac6c | NumContArr: c599a0bc | Constraints: c2a8fa9d | Timing: c2a8fa9d
Phase 1 Build RT Design | Checksum: 25c554262

Time (s): cpu = 00:00:07 ; elapsed = 00:00:06 . Memory (MB): peak = 3147.238 ; gain = 0.000 ; free physical = 22747 ; free virtual = 36778

Phase 2 Router Initialization

Phase 2.1 Fix Topology Constraints
Phase 2.1 Fix Topology Constraints | Checksum: 25c554262

Time (s): cpu = 00:00:07 ; elapsed = 00:00:06 . Memory (MB): peak = 3147.238 ; gain = 0.000 ; free physical = 22747 ; free virtual = 36778

Phase 2.2 Pre Route Cleanup
Phase 2.2 Pre Route Cleanup | Checksum: 25c554262

Time (s): cpu = 00:00:07 ; elapsed = 00:00:06 . Memory (MB): peak = 3147.238 ; gain = 0.000 ; free physical = 22747 ; free virtual = 36778
 Number of Nodes with overlaps = 0

Phase 2.3 Update Timing
Phase 2.3 Update Timing | Checksum: 1c9bc1192

Time (s): cpu = 00:00:08 ; elapsed = 00:00:06 . Memory (MB): peak = 3147.238 ; gain = 0.000 ; free physical = 22752 ; free virtual = 36783
INFO: [Route 35-416] Intermediate Timing Summary | WNS=0.450  | TNS=0.000  | WHS=-0.293 | THS=-24.650|


Phase 2.4 Soft Constraint Pins - Fast Budgeting
Phase 2.4 Soft Constraint Pins - Fast Budgeting | Checksum: 1a9dd4ea6

Time (s): cpu = 00:00:08 ; elapsed = 00:00:06 . Memory (MB): peak = 3147.238 ; gain = 0.000 ; free physical = 22752 ; free virtual = 36783

Router Utilization Summary
  Global Vertical Routing Utilization    = 0 %
  Global Horizontal Routing Utilization  = 0 %
  Routable Net Status*
  *Does not include unroutable nets such as driverless and loadless.
  Run report_route_status for detailed report.
  Number of Failed Nets               = 2184
    (Failed Nets is the sum of unrouted and partially routed nets)
  Number of Unrouted Nets             = 2184
  Number of Partially Routed Nets     = 0
  Number of Node Overlaps             = 0

Phase 2 Router Initialization | Checksum: 1fcd8cfa3

Time (s): cpu = 00:00:08 ; elapsed = 00:00:06 . Memory (MB): peak = 3147.238 ; gain = 0.000 ; free physical = 22752 ; free virtual = 36783

Phase 3 Global Routing
Phase 3 Global Routing | Checksum: 1fcd8cfa3

Time (s): cpu = 00:00:08 ; elapsed = 00:00:06 . Memory (MB): peak = 3147.238 ; gain = 0.000 ; free physical = 22752 ; free virtual = 36783

Phase 4 Initial Routing

Phase 4.1 Initial Net Routing Pass
Phase 4.1 Initial Net Routing Pass | Checksum: 26f1fc78c

Time (s): cpu = 00:00:09 ; elapsed = 00:00:07 . Memory (MB): peak = 3147.238 ; gain = 0.000 ; free physical = 22752 ; free virtual = 36784
Phase 4 Initial Routing | Checksum: 26f1fc78c

Time (s): cpu = 00:00:09 ; elapsed = 00:00:07 . Memory (MB): peak = 3147.238 ; gain = 0.000 ; free physical = 22752 ; free virtual = 36784

Phase 5 Rip-up And Reroute

Phase 5.1 Global Iteration 0
 Number of Nodes with overlaps = 401
 Number of Nodes with overlaps = 165
 Number of Nodes with overlaps = 53
 Number of Nodes with overlaps = 31
 Number of Nodes with overlaps = 14
 Number of Nodes with overlaps = 6
 Number of Nodes with overlaps = 5
 Number of Nodes with overlaps = 1
 Number of Nodes with overlaps = 0
INFO: [Route 35-416] Intermediate Timing Summary | WNS=0.471  | TNS=0.000  | WHS=N/A    | THS=N/A    |

Phase 5.1 Global Iteration 0 | Checksum: 265d166ba

Time (s): cpu = 00:00:11 ; elapsed = 00:00:08 . Memory (MB): peak = 3147.238 ; gain = 0.000 ; free physical = 22757 ; free virtual = 36788

Phase 5.2 Global Iteration 1
 Number of Nodes with overlaps = 3
 Number of Nodes with overlaps = 1
 Number of Nodes with overlaps = 0
INFO: [Route 35-416] Intermediate Timing Summary | WNS=0.471  | TNS=0.000  | WHS=N/A    | THS=N/A    |

Phase 5.2 Global Iteration 1 | Checksum: 1810df402

Time (s): cpu = 00:00:11 ; elapsed = 00:00:08 . Memory (MB): peak = 3147.238 ; gain = 0.000 ; free physical = 22757 ; free virtual = 36788
Phase 5 Rip-up And Reroute | Checksum: 1810df402

Time (s): cpu = 00:00:11 ; elapsed = 00:00:08 . Memory (MB): peak = 3147.238 ; gain = 0.000 ; free physical = 22757 ; free virtual = 36788

Phase 6 Delay and Skew Optimization

Phase 6.1 Delay CleanUp
Phase 6.1 Delay CleanUp | Checksum: 1810df402

Time (s): cpu = 00:00:11 ; elapsed = 00:00:08 . Memory (MB): peak = 3147.238 ; gain = 0.000 ; free physical = 22757 ; free virtual = 36788

Phase 6.2 Clock Skew Optimization
Phase 6.2 Clock Skew Optimization | Checksum: 1810df402

Time (s): cpu = 00:00:11 ; elapsed = 00:00:08 . Memory (MB): peak = 3147.238 ; gain = 0.000 ; free physical = 22757 ; free virtual = 36788
Phase 6 Delay and Skew Optimization | Checksum: 1810df402

Time (s): cpu = 00:00:11 ; elapsed = 00:00:08 . Memory (MB): peak = 3147.238 ; gain = 0.000 ; free physical = 22757 ; free virtual = 36788

Phase 7 Post Hold Fix

Phase 7.1 Hold Fix Iter
INFO: [Route 35-416] Intermediate Timing Summary | WNS=0.507  | TNS=0.000  | WHS=0.022  | THS=0.000  |

Phase 7.1 Hold Fix Iter | Checksum: 212b31672

Time (s): cpu = 00:00:11 ; elapsed = 00:00:08 . Memory (MB): peak = 3147.238 ; gain = 0.000 ; free physical = 22760 ; free virtual = 36791
Phase 7 Post Hold Fix | Checksum: 212b31672

Time (s): cpu = 00:00:11 ; elapsed = 00:00:08 . Memory (MB): peak = 3147.238 ; gain = 0.000 ; free physical = 22760 ; free virtual = 36791

Phase 8 Route finalize

Router Utilization Summary
  Global Vertical Routing Utilization    = 0.989636 %
  Global Horizontal Routing Utilization  = 1.07548 %
  Routable Net Status*
  *Does not include unroutable nets such as driverless and loadless.
  Run report_route_status for detailed report.
  Number of Failed Nets               = 0
    (Failed Nets is the sum of unrouted and partially routed nets)
  Number of Unrouted Nets             = 0
  Number of Partially Routed Nets     = 0
  Number of Node Overlaps             = 0

Phase 8 Route finalize | Checksum: 212b31672

Time (s): cpu = 00:00:11 ; elapsed = 00:00:08 . Memory (MB): peak = 3147.238 ; gain = 0.000 ; free physical = 22761 ; free virtual = 36792

Phase 9 Verifying routed nets

 Verification completed successfully
Phase 9 Verifying routed nets | Checksum: 212b31672

Time (s): cpu = 00:00:11 ; elapsed = 00:00:08 . Memory (MB): peak = 3147.238 ; gain = 0.000 ; free physical = 22761 ; free virtual = 36792

Phase 10 Depositing Routes
Phase 10 Depositing Routes | Checksum: 21bf699ab

Time (s): cpu = 00:00:11 ; elapsed = 00:00:08 . Memory (MB): peak = 3147.238 ; gain = 0.000 ; free physical = 22761 ; free virtual = 36792

Phase 11 Post Process Routing
Phase 11 Post Process Routing | Checksum: 21bf699ab

Time (s): cpu = 00:00:11 ; elapsed = 00:00:08 . Memory (MB): peak = 3147.238 ; gain = 0.000 ; free physical = 22761 ; free virtual = 36792

Phase 12 Post Router Timing
INFO: [Route 35-20] Post Routing Timing Summary | WNS=0.507  | TNS=0.000  | WHS=0.023  | THS=0.000  |

Phase 12 Post Router Timing | Checksum: 2245f2adb

Time (s): cpu = 00:00:12 ; elapsed = 00:00:08 . Memory (MB): peak = 3147.238 ; gain = 0.000 ; free physical = 22761 ; free virtual = 36792
INFO: [Route 35-61] The design met the timing requirement.
Total Elapsed time in route_design: 8.4 secs

Phase 13 Post-Route Event Processing
Phase 13 Post-Route Event Processing | Checksum: 25a9abfe1

Time (s): cpu = 00:00:12 ; elapsed = 00:00:08 . Memory (MB): peak = 3147.238 ; gain = 0.000 ; free physical = 22761 ; free virtual = 36793
INFO: [Route 35-16] Router Completed Successfully
Ending Routing Task | Checksum: 25a9abfe1

Time (s): cpu = 00:00:12 ; elapsed = 00:00:08 . Memory (MB): peak = 3147.238 ; gain = 0.000 ; free physical = 22761 ; free virtual = 36793

Routing Is Done.
INFO: [Common 17-83] Releasing license: Implementation
11 Infos, 0 Warnings, 0 Critical Warnings and 0 Errors encountered.
route_design completed successfully
route_design: Time (s): cpu = 00:00:12 ; elapsed = 00:00:08 . Memory (MB): peak = 3147.238 ; gain = 0.000 ; free physical = 22761 ; free virtual = 36793
# report_route_status -file $outputDir/post_route_status.rpt
# report_timing_summary -file $outputDir/post_route_timing_summary.rpt
# report_timing -file $outputDir/post_route_timing.rpt
INFO: [Timing 38-78] ReportTimingParams: -max_paths 1 -nworst 1 -delay_type max -sort_by slack.
# report_power -file $outputDir/post_route_power.rpt
Command: report_power -file obj/post_route_power.rpt
Running Vector-less Activity Propagation...

Finished Running Vector-less Activity Propagation
0 Infos, 0 Warnings, 0 Critical Warnings and 0 Errors encountered.
report_power completed successfully
# report_drc -file $outputDir/post_imp_drc.rpt
Command: report_drc -file obj/post_imp_drc.rpt
INFO: [IP_Flow 19-234] Refreshing IP repositories
INFO: [IP_Flow 19-1704] No user IP repositories specified
INFO: [IP_Flow 19-2313] Loaded Vivado IP repository '/tools/Xilinx/2025.1/Vivado/data/ip'.
INFO: [DRC 23-27] Running DRC with 4 threads
INFO: [Vivado_Tcl 2-168] The results of DRC are in file /home/fpga/worker_place/temp/temp/2f335536f8ae4a029501e48a270bbd96/obj/post_imp_drc.rpt.
report_drc completed successfully
# write_bitstream -force $outputDir/final.bit
Command: write_bitstream -force obj/final.bit
Attempting to get a license for feature 'Implementation' and/or device 'xc7s50'
INFO: [Common 17-349] Got license for feature 'Implementation' and/or device 'xc7s50'
Running DRC as a precondition to command write_bitstream
INFO: [IP_Flow 19-1839] IP Catalog is up to date.
INFO: [DRC 23-27] Running DRC with 4 threads
INFO: [Vivado 12-3199] DRC finished with 0 Errors
INFO: [Vivado 12-3200] Please refer to the DRC report (report_drc) for more information.
INFO: [Designutils 20-2272] Running write_bitstream with 4 threads.
Loading data files...
Loading site data...
Loading route data...
Processing options...
Creating bitmap...
Creating bitstream...
Bitstream compression saved 9205536 bits.
Writing bitstream obj/final.bit...
INFO: [Vivado 12-1842] Bitgen Completed Successfully.
INFO: [Common 17-83] Releasing license: Implementation
8 Infos, 0 Warnings, 0 Critical Warnings and 0 Errors encountered.
write_bitstream completed successfully
write_bitstream: Time (s): cpu = 00:00:10 ; elapsed = 00:00:25 . Memory (MB): peak = 3270.613 ; gain = 123.375 ; free physical = 22628 ; free virtual = 36660
INFO: [Common 17-206] Exiting Vivado at Tue Oct 14 20:38:02 2025...
