idx,state,label_idx,sample_idx,neuron_idx,n_labeled,sum_spikes,label_match,label_value,spike_value
0,1,0,0,0,0,0,0,0,1
1,1,0,0,1,0,0,0,0,0
2,1,0,0,2,0,0,0,0,0
3,1,0,0,3,0,0,0,0,0
4,1,0,0,4,0,0,0,0,0
5,1,0,0,5,0,0,0,0,0
6,1,0,0,6,0,0,0,0,0
7,1,0,0,7,0,0,0,0,0
8,1,0,0,8,0,0,0,0,0
9,1,0,0,9,0,0,0,0,0
10,1,0,0,10,0,0,0,0,0
11,1,0,0,11,0,0,0,0,0
12,1,0,0,12,0,0,0,0,0
13,1,0,0,13,0,0,0,0,1
14,1,0,0,14,0,0,0,0,0
15,1,0,0,15,0,0,0,0,0
16,1,0,0,16,0,0,0,0,0
17,1,0,0,17,0,0,0,0,0
18,1,0,0,18,0,0,0,0,0
19,1,0,0,19,0,0,0,0,0
20,1,0,0,20,0,0,0,0,0
21,1,0,0,21,0,0,0,0,0
22,1,0,0,22,0,0,0,0,0
23,1,0,0,23,0,0,0,0,0
24,1,0,0,24,0,0,0,0,0
25,1,0,0,25,0,0,0,0,0
26,1,0,0,26,0,0,0,0,1
27,1,0,0,27,0,0,0,0,0
28,1,0,0,28,0,0,0,0,0
29,1,0,0,29,0,0,0,0,0
30,1,0,0,30,0,0,0,0,0
31,1,0,0,31,0,0,0,0,0
32,1,0,0,32,0,0,0,0,0
33,1,0,0,33,0,0,0,0,0
34,1,0,0,34,0,0,0,0,0
35,1,0,0,35,0,0,0,0,0
36,1,0,0,36,0,0,0,0,0
37,1,0,0,37,0,0,0,0,0
38,1,0,0,38,0,0,0,0,0
39,1,0,0,39,0,0,0,0,1
40,1,0,0,40,0,0,0,0,0
41,1,0,0,41,0,0,0,0,0
42,1,0,0,42,0,0,0,0,0
43,1,0,0,43,0,0,0,0,0
44,1,0,0,44,0,0,0,0,0
45,1,0,0,45,0,0,0,0,0
46,1,0,0,46,0,0,0,0,0
47,1,0,0,47,0,0,0,0,0
48,1,0,0,48,0,0,0,0,0
49,1,0,0,49,0,0,0,0,0
50,1,0,0,50,0,0,0,0,0
51,1,0,0,51,0,0,0,0,0
52,1,0,0,52,0,0,0,0,1
53,1,0,0,53,0,0,0,0,0
54,1,0,0,54,0,0,0,0,0
55,1,0,0,55,0,0,0,0,0
56,1,0,0,56,0,0,0,0,0
57,1,0,0,57,0,0,0,0,0
58,1,0,0,58,0,0,0,0,0
59,1,0,0,59,0,0,0,0,0
60,1,0,0,60,0,0,0,0,0
61,1,0,0,61,0,0,0,0,0
62,1,0,0,62,0,0,0,0,0
63,1,0,0,63,0,0,0,0,0
64,1,0,0,64,0,0,0,0,0
65,1,0,0,65,0,0,0,0,0
66,1,0,0,66,0,0,0,0,0
67,1,0,0,67,0,0,0,0,0
68,1,0,0,68,0,0,0,0,0
69,1,0,0,69,0,0,0,0,0
70,1,0,0,70,0,0,0,0,0
71,1,0,0,71,0,0,0,0,0
72,1,0,0,72,0,0,0,0,0
73,1,0,0,73,0,0,0,0,0
74,1,0,0,74,0,0,0,0,0
75,1,0,0,75,0,0,0,0,0
76,1,0,0,76,0,0,0,0,0
77,1,0,0,77,0,0,0,0,0
78,1,0,0,78,0,0,0,0,0
79,1,0,0,79,0,0,0,0,0
80,1,0,0,80,0,0,0,0,0
81,1,0,0,81,0,0,0,0,0
82,1,0,0,82,0,0,0,0,0
83,1,0,0,83,0,0,0,0,0
84,1,0,0,84,0,0,0,0,0
85,1,0,0,85,0,0,0,0,0
86,1,0,0,86,0,0,0,0,0
87,1,0,0,87,0,0,0,0,0
88,1,0,0,88,0,0,0,0,0
89,1,0,0,89,0,0,0,0,0
90,1,0,0,90,0,0,0,0,0
91,1,0,0,91,0,0,0,0,0
92,1,0,0,92,0,0,0,0,0
93,1,0,0,93,0,0,0,0,0
94,1,0,0,94,0,0,0,0,0
95,1,0,0,95,0,0,0,0,0
96,1,0,0,96,0,0,0,0,0
97,1,0,0,97,0,0,0,0,0
98,1,0,0,98,0,0,0,0,0
99,1,0,0,99,0,0,0,0,0
100,2,0,0,0,0,0,0,0,1
101,3,0,0,0,0,0,1,0,1
102,3,0,0,1,0,0,1,0,0
103,3,0,0,2,0,0,1,0,0
104,3,0,0,3,0,0,1,0,0
105,3,0,0,4,0,0,1,0,0
106,3,0,0,5,0,0,1,0,0
107,3,0,0,6,0,0,1,0,0
108,3,0,0,7,0,0,1,0,0
109,3,0,0,8,0,0,1,0,0
110,3,0,0,9,0,0,1,0,0
111,3,0,0,10,0,0,1,0,0
112,3,0,0,11,0,0,1,0,0
113,3,0,0,12,0,0,1,0,0
114,3,0,0,13,0,0,1,0,1
115,3,0,0,14,0,0,1,0,0
116,3,0,0,15,0,0,1,0,0
117,3,0,0,16,0,0,1,0,0
118,3,0,0,17,0,0,1,0,0
119,3,0,0,18,0,0,1,0,0
120,3,0,0,19,0,0,1,0,0
121,3,0,0,20,0,0,1,0,0
122,3,0,0,21,0,0,1,0,0
123,3,0,0,22,0,0,1,0,0
124,3,0,0,23,0,0,1,0,0
125,3,0,0,24,0,0,1,0,0
126,3,0,0,25,0,0,1,0,0
127,3,0,0,26,0,0,1,0,1
128,3,0,0,27,0,0,1,0,0
129,3,0,0,28,0,0,1,0,0
130,3,0,0,29,0,0,1,0,0
131,3,0,0,30,0,0,1,0,0
132,3,0,0,31,0,0,1,0,0
133,3,0,0,32,0,0,1,0,0
134,3,0,0,33,0,0,1,0,0
135,3,0,0,34,0,0,1,0,0
136,3,0,0,35,0,0,1,0,0
137,3,0,0,36,0,0,1,0,0
138,3,0,0,37,0,0,1,0,0
139,3,0,0,38,0,0,1,0,0
140,3,0,0,39,0,0,1,0,1
141,3,0,0,40,0,0,1,0,0
142,3,0,0,41,0,0,1,0,0
143,3,0,0,42,0,0,1,0,0
144,3,0,0,43,0,0,1,0,0
145,3,0,0,44,0,0,1,0,0
146,3,0,0,45,0,0,1,0,0
147,3,0,0,46,0,0,1,0,0
148,3,0,0,47,0,0,1,0,0
149,3,0,0,48,0,0,1,0,0
150,3,0,0,49,0,0,1,0,0
151,3,0,0,50,0,0,1,0,0
152,3,0,0,51,0,0,1,0,0
153,3,0,0,52,0,0,1,0,1
154,3,0,0,53,0,0,1,0,0
155,3,0,0,54,0,0,1,0,0
156,3,0,0,55,0,0,1,0,0
157,3,0,0,56,0,0,1,0,0
158,3,0,0,57,0,0,1,0,0
159,3,0,0,58,0,0,1,0,0
160,3,0,0,59,0,0,1,0,0
161,3,0,0,60,0,0,1,0,0
162,3,0,0,61,0,0,1,0,0
163,3,0,0,62,0,0,1,0,0
164,3,0,0,63,0,0,1,0,0
165,3,0,0,64,0,0,1,0,0
166,3,0,0,65,0,0,1,0,0
167,3,0,0,66,0,0,1,0,0
168,3,0,0,67,0,0,1,0,0
169,3,0,0,68,0,0,1,0,0
170,3,0,0,69,0,0,1,0,0
171,3,0,0,70,0,0,1,0,0
172,3,0,0,71,0,0,1,0,0
173,3,0,0,72,0,0,1,0,0
174,3,0,0,73,0,0,1,0,0
175,3,0,0,74,0,0,1,0,0
176,3,0,0,75,0,0,1,0,0
177,3,0,0,76,0,0,1,0,0
178,3,0,0,77,0,0,1,0,0
179,3,0,0,78,0,0,1,0,0
180,3,0,0,79,0,0,1,0,0
181,3,0,0,80,0,0,1,0,0
182,3,0,0,81,0,0,1,0,0
183,3,0,0,82,0,0,1,0,0
184,3,0,0,83,0,0,1,0,0
185,3,0,0,84,0,0,1,0,0
186,3,0,0,85,0,0,1,0,0
187,3,0,0,86,0,0,1,0,0
188,3,0,0,87,0,0,1,0,0
189,3,0,0,88,0,0,1,0,0
190,3,0,0,89,0,0,1,0,0
191,3,0,0,90,0,0,1,0,0
192,3,0,0,91,0,0,1,0,0
193,3,0,0,92,0,0,1,0,0
194,3,0,0,93,0,0,1,0,0
195,3,0,0,94,0,0,1,0,0
196,3,0,0,95,0,0,1,0,0
197,3,0,0,96,0,0,1,0,0
198,3,0,0,97,0,0,1,0,0
199,3,0,0,98,0,0,1,0,0
200,3,0,0,99,0,0,1,0,0
201,2,0,1,99,1,0,1,1,0
202,3,0,1,0,1,1,0,1,0
203,3,0,1,1,1,0,0,1,0
204,3,0,1,2,1,0,0,1,0
205,3,0,1,3,1,0,0,1,0
206,3,0,1,4,1,0,0,1,0
207,3,0,1,5,1,0,0,1,0
208,3,0,1,6,1,0,0,1,0
209,3,0,1,7,1,0,0,1,1
210,3,0,1,8,1,0,0,1,0
211,3,0,1,9,1,0,0,1,0
212,3,0,1,10,1,0,0,1,0
213,3,0,1,11,1,0,0,1,0
214,3,0,1,12,1,0,0,1,0
215,3,0,1,13,1,1,0,1,0
216,3,0,1,14,1,0,0,1,0
217,3,0,1,15,1,0,0,1,0
218,3,0,1,16,1,0,0,1,0
219,3,0,1,17,1,0,0,1,0
220,3,0,1,18,1,0,0,1,0
221,3,0,1,19,1,0,0,1,0
222,3,0,1,20,1,0,0,1,1
223,3,0,1,21,1,0,0,1,0
224,3,0,1,22,1,0,0,1,0
225,3,0,1,23,1,0,0,1,0
226,3,0,1,24,1,0,0,1,0
227,3,0,1,25,1,0,0,1,0
228,3,0,1,26,1,1,0,1,0
229,3,0,1,27,1,0,0,1,0
230,3,0,1,28,1,0,0,1,0
231,3,0,1,29,1,0,0,1,0
232,3,0,1,30,1,0,0,1,0
233,3,0,1,31,1,0,0,1,0
234,3,0,1,32,1,0,0,1,0
235,3,0,1,33,1,0,0,1,1
236,3,0,1,34,1,0,0,1,0
237,3,0,1,35,1,0,0,1,0
238,3,0,1,36,1,0,0,1,0
239,3,0,1,37,1,0,0,1,0
240,3,0,1,38,1,0,0,1,0
241,3,0,1,39,1,1,0,1,0
242,3,0,1,40,1,0,0,1,0
243,3,0,1,41,1,0,0,1,0
244,3,0,1,42,1,0,0,1,0
245,3,0,1,43,1,0,0,1,0
246,3,0,1,44,1,0,0,1,0
247,3,0,1,45,1,0,0,1,0
248,3,0,1,46,1,0,0,1,1
249,3,0,1,47,1,0,0,1,0
250,3,0,1,48,1,0,0,1,0
251,3,0,1,49,1,0,0,1,0
252,3,0,1,50,1,0,0,1,0
253,3,0,1,51,1,0,0,1,0
254,3,0,1,52,1,1,0,1,0
255,3,0,1,53,1,0,0,1,0
256,3,0,1,54,1,0,0,1,0
257,3,0,1,55,1,0,0,1,0
258,3,0,1,56,1,0,0,1,0
259,3,0,1,57,1,0,0,1,0
260,3,0,1,58,1,0,0,1,0
261,3,0,1,59,1,0,0,1,1
262,3,0,1,60,1,0,0,1,0
263,3,0,1,61,1,0,0,1,0
264,3,0,1,62,1,0,0,1,0
265,3,0,1,63,1,0,0,1,0
266,3,0,1,64,1,0,0,1,0
267,3,0,1,65,1,0,0,1,0
268,3,0,1,66,1,0,0,1,0
269,3,0,1,67,1,0,0,1,0
270,3,0,1,68,1,0,0,1,0
271,3,0,1,69,1,0,0,1,0
272,3,0,1,70,1,0,0,1,0
273,3,0,1,71,1,0,0,1,0
274,3,0,1,72,1,0,0,1,0
275,3,0,1,73,1,0,0,1,0
276,3,0,1,74,1,0,0,1,0
277,3,0,1,75,1,0,0,1,0
278,3,0,1,76,1,0,0,1,0
279,3,0,1,77,1,0,0,1,0
280,3,0,1,78,1,0,0,1,0
281,3,0,1,79,1,0,0,1,0
282,3,0,1,80,1,0,0,1,0
283,3,0,1,81,1,0,0,1,0
284,3,0,1,82,1,0,0,1,0
285,3,0,1,83,1,0,0,1,0
286,3,0,1,84,1,0,0,1,0
287,3,0,1,85,1,0,0,1,0
288,3,0,1,86,1,0,0,1,0
289,3,0,1,87,1,0,0,1,0
290,3,0,1,88,1,0,0,1,0
291,3,0,1,89,1,0,0,1,0
292,3,0,1,90,1,0,0,1,0
293,3,0,1,91,1,0,0,1,0
294,3,0,1,92,1,0,0,1,0
295,3,0,1,93,1,0,0,1,0
296,3,0,1,94,1,0,0,1,0
297,3,0,1,95,1,0,0,1,0
298,3,0,1,96,1,0,0,1,0
299,3,0,1,97,1,0,0,1,0
300,3,0,1,98,1,0,0,1,0
301,3,0,1,99,1,0,0,1,0
302,2,0,2,99,1,0,0,2,0
303,3,0,2,0,1,1,0,2,0
304,3,0,2,1,1,0,0,2,0
305,3,0,2,2,1,0,0,2,0
306,3,0,2,3,1,0,0,2,0
307,3,0,2,4,1,0,0,2,0
308,3,0,2,5,1,0,0,2,0
309,3,0,2,6,1,0,0,2,0
310,3,0,2,7,1,0,0,2,0
311,3,0,2,8,1,0,0,2,0
312,3,0,2,9,1,0,0,2,0
313,3,0,2,10,1,0,0,2,0
314,3,0,2,11,1,0,0,2,0
315,3,0,2,12,1,0,0,2,0
316,3,0,2,13,1,1,0,2,0
317,3,0,2,14,1,0,0,2,1
318,3,0,2,15,1,0,0,2,0
319,3,0,2,16,1,0,0,2,0
320,3,0,2,17,1,0,0,2,0
321,3,0,2,18,1,0,0,2,0
322,3,0,2,19,1,0,0,2,0
323,3,0,2,20,1,0,0,2,0
324,3,0,2,21,1,0,0,2,0
325,3,0,2,22,1,0,0,2,0
326,3,0,2,23,1,0,0,2,0
327,3,0,2,24,1,0,0,2,0
328,3,0,2,25,1,0,0,2,0
329,3,0,2,26,1,1,0,2,0
330,3,0,2,27,1,0,0,2,1
331,3,0,2,28,1,0,0,2,0
332,3,0,2,29,1,0,0,2,0
333,3,0,2,30,1,0,0,2,0
334,3,0,2,31,1,0,0,2,0
335,3,0,2,32,1,0,0,2,0
336,3,0,2,33,1,0,0,2,0
337,3,0,2,34,1,0,0,2,0
338,3,0,2,35,1,0,0,2,0
339,3,0,2,36,1,0,0,2,0
340,3,0,2,37,1,0,0,2,0
341,3,0,2,38,1,0,0,2,0
342,3,0,2,39,1,1,0,2,0
343,3,0,2,40,1,0,0,2,1
344,3,0,2,41,1,0,0,2,0
345,3,0,2,42,1,0,0,2,0
346,3,0,2,43,1,0,0,2,0
347,3,0,2,44,1,0,0,2,0
348,3,0,2,45,1,0,0,2,0
349,3,0,2,46,1,0,0,2,0
350,3,0,2,47,1,0,0,2,0
351,3,0,2,48,1,0,0,2,0
352,3,0,2,49,1,0,0,2,0
353,3,0,2,50,1,0,0,2,0
354,3,0,2,51,1,0,0,2,0
355,3,0,2,52,1,1,0,2,0
356,3,0,2,53,1,0,0,2,1
357,3,0,2,54,1,0,0,2,0
358,3,0,2,55,1,0,0,2,0
359,3,0,2,56,1,0,0,2,0
360,3,0,2,57,1,0,0,2,0
361,3,0,2,58,1,0,0,2,0
362,3,0,2,59,1,0,0,2,0
363,3,0,2,60,1,0,0,2,0
364,3,0,2,61,1,0,0,2,0
365,3,0,2,62,1,0,0,2,0
366,3,0,2,63,1,0,0,2,0
367,3,0,2,64,1,0,0,2,0
368,3,0,2,65,1,0,0,2,0
369,3,0,2,66,1,0,0,2,1
370,3,0,2,67,1,0,0,2,0
371,3,0,2,68,1,0,0,2,0
372,3,0,2,69,1,0,0,2,0
373,3,0,2,70,1,0,0,2,0
374,3,0,2,71,1,0,0,2,0
375,3,0,2,72,1,0,0,2,0
376,3,0,2,73,1,0,0,2,0
377,3,0,2,74,1,0,0,2,0
378,3,0,2,75,1,0,0,2,0
379,3,0,2,76,1,0,0,2,0
380,3,0,2,77,1,0,0,2,0
381,3,0,2,78,1,0,0,2,0
382,3,0,2,79,1,0,0,2,0
383,3,0,2,80,1,0,0,2,0
384,3,0,2,81,1,0,0,2,0
385,3,0,2,82,1,0,0,2,0
386,3,0,2,83,1,0,0,2,0
387,3,0,2,84,1,0,0,2,0
388,3,0,2,85,1,0,0,2,0
389,3,0,2,86,1,0,0,2,0
390,3,0,2,87,1,0,0,2,0
391,3,0,2,88,1,0,0,2,0
392,3,0,2,89,1,0,0,2,0
393,3,0,2,90,1,0,0,2,0
394,3,0,2,91,1,0,0,2,0
395,3,0,2,92,1,0,0,2,0
396,3,0,2,93,1,0,0,2,0
397,3,0,2,94,1,0,0,2,0
398,3,0,2,95,1,0,0,2,0
399,3,0,2,96,1,0,0,2,0
400,3,0,2,97,1,0,0,2,0
401,3,0,2,98,1,0,0,2,0
402,3,0,2,99,1,0,0,2,0
403,2,0,3,99,1,0,0,3,0
404,3,0,3,0,1,1,0,3,0
405,3,0,3,1,1,0,0,3,0
406,3,0,3,2,1,0,0,3,0
407,3,0,3,3,1,0,0,3,0
408,3,0,3,4,1,0,0,3,0
409,3,0,3,5,1,0,0,3,0
410,3,0,3,6,1,0,0,3,0
411,3,0,3,7,1,0,0,3,0
412,3,0,3,8,1,0,0,3,0
413,3,0,3,9,1,0,0,3,0
414,3,0,3,10,1,0,0,3,0
415,3,0,3,11,1,0,0,3,0
416,3,0,3,12,1,0,0,3,0
417,3,0,3,13,1,1,0,3,0
418,3,0,3,14,1,0,0,3,0
419,3,0,3,15,1,0,0,3,0
420,3,0,3,16,1,0,0,3,0
421,3,0,3,17,1,0,0,3,0
422,3,0,3,18,1,0,0,3,0
423,3,0,3,19,1,0,0,3,0
424,3,0,3,20,1,0,0,3,0
425,3,0,3,21,1,0,0,3,1
426,3,0,3,22,1,0,0,3,0
427,3,0,3,23,1,0,0,3,0
428,3,0,3,24,1,0,0,3,0
429,3,0,3,25,1,0,0,3,0
430,3,0,3,26,1,1,0,3,0
431,3,0,3,27,1,0,0,3,0
432,3,0,3,28,1,0,0,3,0
433,3,0,3,29,1,0,0,3,0
434,3,0,3,30,1,0,0,3,0
435,3,0,3,31,1,0,0,3,0
436,3,0,3,32,1,0,0,3,0
437,3,0,3,33,1,0,0,3,0
438,3,0,3,34,1,0,0,3,1
439,3,0,3,35,1,0,0,3,0
440,3,0,3,36,1,0,0,3,0
441,3,0,3,37,1,0,0,3,0
442,3,0,3,38,1,0,0,3,0
443,3,0,3,39,1,1,0,3,0
444,3,0,3,40,1,0,0,3,0
445,3,0,3,41,1,0,0,3,0
446,3,0,3,42,1,0,0,3,0
447,3,0,3,43,1,0,0,3,0
448,3,0,3,44,1,0,0,3,0
449,3,0,3,45,1,0,0,3,0
450,3,0,3,46,1,0,0,3,0
451,3,0,3,47,1,0,0,3,1
452,3,0,3,48,1,0,0,3,0
453,3,0,3,49,1,0,0,3,0
454,3,0,3,50,1,0,0,3,0
455,3,0,3,51,1,0,0,3,0
456,3,0,3,52,1,1,0,3,0
457,3,0,3,53,1,0,0,3,0
458,3,0,3,54,1,0,0,3,0
459,3,0,3,55,1,0,0,3,0
460,3,0,3,56,1,0,0,3,0
461,3,0,3,57,1,0,0,3,0
462,3,0,3,58,1,0,0,3,0
463,3,0,3,59,1,0,0,3,0
464,3,0,3,60,1,0,0,3,1
465,3,0,3,61,1,0,0,3,0
466,3,0,3,62,1,0,0,3,0
467,3,0,3,63,1,0,0,3,0
468,3,0,3,64,1,0,0,3,0
469,3,0,3,65,1,0,0,3,0
470,3,0,3,66,1,0,0,3,0
471,3,0,3,67,1,0,0,3,0
472,3,0,3,68,1,0,0,3,0
473,3,0,3,69,1,0,0,3,0
474,3,0,3,70,1,0,0,3,0
475,3,0,3,71,1,0,0,3,0
476,3,0,3,72,1,0,0,3,0
477,3,0,3,73,1,0,0,3,1
478,3,0,3,74,1,0,0,3,0
479,3,0,3,75,1,0,0,3,0
480,3,0,3,76,1,0,0,3,0
481,3,0,3,77,1,0,0,3,0
482,3,0,3,78,1,0,0,3,0
483,3,0,3,79,1,0,0,3,0
484,3,0,3,80,1,0,0,3,0
485,3,0,3,81,1,0,0,3,0
486,3,0,3,82,1,0,0,3,0
487,3,0,3,83,1,0,0,3,0
488,3,0,3,84,1,0,0,3,0
489,3,0,3,85,1,0,0,3,0
490,3,0,3,86,1,0,0,3,0
491,3,0,3,87,1,0,0,3,0
492,3,0,3,88,1,0,0,3,0
493,3,0,3,89,1,0,0,3,0
494,3,0,3,90,1,0,0,3,0
495,3,0,3,91,1,0,0,3,0
496,3,0,3,92,1,0,0,3,0
497,3,0,3,93,1,0,0,3,0
498,3,0,3,94,1,0,0,3,0
499,3,0,3,95,1,0,0,3,0
500,3,0,3,96,1,0,0,3,0
501,3,0,3,97,1,0,0,3,0
502,3,0,3,98,1,0,0,3,0
503,3,0,3,99,1,0,0,3,0
504,2,0,4,99,1,0,0,4,0
505,3,0,4,0,1,1,0,4,0
506,3,0,4,1,1,0,0,4,0
507,3,0,4,2,1,0,0,4,0
508,3,0,4,3,1,0,0,4,0
509,3,0,4,4,1,0,0,4,0
510,3,0,4,5,1,0,0,4,0
511,3,0,4,6,1,0,0,4,0
512,3,0,4,7,1,0,0,4,0
513,3,0,4,8,1,0,0,4,0
514,3,0,4,9,1,0,0,4,0
515,3,0,4,10,1,0,0,4,0
516,3,0,4,11,1,0,0,4,0
517,3,0,4,12,1,0,0,4,0
518,3,0,4,13,1,1,0,4,0
519,3,0,4,14,1,0,0,4,0
520,3,0,4,15,1,0,0,4,0
521,3,0,4,16,1,0,0,4,0
522,3,0,4,17,1,0,0,4,0
523,3,0,4,18,1,0,0,4,0
524,3,0,4,19,1,0,0,4,0
525,3,0,4,20,1,0,0,4,0
526,3,0,4,21,1,0,0,4,0
527,3,0,4,22,1,0,0,4,0
528,3,0,4,23,1,0,0,4,0
529,3,0,4,24,1,0,0,4,0
530,3,0,4,25,1,0,0,4,0
531,3,0,4,26,1,1,0,4,0
532,3,0,4,27,1,0,0,4,0
533,3,0,4,28,1,0,0,4,1
534,3,0,4,29,1,0,0,4,0
535,3,0,4,30,1,0,0,4,0
536,3,0,4,31,1,0,0,4,0
537,3,0,4,32,1,0,0,4,0
538,3,0,4,33,1,0,0,4,0
539,3,0,4,34,1,0,0,4,0
540,3,0,4,35,1,0,0,4,0
541,3,0,4,36,1,0,0,4,0
542,3,0,4,37,1,0,0,4,0
543,3,0,4,38,1,0,0,4,0
544,3,0,4,39,1,1,0,4,0
545,3,0,4,40,1,0,0,4,0
546,3,0,4,41,1,0,0,4,1
547,3,0,4,42,1,0,0,4,0
548,3,0,4,43,1,0,0,4,0
549,3,0,4,44,1,0,0,4,0
550,3,0,4,45,1,0,0,4,0
551,3,0,4,46,1,0,0,4,0
552,3,0,4,47,1,0,0,4,0
553,3,0,4,48,1,0,0,4,0
554,3,0,4,49,1,0,0,4,0
555,3,0,4,50,1,0,0,4,0
556,3,0,4,51,1,0,0,4,0
557,3,0,4,52,1,1,0,4,0
558,3,0,4,53,1,0,0,4,0
559,3,0,4,54,1,0,0,4,1
560,3,0,4,55,1,0,0,4,0
561,3,0,4,56,1,0,0,4,0
562,3,0,4,57,1,0,0,4,0
563,3,0,4,58,1,0,0,4,0
564,3,0,4,59,1,0,0,4,0
565,3,0,4,60,1,0,0,4,0
566,3,0,4,61,1,0,0,4,0
567,3,0,4,62,1,0,0,4,0
568,3,0,4,63,1,0,0,4,0
569,3,0,4,64,1,0,0,4,0
570,3,0,4,65,1,0,0,4,0
571,3,0,4,66,1,0,0,4,0
572,3,0,4,67,1,0,0,4,1
573,3,0,4,68,1,0,0,4,0
574,3,0,4,69,1,0,0,4,0
575,3,0,4,70,1,0,0,4,0
576,3,0,4,71,1,0,0,4,0
577,3,0,4,72,1,0,0,4,0
578,3,0,4,73,1,0,0,4,0
579,3,0,4,74,1,0,0,4,0
580,3,0,4,75,1,0,0,4,0
581,3,0,4,76,1,0,0,4,0
582,3,0,4,77,1,0,0,4,0
583,3,0,4,78,1,0,0,4,0
584,3,0,4,79,1,0,0,4,0
585,3,0,4,80,1,0,0,4,1
586,3,0,4,81,1,0,0,4,0
587,3,0,4,82,1,0,0,4,0
588,3,0,4,83,1,0,0,4,0
589,3,0,4,84,1,0,0,4,0
590,3,0,4,85,1,0,0,4,0
591,3,0,4,86,1,0,0,4,0
592,3,0,4,87,1,0,0,4,0
593,3,0,4,88,1,0,0,4,0
594,3,0,4,89,1,0,0,4,0
595,3,0,4,90,1,0,0,4,0
596,3,0,4,91,1,0,0,4,0
597,3,0,4,92,1,0,0,4,0
598,3,0,4,93,1,0,0,4,0
599,3,0,4,94,1,0,0,4,0
600,3,0,4,95,1,0,0,4,0
601,3,0,4,96,1,0,0,4,0
602,3,0,4,97,1,0,0,4,0
603,3,0,4,98,1,0,0,4,0
604,3,0,4,99,1,0,0,4,0
605,2,0,5,99,1,0,0,5,0
606,3,0,5,0,1,1,0,5,0
607,3,0,5,1,1,0,0,5,0
608,3,0,5,2,1,0,0,5,0
609,3,0,5,3,1,0,0,5,0
610,3,0,5,4,1,0,0,5,0
611,3,0,5,5,1,0,0,5,0
612,3,0,5,6,1,0,0,5,0
613,3,0,5,7,1,0,0,5,0
614,3,0,5,8,1,0,0,5,0
615,3,0,5,9,1,0,0,5,0
616,3,0,5,10,1,0,0,5,0
617,3,0,5,11,1,0,0,5,0
618,3,0,5,12,1,0,0,5,0
619,3,0,5,13,1,1,0,5,0
620,3,0,5,14,1,0,0,5,0
621,3,0,5,15,1,0,0,5,0
622,3,0,5,16,1,0,0,5,0
623,3,0,5,17,1,0,0,5,0
624,3,0,5,18,1,0,0,5,0
625,3,0,5,19,1,0,0,5,0
626,3,0,5,20,1,0,0,5,0
627,3,0,5,21,1,0,0,5,0
628,3,0,5,22,1,0,0,5,0
629,3,0,5,23,1,0,0,5,0
630,3,0,5,24,1,0,0,5,0
631,3,0,5,25,1,0,0,5,0
632,3,0,5,26,1,1,0,5,0
633,3,0,5,27,1,0,0,5,0
634,3,0,5,28,1,0,0,5,0
635,3,0,5,29,1,0,0,5,0
636,3,0,5,30,1,0,0,5,0
637,3,0,5,31,1,0,0,5,0
638,3,0,5,32,1,0,0,5,0
639,3,0,5,33,1,0,0,5,0
640,3,0,5,34,1,0,0,5,0
641,3,0,5,35,1,0,0,5,1
642,3,0,5,36,1,0,0,5,0
643,3,0,5,37,1,0,0,5,0
644,3,0,5,38,1,0,0,5,0
645,3,0,5,39,1,1,0,5,0
646,3,0,5,40,1,0,0,5,0
647,3,0,5,41,1,0,0,5,0
648,3,0,5,42,1,0,0,5,0
649,3,0,5,43,1,0,0,5,0
650,3,0,5,44,1,0,0,5,0
651,3,0,5,45,1,0,0,5,0
652,3,0,5,46,1,0,0,5,0
653,3,0,5,47,1,0,0,5,0
654,3,0,5,48,1,0,0,5,1
655,3,0,5,49,1,0,0,5,0
656,3,0,5,50,1,0,0,5,0
657,3,0,5,51,1,0,0,5,0
658,3,0,5,52,1,1,0,5,0
659,3,0,5,53,1,0,0,5,0
660,3,0,5,54,1,0,0,5,0
661,3,0,5,55,1,0,0,5,0
662,3,0,5,56,1,0,0,5,0
663,3,0,5,57,1,0,0,5,0
664,3,0,5,58,1,0,0,5,0
665,3,0,5,59,1,0,0,5,0
666,3,0,5,60,1,0,0,5,0
667,3,0,5,61,1,0,0,5,1
668,3,0,5,62,1,0,0,5,0
669,3,0,5,63,1,0,0,5,0
670,3,0,5,64,1,0,0,5,0
671,3,0,5,65,1,0,0,5,0
672,3,0,5,66,1,0,0,5,0
673,3,0,5,67,1,0,0,5,0
674,3,0,5,68,1,0,0,5,0
675,3,0,5,69,1,0,0,5,0
676,3,0,5,70,1,0,0,5,0
677,3,0,5,71,1,0,0,5,0
678,3,0,5,72,1,0,0,5,0
679,3,0,5,73,1,0,0,5,0
680,3,0,5,74,1,0,0,5,1
681,3,0,5,75,1,0,0,5,0
682,3,0,5,76,1,0,0,5,0
683,3,0,5,77,1,0,0,5,0
684,3,0,5,78,1,0,0,5,0
685,3,0,5,79,1,0,0,5,0
686,3,0,5,80,1,0,0,5,0
687,3,0,5,81,1,0,0,5,0
688,3,0,5,82,1,0,0,5,0
689,3,0,5,83,1,0,0,5,0
690,3,0,5,84,1,0,0,5,0
691,3,0,5,85,1,0,0,5,0
692,3,0,5,86,1,0,0,5,0
693,3,0,5,87,1,0,0,5,1
694,3,0,5,88,1,0,0,5,0
695,3,0,5,89,1,0,0,5,0
696,3,0,5,90,1,0,0,5,0
697,3,0,5,91,1,0,0,5,0
698,3,0,5,92,1,0,0,5,0
699,3,0,5,93,1,0,0,5,0
700,3,0,5,94,1,0,0,5,0
701,3,0,5,95,1,0,0,5,0
702,3,0,5,96,1,0,0,5,0
703,3,0,5,97,1,0,0,5,0
704,3,0,5,98,1,0,0,5,0
705,3,0,5,99,1,0,0,5,0
706,2,0,6,99,1,0,0,6,0
707,3,0,6,0,1,1,0,6,0
708,3,0,6,1,1,0,0,6,0
709,3,0,6,2,1,0,0,6,0
710,3,0,6,3,1,0,0,6,0
711,3,0,6,4,1,0,0,6,0
712,3,0,6,5,1,0,0,6,0
713,3,0,6,6,1,0,0,6,0
714,3,0,6,7,1,0,0,6,0
715,3,0,6,8,1,0,0,6,0
716,3,0,6,9,1,0,0,6,0
717,3,0,6,10,1,0,0,6,0
718,3,0,6,11,1,0,0,6,0
719,3,0,6,12,1,0,0,6,0
720,3,0,6,13,1,1,0,6,0
721,3,0,6,14,1,0,0,6,0
722,3,0,6,15,1,0,0,6,0
723,3,0,6,16,1,0,0,6,0
724,3,0,6,17,1,0,0,6,0
725,3,0,6,18,1,0,0,6,0
726,3,0,6,19,1,0,0,6,0
727,3,0,6,20,1,0,0,6,0
728,3,0,6,21,1,0,0,6,0
729,3,0,6,22,1,0,0,6,0
730,3,0,6,23,1,0,0,6,0
731,3,0,6,24,1,0,0,6,0
732,3,0,6,25,1,0,0,6,0
733,3,0,6,26,1,1,0,6,0
734,3,0,6,27,1,0,0,6,0
735,3,0,6,28,1,0,0,6,0
736,3,0,6,29,1,0,0,6,0
737,3,0,6,30,1,0,0,6,0
738,3,0,6,31,1,0,0,6,0
739,3,0,6,32,1,0,0,6,0
740,3,0,6,33,1,0,0,6,0
741,3,0,6,34,1,0,0,6,0
742,3,0,6,35,1,0,0,6,0
743,3,0,6,36,1,0,0,6,0
744,3,0,6,37,1,0,0,6,0
745,3,0,6,38,1,0,0,6,0
746,3,0,6,39,1,1,0,6,0
747,3,0,6,40,1,0,0,6,0
748,3,0,6,41,1,0,0,6,0
749,3,0,6,42,1,0,0,6,1
750,3,0,6,43,1,0,0,6,0
751,3,0,6,44,1,0,0,6,0
752,3,0,6,45,1,0,0,6,0
753,3,0,6,46,1,0,0,6,0
754,3,0,6,47,1,0,0,6,0
755,3,0,6,48,1,0,0,6,0
756,3,0,6,49,1,0,0,6,0
757,3,0,6,50,1,0,0,6,0
758,3,0,6,51,1,0,0,6,0
759,3,0,6,52,1,1,0,6,0
760,3,0,6,53,1,0,0,6,0
761,3,0,6,54,1,0,0,6,0
762,3,0,6,55,1,0,0,6,1
763,3,0,6,56,1,0,0,6,0
764,3,0,6,57,1,0,0,6,0
765,3,0,6,58,1,0,0,6,0
766,3,0,6,59,1,0,0,6,0
767,3,0,6,60,1,0,0,6,0
768,3,0,6,61,1,0,0,6,0
769,3,0,6,62,1,0,0,6,0
770,3,0,6,63,1,0,0,6,0
771,3,0,6,64,1,0,0,6,0
772,3,0,6,65,1,0,0,6,0
773,3,0,6,66,1,0,0,6,0
774,3,0,6,67,1,0,0,6,0
775,3,0,6,68,1,0,0,6,1
776,3,0,6,69,1,0,0,6,0
777,3,0,6,70,1,0,0,6,0
778,3,0,6,71,1,0,0,6,0
779,3,0,6,72,1,0,0,6,0
780,3,0,6,73,1,0,0,6,0
781,3,0,6,74,1,0,0,6,0
782,3,0,6,75,1,0,0,6,0
783,3,0,6,76,1,0,0,6,0
784,3,0,6,77,1,0,0,6,0
785,3,0,6,78,1,0,0,6,0
786,3,0,6,79,1,0,0,6,0
787,3,0,6,80,1,0,0,6,0
788,3,0,6,81,1,0,0,6,1
789,3,0,6,82,1,0,0,6,0
790,3,0,6,83,1,0,0,6,0
791,3,0,6,84,1,0,0,6,0
792,3,0,6,85,1,0,0,6,0
793,3,0,6,86,1,0,0,6,0
794,3,0,6,87,1,0,0,6,0
795,3,0,6,88,1,0,0,6,0
796,3,0,6,89,1,0,0,6,0
797,3,0,6,90,1,0,0,6,0
798,3,0,6,91,1,0,0,6,0
799,3,0,6,92,1,0,0,6,0
800,3,0,6,93,1,0,0,6,0
801,3,0,6,94,1,0,0,6,1
802,3,0,6,95,1,0,0,6,0
803,3,0,6,96,1,0,0,6,0
804,3,0,6,97,1,0,0,6,0
805,3,0,6,98,1,0,0,6,0
806,3,0,6,99,1,0,0,6,0
807,2,0,7,99,1,0,0,7,0
808,3,0,7,0,1,1,0,7,0
809,3,0,7,1,1,0,0,7,1
810,3,0,7,2,1,0,0,7,0
811,3,0,7,3,1,0,0,7,0
812,3,0,7,4,1,0,0,7,0
813,3,0,7,5,1,0,0,7,0
814,3,0,7,6,1,0,0,7,0
815,3,0,7,7,1,0,0,7,0
816,3,0,7,8,1,0,0,7,0
817,3,0,7,9,1,0,0,7,0
818,3,0,7,10,1,0,0,7,0
819,3,0,7,11,1,0,0,7,0
820,3,0,7,12,1,0,0,7,0
821,3,0,7,13,1,1,0,7,0
822,3,0,7,14,1,0,0,7,0
823,3,0,7,15,1,0,0,7,0
824,3,0,7,16,1,0,0,7,0
825,3,0,7,17,1,0,0,7,0
826,3,0,7,18,1,0,0,7,0
827,3,0,7,19,1,0,0,7,0
828,3,0,7,20,1,0,0,7,0
829,3,0,7,21,1,0,0,7,0
830,3,0,7,22,1,0,0,7,0
831,3,0,7,23,1,0,0,7,0
832,3,0,7,24,1,0,0,7,0
833,3,0,7,25,1,0,0,7,0
834,3,0,7,26,1,1,0,7,0
835,3,0,7,27,1,0,0,7,0
836,3,0,7,28,1,0,0,7,0
837,3,0,7,29,1,0,0,7,0
838,3,0,7,30,1,0,0,7,0
839,3,0,7,31,1,0,0,7,0
840,3,0,7,32,1,0,0,7,0
841,3,0,7,33,1,0,0,7,0
842,3,0,7,34,1,0,0,7,0
843,3,0,7,35,1,0,0,7,0
844,3,0,7,36,1,0,0,7,0
845,3,0,7,37,1,0,0,7,0
846,3,0,7,38,1,0,0,7,0
847,3,0,7,39,1,1,0,7,0
848,3,0,7,40,1,0,0,7,0
849,3,0,7,41,1,0,0,7,0
850,3,0,7,42,1,0,0,7,0
851,3,0,7,43,1,0,0,7,0
852,3,0,7,44,1,0,0,7,0
853,3,0,7,45,1,0,0,7,0
854,3,0,7,46,1,0,0,7,0
855,3,0,7,47,1,0,0,7,0
856,3,0,7,48,1,0,0,7,0
857,3,0,7,49,1,0,0,7,1
858,3,0,7,50,1,0,0,7,0
859,3,0,7,51,1,0,0,7,0
860,3,0,7,52,1,1,0,7,0
861,3,0,7,53,1,0,0,7,0
862,3,0,7,54,1,0,0,7,0
863,3,0,7,55,1,0,0,7,0
864,3,0,7,56,1,0,0,7,0
865,3,0,7,57,1,0,0,7,0
866,3,0,7,58,1,0,0,7,0
867,3,0,7,59,1,0,0,7,0
868,3,0,7,60,1,0,0,7,0
869,3,0,7,61,1,0,0,7,0
870,3,0,7,62,1,0,0,7,1
871,3,0,7,63,1,0,0,7,0
872,3,0,7,64,1,0,0,7,0
873,3,0,7,65,1,0,0,7,0
874,3,0,7,66,1,0,0,7,0
875,3,0,7,67,1,0,0,7,0
876,3,0,7,68,1,0,0,7,0
877,3,0,7,69,1,0,0,7,0
878,3,0,7,70,1,0,0,7,0
879,3,0,7,71,1,0,0,7,0
880,3,0,7,72,1,0,0,7,0
881,3,0,7,73,1,0,0,7,0
882,3,0,7,74,1,0,0,7,0
883,3,0,7,75,1,0,0,7,1
884,3,0,7,76,1,0,0,7,0
885,3,0,7,77,1,0,0,7,0
886,3,0,7,78,1,0,0,7,0
887,3,0,7,79,1,0,0,7,0
888,3,0,7,80,1,0,0,7,0
889,3,0,7,81,1,0,0,7,0
890,3,0,7,82,1,0,0,7,0
891,3,0,7,83,1,0,0,7,0
892,3,0,7,84,1,0,0,7,0
893,3,0,7,85,1,0,0,7,0
894,3,0,7,86,1,0,0,7,0
895,3,0,7,87,1,0,0,7,0
896,3,0,7,88,1,0,0,7,1
897,3,0,7,89,1,0,0,7,0
898,3,0,7,90,1,0,0,7,0
899,3,0,7,91,1,0,0,7,0
900,3,0,7,92,1,0,0,7,0
901,3,0,7,93,1,0,0,7,0
902,3,0,7,94,1,0,0,7,0
903,3,0,7,95,1,0,0,7,0
904,3,0,7,96,1,0,0,7,0
905,3,0,7,97,1,0,0,7,0
906,3,0,7,98,1,0,0,7,0
907,3,0,7,99,1,0,0,7,0
908,2,0,8,99,1,0,0,8,0
909,3,0,8,0,1,1,0,8,0
910,3,0,8,1,1,0,0,8,0
911,3,0,8,2,1,0,0,8,0
912,3,0,8,3,1,0,0,8,0
913,3,0,8,4,1,0,0,8,0
914,3,0,8,5,1,0,0,8,0
915,3,0,8,6,1,0,0,8,0
916,3,0,8,7,1,0,0,8,0
917,3,0,8,8,1,0,0,8,1
918,3,0,8,9,1,0,0,8,0
919,3,0,8,10,1,0,0,8,0
920,3,0,8,11,1,0,0,8,0
921,3,0,8,12,1,0,0,8,0
922,3,0,8,13,1,1,0,8,0
923,3,0,8,14,1,0,0,8,0
924,3,0,8,15,1,0,0,8,0
925,3,0,8,16,1,0,0,8,0
926,3,0,8,17,1,0,0,8,0
927,3,0,8,18,1,0,0,8,0
928,3,0,8,19,1,0,0,8,0
929,3,0,8,20,1,0,0,8,0
930,3,0,8,21,1,0,0,8,0
931,3,0,8,22,1,0,0,8,0
932,3,0,8,23,1,0,0,8,0
933,3,0,8,24,1,0,0,8,0
934,3,0,8,25,1,0,0,8,0
935,3,0,8,26,1,1,0,8,0
936,3,0,8,27,1,0,0,8,0
937,3,0,8,28,1,0,0,8,0
938,3,0,8,29,1,0,0,8,0
939,3,0,8,30,1,0,0,8,0
940,3,0,8,31,1,0,0,8,0
941,3,0,8,32,1,0,0,8,0
942,3,0,8,33,1,0,0,8,0
943,3,0,8,34,1,0,0,8,0
944,3,0,8,35,1,0,0,8,0
945,3,0,8,36,1,0,0,8,0
946,3,0,8,37,1,0,0,8,0
947,3,0,8,38,1,0,0,8,0
948,3,0,8,39,1,1,0,8,0
949,3,0,8,40,1,0,0,8,0
950,3,0,8,41,1,0,0,8,0
951,3,0,8,42,1,0,0,8,0
952,3,0,8,43,1,0,0,8,0
953,3,0,8,44,1,0,0,8,0
954,3,0,8,45,1,0,0,8,0
955,3,0,8,46,1,0,0,8,0
956,3,0,8,47,1,0,0,8,0
957,3,0,8,48,1,0,0,8,0
958,3,0,8,49,1,0,0,8,0
959,3,0,8,50,1,0,0,8,0
960,3,0,8,51,1,0,0,8,0
961,3,0,8,52,1,1,0,8,0
962,3,0,8,53,1,0,0,8,0
963,3,0,8,54,1,0,0,8,0
964,3,0,8,55,1,0,0,8,0
965,3,0,8,56,1,0,0,8,1
966,3,0,8,57,1,0,0,8,0
967,3,0,8,58,1,0,0,8,0
968,3,0,8,59,1,0,0,8,0
969,3,0,8,60,1,0,0,8,0
970,3,0,8,61,1,0,0,8,0
971,3,0,8,62,1,0,0,8,0
972,3,0,8,63,1,0,0,8,0
973,3,0,8,64,1,0,0,8,0
974,3,0,8,65,1,0,0,8,0
975,3,0,8,66,1,0,0,8,0
976,3,0,8,67,1,0,0,8,0
977,3,0,8,68,1,0,0,8,0
978,3,0,8,69,1,0,0,8,1
979,3,0,8,70,1,0,0,8,0
980,3,0,8,71,1,0,0,8,0
981,3,0,8,72,1,0,0,8,0
982,3,0,8,73,1,0,0,8,0
983,3,0,8,74,1,0,0,8,0
984,3,0,8,75,1,0,0,8,0
985,3,0,8,76,1,0,0,8,0
986,3,0,8,77,1,0,0,8,0
987,3,0,8,78,1,0,0,8,0
988,3,0,8,79,1,0,0,8,0
989,3,0,8,80,1,0,0,8,0
990,3,0,8,81,1,0,0,8,0
991,3,0,8,82,1,0,0,8,1
992,3,0,8,83,1,0,0,8,0
993,3,0,8,84,1,0,0,8,0
994,3,0,8,85,1,0,0,8,0
995,3,0,8,86,1,0,0,8,0
996,3,0,8,87,1,0,0,8,0
997,3,0,8,88,1,0,0,8,0
998,3,0,8,89,1,0,0,8,0
999,3,0,8,90,1,0,0,8,0
1000,3,0,8,91,1,0,0,8,0
1001,3,0,8,92,1,0,0,8,0
1002,3,0,8,93,1,0,0,8,0
1003,3,0,8,94,1,0,0,8,0
1004,3,0,8,95,1,0,0,8,1
1005,3,0,8,96,1,0,0,8,0
1006,3,0,8,97,1,0,0,8,0
1007,3,0,8,98,1,0,0,8,0
1008,3,0,8,99,1,0,0,8,0
1009,2,0,9,99,1,0,0,9,0
1010,3,0,9,0,1,1,0,9,0
1011,3,0,9,1,1,0,0,9,0
1012,3,0,9,2,1,0,0,9,1
1013,3,0,9,3,1,0,0,9,0
1014,3,0,9,4,1,0,0,9,0
1015,3,0,9,5,1,0,0,9,0
1016,3,0,9,6,1,0,0,9,0
1017,3,0,9,7,1,0,0,9,0
1018,3,0,9,8,1,0,0,9,0
1019,3,0,9,9,1,0,0,9,0
1020,3,0,9,10,1,0,0,9,0
1021,3,0,9,11,1,0,0,9,0
1022,3,0,9,12,1,0,0,9,0
1023,3,0,9,13,1,1,0,9,0
1024,3,0,9,14,1,0,0,9,0
1025,3,0,9,15,1,0,0,9,1
1026,3,0,9,16,1,0,0,9,0
1027,3,0,9,17,1,0,0,9,0
1028,3,0,9,18,1,0,0,9,0
1029,3,0,9,19,1,0,0,9,0
1030,3,0,9,20,1,0,0,9,0
1031,3,0,9,21,1,0,0,9,0
1032,3,0,9,22,1,0,0,9,0
1033,3,0,9,23,1,0,0,9,0
1034,3,0,9,24,1,0,0,9,0
1035,3,0,9,25,1,0,0,9,0
1036,3,0,9,26,1,1,0,9,0
1037,3,0,9,27,1,0,0,9,0
1038,3,0,9,28,1,0,0,9,0
1039,3,0,9,29,1,0,0,9,0
1040,3,0,9,30,1,0,0,9,0
1041,3,0,9,31,1,0,0,9,0
1042,3,0,9,32,1,0,0,9,0
1043,3,0,9,33,1,0,0,9,0
1044,3,0,9,34,1,0,0,9,0
1045,3,0,9,35,1,0,0,9,0
1046,3,0,9,36,1,0,0,9,0
1047,3,0,9,37,1,0,0,9,0
1048,3,0,9,38,1,0,0,9,0
1049,3,0,9,39,1,1,0,9,0
1050,3,0,9,40,1,0,0,9,0
1051,3,0,9,41,1,0,0,9,0
1052,3,0,9,42,1,0,0,9,0
1053,3,0,9,43,1,0,0,9,0
1054,3,0,9,44,1,0,0,9,0
1055,3,0,9,45,1,0,0,9,0
1056,3,0,9,46,1,0,0,9,0
1057,3,0,9,47,1,0,0,9,0
1058,3,0,9,48,1,0,0,9,0
1059,3,0,9,49,1,0,0,9,0
1060,3,0,9,50,1,0,0,9,0
1061,3,0,9,51,1,0,0,9,0
1062,3,0,9,52,1,1,0,9,0
1063,3,0,9,53,1,0,0,9,0
1064,3,0,9,54,1,0,0,9,0
1065,3,0,9,55,1,0,0,9,0
1066,3,0,9,56,1,0,0,9,0
1067,3,0,9,57,1,0,0,9,0
1068,3,0,9,58,1,0,0,9,0
1069,3,0,9,59,1,0,0,9,0
1070,3,0,9,60,1,0,0,9,0
1071,3,0,9,61,1,0,0,9,0
1072,3,0,9,62,1,0,0,9,0
1073,3,0,9,63,1,0,0,9,1
1074,3,0,9,64,1,0,0,9,0
1075,3,0,9,65,1,0,0,9,0
1076,3,0,9,66,1,0,0,9,0
1077,3,0,9,67,1,0,0,9,0
1078,3,0,9,68,1,0,0,9,0
1079,3,0,9,69,1,0,0,9,0
1080,3,0,9,70,1,0,0,9,0
1081,3,0,9,71,1,0,0,9,0
1082,3,0,9,72,1,0,0,9,0
1083,3,0,9,73,1,0,0,9,0
1084,3,0,9,74,1,0,0,9,0
1085,3,0,9,75,1,0,0,9,0
1086,3,0,9,76,1,0,0,9,1
1087,3,0,9,77,1,0,0,9,0
1088,3,0,9,78,1,0,0,9,0
1089,3,0,9,79,1,0,0,9,0
1090,3,0,9,80,1,0,0,9,0
1091,3,0,9,81,1,0,0,9,0
1092,3,0,9,82,1,0,0,9,0
1093,3,0,9,83,1,0,0,9,0
1094,3,0,9,84,1,0,0,9,0
1095,3,0,9,85,1,0,0,9,0
1096,3,0,9,86,1,0,0,9,0
1097,3,0,9,87,1,0,0,9,0
1098,3,0,9,88,1,0,0,9,0
1099,3,0,9,89,1,0,0,9,1
1100,3,0,9,90,1,0,0,9,0
1101,3,0,9,91,1,0,0,9,0
1102,3,0,9,92,1,0,0,9,0
1103,3,0,9,93,1,0,0,9,0
1104,3,0,9,94,1,0,0,9,0
1105,3,0,9,95,1,0,0,9,0
1106,3,0,9,96,1,0,0,9,0
1107,3,0,9,97,1,0,0,9,0
1108,3,0,9,98,1,0,0,9,0
1109,3,0,9,99,1,0,0,9,0
1110,2,0,10,99,1,0,0,0,0
1111,3,0,10,0,1,1,1,0,0
1112,3,0,10,1,1,0,1,0,0
1113,3,0,10,2,1,0,1,0,0
1114,3,0,10,3,1,0,1,0,0
1115,3,0,10,4,1,0,1,0,0
1116,3,0,10,5,1,0,1,0,0
1117,3,0,10,6,1,0,1,0,0
1118,3,0,10,7,1,0,1,0,0
1119,3,0,10,8,1,0,1,0,0
1120,3,0,10,9,1,0,1,0,1
1121,3,0,10,10,1,0,1,0,0
1122,3,0,10,11,1,0,1,0,0
1123,3,0,10,12,1,0,1,0,0
1124,3,0,10,13,1,1,1,0,0
1125,3,0,10,14,1,0,1,0,0
1126,3,0,10,15,1,0,1,0,0
1127,3,0,10,16,1,0,1,0,0
1128,3,0,10,17,1,0,1,0,0
1129,3,0,10,18,1,0,1,0,0
1130,3,0,10,19,1,0,1,0,0
1131,3,0,10,20,1,0,1,0,0
1132,3,0,10,21,1,0,1,0,0
1133,3,0,10,22,1,0,1,0,1
1134,3,0,10,23,1,0,1,0,0
1135,3,0,10,24,1,0,1,0,0
1136,3,0,10,25,1,0,1,0,0
1137,3,0,10,26,1,1,1,0,0
1138,3,0,10,27,1,0,1,0,0
1139,3,0,10,28,1,0,1,0,0
1140,3,0,10,29,1,0,1,0,0
1141,3,0,10,30,1,0,1,0,0
1142,3,0,10,31,1,0,1,0,0
1143,3,0,10,32,1,0,1,0,0
1144,3,0,10,33,1,0,1,0,0
1145,3,0,10,34,1,0,1,0,0
1146,3,0,10,35,1,0,1,0,0
1147,3,0,10,36,1,0,1,0,0
1148,3,0,10,37,1,0,1,0,0
1149,3,0,10,38,1,0,1,0,0
1150,3,0,10,39,1,1,1,0,0
1151,3,0,10,40,1,0,1,0,0
1152,3,0,10,41,1,0,1,0,0
1153,3,0,10,42,1,0,1,0,0
1154,3,0,10,43,1,0,1,0,0
1155,3,0,10,44,1,0,1,0,0
1156,3,0,10,45,1,0,1,0,0
1157,3,0,10,46,1,0,1,0,0
1158,3,0,10,47,1,0,1,0,0
1159,3,0,10,48,1,0,1,0,0
1160,3,0,10,49,1,0,1,0,0
1161,3,0,10,50,1,0,1,0,0
1162,3,0,10,51,1,0,1,0,0
1163,3,0,10,52,1,1,1,0,0
1164,3,0,10,53,1,0,1,0,0
1165,3,0,10,54,1,0,1,0,0
1166,3,0,10,55,1,0,1,0,0
1167,3,0,10,56,1,0,1,0,0
1168,3,0,10,57,1,0,1,0,0
1169,3,0,10,58,1,0,1,0,0
1170,3,0,10,59,1,0,1,0,0
1171,3,0,10,60,1,0,1,0,0
1172,3,0,10,61,1,0,1,0,0
1173,3,0,10,62,1,0,1,0,0
1174,3,0,10,63,1,0,1,0,0
1175,3,0,10,64,1,0,1,0,0
1176,3,0,10,65,1,0,1,0,0
1177,3,0,10,66,1,0,1,0,0
1178,3,0,10,67,1,0,1,0,0
1179,3,0,10,68,1,0,1,0,0
1180,3,0,10,69,1,0,1,0,0
1181,3,0,10,70,1,0,1,0,1
1182,3,0,10,71,1,0,1,0,0
1183,3,0,10,72,1,0,1,0,0
1184,3,0,10,73,1,0,1,0,0
1185,3,0,10,74,1,0,1,0,0
1186,3,0,10,75,1,0,1,0,0
1187,3,0,10,76,1,0,1,0,0
1188,3,0,10,77,1,0,1,0,0
1189,3,0,10,78,1,0,1,0,0
1190,3,0,10,79,1,0,1,0,0
1191,3,0,10,80,1,0,1,0,0
1192,3,0,10,81,1,0,1,0,0
1193,3,0,10,82,1,0,1,0,0
1194,3,0,10,83,1,0,1,0,1
1195,3,0,10,84,1,0,1,0,0
1196,3,0,10,85,1,0,1,0,0
1197,3,0,10,86,1,0,1,0,0
1198,3,0,10,87,1,0,1,0,0
1199,3,0,10,88,1,0,1,0,0
1200,3,0,10,89,1,0,1,0,0
1201,3,0,10,90,1,0,1,0,0
1202,3,0,10,91,1,0,1,0,0
1203,3,0,10,92,1,0,1,0,0
1204,3,0,10,93,1,0,1,0,0
1205,3,0,10,94,1,0,1,0,0
1206,3,0,10,95,1,0,1,0,0
1207,3,0,10,96,1,0,1,0,1
1208,3,0,10,97,1,0,1,0,0
1209,3,0,10,98,1,0,1,0,0
1210,3,0,10,99,1,0,1,0,0
1211,2,0,11,99,2,0,1,1,0
1212,3,0,11,0,2,1,0,1,0
1213,3,0,11,1,2,0,0,1,0
1214,3,0,11,2,2,0,0,1,0
1215,3,0,11,3,2,0,0,1,1
1216,3,0,11,4,2,0,0,1,0
1217,3,0,11,5,2,0,0,1,0
1218,3,0,11,6,2,0,0,1,0
1219,3,0,11,7,2,0,0,1,0
1220,3,0,11,8,2,0,0,1,0
1221,3,0,11,9,2,1,0,1,0
1222,3,0,11,10,2,0,0,1,0
1223,3,0,11,11,2,0,0,1,0
1224,3,0,11,12,2,0,0,1,0
1225,3,0,11,13,2,1,0,1,0
1226,3,0,11,14,2,0,0,1,0
1227,3,0,11,15,2,0,0,1,0
1228,3,0,11,16,2,0,0,1,1
1229,3,0,11,17,2,0,0,1,0
1230,3,0,11,18,2,0,0,1,0
1231,3,0,11,19,2,0,0,1,0
1232,3,0,11,20,2,0,0,1,0
1233,3,0,11,21,2,0,0,1,0
1234,3,0,11,22,2,1,0,1,0
1235,3,0,11,23,2,0,0,1,0
1236,3,0,11,24,2,0,0,1,0
1237,3,0,11,25,2,0,0,1,0
1238,3,0,11,26,2,1,0,1,0
1239,3,0,11,27,2,0,0,1,0
1240,3,0,11,28,2,0,0,1,0
1241,3,0,11,29,2,0,0,1,1
1242,3,0,11,30,2,0,0,1,0
1243,3,0,11,31,2,0,0,1,0
1244,3,0,11,32,2,0,0,1,0
1245,3,0,11,33,2,0,0,1,0
1246,3,0,11,34,2,0,0,1,0
1247,3,0,11,35,2,0,0,1,0
1248,3,0,11,36,2,0,0,1,0
1249,3,0,11,37,2,0,0,1,0
1250,3,0,11,38,2,0,0,1,0
1251,3,0,11,39,2,1,0,1,0
1252,3,0,11,40,2,0,0,1,0
1253,3,0,11,41,2,0,0,1,0
1254,3,0,11,42,2,0,0,1,0
1255,3,0,11,43,2,0,0,1,0
1256,3,0,11,44,2,0,0,1,0
1257,3,0,11,45,2,0,0,1,0
1258,3,0,11,46,2,0,0,1,0
1259,3,0,11,47,2,0,0,1,0
1260,3,0,11,48,2,0,0,1,0
1261,3,0,11,49,2,0,0,1,0
1262,3,0,11,50,2,0,0,1,0
1263,3,0,11,51,2,0,0,1,0
1264,3,0,11,52,2,1,0,1,0
1265,3,0,11,53,2,0,0,1,0
1266,3,0,11,54,2,0,0,1,0
1267,3,0,11,55,2,0,0,1,0
1268,3,0,11,56,2,0,0,1,0
1269,3,0,11,57,2,0,0,1,0
1270,3,0,11,58,2,0,0,1,0
1271,3,0,11,59,2,0,0,1,0
1272,3,0,11,60,2,0,0,1,0
1273,3,0,11,61,2,0,0,1,0
1274,3,0,11,62,2,0,0,1,0
1275,3,0,11,63,2,0,0,1,0
1276,3,0,11,64,2,0,0,1,0
1277,3,0,11,65,2,0,0,1,0
1278,3,0,11,66,2,0,0,1,0
1279,3,0,11,67,2,0,0,1,0
1280,3,0,11,68,2,0,0,1,0
1281,3,0,11,69,2,0,0,1,0
1282,3,0,11,70,2,1,0,1,0
1283,3,0,11,71,2,0,0,1,0
1284,3,0,11,72,2,0,0,1,0
1285,3,0,11,73,2,0,0,1,0
1286,3,0,11,74,2,0,0,1,0
1287,3,0,11,75,2,0,0,1,0
1288,3,0,11,76,2,0,0,1,0
1289,3,0,11,77,2,0,0,1,1
1290,3,0,11,78,2,0,0,1,0
1291,3,0,11,79,2,0,0,1,0
1292,3,0,11,80,2,0,0,1,0
1293,3,0,11,81,2,0,0,1,0
1294,3,0,11,82,2,0,0,1,0
1295,3,0,11,83,2,1,0,1,0
1296,3,0,11,84,2,0,0,1,0
1297,3,0,11,85,2,0,0,1,0
1298,3,0,11,86,2,0,0,1,0
1299,3,0,11,87,2,0,0,1,0
1300,3,0,11,88,2,0,0,1,0
1301,3,0,11,89,2,0,0,1,0
1302,3,0,11,90,2,0,0,1,1
1303,3,0,11,91,2,0,0,1,0
1304,3,0,11,92,2,0,0,1,0
1305,3,0,11,93,2,0,0,1,0
1306,3,0,11,94,2,0,0,1,0
1307,3,0,11,95,2,0,0,1,0
1308,3,0,11,96,2,1,0,1,0
1309,3,0,11,97,2,0,0,1,0
1310,3,0,11,98,2,0,0,1,0
1311,3,0,11,99,2,0,0,1,0
1312,2,0,12,99,2,0,0,2,0
1313,3,0,12,0,2,1,0,2,0
1314,3,0,12,1,2,0,0,2,0
1315,3,0,12,2,2,0,0,2,0
1316,3,0,12,3,2,0,0,2,0
1317,3,0,12,4,2,0,0,2,0
1318,3,0,12,5,2,0,0,2,0
1319,3,0,12,6,2,0,0,2,0
1320,3,0,12,7,2,0,0,2,0
1321,3,0,12,8,2,0,0,2,0
1322,3,0,12,9,2,1,0,2,0
1323,3,0,12,10,2,0,0,2,1
1324,3,0,12,11,2,0,0,2,0
1325,3,0,12,12,2,0,0,2,0
1326,3,0,12,13,2,1,0,2,0
1327,3,0,12,14,2,0,0,2,0
1328,3,0,12,15,2,0,0,2,0
1329,3,0,12,16,2,0,0,2,0
1330,3,0,12,17,2,0,0,2,0
1331,3,0,12,18,2,0,0,2,0
1332,3,0,12,19,2,0,0,2,0
1333,3,0,12,20,2,0,0,2,0
1334,3,0,12,21,2,0,0,2,0
1335,3,0,12,22,2,1,0,2,0
1336,3,0,12,23,2,0,0,2,1
1337,3,0,12,24,2,0,0,2,0
1338,3,0,12,25,2,0,0,2,0
1339,3,0,12,26,2,1,0,2,0
1340,3,0,12,27,2,0,0,2,0
1341,3,0,12,28,2,0,0,2,0
1342,3,0,12,29,2,0,0,2,0
1343,3,0,12,30,2,0,0,2,0
1344,3,0,12,31,2,0,0,2,0
1345,3,0,12,32,2,0,0,2,0
1346,3,0,12,33,2,0,0,2,0
1347,3,0,12,34,2,0,0,2,0
1348,3,0,12,35,2,0,0,2,0
1349,3,0,12,36,2,0,0,2,1
1350,3,0,12,37,2,0,0,2,0
1351,3,0,12,38,2,0,0,2,0
1352,3,0,12,39,2,1,0,2,0
1353,3,0,12,40,2,0,0,2,0
1354,3,0,12,41,2,0,0,2,0
1355,3,0,12,42,2,0,0,2,0
1356,3,0,12,43,2,0,0,2,0
1357,3,0,12,44,2,0,0,2,0
1358,3,0,12,45,2,0,0,2,0
1359,3,0,12,46,2,0,0,2,0
1360,3,0,12,47,2,0,0,2,0
1361,3,0,12,48,2,0,0,2,0
1362,3,0,12,49,2,0,0,2,0
1363,3,0,12,50,2,0,0,2,0
1364,3,0,12,51,2,0,0,2,0
1365,3,0,12,52,2,1,0,2,0
1366,3,0,12,53,2,0,0,2,0
1367,3,0,12,54,2,0,0,2,0
1368,3,0,12,55,2,0,0,2,0
1369,3,0,12,56,2,0,0,2,0
1370,3,0,12,57,2,0,0,2,0
1371,3,0,12,58,2,0,0,2,0
1372,3,0,12,59,2,0,0,2,0
1373,3,0,12,60,2,0,0,2,0
1374,3,0,12,61,2,0,0,2,0
1375,3,0,12,62,2,0,0,2,0
1376,3,0,12,63,2,0,0,2,0
1377,3,0,12,64,2,0,0,2,0
1378,3,0,12,65,2,0,0,2,0
1379,3,0,12,66,2,0,0,2,0
1380,3,0,12,67,2,0,0,2,0
1381,3,0,12,68,2,0,0,2,0
1382,3,0,12,69,2,0,0,2,0
1383,3,0,12,70,2,1,0,2,0
1384,3,0,12,71,2,0,0,2,0
1385,3,0,12,72,2,0,0,2,0
1386,3,0,12,73,2,0,0,2,0
1387,3,0,12,74,2,0,0,2,0
1388,3,0,12,75,2,0,0,2,0
1389,3,0,12,76,2,0,0,2,0
1390,3,0,12,77,2,0,0,2,0
1391,3,0,12,78,2,0,0,2,0
1392,3,0,12,79,2,0,0,2,0
1393,3,0,12,80,2,0,0,2,0
1394,3,0,12,81,2,0,0,2,0
1395,3,0,12,82,2,0,0,2,0
1396,3,0,12,83,2,1,0,2,0
1397,3,0,12,84,2,0,0,2,1
1398,3,0,12,85,2,0,0,2,0
1399,3,0,12,86,2,0,0,2,0
1400,3,0,12,87,2,0,0,2,0
1401,3,0,12,88,2,0,0,2,0
1402,3,0,12,89,2,0,0,2,0
1403,3,0,12,90,2,0,0,2,0
1404,3,0,12,91,2,0,0,2,0
1405,3,0,12,92,2,0,0,2,0
1406,3,0,12,93,2,0,0,2,0
1407,3,0,12,94,2,0,0,2,0
1408,3,0,12,95,2,0,0,2,0
1409,3,0,12,96,2,1,0,2,0
1410,3,0,12,97,2,0,0,2,1
1411,3,0,12,98,2,0,0,2,0
1412,3,0,12,99,2,0,0,2,0
1413,2,0,13,99,2,0,0,3,0
1414,3,0,13,0,2,1,0,3,0
1415,3,0,13,1,2,0,0,3,0
1416,3,0,13,2,2,0,0,3,0
1417,3,0,13,3,2,0,0,3,0
1418,3,0,13,4,2,0,0,3,1
1419,3,0,13,5,2,0,0,3,0
1420,3,0,13,6,2,0,0,3,0
1421,3,0,13,7,2,0,0,3,0
1422,3,0,13,8,2,0,0,3,0
1423,3,0,13,9,2,1,0,3,0
1424,3,0,13,10,2,0,0,3,0
1425,3,0,13,11,2,0,0,3,0
1426,3,0,13,12,2,0,0,3,0
1427,3,0,13,13,2,1,0,3,0
1428,3,0,13,14,2,0,0,3,0
1429,3,0,13,15,2,0,0,3,0
1430,3,0,13,16,2,0,0,3,0
1431,3,0,13,17,2,0,0,3,1
1432,3,0,13,18,2,0,0,3,0
1433,3,0,13,19,2,0,0,3,0
1434,3,0,13,20,2,0,0,3,0
1435,3,0,13,21,2,0,0,3,0
1436,3,0,13,22,2,1,0,3,0
1437,3,0,13,23,2,0,0,3,0
1438,3,0,13,24,2,0,0,3,0
1439,3,0,13,25,2,0,0,3,0
1440,3,0,13,26,2,1,0,3,0
1441,3,0,13,27,2,0,0,3,0
1442,3,0,13,28,2,0,0,3,0
1443,3,0,13,29,2,0,0,3,0
1444,3,0,13,30,2,0,0,3,1
1445,3,0,13,31,2,0,0,3,0
1446,3,0,13,32,2,0,0,3,0
1447,3,0,13,33,2,0,0,3,0
1448,3,0,13,34,2,0,0,3,0
1449,3,0,13,35,2,0,0,3,0
1450,3,0,13,36,2,0,0,3,0
1451,3,0,13,37,2,0,0,3,0
1452,3,0,13,38,2,0,0,3,0
1453,3,0,13,39,2,1,0,3,0
1454,3,0,13,40,2,0,0,3,0
1455,3,0,13,41,2,0,0,3,0
1456,3,0,13,42,2,0,0,3,0
1457,3,0,13,43,2,0,0,3,1
1458,3,0,13,44,2,0,0,3,0
1459,3,0,13,45,2,0,0,3,0
1460,3,0,13,46,2,0,0,3,0
1461,3,0,13,47,2,0,0,3,0
1462,3,0,13,48,2,0,0,3,0
1463,3,0,13,49,2,0,0,3,0
1464,3,0,13,50,2,0,0,3,0
1465,3,0,13,51,2,0,0,3,0
1466,3,0,13,52,2,1,0,3,0
1467,3,0,13,53,2,0,0,3,0
1468,3,0,13,54,2,0,0,3,0
1469,3,0,13,55,2,0,0,3,0
1470,3,0,13,56,2,0,0,3,0
1471,3,0,13,57,2,0,0,3,0
1472,3,0,13,58,2,0,0,3,0
1473,3,0,13,59,2,0,0,3,0
1474,3,0,13,60,2,0,0,3,0
1475,3,0,13,61,2,0,0,3,0
1476,3,0,13,62,2,0,0,3,0
1477,3,0,13,63,2,0,0,3,0
1478,3,0,13,64,2,0,0,3,0
1479,3,0,13,65,2,0,0,3,0
1480,3,0,13,66,2,0,0,3,0
1481,3,0,13,67,2,0,0,3,0
1482,3,0,13,68,2,0,0,3,0
1483,3,0,13,69,2,0,0,3,0
1484,3,0,13,70,2,1,0,3,0
1485,3,0,13,71,2,0,0,3,0
1486,3,0,13,72,2,0,0,3,0
1487,3,0,13,73,2,0,0,3,0
1488,3,0,13,74,2,0,0,3,0
1489,3,0,13,75,2,0,0,3,0
1490,3,0,13,76,2,0,0,3,0
1491,3,0,13,77,2,0,0,3,0
1492,3,0,13,78,2,0,0,3,0
1493,3,0,13,79,2,0,0,3,0
1494,3,0,13,80,2,0,0,3,0
1495,3,0,13,81,2,0,0,3,0
1496,3,0,13,82,2,0,0,3,0
1497,3,0,13,83,2,1,0,3,0
1498,3,0,13,84,2,0,0,3,0
1499,3,0,13,85,2,0,0,3,0
1500,3,0,13,86,2,0,0,3,0
1501,3,0,13,87,2,0,0,3,0
1502,3,0,13,88,2,0,0,3,0
1503,3,0,13,89,2,0,0,3,0
1504,3,0,13,90,2,0,0,3,0
1505,3,0,13,91,2,0,0,3,1
1506,3,0,13,92,2,0,0,3,0
1507,3,0,13,93,2,0,0,3,0
1508,3,0,13,94,2,0,0,3,0
1509,3,0,13,95,2,0,0,3,0
1510,3,0,13,96,2,1,0,3,0
1511,3,0,13,97,2,0,0,3,0
1512,3,0,13,98,2,0,0,3,0
1513,3,0,13,99,2,0,0,3,0
1514,2,0,14,99,2,0,0,4,0
1515,3,0,14,0,2,1,0,4,0
1516,3,0,14,1,2,0,0,4,0
1517,3,0,14,2,2,0,0,4,0
1518,3,0,14,3,2,0,0,4,0
1519,3,0,14,4,2,0,0,4,0
1520,3,0,14,5,2,0,0,4,0
1521,3,0,14,6,2,0,0,4,0
1522,3,0,14,7,2,0,0,4,0
1523,3,0,14,8,2,0,0,4,0
1524,3,0,14,9,2,1,0,4,0
1525,3,0,14,10,2,0,0,4,0
1526,3,0,14,11,2,0,0,4,1
1527,3,0,14,12,2,0,0,4,0
1528,3,0,14,13,2,1,0,4,0
1529,3,0,14,14,2,0,0,4,0
1530,3,0,14,15,2,0,0,4,0
1531,3,0,14,16,2,0,0,4,0
1532,3,0,14,17,2,0,0,4,0
1533,3,0,14,18,2,0,0,4,0
1534,3,0,14,19,2,0,0,4,0
1535,3,0,14,20,2,0,0,4,0
1536,3,0,14,21,2,0,0,4,0
1537,3,0,14,22,2,1,0,4,0
1538,3,0,14,23,2,0,0,4,0
1539,3,0,14,24,2,0,0,4,1
1540,3,0,14,25,2,0,0,4,0
1541,3,0,14,26,2,1,0,4,0
1542,3,0,14,27,2,0,0,4,0
1543,3,0,14,28,2,0,0,4,0
1544,3,0,14,29,2,0,0,4,0
1545,3,0,14,30,2,0,0,4,0
1546,3,0,14,31,2,0,0,4,0
1547,3,0,14,32,2,0,0,4,0
1548,3,0,14,33,2,0,0,4,0
1549,3,0,14,34,2,0,0,4,0
1550,3,0,14,35,2,0,0,4,0
1551,3,0,14,36,2,0,0,4,0
1552,3,0,14,37,2,0,0,4,1
1553,3,0,14,38,2,0,0,4,0
1554,3,0,14,39,2,1,0,4,0
1555,3,0,14,40,2,0,0,4,0
1556,3,0,14,41,2,0,0,4,0
1557,3,0,14,42,2,0,0,4,0
1558,3,0,14,43,2,0,0,4,0
1559,3,0,14,44,2,0,0,4,0
1560,3,0,14,45,2,0,0,4,0
1561,3,0,14,46,2,0,0,4,0
1562,3,0,14,47,2,0,0,4,0
1563,3,0,14,48,2,0,0,4,0
1564,3,0,14,49,2,0,0,4,0
1565,3,0,14,50,2,0,0,4,1
1566,3,0,14,51,2,0,0,4,0
1567,3,0,14,52,2,1,0,4,0
1568,3,0,14,53,2,0,0,4,0
1569,3,0,14,54,2,0,0,4,0
1570,3,0,14,55,2,0,0,4,0
1571,3,0,14,56,2,0,0,4,0
1572,3,0,14,57,2,0,0,4,0
1573,3,0,14,58,2,0,0,4,0
1574,3,0,14,59,2,0,0,4,0
1575,3,0,14,60,2,0,0,4,0
1576,3,0,14,61,2,0,0,4,0
1577,3,0,14,62,2,0,0,4,0
1578,3,0,14,63,2,0,0,4,0
1579,3,0,14,64,2,0,0,4,0
1580,3,0,14,65,2,0,0,4,0
1581,3,0,14,66,2,0,0,4,0
1582,3,0,14,67,2,0,0,4,0
1583,3,0,14,68,2,0,0,4,0
1584,3,0,14,69,2,0,0,4,0
1585,3,0,14,70,2,1,0,4,0
1586,3,0,14,71,2,0,0,4,0
1587,3,0,14,72,2,0,0,4,0
1588,3,0,14,73,2,0,0,4,0
1589,3,0,14,74,2,0,0,4,0
1590,3,0,14,75,2,0,0,4,0
1591,3,0,14,76,2,0,0,4,0
1592,3,0,14,77,2,0,0,4,0
1593,3,0,14,78,2,0,0,4,0
1594,3,0,14,79,2,0,0,4,0
1595,3,0,14,80,2,0,0,4,0
1596,3,0,14,81,2,0,0,4,0
1597,3,0,14,82,2,0,0,4,0
1598,3,0,14,83,2,1,0,4,0
1599,3,0,14,84,2,0,0,4,0
1600,3,0,14,85,2,0,0,4,0
1601,3,0,14,86,2,0,0,4,0
1602,3,0,14,87,2,0,0,4,0
1603,3,0,14,88,2,0,0,4,0
1604,3,0,14,89,2,0,0,4,0
1605,3,0,14,90,2,0,0,4,0
1606,3,0,14,91,2,0,0,4,0
1607,3,0,14,92,2,0,0,4,0
1608,3,0,14,93,2,0,0,4,0
1609,3,0,14,94,2,0,0,4,0
1610,3,0,14,95,2,0,0,4,0
1611,3,0,14,96,2,1,0,4,0
1612,3,0,14,97,2,0,0,4,0
1613,3,0,14,98,2,0,0,4,1
1614,3,0,14,99,2,0,0,4,0
1615,2,0,15,99,2,0,0,5,0
1616,3,0,15,0,2,1,0,5,0
1617,3,0,15,1,2,0,0,5,0
1618,3,0,15,2,2,0,0,5,0
1619,3,0,15,3,2,0,0,5,0
1620,3,0,15,4,2,0,0,5,0
1621,3,0,15,5,2,0,0,5,1
1622,3,0,15,6,2,0,0,5,0
1623,3,0,15,7,2,0,0,5,0
1624,3,0,15,8,2,0,0,5,0
1625,3,0,15,9,2,1,0,5,0
1626,3,0,15,10,2,0,0,5,0
1627,3,0,15,11,2,0,0,5,0
1628,3,0,15,12,2,0,0,5,0
1629,3,0,15,13,2,1,0,5,0
1630,3,0,15,14,2,0,0,5,0
1631,3,0,15,15,2,0,0,5,0
1632,3,0,15,16,2,0,0,5,0
1633,3,0,15,17,2,0,0,5,0
1634,3,0,15,18,2,0,0,5,1
1635,3,0,15,19,2,0,0,5,0
1636,3,0,15,20,2,0,0,5,0
1637,3,0,15,21,2,0,0,5,0
1638,3,0,15,22,2,1,0,5,0
1639,3,0,15,23,2,0,0,5,0
1640,3,0,15,24,2,0,0,5,0
1641,3,0,15,25,2,0,0,5,0
1642,3,0,15,26,2,1,0,5,0
1643,3,0,15,27,2,0,0,5,0
1644,3,0,15,28,2,0,0,5,0
1645,3,0,15,29,2,0,0,5,0
1646,3,0,15,30,2,0,0,5,0
1647,3,0,15,31,2,0,0,5,1
1648,3,0,15,32,2,0,0,5,0
1649,3,0,15,33,2,0,0,5,0
1650,3,0,15,34,2,0,0,5,0
1651,3,0,15,35,2,0,0,5,0
1652,3,0,15,36,2,0,0,5,0
1653,3,0,15,37,2,0,0,5,0
1654,3,0,15,38,2,0,0,5,0
1655,3,0,15,39,2,1,0,5,0
1656,3,0,15,40,2,0,0,5,0
1657,3,0,15,41,2,0,0,5,0
1658,3,0,15,42,2,0,0,5,0
1659,3,0,15,43,2,0,0,5,0
1660,3,0,15,44,2,0,0,5,1
1661,3,0,15,45,2,0,0,5,0
1662,3,0,15,46,2,0,0,5,0
1663,3,0,15,47,2,0,0,5,0
1664,3,0,15,48,2,0,0,5,0
1665,3,0,15,49,2,0,0,5,0
1666,3,0,15,50,2,0,0,5,0
1667,3,0,15,51,2,0,0,5,0
1668,3,0,15,52,2,1,0,5,0
1669,3,0,15,53,2,0,0,5,0
1670,3,0,15,54,2,0,0,5,0
1671,3,0,15,55,2,0,0,5,0
1672,3,0,15,56,2,0,0,5,0
1673,3,0,15,57,2,0,0,5,1
1674,3,0,15,58,2,0,0,5,0
1675,3,0,15,59,2,0,0,5,0
1676,3,0,15,60,2,0,0,5,0
1677,3,0,15,61,2,0,0,5,0
1678,3,0,15,62,2,0,0,5,0
1679,3,0,15,63,2,0,0,5,0
1680,3,0,15,64,2,0,0,5,0
1681,3,0,15,65,2,0,0,5,0
1682,3,0,15,66,2,0,0,5,0
1683,3,0,15,67,2,0,0,5,0
1684,3,0,15,68,2,0,0,5,0
1685,3,0,15,69,2,0,0,5,0
1686,3,0,15,70,2,1,0,5,0
1687,3,0,15,71,2,0,0,5,0
1688,3,0,15,72,2,0,0,5,0
1689,3,0,15,73,2,0,0,5,0
1690,3,0,15,74,2,0,0,5,0
1691,3,0,15,75,2,0,0,5,0
1692,3,0,15,76,2,0,0,5,0
1693,3,0,15,77,2,0,0,5,0
1694,3,0,15,78,2,0,0,5,0
1695,3,0,15,79,2,0,0,5,0
1696,3,0,15,80,2,0,0,5,0
1697,3,0,15,81,2,0,0,5,0
1698,3,0,15,82,2,0,0,5,0
1699,3,0,15,83,2,1,0,5,0
1700,3,0,15,84,2,0,0,5,0
1701,3,0,15,85,2,0,0,5,0
1702,3,0,15,86,2,0,0,5,0
1703,3,0,15,87,2,0,0,5,0
1704,3,0,15,88,2,0,0,5,0
1705,3,0,15,89,2,0,0,5,0
1706,3,0,15,90,2,0,0,5,0
1707,3,0,15,91,2,0,0,5,0
1708,3,0,15,92,2,0,0,5,0
1709,3,0,15,93,2,0,0,5,0
1710,3,0,15,94,2,0,0,5,0
1711,3,0,15,95,2,0,0,5,0
1712,3,0,15,96,2,1,0,5,0
1713,3,0,15,97,2,0,0,5,0
1714,3,0,15,98,2,0,0,5,0
1715,3,0,15,99,2,0,0,5,0
1716,2,0,16,99,2,0,0,6,0
1717,3,0,16,0,2,1,0,6,0
1718,3,0,16,1,2,0,0,6,0
1719,3,0,16,2,2,0,0,6,0
1720,3,0,16,3,2,0,0,6,0
1721,3,0,16,4,2,0,0,6,0
1722,3,0,16,5,2,0,0,6,0
1723,3,0,16,6,2,0,0,6,0
1724,3,0,16,7,2,0,0,6,0
1725,3,0,16,8,2,0,0,6,0
1726,3,0,16,9,2,1,0,6,0
1727,3,0,16,10,2,0,0,6,0
1728,3,0,16,11,2,0,0,6,0
1729,3,0,16,12,2,0,0,6,1
1730,3,0,16,13,2,1,0,6,0
1731,3,0,16,14,2,0,0,6,0
1732,3,0,16,15,2,0,0,6,0
1733,3,0,16,16,2,0,0,6,0
1734,3,0,16,17,2,0,0,6,0
1735,3,0,16,18,2,0,0,6,0
1736,3,0,16,19,2,0,0,6,0
1737,3,0,16,20,2,0,0,6,0
1738,3,0,16,21,2,0,0,6,0
1739,3,0,16,22,2,1,0,6,0
1740,3,0,16,23,2,0,0,6,0
1741,3,0,16,24,2,0,0,6,0
1742,3,0,16,25,2,0,0,6,1
1743,3,0,16,26,2,1,0,6,0
1744,3,0,16,27,2,0,0,6,0
1745,3,0,16,28,2,0,0,6,0
1746,3,0,16,29,2,0,0,6,0
1747,3,0,16,30,2,0,0,6,0
1748,3,0,16,31,2,0,0,6,0
1749,3,0,16,32,2,0,0,6,0
1750,3,0,16,33,2,0,0,6,0
1751,3,0,16,34,2,0,0,6,0
1752,3,0,16,35,2,0,0,6,0
1753,3,0,16,36,2,0,0,6,0
1754,3,0,16,37,2,0,0,6,0
1755,3,0,16,38,2,0,0,6,1
1756,3,0,16,39,2,1,0,6,0
1757,3,0,16,40,2,0,0,6,0
1758,3,0,16,41,2,0,0,6,0
1759,3,0,16,42,2,0,0,6,0
1760,3,0,16,43,2,0,0,6,0
1761,3,0,16,44,2,0,0,6,0
1762,3,0,16,45,2,0,0,6,0
1763,3,0,16,46,2,0,0,6,0
1764,3,0,16,47,2,0,0,6,0
1765,3,0,16,48,2,0,0,6,0
1766,3,0,16,49,2,0,0,6,0
1767,3,0,16,50,2,0,0,6,0
1768,3,0,16,51,2,0,0,6,1
1769,3,0,16,52,2,1,0,6,0
1770,3,0,16,53,2,0,0,6,0
1771,3,0,16,54,2,0,0,6,0
1772,3,0,16,55,2,0,0,6,0
1773,3,0,16,56,2,0,0,6,0
1774,3,0,16,57,2,0,0,6,0
1775,3,0,16,58,2,0,0,6,0
1776,3,0,16,59,2,0,0,6,0
1777,3,0,16,60,2,0,0,6,0
1778,3,0,16,61,2,0,0,6,0
1779,3,0,16,62,2,0,0,6,0
1780,3,0,16,63,2,0,0,6,0
1781,3,0,16,64,2,0,0,6,1
1782,3,0,16,65,2,0,0,6,0
1783,3,0,16,66,2,0,0,6,0
1784,3,0,16,67,2,0,0,6,0
1785,3,0,16,68,2,0,0,6,0
1786,3,0,16,69,2,0,0,6,0
1787,3,0,16,70,2,1,0,6,0
1788,3,0,16,71,2,0,0,6,0
1789,3,0,16,72,2,0,0,6,0
1790,3,0,16,73,2,0,0,6,0
1791,3,0,16,74,2,0,0,6,0
1792,3,0,16,75,2,0,0,6,0
1793,3,0,16,76,2,0,0,6,0
1794,3,0,16,77,2,0,0,6,0
1795,3,0,16,78,2,0,0,6,0
1796,3,0,16,79,2,0,0,6,0
1797,3,0,16,80,2,0,0,6,0
1798,3,0,16,81,2,0,0,6,0
1799,3,0,16,82,2,0,0,6,0
1800,3,0,16,83,2,1,0,6,0
1801,3,0,16,84,2,0,0,6,0
1802,3,0,16,85,2,0,0,6,0
1803,3,0,16,86,2,0,0,6,0
1804,3,0,16,87,2,0,0,6,0
1805,3,0,16,88,2,0,0,6,0
1806,3,0,16,89,2,0,0,6,0
1807,3,0,16,90,2,0,0,6,0
1808,3,0,16,91,2,0,0,6,0
1809,3,0,16,92,2,0,0,6,0
1810,3,0,16,93,2,0,0,6,0
1811,3,0,16,94,2,0,0,6,0
1812,3,0,16,95,2,0,0,6,0
1813,3,0,16,96,2,1,0,6,0
1814,3,0,16,97,2,0,0,6,0
1815,3,0,16,98,2,0,0,6,0
1816,3,0,16,99,2,0,0,6,0
1817,2,0,17,99,2,0,0,7,0
1818,3,0,17,0,2,1,0,7,0
1819,3,0,17,1,2,0,0,7,0
1820,3,0,17,2,2,0,0,7,0
1821,3,0,17,3,2,0,0,7,0
1822,3,0,17,4,2,0,0,7,0
1823,3,0,17,5,2,0,0,7,0
1824,3,0,17,6,2,0,0,7,0
1825,3,0,17,7,2,0,0,7,0
1826,3,0,17,8,2,0,0,7,0
1827,3,0,17,9,2,1,0,7,0
1828,3,0,17,10,2,0,0,7,0
1829,3,0,17,11,2,0,0,7,0
1830,3,0,17,12,2,0,0,7,0
1831,3,0,17,13,2,1,0,7,0
1832,3,0,17,14,2,0,0,7,0
1833,3,0,17,15,2,0,0,7,0
1834,3,0,17,16,2,0,0,7,0
1835,3,0,17,17,2,0,0,7,0
1836,3,0,17,18,2,0,0,7,0
1837,3,0,17,19,2,0,0,7,1
1838,3,0,17,20,2,0,0,7,0
1839,3,0,17,21,2,0,0,7,0
1840,3,0,17,22,2,1,0,7,0
1841,3,0,17,23,2,0,0,7,0
1842,3,0,17,24,2,0,0,7,0
1843,3,0,17,25,2,0,0,7,0
1844,3,0,17,26,2,1,0,7,0
1845,3,0,17,27,2,0,0,7,0
1846,3,0,17,28,2,0,0,7,0
1847,3,0,17,29,2,0,0,7,0
1848,3,0,17,30,2,0,0,7,0
1849,3,0,17,31,2,0,0,7,0
1850,3,0,17,32,2,0,0,7,1
1851,3,0,17,33,2,0,0,7,0
1852,3,0,17,34,2,0,0,7,0
1853,3,0,17,35,2,0,0,7,0
1854,3,0,17,36,2,0,0,7,0
1855,3,0,17,37,2,0,0,7,0
1856,3,0,17,38,2,0,0,7,0
1857,3,0,17,39,2,1,0,7,0
1858,3,0,17,40,2,0,0,7,0
1859,3,0,17,41,2,0,0,7,0
1860,3,0,17,42,2,0,0,7,0
1861,3,0,17,43,2,0,0,7,0
1862,3,0,17,44,2,0,0,7,0
1863,3,0,17,45,2,0,0,7,1
1864,3,0,17,46,2,0,0,7,0
1865,3,0,17,47,2,0,0,7,0
1866,3,0,17,48,2,0,0,7,0
1867,3,0,17,49,2,0,0,7,0
1868,3,0,17,50,2,0,0,7,0
1869,3,0,17,51,2,0,0,7,0
1870,3,0,17,52,2,1,0,7,0
1871,3,0,17,53,2,0,0,7,0
1872,3,0,17,54,2,0,0,7,0
1873,3,0,17,55,2,0,0,7,0
1874,3,0,17,56,2,0,0,7,0
1875,3,0,17,57,2,0,0,7,0
1876,3,0,17,58,2,0,0,7,1
1877,3,0,17,59,2,0,0,7,0
1878,3,0,17,60,2,0,0,7,0
1879,3,0,17,61,2,0,0,7,0
1880,3,0,17,62,2,0,0,7,0
1881,3,0,17,63,2,0,0,7,0
1882,3,0,17,64,2,0,0,7,0
1883,3,0,17,65,2,0,0,7,0
1884,3,0,17,66,2,0,0,7,0
1885,3,0,17,67,2,0,0,7,0
1886,3,0,17,68,2,0,0,7,0
1887,3,0,17,69,2,0,0,7,0
1888,3,0,17,70,2,1,0,7,0
1889,3,0,17,71,2,0,0,7,1
1890,3,0,17,72,2,0,0,7,0
1891,3,0,17,73,2,0,0,7,0
1892,3,0,17,74,2,0,0,7,0
1893,3,0,17,75,2,0,0,7,0
1894,3,0,17,76,2,0,0,7,0
1895,3,0,17,77,2,0,0,7,0
1896,3,0,17,78,2,0,0,7,0
1897,3,0,17,79,2,0,0,7,0
1898,3,0,17,80,2,0,0,7,0
1899,3,0,17,81,2,0,0,7,0
1900,3,0,17,82,2,0,0,7,0
1901,3,0,17,83,2,1,0,7,0
1902,3,0,17,84,2,0,0,7,0
1903,3,0,17,85,2,0,0,7,0
1904,3,0,17,86,2,0,0,7,0
1905,3,0,17,87,2,0,0,7,0
1906,3,0,17,88,2,0,0,7,0
1907,3,0,17,89,2,0,0,7,0
1908,3,0,17,90,2,0,0,7,0
1909,3,0,17,91,2,0,0,7,0
1910,3,0,17,92,2,0,0,7,0
1911,3,0,17,93,2,0,0,7,0
1912,3,0,17,94,2,0,0,7,0
1913,3,0,17,95,2,0,0,7,0
1914,3,0,17,96,2,1,0,7,0
1915,3,0,17,97,2,0,0,7,0
1916,3,0,17,98,2,0,0,7,0
1917,3,0,17,99,2,0,0,7,0
1918,2,0,18,99,2,0,0,8,0
1919,3,0,18,0,2,1,0,8,0
1920,3,0,18,1,2,0,0,8,0
1921,3,0,18,2,2,0,0,8,0
1922,3,0,18,3,2,0,0,8,0
1923,3,0,18,4,2,0,0,8,0
1924,3,0,18,5,2,0,0,8,0
1925,3,0,18,6,2,0,0,8,0
1926,3,0,18,7,2,0,0,8,0
1927,3,0,18,8,2,0,0,8,0
1928,3,0,18,9,2,1,0,8,0
1929,3,0,18,10,2,0,0,8,0
1930,3,0,18,11,2,0,0,8,0
1931,3,0,18,12,2,0,0,8,0
1932,3,0,18,13,2,1,0,8,0
1933,3,0,18,14,2,0,0,8,0
1934,3,0,18,15,2,0,0,8,0
1935,3,0,18,16,2,0,0,8,0
1936,3,0,18,17,2,0,0,8,0
1937,3,0,18,18,2,0,0,8,0
1938,3,0,18,19,2,0,0,8,0
1939,3,0,18,20,2,0,0,8,0
1940,3,0,18,21,2,0,0,8,0
1941,3,0,18,22,2,1,0,8,0
1942,3,0,18,23,2,0,0,8,0
1943,3,0,18,24,2,0,0,8,0
1944,3,0,18,25,2,0,0,8,0
1945,3,0,18,26,2,1,0,8,1
1946,3,0,18,27,2,0,0,8,0
1947,3,0,18,28,2,0,0,8,0
1948,3,0,18,29,2,0,0,8,0
1949,3,0,18,30,2,0,0,8,0
1950,3,0,18,31,2,0,0,8,0
1951,3,0,18,32,2,0,0,8,0
1952,3,0,18,33,2,0,0,8,0
1953,3,0,18,34,2,0,0,8,0
1954,3,0,18,35,2,0,0,8,0
1955,3,0,18,36,2,0,0,8,0
1956,3,0,18,37,2,0,0,8,0
1957,3,0,18,38,2,0,0,8,0
1958,3,0,18,39,2,1,0,8,1
1959,3,0,18,40,2,0,0,8,0
1960,3,0,18,41,2,0,0,8,0
1961,3,0,18,42,2,0,0,8,0
1962,3,0,18,43,2,0,0,8,0
1963,3,0,18,44,2,0,0,8,0
1964,3,0,18,45,2,0,0,8,0
1965,3,0,18,46,2,0,0,8,0
1966,3,0,18,47,2,0,0,8,0
1967,3,0,18,48,2,0,0,8,0
1968,3,0,18,49,2,0,0,8,0
1969,3,0,18,50,2,0,0,8,0
1970,3,0,18,51,2,0,0,8,0
1971,3,0,18,52,2,1,0,8,1
1972,3,0,18,53,2,0,0,8,0
1973,3,0,18,54,2,0,0,8,0
1974,3,0,18,55,2,0,0,8,0
1975,3,0,18,56,2,0,0,8,0
1976,3,0,18,57,2,0,0,8,0
1977,3,0,18,58,2,0,0,8,0
1978,3,0,18,59,2,0,0,8,0
1979,3,0,18,60,2,0,0,8,0
1980,3,0,18,61,2,0,0,8,0
1981,3,0,18,62,2,0,0,8,0
1982,3,0,18,63,2,0,0,8,0
1983,3,0,18,64,2,0,0,8,0
1984,3,0,18,65,2,0,0,8,1
1985,3,0,18,66,2,0,0,8,0
1986,3,0,18,67,2,0,0,8,0
1987,3,0,18,68,2,0,0,8,0
1988,3,0,18,69,2,0,0,8,0
1989,3,0,18,70,2,1,0,8,0
1990,3,0,18,71,2,0,0,8,0
1991,3,0,18,72,2,0,0,8,0
1992,3,0,18,73,2,0,0,8,0
1993,3,0,18,74,2,0,0,8,0
1994,3,0,18,75,2,0,0,8,0
1995,3,0,18,76,2,0,0,8,0
1996,3,0,18,77,2,0,0,8,0
1997,3,0,18,78,2,0,0,8,1
1998,3,0,18,79,2,0,0,8,0
1999,3,0,18,80,2,0,0,8,0
2000,3,0,18,81,2,0,0,8,0
2001,3,0,18,82,2,0,0,8,0
2002,3,0,18,83,2,1,0,8,0
2003,3,0,18,84,2,0,0,8,0
2004,3,0,18,85,2,0,0,8,0
2005,3,0,18,86,2,0,0,8,0
2006,3,0,18,87,2,0,0,8,0
2007,3,0,18,88,2,0,0,8,0
2008,3,0,18,89,2,0,0,8,0
2009,3,0,18,90,2,0,0,8,0
2010,3,0,18,91,2,0,0,8,0
2011,3,0,18,92,2,0,0,8,0
2012,3,0,18,93,2,0,0,8,0
2013,3,0,18,94,2,0,0,8,0
2014,3,0,18,95,2,0,0,8,0
2015,3,0,18,96,2,1,0,8,0
2016,3,0,18,97,2,0,0,8,0
2017,3,0,18,98,2,0,0,8,0
2018,3,0,18,99,2,0,0,8,0
2019,2,0,19,99,2,0,0,9,0
2020,3,0,19,0,2,1,0,9,0
2021,3,0,19,1,2,0,0,9,0
2022,3,0,19,2,2,0,0,9,0
2023,3,0,19,3,2,0,0,9,0
2024,3,0,19,4,2,0,0,9,0
2025,3,0,19,5,2,0,0,9,0
2026,3,0,19,6,2,0,0,9,0
2027,3,0,19,7,2,0,0,9,0
2028,3,0,19,8,2,0,0,9,0
2029,3,0,19,9,2,1,0,9,0
2030,3,0,19,10,2,0,0,9,0
2031,3,0,19,11,2,0,0,9,0
2032,3,0,19,12,2,0,0,9,0
2033,3,0,19,13,2,1,0,9,0
2034,3,0,19,14,2,0,0,9,0
2035,3,0,19,15,2,0,0,9,0
2036,3,0,19,16,2,0,0,9,0
2037,3,0,19,17,2,0,0,9,0
2038,3,0,19,18,2,0,0,9,0
2039,3,0,19,19,2,0,0,9,0
2040,3,0,19,20,2,0,0,9,0
2041,3,0,19,21,2,0,0,9,0
2042,3,0,19,22,2,1,0,9,0
2043,3,0,19,23,2,0,0,9,0
2044,3,0,19,24,2,0,0,9,0
2045,3,0,19,25,2,0,0,9,0
2046,3,0,19,26,2,1,0,9,0
2047,3,0,19,27,2,0,0,9,0
2048,3,0,19,28,2,0,0,9,0
2049,3,0,19,29,2,0,0,9,0
2050,3,0,19,30,2,0,0,9,0
2051,3,0,19,31,2,0,0,9,0
2052,3,0,19,32,2,0,0,9,0
2053,3,0,19,33,2,0,0,9,1
2054,3,0,19,34,2,0,0,9,0
2055,3,0,19,35,2,0,0,9,0
2056,3,0,19,36,2,0,0,9,0
2057,3,0,19,37,2,0,0,9,0
2058,3,0,19,38,2,0,0,9,0
2059,3,0,19,39,2,1,0,9,0
2060,3,0,19,40,2,0,0,9,0
2061,3,0,19,41,2,0,0,9,0
2062,3,0,19,42,2,0,0,9,0
2063,3,0,19,43,2,0,0,9,0
2064,3,0,19,44,2,0,0,9,0
2065,3,0,19,45,2,0,0,9,0
2066,3,0,19,46,2,0,0,9,1
2067,3,0,19,47,2,0,0,9,0
2068,3,0,19,48,2,0,0,9,0
2069,3,0,19,49,2,0,0,9,0
2070,3,0,19,50,2,0,0,9,0
2071,3,0,19,51,2,0,0,9,0
2072,3,0,19,52,2,1,0,9,0
2073,3,0,19,53,2,0,0,9,0
2074,3,0,19,54,2,0,0,9,0
2075,3,0,19,55,2,0,0,9,0
2076,3,0,19,56,2,0,0,9,0
2077,3,0,19,57,2,0,0,9,0
2078,3,0,19,58,2,0,0,9,0
2079,3,0,19,59,2,0,0,9,1
2080,3,0,19,60,2,0,0,9,0
2081,3,0,19,61,2,0,0,9,0
2082,3,0,19,62,2,0,0,9,0
2083,3,0,19,63,2,0,0,9,0
2084,3,0,19,64,2,0,0,9,0
2085,3,0,19,65,2,0,0,9,0
2086,3,0,19,66,2,0,0,9,0
2087,3,0,19,67,2,0,0,9,0
2088,3,0,19,68,2,0,0,9,0
2089,3,0,19,69,2,0,0,9,0
2090,3,0,19,70,2,1,0,9,0
2091,3,0,19,71,2,0,0,9,0
2092,3,0,19,72,2,0,0,9,1
2093,3,0,19,73,2,0,0,9,0
2094,3,0,19,74,2,0,0,9,0
2095,3,0,19,75,2,0,0,9,0
2096,3,0,19,76,2,0,0,9,0
2097,3,0,19,77,2,0,0,9,0
2098,3,0,19,78,2,0,0,9,0
2099,3,0,19,79,2,0,0,9,0
2100,3,0,19,80,2,0,0,9,0
2101,3,0,19,81,2,0,0,9,0
2102,3,0,19,82,2,0,0,9,0
2103,3,0,19,83,2,1,0,9,0
2104,3,0,19,84,2,0,0,9,0
2105,3,0,19,85,2,0,0,9,1
2106,3,0,19,86,2,0,0,9,0
2107,3,0,19,87,2,0,0,9,0
2108,3,0,19,88,2,0,0,9,0
2109,3,0,19,89,2,0,0,9,0
2110,3,0,19,90,2,0,0,9,0
2111,3,0,19,91,2,0,0,9,0
2112,3,0,19,92,2,0,0,9,0
2113,3,0,19,93,2,0,0,9,0
2114,3,0,19,94,2,0,0,9,0
2115,3,0,19,95,2,0,0,9,0
2116,3,0,19,96,2,1,0,9,0
2117,3,0,19,97,2,0,0,9,0
2118,3,0,19,98,2,0,0,9,0
2119,3,0,19,99,2,0,0,9,0
2120,2,0,20,99,2,0,0,0,0
2121,3,0,20,0,2,1,1,0,0
2122,3,0,20,1,2,0,1,0,0
2123,3,0,20,2,2,0,1,0,0
2124,3,0,20,3,2,0,1,0,0
2125,3,0,20,4,2,0,1,0,0
2126,3,0,20,5,2,0,1,0,0
2127,3,0,20,6,2,0,1,0,0
2128,3,0,20,7,2,0,1,0,0
2129,3,0,20,8,2,0,1,0,0
2130,3,0,20,9,2,1,1,0,0
2131,3,0,20,10,2,0,1,0,0
2132,3,0,20,11,2,0,1,0,0
2133,3,0,20,12,2,0,1,0,0
2134,3,0,20,13,2,1,1,0,0
2135,3,0,20,14,2,0,1,0,0
2136,3,0,20,15,2,0,1,0,0
2137,3,0,20,16,2,0,1,0,0
2138,3,0,20,17,2,0,1,0,0
2139,3,0,20,18,2,0,1,0,0
2140,3,0,20,19,2,0,1,0,0
2141,3,0,20,20,2,0,1,0,0
2142,3,0,20,21,2,0,1,0,0
2143,3,0,20,22,2,1,1,0,0
2144,3,0,20,23,2,0,1,0,0
2145,3,0,20,24,2,0,1,0,0
2146,3,0,20,25,2,0,1,0,0
2147,3,0,20,26,2,1,1,0,0
2148,3,0,20,27,2,0,1,0,0
2149,3,0,20,28,2,0,1,0,0
2150,3,0,20,29,2,0,1,0,0
2151,3,0,20,30,2,0,1,0,0
2152,3,0,20,31,2,0,1,0,0
2153,3,0,20,32,2,0,1,0,0
2154,3,0,20,33,2,0,1,0,0
2155,3,0,20,34,2,0,1,0,0
2156,3,0,20,35,2,0,1,0,0
2157,3,0,20,36,2,0,1,0,0
2158,3,0,20,37,2,0,1,0,0
2159,3,0,20,38,2,0,1,0,0
2160,3,0,20,39,2,1,1,0,0
2161,3,0,20,40,2,0,1,0,1
2162,3,0,20,41,2,0,1,0,0
2163,3,0,20,42,2,0,1,0,0
2164,3,0,20,43,2,0,1,0,0
2165,3,0,20,44,2,0,1,0,0
2166,3,0,20,45,2,0,1,0,0
2167,3,0,20,46,2,0,1,0,0
2168,3,0,20,47,2,0,1,0,0
2169,3,0,20,48,2,0,1,0,0
2170,3,0,20,49,2,0,1,0,0
2171,3,0,20,50,2,0,1,0,0
2172,3,0,20,51,2,0,1,0,0
2173,3,0,20,52,2,1,1,0,0
2174,3,0,20,53,2,0,1,0,1
2175,3,0,20,54,2,0,1,0,0
2176,3,0,20,55,2,0,1,0,0
2177,3,0,20,56,2,0,1,0,0
2178,3,0,20,57,2,0,1,0,0
2179,3,0,20,58,2,0,1,0,0
2180,3,0,20,59,2,0,1,0,0
2181,3,0,20,60,2,0,1,0,0
2182,3,0,20,61,2,0,1,0,0
2183,3,0,20,62,2,0,1,0,0
2184,3,0,20,63,2,0,1,0,0
2185,3,0,20,64,2,0,1,0,0
2186,3,0,20,65,2,0,1,0,0
2187,3,0,20,66,2,0,1,0,1
2188,3,0,20,67,2,0,1,0,0
2189,3,0,20,68,2,0,1,0,0
2190,3,0,20,69,2,0,1,0,0
2191,3,0,20,70,2,1,1,0,0
2192,3,0,20,71,2,0,1,0,0
2193,3,0,20,72,2,0,1,0,0
2194,3,0,20,73,2,0,1,0,0
2195,3,0,20,74,2,0,1,0,0
2196,3,0,20,75,2,0,1,0,0
2197,3,0,20,76,2,0,1,0,0
2198,3,0,20,77,2,0,1,0,0
2199,3,0,20,78,2,0,1,0,0
2200,3,0,20,79,2,0,1,0,1
2201,3,0,20,80,2,0,1,0,0
2202,3,0,20,81,2,0,1,0,0
2203,3,0,20,82,2,0,1,0,0
2204,3,0,20,83,2,1,1,0,0
2205,3,0,20,84,2,0,1,0,0
2206,3,0,20,85,2,0,1,0,0
2207,3,0,20,86,2,0,1,0,0
2208,3,0,20,87,2,0,1,0,0
2209,3,0,20,88,2,0,1,0,0
2210,3,0,20,89,2,0,1,0,0
2211,3,0,20,90,2,0,1,0,0
2212,3,0,20,91,2,0,1,0,0
2213,3,0,20,92,2,0,1,0,1
2214,3,0,20,93,2,0,1,0,0
2215,3,0,20,94,2,0,1,0,0
2216,3,0,20,95,2,0,1,0,0
2217,3,0,20,96,2,1,1,0,0
2218,3,0,20,97,2,0,1,0,0
2219,3,0,20,98,2,0,1,0,0
2220,3,0,20,99,2,0,1,0,0
2221,2,0,21,99,3,0,1,1,1
2222,3,0,21,0,3,1,0,1,0
2223,3,0,21,1,3,0,0,1,0
2224,3,0,21,2,3,0,0,1,0
2225,3,0,21,3,3,0,0,1,0
2226,3,0,21,4,3,0,0,1,0
2227,3,0,21,5,3,0,0,1,0
2228,3,0,21,6,3,0,0,1,0
2229,3,0,21,7,3,0,0,1,0
2230,3,0,21,8,3,0,0,1,0
2231,3,0,21,9,3,1,0,1,0
2232,3,0,21,10,3,0,0,1,0
2233,3,0,21,11,3,0,0,1,0
2234,3,0,21,12,3,0,0,1,0
2235,3,0,21,13,3,1,0,1,0
2236,3,0,21,14,3,0,0,1,0
2237,3,0,21,15,3,0,0,1,0
2238,3,0,21,16,3,0,0,1,0
2239,3,0,21,17,3,0,0,1,0
2240,3,0,21,18,3,0,0,1,0
2241,3,0,21,19,3,0,0,1,0
2242,3,0,21,20,3,0,0,1,0
2243,3,0,21,21,3,0,0,1,0
2244,3,0,21,22,3,1,0,1,0
2245,3,0,21,23,3,0,0,1,0
2246,3,0,21,24,3,0,0,1,0
2247,3,0,21,25,3,0,0,1,0
2248,3,0,21,26,3,1,0,1,0
2249,3,0,21,27,3,0,0,1,0
2250,3,0,21,28,3,0,0,1,0
2251,3,0,21,29,3,0,0,1,0
2252,3,0,21,30,3,0,0,1,0
2253,3,0,21,31,3,0,0,1,0
2254,3,0,21,32,3,0,0,1,0
2255,3,0,21,33,3,0,0,1,0
2256,3,0,21,34,3,0,0,1,0
2257,3,0,21,35,3,0,0,1,0
2258,3,0,21,36,3,0,0,1,0
2259,3,0,21,37,3,0,0,1,0
2260,3,0,21,38,3,0,0,1,0
2261,3,0,21,39,3,1,0,1,0
2262,3,0,21,40,3,1,0,1,0
2263,3,0,21,41,3,0,0,1,0
2264,3,0,21,42,3,0,0,1,0
2265,3,0,21,43,3,0,0,1,0
2266,3,0,21,44,3,0,0,1,0
2267,3,0,21,45,3,0,0,1,0
2268,3,0,21,46,3,0,0,1,0
2269,3,0,21,47,3,0,0,1,1
2270,3,0,21,48,3,0,0,1,0
2271,3,0,21,49,3,0,0,1,0
2272,3,0,21,50,3,0,0,1,0
2273,3,0,21,51,3,0,0,1,0
2274,3,0,21,52,3,1,0,1,0
2275,3,0,21,53,3,1,0,1,0
2276,3,0,21,54,3,0,0,1,0
2277,3,0,21,55,3,0,0,1,0
2278,3,0,21,56,3,0,0,1,0
2279,3,0,21,57,3,0,0,1,0
2280,3,0,21,58,3,0,0,1,0
2281,3,0,21,59,3,0,0,1,0
2282,3,0,21,60,3,0,0,1,1
2283,3,0,21,61,3,0,0,1,0
2284,3,0,21,62,3,0,0,1,0
2285,3,0,21,63,3,0,0,1,0
2286,3,0,21,64,3,0,0,1,0
2287,3,0,21,65,3,0,0,1,0
2288,3,0,21,66,3,1,0,1,0
2289,3,0,21,67,3,0,0,1,0
2290,3,0,21,68,3,0,0,1,0
2291,3,0,21,69,3,0,0,1,0
2292,3,0,21,70,3,1,0,1,0
2293,3,0,21,71,3,0,0,1,0
2294,3,0,21,72,3,0,0,1,0
2295,3,0,21,73,3,0,0,1,1
2296,3,0,21,74,3,0,0,1,0
2297,3,0,21,75,3,0,0,1,0
2298,3,0,21,76,3,0,0,1,0
2299,3,0,21,77,3,0,0,1,0
2300,3,0,21,78,3,0,0,1,0
2301,3,0,21,79,3,1,0,1,0
2302,3,0,21,80,3,0,0,1,0
2303,3,0,21,81,3,0,0,1,0
2304,3,0,21,82,3,0,0,1,0
2305,3,0,21,83,3,1,0,1,0
2306,3,0,21,84,3,0,0,1,0
2307,3,0,21,85,3,0,0,1,0
2308,3,0,21,86,3,0,0,1,1
2309,3,0,21,87,3,0,0,1,0
2310,3,0,21,88,3,0,0,1,0
2311,3,0,21,89,3,0,0,1,0
2312,3,0,21,90,3,0,0,1,0
2313,3,0,21,91,3,0,0,1,0
2314,3,0,21,92,3,1,0,1,0
2315,3,0,21,93,3,0,0,1,0
2316,3,0,21,94,3,0,0,1,0
2317,3,0,21,95,3,0,0,1,0
2318,3,0,21,96,3,1,0,1,0
2319,3,0,21,97,3,0,0,1,0
2320,3,0,21,98,3,0,0,1,0
2321,3,0,21,99,3,0,0,1,1
2322,2,0,22,99,3,0,0,2,0
2323,3,0,22,0,3,1,0,2,0
2324,3,0,22,1,3,0,0,2,0
2325,3,0,22,2,3,0,0,2,0
2326,3,0,22,3,3,0,0,2,0
2327,3,0,22,4,3,0,0,2,0
2328,3,0,22,5,3,0,0,2,0
2329,3,0,22,6,3,0,0,2,1
2330,3,0,22,7,3,0,0,2,0
2331,3,0,22,8,3,0,0,2,0
2332,3,0,22,9,3,1,0,2,0
2333,3,0,22,10,3,0,0,2,0
2334,3,0,22,11,3,0,0,2,0
2335,3,0,22,12,3,0,0,2,0
2336,3,0,22,13,3,1,0,2,0
2337,3,0,22,14,3,0,0,2,0
2338,3,0,22,15,3,0,0,2,0
2339,3,0,22,16,3,0,0,2,0
2340,3,0,22,17,3,0,0,2,0
2341,3,0,22,18,3,0,0,2,0
2342,3,0,22,19,3,0,0,2,0
2343,3,0,22,20,3,0,0,2,0
2344,3,0,22,21,3,0,0,2,0
2345,3,0,22,22,3,1,0,2,0
2346,3,0,22,23,3,0,0,2,0
2347,3,0,22,24,3,0,0,2,0
2348,3,0,22,25,3,0,0,2,0
2349,3,0,22,26,3,1,0,2,0
2350,3,0,22,27,3,0,0,2,0
2351,3,0,22,28,3,0,0,2,0
2352,3,0,22,29,3,0,0,2,0
2353,3,0,22,30,3,0,0,2,0
2354,3,0,22,31,3,0,0,2,0
2355,3,0,22,32,3,0,0,2,0
2356,3,0,22,33,3,0,0,2,0
2357,3,0,22,34,3,0,0,2,0
2358,3,0,22,35,3,0,0,2,0
2359,3,0,22,36,3,0,0,2,0
2360,3,0,22,37,3,0,0,2,0
2361,3,0,22,38,3,0,0,2,0
2362,3,0,22,39,3,1,0,2,0
2363,3,0,22,40,3,1,0,2,0
2364,3,0,22,41,3,0,0,2,0
2365,3,0,22,42,3,0,0,2,0
2366,3,0,22,43,3,0,0,2,0
2367,3,0,22,44,3,0,0,2,0
2368,3,0,22,45,3,0,0,2,0
2369,3,0,22,46,3,0,0,2,0
2370,3,0,22,47,3,0,0,2,0
2371,3,0,22,48,3,0,0,2,0
2372,3,0,22,49,3,0,0,2,0
2373,3,0,22,50,3,0,0,2,0
2374,3,0,22,51,3,0,0,2,0
2375,3,0,22,52,3,1,0,2,0
2376,3,0,22,53,3,1,0,2,0
2377,3,0,22,54,3,0,0,2,1
2378,3,0,22,55,3,0,0,2,0
2379,3,0,22,56,3,0,0,2,0
2380,3,0,22,57,3,0,0,2,0
2381,3,0,22,58,3,0,0,2,0
2382,3,0,22,59,3,0,0,2,0
2383,3,0,22,60,3,0,0,2,0
2384,3,0,22,61,3,0,0,2,0
2385,3,0,22,62,3,0,0,2,0
2386,3,0,22,63,3,0,0,2,0
2387,3,0,22,64,3,0,0,2,0
2388,3,0,22,65,3,0,0,2,0
2389,3,0,22,66,3,1,0,2,0
2390,3,0,22,67,3,0,0,2,1
2391,3,0,22,68,3,0,0,2,0
2392,3,0,22,69,3,0,0,2,0
2393,3,0,22,70,3,1,0,2,0
2394,3,0,22,71,3,0,0,2,0
2395,3,0,22,72,3,0,0,2,0
2396,3,0,22,73,3,0,0,2,0
2397,3,0,22,74,3,0,0,2,0
2398,3,0,22,75,3,0,0,2,0
2399,3,0,22,76,3,0,0,2,0
2400,3,0,22,77,3,0,0,2,0
2401,3,0,22,78,3,0,0,2,0
2402,3,0,22,79,3,1,0,2,0
2403,3,0,22,80,3,0,0,2,1
2404,3,0,22,81,3,0,0,2,0
2405,3,0,22,82,3,0,0,2,0
2406,3,0,22,83,3,1,0,2,0
2407,3,0,22,84,3,0,0,2,0
2408,3,0,22,85,3,0,0,2,0
2409,3,0,22,86,3,0,0,2,0
2410,3,0,22,87,3,0,0,2,0
2411,3,0,22,88,3,0,0,2,0
2412,3,0,22,89,3,0,0,2,0
2413,3,0,22,90,3,0,0,2,0
2414,3,0,22,91,3,0,0,2,0
2415,3,0,22,92,3,1,0,2,0
2416,3,0,22,93,3,0,0,2,1
2417,3,0,22,94,3,0,0,2,0
2418,3,0,22,95,3,0,0,2,0
2419,3,0,22,96,3,1,0,2,0
2420,3,0,22,97,3,0,0,2,0
2421,3,0,22,98,3,0,0,2,0
2422,3,0,22,99,3,0,0,2,0
2423,2,0,23,99,3,0,0,3,0
2424,3,0,23,0,3,1,0,3,1
2425,3,0,23,1,3,0,0,3,0
2426,3,0,23,2,3,0,0,3,0
2427,3,0,23,3,3,0,0,3,0
2428,3,0,23,4,3,0,0,3,0
2429,3,0,23,5,3,0,0,3,0
2430,3,0,23,6,3,0,0,3,0
2431,3,0,23,7,3,0,0,3,0
2432,3,0,23,8,3,0,0,3,0
2433,3,0,23,9,3,1,0,3,0
2434,3,0,23,10,3,0,0,3,0
2435,3,0,23,11,3,0,0,3,0
2436,3,0,23,12,3,0,0,3,0
2437,3,0,23,13,3,1,0,3,1
2438,3,0,23,14,3,0,0,3,0
2439,3,0,23,15,3,0,0,3,0
2440,3,0,23,16,3,0,0,3,0
2441,3,0,23,17,3,0,0,3,0
2442,3,0,23,18,3,0,0,3,0
2443,3,0,23,19,3,0,0,3,0
2444,3,0,23,20,3,0,0,3,0
2445,3,0,23,21,3,0,0,3,0
2446,3,0,23,22,3,1,0,3,0
2447,3,0,23,23,3,0,0,3,0
2448,3,0,23,24,3,0,0,3,0
2449,3,0,23,25,3,0,0,3,0
2450,3,0,23,26,3,1,0,3,0
2451,3,0,23,27,3,0,0,3,0
2452,3,0,23,28,3,0,0,3,0
2453,3,0,23,29,3,0,0,3,0
2454,3,0,23,30,3,0,0,3,0
2455,3,0,23,31,3,0,0,3,0
2456,3,0,23,32,3,0,0,3,0
2457,3,0,23,33,3,0,0,3,0
2458,3,0,23,34,3,0,0,3,0
2459,3,0,23,35,3,0,0,3,0
2460,3,0,23,36,3,0,0,3,0
2461,3,0,23,37,3,0,0,3,0
2462,3,0,23,38,3,0,0,3,0
2463,3,0,23,39,3,1,0,3,0
2464,3,0,23,40,3,1,0,3,0
2465,3,0,23,41,3,0,0,3,0
2466,3,0,23,42,3,0,0,3,0
2467,3,0,23,43,3,0,0,3,0
2468,3,0,23,44,3,0,0,3,0
2469,3,0,23,45,3,0,0,3,0
2470,3,0,23,46,3,0,0,3,0
2471,3,0,23,47,3,0,0,3,0
2472,3,0,23,48,3,0,0,3,0
2473,3,0,23,49,3,0,0,3,0
2474,3,0,23,50,3,0,0,3,0
2475,3,0,23,51,3,0,0,3,0
2476,3,0,23,52,3,1,0,3,0
2477,3,0,23,53,3,1,0,3,0
2478,3,0,23,54,3,0,0,3,0
2479,3,0,23,55,3,0,0,3,0
2480,3,0,23,56,3,0,0,3,0
2481,3,0,23,57,3,0,0,3,0
2482,3,0,23,58,3,0,0,3,0
2483,3,0,23,59,3,0,0,3,0
2484,3,0,23,60,3,0,0,3,0
2485,3,0,23,61,3,0,0,3,1
2486,3,0,23,62,3,0,0,3,0
2487,3,0,23,63,3,0,0,3,0
2488,3,0,23,64,3,0,0,3,0
2489,3,0,23,65,3,0,0,3,0
2490,3,0,23,66,3,1,0,3,0
2491,3,0,23,67,3,0,0,3,0
2492,3,0,23,68,3,0,0,3,0
2493,3,0,23,69,3,0,0,3,0
2494,3,0,23,70,3,1,0,3,0
2495,3,0,23,71,3,0,0,3,0
2496,3,0,23,72,3,0,0,3,0
2497,3,0,23,73,3,0,0,3,0
2498,3,0,23,74,3,0,0,3,1
2499,3,0,23,75,3,0,0,3,0
2500,3,0,23,76,3,0,0,3,0
2501,3,0,23,77,3,0,0,3,0
2502,3,0,23,78,3,0,0,3,0
2503,3,0,23,79,3,1,0,3,0
2504,3,0,23,80,3,0,0,3,0
2505,3,0,23,81,3,0,0,3,0
2506,3,0,23,82,3,0,0,3,0
2507,3,0,23,83,3,1,0,3,0
2508,3,0,23,84,3,0,0,3,0
2509,3,0,23,85,3,0,0,3,0
2510,3,0,23,86,3,0,0,3,0
2511,3,0,23,87,3,0,0,3,1
2512,3,0,23,88,3,0,0,3,0
2513,3,0,23,89,3,0,0,3,0
2514,3,0,23,90,3,0,0,3,0
2515,3,0,23,91,3,0,0,3,0
2516,3,0,23,92,3,1,0,3,0
2517,3,0,23,93,3,0,0,3,0
2518,3,0,23,94,3,0,0,3,0
2519,3,0,23,95,3,0,0,3,0
2520,3,0,23,96,3,1,0,3,0
2521,3,0,23,97,3,0,0,3,0
2522,3,0,23,98,3,0,0,3,0
2523,3,0,23,99,3,0,0,3,0
2524,2,0,24,99,3,0,0,4,0
2525,3,0,24,0,3,1,0,4,0
2526,3,0,24,1,3,0,0,4,0
2527,3,0,24,2,3,0,0,4,0
2528,3,0,24,3,3,0,0,4,0
2529,3,0,24,4,3,0,0,4,0
2530,3,0,24,5,3,0,0,4,0
2531,3,0,24,6,3,0,0,4,0
2532,3,0,24,7,3,0,0,4,1
2533,3,0,24,8,3,0,0,4,0
2534,3,0,24,9,3,1,0,4,0
2535,3,0,24,10,3,0,0,4,0
2536,3,0,24,11,3,0,0,4,0
2537,3,0,24,12,3,0,0,4,0
2538,3,0,24,13,3,1,0,4,0
2539,3,0,24,14,3,0,0,4,0
2540,3,0,24,15,3,0,0,4,0
2541,3,0,24,16,3,0,0,4,0
2542,3,0,24,17,3,0,0,4,0
2543,3,0,24,18,3,0,0,4,0
2544,3,0,24,19,3,0,0,4,0
2545,3,0,24,20,3,0,0,4,1
2546,3,0,24,21,3,0,0,4,0
2547,3,0,24,22,3,1,0,4,0
2548,3,0,24,23,3,0,0,4,0
2549,3,0,24,24,3,0,0,4,0
2550,3,0,24,25,3,0,0,4,0
2551,3,0,24,26,3,1,0,4,0
2552,3,0,24,27,3,0,0,4,0
2553,3,0,24,28,3,0,0,4,0
2554,3,0,24,29,3,0,0,4,0
2555,3,0,24,30,3,0,0,4,0
2556,3,0,24,31,3,0,0,4,0
2557,3,0,24,32,3,0,0,4,0
2558,3,0,24,33,3,0,0,4,0
2559,3,0,24,34,3,0,0,4,0
2560,3,0,24,35,3,0,0,4,0
2561,3,0,24,36,3,0,0,4,0
2562,3,0,24,37,3,0,0,4,0
2563,3,0,24,38,3,0,0,4,0
2564,3,0,24,39,3,1,0,4,0
2565,3,0,24,40,3,1,0,4,0
2566,3,0,24,41,3,0,0,4,0
2567,3,0,24,42,3,0,0,4,0
2568,3,0,24,43,3,0,0,4,0
2569,3,0,24,44,3,0,0,4,0
2570,3,0,24,45,3,0,0,4,0
2571,3,0,24,46,3,0,0,4,0
2572,3,0,24,47,3,0,0,4,0
2573,3,0,24,48,3,0,0,4,0
2574,3,0,24,49,3,0,0,4,0
2575,3,0,24,50,3,0,0,4,0
2576,3,0,24,51,3,0,0,4,0
2577,3,0,24,52,3,1,0,4,0
2578,3,0,24,53,3,1,0,4,0
2579,3,0,24,54,3,0,0,4,0
2580,3,0,24,55,3,0,0,4,0
2581,3,0,24,56,3,0,0,4,0
2582,3,0,24,57,3,0,0,4,0
2583,3,0,24,58,3,0,0,4,0
2584,3,0,24,59,3,0,0,4,0
2585,3,0,24,60,3,0,0,4,0
2586,3,0,24,61,3,0,0,4,0
2587,3,0,24,62,3,0,0,4,0
2588,3,0,24,63,3,0,0,4,0
2589,3,0,24,64,3,0,0,4,0
2590,3,0,24,65,3,0,0,4,0
2591,3,0,24,66,3,1,0,4,0
2592,3,0,24,67,3,0,0,4,0
2593,3,0,24,68,3,0,0,4,1
2594,3,0,24,69,3,0,0,4,0
2595,3,0,24,70,3,1,0,4,0
2596,3,0,24,71,3,0,0,4,0
2597,3,0,24,72,3,0,0,4,0
2598,3,0,24,73,3,0,0,4,0
2599,3,0,24,74,3,0,0,4,0
2600,3,0,24,75,3,0,0,4,0
2601,3,0,24,76,3,0,0,4,0
2602,3,0,24,77,3,0,0,4,0
2603,3,0,24,78,3,0,0,4,0
2604,3,0,24,79,3,1,0,4,0
2605,3,0,24,80,3,0,0,4,0
2606,3,0,24,81,3,0,0,4,1
2607,3,0,24,82,3,0,0,4,0
2608,3,0,24,83,3,1,0,4,0
2609,3,0,24,84,3,0,0,4,0
2610,3,0,24,85,3,0,0,4,0
2611,3,0,24,86,3,0,0,4,0
2612,3,0,24,87,3,0,0,4,0
2613,3,0,24,88,3,0,0,4,0
2614,3,0,24,89,3,0,0,4,0
2615,3,0,24,90,3,0,0,4,0
2616,3,0,24,91,3,0,0,4,0
2617,3,0,24,92,3,1,0,4,0
2618,3,0,24,93,3,0,0,4,0
2619,3,0,24,94,3,0,0,4,1
2620,3,0,24,95,3,0,0,4,0
2621,3,0,24,96,3,1,0,4,0
2622,3,0,24,97,3,0,0,4,0
2623,3,0,24,98,3,0,0,4,0
2624,3,0,24,99,3,0,0,4,0
2625,2,0,25,99,3,0,0,5,0
2626,3,0,25,0,3,1,0,5,0
2627,3,0,25,1,3,0,0,5,1
2628,3,0,25,2,3,0,0,5,0
2629,3,0,25,3,3,0,0,5,0
2630,3,0,25,4,3,0,0,5,0
2631,3,0,25,5,3,0,0,5,0
2632,3,0,25,6,3,0,0,5,0
2633,3,0,25,7,3,0,0,5,0
2634,3,0,25,8,3,0,0,5,0
2635,3,0,25,9,3,1,0,5,0
2636,3,0,25,10,3,0,0,5,0
2637,3,0,25,11,3,0,0,5,0
2638,3,0,25,12,3,0,0,5,0
2639,3,0,25,13,3,1,0,5,0
2640,3,0,25,14,3,0,0,5,1
2641,3,0,25,15,3,0,0,5,0
2642,3,0,25,16,3,0,0,5,0
2643,3,0,25,17,3,0,0,5,0
2644,3,0,25,18,3,0,0,5,0
2645,3,0,25,19,3,0,0,5,0
2646,3,0,25,20,3,0,0,5,0
2647,3,0,25,21,3,0,0,5,0
2648,3,0,25,22,3,1,0,5,0
2649,3,0,25,23,3,0,0,5,0
2650,3,0,25,24,3,0,0,5,0
2651,3,0,25,25,3,0,0,5,0
2652,3,0,25,26,3,1,0,5,0
2653,3,0,25,27,3,0,0,5,1
2654,3,0,25,28,3,0,0,5,0
2655,3,0,25,29,3,0,0,5,0
2656,3,0,25,30,3,0,0,5,0
2657,3,0,25,31,3,0,0,5,0
2658,3,0,25,32,3,0,0,5,0
2659,3,0,25,33,3,0,0,5,0
2660,3,0,25,34,3,0,0,5,0
2661,3,0,25,35,3,0,0,5,0
2662,3,0,25,36,3,0,0,5,0
2663,3,0,25,37,3,0,0,5,0
2664,3,0,25,38,3,0,0,5,0
2665,3,0,25,39,3,1,0,5,0
2666,3,0,25,40,3,1,0,5,0
2667,3,0,25,41,3,0,0,5,0
2668,3,0,25,42,3,0,0,5,0
2669,3,0,25,43,3,0,0,5,0
2670,3,0,25,44,3,0,0,5,0
2671,3,0,25,45,3,0,0,5,0
2672,3,0,25,46,3,0,0,5,0
2673,3,0,25,47,3,0,0,5,0
2674,3,0,25,48,3,0,0,5,0
2675,3,0,25,49,3,0,0,5,0
2676,3,0,25,50,3,0,0,5,0
2677,3,0,25,51,3,0,0,5,0
2678,3,0,25,52,3,1,0,5,0
2679,3,0,25,53,3,1,0,5,0
2680,3,0,25,54,3,0,0,5,0
2681,3,0,25,55,3,0,0,5,0
2682,3,0,25,56,3,0,0,5,0
2683,3,0,25,57,3,0,0,5,0
2684,3,0,25,58,3,0,0,5,0
2685,3,0,25,59,3,0,0,5,0
2686,3,0,25,60,3,0,0,5,0
2687,3,0,25,61,3,0,0,5,0
2688,3,0,25,62,3,0,0,5,0
2689,3,0,25,63,3,0,0,5,0
2690,3,0,25,64,3,0,0,5,0
2691,3,0,25,65,3,0,0,5,0
2692,3,0,25,66,3,1,0,5,0
2693,3,0,25,67,3,0,0,5,0
2694,3,0,25,68,3,0,0,5,0
2695,3,0,25,69,3,0,0,5,0
2696,3,0,25,70,3,1,0,5,0
2697,3,0,25,71,3,0,0,5,0
2698,3,0,25,72,3,0,0,5,0
2699,3,0,25,73,3,0,0,5,0
2700,3,0,25,74,3,0,0,5,0
2701,3,0,25,75,3,0,0,5,1
2702,3,0,25,76,3,0,0,5,0
2703,3,0,25,77,3,0,0,5,0
2704,3,0,25,78,3,0,0,5,0
2705,3,0,25,79,3,1,0,5,0
2706,3,0,25,80,3,0,0,5,0
2707,3,0,25,81,3,0,0,5,0
2708,3,0,25,82,3,0,0,5,0
2709,3,0,25,83,3,1,0,5,0
2710,3,0,25,84,3,0,0,5,0
2711,3,0,25,85,3,0,0,5,0
2712,3,0,25,86,3,0,0,5,0
2713,3,0,25,87,3,0,0,5,0
2714,3,0,25,88,3,0,0,5,1
2715,3,0,25,89,3,0,0,5,0
2716,3,0,25,90,3,0,0,5,0
2717,3,0,25,91,3,0,0,5,0
2718,3,0,25,92,3,1,0,5,0
2719,3,0,25,93,3,0,0,5,0
2720,3,0,25,94,3,0,0,5,0
2721,3,0,25,95,3,0,0,5,0
2722,3,0,25,96,3,1,0,5,0
2723,3,0,25,97,3,0,0,5,0
2724,3,0,25,98,3,0,0,5,0
2725,3,0,25,99,3,0,0,5,0
2726,2,0,26,99,3,0,0,6,0
2727,3,0,26,0,3,1,0,6,0
2728,3,0,26,1,3,0,0,6,0
2729,3,0,26,2,3,0,0,6,0
2730,3,0,26,3,3,0,0,6,0
2731,3,0,26,4,3,0,0,6,0
2732,3,0,26,5,3,0,0,6,0
2733,3,0,26,6,3,0,0,6,0
2734,3,0,26,7,3,0,0,6,0
2735,3,0,26,8,3,0,0,6,1
2736,3,0,26,9,3,1,0,6,0
2737,3,0,26,10,3,0,0,6,0
2738,3,0,26,11,3,0,0,6,0
2739,3,0,26,12,3,0,0,6,0
2740,3,0,26,13,3,1,0,6,0
2741,3,0,26,14,3,0,0,6,0
2742,3,0,26,15,3,0,0,6,0
2743,3,0,26,16,3,0,0,6,0
2744,3,0,26,17,3,0,0,6,0
2745,3,0,26,18,3,0,0,6,0
2746,3,0,26,19,3,0,0,6,0
2747,3,0,26,20,3,0,0,6,0
2748,3,0,26,21,3,0,0,6,1
2749,3,0,26,22,3,1,0,6,0
2750,3,0,26,23,3,0,0,6,0
2751,3,0,26,24,3,0,0,6,0
2752,3,0,26,25,3,0,0,6,0
2753,3,0,26,26,3,1,0,6,0
2754,3,0,26,27,3,0,0,6,0
2755,3,0,26,28,3,0,0,6,0
2756,3,0,26,29,3,0,0,6,0
2757,3,0,26,30,3,0,0,6,0
2758,3,0,26,31,3,0,0,6,0
2759,3,0,26,32,3,0,0,6,0
2760,3,0,26,33,3,0,0,6,0
2761,3,0,26,34,3,0,0,6,1
2762,3,0,26,35,3,0,0,6,0
2763,3,0,26,36,3,0,0,6,0
2764,3,0,26,37,3,0,0,6,0
2765,3,0,26,38,3,0,0,6,0
2766,3,0,26,39,3,1,0,6,0
2767,3,0,26,40,3,1,0,6,0
2768,3,0,26,41,3,0,0,6,0
2769,3,0,26,42,3,0,0,6,0
2770,3,0,26,43,3,0,0,6,0
2771,3,0,26,44,3,0,0,6,0
2772,3,0,26,45,3,0,0,6,0
2773,3,0,26,46,3,0,0,6,0
2774,3,0,26,47,3,0,0,6,0
2775,3,0,26,48,3,0,0,6,0
2776,3,0,26,49,3,0,0,6,0
2777,3,0,26,50,3,0,0,6,0
2778,3,0,26,51,3,0,0,6,0
2779,3,0,26,52,3,1,0,6,0
2780,3,0,26,53,3,1,0,6,0
2781,3,0,26,54,3,0,0,6,0
2782,3,0,26,55,3,0,0,6,0
2783,3,0,26,56,3,0,0,6,0
2784,3,0,26,57,3,0,0,6,0
2785,3,0,26,58,3,0,0,6,0
2786,3,0,26,59,3,0,0,6,0
2787,3,0,26,60,3,0,0,6,0
2788,3,0,26,61,3,0,0,6,0
2789,3,0,26,62,3,0,0,6,0
2790,3,0,26,63,3,0,0,6,0
2791,3,0,26,64,3,0,0,6,0
2792,3,0,26,65,3,0,0,6,0
2793,3,0,26,66,3,1,0,6,0
2794,3,0,26,67,3,0,0,6,0
2795,3,0,26,68,3,0,0,6,0
2796,3,0,26,69,3,0,0,6,0
2797,3,0,26,70,3,1,0,6,0
2798,3,0,26,71,3,0,0,6,0
2799,3,0,26,72,3,0,0,6,0
2800,3,0,26,73,3,0,0,6,0
2801,3,0,26,74,3,0,0,6,0
2802,3,0,26,75,3,0,0,6,0
2803,3,0,26,76,3,0,0,6,0
2804,3,0,26,77,3,0,0,6,0
2805,3,0,26,78,3,0,0,6,0
2806,3,0,26,79,3,1,0,6,0
2807,3,0,26,80,3,0,0,6,0
2808,3,0,26,81,3,0,0,6,0
2809,3,0,26,82,3,0,0,6,1
2810,3,0,26,83,3,1,0,6,0
2811,3,0,26,84,3,0,0,6,0
2812,3,0,26,85,3,0,0,6,0
2813,3,0,26,86,3,0,0,6,0
2814,3,0,26,87,3,0,0,6,0
2815,3,0,26,88,3,0,0,6,0
2816,3,0,26,89,3,0,0,6,0
2817,3,0,26,90,3,0,0,6,0
2818,3,0,26,91,3,0,0,6,0
2819,3,0,26,92,3,1,0,6,0
2820,3,0,26,93,3,0,0,6,0
2821,3,0,26,94,3,0,0,6,0
2822,3,0,26,95,3,0,0,6,1
2823,3,0,26,96,3,1,0,6,0
2824,3,0,26,97,3,0,0,6,0
2825,3,0,26,98,3,0,0,6,0
2826,3,0,26,99,3,0,0,6,0
2827,2,0,27,99,3,0,0,7,0
2828,3,0,27,0,3,1,0,7,0
2829,3,0,27,1,3,0,0,7,0
2830,3,0,27,2,3,0,0,7,1
2831,3,0,27,3,3,0,0,7,0
2832,3,0,27,4,3,0,0,7,0
2833,3,0,27,5,3,0,0,7,0
2834,3,0,27,6,3,0,0,7,0
2835,3,0,27,7,3,0,0,7,0
2836,3,0,27,8,3,0,0,7,0
2837,3,0,27,9,3,1,0,7,0
2838,3,0,27,10,3,0,0,7,0
2839,3,0,27,11,3,0,0,7,0
2840,3,0,27,12,3,0,0,7,0
2841,3,0,27,13,3,1,0,7,0
2842,3,0,27,14,3,0,0,7,0
2843,3,0,27,15,3,0,0,7,1
2844,3,0,27,16,3,0,0,7,0
2845,3,0,27,17,3,0,0,7,0
2846,3,0,27,18,3,0,0,7,0
2847,3,0,27,19,3,0,0,7,0
2848,3,0,27,20,3,0,0,7,0
2849,3,0,27,21,3,0,0,7,0
2850,3,0,27,22,3,1,0,7,0
2851,3,0,27,23,3,0,0,7,0
2852,3,0,27,24,3,0,0,7,0
2853,3,0,27,25,3,0,0,7,0
2854,3,0,27,26,3,1,0,7,0
2855,3,0,27,27,3,0,0,7,0
2856,3,0,27,28,3,0,0,7,1
2857,3,0,27,29,3,0,0,7,0
2858,3,0,27,30,3,0,0,7,0
2859,3,0,27,31,3,0,0,7,0
2860,3,0,27,32,3,0,0,7,0
2861,3,0,27,33,3,0,0,7,0
2862,3,0,27,34,3,0,0,7,0
2863,3,0,27,35,3,0,0,7,0
2864,3,0,27,36,3,0,0,7,0
2865,3,0,27,37,3,0,0,7,0
2866,3,0,27,38,3,0,0,7,0
2867,3,0,27,39,3,1,0,7,0
2868,3,0,27,40,3,1,0,7,0
2869,3,0,27,41,3,0,0,7,1
2870,3,0,27,42,3,0,0,7,0
2871,3,0,27,43,3,0,0,7,0
2872,3,0,27,44,3,0,0,7,0
2873,3,0,27,45,3,0,0,7,0
2874,3,0,27,46,3,0,0,7,0
2875,3,0,27,47,3,0,0,7,0
2876,3,0,27,48,3,0,0,7,0
2877,3,0,27,49,3,0,0,7,0
2878,3,0,27,50,3,0,0,7,0
2879,3,0,27,51,3,0,0,7,0
2880,3,0,27,52,3,1,0,7,0
2881,3,0,27,53,3,1,0,7,0
2882,3,0,27,54,3,0,0,7,0
2883,3,0,27,55,3,0,0,7,0
2884,3,0,27,56,3,0,0,7,0
2885,3,0,27,57,3,0,0,7,0
2886,3,0,27,58,3,0,0,7,0
2887,3,0,27,59,3,0,0,7,0
2888,3,0,27,60,3,0,0,7,0
2889,3,0,27,61,3,0,0,7,0
2890,3,0,27,62,3,0,0,7,0
2891,3,0,27,63,3,0,0,7,0
2892,3,0,27,64,3,0,0,7,0
2893,3,0,27,65,3,0,0,7,0
2894,3,0,27,66,3,1,0,7,0
2895,3,0,27,67,3,0,0,7,0
2896,3,0,27,68,3,0,0,7,0
2897,3,0,27,69,3,0,0,7,0
2898,3,0,27,70,3,1,0,7,0
2899,3,0,27,71,3,0,0,7,0
2900,3,0,27,72,3,0,0,7,0
2901,3,0,27,73,3,0,0,7,0
2902,3,0,27,74,3,0,0,7,0
2903,3,0,27,75,3,0,0,7,0
2904,3,0,27,76,3,0,0,7,0
2905,3,0,27,77,3,0,0,7,0
2906,3,0,27,78,3,0,0,7,0
2907,3,0,27,79,3,1,0,7,0
2908,3,0,27,80,3,0,0,7,0
2909,3,0,27,81,3,0,0,7,0
2910,3,0,27,82,3,0,0,7,0
2911,3,0,27,83,3,1,0,7,0
2912,3,0,27,84,3,0,0,7,0
2913,3,0,27,85,3,0,0,7,0
2914,3,0,27,86,3,0,0,7,0
2915,3,0,27,87,3,0,0,7,0
2916,3,0,27,88,3,0,0,7,0
2917,3,0,27,89,3,0,0,7,1
2918,3,0,27,90,3,0,0,7,0
2919,3,0,27,91,3,0,0,7,0
2920,3,0,27,92,3,1,0,7,0
2921,3,0,27,93,3,0,0,7,0
2922,3,0,27,94,3,0,0,7,0
2923,3,0,27,95,3,0,0,7,0
2924,3,0,27,96,3,1,0,7,0
2925,3,0,27,97,3,0,0,7,0
2926,3,0,27,98,3,0,0,7,0
2927,3,0,27,99,3,0,0,7,0
2928,2,0,28,99,3,0,0,8,0
2929,3,0,28,0,3,1,0,8,0
2930,3,0,28,1,3,0,0,8,0
2931,3,0,28,2,3,0,0,8,0
2932,3,0,28,3,3,0,0,8,0
2933,3,0,28,4,3,0,0,8,0
2934,3,0,28,5,3,0,0,8,0
2935,3,0,28,6,3,0,0,8,0
2936,3,0,28,7,3,0,0,8,0
2937,3,0,28,8,3,0,0,8,0
2938,3,0,28,9,3,1,0,8,1
2939,3,0,28,10,3,0,0,8,0
2940,3,0,28,11,3,0,0,8,0
2941,3,0,28,12,3,0,0,8,0
2942,3,0,28,13,3,1,0,8,0
2943,3,0,28,14,3,0,0,8,0
2944,3,0,28,15,3,0,0,8,0
2945,3,0,28,16,3,0,0,8,0
2946,3,0,28,17,3,0,0,8,0
2947,3,0,28,18,3,0,0,8,0
2948,3,0,28,19,3,0,0,8,0
2949,3,0,28,20,3,0,0,8,0
2950,3,0,28,21,3,0,0,8,0
2951,3,0,28,22,3,1,0,8,1
2952,3,0,28,23,3,0,0,8,0
2953,3,0,28,24,3,0,0,8,0
2954,3,0,28,25,3,0,0,8,0
2955,3,0,28,26,3,1,0,8,0
2956,3,0,28,27,3,0,0,8,0
2957,3,0,28,28,3,0,0,8,0
2958,3,0,28,29,3,0,0,8,0
2959,3,0,28,30,3,0,0,8,0
2960,3,0,28,31,3,0,0,8,0
2961,3,0,28,32,3,0,0,8,0
2962,3,0,28,33,3,0,0,8,0
2963,3,0,28,34,3,0,0,8,0
2964,3,0,28,35,3,0,0,8,1
2965,3,0,28,36,3,0,0,8,0
2966,3,0,28,37,3,0,0,8,0
2967,3,0,28,38,3,0,0,8,0
2968,3,0,28,39,3,1,0,8,0
2969,3,0,28,40,3,1,0,8,0
2970,3,0,28,41,3,0,0,8,0
2971,3,0,28,42,3,0,0,8,0
2972,3,0,28,43,3,0,0,8,0
2973,3,0,28,44,3,0,0,8,0
2974,3,0,28,45,3,0,0,8,0
2975,3,0,28,46,3,0,0,8,0
2976,3,0,28,47,3,0,0,8,0
2977,3,0,28,48,3,0,0,8,1
2978,3,0,28,49,3,0,0,8,0
2979,3,0,28,50,3,0,0,8,0
2980,3,0,28,51,3,0,0,8,0
2981,3,0,28,52,3,1,0,8,0
2982,3,0,28,53,3,1,0,8,0
2983,3,0,28,54,3,0,0,8,0
2984,3,0,28,55,3,0,0,8,0
2985,3,0,28,56,3,0,0,8,0
2986,3,0,28,57,3,0,0,8,0
2987,3,0,28,58,3,0,0,8,0
2988,3,0,28,59,3,0,0,8,0
2989,3,0,28,60,3,0,0,8,0
2990,3,0,28,61,3,0,0,8,0
2991,3,0,28,62,3,0,0,8,0
2992,3,0,28,63,3,0,0,8,0
2993,3,0,28,64,3,0,0,8,0
2994,3,0,28,65,3,0,0,8,0
2995,3,0,28,66,3,1,0,8,0
2996,3,0,28,67,3,0,0,8,0
2997,3,0,28,68,3,0,0,8,0
2998,3,0,28,69,3,0,0,8,0
2999,3,0,28,70,3,1,0,8,0
3000,3,0,28,71,3,0,0,8,0
3001,3,0,28,72,3,0,0,8,0
3002,3,0,28,73,3,0,0,8,0
3003,3,0,28,74,3,0,0,8,0
3004,3,0,28,75,3,0,0,8,0
3005,3,0,28,76,3,0,0,8,0
3006,3,0,28,77,3,0,0,8,0
3007,3,0,28,78,3,0,0,8,0
3008,3,0,28,79,3,1,0,8,0
3009,3,0,28,80,3,0,0,8,0
3010,3,0,28,81,3,0,0,8,0
3011,3,0,28,82,3,0,0,8,0
3012,3,0,28,83,3,1,0,8,0
3013,3,0,28,84,3,0,0,8,0
3014,3,0,28,85,3,0,0,8,0
3015,3,0,28,86,3,0,0,8,0
3016,3,0,28,87,3,0,0,8,0
3017,3,0,28,88,3,0,0,8,0
3018,3,0,28,89,3,0,0,8,0
3019,3,0,28,90,3,0,0,8,0
3020,3,0,28,91,3,0,0,8,0
3021,3,0,28,92,3,1,0,8,0
3022,3,0,28,93,3,0,0,8,0
3023,3,0,28,94,3,0,0,8,0
3024,3,0,28,95,3,0,0,8,0
3025,3,0,28,96,3,1,0,8,1
3026,3,0,28,97,3,0,0,8,0
3027,3,0,28,98,3,0,0,8,0
3028,3,0,28,99,3,0,0,8,0
3029,2,0,29,99,3,0,0,9,0
3030,3,0,29,0,3,1,0,9,0
3031,3,0,29,1,3,0,0,9,0
3032,3,0,29,2,3,0,0,9,0
3033,3,0,29,3,3,0,0,9,1
3034,3,0,29,4,3,0,0,9,0
3035,3,0,29,5,3,0,0,9,0
3036,3,0,29,6,3,0,0,9,0
3037,3,0,29,7,3,0,0,9,0
3038,3,0,29,8,3,0,0,9,0
3039,3,0,29,9,3,1,0,9,0
3040,3,0,29,10,3,0,0,9,0
3041,3,0,29,11,3,0,0,9,0
3042,3,0,29,12,3,0,0,9,0
3043,3,0,29,13,3,1,0,9,0
3044,3,0,29,14,3,0,0,9,0
3045,3,0,29,15,3,0,0,9,0
3046,3,0,29,16,3,0,0,9,1
3047,3,0,29,17,3,0,0,9,0
3048,3,0,29,18,3,0,0,9,0
3049,3,0,29,19,3,0,0,9,0
3050,3,0,29,20,3,0,0,9,0
3051,3,0,29,21,3,0,0,9,0
3052,3,0,29,22,3,1,0,9,0
3053,3,0,29,23,3,0,0,9,0
3054,3,0,29,24,3,0,0,9,0
3055,3,0,29,25,3,0,0,9,0
3056,3,0,29,26,3,1,0,9,0
3057,3,0,29,27,3,0,0,9,0
3058,3,0,29,28,3,0,0,9,0
3059,3,0,29,29,3,0,0,9,1
3060,3,0,29,30,3,0,0,9,0
3061,3,0,29,31,3,0,0,9,0
3062,3,0,29,32,3,0,0,9,0
3063,3,0,29,33,3,0,0,9,0
3064,3,0,29,34,3,0,0,9,0
3065,3,0,29,35,3,0,0,9,0
3066,3,0,29,36,3,0,0,9,0
3067,3,0,29,37,3,0,0,9,0
3068,3,0,29,38,3,0,0,9,0
3069,3,0,29,39,3,1,0,9,0
3070,3,0,29,40,3,1,0,9,0
3071,3,0,29,41,3,0,0,9,0
3072,3,0,29,42,3,0,0,9,1
3073,3,0,29,43,3,0,0,9,0
3074,3,0,29,44,3,0,0,9,0
3075,3,0,29,45,3,0,0,9,0
3076,3,0,29,46,3,0,0,9,0
3077,3,0,29,47,3,0,0,9,0
3078,3,0,29,48,3,0,0,9,0
3079,3,0,29,49,3,0,0,9,0
3080,3,0,29,50,3,0,0,9,0
3081,3,0,29,51,3,0,0,9,0
3082,3,0,29,52,3,1,0,9,0
3083,3,0,29,53,3,1,0,9,0
3084,3,0,29,54,3,0,0,9,0
3085,3,0,29,55,3,0,0,9,1
3086,3,0,29,56,3,0,0,9,0
3087,3,0,29,57,3,0,0,9,0
3088,3,0,29,58,3,0,0,9,0
3089,3,0,29,59,3,0,0,9,0
3090,3,0,29,60,3,0,0,9,0
3091,3,0,29,61,3,0,0,9,0
3092,3,0,29,62,3,0,0,9,0
3093,3,0,29,63,3,0,0,9,0
3094,3,0,29,64,3,0,0,9,0
3095,3,0,29,65,3,0,0,9,0
3096,3,0,29,66,3,1,0,9,0
3097,3,0,29,67,3,0,0,9,0
3098,3,0,29,68,3,0,0,9,0
3099,3,0,29,69,3,0,0,9,0
3100,3,0,29,70,3,1,0,9,0
3101,3,0,29,71,3,0,0,9,0
3102,3,0,29,72,3,0,0,9,0
3103,3,0,29,73,3,0,0,9,0
3104,3,0,29,74,3,0,0,9,0
3105,3,0,29,75,3,0,0,9,0
3106,3,0,29,76,3,0,0,9,0
3107,3,0,29,77,3,0,0,9,0
3108,3,0,29,78,3,0,0,9,0
3109,3,0,29,79,3,1,0,9,0
3110,3,0,29,80,3,0,0,9,0
3111,3,0,29,81,3,0,0,9,0
3112,3,0,29,82,3,0,0,9,0
3113,3,0,29,83,3,1,0,9,0
3114,3,0,29,84,3,0,0,9,0
3115,3,0,29,85,3,0,0,9,0
3116,3,0,29,86,3,0,0,9,0
3117,3,0,29,87,3,0,0,9,0
3118,3,0,29,88,3,0,0,9,0
3119,3,0,29,89,3,0,0,9,0
3120,3,0,29,90,3,0,0,9,0
3121,3,0,29,91,3,0,0,9,0
3122,3,0,29,92,3,1,0,9,0
3123,3,0,29,93,3,0,0,9,0
3124,3,0,29,94,3,0,0,9,0
3125,3,0,29,95,3,0,0,9,0
3126,3,0,29,96,3,1,0,9,0
3127,3,0,29,97,3,0,0,9,0
3128,3,0,29,98,3,0,0,9,0
3129,3,0,29,99,3,0,0,9,0
3130,2,0,30,99,3,0,0,0,0
3131,3,0,30,0,3,1,1,0,0
3132,3,0,30,1,3,0,1,0,0
3133,3,0,30,2,3,0,1,0,0
3134,3,0,30,3,3,0,1,0,0
3135,3,0,30,4,3,0,1,0,0
3136,3,0,30,5,3,0,1,0,0
3137,3,0,30,6,3,0,1,0,0
3138,3,0,30,7,3,0,1,0,0
3139,3,0,30,8,3,0,1,0,0
3140,3,0,30,9,3,1,1,0,0
3141,3,0,30,10,3,0,1,0,1
3142,3,0,30,11,3,0,1,0,0
3143,3,0,30,12,3,0,1,0,0
3144,3,0,30,13,3,1,1,0,0
3145,3,0,30,14,3,0,1,0,0
3146,3,0,30,15,3,0,1,0,0
3147,3,0,30,16,3,0,1,0,0
3148,3,0,30,17,3,0,1,0,0
3149,3,0,30,18,3,0,1,0,0
3150,3,0,30,19,3,0,1,0,0
3151,3,0,30,20,3,0,1,0,0
3152,3,0,30,21,3,0,1,0,0
3153,3,0,30,22,3,1,1,0,0
3154,3,0,30,23,3,0,1,0,1
3155,3,0,30,24,3,0,1,0,0
3156,3,0,30,25,3,0,1,0,0
3157,3,0,30,26,3,1,1,0,0
3158,3,0,30,27,3,0,1,0,0
3159,3,0,30,28,3,0,1,0,0
3160,3,0,30,29,3,0,1,0,0
3161,3,0,30,30,3,0,1,0,0
3162,3,0,30,31,3,0,1,0,0
3163,3,0,30,32,3,0,1,0,0
3164,3,0,30,33,3,0,1,0,0
3165,3,0,30,34,3,0,1,0,0
3166,3,0,30,35,3,0,1,0,0
3167,3,0,30,36,3,0,1,0,1
3168,3,0,30,37,3,0,1,0,0
3169,3,0,30,38,3,0,1,0,0
3170,3,0,30,39,3,1,1,0,0
3171,3,0,30,40,3,1,1,0,0
3172,3,0,30,41,3,0,1,0,0
3173,3,0,30,42,3,0,1,0,0
3174,3,0,30,43,3,0,1,0,0
3175,3,0,30,44,3,0,1,0,0
3176,3,0,30,45,3,0,1,0,0
3177,3,0,30,46,3,0,1,0,0
3178,3,0,30,47,3,0,1,0,0
3179,3,0,30,48,3,0,1,0,0
3180,3,0,30,49,3,0,1,0,1
3181,3,0,30,50,3,0,1,0,0
3182,3,0,30,51,3,0,1,0,0
3183,3,0,30,52,3,1,1,0,0
3184,3,0,30,53,3,1,1,0,0
3185,3,0,30,54,3,0,1,0,0
3186,3,0,30,55,3,0,1,0,0
3187,3,0,30,56,3,0,1,0,0
3188,3,0,30,57,3,0,1,0,0
3189,3,0,30,58,3,0,1,0,0
3190,3,0,30,59,3,0,1,0,0
3191,3,0,30,60,3,0,1,0,0
3192,3,0,30,61,3,0,1,0,0
3193,3,0,30,62,3,0,1,0,1
3194,3,0,30,63,3,0,1,0,0
3195,3,0,30,64,3,0,1,0,0
3196,3,0,30,65,3,0,1,0,0
3197,3,0,30,66,3,1,1,0,0
3198,3,0,30,67,3,0,1,0,0
3199,3,0,30,68,3,0,1,0,0
3200,3,0,30,69,3,0,1,0,0
3201,3,0,30,70,3,1,1,0,0
3202,3,0,30,71,3,0,1,0,0
3203,3,0,30,72,3,0,1,0,0
3204,3,0,30,73,3,0,1,0,0
3205,3,0,30,74,3,0,1,0,0
3206,3,0,30,75,3,0,1,0,0
3207,3,0,30,76,3,0,1,0,0
3208,3,0,30,77,3,0,1,0,0
3209,3,0,30,78,3,0,1,0,0
3210,3,0,30,79,3,1,1,0,0
3211,3,0,30,80,3,0,1,0,0
3212,3,0,30,81,3,0,1,0,0
3213,3,0,30,82,3,0,1,0,0
3214,3,0,30,83,3,1,1,0,0
3215,3,0,30,84,3,0,1,0,0
3216,3,0,30,85,3,0,1,0,0
3217,3,0,30,86,3,0,1,0,0
3218,3,0,30,87,3,0,1,0,0
3219,3,0,30,88,3,0,1,0,0
3220,3,0,30,89,3,0,1,0,0
3221,3,0,30,90,3,0,1,0,0
3222,3,0,30,91,3,0,1,0,0
3223,3,0,30,92,3,1,1,0,0
3224,3,0,30,93,3,0,1,0,0
3225,3,0,30,94,3,0,1,0,0
3226,3,0,30,95,3,0,1,0,0
3227,3,0,30,96,3,1,1,0,0
3228,3,0,30,97,3,0,1,0,0
3229,3,0,30,98,3,0,1,0,0
3230,3,0,30,99,3,0,1,0,0
3231,2,0,31,99,4,0,1,1,0
3232,3,0,31,0,4,1,0,1,0
3233,3,0,31,1,4,0,0,1,0
3234,3,0,31,2,4,0,0,1,0
3235,3,0,31,3,4,0,0,1,0
3236,3,0,31,4,4,0,0,1,0
3237,3,0,31,5,4,0,0,1,0
3238,3,0,31,6,4,0,0,1,0
3239,3,0,31,7,4,0,0,1,0
3240,3,0,31,8,4,0,0,1,0
3241,3,0,31,9,4,1,0,1,0
3242,3,0,31,10,4,1,0,1,0
3243,3,0,31,11,4,0,0,1,0
3244,3,0,31,12,4,0,0,1,0
3245,3,0,31,13,4,1,0,1,0
3246,3,0,31,14,4,0,0,1,0
3247,3,0,31,15,4,0,0,1,0
3248,3,0,31,16,4,0,0,1,0
3249,3,0,31,17,4,0,0,1,1
3250,3,0,31,18,4,0,0,1,0
3251,3,0,31,19,4,0,0,1,0
3252,3,0,31,20,4,0,0,1,0
3253,3,0,31,21,4,0,0,1,0
3254,3,0,31,22,4,1,0,1,0
3255,3,0,31,23,4,1,0,1,0
3256,3,0,31,24,4,0,0,1,0
3257,3,0,31,25,4,0,0,1,0
3258,3,0,31,26,4,1,0,1,0
3259,3,0,31,27,4,0,0,1,0
3260,3,0,31,28,4,0,0,1,0
3261,3,0,31,29,4,0,0,1,0
3262,3,0,31,30,4,0,0,1,1
3263,3,0,31,31,4,0,0,1,0
3264,3,0,31,32,4,0,0,1,0
3265,3,0,31,33,4,0,0,1,0
3266,3,0,31,34,4,0,0,1,0
3267,3,0,31,35,4,0,0,1,0
3268,3,0,31,36,4,1,0,1,0
3269,3,0,31,37,4,0,0,1,0
3270,3,0,31,38,4,0,0,1,0
3271,3,0,31,39,4,1,0,1,0
3272,3,0,31,40,4,1,0,1,0
3273,3,0,31,41,4,0,0,1,0
3274,3,0,31,42,4,0,0,1,0
3275,3,0,31,43,4,0,0,1,1
3276,3,0,31,44,4,0,0,1,0
3277,3,0,31,45,4,0,0,1,0
3278,3,0,31,46,4,0,0,1,0
3279,3,0,31,47,4,0,0,1,0
3280,3,0,31,48,4,0,0,1,0
3281,3,0,31,49,4,1,0,1,0
3282,3,0,31,50,4,0,0,1,0
3283,3,0,31,51,4,0,0,1,0
3284,3,0,31,52,4,1,0,1,0
3285,3,0,31,53,4,1,0,1,0
3286,3,0,31,54,4,0,0,1,0
3287,3,0,31,55,4,0,0,1,0
3288,3,0,31,56,4,0,0,1,1
3289,3,0,31,57,4,0,0,1,0
3290,3,0,31,58,4,0,0,1,0
3291,3,0,31,59,4,0,0,1,0
3292,3,0,31,60,4,0,0,1,0
3293,3,0,31,61,4,0,0,1,0
3294,3,0,31,62,4,1,0,1,0
3295,3,0,31,63,4,0,0,1,0
3296,3,0,31,64,4,0,0,1,0
3297,3,0,31,65,4,0,0,1,0
3298,3,0,31,66,4,1,0,1,0
3299,3,0,31,67,4,0,0,1,0
3300,3,0,31,68,4,0,0,1,0
3301,3,0,31,69,4,0,0,1,1
3302,3,0,31,70,4,1,0,1,0
3303,3,0,31,71,4,0,0,1,0
3304,3,0,31,72,4,0,0,1,0
3305,3,0,31,73,4,0,0,1,0
3306,3,0,31,74,4,0,0,1,0
3307,3,0,31,75,4,0,0,1,0
3308,3,0,31,76,4,0,0,1,0
3309,3,0,31,77,4,0,0,1,0
3310,3,0,31,78,4,0,0,1,0
3311,3,0,31,79,4,1,0,1,0
3312,3,0,31,80,4,0,0,1,0
3313,3,0,31,81,4,0,0,1,0
3314,3,0,31,82,4,0,0,1,0
3315,3,0,31,83,4,1,0,1,0
3316,3,0,31,84,4,0,0,1,0
3317,3,0,31,85,4,0,0,1,0
3318,3,0,31,86,4,0,0,1,0
3319,3,0,31,87,4,0,0,1,0
3320,3,0,31,88,4,0,0,1,0
3321,3,0,31,89,4,0,0,1,0
3322,3,0,31,90,4,0,0,1,0
3323,3,0,31,91,4,0,0,1,0
3324,3,0,31,92,4,1,0,1,0
3325,3,0,31,93,4,0,0,1,0
3326,3,0,31,94,4,0,0,1,0
3327,3,0,31,95,4,0,0,1,0
3328,3,0,31,96,4,1,0,1,0
3329,3,0,31,97,4,0,0,1,0
3330,3,0,31,98,4,0,0,1,0
3331,3,0,31,99,4,0,0,1,0
3332,2,0,32,99,4,0,0,2,0
3333,3,0,32,0,4,1,0,2,0
3334,3,0,32,1,4,0,0,2,0
3335,3,0,32,2,4,0,0,2,0
3336,3,0,32,3,4,0,0,2,0
3337,3,0,32,4,4,0,0,2,0
3338,3,0,32,5,4,0,0,2,0
3339,3,0,32,6,4,0,0,2,0
3340,3,0,32,7,4,0,0,2,0
3341,3,0,32,8,4,0,0,2,0
3342,3,0,32,9,4,1,0,2,0
3343,3,0,32,10,4,1,0,2,0
3344,3,0,32,11,4,0,0,2,0
3345,3,0,32,12,4,0,0,2,0
3346,3,0,32,13,4,1,0,2,0
3347,3,0,32,14,4,0,0,2,0
3348,3,0,32,15,4,0,0,2,0
3349,3,0,32,16,4,0,0,2,0
3350,3,0,32,17,4,0,0,2,0
3351,3,0,32,18,4,0,0,2,0
3352,3,0,32,19,4,0,0,2,0
3353,3,0,32,20,4,0,0,2,0
3354,3,0,32,21,4,0,0,2,0
3355,3,0,32,22,4,1,0,2,0
3356,3,0,32,23,4,1,0,2,0
3357,3,0,32,24,4,0,0,2,1
3358,3,0,32,25,4,0,0,2,0
3359,3,0,32,26,4,1,0,2,0
3360,3,0,32,27,4,0,0,2,0
3361,3,0,32,28,4,0,0,2,0
3362,3,0,32,29,4,0,0,2,0
3363,3,0,32,30,4,0,0,2,0
3364,3,0,32,31,4,0,0,2,0
3365,3,0,32,32,4,0,0,2,0
3366,3,0,32,33,4,0,0,2,0
3367,3,0,32,34,4,0,0,2,0
3368,3,0,32,35,4,0,0,2,0
3369,3,0,32,36,4,1,0,2,0
3370,3,0,32,37,4,0,0,2,1
3371,3,0,32,38,4,0,0,2,0
3372,3,0,32,39,4,1,0,2,0
3373,3,0,32,40,4,1,0,2,0
3374,3,0,32,41,4,0,0,2,0
3375,3,0,32,42,4,0,0,2,0
3376,3,0,32,43,4,0,0,2,0
3377,3,0,32,44,4,0,0,2,0
3378,3,0,32,45,4,0,0,2,0
3379,3,0,32,46,4,0,0,2,0
3380,3,0,32,47,4,0,0,2,0
3381,3,0,32,48,4,0,0,2,0
3382,3,0,32,49,4,1,0,2,0
3383,3,0,32,50,4,0,0,2,1
3384,3,0,32,51,4,0,0,2,0
3385,3,0,32,52,4,1,0,2,0
3386,3,0,32,53,4,1,0,2,0
3387,3,0,32,54,4,0,0,2,0
3388,3,0,32,55,4,0,0,2,0
3389,3,0,32,56,4,0,0,2,0
3390,3,0,32,57,4,0,0,2,0
3391,3,0,32,58,4,0,0,2,0
3392,3,0,32,59,4,0,0,2,0
3393,3,0,32,60,4,0,0,2,0
3394,3,0,32,61,4,0,0,2,0
3395,3,0,32,62,4,1,0,2,0
3396,3,0,32,63,4,0,0,2,1
3397,3,0,32,64,4,0,0,2,0
3398,3,0,32,65,4,0,0,2,0
3399,3,0,32,66,4,1,0,2,0
3400,3,0,32,67,4,0,0,2,0
3401,3,0,32,68,4,0,0,2,0
3402,3,0,32,69,4,0,0,2,0
3403,3,0,32,70,4,1,0,2,0
3404,3,0,32,71,4,0,0,2,0
3405,3,0,32,72,4,0,0,2,0
3406,3,0,32,73,4,0,0,2,0
3407,3,0,32,74,4,0,0,2,0
3408,3,0,32,75,4,0,0,2,0
3409,3,0,32,76,4,0,0,2,1
3410,3,0,32,77,4,0,0,2,0
3411,3,0,32,78,4,0,0,2,0
3412,3,0,32,79,4,1,0,2,0
3413,3,0,32,80,4,0,0,2,0
3414,3,0,32,81,4,0,0,2,0
3415,3,0,32,82,4,0,0,2,0
3416,3,0,32,83,4,1,0,2,0
3417,3,0,32,84,4,0,0,2,0
3418,3,0,32,85,4,0,0,2,0
3419,3,0,32,86,4,0,0,2,0
3420,3,0,32,87,4,0,0,2,0
3421,3,0,32,88,4,0,0,2,0
3422,3,0,32,89,4,0,0,2,0
3423,3,0,32,90,4,0,0,2,0
3424,3,0,32,91,4,0,0,2,0
3425,3,0,32,92,4,1,0,2,0
3426,3,0,32,93,4,0,0,2,0
3427,3,0,32,94,4,0,0,2,0
3428,3,0,32,95,4,0,0,2,0
3429,3,0,32,96,4,1,0,2,0
3430,3,0,32,97,4,0,0,2,0
3431,3,0,32,98,4,0,0,2,0
3432,3,0,32,99,4,0,0,2,0
3433,2,0,33,99,4,0,0,3,0
3434,3,0,33,0,4,1,0,3,0
3435,3,0,33,1,4,0,0,3,0
3436,3,0,33,2,4,0,0,3,0
3437,3,0,33,3,4,0,0,3,0
3438,3,0,33,4,4,0,0,3,0
3439,3,0,33,5,4,0,0,3,0
3440,3,0,33,6,4,0,0,3,0
3441,3,0,33,7,4,0,0,3,0
3442,3,0,33,8,4,0,0,3,0
3443,3,0,33,9,4,1,0,3,0
3444,3,0,33,10,4,1,0,3,0
3445,3,0,33,11,4,0,0,3,0
3446,3,0,33,12,4,0,0,3,0
3447,3,0,33,13,4,1,0,3,0
3448,3,0,33,14,4,0,0,3,0
3449,3,0,33,15,4,0,0,3,0
3450,3,0,33,16,4,0,0,3,0
3451,3,0,33,17,4,0,0,3,0
3452,3,0,33,18,4,0,0,3,0
3453,3,0,33,19,4,0,0,3,0
3454,3,0,33,20,4,0,0,3,0
3455,3,0,33,21,4,0,0,3,0
3456,3,0,33,22,4,1,0,3,0
3457,3,0,33,23,4,1,0,3,0
3458,3,0,33,24,4,0,0,3,0
3459,3,0,33,25,4,0,0,3,0
3460,3,0,33,26,4,1,0,3,0
3461,3,0,33,27,4,0,0,3,0
3462,3,0,33,28,4,0,0,3,0
3463,3,0,33,29,4,0,0,3,0
3464,3,0,33,30,4,0,0,3,0
3465,3,0,33,31,4,0,0,3,1
3466,3,0,33,32,4,0,0,3,0
3467,3,0,33,33,4,0,0,3,0
3468,3,0,33,34,4,0,0,3,0
3469,3,0,33,35,4,0,0,3,0
3470,3,0,33,36,4,1,0,3,0
3471,3,0,33,37,4,0,0,3,0
3472,3,0,33,38,4,0,0,3,0
3473,3,0,33,39,4,1,0,3,0
3474,3,0,33,40,4,1,0,3,0
3475,3,0,33,41,4,0,0,3,0
3476,3,0,33,42,4,0,0,3,0
3477,3,0,33,43,4,0,0,3,0
3478,3,0,33,44,4,0,0,3,1
3479,3,0,33,45,4,0,0,3,0
3480,3,0,33,46,4,0,0,3,0
3481,3,0,33,47,4,0,0,3,0
3482,3,0,33,48,4,0,0,3,0
3483,3,0,33,49,4,1,0,3,0
3484,3,0,33,50,4,0,0,3,0
3485,3,0,33,51,4,0,0,3,0
3486,3,0,33,52,4,1,0,3,0
3487,3,0,33,53,4,1,0,3,0
3488,3,0,33,54,4,0,0,3,0
3489,3,0,33,55,4,0,0,3,0
3490,3,0,33,56,4,0,0,3,0
3491,3,0,33,57,4,0,0,3,1
3492,3,0,33,58,4,0,0,3,0
3493,3,0,33,59,4,0,0,3,0
3494,3,0,33,60,4,0,0,3,0
3495,3,0,33,61,4,0,0,3,0
3496,3,0,33,62,4,1,0,3,0
3497,3,0,33,63,4,0,0,3,0
3498,3,0,33,64,4,0,0,3,0
3499,3,0,33,65,4,0,0,3,0
3500,3,0,33,66,4,1,0,3,0
3501,3,0,33,67,4,0,0,3,0
3502,3,0,33,68,4,0,0,3,0
3503,3,0,33,69,4,0,0,3,0
3504,3,0,33,70,4,1,0,3,1
3505,3,0,33,71,4,0,0,3,0
3506,3,0,33,72,4,0,0,3,0
3507,3,0,33,73,4,0,0,3,0
3508,3,0,33,74,4,0,0,3,0
3509,3,0,33,75,4,0,0,3,0
3510,3,0,33,76,4,0,0,3,0
3511,3,0,33,77,4,0,0,3,0
3512,3,0,33,78,4,0,0,3,0
3513,3,0,33,79,4,1,0,3,0
3514,3,0,33,80,4,0,0,3,0
3515,3,0,33,81,4,0,0,3,0
3516,3,0,33,82,4,0,0,3,0
3517,3,0,33,83,4,1,0,3,1
3518,3,0,33,84,4,0,0,3,0
3519,3,0,33,85,4,0,0,3,0
3520,3,0,33,86,4,0,0,3,0
3521,3,0,33,87,4,0,0,3,0
3522,3,0,33,88,4,0,0,3,0
3523,3,0,33,89,4,0,0,3,0
3524,3,0,33,90,4,0,0,3,0
3525,3,0,33,91,4,0,0,3,0
3526,3,0,33,92,4,1,0,3,0
3527,3,0,33,93,4,0,0,3,0
3528,3,0,33,94,4,0,0,3,0
3529,3,0,33,95,4,0,0,3,0
3530,3,0,33,96,4,1,0,3,0
3531,3,0,33,97,4,0,0,3,0
3532,3,0,33,98,4,0,0,3,0
3533,3,0,33,99,4,0,0,3,0
3534,2,0,34,99,4,0,0,4,0
3535,3,0,34,0,4,1,0,4,0
3536,3,0,34,1,4,0,0,4,0
3537,3,0,34,2,4,0,0,4,0
3538,3,0,34,3,4,0,0,4,0
3539,3,0,34,4,4,0,0,4,0
3540,3,0,34,5,4,0,0,4,0
3541,3,0,34,6,4,0,0,4,0
3542,3,0,34,7,4,0,0,4,0
3543,3,0,34,8,4,0,0,4,0
3544,3,0,34,9,4,1,0,4,0
3545,3,0,34,10,4,1,0,4,0
3546,3,0,34,11,4,0,0,4,0
3547,3,0,34,12,4,0,0,4,0
3548,3,0,34,13,4,1,0,4,0
3549,3,0,34,14,4,0,0,4,0
3550,3,0,34,15,4,0,0,4,0
3551,3,0,34,16,4,0,0,4,0
3552,3,0,34,17,4,0,0,4,0
3553,3,0,34,18,4,0,0,4,0
3554,3,0,34,19,4,0,0,4,0
3555,3,0,34,20,4,0,0,4,0
3556,3,0,34,21,4,0,0,4,0
3557,3,0,34,22,4,1,0,4,0
3558,3,0,34,23,4,1,0,4,0
3559,3,0,34,24,4,0,0,4,0
3560,3,0,34,25,4,0,0,4,0
3561,3,0,34,26,4,1,0,4,0
3562,3,0,34,27,4,0,0,4,0
3563,3,0,34,28,4,0,0,4,0
3564,3,0,34,29,4,0,0,4,0
3565,3,0,34,30,4,0,0,4,0
3566,3,0,34,31,4,0,0,4,0
3567,3,0,34,32,4,0,0,4,0
3568,3,0,34,33,4,0,0,4,0
3569,3,0,34,34,4,0,0,4,0
3570,3,0,34,35,4,0,0,4,0
3571,3,0,34,36,4,1,0,4,0
3572,3,0,34,37,4,0,0,4,0
3573,3,0,34,38,4,0,0,4,1
3574,3,0,34,39,4,1,0,4,0
3575,3,0,34,40,4,1,0,4,0
3576,3,0,34,41,4,0,0,4,0
3577,3,0,34,42,4,0,0,4,0
3578,3,0,34,43,4,0,0,4,0
3579,3,0,34,44,4,0,0,4,0
3580,3,0,34,45,4,0,0,4,0
3581,3,0,34,46,4,0,0,4,0
3582,3,0,34,47,4,0,0,4,0
3583,3,0,34,48,4,0,0,4,0
3584,3,0,34,49,4,1,0,4,0
3585,3,0,34,50,4,0,0,4,0
3586,3,0,34,51,4,0,0,4,1
3587,3,0,34,52,4,1,0,4,0
3588,3,0,34,53,4,1,0,4,0
3589,3,0,34,54,4,0,0,4,0
3590,3,0,34,55,4,0,0,4,0
3591,3,0,34,56,4,0,0,4,0
3592,3,0,34,57,4,0,0,4,0
3593,3,0,34,58,4,0,0,4,0
3594,3,0,34,59,4,0,0,4,0
3595,3,0,34,60,4,0,0,4,0
3596,3,0,34,61,4,0,0,4,0
3597,3,0,34,62,4,1,0,4,0
3598,3,0,34,63,4,0,0,4,0
3599,3,0,34,64,4,0,0,4,1
3600,3,0,34,65,4,0,0,4,0
3601,3,0,34,66,4,1,0,4,0
3602,3,0,34,67,4,0,0,4,0
3603,3,0,34,68,4,0,0,4,0
3604,3,0,34,69,4,0,0,4,0
3605,3,0,34,70,4,1,0,4,0
3606,3,0,34,71,4,0,0,4,0
3607,3,0,34,72,4,0,0,4,0
3608,3,0,34,73,4,0,0,4,0
3609,3,0,34,74,4,0,0,4,0
3610,3,0,34,75,4,0,0,4,0
3611,3,0,34,76,4,0,0,4,0
3612,3,0,34,77,4,0,0,4,1
3613,3,0,34,78,4,0,0,4,0
3614,3,0,34,79,4,1,0,4,0
3615,3,0,34,80,4,0,0,4,0
3616,3,0,34,81,4,0,0,4,0
3617,3,0,34,82,4,0,0,4,0
3618,3,0,34,83,4,1,0,4,0
3619,3,0,34,84,4,0,0,4,0
3620,3,0,34,85,4,0,0,4,0
3621,3,0,34,86,4,0,0,4,0
3622,3,0,34,87,4,0,0,4,0
3623,3,0,34,88,4,0,0,4,0
3624,3,0,34,89,4,0,0,4,0
3625,3,0,34,90,4,0,0,4,1
3626,3,0,34,91,4,0,0,4,0
3627,3,0,34,92,4,1,0,4,0
3628,3,0,34,93,4,0,0,4,0
3629,3,0,34,94,4,0,0,4,0
3630,3,0,34,95,4,0,0,4,0
3631,3,0,34,96,4,1,0,4,0
3632,3,0,34,97,4,0,0,4,0
3633,3,0,34,98,4,0,0,4,0
3634,3,0,34,99,4,0,0,4,0
3635,2,0,35,99,4,0,0,5,0
3636,3,0,35,0,4,1,0,5,0
3637,3,0,35,1,4,0,0,5,0
3638,3,0,35,2,4,0,0,5,0
3639,3,0,35,3,4,0,0,5,0
3640,3,0,35,4,4,0,0,5,0
3641,3,0,35,5,4,0,0,5,0
3642,3,0,35,6,4,0,0,5,0
3643,3,0,35,7,4,0,0,5,0
3644,3,0,35,8,4,0,0,5,0
3645,3,0,35,9,4,1,0,5,0
3646,3,0,35,10,4,1,0,5,0
3647,3,0,35,11,4,0,0,5,0
3648,3,0,35,12,4,0,0,5,0
3649,3,0,35,13,4,1,0,5,0
3650,3,0,35,14,4,0,0,5,0
3651,3,0,35,15,4,0,0,5,0
3652,3,0,35,16,4,0,0,5,0
3653,3,0,35,17,4,0,0,5,0
3654,3,0,35,18,4,0,0,5,0
3655,3,0,35,19,4,0,0,5,0
3656,3,0,35,20,4,0,0,5,0
3657,3,0,35,21,4,0,0,5,0
3658,3,0,35,22,4,1,0,5,0
3659,3,0,35,23,4,1,0,5,0
3660,3,0,35,24,4,0,0,5,0
3661,3,0,35,25,4,0,0,5,0
3662,3,0,35,26,4,1,0,5,0
3663,3,0,35,27,4,0,0,5,0
3664,3,0,35,28,4,0,0,5,0
3665,3,0,35,29,4,0,0,5,0
3666,3,0,35,30,4,0,0,5,0
3667,3,0,35,31,4,0,0,5,0
3668,3,0,35,32,4,0,0,5,0
3669,3,0,35,33,4,0,0,5,0
3670,3,0,35,34,4,0,0,5,0
3671,3,0,35,35,4,0,0,5,0
3672,3,0,35,36,4,1,0,5,0
3673,3,0,35,37,4,0,0,5,0
3674,3,0,35,38,4,0,0,5,0
3675,3,0,35,39,4,1,0,5,0
3676,3,0,35,40,4,1,0,5,0
3677,3,0,35,41,4,0,0,5,0
3678,3,0,35,42,4,0,0,5,0
3679,3,0,35,43,4,0,0,5,0
3680,3,0,35,44,4,0,0,5,0
3681,3,0,35,45,4,0,0,5,1
3682,3,0,35,46,4,0,0,5,0
3683,3,0,35,47,4,0,0,5,0
3684,3,0,35,48,4,0,0,5,0
3685,3,0,35,49,4,1,0,5,0
3686,3,0,35,50,4,0,0,5,0
3687,3,0,35,51,4,0,0,5,0
3688,3,0,35,52,4,1,0,5,0
3689,3,0,35,53,4,1,0,5,0
3690,3,0,35,54,4,0,0,5,0
3691,3,0,35,55,4,0,0,5,0
3692,3,0,35,56,4,0,0,5,0
3693,3,0,35,57,4,0,0,5,0
3694,3,0,35,58,4,0,0,5,1
3695,3,0,35,59,4,0,0,5,0
3696,3,0,35,60,4,0,0,5,0
3697,3,0,35,61,4,0,0,5,0
3698,3,0,35,62,4,1,0,5,0
3699,3,0,35,63,4,0,0,5,0
3700,3,0,35,64,4,0,0,5,0
3701,3,0,35,65,4,0,0,5,0
3702,3,0,35,66,4,1,0,5,0
3703,3,0,35,67,4,0,0,5,0
3704,3,0,35,68,4,0,0,5,0
3705,3,0,35,69,4,0,0,5,0
3706,3,0,35,70,4,1,0,5,0
3707,3,0,35,71,4,0,0,5,1
3708,3,0,35,72,4,0,0,5,0
3709,3,0,35,73,4,0,0,5,0
3710,3,0,35,74,4,0,0,5,0
3711,3,0,35,75,4,0,0,5,0
3712,3,0,35,76,4,0,0,5,0
3713,3,0,35,77,4,0,0,5,0
3714,3,0,35,78,4,0,0,5,0
3715,3,0,35,79,4,1,0,5,0
3716,3,0,35,80,4,0,0,5,0
3717,3,0,35,81,4,0,0,5,0
3718,3,0,35,82,4,0,0,5,0
3719,3,0,35,83,4,1,0,5,0
3720,3,0,35,84,4,0,0,5,1
3721,3,0,35,85,4,0,0,5,0
3722,3,0,35,86,4,0,0,5,0
3723,3,0,35,87,4,0,0,5,0
3724,3,0,35,88,4,0,0,5,0
3725,3,0,35,89,4,0,0,5,0
3726,3,0,35,90,4,0,0,5,0
3727,3,0,35,91,4,0,0,5,0
3728,3,0,35,92,4,1,0,5,0
3729,3,0,35,93,4,0,0,5,0
3730,3,0,35,94,4,0,0,5,0
3731,3,0,35,95,4,0,0,5,0
3732,3,0,35,96,4,1,0,5,0
3733,3,0,35,97,4,0,0,5,1
3734,3,0,35,98,4,0,0,5,0
3735,3,0,35,99,4,0,0,5,0
3736,2,0,36,99,4,0,0,6,0
3737,3,0,36,0,4,1,0,6,0
3738,3,0,36,1,4,0,0,6,0
3739,3,0,36,2,4,0,0,6,0
3740,3,0,36,3,4,0,0,6,0
3741,3,0,36,4,4,0,0,6,1
3742,3,0,36,5,4,0,0,6,0
3743,3,0,36,6,4,0,0,6,0
3744,3,0,36,7,4,0,0,6,0
3745,3,0,36,8,4,0,0,6,0
3746,3,0,36,9,4,1,0,6,0
3747,3,0,36,10,4,1,0,6,0
3748,3,0,36,11,4,0,0,6,0
3749,3,0,36,12,4,0,0,6,0
3750,3,0,36,13,4,1,0,6,0
3751,3,0,36,14,4,0,0,6,0
3752,3,0,36,15,4,0,0,6,0
3753,3,0,36,16,4,0,0,6,0
3754,3,0,36,17,4,0,0,6,0
3755,3,0,36,18,4,0,0,6,0
3756,3,0,36,19,4,0,0,6,0
3757,3,0,36,20,4,0,0,6,0
3758,3,0,36,21,4,0,0,6,0
3759,3,0,36,22,4,1,0,6,0
3760,3,0,36,23,4,1,0,6,0
3761,3,0,36,24,4,0,0,6,0
3762,3,0,36,25,4,0,0,6,0
3763,3,0,36,26,4,1,0,6,0
3764,3,0,36,27,4,0,0,6,0
3765,3,0,36,28,4,0,0,6,0
3766,3,0,36,29,4,0,0,6,0
3767,3,0,36,30,4,0,0,6,0
3768,3,0,36,31,4,0,0,6,0
3769,3,0,36,32,4,0,0,6,0
3770,3,0,36,33,4,0,0,6,0
3771,3,0,36,34,4,0,0,6,0
3772,3,0,36,35,4,0,0,6,0
3773,3,0,36,36,4,1,0,6,0
3774,3,0,36,37,4,0,0,6,0
3775,3,0,36,38,4,0,0,6,0
3776,3,0,36,39,4,1,0,6,0
3777,3,0,36,40,4,1,0,6,0
3778,3,0,36,41,4,0,0,6,0
3779,3,0,36,42,4,0,0,6,0
3780,3,0,36,43,4,0,0,6,0
3781,3,0,36,44,4,0,0,6,0
3782,3,0,36,45,4,0,0,6,0
3783,3,0,36,46,4,0,0,6,0
3784,3,0,36,47,4,0,0,6,0
3785,3,0,36,48,4,0,0,6,0
3786,3,0,36,49,4,1,0,6,0
3787,3,0,36,50,4,0,0,6,0
3788,3,0,36,51,4,0,0,6,0
3789,3,0,36,52,4,1,0,6,1
3790,3,0,36,53,4,1,0,6,0
3791,3,0,36,54,4,0,0,6,0
3792,3,0,36,55,4,0,0,6,0
3793,3,0,36,56,4,0,0,6,0
3794,3,0,36,57,4,0,0,6,0
3795,3,0,36,58,4,0,0,6,0
3796,3,0,36,59,4,0,0,6,0
3797,3,0,36,60,4,0,0,6,0
3798,3,0,36,61,4,0,0,6,0
3799,3,0,36,62,4,1,0,6,0
3800,3,0,36,63,4,0,0,6,0
3801,3,0,36,64,4,0,0,6,0
3802,3,0,36,65,4,0,0,6,1
3803,3,0,36,66,4,1,0,6,0
3804,3,0,36,67,4,0,0,6,0
3805,3,0,36,68,4,0,0,6,0
3806,3,0,36,69,4,0,0,6,0
3807,3,0,36,70,4,1,0,6,0
3808,3,0,36,71,4,0,0,6,0
3809,3,0,36,72,4,0,0,6,0
3810,3,0,36,73,4,0,0,6,0
3811,3,0,36,74,4,0,0,6,0
3812,3,0,36,75,4,0,0,6,0
3813,3,0,36,76,4,0,0,6,0
3814,3,0,36,77,4,0,0,6,0
3815,3,0,36,78,4,0,0,6,1
3816,3,0,36,79,4,1,0,6,0
3817,3,0,36,80,4,0,0,6,0
3818,3,0,36,81,4,0,0,6,0
3819,3,0,36,82,4,0,0,6,0
3820,3,0,36,83,4,1,0,6,0
3821,3,0,36,84,4,0,0,6,0
3822,3,0,36,85,4,0,0,6,0
3823,3,0,36,86,4,0,0,6,0
3824,3,0,36,87,4,0,0,6,0
3825,3,0,36,88,4,0,0,6,0
3826,3,0,36,89,4,0,0,6,0
3827,3,0,36,90,4,0,0,6,0
3828,3,0,36,91,4,0,0,6,1
3829,3,0,36,92,4,1,0,6,0
3830,3,0,36,93,4,0,0,6,0
3831,3,0,36,94,4,0,0,6,0
3832,3,0,36,95,4,0,0,6,0
3833,3,0,36,96,4,1,0,6,0
3834,3,0,36,97,4,0,0,6,0
3835,3,0,36,98,4,0,0,6,0
3836,3,0,36,99,4,0,0,6,0
3837,2,0,37,99,4,0,0,7,0
3838,3,0,37,0,4,1,0,7,0
3839,3,0,37,1,4,0,0,7,0
3840,3,0,37,2,4,0,0,7,0
3841,3,0,37,3,4,0,0,7,0
3842,3,0,37,4,4,0,0,7,0
3843,3,0,37,5,4,0,0,7,0
3844,3,0,37,6,4,0,0,7,0
3845,3,0,37,7,4,0,0,7,0
3846,3,0,37,8,4,0,0,7,0
3847,3,0,37,9,4,1,0,7,0
3848,3,0,37,10,4,1,0,7,0
3849,3,0,37,11,4,0,0,7,1
3850,3,0,37,12,4,0,0,7,0
3851,3,0,37,13,4,1,0,7,0
3852,3,0,37,14,4,0,0,7,0
3853,3,0,37,15,4,0,0,7,0
3854,3,0,37,16,4,0,0,7,0
3855,3,0,37,17,4,0,0,7,0
3856,3,0,37,18,4,0,0,7,0
3857,3,0,37,19,4,0,0,7,0
3858,3,0,37,20,4,0,0,7,0
3859,3,0,37,21,4,0,0,7,0
3860,3,0,37,22,4,1,0,7,0
3861,3,0,37,23,4,1,0,7,0
3862,3,0,37,24,4,0,0,7,0
3863,3,0,37,25,4,0,0,7,0
3864,3,0,37,26,4,1,0,7,0
3865,3,0,37,27,4,0,0,7,0
3866,3,0,37,28,4,0,0,7,0
3867,3,0,37,29,4,0,0,7,0
3868,3,0,37,30,4,0,0,7,0
3869,3,0,37,31,4,0,0,7,0
3870,3,0,37,32,4,0,0,7,0
3871,3,0,37,33,4,0,0,7,0
3872,3,0,37,34,4,0,0,7,0
3873,3,0,37,35,4,0,0,7,0
3874,3,0,37,36,4,1,0,7,0
3875,3,0,37,37,4,0,0,7,0
3876,3,0,37,38,4,0,0,7,0
3877,3,0,37,39,4,1,0,7,0
3878,3,0,37,40,4,1,0,7,0
3879,3,0,37,41,4,0,0,7,0
3880,3,0,37,42,4,0,0,7,0
3881,3,0,37,43,4,0,0,7,0
3882,3,0,37,44,4,0,0,7,0
3883,3,0,37,45,4,0,0,7,0
3884,3,0,37,46,4,0,0,7,0
3885,3,0,37,47,4,0,0,7,0
3886,3,0,37,48,4,0,0,7,0
3887,3,0,37,49,4,1,0,7,0
3888,3,0,37,50,4,0,0,7,0
3889,3,0,37,51,4,0,0,7,0
3890,3,0,37,52,4,1,0,7,0
3891,3,0,37,53,4,1,0,7,0
3892,3,0,37,54,4,0,0,7,0
3893,3,0,37,55,4,0,0,7,0
3894,3,0,37,56,4,0,0,7,0
3895,3,0,37,57,4,0,0,7,0
3896,3,0,37,58,4,0,0,7,0
3897,3,0,37,59,4,0,0,7,1
3898,3,0,37,60,4,0,0,7,0
3899,3,0,37,61,4,0,0,7,0
3900,3,0,37,62,4,1,0,7,0
3901,3,0,37,63,4,0,0,7,0
3902,3,0,37,64,4,0,0,7,0
3903,3,0,37,65,4,0,0,7,0
3904,3,0,37,66,4,1,0,7,0
3905,3,0,37,67,4,0,0,7,0
3906,3,0,37,68,4,0,0,7,0
3907,3,0,37,69,4,0,0,7,0
3908,3,0,37,70,4,1,0,7,0
3909,3,0,37,71,4,0,0,7,0
3910,3,0,37,72,4,0,0,7,1
3911,3,0,37,73,4,0,0,7,0
3912,3,0,37,74,4,0,0,7,0
3913,3,0,37,75,4,0,0,7,0
3914,3,0,37,76,4,0,0,7,0
3915,3,0,37,77,4,0,0,7,0
3916,3,0,37,78,4,0,0,7,0
3917,3,0,37,79,4,1,0,7,0
3918,3,0,37,80,4,0,0,7,0
3919,3,0,37,81,4,0,0,7,0
3920,3,0,37,82,4,0,0,7,0
3921,3,0,37,83,4,1,0,7,0
3922,3,0,37,84,4,0,0,7,0
3923,3,0,37,85,4,0,0,7,1
3924,3,0,37,86,4,0,0,7,0
3925,3,0,37,87,4,0,0,7,0
3926,3,0,37,88,4,0,0,7,0
3927,3,0,37,89,4,0,0,7,0
3928,3,0,37,90,4,0,0,7,0
3929,3,0,37,91,4,0,0,7,0
3930,3,0,37,92,4,1,0,7,0
3931,3,0,37,93,4,0,0,7,0
3932,3,0,37,94,4,0,0,7,0
3933,3,0,37,95,4,0,0,7,0
3934,3,0,37,96,4,1,0,7,0
3935,3,0,37,97,4,0,0,7,0
3936,3,0,37,98,4,0,0,7,1
3937,3,0,37,99,4,0,0,7,0
3938,2,0,38,99,4,0,0,8,0
3939,3,0,38,0,4,1,0,8,0
3940,3,0,38,1,4,0,0,8,0
3941,3,0,38,2,4,0,0,8,0
3942,3,0,38,3,4,0,0,8,0
3943,3,0,38,4,4,0,0,8,0
3944,3,0,38,5,4,0,0,8,1
3945,3,0,38,6,4,0,0,8,0
3946,3,0,38,7,4,0,0,8,0
3947,3,0,38,8,4,0,0,8,0
3948,3,0,38,9,4,1,0,8,0
3949,3,0,38,10,4,1,0,8,0
3950,3,0,38,11,4,0,0,8,0
3951,3,0,38,12,4,0,0,8,0
3952,3,0,38,13,4,1,0,8,0
3953,3,0,38,14,4,0,0,8,0
3954,3,0,38,15,4,0,0,8,0
3955,3,0,38,16,4,0,0,8,0
3956,3,0,38,17,4,0,0,8,0
3957,3,0,38,18,4,0,0,8,1
3958,3,0,38,19,4,0,0,8,0
3959,3,0,38,20,4,0,0,8,0
3960,3,0,38,21,4,0,0,8,0
3961,3,0,38,22,4,1,0,8,0
3962,3,0,38,23,4,1,0,8,0
3963,3,0,38,24,4,0,0,8,0
3964,3,0,38,25,4,0,0,8,0
3965,3,0,38,26,4,1,0,8,0
3966,3,0,38,27,4,0,0,8,0
3967,3,0,38,28,4,0,0,8,0
3968,3,0,38,29,4,0,0,8,0
3969,3,0,38,30,4,0,0,8,0
3970,3,0,38,31,4,0,0,8,0
3971,3,0,38,32,4,0,0,8,0
3972,3,0,38,33,4,0,0,8,0
3973,3,0,38,34,4,0,0,8,0
3974,3,0,38,35,4,0,0,8,0
3975,3,0,38,36,4,1,0,8,0
3976,3,0,38,37,4,0,0,8,0
3977,3,0,38,38,4,0,0,8,0
3978,3,0,38,39,4,1,0,8,0
3979,3,0,38,40,4,1,0,8,0
3980,3,0,38,41,4,0,0,8,0
3981,3,0,38,42,4,0,0,8,0
3982,3,0,38,43,4,0,0,8,0
3983,3,0,38,44,4,0,0,8,0
3984,3,0,38,45,4,0,0,8,0
3985,3,0,38,46,4,0,0,8,0
3986,3,0,38,47,4,0,0,8,0
3987,3,0,38,48,4,0,0,8,0
3988,3,0,38,49,4,1,0,8,0
3989,3,0,38,50,4,0,0,8,0
3990,3,0,38,51,4,0,0,8,0
3991,3,0,38,52,4,1,0,8,0
3992,3,0,38,53,4,1,0,8,0
3993,3,0,38,54,4,0,0,8,0
3994,3,0,38,55,4,0,0,8,0
3995,3,0,38,56,4,0,0,8,0
3996,3,0,38,57,4,0,0,8,0
3997,3,0,38,58,4,0,0,8,0
3998,3,0,38,59,4,0,0,8,0
3999,3,0,38,60,4,0,0,8,0
4000,3,0,38,61,4,0,0,8,0
4001,3,0,38,62,4,1,0,8,0
4002,3,0,38,63,4,0,0,8,0
4003,3,0,38,64,4,0,0,8,0
4004,3,0,38,65,4,0,0,8,0
4005,3,0,38,66,4,1,0,8,1
4006,3,0,38,67,4,0,0,8,0
4007,3,0,38,68,4,0,0,8,0
4008,3,0,38,69,4,0,0,8,0
4009,3,0,38,70,4,1,0,8,0
4010,3,0,38,71,4,0,0,8,0
4011,3,0,38,72,4,0,0,8,0
4012,3,0,38,73,4,0,0,8,0
4013,3,0,38,74,4,0,0,8,0
4014,3,0,38,75,4,0,0,8,0
4015,3,0,38,76,4,0,0,8,0
4016,3,0,38,77,4,0,0,8,0
4017,3,0,38,78,4,0,0,8,0
4018,3,0,38,79,4,1,0,8,1
4019,3,0,38,80,4,0,0,8,0
4020,3,0,38,81,4,0,0,8,0
4021,3,0,38,82,4,0,0,8,0
4022,3,0,38,83,4,1,0,8,0
4023,3,0,38,84,4,0,0,8,0
4024,3,0,38,85,4,0,0,8,0
4025,3,0,38,86,4,0,0,8,0
4026,3,0,38,87,4,0,0,8,0
4027,3,0,38,88,4,0,0,8,0
4028,3,0,38,89,4,0,0,8,0
4029,3,0,38,90,4,0,0,8,0
4030,3,0,38,91,4,0,0,8,0
4031,3,0,38,92,4,1,0,8,1
4032,3,0,38,93,4,0,0,8,0
4033,3,0,38,94,4,0,0,8,0
4034,3,0,38,95,4,0,0,8,0
4035,3,0,38,96,4,1,0,8,0
4036,3,0,38,97,4,0,0,8,0
4037,3,0,38,98,4,0,0,8,0
4038,3,0,38,99,4,0,0,8,0
4039,2,0,39,99,4,0,0,9,1
4040,3,0,39,0,4,1,0,9,0
4041,3,0,39,1,4,0,0,9,0
4042,3,0,39,2,4,0,0,9,0
4043,3,0,39,3,4,0,0,9,0
4044,3,0,39,4,4,0,0,9,0
4045,3,0,39,5,4,0,0,9,0
4046,3,0,39,6,4,0,0,9,0
4047,3,0,39,7,4,0,0,9,0
4048,3,0,39,8,4,0,0,9,0
4049,3,0,39,9,4,1,0,9,0
4050,3,0,39,10,4,1,0,9,0
4051,3,0,39,11,4,0,0,9,0
4052,3,0,39,12,4,0,0,9,1
4053,3,0,39,13,4,1,0,9,0
4054,3,0,39,14,4,0,0,9,0
4055,3,0,39,15,4,0,0,9,0
4056,3,0,39,16,4,0,0,9,0
4057,3,0,39,17,4,0,0,9,0
4058,3,0,39,18,4,0,0,9,0
4059,3,0,39,19,4,0,0,9,0
4060,3,0,39,20,4,0,0,9,0
4061,3,0,39,21,4,0,0,9,0
4062,3,0,39,22,4,1,0,9,0
4063,3,0,39,23,4,1,0,9,0
4064,3,0,39,24,4,0,0,9,0
4065,3,0,39,25,4,0,0,9,1
4066,3,0,39,26,4,1,0,9,0
4067,3,0,39,27,4,0,0,9,0
4068,3,0,39,28,4,0,0,9,0
4069,3,0,39,29,4,0,0,9,0
4070,3,0,39,30,4,0,0,9,0
4071,3,0,39,31,4,0,0,9,0
4072,3,0,39,32,4,0,0,9,0
4073,3,0,39,33,4,0,0,9,0
4074,3,0,39,34,4,0,0,9,0
4075,3,0,39,35,4,0,0,9,0
4076,3,0,39,36,4,1,0,9,0
4077,3,0,39,37,4,0,0,9,0
4078,3,0,39,38,4,0,0,9,0
4079,3,0,39,39,4,1,0,9,0
4080,3,0,39,40,4,1,0,9,0
4081,3,0,39,41,4,0,0,9,0
4082,3,0,39,42,4,0,0,9,0
4083,3,0,39,43,4,0,0,9,0
4084,3,0,39,44,4,0,0,9,0
4085,3,0,39,45,4,0,0,9,0
4086,3,0,39,46,4,0,0,9,0
4087,3,0,39,47,4,0,0,9,0
4088,3,0,39,48,4,0,0,9,0
4089,3,0,39,49,4,1,0,9,0
4090,3,0,39,50,4,0,0,9,0
4091,3,0,39,51,4,0,0,9,0
4092,3,0,39,52,4,1,0,9,0
4093,3,0,39,53,4,1,0,9,0
4094,3,0,39,54,4,0,0,9,0
4095,3,0,39,55,4,0,0,9,0
4096,3,0,39,56,4,0,0,9,0
4097,3,0,39,57,4,0,0,9,0
4098,3,0,39,58,4,0,0,9,0
4099,3,0,39,59,4,0,0,9,0
4100,3,0,39,60,4,0,0,9,0
4101,3,0,39,61,4,0,0,9,0
4102,3,0,39,62,4,1,0,9,0
4103,3,0,39,63,4,0,0,9,0
4104,3,0,39,64,4,0,0,9,0
4105,3,0,39,65,4,0,0,9,0
4106,3,0,39,66,4,1,0,9,0
4107,3,0,39,67,4,0,0,9,0
4108,3,0,39,68,4,0,0,9,0
4109,3,0,39,69,4,0,0,9,0
4110,3,0,39,70,4,1,0,9,0
4111,3,0,39,71,4,0,0,9,0
4112,3,0,39,72,4,0,0,9,0
4113,3,0,39,73,4,0,0,9,1
4114,3,0,39,74,4,0,0,9,0
4115,3,0,39,75,4,0,0,9,0
4116,3,0,39,76,4,0,0,9,0
4117,3,0,39,77,4,0,0,9,0
4118,3,0,39,78,4,0,0,9,0
4119,3,0,39,79,4,1,0,9,0
4120,3,0,39,80,4,0,0,9,0
4121,3,0,39,81,4,0,0,9,0
4122,3,0,39,82,4,0,0,9,0
4123,3,0,39,83,4,1,0,9,0
4124,3,0,39,84,4,0,0,9,0
4125,3,0,39,85,4,0,0,9,0
4126,3,0,39,86,4,0,0,9,1
4127,3,0,39,87,4,0,0,9,0
4128,3,0,39,88,4,0,0,9,0
4129,3,0,39,89,4,0,0,9,0
4130,3,0,39,90,4,0,0,9,0
4131,3,0,39,91,4,0,0,9,0
4132,3,0,39,92,4,1,0,9,0
4133,3,0,39,93,4,0,0,9,0
4134,3,0,39,94,4,0,0,9,0
4135,3,0,39,95,4,0,0,9,0
4136,3,0,39,96,4,1,0,9,0
4137,3,0,39,97,4,0,0,9,0
4138,3,0,39,98,4,0,0,9,0
4139,3,0,39,99,4,0,0,9,1
4140,2,0,40,99,4,0,0,0,0
4141,3,0,40,0,4,1,1,0,0
4142,3,0,40,1,4,0,1,0,0
4143,3,0,40,2,4,0,1,0,0
4144,3,0,40,3,4,0,1,0,0
4145,3,0,40,4,4,0,1,0,0
4146,3,0,40,5,4,0,1,0,0
4147,3,0,40,6,4,0,1,0,1
4148,3,0,40,7,4,0,1,0,0
4149,3,0,40,8,4,0,1,0,0
4150,3,0,40,9,4,1,1,0,0
4151,3,0,40,10,4,1,1,0,0
4152,3,0,40,11,4,0,1,0,0
4153,3,0,40,12,4,0,1,0,0
4154,3,0,40,13,4,1,1,0,0
4155,3,0,40,14,4,0,1,0,0
4156,3,0,40,15,4,0,1,0,0
4157,3,0,40,16,4,0,1,0,0
4158,3,0,40,17,4,0,1,0,0
4159,3,0,40,18,4,0,1,0,0
4160,3,0,40,19,4,0,1,0,1
4161,3,0,40,20,4,0,1,0,0
4162,3,0,40,21,4,0,1,0,0
4163,3,0,40,22,4,1,1,0,0
4164,3,0,40,23,4,1,1,0,0
4165,3,0,40,24,4,0,1,0,0
4166,3,0,40,25,4,0,1,0,0
4167,3,0,40,26,4,1,1,0,0
4168,3,0,40,27,4,0,1,0,0
4169,3,0,40,28,4,0,1,0,0
4170,3,0,40,29,4,0,1,0,0
4171,3,0,40,30,4,0,1,0,0
4172,3,0,40,31,4,0,1,0,0
4173,3,0,40,32,4,0,1,0,1
4174,3,0,40,33,4,0,1,0,0
4175,3,0,40,34,4,0,1,0,0
4176,3,0,40,35,4,0,1,0,0
4177,3,0,40,36,4,1,1,0,0
4178,3,0,40,37,4,0,1,0,0
4179,3,0,40,38,4,0,1,0,0
4180,3,0,40,39,4,1,1,0,0
4181,3,0,40,40,4,1,1,0,0
4182,3,0,40,41,4,0,1,0,0
4183,3,0,40,42,4,0,1,0,0
4184,3,0,40,43,4,0,1,0,0
4185,3,0,40,44,4,0,1,0,0
4186,3,0,40,45,4,0,1,0,0
4187,3,0,40,46,4,0,1,0,0
4188,3,0,40,47,4,0,1,0,0
4189,3,0,40,48,4,0,1,0,0
4190,3,0,40,49,4,1,1,0,0
4191,3,0,40,50,4,0,1,0,0
4192,3,0,40,51,4,0,1,0,0
4193,3,0,40,52,4,1,1,0,0
4194,3,0,40,53,4,1,1,0,0
4195,3,0,40,54,4,0,1,0,0
4196,3,0,40,55,4,0,1,0,0
4197,3,0,40,56,4,0,1,0,0
4198,3,0,40,57,4,0,1,0,0
4199,3,0,40,58,4,0,1,0,0
4200,3,0,40,59,4,0,1,0,0
4201,3,0,40,60,4,0,1,0,0
4202,3,0,40,61,4,0,1,0,0
4203,3,0,40,62,4,1,1,0,0
4204,3,0,40,63,4,0,1,0,0
4205,3,0,40,64,4,0,1,0,0
4206,3,0,40,65,4,0,1,0,0
4207,3,0,40,66,4,1,1,0,0
4208,3,0,40,67,4,0,1,0,0
4209,3,0,40,68,4,0,1,0,0
4210,3,0,40,69,4,0,1,0,0
4211,3,0,40,70,4,1,1,0,0
4212,3,0,40,71,4,0,1,0,0
4213,3,0,40,72,4,0,1,0,0
4214,3,0,40,73,4,0,1,0,0
4215,3,0,40,74,4,0,1,0,0
4216,3,0,40,75,4,0,1,0,0
4217,3,0,40,76,4,0,1,0,0
4218,3,0,40,77,4,0,1,0,0
4219,3,0,40,78,4,0,1,0,0
4220,3,0,40,79,4,1,1,0,0
4221,3,0,40,80,4,0,1,0,1
4222,3,0,40,81,4,0,1,0,0
4223,3,0,40,82,4,0,1,0,0
4224,3,0,40,83,4,1,1,0,0
4225,3,0,40,84,4,0,1,0,0
4226,3,0,40,85,4,0,1,0,0
4227,3,0,40,86,4,0,1,0,0
4228,3,0,40,87,4,0,1,0,0
4229,3,0,40,88,4,0,1,0,0
4230,3,0,40,89,4,0,1,0,0
4231,3,0,40,90,4,0,1,0,0
4232,3,0,40,91,4,0,1,0,0
4233,3,0,40,92,4,1,1,0,0
4234,3,0,40,93,4,0,1,0,1
4235,3,0,40,94,4,0,1,0,0
4236,3,0,40,95,4,0,1,0,0
4237,3,0,40,96,4,1,1,0,0
4238,3,0,40,97,4,0,1,0,0
4239,3,0,40,98,4,0,1,0,0
4240,3,0,40,99,4,0,1,0,0
4241,2,0,41,99,5,0,1,1,0
4242,3,0,41,0,5,1,0,1,1
4243,3,0,41,1,5,0,0,1,0
4244,3,0,41,2,5,0,0,1,0
4245,3,0,41,3,5,0,0,1,0
4246,3,0,41,4,5,0,0,1,0
4247,3,0,41,5,5,0,0,1,0
4248,3,0,41,6,5,1,0,1,0
4249,3,0,41,7,5,0,0,1,0
4250,3,0,41,8,5,0,0,1,0
4251,3,0,41,9,5,1,0,1,0
4252,3,0,41,10,5,1,0,1,0
4253,3,0,41,11,5,0,0,1,0
4254,3,0,41,12,5,0,0,1,0
4255,3,0,41,13,5,1,0,1,1
4256,3,0,41,14,5,0,0,1,0
4257,3,0,41,15,5,0,0,1,0
4258,3,0,41,16,5,0,0,1,0
4259,3,0,41,17,5,0,0,1,0
4260,3,0,41,18,5,0,0,1,0
4261,3,0,41,19,5,1,0,1,0
4262,3,0,41,20,5,0,0,1,0
4263,3,0,41,21,5,0,0,1,0
4264,3,0,41,22,5,1,0,1,0
4265,3,0,41,23,5,1,0,1,0
4266,3,0,41,24,5,0,0,1,0
4267,3,0,41,25,5,0,0,1,0
4268,3,0,41,26,5,1,0,1,1
4269,3,0,41,27,5,0,0,1,0
4270,3,0,41,28,5,0,0,1,0
4271,3,0,41,29,5,0,0,1,0
4272,3,0,41,30,5,0,0,1,0
4273,3,0,41,31,5,0,0,1,0
4274,3,0,41,32,5,1,0,1,0
4275,3,0,41,33,5,0,0,1,0
4276,3,0,41,34,5,0,0,1,0
4277,3,0,41,35,5,0,0,1,0
4278,3,0,41,36,5,1,0,1,0
4279,3,0,41,37,5,0,0,1,0
4280,3,0,41,38,5,0,0,1,0
4281,3,0,41,39,5,1,0,1,1
4282,3,0,41,40,5,1,0,1,0
4283,3,0,41,41,5,0,0,1,0
4284,3,0,41,42,5,0,0,1,0
4285,3,0,41,43,5,0,0,1,0
4286,3,0,41,44,5,0,0,1,0
4287,3,0,41,45,5,0,0,1,0
4288,3,0,41,46,5,0,0,1,0
4289,3,0,41,47,5,0,0,1,0
4290,3,0,41,48,5,0,0,1,0
4291,3,0,41,49,5,1,0,1,0
4292,3,0,41,50,5,0,0,1,0
4293,3,0,41,51,5,0,0,1,0
4294,3,0,41,52,5,1,0,1,0
4295,3,0,41,53,5,1,0,1,0
4296,3,0,41,54,5,0,0,1,0
4297,3,0,41,55,5,0,0,1,0
4298,3,0,41,56,5,0,0,1,0
4299,3,0,41,57,5,0,0,1,0
4300,3,0,41,58,5,0,0,1,0
4301,3,0,41,59,5,0,0,1,0
4302,3,0,41,60,5,0,0,1,0
4303,3,0,41,61,5,0,0,1,0
4304,3,0,41,62,5,1,0,1,0
4305,3,0,41,63,5,0,0,1,0
4306,3,0,41,64,5,0,0,1,0
4307,3,0,41,65,5,0,0,1,0
4308,3,0,41,66,5,1,0,1,0
4309,3,0,41,67,5,0,0,1,0
4310,3,0,41,68,5,0,0,1,0
4311,3,0,41,69,5,0,0,1,0
4312,3,0,41,70,5,1,0,1,0
4313,3,0,41,71,5,0,0,1,0
4314,3,0,41,72,5,0,0,1,0
4315,3,0,41,73,5,0,0,1,0
4316,3,0,41,74,5,0,0,1,0
4317,3,0,41,75,5,0,0,1,0
4318,3,0,41,76,5,0,0,1,0
4319,3,0,41,77,5,0,0,1,0
4320,3,0,41,78,5,0,0,1,0
4321,3,0,41,79,5,1,0,1,0
4322,3,0,41,80,5,1,0,1,0
4323,3,0,41,81,5,0,0,1,0
4324,3,0,41,82,5,0,0,1,0
4325,3,0,41,83,5,1,0,1,0
4326,3,0,41,84,5,0,0,1,0
4327,3,0,41,85,5,0,0,1,0
4328,3,0,41,86,5,0,0,1,0
4329,3,0,41,87,5,0,0,1,1
4330,3,0,41,88,5,0,0,1,0
4331,3,0,41,89,5,0,0,1,0
4332,3,0,41,90,5,0,0,1,0
4333,3,0,41,91,5,0,0,1,0
4334,3,0,41,92,5,1,0,1,0
4335,3,0,41,93,5,1,0,1,0
4336,3,0,41,94,5,0,0,1,0
4337,3,0,41,95,5,0,0,1,0
4338,3,0,41,96,5,1,0,1,0
4339,3,0,41,97,5,0,0,1,0
4340,3,0,41,98,5,0,0,1,0
4341,3,0,41,99,5,0,0,1,0
4342,2,0,42,99,5,0,0,2,0
4343,3,0,42,0,5,1,0,2,0
4344,3,0,42,1,5,0,0,2,0
4345,3,0,42,2,5,0,0,2,0
4346,3,0,42,3,5,0,0,2,0
4347,3,0,42,4,5,0,0,2,0
4348,3,0,42,5,5,0,0,2,0
4349,3,0,42,6,5,1,0,2,0
4350,3,0,42,7,5,0,0,2,1
4351,3,0,42,8,5,0,0,2,0
4352,3,0,42,9,5,1,0,2,0
4353,3,0,42,10,5,1,0,2,0
4354,3,0,42,11,5,0,0,2,0
4355,3,0,42,12,5,0,0,2,0
4356,3,0,42,13,5,1,0,2,0
4357,3,0,42,14,5,0,0,2,0
4358,3,0,42,15,5,0,0,2,0
4359,3,0,42,16,5,0,0,2,0
4360,3,0,42,17,5,0,0,2,0
4361,3,0,42,18,5,0,0,2,0
4362,3,0,42,19,5,1,0,2,0
4363,3,0,42,20,5,0,0,2,1
4364,3,0,42,21,5,0,0,2,0
4365,3,0,42,22,5,1,0,2,0
4366,3,0,42,23,5,1,0,2,0
4367,3,0,42,24,5,0,0,2,0
4368,3,0,42,25,5,0,0,2,0
4369,3,0,42,26,5,1,0,2,0
4370,3,0,42,27,5,0,0,2,0
4371,3,0,42,28,5,0,0,2,0
4372,3,0,42,29,5,0,0,2,0
4373,3,0,42,30,5,0,0,2,0
4374,3,0,42,31,5,0,0,2,0
4375,3,0,42,32,5,1,0,2,0
4376,3,0,42,33,5,0,0,2,1
4377,3,0,42,34,5,0,0,2,0
4378,3,0,42,35,5,0,0,2,0
4379,3,0,42,36,5,1,0,2,0
4380,3,0,42,37,5,0,0,2,0
4381,3,0,42,38,5,0,0,2,0
4382,3,0,42,39,5,1,0,2,0
4383,3,0,42,40,5,1,0,2,0
4384,3,0,42,41,5,0,0,2,0
4385,3,0,42,42,5,0,0,2,0
4386,3,0,42,43,5,0,0,2,0
4387,3,0,42,44,5,0,0,2,0
4388,3,0,42,45,5,0,0,2,0
4389,3,0,42,46,5,0,0,2,1
4390,3,0,42,47,5,0,0,2,0
4391,3,0,42,48,5,0,0,2,0
4392,3,0,42,49,5,1,0,2,0
4393,3,0,42,50,5,0,0,2,0
4394,3,0,42,51,5,0,0,2,0
4395,3,0,42,52,5,1,0,2,0
4396,3,0,42,53,5,1,0,2,0
4397,3,0,42,54,5,0,0,2,0
4398,3,0,42,55,5,0,0,2,0
4399,3,0,42,56,5,0,0,2,0
4400,3,0,42,57,5,0,0,2,0
4401,3,0,42,58,5,0,0,2,0
4402,3,0,42,59,5,0,0,2,0
4403,3,0,42,60,5,0,0,2,0
4404,3,0,42,61,5,0,0,2,0
4405,3,0,42,62,5,1,0,2,0
4406,3,0,42,63,5,0,0,2,0
4407,3,0,42,64,5,0,0,2,0
4408,3,0,42,65,5,0,0,2,0
4409,3,0,42,66,5,1,0,2,0
4410,3,0,42,67,5,0,0,2,0
4411,3,0,42,68,5,0,0,2,0
4412,3,0,42,69,5,0,0,2,0
4413,3,0,42,70,5,1,0,2,0
4414,3,0,42,71,5,0,0,2,0
4415,3,0,42,72,5,0,0,2,0
4416,3,0,42,73,5,0,0,2,0
4417,3,0,42,74,5,0,0,2,0
4418,3,0,42,75,5,0,0,2,0
4419,3,0,42,76,5,0,0,2,0
4420,3,0,42,77,5,0,0,2,0
4421,3,0,42,78,5,0,0,2,0
4422,3,0,42,79,5,1,0,2,0
4423,3,0,42,80,5,1,0,2,0
4424,3,0,42,81,5,0,0,2,0
4425,3,0,42,82,5,0,0,2,0
4426,3,0,42,83,5,1,0,2,0
4427,3,0,42,84,5,0,0,2,0
4428,3,0,42,85,5,0,0,2,0
4429,3,0,42,86,5,0,0,2,0
4430,3,0,42,87,5,0,0,2,0
4431,3,0,42,88,5,0,0,2,0
4432,3,0,42,89,5,0,0,2,0
4433,3,0,42,90,5,0,0,2,0
4434,3,0,42,91,5,0,0,2,0
4435,3,0,42,92,5,1,0,2,0
4436,3,0,42,93,5,1,0,2,0
4437,3,0,42,94,5,0,0,2,1
4438,3,0,42,95,5,0,0,2,0
4439,3,0,42,96,5,1,0,2,0
4440,3,0,42,97,5,0,0,2,0
4441,3,0,42,98,5,0,0,2,0
4442,3,0,42,99,5,0,0,2,0
4443,2,0,43,99,5,0,0,3,0
4444,3,0,43,0,5,1,0,3,0
4445,3,0,43,1,5,0,0,3,1
4446,3,0,43,2,5,0,0,3,0
4447,3,0,43,3,5,0,0,3,0
4448,3,0,43,4,5,0,0,3,0
4449,3,0,43,5,5,0,0,3,0
4450,3,0,43,6,5,1,0,3,0
4451,3,0,43,7,5,0,0,3,0
4452,3,0,43,8,5,0,0,3,0
4453,3,0,43,9,5,1,0,3,0
4454,3,0,43,10,5,1,0,3,0
4455,3,0,43,11,5,0,0,3,0
4456,3,0,43,12,5,0,0,3,0
4457,3,0,43,13,5,1,0,3,0
4458,3,0,43,14,5,0,0,3,1
4459,3,0,43,15,5,0,0,3,0
4460,3,0,43,16,5,0,0,3,0
4461,3,0,43,17,5,0,0,3,0
4462,3,0,43,18,5,0,0,3,0
4463,3,0,43,19,5,1,0,3,0
4464,3,0,43,20,5,0,0,3,0
4465,3,0,43,21,5,0,0,3,0
4466,3,0,43,22,5,1,0,3,0
4467,3,0,43,23,5,1,0,3,0
4468,3,0,43,24,5,0,0,3,0
4469,3,0,43,25,5,0,0,3,0
4470,3,0,43,26,5,1,0,3,0
4471,3,0,43,27,5,0,0,3,1
4472,3,0,43,28,5,0,0,3,0
4473,3,0,43,29,5,0,0,3,0
4474,3,0,43,30,5,0,0,3,0
4475,3,0,43,31,5,0,0,3,0
4476,3,0,43,32,5,1,0,3,0
4477,3,0,43,33,5,0,0,3,0
4478,3,0,43,34,5,0,0,3,0
4479,3,0,43,35,5,0,0,3,0
4480,3,0,43,36,5,1,0,3,0
4481,3,0,43,37,5,0,0,3,0
4482,3,0,43,38,5,0,0,3,0
4483,3,0,43,39,5,1,0,3,0
4484,3,0,43,40,5,1,0,3,1
4485,3,0,43,41,5,0,0,3,0
4486,3,0,43,42,5,0,0,3,0
4487,3,0,43,43,5,0,0,3,0
4488,3,0,43,44,5,0,0,3,0
4489,3,0,43,45,5,0,0,3,0
4490,3,0,43,46,5,0,0,3,0
4491,3,0,43,47,5,0,0,3,0
4492,3,0,43,48,5,0,0,3,0
4493,3,0,43,49,5,1,0,3,0
4494,3,0,43,50,5,0,0,3,0
4495,3,0,43,51,5,0,0,3,0
4496,3,0,43,52,5,1,0,3,0
4497,3,0,43,53,5,1,0,3,1
4498,3,0,43,54,5,0,0,3,0
4499,3,0,43,55,5,0,0,3,0
4500,3,0,43,56,5,0,0,3,0
4501,3,0,43,57,5,0,0,3,0
4502,3,0,43,58,5,0,0,3,0
4503,3,0,43,59,5,0,0,3,0
4504,3,0,43,60,5,0,0,3,0
4505,3,0,43,61,5,0,0,3,0
4506,3,0,43,62,5,1,0,3,0
4507,3,0,43,63,5,0,0,3,0
4508,3,0,43,64,5,0,0,3,0
4509,3,0,43,65,5,0,0,3,0
4510,3,0,43,66,5,1,0,3,0
4511,3,0,43,67,5,0,0,3,0
4512,3,0,43,68,5,0,0,3,0
4513,3,0,43,69,5,0,0,3,0
4514,3,0,43,70,5,1,0,3,0
4515,3,0,43,71,5,0,0,3,0
4516,3,0,43,72,5,0,0,3,0
4517,3,0,43,73,5,0,0,3,0
4518,3,0,43,74,5,0,0,3,0
4519,3,0,43,75,5,0,0,3,0
4520,3,0,43,76,5,0,0,3,0
4521,3,0,43,77,5,0,0,3,0
4522,3,0,43,78,5,0,0,3,0
4523,3,0,43,79,5,1,0,3,0
4524,3,0,43,80,5,1,0,3,0
4525,3,0,43,81,5,0,0,3,0
4526,3,0,43,82,5,0,0,3,0
4527,3,0,43,83,5,1,0,3,0
4528,3,0,43,84,5,0,0,3,0
4529,3,0,43,85,5,0,0,3,0
4530,3,0,43,86,5,0,0,3,0
4531,3,0,43,87,5,0,0,3,0
4532,3,0,43,88,5,0,0,3,0
4533,3,0,43,89,5,0,0,3,0
4534,3,0,43,90,5,0,0,3,0
4535,3,0,43,91,5,0,0,3,0
4536,3,0,43,92,5,1,0,3,0
4537,3,0,43,93,5,1,0,3,0
4538,3,0,43,94,5,0,0,3,0
4539,3,0,43,95,5,0,0,3,0
4540,3,0,43,96,5,1,0,3,0
4541,3,0,43,97,5,0,0,3,0
4542,3,0,43,98,5,0,0,3,0
4543,3,0,43,99,5,0,0,3,0
4544,2,0,44,99,5,0,0,4,0
4545,3,0,44,0,5,1,0,4,0
4546,3,0,44,1,5,0,0,4,0
4547,3,0,44,2,5,0,0,4,0
4548,3,0,44,3,5,0,0,4,0
4549,3,0,44,4,5,0,0,4,0
4550,3,0,44,5,5,0,0,4,0
4551,3,0,44,6,5,1,0,4,0
4552,3,0,44,7,5,0,0,4,0
4553,3,0,44,8,5,0,0,4,1
4554,3,0,44,9,5,1,0,4,0
4555,3,0,44,10,5,1,0,4,0
4556,3,0,44,11,5,0,0,4,0
4557,3,0,44,12,5,0,0,4,0
4558,3,0,44,13,5,1,0,4,0
4559,3,0,44,14,5,0,0,4,0
4560,3,0,44,15,5,0,0,4,0
4561,3,0,44,16,5,0,0,4,0
4562,3,0,44,17,5,0,0,4,0
4563,3,0,44,18,5,0,0,4,0
4564,3,0,44,19,5,1,0,4,0
4565,3,0,44,20,5,0,0,4,0
4566,3,0,44,21,5,0,0,4,1
4567,3,0,44,22,5,1,0,4,0
4568,3,0,44,23,5,1,0,4,0
4569,3,0,44,24,5,0,0,4,0
4570,3,0,44,25,5,0,0,4,0
4571,3,0,44,26,5,1,0,4,0
4572,3,0,44,27,5,0,0,4,0
4573,3,0,44,28,5,0,0,4,0
4574,3,0,44,29,5,0,0,4,0
4575,3,0,44,30,5,0,0,4,0
4576,3,0,44,31,5,0,0,4,0
4577,3,0,44,32,5,1,0,4,0
4578,3,0,44,33,5,0,0,4,0
4579,3,0,44,34,5,0,0,4,1
4580,3,0,44,35,5,0,0,4,0
4581,3,0,44,36,5,1,0,4,0
4582,3,0,44,37,5,0,0,4,0
4583,3,0,44,38,5,0,0,4,0
4584,3,0,44,39,5,1,0,4,0
4585,3,0,44,40,5,1,0,4,0
4586,3,0,44,41,5,0,0,4,0
4587,3,0,44,42,5,0,0,4,0
4588,3,0,44,43,5,0,0,4,0
4589,3,0,44,44,5,0,0,4,0
4590,3,0,44,45,5,0,0,4,0
4591,3,0,44,46,5,0,0,4,0
4592,3,0,44,47,5,0,0,4,1
4593,3,0,44,48,5,0,0,4,0
4594,3,0,44,49,5,1,0,4,0
4595,3,0,44,50,5,0,0,4,0
4596,3,0,44,51,5,0,0,4,0
4597,3,0,44,52,5,1,0,4,0
4598,3,0,44,53,5,1,0,4,0
4599,3,0,44,54,5,0,0,4,0
4600,3,0,44,55,5,0,0,4,0
4601,3,0,44,56,5,0,0,4,0
4602,3,0,44,57,5,0,0,4,0
4603,3,0,44,58,5,0,0,4,0
4604,3,0,44,59,5,0,0,4,0
4605,3,0,44,60,5,0,0,4,1
4606,3,0,44,61,5,0,0,4,0
4607,3,0,44,62,5,1,0,4,0
4608,3,0,44,63,5,0,0,4,0
4609,3,0,44,64,5,0,0,4,0
4610,3,0,44,65,5,0,0,4,0
4611,3,0,44,66,5,1,0,4,0
4612,3,0,44,67,5,0,0,4,0
4613,3,0,44,68,5,0,0,4,0
4614,3,0,44,69,5,0,0,4,0
4615,3,0,44,70,5,1,0,4,0
4616,3,0,44,71,5,0,0,4,0
4617,3,0,44,72,5,0,0,4,0
4618,3,0,44,73,5,0,0,4,0
4619,3,0,44,74,5,0,0,4,0
4620,3,0,44,75,5,0,0,4,0
4621,3,0,44,76,5,0,0,4,0
4622,3,0,44,77,5,0,0,4,0
4623,3,0,44,78,5,0,0,4,0
4624,3,0,44,79,5,1,0,4,0
4625,3,0,44,80,5,1,0,4,0
4626,3,0,44,81,5,0,0,4,0
4627,3,0,44,82,5,0,0,4,0
4628,3,0,44,83,5,1,0,4,0
4629,3,0,44,84,5,0,0,4,0
4630,3,0,44,85,5,0,0,4,0
4631,3,0,44,86,5,0,0,4,0
4632,3,0,44,87,5,0,0,4,0
4633,3,0,44,88,5,0,0,4,0
4634,3,0,44,89,5,0,0,4,0
4635,3,0,44,90,5,0,0,4,0
4636,3,0,44,91,5,0,0,4,0
4637,3,0,44,92,5,1,0,4,0
4638,3,0,44,93,5,1,0,4,0
4639,3,0,44,94,5,0,0,4,0
4640,3,0,44,95,5,0,0,4,0
4641,3,0,44,96,5,1,0,4,0
4642,3,0,44,97,5,0,0,4,0
4643,3,0,44,98,5,0,0,4,0
4644,3,0,44,99,5,0,0,4,0
4645,2,0,45,99,5,0,0,5,0
4646,3,0,45,0,5,1,0,5,0
4647,3,0,45,1,5,0,0,5,0
4648,3,0,45,2,5,0,0,5,0
4649,3,0,45,3,5,0,0,5,0
4650,3,0,45,4,5,0,0,5,0
4651,3,0,45,5,5,0,0,5,0
4652,3,0,45,6,5,1,0,5,0
4653,3,0,45,7,5,0,0,5,0
4654,3,0,45,8,5,0,0,5,0
4655,3,0,45,9,5,1,0,5,0
4656,3,0,45,10,5,1,0,5,0
4657,3,0,45,11,5,0,0,5,0
4658,3,0,45,12,5,0,0,5,0
4659,3,0,45,13,5,1,0,5,0
4660,3,0,45,14,5,0,0,5,0
4661,3,0,45,15,5,0,0,5,1
4662,3,0,45,16,5,0,0,5,0
4663,3,0,45,17,5,0,0,5,0
4664,3,0,45,18,5,0,0,5,0
4665,3,0,45,19,5,1,0,5,0
4666,3,0,45,20,5,0,0,5,0
4667,3,0,45,21,5,0,0,5,0
4668,3,0,45,22,5,1,0,5,0
4669,3,0,45,23,5,1,0,5,0
4670,3,0,45,24,5,0,0,5,0
4671,3,0,45,25,5,0,0,5,0
4672,3,0,45,26,5,1,0,5,0
4673,3,0,45,27,5,0,0,5,0
4674,3,0,45,28,5,0,0,5,1
4675,3,0,45,29,5,0,0,5,0
4676,3,0,45,30,5,0,0,5,0
4677,3,0,45,31,5,0,0,5,0
4678,3,0,45,32,5,1,0,5,0
4679,3,0,45,33,5,0,0,5,0
4680,3,0,45,34,5,0,0,5,0
4681,3,0,45,35,5,0,0,5,0
4682,3,0,45,36,5,1,0,5,0
4683,3,0,45,37,5,0,0,5,0
4684,3,0,45,38,5,0,0,5,0
4685,3,0,45,39,5,1,0,5,0
4686,3,0,45,40,5,1,0,5,0
4687,3,0,45,41,5,0,0,5,1
4688,3,0,45,42,5,0,0,5,0
4689,3,0,45,43,5,0,0,5,0
4690,3,0,45,44,5,0,0,5,0
4691,3,0,45,45,5,0,0,5,0
4692,3,0,45,46,5,0,0,5,0
4693,3,0,45,47,5,0,0,5,0
4694,3,0,45,48,5,0,0,5,0
4695,3,0,45,49,5,1,0,5,0
4696,3,0,45,50,5,0,0,5,0
4697,3,0,45,51,5,0,0,5,0
4698,3,0,45,52,5,1,0,5,0
4699,3,0,45,53,5,1,0,5,0
4700,3,0,45,54,5,0,0,5,1
4701,3,0,45,55,5,0,0,5,0
4702,3,0,45,56,5,0,0,5,0
4703,3,0,45,57,5,0,0,5,0
4704,3,0,45,58,5,0,0,5,0
4705,3,0,45,59,5,0,0,5,0
4706,3,0,45,60,5,0,0,5,0
4707,3,0,45,61,5,0,0,5,0
4708,3,0,45,62,5,1,0,5,0
4709,3,0,45,63,5,0,0,5,0
4710,3,0,45,64,5,0,0,5,0
4711,3,0,45,65,5,0,0,5,0
4712,3,0,45,66,5,1,0,5,0
4713,3,0,45,67,5,0,0,5,1
4714,3,0,45,68,5,0,0,5,0
4715,3,0,45,69,5,0,0,5,0
4716,3,0,45,70,5,1,0,5,0
4717,3,0,45,71,5,0,0,5,0
4718,3,0,45,72,5,0,0,5,0
4719,3,0,45,73,5,0,0,5,0
4720,3,0,45,74,5,0,0,5,0
4721,3,0,45,75,5,0,0,5,0
4722,3,0,45,76,5,0,0,5,0
4723,3,0,45,77,5,0,0,5,0
4724,3,0,45,78,5,0,0,5,0
4725,3,0,45,79,5,1,0,5,0
4726,3,0,45,80,5,1,0,5,0
4727,3,0,45,81,5,0,0,5,0
4728,3,0,45,82,5,0,0,5,0
4729,3,0,45,83,5,1,0,5,0
4730,3,0,45,84,5,0,0,5,0
4731,3,0,45,85,5,0,0,5,0
4732,3,0,45,86,5,0,0,5,0
4733,3,0,45,87,5,0,0,5,0
4734,3,0,45,88,5,0,0,5,0
4735,3,0,45,89,5,0,0,5,0
4736,3,0,45,90,5,0,0,5,0
4737,3,0,45,91,5,0,0,5,0
4738,3,0,45,92,5,1,0,5,0
4739,3,0,45,93,5,1,0,5,0
4740,3,0,45,94,5,0,0,5,0
4741,3,0,45,95,5,0,0,5,0
4742,3,0,45,96,5,1,0,5,0
4743,3,0,45,97,5,0,0,5,0
4744,3,0,45,98,5,0,0,5,0
4745,3,0,45,99,5,0,0,5,0
4746,2,0,46,99,5,0,0,6,0
4747,3,0,46,0,5,1,0,6,0
4748,3,0,46,1,5,0,0,6,0
4749,3,0,46,2,5,0,0,6,0
4750,3,0,46,3,5,0,0,6,0
4751,3,0,46,4,5,0,0,6,0
4752,3,0,46,5,5,0,0,6,0
4753,3,0,46,6,5,1,0,6,0
4754,3,0,46,7,5,0,0,6,0
4755,3,0,46,8,5,0,0,6,0
4756,3,0,46,9,5,1,0,6,0
4757,3,0,46,10,5,1,0,6,0
4758,3,0,46,11,5,0,0,6,0
4759,3,0,46,12,5,0,0,6,0
4760,3,0,46,13,5,1,0,6,0
4761,3,0,46,14,5,0,0,6,0
4762,3,0,46,15,5,0,0,6,0
4763,3,0,46,16,5,0,0,6,0
4764,3,0,46,17,5,0,0,6,0
4765,3,0,46,18,5,0,0,6,0
4766,3,0,46,19,5,1,0,6,0
4767,3,0,46,20,5,0,0,6,0
4768,3,0,46,21,5,0,0,6,0
4769,3,0,46,22,5,1,0,6,1
4770,3,0,46,23,5,1,0,6,0
4771,3,0,46,24,5,0,0,6,0
4772,3,0,46,25,5,0,0,6,0
4773,3,0,46,26,5,1,0,6,0
4774,3,0,46,27,5,0,0,6,0
4775,3,0,46,28,5,0,0,6,0
4776,3,0,46,29,5,0,0,6,0
4777,3,0,46,30,5,0,0,6,0
4778,3,0,46,31,5,0,0,6,0
4779,3,0,46,32,5,1,0,6,0
4780,3,0,46,33,5,0,0,6,0
4781,3,0,46,34,5,0,0,6,0
4782,3,0,46,35,5,0,0,6,1
4783,3,0,46,36,5,1,0,6,0
4784,3,0,46,37,5,0,0,6,0
4785,3,0,46,38,5,0,0,6,0
4786,3,0,46,39,5,1,0,6,0
4787,3,0,46,40,5,1,0,6,0
4788,3,0,46,41,5,0,0,6,0
4789,3,0,46,42,5,0,0,6,0
4790,3,0,46,43,5,0,0,6,0
4791,3,0,46,44,5,0,0,6,0
4792,3,0,46,45,5,0,0,6,0
4793,3,0,46,46,5,0,0,6,0
4794,3,0,46,47,5,0,0,6,0
4795,3,0,46,48,5,0,0,6,1
4796,3,0,46,49,5,1,0,6,0
4797,3,0,46,50,5,0,0,6,0
4798,3,0,46,51,5,0,0,6,0
4799,3,0,46,52,5,1,0,6,0
4800,3,0,46,53,5,1,0,6,0
4801,3,0,46,54,5,0,0,6,0
4802,3,0,46,55,5,0,0,6,0
4803,3,0,46,56,5,0,0,6,0
4804,3,0,46,57,5,0,0,6,0
4805,3,0,46,58,5,0,0,6,0
4806,3,0,46,59,5,0,0,6,0
4807,3,0,46,60,5,0,0,6,0
4808,3,0,46,61,5,0,0,6,1
4809,3,0,46,62,5,1,0,6,0
4810,3,0,46,63,5,0,0,6,0
4811,3,0,46,64,5,0,0,6,0
4812,3,0,46,65,5,0,0,6,0
4813,3,0,46,66,5,1,0,6,0
4814,3,0,46,67,5,0,0,6,0
4815,3,0,46,68,5,0,0,6,0
4816,3,0,46,69,5,0,0,6,0
4817,3,0,46,70,5,1,0,6,0
4818,3,0,46,71,5,0,0,6,0
4819,3,0,46,72,5,0,0,6,0
4820,3,0,46,73,5,0,0,6,0
4821,3,0,46,74,5,0,0,6,1
4822,3,0,46,75,5,0,0,6,0
4823,3,0,46,76,5,0,0,6,0
4824,3,0,46,77,5,0,0,6,0
4825,3,0,46,78,5,0,0,6,0
4826,3,0,46,79,5,1,0,6,0
4827,3,0,46,80,5,1,0,6,0
4828,3,0,46,81,5,0,0,6,0
4829,3,0,46,82,5,0,0,6,0
4830,3,0,46,83,5,1,0,6,0
4831,3,0,46,84,5,0,0,6,0
4832,3,0,46,85,5,0,0,6,0
4833,3,0,46,86,5,0,0,6,0
4834,3,0,46,87,5,0,0,6,0
4835,3,0,46,88,5,0,0,6,0
4836,3,0,46,89,5,0,0,6,0
4837,3,0,46,90,5,0,0,6,0
4838,3,0,46,91,5,0,0,6,0
4839,3,0,46,92,5,1,0,6,0
4840,3,0,46,93,5,1,0,6,0
4841,3,0,46,94,5,0,0,6,0
4842,3,0,46,95,5,0,0,6,0
4843,3,0,46,96,5,1,0,6,0
4844,3,0,46,97,5,0,0,6,0
4845,3,0,46,98,5,0,0,6,0
4846,3,0,46,99,5,0,0,6,0
4847,2,0,47,99,5,0,0,7,0
4848,3,0,47,0,5,1,0,7,0
4849,3,0,47,1,5,0,0,7,0
4850,3,0,47,2,5,0,0,7,0
4851,3,0,47,3,5,0,0,7,0
4852,3,0,47,4,5,0,0,7,0
4853,3,0,47,5,5,0,0,7,0
4854,3,0,47,6,5,1,0,7,0
4855,3,0,47,7,5,0,0,7,0
4856,3,0,47,8,5,0,0,7,0
4857,3,0,47,9,5,1,0,7,0
4858,3,0,47,10,5,1,0,7,0
4859,3,0,47,11,5,0,0,7,0
4860,3,0,47,12,5,0,0,7,0
4861,3,0,47,13,5,1,0,7,0
4862,3,0,47,14,5,0,0,7,0
4863,3,0,47,15,5,0,0,7,0
4864,3,0,47,16,5,0,0,7,0
4865,3,0,47,17,5,0,0,7,0
4866,3,0,47,18,5,0,0,7,0
4867,3,0,47,19,5,1,0,7,0
4868,3,0,47,20,5,0,0,7,0
4869,3,0,47,21,5,0,0,7,0
4870,3,0,47,22,5,1,0,7,0
4871,3,0,47,23,5,1,0,7,0
4872,3,0,47,24,5,0,0,7,0
4873,3,0,47,25,5,0,0,7,0
4874,3,0,47,26,5,1,0,7,0
4875,3,0,47,27,5,0,0,7,0
4876,3,0,47,28,5,0,0,7,0
4877,3,0,47,29,5,0,0,7,1
4878,3,0,47,30,5,0,0,7,0
4879,3,0,47,31,5,0,0,7,0
4880,3,0,47,32,5,1,0,7,0
4881,3,0,47,33,5,0,0,7,0
4882,3,0,47,34,5,0,0,7,0
4883,3,0,47,35,5,0,0,7,0
4884,3,0,47,36,5,1,0,7,0
4885,3,0,47,37,5,0,0,7,0
4886,3,0,47,38,5,0,0,7,0
4887,3,0,47,39,5,1,0,7,0
4888,3,0,47,40,5,1,0,7,0
4889,3,0,47,41,5,0,0,7,0
4890,3,0,47,42,5,0,0,7,1
4891,3,0,47,43,5,0,0,7,0
4892,3,0,47,44,5,0,0,7,0
4893,3,0,47,45,5,0,0,7,0
4894,3,0,47,46,5,0,0,7,0
4895,3,0,47,47,5,0,0,7,0
4896,3,0,47,48,5,0,0,7,0
4897,3,0,47,49,5,1,0,7,0
4898,3,0,47,50,5,0,0,7,0
4899,3,0,47,51,5,0,0,7,0
4900,3,0,47,52,5,1,0,7,0
4901,3,0,47,53,5,1,0,7,0
4902,3,0,47,54,5,0,0,7,0
4903,3,0,47,55,5,0,0,7,1
4904,3,0,47,56,5,0,0,7,0
4905,3,0,47,57,5,0,0,7,0
4906,3,0,47,58,5,0,0,7,0
4907,3,0,47,59,5,0,0,7,0
4908,3,0,47,60,5,0,0,7,0
4909,3,0,47,61,5,0,0,7,0
4910,3,0,47,62,5,1,0,7,0
4911,3,0,47,63,5,0,0,7,0
4912,3,0,47,64,5,0,0,7,0
4913,3,0,47,65,5,0,0,7,0
4914,3,0,47,66,5,1,0,7,0
4915,3,0,47,67,5,0,0,7,0
4916,3,0,47,68,5,0,0,7,1
4917,3,0,47,69,5,0,0,7,0
4918,3,0,47,70,5,1,0,7,0
4919,3,0,47,71,5,0,0,7,0
4920,3,0,47,72,5,0,0,7,0
4921,3,0,47,73,5,0,0,7,0
4922,3,0,47,74,5,0,0,7,0
4923,3,0,47,75,5,0,0,7,0
4924,3,0,47,76,5,0,0,7,0
4925,3,0,47,77,5,0,0,7,0
4926,3,0,47,78,5,0,0,7,0
4927,3,0,47,79,5,1,0,7,0
4928,3,0,47,80,5,1,0,7,0
4929,3,0,47,81,5,0,0,7,1
4930,3,0,47,82,5,0,0,7,0
4931,3,0,47,83,5,1,0,7,0
4932,3,0,47,84,5,0,0,7,0
4933,3,0,47,85,5,0,0,7,0
4934,3,0,47,86,5,0,0,7,0
4935,3,0,47,87,5,0,0,7,0
4936,3,0,47,88,5,0,0,7,0
4937,3,0,47,89,5,0,0,7,0
4938,3,0,47,90,5,0,0,7,0
4939,3,0,47,91,5,0,0,7,0
4940,3,0,47,92,5,1,0,7,0
4941,3,0,47,93,5,1,0,7,0
4942,3,0,47,94,5,0,0,7,0
4943,3,0,47,95,5,0,0,7,0
4944,3,0,47,96,5,1,0,7,0
4945,3,0,47,97,5,0,0,7,0
4946,3,0,47,98,5,0,0,7,0
4947,3,0,47,99,5,0,0,7,0
4948,2,0,48,99,5,0,0,8,0
4949,3,0,48,0,5,1,0,8,0
4950,3,0,48,1,5,0,0,8,0
4951,3,0,48,2,5,0,0,8,0
4952,3,0,48,3,5,0,0,8,0
4953,3,0,48,4,5,0,0,8,0
4954,3,0,48,5,5,0,0,8,0
4955,3,0,48,6,5,1,0,8,0
4956,3,0,48,7,5,0,0,8,0
4957,3,0,48,8,5,0,0,8,0
4958,3,0,48,9,5,1,0,8,0
4959,3,0,48,10,5,1,0,8,0
4960,3,0,48,11,5,0,0,8,0
4961,3,0,48,12,5,0,0,8,0
4962,3,0,48,13,5,1,0,8,0
4963,3,0,48,14,5,0,0,8,0
4964,3,0,48,15,5,0,0,8,0
4965,3,0,48,16,5,0,0,8,0
4966,3,0,48,17,5,0,0,8,0
4967,3,0,48,18,5,0,0,8,0
4968,3,0,48,19,5,1,0,8,0
4969,3,0,48,20,5,0,0,8,0
4970,3,0,48,21,5,0,0,8,0
4971,3,0,48,22,5,1,0,8,0
4972,3,0,48,23,5,1,0,8,0
4973,3,0,48,24,5,0,0,8,0
4974,3,0,48,25,5,0,0,8,0
4975,3,0,48,26,5,1,0,8,0
4976,3,0,48,27,5,0,0,8,0
4977,3,0,48,28,5,0,0,8,0
4978,3,0,48,29,5,0,0,8,0
4979,3,0,48,30,5,0,0,8,0
4980,3,0,48,31,5,0,0,8,0
4981,3,0,48,32,5,1,0,8,0
4982,3,0,48,33,5,0,0,8,0
4983,3,0,48,34,5,0,0,8,0
4984,3,0,48,35,5,0,0,8,0
4985,3,0,48,36,5,1,0,8,1
4986,3,0,48,37,5,0,0,8,0
4987,3,0,48,38,5,0,0,8,0
4988,3,0,48,39,5,1,0,8,0
4989,3,0,48,40,5,1,0,8,0
4990,3,0,48,41,5,0,0,8,0
4991,3,0,48,42,5,0,0,8,0
4992,3,0,48,43,5,0,0,8,0
4993,3,0,48,44,5,0,0,8,0
4994,3,0,48,45,5,0,0,8,0
4995,3,0,48,46,5,0,0,8,0
4996,3,0,48,47,5,0,0,8,0
4997,3,0,48,48,5,0,0,8,0
4998,3,0,48,49,5,1,0,8,1
4999,3,0,48,50,5,0,0,8,0
5000,3,0,48,51,5,0,0,8,0
5001,3,0,48,52,5,1,0,8,0
5002,3,0,48,53,5,1,0,8,0
5003,3,0,48,54,5,0,0,8,0
5004,3,0,48,55,5,0,0,8,0
5005,3,0,48,56,5,0,0,8,0
5006,3,0,48,57,5,0,0,8,0
5007,3,0,48,58,5,0,0,8,0
5008,3,0,48,59,5,0,0,8,0
5009,3,0,48,60,5,0,0,8,0
5010,3,0,48,61,5,0,0,8,0
5011,3,0,48,62,5,1,0,8,1
5012,3,0,48,63,5,0,0,8,0
5013,3,0,48,64,5,0,0,8,0
5014,3,0,48,65,5,0,0,8,0
5015,3,0,48,66,5,1,0,8,0
5016,3,0,48,67,5,0,0,8,0
5017,3,0,48,68,5,0,0,8,0
5018,3,0,48,69,5,0,0,8,0
5019,3,0,48,70,5,1,0,8,0
5020,3,0,48,71,5,0,0,8,0
5021,3,0,48,72,5,0,0,8,0
5022,3,0,48,73,5,0,0,8,0
5023,3,0,48,74,5,0,0,8,0
5024,3,0,48,75,5,0,0,8,1
5025,3,0,48,76,5,0,0,8,0
5026,3,0,48,77,5,0,0,8,0
5027,3,0,48,78,5,0,0,8,0
5028,3,0,48,79,5,1,0,8,0
5029,3,0,48,80,5,1,0,8,0
5030,3,0,48,81,5,0,0,8,0
5031,3,0,48,82,5,0,0,8,0
5032,3,0,48,83,5,1,0,8,0
5033,3,0,48,84,5,0,0,8,0
5034,3,0,48,85,5,0,0,8,0
5035,3,0,48,86,5,0,0,8,0
5036,3,0,48,87,5,0,0,8,0
5037,3,0,48,88,5,0,0,8,1
5038,3,0,48,89,5,0,0,8,0
5039,3,0,48,90,5,0,0,8,0
5040,3,0,48,91,5,0,0,8,0
5041,3,0,48,92,5,1,0,8,0
5042,3,0,48,93,5,1,0,8,0
5043,3,0,48,94,5,0,0,8,0
5044,3,0,48,95,5,0,0,8,0
5045,3,0,48,96,5,1,0,8,0
5046,3,0,48,97,5,0,0,8,0
5047,3,0,48,98,5,0,0,8,0
5048,3,0,48,99,5,0,0,8,0
5049,2,0,49,99,5,0,0,9,0
5050,3,0,49,0,5,1,0,9,0
5051,3,0,49,1,5,0,0,9,0
5052,3,0,49,2,5,0,0,9,0
5053,3,0,49,3,5,0,0,9,0
5054,3,0,49,4,5,0,0,9,0
5055,3,0,49,5,5,0,0,9,0
5056,3,0,49,6,5,1,0,9,0
5057,3,0,49,7,5,0,0,9,0
5058,3,0,49,8,5,0,0,9,0
5059,3,0,49,9,5,1,0,9,0
5060,3,0,49,10,5,1,0,9,0
5061,3,0,49,11,5,0,0,9,0
5062,3,0,49,12,5,0,0,9,0
5063,3,0,49,13,5,1,0,9,0
5064,3,0,49,14,5,0,0,9,0
5065,3,0,49,15,5,0,0,9,0
5066,3,0,49,16,5,0,0,9,0
5067,3,0,49,17,5,0,0,9,0
5068,3,0,49,18,5,0,0,9,0
5069,3,0,49,19,5,1,0,9,0
5070,3,0,49,20,5,0,0,9,0
5071,3,0,49,21,5,0,0,9,0
5072,3,0,49,22,5,1,0,9,0
5073,3,0,49,23,5,1,0,9,0
5074,3,0,49,24,5,0,0,9,0
5075,3,0,49,25,5,0,0,9,0
5076,3,0,49,26,5,1,0,9,0
5077,3,0,49,27,5,0,0,9,0
5078,3,0,49,28,5,0,0,9,0
5079,3,0,49,29,5,0,0,9,0
5080,3,0,49,30,5,0,0,9,0
5081,3,0,49,31,5,0,0,9,0
5082,3,0,49,32,5,1,0,9,0
5083,3,0,49,33,5,0,0,9,0
5084,3,0,49,34,5,0,0,9,0
5085,3,0,49,35,5,0,0,9,0
5086,3,0,49,36,5,1,0,9,0
5087,3,0,49,37,5,0,0,9,0
5088,3,0,49,38,5,0,0,9,0
5089,3,0,49,39,5,1,0,9,0
5090,3,0,49,40,5,1,0,9,0
5091,3,0,49,41,5,0,0,9,0
5092,3,0,49,42,5,0,0,9,0
5093,3,0,49,43,5,0,0,9,1
5094,3,0,49,44,5,0,0,9,0
5095,3,0,49,45,5,0,0,9,0
5096,3,0,49,46,5,0,0,9,0
5097,3,0,49,47,5,0,0,9,0
5098,3,0,49,48,5,0,0,9,0
5099,3,0,49,49,5,1,0,9,0
5100,3,0,49,50,5,0,0,9,0
5101,3,0,49,51,5,0,0,9,0
5102,3,0,49,52,5,1,0,9,0
5103,3,0,49,53,5,1,0,9,0
5104,3,0,49,54,5,0,0,9,0
5105,3,0,49,55,5,0,0,9,0
5106,3,0,49,56,5,0,0,9,1
5107,3,0,49,57,5,0,0,9,0
5108,3,0,49,58,5,0,0,9,0
5109,3,0,49,59,5,0,0,9,0
5110,3,0,49,60,5,0,0,9,0
5111,3,0,49,61,5,0,0,9,0
5112,3,0,49,62,5,1,0,9,0
5113,3,0,49,63,5,0,0,9,0
5114,3,0,49,64,5,0,0,9,0
5115,3,0,49,65,5,0,0,9,0
5116,3,0,49,66,5,1,0,9,0
5117,3,0,49,67,5,0,0,9,0
5118,3,0,49,68,5,0,0,9,0
5119,3,0,49,69,5,0,0,9,1
5120,3,0,49,70,5,1,0,9,0
5121,3,0,49,71,5,0,0,9,0
5122,3,0,49,72,5,0,0,9,0
5123,3,0,49,73,5,0,0,9,0
5124,3,0,49,74,5,0,0,9,0
5125,3,0,49,75,5,0,0,9,0
5126,3,0,49,76,5,0,0,9,0
5127,3,0,49,77,5,0,0,9,0
5128,3,0,49,78,5,0,0,9,0
5129,3,0,49,79,5,1,0,9,0
5130,3,0,49,80,5,1,0,9,0
5131,3,0,49,81,5,0,0,9,0
5132,3,0,49,82,5,0,0,9,1
5133,3,0,49,83,5,1,0,9,0
5134,3,0,49,84,5,0,0,9,0
5135,3,0,49,85,5,0,0,9,0
5136,3,0,49,86,5,0,0,9,0
5137,3,0,49,87,5,0,0,9,0
5138,3,0,49,88,5,0,0,9,0
5139,3,0,49,89,5,0,0,9,0
5140,3,0,49,90,5,0,0,9,0
5141,3,0,49,91,5,0,0,9,0
5142,3,0,49,92,5,1,0,9,0
5143,3,0,49,93,5,1,0,9,0
5144,3,0,49,94,5,0,0,9,0
5145,3,0,49,95,5,0,0,9,1
5146,3,0,49,96,5,1,0,9,0
5147,3,0,49,97,5,0,0,9,0
5148,3,0,49,98,5,0,0,9,0
5149,3,0,49,99,5,0,0,9,0
5150,2,0,50,99,5,0,0,0,0
5151,3,0,50,0,5,1,1,0,0
5152,3,0,50,1,5,0,1,0,0
5153,3,0,50,2,5,0,1,0,1
5154,3,0,50,3,5,0,1,0,0
5155,3,0,50,4,5,0,1,0,0
5156,3,0,50,5,5,0,1,0,0
5157,3,0,50,6,5,1,1,0,0
5158,3,0,50,7,5,0,1,0,0
5159,3,0,50,8,5,0,1,0,0
5160,3,0,50,9,5,1,1,0,0
5161,3,0,50,10,5,1,1,0,0
5162,3,0,50,11,5,0,1,0,0
5163,3,0,50,12,5,0,1,0,0
5164,3,0,50,13,5,1,1,0,0
5165,3,0,50,14,5,0,1,0,0
5166,3,0,50,15,5,0,1,0,0
5167,3,0,50,16,5,0,1,0,0
5168,3,0,50,17,5,0,1,0,0
5169,3,0,50,18,5,0,1,0,0
5170,3,0,50,19,5,1,1,0,0
5171,3,0,50,20,5,0,1,0,0
5172,3,0,50,21,5,0,1,0,0
5173,3,0,50,22,5,1,1,0,0
5174,3,0,50,23,5,1,1,0,0
5175,3,0,50,24,5,0,1,0,0
5176,3,0,50,25,5,0,1,0,0
5177,3,0,50,26,5,1,1,0,0
5178,3,0,50,27,5,0,1,0,0
5179,3,0,50,28,5,0,1,0,0
5180,3,0,50,29,5,0,1,0,0
5181,3,0,50,30,5,0,1,0,0
5182,3,0,50,31,5,0,1,0,0
5183,3,0,50,32,5,1,1,0,0
5184,3,0,50,33,5,0,1,0,0
5185,3,0,50,34,5,0,1,0,0
5186,3,0,50,35,5,0,1,0,0
5187,3,0,50,36,5,1,1,0,0
5188,3,0,50,37,5,0,1,0,0
5189,3,0,50,38,5,0,1,0,0
5190,3,0,50,39,5,1,1,0,0
5191,3,0,50,40,5,1,1,0,0
5192,3,0,50,41,5,0,1,0,0
5193,3,0,50,42,5,0,1,0,0
5194,3,0,50,43,5,0,1,0,0
5195,3,0,50,44,5,0,1,0,0
5196,3,0,50,45,5,0,1,0,0
5197,3,0,50,46,5,0,1,0,0
5198,3,0,50,47,5,0,1,0,0
5199,3,0,50,48,5,0,1,0,0
5200,3,0,50,49,5,1,1,0,0
5201,3,0,50,50,5,0,1,0,1
5202,3,0,50,51,5,0,1,0,0
5203,3,0,50,52,5,1,1,0,0
5204,3,0,50,53,5,1,1,0,0
5205,3,0,50,54,5,0,1,0,0
5206,3,0,50,55,5,0,1,0,0
5207,3,0,50,56,5,0,1,0,0
5208,3,0,50,57,5,0,1,0,0
5209,3,0,50,58,5,0,1,0,0
5210,3,0,50,59,5,0,1,0,0
5211,3,0,50,60,5,0,1,0,0
5212,3,0,50,61,5,0,1,0,0
5213,3,0,50,62,5,1,1,0,0
5214,3,0,50,63,5,0,1,0,1
5215,3,0,50,64,5,0,1,0,0
5216,3,0,50,65,5,0,1,0,0
5217,3,0,50,66,5,1,1,0,0
5218,3,0,50,67,5,0,1,0,0
5219,3,0,50,68,5,0,1,0,0
5220,3,0,50,69,5,0,1,0,0
5221,3,0,50,70,5,1,1,0,0
5222,3,0,50,71,5,0,1,0,0
5223,3,0,50,72,5,0,1,0,0
5224,3,0,50,73,5,0,1,0,0
5225,3,0,50,74,5,0,1,0,0
5226,3,0,50,75,5,0,1,0,0
5227,3,0,50,76,5,0,1,0,1
5228,3,0,50,77,5,0,1,0,0
5229,3,0,50,78,5,0,1,0,0
5230,3,0,50,79,5,1,1,0,0
5231,3,0,50,80,5,1,1,0,0
5232,3,0,50,81,5,0,1,0,0
5233,3,0,50,82,5,0,1,0,0
5234,3,0,50,83,5,1,1,0,0
5235,3,0,50,84,5,0,1,0,0
5236,3,0,50,85,5,0,1,0,0
5237,3,0,50,86,5,0,1,0,0
5238,3,0,50,87,5,0,1,0,0
5239,3,0,50,88,5,0,1,0,0
5240,3,0,50,89,5,0,1,0,1
5241,3,0,50,90,5,0,1,0,0
5242,3,0,50,91,5,0,1,0,0
5243,3,0,50,92,5,1,1,0,0
5244,3,0,50,93,5,1,1,0,0
5245,3,0,50,94,5,0,1,0,0
5246,3,0,50,95,5,0,1,0,0
5247,3,0,50,96,5,1,1,0,0
5248,3,0,50,97,5,0,1,0,0
5249,3,0,50,98,5,0,1,0,0
5250,3,0,50,99,5,0,1,0,0
5251,2,0,51,99,6,0,1,1,0
5252,3,0,51,0,6,1,0,1,0
5253,3,0,51,1,6,0,0,1,0
5254,3,0,51,2,6,1,0,1,0
5255,3,0,51,3,6,0,0,1,0
5256,3,0,51,4,6,0,0,1,0
5257,3,0,51,5,6,0,0,1,0
5258,3,0,51,6,6,1,0,1,0
5259,3,0,51,7,6,0,0,1,0
5260,3,0,51,8,6,0,0,1,0
5261,3,0,51,9,6,1,0,1,1
5262,3,0,51,10,6,1,0,1,0
5263,3,0,51,11,6,0,0,1,0
5264,3,0,51,12,6,0,0,1,0
5265,3,0,51,13,6,1,0,1,0
5266,3,0,51,14,6,0,0,1,0
5267,3,0,51,15,6,0,0,1,0
5268,3,0,51,16,6,0,0,1,0
5269,3,0,51,17,6,0,0,1,0
5270,3,0,51,18,6,0,0,1,0
5271,3,0,51,19,6,1,0,1,0
5272,3,0,51,20,6,0,0,1,0
5273,3,0,51,21,6,0,0,1,0
5274,3,0,51,22,6,1,0,1,0
5275,3,0,51,23,6,1,0,1,0
5276,3,0,51,24,6,0,0,1,0
5277,3,0,51,25,6,0,0,1,0
5278,3,0,51,26,6,1,0,1,0
5279,3,0,51,27,6,0,0,1,0
5280,3,0,51,28,6,0,0,1,0
5281,3,0,51,29,6,0,0,1,0
5282,3,0,51,30,6,0,0,1,0
5283,3,0,51,31,6,0,0,1,0
5284,3,0,51,32,6,1,0,1,0
5285,3,0,51,33,6,0,0,1,0
5286,3,0,51,34,6,0,0,1,0
5287,3,0,51,35,6,0,0,1,0
5288,3,0,51,36,6,1,0,1,0
5289,3,0,51,37,6,0,0,1,0
5290,3,0,51,38,6,0,0,1,0
5291,3,0,51,39,6,1,0,1,0
5292,3,0,51,40,6,1,0,1,0
5293,3,0,51,41,6,0,0,1,0
5294,3,0,51,42,6,0,0,1,0
5295,3,0,51,43,6,0,0,1,0
5296,3,0,51,44,6,0,0,1,0
5297,3,0,51,45,6,0,0,1,0
5298,3,0,51,46,6,0,0,1,0
5299,3,0,51,47,6,0,0,1,0
5300,3,0,51,48,6,0,0,1,0
5301,3,0,51,49,6,1,0,1,0
5302,3,0,51,50,6,1,0,1,0
5303,3,0,51,51,6,0,0,1,0
5304,3,0,51,52,6,1,0,1,0
5305,3,0,51,53,6,1,0,1,0
5306,3,0,51,54,6,0,0,1,0
5307,3,0,51,55,6,0,0,1,0
5308,3,0,51,56,6,0,0,1,0
5309,3,0,51,57,6,0,0,1,1
5310,3,0,51,58,6,0,0,1,0
5311,3,0,51,59,6,0,0,1,0
5312,3,0,51,60,6,0,0,1,0
5313,3,0,51,61,6,0,0,1,0
5314,3,0,51,62,6,1,0,1,0
5315,3,0,51,63,6,1,0,1,0
5316,3,0,51,64,6,0,0,1,0
5317,3,0,51,65,6,0,0,1,0
5318,3,0,51,66,6,1,0,1,0
5319,3,0,51,67,6,0,0,1,0
5320,3,0,51,68,6,0,0,1,0
5321,3,0,51,69,6,0,0,1,0
5322,3,0,51,70,6,1,0,1,1
5323,3,0,51,71,6,0,0,1,0
5324,3,0,51,72,6,0,0,1,0
5325,3,0,51,73,6,0,0,1,0
5326,3,0,51,74,6,0,0,1,0
5327,3,0,51,75,6,0,0,1,0
5328,3,0,51,76,6,1,0,1,0
5329,3,0,51,77,6,0,0,1,0
5330,3,0,51,78,6,0,0,1,0
5331,3,0,51,79,6,1,0,1,0
5332,3,0,51,80,6,1,0,1,0
5333,3,0,51,81,6,0,0,1,0
5334,3,0,51,82,6,0,0,1,0
5335,3,0,51,83,6,1,0,1,1
5336,3,0,51,84,6,0,0,1,0
5337,3,0,51,85,6,0,0,1,0
5338,3,0,51,86,6,0,0,1,0
5339,3,0,51,87,6,0,0,1,0
5340,3,0,51,88,6,0,0,1,0
5341,3,0,51,89,6,1,0,1,0
5342,3,0,51,90,6,0,0,1,0
5343,3,0,51,91,6,0,0,1,0
5344,3,0,51,92,6,1,0,1,0
5345,3,0,51,93,6,1,0,1,0
5346,3,0,51,94,6,0,0,1,0
5347,3,0,51,95,6,0,0,1,0
5348,3,0,51,96,6,1,0,1,1
5349,3,0,51,97,6,0,0,1,0
5350,3,0,51,98,6,0,0,1,0
5351,3,0,51,99,6,0,0,1,0
5352,2,0,52,99,6,0,0,2,0
5353,3,0,52,0,6,1,0,2,0
5354,3,0,52,1,6,0,0,2,0
5355,3,0,52,2,6,1,0,2,0
5356,3,0,52,3,6,0,0,2,1
5357,3,0,52,4,6,0,0,2,0
5358,3,0,52,5,6,0,0,2,0
5359,3,0,52,6,6,1,0,2,0
5360,3,0,52,7,6,0,0,2,0
5361,3,0,52,8,6,0,0,2,0
5362,3,0,52,9,6,1,0,2,0
5363,3,0,52,10,6,1,0,2,0
5364,3,0,52,11,6,0,0,2,0
5365,3,0,52,12,6,0,0,2,0
5366,3,0,52,13,6,1,0,2,0
5367,3,0,52,14,6,0,0,2,0
5368,3,0,52,15,6,0,0,2,0
5369,3,0,52,16,6,0,0,2,1
5370,3,0,52,17,6,0,0,2,0
5371,3,0,52,18,6,0,0,2,0
5372,3,0,52,19,6,1,0,2,0
5373,3,0,52,20,6,0,0,2,0
5374,3,0,52,21,6,0,0,2,0
5375,3,0,52,22,6,1,0,2,0
5376,3,0,52,23,6,1,0,2,0
5377,3,0,52,24,6,0,0,2,0
5378,3,0,52,25,6,0,0,2,0
5379,3,0,52,26,6,1,0,2,0
5380,3,0,52,27,6,0,0,2,0
5381,3,0,52,28,6,0,0,2,0
5382,3,0,52,29,6,0,0,2,0
5383,3,0,52,30,6,0,0,2,0
5384,3,0,52,31,6,0,0,2,0
5385,3,0,52,32,6,1,0,2,0
5386,3,0,52,33,6,0,0,2,0
5387,3,0,52,34,6,0,0,2,0
5388,3,0,52,35,6,0,0,2,0
5389,3,0,52,36,6,1,0,2,0
5390,3,0,52,37,6,0,0,2,0
5391,3,0,52,38,6,0,0,2,0
5392,3,0,52,39,6,1,0,2,0
5393,3,0,52,40,6,1,0,2,0
5394,3,0,52,41,6,0,0,2,0
5395,3,0,52,42,6,0,0,2,0
5396,3,0,52,43,6,0,0,2,0
5397,3,0,52,44,6,0,0,2,0
5398,3,0,52,45,6,0,0,2,0
5399,3,0,52,46,6,0,0,2,0
5400,3,0,52,47,6,0,0,2,0
5401,3,0,52,48,6,0,0,2,0
5402,3,0,52,49,6,1,0,2,0
5403,3,0,52,50,6,1,0,2,0
5404,3,0,52,51,6,0,0,2,0
5405,3,0,52,52,6,1,0,2,0
5406,3,0,52,53,6,1,0,2,0
5407,3,0,52,54,6,0,0,2,0
5408,3,0,52,55,6,0,0,2,0
5409,3,0,52,56,6,0,0,2,0
5410,3,0,52,57,6,0,0,2,0
5411,3,0,52,58,6,0,0,2,0
5412,3,0,52,59,6,0,0,2,0
5413,3,0,52,60,6,0,0,2,0
5414,3,0,52,61,6,0,0,2,0
5415,3,0,52,62,6,1,0,2,0
5416,3,0,52,63,6,1,0,2,0
5417,3,0,52,64,6,0,0,2,1
5418,3,0,52,65,6,0,0,2,0
5419,3,0,52,66,6,1,0,2,0
5420,3,0,52,67,6,0,0,2,0
5421,3,0,52,68,6,0,0,2,0
5422,3,0,52,69,6,0,0,2,0
5423,3,0,52,70,6,1,0,2,0
5424,3,0,52,71,6,0,0,2,0
5425,3,0,52,72,6,0,0,2,0
5426,3,0,52,73,6,0,0,2,0
5427,3,0,52,74,6,0,0,2,0
5428,3,0,52,75,6,0,0,2,0
5429,3,0,52,76,6,1,0,2,0
5430,3,0,52,77,6,0,0,2,1
5431,3,0,52,78,6,0,0,2,0
5432,3,0,52,79,6,1,0,2,0
5433,3,0,52,80,6,1,0,2,0
5434,3,0,52,81,6,0,0,2,0
5435,3,0,52,82,6,0,0,2,0
5436,3,0,52,83,6,1,0,2,0
5437,3,0,52,84,6,0,0,2,0
5438,3,0,52,85,6,0,0,2,0
5439,3,0,52,86,6,0,0,2,0
5440,3,0,52,87,6,0,0,2,0
5441,3,0,52,88,6,0,0,2,0
5442,3,0,52,89,6,1,0,2,0
5443,3,0,52,90,6,0,0,2,1
5444,3,0,52,91,6,0,0,2,0
5445,3,0,52,92,6,1,0,2,0
5446,3,0,52,93,6,1,0,2,0
5447,3,0,52,94,6,0,0,2,0
5448,3,0,52,95,6,0,0,2,0
5449,3,0,52,96,6,1,0,2,0
5450,3,0,52,97,6,0,0,2,0
5451,3,0,52,98,6,0,0,2,0
5452,3,0,52,99,6,0,0,2,0
5453,2,0,53,99,6,0,0,3,0
5454,3,0,53,0,6,1,0,3,0
5455,3,0,53,1,6,0,0,3,0
5456,3,0,53,2,6,1,0,3,0
5457,3,0,53,3,6,0,0,3,0
5458,3,0,53,4,6,0,0,3,0
5459,3,0,53,5,6,0,0,3,0
5460,3,0,53,6,6,1,0,3,0
5461,3,0,53,7,6,0,0,3,0
5462,3,0,53,8,6,0,0,3,0
5463,3,0,53,9,6,1,0,3,0
5464,3,0,53,10,6,1,0,3,1
5465,3,0,53,11,6,0,0,3,0
5466,3,0,53,12,6,0,0,3,0
5467,3,0,53,13,6,1,0,3,0
5468,3,0,53,14,6,0,0,3,0
5469,3,0,53,15,6,0,0,3,0
5470,3,0,53,16,6,0,0,3,0
5471,3,0,53,17,6,0,0,3,0
5472,3,0,53,18,6,0,0,3,0
5473,3,0,53,19,6,1,0,3,0
5474,3,0,53,20,6,0,0,3,0
5475,3,0,53,21,6,0,0,3,0
5476,3,0,53,22,6,1,0,3,0
5477,3,0,53,23,6,1,0,3,1
5478,3,0,53,24,6,0,0,3,0
5479,3,0,53,25,6,0,0,3,0
5480,3,0,53,26,6,1,0,3,0
5481,3,0,53,27,6,0,0,3,0
5482,3,0,53,28,6,0,0,3,0
5483,3,0,53,29,6,0,0,3,0
5484,3,0,53,30,6,0,0,3,0
5485,3,0,53,31,6,0,0,3,0
5486,3,0,53,32,6,1,0,3,0
5487,3,0,53,33,6,0,0,3,0
5488,3,0,53,34,6,0,0,3,0
5489,3,0,53,35,6,0,0,3,0
5490,3,0,53,36,6,1,0,3,0
5491,3,0,53,37,6,0,0,3,0
5492,3,0,53,38,6,0,0,3,0
5493,3,0,53,39,6,1,0,3,0
5494,3,0,53,40,6,1,0,3,0
5495,3,0,53,41,6,0,0,3,0
5496,3,0,53,42,6,0,0,3,0
5497,3,0,53,43,6,0,0,3,0
5498,3,0,53,44,6,0,0,3,0
5499,3,0,53,45,6,0,0,3,0
5500,3,0,53,46,6,0,0,3,0
5501,3,0,53,47,6,0,0,3,0
5502,3,0,53,48,6,0,0,3,0
5503,3,0,53,49,6,1,0,3,0
5504,3,0,53,50,6,1,0,3,0
5505,3,0,53,51,6,0,0,3,0
5506,3,0,53,52,6,1,0,3,0
5507,3,0,53,53,6,1,0,3,0
5508,3,0,53,54,6,0,0,3,0
5509,3,0,53,55,6,0,0,3,0
5510,3,0,53,56,6,0,0,3,0
5511,3,0,53,57,6,0,0,3,0
5512,3,0,53,58,6,0,0,3,0
5513,3,0,53,59,6,0,0,3,0
5514,3,0,53,60,6,0,0,3,0
5515,3,0,53,61,6,0,0,3,0
5516,3,0,53,62,6,1,0,3,0
5517,3,0,53,63,6,1,0,3,0
5518,3,0,53,64,6,0,0,3,0
5519,3,0,53,65,6,0,0,3,0
5520,3,0,53,66,6,1,0,3,0
5521,3,0,53,67,6,0,0,3,0
5522,3,0,53,68,6,0,0,3,0
5523,3,0,53,69,6,0,0,3,0
5524,3,0,53,70,6,1,0,3,0
5525,3,0,53,71,6,0,0,3,1
5526,3,0,53,72,6,0,0,3,0
5527,3,0,53,73,6,0,0,3,0
5528,3,0,53,74,6,0,0,3,0
5529,3,0,53,75,6,0,0,3,0
5530,3,0,53,76,6,1,0,3,0
5531,3,0,53,77,6,0,0,3,0
5532,3,0,53,78,6,0,0,3,0
5533,3,0,53,79,6,1,0,3,0
5534,3,0,53,80,6,1,0,3,0
5535,3,0,53,81,6,0,0,3,0
5536,3,0,53,82,6,0,0,3,0
5537,3,0,53,83,6,1,0,3,0
5538,3,0,53,84,6,0,0,3,1
5539,3,0,53,85,6,0,0,3,0
5540,3,0,53,86,6,0,0,3,0
5541,3,0,53,87,6,0,0,3,0
5542,3,0,53,88,6,0,0,3,0
5543,3,0,53,89,6,1,0,3,0
5544,3,0,53,90,6,0,0,3,0
5545,3,0,53,91,6,0,0,3,0
5546,3,0,53,92,6,1,0,3,0
5547,3,0,53,93,6,1,0,3,0
5548,3,0,53,94,6,0,0,3,0
5549,3,0,53,95,6,0,0,3,0
5550,3,0,53,96,6,1,0,3,0
5551,3,0,53,97,6,0,0,3,1
5552,3,0,53,98,6,0,0,3,0
5553,3,0,53,99,6,0,0,3,0
5554,2,0,54,99,6,0,0,4,0
5555,3,0,54,0,6,1,0,4,0
5556,3,0,54,1,6,0,0,4,0
5557,3,0,54,2,6,1,0,4,0
5558,3,0,54,3,6,0,0,4,0
5559,3,0,54,4,6,0,0,4,1
5560,3,0,54,5,6,0,0,4,0
5561,3,0,54,6,6,1,0,4,0
5562,3,0,54,7,6,0,0,4,0
5563,3,0,54,8,6,0,0,4,0
5564,3,0,54,9,6,1,0,4,0
5565,3,0,54,10,6,1,0,4,0
5566,3,0,54,11,6,0,0,4,0
5567,3,0,54,12,6,0,0,4,0
5568,3,0,54,13,6,1,0,4,0
5569,3,0,54,14,6,0,0,4,0
5570,3,0,54,15,6,0,0,4,0
5571,3,0,54,16,6,0,0,4,0
5572,3,0,54,17,6,0,0,4,1
5573,3,0,54,18,6,0,0,4,0
5574,3,0,54,19,6,1,0,4,0
5575,3,0,54,20,6,0,0,4,0
5576,3,0,54,21,6,0,0,4,0
5577,3,0,54,22,6,1,0,4,0
5578,3,0,54,23,6,1,0,4,0
5579,3,0,54,24,6,0,0,4,0
5580,3,0,54,25,6,0,0,4,0
5581,3,0,54,26,6,1,0,4,0
5582,3,0,54,27,6,0,0,4,0
5583,3,0,54,28,6,0,0,4,0
5584,3,0,54,29,6,0,0,4,0
5585,3,0,54,30,6,0,0,4,1
5586,3,0,54,31,6,0,0,4,0
5587,3,0,54,32,6,1,0,4,0
5588,3,0,54,33,6,0,0,4,0
5589,3,0,54,34,6,0,0,4,0
5590,3,0,54,35,6,0,0,4,0
5591,3,0,54,36,6,1,0,4,0
5592,3,0,54,37,6,0,0,4,0
5593,3,0,54,38,6,0,0,4,0
5594,3,0,54,39,6,1,0,4,0
5595,3,0,54,40,6,1,0,4,0
5596,3,0,54,41,6,0,0,4,0
5597,3,0,54,42,6,0,0,4,0
5598,3,0,54,43,6,0,0,4,0
5599,3,0,54,44,6,0,0,4,0
5600,3,0,54,45,6,0,0,4,0
5601,3,0,54,46,6,0,0,4,0
5602,3,0,54,47,6,0,0,4,0
5603,3,0,54,48,6,0,0,4,0
5604,3,0,54,49,6,1,0,4,0
5605,3,0,54,50,6,1,0,4,0
5606,3,0,54,51,6,0,0,4,0
5607,3,0,54,52,6,1,0,4,0
5608,3,0,54,53,6,1,0,4,0
5609,3,0,54,54,6,0,0,4,0
5610,3,0,54,55,6,0,0,4,0
5611,3,0,54,56,6,0,0,4,0
5612,3,0,54,57,6,0,0,4,0
5613,3,0,54,58,6,0,0,4,0
5614,3,0,54,59,6,0,0,4,0
5615,3,0,54,60,6,0,0,4,0
5616,3,0,54,61,6,0,0,4,0
5617,3,0,54,62,6,1,0,4,0
5618,3,0,54,63,6,1,0,4,0
5619,3,0,54,64,6,0,0,4,0
5620,3,0,54,65,6,0,0,4,0
5621,3,0,54,66,6,1,0,4,0
5622,3,0,54,67,6,0,0,4,0
5623,3,0,54,68,6,0,0,4,0
5624,3,0,54,69,6,0,0,4,0
5625,3,0,54,70,6,1,0,4,0
5626,3,0,54,71,6,0,0,4,0
5627,3,0,54,72,6,0,0,4,0
5628,3,0,54,73,6,0,0,4,0
5629,3,0,54,74,6,0,0,4,0
5630,3,0,54,75,6,0,0,4,0
5631,3,0,54,76,6,1,0,4,0
5632,3,0,54,77,6,0,0,4,0
5633,3,0,54,78,6,0,0,4,1
5634,3,0,54,79,6,1,0,4,0
5635,3,0,54,80,6,1,0,4,0
5636,3,0,54,81,6,0,0,4,0
5637,3,0,54,82,6,0,0,4,0
5638,3,0,54,83,6,1,0,4,0
5639,3,0,54,84,6,0,0,4,0
5640,3,0,54,85,6,0,0,4,0
5641,3,0,54,86,6,0,0,4,0
5642,3,0,54,87,6,0,0,4,0
5643,3,0,54,88,6,0,0,4,0
5644,3,0,54,89,6,1,0,4,0
5645,3,0,54,90,6,0,0,4,0
5646,3,0,54,91,6,0,0,4,1
5647,3,0,54,92,6,1,0,4,0
5648,3,0,54,93,6,1,0,4,0
5649,3,0,54,94,6,0,0,4,0
5650,3,0,54,95,6,0,0,4,0
5651,3,0,54,96,6,1,0,4,0
5652,3,0,54,97,6,0,0,4,0
5653,3,0,54,98,6,0,0,4,0
5654,3,0,54,99,6,0,0,4,0
5655,2,0,55,99,6,0,0,5,0
5656,3,0,55,0,6,1,0,5,0
5657,3,0,55,1,6,0,0,5,0
5658,3,0,55,2,6,1,0,5,0
5659,3,0,55,3,6,0,0,5,0
5660,3,0,55,4,6,0,0,5,0
5661,3,0,55,5,6,0,0,5,0
5662,3,0,55,6,6,1,0,5,0
5663,3,0,55,7,6,0,0,5,0
5664,3,0,55,8,6,0,0,5,0
5665,3,0,55,9,6,1,0,5,0
5666,3,0,55,10,6,1,0,5,0
5667,3,0,55,11,6,0,0,5,1
5668,3,0,55,12,6,0,0,5,0
5669,3,0,55,13,6,1,0,5,0
5670,3,0,55,14,6,0,0,5,0
5671,3,0,55,15,6,0,0,5,0
5672,3,0,55,16,6,0,0,5,0
5673,3,0,55,17,6,0,0,5,0
5674,3,0,55,18,6,0,0,5,0
5675,3,0,55,19,6,1,0,5,0
5676,3,0,55,20,6,0,0,5,0
5677,3,0,55,21,6,0,0,5,0
5678,3,0,55,22,6,1,0,5,0
5679,3,0,55,23,6,1,0,5,0
5680,3,0,55,24,6,0,0,5,1
5681,3,0,55,25,6,0,0,5,0
5682,3,0,55,26,6,1,0,5,0
5683,3,0,55,27,6,0,0,5,0
5684,3,0,55,28,6,0,0,5,0
5685,3,0,55,29,6,0,0,5,0
5686,3,0,55,30,6,0,0,5,0
5687,3,0,55,31,6,0,0,5,0
5688,3,0,55,32,6,1,0,5,0
5689,3,0,55,33,6,0,0,5,0
5690,3,0,55,34,6,0,0,5,0
5691,3,0,55,35,6,0,0,5,0
5692,3,0,55,36,6,1,0,5,0
5693,3,0,55,37,6,0,0,5,1
5694,3,0,55,38,6,0,0,5,0
5695,3,0,55,39,6,1,0,5,0
5696,3,0,55,40,6,1,0,5,0
5697,3,0,55,41,6,0,0,5,0
5698,3,0,55,42,6,0,0,5,0
5699,3,0,55,43,6,0,0,5,0
5700,3,0,55,44,6,0,0,5,0
5701,3,0,55,45,6,0,0,5,0
5702,3,0,55,46,6,0,0,5,0
5703,3,0,55,47,6,0,0,5,0
5704,3,0,55,48,6,0,0,5,0
5705,3,0,55,49,6,1,0,5,0
5706,3,0,55,50,6,1,0,5,0
5707,3,0,55,51,6,0,0,5,0
5708,3,0,55,52,6,1,0,5,0
5709,3,0,55,53,6,1,0,5,0
5710,3,0,55,54,6,0,0,5,0
5711,3,0,55,55,6,0,0,5,0
5712,3,0,55,56,6,0,0,5,0
5713,3,0,55,57,6,0,0,5,0
5714,3,0,55,58,6,0,0,5,0
5715,3,0,55,59,6,0,0,5,0
5716,3,0,55,60,6,0,0,5,0
5717,3,0,55,61,6,0,0,5,0
5718,3,0,55,62,6,1,0,5,0
5719,3,0,55,63,6,1,0,5,0
5720,3,0,55,64,6,0,0,5,0
5721,3,0,55,65,6,0,0,5,0
5722,3,0,55,66,6,1,0,5,0
5723,3,0,55,67,6,0,0,5,0
5724,3,0,55,68,6,0,0,5,0
5725,3,0,55,69,6,0,0,5,0
5726,3,0,55,70,6,1,0,5,0
5727,3,0,55,71,6,0,0,5,0
5728,3,0,55,72,6,0,0,5,0
5729,3,0,55,73,6,0,0,5,0
5730,3,0,55,74,6,0,0,5,0
5731,3,0,55,75,6,0,0,5,0
5732,3,0,55,76,6,1,0,5,0
5733,3,0,55,77,6,0,0,5,0
5734,3,0,55,78,6,0,0,5,0
5735,3,0,55,79,6,1,0,5,0
5736,3,0,55,80,6,1,0,5,0
5737,3,0,55,81,6,0,0,5,0
5738,3,0,55,82,6,0,0,5,0
5739,3,0,55,83,6,1,0,5,0
5740,3,0,55,84,6,0,0,5,0
5741,3,0,55,85,6,0,0,5,1
5742,3,0,55,86,6,0,0,5,0
5743,3,0,55,87,6,0,0,5,0
5744,3,0,55,88,6,0,0,5,0
5745,3,0,55,89,6,1,0,5,0
5746,3,0,55,90,6,0,0,5,0
5747,3,0,55,91,6,0,0,5,0
5748,3,0,55,92,6,1,0,5,0
5749,3,0,55,93,6,1,0,5,0
5750,3,0,55,94,6,0,0,5,0
5751,3,0,55,95,6,0,0,5,0
5752,3,0,55,96,6,1,0,5,0
5753,3,0,55,97,6,0,0,5,0
5754,3,0,55,98,6,0,0,5,1
5755,3,0,55,99,6,0,0,5,0
5756,2,0,56,99,6,0,0,6,0
5757,3,0,56,0,6,1,0,6,0
5758,3,0,56,1,6,0,0,6,0
5759,3,0,56,2,6,1,0,6,0
5760,3,0,56,3,6,0,0,6,0
5761,3,0,56,4,6,0,0,6,0
5762,3,0,56,5,6,0,0,6,1
5763,3,0,56,6,6,1,0,6,0
5764,3,0,56,7,6,0,0,6,0
5765,3,0,56,8,6,0,0,6,0
5766,3,0,56,9,6,1,0,6,0
5767,3,0,56,10,6,1,0,6,0
5768,3,0,56,11,6,0,0,6,0
5769,3,0,56,12,6,0,0,6,0
5770,3,0,56,13,6,1,0,6,0
5771,3,0,56,14,6,0,0,6,0
5772,3,0,56,15,6,0,0,6,0
5773,3,0,56,16,6,0,0,6,0
5774,3,0,56,17,6,0,0,6,0
5775,3,0,56,18,6,0,0,6,1
5776,3,0,56,19,6,1,0,6,0
5777,3,0,56,20,6,0,0,6,0
5778,3,0,56,21,6,0,0,6,0
5779,3,0,56,22,6,1,0,6,0
5780,3,0,56,23,6,1,0,6,0
5781,3,0,56,24,6,0,0,6,0
5782,3,0,56,25,6,0,0,6,0
5783,3,0,56,26,6,1,0,6,0
5784,3,0,56,27,6,0,0,6,0
5785,3,0,56,28,6,0,0,6,0
5786,3,0,56,29,6,0,0,6,0
5787,3,0,56,30,6,0,0,6,0
5788,3,0,56,31,6,0,0,6,1
5789,3,0,56,32,6,1,0,6,0
5790,3,0,56,33,6,0,0,6,0
5791,3,0,56,34,6,0,0,6,0
5792,3,0,56,35,6,0,0,6,0
5793,3,0,56,36,6,1,0,6,0
5794,3,0,56,37,6,0,0,6,0
5795,3,0,56,38,6,0,0,6,0
5796,3,0,56,39,6,1,0,6,0
5797,3,0,56,40,6,1,0,6,0
5798,3,0,56,41,6,0,0,6,0
5799,3,0,56,42,6,0,0,6,0
5800,3,0,56,43,6,0,0,6,0
5801,3,0,56,44,6,0,0,6,1
5802,3,0,56,45,6,0,0,6,0
5803,3,0,56,46,6,0,0,6,0
5804,3,0,56,47,6,0,0,6,0
5805,3,0,56,48,6,0,0,6,0
5806,3,0,56,49,6,1,0,6,0
5807,3,0,56,50,6,1,0,6,0
5808,3,0,56,51,6,0,0,6,0
5809,3,0,56,52,6,1,0,6,0
5810,3,0,56,53,6,1,0,6,0
5811,3,0,56,54,6,0,0,6,0
5812,3,0,56,55,6,0,0,6,0
5813,3,0,56,56,6,0,0,6,0
5814,3,0,56,57,6,0,0,6,0
5815,3,0,56,58,6,0,0,6,0
5816,3,0,56,59,6,0,0,6,0
5817,3,0,56,60,6,0,0,6,0
5818,3,0,56,61,6,0,0,6,0
5819,3,0,56,62,6,1,0,6,0
5820,3,0,56,63,6,1,0,6,0
5821,3,0,56,64,6,0,0,6,0
5822,3,0,56,65,6,0,0,6,0
5823,3,0,56,66,6,1,0,6,0
5824,3,0,56,67,6,0,0,6,0
5825,3,0,56,68,6,0,0,6,0
5826,3,0,56,69,6,0,0,6,0
5827,3,0,56,70,6,1,0,6,0
5828,3,0,56,71,6,0,0,6,0
5829,3,0,56,72,6,0,0,6,0
5830,3,0,56,73,6,0,0,6,0
5831,3,0,56,74,6,0,0,6,0
5832,3,0,56,75,6,0,0,6,0
5833,3,0,56,76,6,1,0,6,0
5834,3,0,56,77,6,0,0,6,0
5835,3,0,56,78,6,0,0,6,0
5836,3,0,56,79,6,1,0,6,0
5837,3,0,56,80,6,1,0,6,0
5838,3,0,56,81,6,0,0,6,0
5839,3,0,56,82,6,0,0,6,0
5840,3,0,56,83,6,1,0,6,0
5841,3,0,56,84,6,0,0,6,0
5842,3,0,56,85,6,0,0,6,0
5843,3,0,56,86,6,0,0,6,0
5844,3,0,56,87,6,0,0,6,0
5845,3,0,56,88,6,0,0,6,0
5846,3,0,56,89,6,1,0,6,0
5847,3,0,56,90,6,0,0,6,0
5848,3,0,56,91,6,0,0,6,0
5849,3,0,56,92,6,1,0,6,1
5850,3,0,56,93,6,1,0,6,0
5851,3,0,56,94,6,0,0,6,0
5852,3,0,56,95,6,0,0,6,0
5853,3,0,56,96,6,1,0,6,0
5854,3,0,56,97,6,0,0,6,0
5855,3,0,56,98,6,0,0,6,0
5856,3,0,56,99,6,0,0,6,0
5857,2,0,57,99,6,0,0,7,1
5858,3,0,57,0,6,1,0,7,0
5859,3,0,57,1,6,0,0,7,0
5860,3,0,57,2,6,1,0,7,0
5861,3,0,57,3,6,0,0,7,0
5862,3,0,57,4,6,0,0,7,0
5863,3,0,57,5,6,0,0,7,0
5864,3,0,57,6,6,1,0,7,0
5865,3,0,57,7,6,0,0,7,0
5866,3,0,57,8,6,0,0,7,0
5867,3,0,57,9,6,1,0,7,0
5868,3,0,57,10,6,1,0,7,0
5869,3,0,57,11,6,0,0,7,0
5870,3,0,57,12,6,0,0,7,1
5871,3,0,57,13,6,1,0,7,0
5872,3,0,57,14,6,0,0,7,0
5873,3,0,57,15,6,0,0,7,0
5874,3,0,57,16,6,0,0,7,0
5875,3,0,57,17,6,0,0,7,0
5876,3,0,57,18,6,0,0,7,0
5877,3,0,57,19,6,1,0,7,0
5878,3,0,57,20,6,0,0,7,0
5879,3,0,57,21,6,0,0,7,0
5880,3,0,57,22,6,1,0,7,0
5881,3,0,57,23,6,1,0,7,0
5882,3,0,57,24,6,0,0,7,0
5883,3,0,57,25,6,0,0,7,1
5884,3,0,57,26,6,1,0,7,0
5885,3,0,57,27,6,0,0,7,0
5886,3,0,57,28,6,0,0,7,0
5887,3,0,57,29,6,0,0,7,0
5888,3,0,57,30,6,0,0,7,0
5889,3,0,57,31,6,0,0,7,0
5890,3,0,57,32,6,1,0,7,0
5891,3,0,57,33,6,0,0,7,0
5892,3,0,57,34,6,0,0,7,0
5893,3,0,57,35,6,0,0,7,0
5894,3,0,57,36,6,1,0,7,0
5895,3,0,57,37,6,0,0,7,0
5896,3,0,57,38,6,0,0,7,1
5897,3,0,57,39,6,1,0,7,0
5898,3,0,57,40,6,1,0,7,0
5899,3,0,57,41,6,0,0,7,0
5900,3,0,57,42,6,0,0,7,0
5901,3,0,57,43,6,0,0,7,0
5902,3,0,57,44,6,0,0,7,0
5903,3,0,57,45,6,0,0,7,0
5904,3,0,57,46,6,0,0,7,0
5905,3,0,57,47,6,0,0,7,0
5906,3,0,57,48,6,0,0,7,0
5907,3,0,57,49,6,1,0,7,0
5908,3,0,57,50,6,1,0,7,0
5909,3,0,57,51,6,0,0,7,1
5910,3,0,57,52,6,1,0,7,0
5911,3,0,57,53,6,1,0,7,0
5912,3,0,57,54,6,0,0,7,0
5913,3,0,57,55,6,0,0,7,0
5914,3,0,57,56,6,0,0,7,0
5915,3,0,57,57,6,0,0,7,0
5916,3,0,57,58,6,0,0,7,0
5917,3,0,57,59,6,0,0,7,0
5918,3,0,57,60,6,0,0,7,0
5919,3,0,57,61,6,0,0,7,0
5920,3,0,57,62,6,1,0,7,0
5921,3,0,57,63,6,1,0,7,0
5922,3,0,57,64,6,0,0,7,0
5923,3,0,57,65,6,0,0,7,0
5924,3,0,57,66,6,1,0,7,0
5925,3,0,57,67,6,0,0,7,0
5926,3,0,57,68,6,0,0,7,0
5927,3,0,57,69,6,0,0,7,0
5928,3,0,57,70,6,1,0,7,0
5929,3,0,57,71,6,0,0,7,0
5930,3,0,57,72,6,0,0,7,0
5931,3,0,57,73,6,0,0,7,0
5932,3,0,57,74,6,0,0,7,0
5933,3,0,57,75,6,0,0,7,0
5934,3,0,57,76,6,1,0,7,0
5935,3,0,57,77,6,0,0,7,0
5936,3,0,57,78,6,0,0,7,0
5937,3,0,57,79,6,1,0,7,0
5938,3,0,57,80,6,1,0,7,0
5939,3,0,57,81,6,0,0,7,0
5940,3,0,57,82,6,0,0,7,0
5941,3,0,57,83,6,1,0,7,0
5942,3,0,57,84,6,0,0,7,0
5943,3,0,57,85,6,0,0,7,0
5944,3,0,57,86,6,0,0,7,0
5945,3,0,57,87,6,0,0,7,0
5946,3,0,57,88,6,0,0,7,0
5947,3,0,57,89,6,1,0,7,0
5948,3,0,57,90,6,0,0,7,0
5949,3,0,57,91,6,0,0,7,0
5950,3,0,57,92,6,1,0,7,0
5951,3,0,57,93,6,1,0,7,0
5952,3,0,57,94,6,0,0,7,0
5953,3,0,57,95,6,0,0,7,0
5954,3,0,57,96,6,1,0,7,0
5955,3,0,57,97,6,0,0,7,0
5956,3,0,57,98,6,0,0,7,0
5957,3,0,57,99,6,0,0,7,1
5958,2,0,58,99,6,0,0,8,0
5959,3,0,58,0,6,1,0,8,0
5960,3,0,58,1,6,0,0,8,0
5961,3,0,58,2,6,1,0,8,0
5962,3,0,58,3,6,0,0,8,0
5963,3,0,58,4,6,0,0,8,0
5964,3,0,58,5,6,0,0,8,0
5965,3,0,58,6,6,1,0,8,1
5966,3,0,58,7,6,0,0,8,0
5967,3,0,58,8,6,0,0,8,0
5968,3,0,58,9,6,1,0,8,0
5969,3,0,58,10,6,1,0,8,0
5970,3,0,58,11,6,0,0,8,0
5971,3,0,58,12,6,0,0,8,0
5972,3,0,58,13,6,1,0,8,0
5973,3,0,58,14,6,0,0,8,0
5974,3,0,58,15,6,0,0,8,0
5975,3,0,58,16,6,0,0,8,0
5976,3,0,58,17,6,0,0,8,0
5977,3,0,58,18,6,0,0,8,0
5978,3,0,58,19,6,1,0,8,1
5979,3,0,58,20,6,0,0,8,0
5980,3,0,58,21,6,0,0,8,0
5981,3,0,58,22,6,1,0,8,0
5982,3,0,58,23,6,1,0,8,0
5983,3,0,58,24,6,0,0,8,0
5984,3,0,58,25,6,0,0,8,0
5985,3,0,58,26,6,1,0,8,0
5986,3,0,58,27,6,0,0,8,0
5987,3,0,58,28,6,0,0,8,0
5988,3,0,58,29,6,0,0,8,0
5989,3,0,58,30,6,0,0,8,0
5990,3,0,58,31,6,0,0,8,0
5991,3,0,58,32,6,1,0,8,1
5992,3,0,58,33,6,0,0,8,0
5993,3,0,58,34,6,0,0,8,0
5994,3,0,58,35,6,0,0,8,0
5995,3,0,58,36,6,1,0,8,0
5996,3,0,58,37,6,0,0,8,0
5997,3,0,58,38,6,0,0,8,0
5998,3,0,58,39,6,1,0,8,0
5999,3,0,58,40,6,1,0,8,0
6000,3,0,58,41,6,0,0,8,0
6001,3,0,58,42,6,0,0,8,0
6002,3,0,58,43,6,0,0,8,0
6003,3,0,58,44,6,0,0,8,0
6004,3,0,58,45,6,0,0,8,1
6005,3,0,58,46,6,0,0,8,0
6006,3,0,58,47,6,0,0,8,0
6007,3,0,58,48,6,0,0,8,0
6008,3,0,58,49,6,1,0,8,0
6009,3,0,58,50,6,1,0,8,0
6010,3,0,58,51,6,0,0,8,0
6011,3,0,58,52,6,1,0,8,0
6012,3,0,58,53,6,1,0,8,0
6013,3,0,58,54,6,0,0,8,0
6014,3,0,58,55,6,0,0,8,0
6015,3,0,58,56,6,0,0,8,0
6016,3,0,58,57,6,0,0,8,0
6017,3,0,58,58,6,0,0,8,1
6018,3,0,58,59,6,0,0,8,0
6019,3,0,58,60,6,0,0,8,0
6020,3,0,58,61,6,0,0,8,0
6021,3,0,58,62,6,1,0,8,0
6022,3,0,58,63,6,1,0,8,0
6023,3,0,58,64,6,0,0,8,0
6024,3,0,58,65,6,0,0,8,0
6025,3,0,58,66,6,1,0,8,0
6026,3,0,58,67,6,0,0,8,0
6027,3,0,58,68,6,0,0,8,0
6028,3,0,58,69,6,0,0,8,0
6029,3,0,58,70,6,1,0,8,0
6030,3,0,58,71,6,0,0,8,0
6031,3,0,58,72,6,0,0,8,0
6032,3,0,58,73,6,0,0,8,0
6033,3,0,58,74,6,0,0,8,0
6034,3,0,58,75,6,0,0,8,0
6035,3,0,58,76,6,1,0,8,0
6036,3,0,58,77,6,0,0,8,0
6037,3,0,58,78,6,0,0,8,0
6038,3,0,58,79,6,1,0,8,0
6039,3,0,58,80,6,1,0,8,0
6040,3,0,58,81,6,0,0,8,0
6041,3,0,58,82,6,0,0,8,0
6042,3,0,58,83,6,1,0,8,0
6043,3,0,58,84,6,0,0,8,0
6044,3,0,58,85,6,0,0,8,0
6045,3,0,58,86,6,0,0,8,0
6046,3,0,58,87,6,0,0,8,0
6047,3,0,58,88,6,0,0,8,0
6048,3,0,58,89,6,1,0,8,0
6049,3,0,58,90,6,0,0,8,0
6050,3,0,58,91,6,0,0,8,0
6051,3,0,58,92,6,1,0,8,0
6052,3,0,58,93,6,1,0,8,0
6053,3,0,58,94,6,0,0,8,0
6054,3,0,58,95,6,0,0,8,0
6055,3,0,58,96,6,1,0,8,0
6056,3,0,58,97,6,0,0,8,0
6057,3,0,58,98,6,0,0,8,0
6058,3,0,58,99,6,0,0,8,0
6059,2,0,59,99,6,0,0,9,0
6060,3,0,59,0,6,1,0,9,0
6061,3,0,59,1,6,0,0,9,0
6062,3,0,59,2,6,1,0,9,0
6063,3,0,59,3,6,0,0,9,0
6064,3,0,59,4,6,0,0,9,0
6065,3,0,59,5,6,0,0,9,0
6066,3,0,59,6,6,1,0,9,0
6067,3,0,59,7,6,0,0,9,0
6068,3,0,59,8,6,0,0,9,0
6069,3,0,59,9,6,1,0,9,0
6070,3,0,59,10,6,1,0,9,0
6071,3,0,59,11,6,0,0,9,0
6072,3,0,59,12,6,0,0,9,0
6073,3,0,59,13,6,1,0,9,1
6074,3,0,59,14,6,0,0,9,0
6075,3,0,59,15,6,0,0,9,0
6076,3,0,59,16,6,0,0,9,0
6077,3,0,59,17,6,0,0,9,0
6078,3,0,59,18,6,0,0,9,0
6079,3,0,59,19,6,1,0,9,0
6080,3,0,59,20,6,0,0,9,0
6081,3,0,59,21,6,0,0,9,0
6082,3,0,59,22,6,1,0,9,0
6083,3,0,59,23,6,1,0,9,0
6084,3,0,59,24,6,0,0,9,0
6085,3,0,59,25,6,0,0,9,0
6086,3,0,59,26,6,1,0,9,1
6087,3,0,59,27,6,0,0,9,0
6088,3,0,59,28,6,0,0,9,0
6089,3,0,59,29,6,0,0,9,0
6090,3,0,59,30,6,0,0,9,0
6091,3,0,59,31,6,0,0,9,0
6092,3,0,59,32,6,1,0,9,0
6093,3,0,59,33,6,0,0,9,0
6094,3,0,59,34,6,0,0,9,0
6095,3,0,59,35,6,0,0,9,0
6096,3,0,59,36,6,1,0,9,0
6097,3,0,59,37,6,0,0,9,0
6098,3,0,59,38,6,0,0,9,0
6099,3,0,59,39,6,1,0,9,1
6100,3,0,59,40,6,1,0,9,0
6101,3,0,59,41,6,0,0,9,0
6102,3,0,59,42,6,0,0,9,0
6103,3,0,59,43,6,0,0,9,0
6104,3,0,59,44,6,0,0,9,0
6105,3,0,59,45,6,0,0,9,0
6106,3,0,59,46,6,0,0,9,0
6107,3,0,59,47,6,0,0,9,0
6108,3,0,59,48,6,0,0,9,0
6109,3,0,59,49,6,1,0,9,0
6110,3,0,59,50,6,1,0,9,0
6111,3,0,59,51,6,0,0,9,0
6112,3,0,59,52,6,1,0,9,1
6113,3,0,59,53,6,1,0,9,0
6114,3,0,59,54,6,0,0,9,0
6115,3,0,59,55,6,0,0,9,0
6116,3,0,59,56,6,0,0,9,0
6117,3,0,59,57,6,0,0,9,0
6118,3,0,59,58,6,0,0,9,0
6119,3,0,59,59,6,0,0,9,0
6120,3,0,59,60,6,0,0,9,0
6121,3,0,59,61,6,0,0,9,0
6122,3,0,59,62,6,1,0,9,0
6123,3,0,59,63,6,1,0,9,0
6124,3,0,59,64,6,0,0,9,0
6125,3,0,59,65,6,0,0,9,1
6126,3,0,59,66,6,1,0,9,0
6127,3,0,59,67,6,0,0,9,0
6128,3,0,59,68,6,0,0,9,0
6129,3,0,59,69,6,0,0,9,0
6130,3,0,59,70,6,1,0,9,0
6131,3,0,59,71,6,0,0,9,0
6132,3,0,59,72,6,0,0,9,0
6133,3,0,59,73,6,0,0,9,0
6134,3,0,59,74,6,0,0,9,0
6135,3,0,59,75,6,0,0,9,0
6136,3,0,59,76,6,1,0,9,0
6137,3,0,59,77,6,0,0,9,0
6138,3,0,59,78,6,0,0,9,0
6139,3,0,59,79,6,1,0,9,0
6140,3,0,59,80,6,1,0,9,0
6141,3,0,59,81,6,0,0,9,0
6142,3,0,59,82,6,0,0,9,0
6143,3,0,59,83,6,1,0,9,0
6144,3,0,59,84,6,0,0,9,0
6145,3,0,59,85,6,0,0,9,0
6146,3,0,59,86,6,0,0,9,0
6147,3,0,59,87,6,0,0,9,0
6148,3,0,59,88,6,0,0,9,0
6149,3,0,59,89,6,1,0,9,0
6150,3,0,59,90,6,0,0,9,0
6151,3,0,59,91,6,0,0,9,0
6152,3,0,59,92,6,1,0,9,0
6153,3,0,59,93,6,1,0,9,0
6154,3,0,59,94,6,0,0,9,0
6155,3,0,59,95,6,0,0,9,0
6156,3,0,59,96,6,1,0,9,0
6157,3,0,59,97,6,0,0,9,0
6158,3,0,59,98,6,0,0,9,0
6159,3,0,59,99,6,0,0,9,0
6160,2,0,60,99,6,0,0,0,0
6161,3,0,60,0,6,1,1,0,0
6162,3,0,60,1,6,0,1,0,0
6163,3,0,60,2,6,1,1,0,0
6164,3,0,60,3,6,0,1,0,0
6165,3,0,60,4,6,0,1,0,0
6166,3,0,60,5,6,0,1,0,0
6167,3,0,60,6,6,1,1,0,0
6168,3,0,60,7,6,0,1,0,0
6169,3,0,60,8,6,0,1,0,0
6170,3,0,60,9,6,1,1,0,0
6171,3,0,60,10,6,1,1,0,0
6172,3,0,60,11,6,0,1,0,0
6173,3,0,60,12,6,0,1,0,0
6174,3,0,60,13,6,1,1,0,0
6175,3,0,60,14,6,0,1,0,0
6176,3,0,60,15,6,0,1,0,0
6177,3,0,60,16,6,0,1,0,0
6178,3,0,60,17,6,0,1,0,0
6179,3,0,60,18,6,0,1,0,0
6180,3,0,60,19,6,1,1,0,0
6181,3,0,60,20,6,0,1,0,1
6182,3,0,60,21,6,0,1,0,0
6183,3,0,60,22,6,1,1,0,0
6184,3,0,60,23,6,1,1,0,0
6185,3,0,60,24,6,0,1,0,0
6186,3,0,60,25,6,0,1,0,0
6187,3,0,60,26,6,1,1,0,0
6188,3,0,60,27,6,0,1,0,0
6189,3,0,60,28,6,0,1,0,0
6190,3,0,60,29,6,0,1,0,0
6191,3,0,60,30,6,0,1,0,0
6192,3,0,60,31,6,0,1,0,0
6193,3,0,60,32,6,1,1,0,0
6194,3,0,60,33,6,0,1,0,1
6195,3,0,60,34,6,0,1,0,0
6196,3,0,60,35,6,0,1,0,0
6197,3,0,60,36,6,1,1,0,0
6198,3,0,60,37,6,0,1,0,0
6199,3,0,60,38,6,0,1,0,0
6200,3,0,60,39,6,1,1,0,0
6201,3,0,60,40,6,1,1,0,0
6202,3,0,60,41,6,0,1,0,0
6203,3,0,60,42,6,0,1,0,0
6204,3,0,60,43,6,0,1,0,0
6205,3,0,60,44,6,0,1,0,0
6206,3,0,60,45,6,0,1,0,0
6207,3,0,60,46,6,0,1,0,1
6208,3,0,60,47,6,0,1,0,0
6209,3,0,60,48,6,0,1,0,0
6210,3,0,60,49,6,1,1,0,0
6211,3,0,60,50,6,1,1,0,0
6212,3,0,60,51,6,0,1,0,0
6213,3,0,60,52,6,1,1,0,0
6214,3,0,60,53,6,1,1,0,0
6215,3,0,60,54,6,0,1,0,0
6216,3,0,60,55,6,0,1,0,0
6217,3,0,60,56,6,0,1,0,0
6218,3,0,60,57,6,0,1,0,0
6219,3,0,60,58,6,0,1,0,0
6220,3,0,60,59,6,0,1,0,1
6221,3,0,60,60,6,0,1,0,0
6222,3,0,60,61,6,0,1,0,0
6223,3,0,60,62,6,1,1,0,0
6224,3,0,60,63,6,1,1,0,0
6225,3,0,60,64,6,0,1,0,0
6226,3,0,60,65,6,0,1,0,0
6227,3,0,60,66,6,1,1,0,0
6228,3,0,60,67,6,0,1,0,0
6229,3,0,60,68,6,0,1,0,0
6230,3,0,60,69,6,0,1,0,0
6231,3,0,60,70,6,1,1,0,0
6232,3,0,60,71,6,0,1,0,0
6233,3,0,60,72,6,0,1,0,1
6234,3,0,60,73,6,0,1,0,0
6235,3,0,60,74,6,0,1,0,0
6236,3,0,60,75,6,0,1,0,0
6237,3,0,60,76,6,1,1,0,0
6238,3,0,60,77,6,0,1,0,0
6239,3,0,60,78,6,0,1,0,0
6240,3,0,60,79,6,1,1,0,0
6241,3,0,60,80,6,1,1,0,0
6242,3,0,60,81,6,0,1,0,0
6243,3,0,60,82,6,0,1,0,0
6244,3,0,60,83,6,1,1,0,0
6245,3,0,60,84,6,0,1,0,0
6246,3,0,60,85,6,0,1,0,0
6247,3,0,60,86,6,0,1,0,0
6248,3,0,60,87,6,0,1,0,0
6249,3,0,60,88,6,0,1,0,0
6250,3,0,60,89,6,1,1,0,0
6251,3,0,60,90,6,0,1,0,0
6252,3,0,60,91,6,0,1,0,0
6253,3,0,60,92,6,1,1,0,0
6254,3,0,60,93,6,1,1,0,0
6255,3,0,60,94,6,0,1,0,0
6256,3,0,60,95,6,0,1,0,0
6257,3,0,60,96,6,1,1,0,0
6258,3,0,60,97,6,0,1,0,0
6259,3,0,60,98,6,0,1,0,0
6260,3,0,60,99,6,0,1,0,0
6261,2,0,61,99,7,0,1,1,0
6262,3,0,61,0,7,1,0,1,0
6263,3,0,61,1,7,0,0,1,0
6264,3,0,61,2,7,1,0,1,0
6265,3,0,61,3,7,0,0,1,0
6266,3,0,61,4,7,0,0,1,0
6267,3,0,61,5,7,0,0,1,0
6268,3,0,61,6,7,1,0,1,0
6269,3,0,61,7,7,0,0,1,0
6270,3,0,61,8,7,0,0,1,0
6271,3,0,61,9,7,1,0,1,0
6272,3,0,61,10,7,1,0,1,0
6273,3,0,61,11,7,0,0,1,0
6274,3,0,61,12,7,0,0,1,0
6275,3,0,61,13,7,1,0,1,0
6276,3,0,61,14,7,0,0,1,0
6277,3,0,61,15,7,0,0,1,0
6278,3,0,61,16,7,0,0,1,0
6279,3,0,61,17,7,0,0,1,0
6280,3,0,61,18,7,0,0,1,0
6281,3,0,61,19,7,1,0,1,0
6282,3,0,61,20,7,1,0,1,0
6283,3,0,61,21,7,0,0,1,0
6284,3,0,61,22,7,1,0,1,0
6285,3,0,61,23,7,1,0,1,0
6286,3,0,61,24,7,0,0,1,0
6287,3,0,61,25,7,0,0,1,0
6288,3,0,61,26,7,1,0,1,0
6289,3,0,61,27,7,0,0,1,1
6290,3,0,61,28,7,0,0,1,0
6291,3,0,61,29,7,0,0,1,0
6292,3,0,61,30,7,0,0,1,0
6293,3,0,61,31,7,0,0,1,0
6294,3,0,61,32,7,1,0,1,0
6295,3,0,61,33,7,1,0,1,0
6296,3,0,61,34,7,0,0,1,0
6297,3,0,61,35,7,0,0,1,0
6298,3,0,61,36,7,1,0,1,0
6299,3,0,61,37,7,0,0,1,0
6300,3,0,61,38,7,0,0,1,0
6301,3,0,61,39,7,1,0,1,0
6302,3,0,61,40,7,1,0,1,1
6303,3,0,61,41,7,0,0,1,0
6304,3,0,61,42,7,0,0,1,0
6305,3,0,61,43,7,0,0,1,0
6306,3,0,61,44,7,0,0,1,0
6307,3,0,61,45,7,0,0,1,0
6308,3,0,61,46,7,1,0,1,0
6309,3,0,61,47,7,0,0,1,0
6310,3,0,61,48,7,0,0,1,0
6311,3,0,61,49,7,1,0,1,0
6312,3,0,61,50,7,1,0,1,0
6313,3,0,61,51,7,0,0,1,0
6314,3,0,61,52,7,1,0,1,0
6315,3,0,61,53,7,1,0,1,1
6316,3,0,61,54,7,0,0,1,0
6317,3,0,61,55,7,0,0,1,0
6318,3,0,61,56,7,0,0,1,0
6319,3,0,61,57,7,0,0,1,0
6320,3,0,61,58,7,0,0,1,0
6321,3,0,61,59,7,1,0,1,0
6322,3,0,61,60,7,0,0,1,0
6323,3,0,61,61,7,0,0,1,0
6324,3,0,61,62,7,1,0,1,0
6325,3,0,61,63,7,1,0,1,0
6326,3,0,61,64,7,0,0,1,0
6327,3,0,61,65,7,0,0,1,0
6328,3,0,61,66,7,1,0,1,1
6329,3,0,61,67,7,0,0,1,0
6330,3,0,61,68,7,0,0,1,0
6331,3,0,61,69,7,0,0,1,0
6332,3,0,61,70,7,1,0,1,0
6333,3,0,61,71,7,0,0,1,0
6334,3,0,61,72,7,1,0,1,0
6335,3,0,61,73,7,0,0,1,0
6336,3,0,61,74,7,0,0,1,0
6337,3,0,61,75,7,0,0,1,0
6338,3,0,61,76,7,1,0,1,0
6339,3,0,61,77,7,0,0,1,0
6340,3,0,61,78,7,0,0,1,0
6341,3,0,61,79,7,1,0,1,1
6342,3,0,61,80,7,1,0,1,0
6343,3,0,61,81,7,0,0,1,0
6344,3,0,61,82,7,0,0,1,0
6345,3,0,61,83,7,1,0,1,0
6346,3,0,61,84,7,0,0,1,0
6347,3,0,61,85,7,0,0,1,0
6348,3,0,61,86,7,0,0,1,0
6349,3,0,61,87,7,0,0,1,0
6350,3,0,61,88,7,0,0,1,0
6351,3,0,61,89,7,1,0,1,0
6352,3,0,61,90,7,0,0,1,0
6353,3,0,61,91,7,0,0,1,0
6354,3,0,61,92,7,1,0,1,0
6355,3,0,61,93,7,1,0,1,0
6356,3,0,61,94,7,0,0,1,0
6357,3,0,61,95,7,0,0,1,0
6358,3,0,61,96,7,1,0,1,0
6359,3,0,61,97,7,0,0,1,0
6360,3,0,61,98,7,0,0,1,0
6361,3,0,61,99,7,0,0,1,0
6362,2,0,62,99,7,0,0,2,0
6363,3,0,62,0,7,1,0,2,0
6364,3,0,62,1,7,0,0,2,0
6365,3,0,62,2,7,1,0,2,0
6366,3,0,62,3,7,0,0,2,0
6367,3,0,62,4,7,0,0,2,0
6368,3,0,62,5,7,0,0,2,0
6369,3,0,62,6,7,1,0,2,0
6370,3,0,62,7,7,0,0,2,0
6371,3,0,62,8,7,0,0,2,0
6372,3,0,62,9,7,1,0,2,0
6373,3,0,62,10,7,1,0,2,0
6374,3,0,62,11,7,0,0,2,0
6375,3,0,62,12,7,0,0,2,0
6376,3,0,62,13,7,1,0,2,0
6377,3,0,62,14,7,0,0,2,0
6378,3,0,62,15,7,0,0,2,0
6379,3,0,62,16,7,0,0,2,0
6380,3,0,62,17,7,0,0,2,0
6381,3,0,62,18,7,0,0,2,0
6382,3,0,62,19,7,1,0,2,0
6383,3,0,62,20,7,1,0,2,0
6384,3,0,62,21,7,0,0,2,0
6385,3,0,62,22,7,1,0,2,0
6386,3,0,62,23,7,1,0,2,0
6387,3,0,62,24,7,0,0,2,0
6388,3,0,62,25,7,0,0,2,0
6389,3,0,62,26,7,1,0,2,0
6390,3,0,62,27,7,0,0,2,0
6391,3,0,62,28,7,0,0,2,0
6392,3,0,62,29,7,0,0,2,0
6393,3,0,62,30,7,0,0,2,0
6394,3,0,62,31,7,0,0,2,0
6395,3,0,62,32,7,1,0,2,0
6396,3,0,62,33,7,1,0,2,0
6397,3,0,62,34,7,0,0,2,1
6398,3,0,62,35,7,0,0,2,0
6399,3,0,62,36,7,1,0,2,0
6400,3,0,62,37,7,0,0,2,0
6401,3,0,62,38,7,0,0,2,0
6402,3,0,62,39,7,1,0,2,0
6403,3,0,62,40,7,1,0,2,0
6404,3,0,62,41,7,0,0,2,0
6405,3,0,62,42,7,0,0,2,0
6406,3,0,62,43,7,0,0,2,0
6407,3,0,62,44,7,0,0,2,0
6408,3,0,62,45,7,0,0,2,0
6409,3,0,62,46,7,1,0,2,0
6410,3,0,62,47,7,0,0,2,1
6411,3,0,62,48,7,0,0,2,0
6412,3,0,62,49,7,1,0,2,0
6413,3,0,62,50,7,1,0,2,0
6414,3,0,62,51,7,0,0,2,0
6415,3,0,62,52,7,1,0,2,0
6416,3,0,62,53,7,1,0,2,0
6417,3,0,62,54,7,0,0,2,0
6418,3,0,62,55,7,0,0,2,0
6419,3,0,62,56,7,0,0,2,0
6420,3,0,62,57,7,0,0,2,0
6421,3,0,62,58,7,0,0,2,0
6422,3,0,62,59,7,1,0,2,0
6423,3,0,62,60,7,0,0,2,1
6424,3,0,62,61,7,0,0,2,0
6425,3,0,62,62,7,1,0,2,0
6426,3,0,62,63,7,1,0,2,0
6427,3,0,62,64,7,0,0,2,0
6428,3,0,62,65,7,0,0,2,0
6429,3,0,62,66,7,1,0,2,0
6430,3,0,62,67,7,0,0,2,0
6431,3,0,62,68,7,0,0,2,0
6432,3,0,62,69,7,0,0,2,0
6433,3,0,62,70,7,1,0,2,0
6434,3,0,62,71,7,0,0,2,0
6435,3,0,62,72,7,1,0,2,0
6436,3,0,62,73,7,0,0,2,1
6437,3,0,62,74,7,0,0,2,0
6438,3,0,62,75,7,0,0,2,0
6439,3,0,62,76,7,1,0,2,0
6440,3,0,62,77,7,0,0,2,0
6441,3,0,62,78,7,0,0,2,0
6442,3,0,62,79,7,1,0,2,0
6443,3,0,62,80,7,1,0,2,0
6444,3,0,62,81,7,0,0,2,0
6445,3,0,62,82,7,0,0,2,0
6446,3,0,62,83,7,1,0,2,0
6447,3,0,62,84,7,0,0,2,0
6448,3,0,62,85,7,0,0,2,0
6449,3,0,62,86,7,0,0,2,1
6450,3,0,62,87,7,0,0,2,0
6451,3,0,62,88,7,0,0,2,0
6452,3,0,62,89,7,1,0,2,0
6453,3,0,62,90,7,0,0,2,0
6454,3,0,62,91,7,0,0,2,0
6455,3,0,62,92,7,1,0,2,0
6456,3,0,62,93,7,1,0,2,0
6457,3,0,62,94,7,0,0,2,0
6458,3,0,62,95,7,0,0,2,0
6459,3,0,62,96,7,1,0,2,0
6460,3,0,62,97,7,0,0,2,0
6461,3,0,62,98,7,0,0,2,0
6462,3,0,62,99,7,0,0,2,0
6463,2,0,63,99,7,0,0,3,0
6464,3,0,63,0,7,1,0,3,0
6465,3,0,63,1,7,0,0,3,0
6466,3,0,63,2,7,1,0,3,0
6467,3,0,63,3,7,0,0,3,0
6468,3,0,63,4,7,0,0,3,0
6469,3,0,63,5,7,0,0,3,0
6470,3,0,63,6,7,1,0,3,0
6471,3,0,63,7,7,0,0,3,0
6472,3,0,63,8,7,0,0,3,0
6473,3,0,63,9,7,1,0,3,0
6474,3,0,63,10,7,1,0,3,0
6475,3,0,63,11,7,0,0,3,0
6476,3,0,63,12,7,0,0,3,0
6477,3,0,63,13,7,1,0,3,0
6478,3,0,63,14,7,0,0,3,0
6479,3,0,63,15,7,0,0,3,0
6480,3,0,63,16,7,0,0,3,0
6481,3,0,63,17,7,0,0,3,0
6482,3,0,63,18,7,0,0,3,0
6483,3,0,63,19,7,1,0,3,0
6484,3,0,63,20,7,1,0,3,0
6485,3,0,63,21,7,0,0,3,0
6486,3,0,63,22,7,1,0,3,0
6487,3,0,63,23,7,1,0,3,0
6488,3,0,63,24,7,0,0,3,0
6489,3,0,63,25,7,0,0,3,0
6490,3,0,63,26,7,1,0,3,0
6491,3,0,63,27,7,0,0,3,0
6492,3,0,63,28,7,0,0,3,0
6493,3,0,63,29,7,0,0,3,0
6494,3,0,63,30,7,0,0,3,0
6495,3,0,63,31,7,0,0,3,0
6496,3,0,63,32,7,1,0,3,0
6497,3,0,63,33,7,1,0,3,0
6498,3,0,63,34,7,0,0,3,0
6499,3,0,63,35,7,0,0,3,0
6500,3,0,63,36,7,1,0,3,0
6501,3,0,63,37,7,0,0,3,0
6502,3,0,63,38,7,0,0,3,0
6503,3,0,63,39,7,1,0,3,0
6504,3,0,63,40,7,1,0,3,0
6505,3,0,63,41,7,0,0,3,1
6506,3,0,63,42,7,0,0,3,0
6507,3,0,63,43,7,0,0,3,0
6508,3,0,63,44,7,0,0,3,0
6509,3,0,63,45,7,0,0,3,0
6510,3,0,63,46,7,1,0,3,0
6511,3,0,63,47,7,0,0,3,0
6512,3,0,63,48,7,0,0,3,0
6513,3,0,63,49,7,1,0,3,0
6514,3,0,63,50,7,1,0,3,0
6515,3,0,63,51,7,0,0,3,0
6516,3,0,63,52,7,1,0,3,0
6517,3,0,63,53,7,1,0,3,0
6518,3,0,63,54,7,0,0,3,1
6519,3,0,63,55,7,0,0,3,0
6520,3,0,63,56,7,0,0,3,0
6521,3,0,63,57,7,0,0,3,0
6522,3,0,63,58,7,0,0,3,0
6523,3,0,63,59,7,1,0,3,0
6524,3,0,63,60,7,0,0,3,0
6525,3,0,63,61,7,0,0,3,0
6526,3,0,63,62,7,1,0,3,0
6527,3,0,63,63,7,1,0,3,0
6528,3,0,63,64,7,0,0,3,0
6529,3,0,63,65,7,0,0,3,0
6530,3,0,63,66,7,1,0,3,0
6531,3,0,63,67,7,0,0,3,1
6532,3,0,63,68,7,0,0,3,0
6533,3,0,63,69,7,0,0,3,0
6534,3,0,63,70,7,1,0,3,0
6535,3,0,63,71,7,0,0,3,0
6536,3,0,63,72,7,1,0,3,0
6537,3,0,63,73,7,0,0,3,0
6538,3,0,63,74,7,0,0,3,0
6539,3,0,63,75,7,0,0,3,0
6540,3,0,63,76,7,1,0,3,0
6541,3,0,63,77,7,0,0,3,0
6542,3,0,63,78,7,0,0,3,0
6543,3,0,63,79,7,1,0,3,0
6544,3,0,63,80,7,1,0,3,1
6545,3,0,63,81,7,0,0,3,0
6546,3,0,63,82,7,0,0,3,0
6547,3,0,63,83,7,1,0,3,0
6548,3,0,63,84,7,0,0,3,0
6549,3,0,63,85,7,0,0,3,0
6550,3,0,63,86,7,0,0,3,0
6551,3,0,63,87,7,0,0,3,0
6552,3,0,63,88,7,0,0,3,0
6553,3,0,63,89,7,1,0,3,0
6554,3,0,63,90,7,0,0,3,0
6555,3,0,63,91,7,0,0,3,0
6556,3,0,63,92,7,1,0,3,0
6557,3,0,63,93,7,1,0,3,1
6558,3,0,63,94,7,0,0,3,0
6559,3,0,63,95,7,0,0,3,0
6560,3,0,63,96,7,1,0,3,0
6561,3,0,63,97,7,0,0,3,0
6562,3,0,63,98,7,0,0,3,0
6563,3,0,63,99,7,0,0,3,0
6564,2,0,64,99,7,0,0,4,0
6565,3,0,64,0,7,1,0,4,1
6566,3,0,64,1,7,0,0,4,0
6567,3,0,64,2,7,1,0,4,0
6568,3,0,64,3,7,0,0,4,0
6569,3,0,64,4,7,0,0,4,0
6570,3,0,64,5,7,0,0,4,0
6571,3,0,64,6,7,1,0,4,0
6572,3,0,64,7,7,0,0,4,0
6573,3,0,64,8,7,0,0,4,0
6574,3,0,64,9,7,1,0,4,0
6575,3,0,64,10,7,1,0,4,0
6576,3,0,64,11,7,0,0,4,0
6577,3,0,64,12,7,0,0,4,0
6578,3,0,64,13,7,1,0,4,0
6579,3,0,64,14,7,0,0,4,0
6580,3,0,64,15,7,0,0,4,0
6581,3,0,64,16,7,0,0,4,0
6582,3,0,64,17,7,0,0,4,0
6583,3,0,64,18,7,0,0,4,0
6584,3,0,64,19,7,1,0,4,0
6585,3,0,64,20,7,1,0,4,0
6586,3,0,64,21,7,0,0,4,0
6587,3,0,64,22,7,1,0,4,0
6588,3,0,64,23,7,1,0,4,0
6589,3,0,64,24,7,0,0,4,0
6590,3,0,64,25,7,0,0,4,0
6591,3,0,64,26,7,1,0,4,0
6592,3,0,64,27,7,0,0,4,0
6593,3,0,64,28,7,0,0,4,0
6594,3,0,64,29,7,0,0,4,0
6595,3,0,64,30,7,0,0,4,0
6596,3,0,64,31,7,0,0,4,0
6597,3,0,64,32,7,1,0,4,0
6598,3,0,64,33,7,1,0,4,0
6599,3,0,64,34,7,0,0,4,0
6600,3,0,64,35,7,0,0,4,0
6601,3,0,64,36,7,1,0,4,0
6602,3,0,64,37,7,0,0,4,0
6603,3,0,64,38,7,0,0,4,0
6604,3,0,64,39,7,1,0,4,0
6605,3,0,64,40,7,1,0,4,0
6606,3,0,64,41,7,0,0,4,0
6607,3,0,64,42,7,0,0,4,0
6608,3,0,64,43,7,0,0,4,0
6609,3,0,64,44,7,0,0,4,0
6610,3,0,64,45,7,0,0,4,0
6611,3,0,64,46,7,1,0,4,0
6612,3,0,64,47,7,0,0,4,0
6613,3,0,64,48,7,0,0,4,1
6614,3,0,64,49,7,1,0,4,0
6615,3,0,64,50,7,1,0,4,0
6616,3,0,64,51,7,0,0,4,0
6617,3,0,64,52,7,1,0,4,0
6618,3,0,64,53,7,1,0,4,0
6619,3,0,64,54,7,0,0,4,0
6620,3,0,64,55,7,0,0,4,0
6621,3,0,64,56,7,0,0,4,0
6622,3,0,64,57,7,0,0,4,0
6623,3,0,64,58,7,0,0,4,0
6624,3,0,64,59,7,1,0,4,0
6625,3,0,64,60,7,0,0,4,0
6626,3,0,64,61,7,0,0,4,1
6627,3,0,64,62,7,1,0,4,0
6628,3,0,64,63,7,1,0,4,0
6629,3,0,64,64,7,0,0,4,0
6630,3,0,64,65,7,0,0,4,0
6631,3,0,64,66,7,1,0,4,0
6632,3,0,64,67,7,0,0,4,0
6633,3,0,64,68,7,0,0,4,0
6634,3,0,64,69,7,0,0,4,0
6635,3,0,64,70,7,1,0,4,0
6636,3,0,64,71,7,0,0,4,0
6637,3,0,64,72,7,1,0,4,0
6638,3,0,64,73,7,0,0,4,0
6639,3,0,64,74,7,0,0,4,1
6640,3,0,64,75,7,0,0,4,0
6641,3,0,64,76,7,1,0,4,0
6642,3,0,64,77,7,0,0,4,0
6643,3,0,64,78,7,0,0,4,0
6644,3,0,64,79,7,1,0,4,0
6645,3,0,64,80,7,1,0,4,0
6646,3,0,64,81,7,0,0,4,0
6647,3,0,64,82,7,0,0,4,0
6648,3,0,64,83,7,1,0,4,0
6649,3,0,64,84,7,0,0,4,0
6650,3,0,64,85,7,0,0,4,0
6651,3,0,64,86,7,0,0,4,0
6652,3,0,64,87,7,0,0,4,1
6653,3,0,64,88,7,0,0,4,0
6654,3,0,64,89,7,1,0,4,0
6655,3,0,64,90,7,0,0,4,0
6656,3,0,64,91,7,0,0,4,0
6657,3,0,64,92,7,1,0,4,0
6658,3,0,64,93,7,1,0,4,0
6659,3,0,64,94,7,0,0,4,0
6660,3,0,64,95,7,0,0,4,0
6661,3,0,64,96,7,1,0,4,0
6662,3,0,64,97,7,0,0,4,0
6663,3,0,64,98,7,0,0,4,0
6664,3,0,64,99,7,0,0,4,0
6665,2,0,65,99,7,0,0,5,0
6666,3,0,65,0,7,1,0,5,0
6667,3,0,65,1,7,0,0,5,0
6668,3,0,65,2,7,1,0,5,0
6669,3,0,65,3,7,0,0,5,0
6670,3,0,65,4,7,0,0,5,0
6671,3,0,65,5,7,0,0,5,0
6672,3,0,65,6,7,1,0,5,0
6673,3,0,65,7,7,0,0,5,1
6674,3,0,65,8,7,0,0,5,0
6675,3,0,65,9,7,1,0,5,0
6676,3,0,65,10,7,1,0,5,0
6677,3,0,65,11,7,0,0,5,0
6678,3,0,65,12,7,0,0,5,0
6679,3,0,65,13,7,1,0,5,0
6680,3,0,65,14,7,0,0,5,0
6681,3,0,65,15,7,0,0,5,0
6682,3,0,65,16,7,0,0,5,0
6683,3,0,65,17,7,0,0,5,0
6684,3,0,65,18,7,0,0,5,0
6685,3,0,65,19,7,1,0,5,0
6686,3,0,65,20,7,1,0,5,0
6687,3,0,65,21,7,0,0,5,0
6688,3,0,65,22,7,1,0,5,0
6689,3,0,65,23,7,1,0,5,0
6690,3,0,65,24,7,0,0,5,0
6691,3,0,65,25,7,0,0,5,0
6692,3,0,65,26,7,1,0,5,0
6693,3,0,65,27,7,0,0,5,0
6694,3,0,65,28,7,0,0,5,0
6695,3,0,65,29,7,0,0,5,0
6696,3,0,65,30,7,0,0,5,0
6697,3,0,65,31,7,0,0,5,0
6698,3,0,65,32,7,1,0,5,0
6699,3,0,65,33,7,1,0,5,0
6700,3,0,65,34,7,0,0,5,0
6701,3,0,65,35,7,0,0,5,0
6702,3,0,65,36,7,1,0,5,0
6703,3,0,65,37,7,0,0,5,0
6704,3,0,65,38,7,0,0,5,0
6705,3,0,65,39,7,1,0,5,0
6706,3,0,65,40,7,1,0,5,0
6707,3,0,65,41,7,0,0,5,0
6708,3,0,65,42,7,0,0,5,0
6709,3,0,65,43,7,0,0,5,0
6710,3,0,65,44,7,0,0,5,0
6711,3,0,65,45,7,0,0,5,0
6712,3,0,65,46,7,1,0,5,0
6713,3,0,65,47,7,0,0,5,0
6714,3,0,65,48,7,0,0,5,0
6715,3,0,65,49,7,1,0,5,0
6716,3,0,65,50,7,1,0,5,0
6717,3,0,65,51,7,0,0,5,0
6718,3,0,65,52,7,1,0,5,0
6719,3,0,65,53,7,1,0,5,0
6720,3,0,65,54,7,0,0,5,0
6721,3,0,65,55,7,0,0,5,1
6722,3,0,65,56,7,0,0,5,0
6723,3,0,65,57,7,0,0,5,0
6724,3,0,65,58,7,0,0,5,0
6725,3,0,65,59,7,1,0,5,0
6726,3,0,65,60,7,0,0,5,0
6727,3,0,65,61,7,0,0,5,0
6728,3,0,65,62,7,1,0,5,0
6729,3,0,65,63,7,1,0,5,0
6730,3,0,65,64,7,0,0,5,0
6731,3,0,65,65,7,0,0,5,0
6732,3,0,65,66,7,1,0,5,0
6733,3,0,65,67,7,0,0,5,0
6734,3,0,65,68,7,0,0,5,1
6735,3,0,65,69,7,0,0,5,0
6736,3,0,65,70,7,1,0,5,0
6737,3,0,65,71,7,0,0,5,0
6738,3,0,65,72,7,1,0,5,0
6739,3,0,65,73,7,0,0,5,0
6740,3,0,65,74,7,0,0,5,0
6741,3,0,65,75,7,0,0,5,0
6742,3,0,65,76,7,1,0,5,0
6743,3,0,65,77,7,0,0,5,0
6744,3,0,65,78,7,0,0,5,0
6745,3,0,65,79,7,1,0,5,0
6746,3,0,65,80,7,1,0,5,0
6747,3,0,65,81,7,0,0,5,1
6748,3,0,65,82,7,0,0,5,0
6749,3,0,65,83,7,1,0,5,0
6750,3,0,65,84,7,0,0,5,0
6751,3,0,65,85,7,0,0,5,0
6752,3,0,65,86,7,0,0,5,0
6753,3,0,65,87,7,0,0,5,0
6754,3,0,65,88,7,0,0,5,0
6755,3,0,65,89,7,1,0,5,0
6756,3,0,65,90,7,0,0,5,0
6757,3,0,65,91,7,0,0,5,0
6758,3,0,65,92,7,1,0,5,0
6759,3,0,65,93,7,1,0,5,0
6760,3,0,65,94,7,0,0,5,1
6761,3,0,65,95,7,0,0,5,0
6762,3,0,65,96,7,1,0,5,0
6763,3,0,65,97,7,0,0,5,0
6764,3,0,65,98,7,0,0,5,0
6765,3,0,65,99,7,0,0,5,0
6766,2,0,66,99,7,0,0,6,0
6767,3,0,66,0,7,1,0,6,0
6768,3,0,66,1,7,0,0,6,1
6769,3,0,66,2,7,1,0,6,0
6770,3,0,66,3,7,0,0,6,0
6771,3,0,66,4,7,0,0,6,0
6772,3,0,66,5,7,0,0,6,0
6773,3,0,66,6,7,1,0,6,0
6774,3,0,66,7,7,0,0,6,0
6775,3,0,66,8,7,0,0,6,0
6776,3,0,66,9,7,1,0,6,0
6777,3,0,66,10,7,1,0,6,0
6778,3,0,66,11,7,0,0,6,0
6779,3,0,66,12,7,0,0,6,0
6780,3,0,66,13,7,1,0,6,0
6781,3,0,66,14,7,0,0,6,1
6782,3,0,66,15,7,0,0,6,0
6783,3,0,66,16,7,0,0,6,0
6784,3,0,66,17,7,0,0,6,0
6785,3,0,66,18,7,0,0,6,0
6786,3,0,66,19,7,1,0,6,0
6787,3,0,66,20,7,1,0,6,0
6788,3,0,66,21,7,0,0,6,0
6789,3,0,66,22,7,1,0,6,0
6790,3,0,66,23,7,1,0,6,0
6791,3,0,66,24,7,0,0,6,0
6792,3,0,66,25,7,0,0,6,0
6793,3,0,66,26,7,1,0,6,0
6794,3,0,66,27,7,0,0,6,0
6795,3,0,66,28,7,0,0,6,0
6796,3,0,66,29,7,0,0,6,0
6797,3,0,66,30,7,0,0,6,0
6798,3,0,66,31,7,0,0,6,0
6799,3,0,66,32,7,1,0,6,0
6800,3,0,66,33,7,1,0,6,0
6801,3,0,66,34,7,0,0,6,0
6802,3,0,66,35,7,0,0,6,0
6803,3,0,66,36,7,1,0,6,0
6804,3,0,66,37,7,0,0,6,0
6805,3,0,66,38,7,0,0,6,0
6806,3,0,66,39,7,1,0,6,0
6807,3,0,66,40,7,1,0,6,0
6808,3,0,66,41,7,0,0,6,0
6809,3,0,66,42,7,0,0,6,0
6810,3,0,66,43,7,0,0,6,0
6811,3,0,66,44,7,0,0,6,0
6812,3,0,66,45,7,0,0,6,0
6813,3,0,66,46,7,1,0,6,0
6814,3,0,66,47,7,0,0,6,0
6815,3,0,66,48,7,0,0,6,0
6816,3,0,66,49,7,1,0,6,0
6817,3,0,66,50,7,1,0,6,0
6818,3,0,66,51,7,0,0,6,0
6819,3,0,66,52,7,1,0,6,0
6820,3,0,66,53,7,1,0,6,0
6821,3,0,66,54,7,0,0,6,0
6822,3,0,66,55,7,0,0,6,0
6823,3,0,66,56,7,0,0,6,0
6824,3,0,66,57,7,0,0,6,0
6825,3,0,66,58,7,0,0,6,0
6826,3,0,66,59,7,1,0,6,0
6827,3,0,66,60,7,0,0,6,0
6828,3,0,66,61,7,0,0,6,0
6829,3,0,66,62,7,1,0,6,1
6830,3,0,66,63,7,1,0,6,0
6831,3,0,66,64,7,0,0,6,0
6832,3,0,66,65,7,0,0,6,0
6833,3,0,66,66,7,1,0,6,0
6834,3,0,66,67,7,0,0,6,0
6835,3,0,66,68,7,0,0,6,0
6836,3,0,66,69,7,0,0,6,0
6837,3,0,66,70,7,1,0,6,0
6838,3,0,66,71,7,0,0,6,0
6839,3,0,66,72,7,1,0,6,0
6840,3,0,66,73,7,0,0,6,0
6841,3,0,66,74,7,0,0,6,0
6842,3,0,66,75,7,0,0,6,1
6843,3,0,66,76,7,1,0,6,0
6844,3,0,66,77,7,0,0,6,0
6845,3,0,66,78,7,0,0,6,0
6846,3,0,66,79,7,1,0,6,0
6847,3,0,66,80,7,1,0,6,0
6848,3,0,66,81,7,0,0,6,0
6849,3,0,66,82,7,0,0,6,0
6850,3,0,66,83,7,1,0,6,0
6851,3,0,66,84,7,0,0,6,0
6852,3,0,66,85,7,0,0,6,0
6853,3,0,66,86,7,0,0,6,0
6854,3,0,66,87,7,0,0,6,0
6855,3,0,66,88,7,0,0,6,1
6856,3,0,66,89,7,1,0,6,0
6857,3,0,66,90,7,0,0,6,0
6858,3,0,66,91,7,0,0,6,0
6859,3,0,66,92,7,1,0,6,0
6860,3,0,66,93,7,1,0,6,0
6861,3,0,66,94,7,0,0,6,0
6862,3,0,66,95,7,0,0,6,0
6863,3,0,66,96,7,1,0,6,0
6864,3,0,66,97,7,0,0,6,0
6865,3,0,66,98,7,0,0,6,0
6866,3,0,66,99,7,0,0,6,0
6867,2,0,67,99,7,0,0,7,0
6868,3,0,67,0,7,1,0,7,0
6869,3,0,67,1,7,0,0,7,0
6870,3,0,67,2,7,1,0,7,0
6871,3,0,67,3,7,0,0,7,0
6872,3,0,67,4,7,0,0,7,0
6873,3,0,67,5,7,0,0,7,0
6874,3,0,67,6,7,1,0,7,0
6875,3,0,67,7,7,0,0,7,0
6876,3,0,67,8,7,0,0,7,1
6877,3,0,67,9,7,1,0,7,0
6878,3,0,67,10,7,1,0,7,0
6879,3,0,67,11,7,0,0,7,0
6880,3,0,67,12,7,0,0,7,0
6881,3,0,67,13,7,1,0,7,0
6882,3,0,67,14,7,0,0,7,0
6883,3,0,67,15,7,0,0,7,0
6884,3,0,67,16,7,0,0,7,0
6885,3,0,67,17,7,0,0,7,0
6886,3,0,67,18,7,0,0,7,0
6887,3,0,67,19,7,1,0,7,0
6888,3,0,67,20,7,1,0,7,0
6889,3,0,67,21,7,0,0,7,1
6890,3,0,67,22,7,1,0,7,0
6891,3,0,67,23,7,1,0,7,0
6892,3,0,67,24,7,0,0,7,0
6893,3,0,67,25,7,0,0,7,0
6894,3,0,67,26,7,1,0,7,0
6895,3,0,67,27,7,0,0,7,0
6896,3,0,67,28,7,0,0,7,0
6897,3,0,67,29,7,0,0,7,0
6898,3,0,67,30,7,0,0,7,0
6899,3,0,67,31,7,0,0,7,0
6900,3,0,67,32,7,1,0,7,0
6901,3,0,67,33,7,1,0,7,0
6902,3,0,67,34,7,0,0,7,0
6903,3,0,67,35,7,0,0,7,0
6904,3,0,67,36,7,1,0,7,0
6905,3,0,67,37,7,0,0,7,0
6906,3,0,67,38,7,0,0,7,0
6907,3,0,67,39,7,1,0,7,0
6908,3,0,67,40,7,1,0,7,0
6909,3,0,67,41,7,0,0,7,0
6910,3,0,67,42,7,0,0,7,0
6911,3,0,67,43,7,0,0,7,0
6912,3,0,67,44,7,0,0,7,0
6913,3,0,67,45,7,0,0,7,0
6914,3,0,67,46,7,1,0,7,0
6915,3,0,67,47,7,0,0,7,0
6916,3,0,67,48,7,0,0,7,0
6917,3,0,67,49,7,1,0,7,0
6918,3,0,67,50,7,1,0,7,0
6919,3,0,67,51,7,0,0,7,0
6920,3,0,67,52,7,1,0,7,0
6921,3,0,67,53,7,1,0,7,0
6922,3,0,67,54,7,0,0,7,0
6923,3,0,67,55,7,0,0,7,0
6924,3,0,67,56,7,0,0,7,0
6925,3,0,67,57,7,0,0,7,0
6926,3,0,67,58,7,0,0,7,0
6927,3,0,67,59,7,1,0,7,0
6928,3,0,67,60,7,0,0,7,0
6929,3,0,67,61,7,0,0,7,0
6930,3,0,67,62,7,1,0,7,0
6931,3,0,67,63,7,1,0,7,0
6932,3,0,67,64,7,0,0,7,0
6933,3,0,67,65,7,0,0,7,0
6934,3,0,67,66,7,1,0,7,0
6935,3,0,67,67,7,0,0,7,0
6936,3,0,67,68,7,0,0,7,0
6937,3,0,67,69,7,0,0,7,1
6938,3,0,67,70,7,1,0,7,0
6939,3,0,67,71,7,0,0,7,0
6940,3,0,67,72,7,1,0,7,0
6941,3,0,67,73,7,0,0,7,0
6942,3,0,67,74,7,0,0,7,0
6943,3,0,67,75,7,0,0,7,0
6944,3,0,67,76,7,1,0,7,0
6945,3,0,67,77,7,0,0,7,0
6946,3,0,67,78,7,0,0,7,0
6947,3,0,67,79,7,1,0,7,0
6948,3,0,67,80,7,1,0,7,0
6949,3,0,67,81,7,0,0,7,0
6950,3,0,67,82,7,0,0,7,1
6951,3,0,67,83,7,1,0,7,0
6952,3,0,67,84,7,0,0,7,0
6953,3,0,67,85,7,0,0,7,0
6954,3,0,67,86,7,0,0,7,0
6955,3,0,67,87,7,0,0,7,0
6956,3,0,67,88,7,0,0,7,0
6957,3,0,67,89,7,1,0,7,0
6958,3,0,67,90,7,0,0,7,0
6959,3,0,67,91,7,0,0,7,0
6960,3,0,67,92,7,1,0,7,0
6961,3,0,67,93,7,1,0,7,0
6962,3,0,67,94,7,0,0,7,0
6963,3,0,67,95,7,0,0,7,1
6964,3,0,67,96,7,1,0,7,0
6965,3,0,67,97,7,0,0,7,0
6966,3,0,67,98,7,0,0,7,0
6967,3,0,67,99,7,0,0,7,0
6968,2,0,68,99,7,0,0,8,0
6969,3,0,68,0,7,1,0,8,0
6970,3,0,68,1,7,0,0,8,0
6971,3,0,68,2,7,1,0,8,1
6972,3,0,68,3,7,0,0,8,0
6973,3,0,68,4,7,0,0,8,0
6974,3,0,68,5,7,0,0,8,0
6975,3,0,68,6,7,1,0,8,0
6976,3,0,68,7,7,0,0,8,0
6977,3,0,68,8,7,0,0,8,0
6978,3,0,68,9,7,1,0,8,0
6979,3,0,68,10,7,1,0,8,0
6980,3,0,68,11,7,0,0,8,0
6981,3,0,68,12,7,0,0,8,0
6982,3,0,68,13,7,1,0,8,0
6983,3,0,68,14,7,0,0,8,0
6984,3,0,68,15,7,0,0,8,1
6985,3,0,68,16,7,0,0,8,0
6986,3,0,68,17,7,0,0,8,0
6987,3,0,68,18,7,0,0,8,0
6988,3,0,68,19,7,1,0,8,0
6989,3,0,68,20,7,1,0,8,0
6990,3,0,68,21,7,0,0,8,0
6991,3,0,68,22,7,1,0,8,0
6992,3,0,68,23,7,1,0,8,0
6993,3,0,68,24,7,0,0,8,0
6994,3,0,68,25,7,0,0,8,0
6995,3,0,68,26,7,1,0,8,0
6996,3,0,68,27,7,0,0,8,0
6997,3,0,68,28,7,0,0,8,1
6998,3,0,68,29,7,0,0,8,0
6999,3,0,68,30,7,0,0,8,0
7000,3,0,68,31,7,0,0,8,0
7001,3,0,68,32,7,1,0,8,0
7002,3,0,68,33,7,1,0,8,0
7003,3,0,68,34,7,0,0,8,0
7004,3,0,68,35,7,0,0,8,0
7005,3,0,68,36,7,1,0,8,0
7006,3,0,68,37,7,0,0,8,0
7007,3,0,68,38,7,0,0,8,0
7008,3,0,68,39,7,1,0,8,0
7009,3,0,68,40,7,1,0,8,0
7010,3,0,68,41,7,0,0,8,0
7011,3,0,68,42,7,0,0,8,0
7012,3,0,68,43,7,0,0,8,0
7013,3,0,68,44,7,0,0,8,0
7014,3,0,68,45,7,0,0,8,0
7015,3,0,68,46,7,1,0,8,0
7016,3,0,68,47,7,0,0,8,0
7017,3,0,68,48,7,0,0,8,0
7018,3,0,68,49,7,1,0,8,0
7019,3,0,68,50,7,1,0,8,0
7020,3,0,68,51,7,0,0,8,0
7021,3,0,68,52,7,1,0,8,0
7022,3,0,68,53,7,1,0,8,0
7023,3,0,68,54,7,0,0,8,0
7024,3,0,68,55,7,0,0,8,0
7025,3,0,68,56,7,0,0,8,0
7026,3,0,68,57,7,0,0,8,0
7027,3,0,68,58,7,0,0,8,0
7028,3,0,68,59,7,1,0,8,0
7029,3,0,68,60,7,0,0,8,0
7030,3,0,68,61,7,0,0,8,0
7031,3,0,68,62,7,1,0,8,0
7032,3,0,68,63,7,1,0,8,0
7033,3,0,68,64,7,0,0,8,0
7034,3,0,68,65,7,0,0,8,0
7035,3,0,68,66,7,1,0,8,0
7036,3,0,68,67,7,0,0,8,0
7037,3,0,68,68,7,0,0,8,0
7038,3,0,68,69,7,0,0,8,0
7039,3,0,68,70,7,1,0,8,0
7040,3,0,68,71,7,0,0,8,0
7041,3,0,68,72,7,1,0,8,0
7042,3,0,68,73,7,0,0,8,0
7043,3,0,68,74,7,0,0,8,0
7044,3,0,68,75,7,0,0,8,0
7045,3,0,68,76,7,1,0,8,1
7046,3,0,68,77,7,0,0,8,0
7047,3,0,68,78,7,0,0,8,0
7048,3,0,68,79,7,1,0,8,0
7049,3,0,68,80,7,1,0,8,0
7050,3,0,68,81,7,0,0,8,0
7051,3,0,68,82,7,0,0,8,0
7052,3,0,68,83,7,1,0,8,0
7053,3,0,68,84,7,0,0,8,0
7054,3,0,68,85,7,0,0,8,0
7055,3,0,68,86,7,0,0,8,0
7056,3,0,68,87,7,0,0,8,0
7057,3,0,68,88,7,0,0,8,0
7058,3,0,68,89,7,1,0,8,1
7059,3,0,68,90,7,0,0,8,0
7060,3,0,68,91,7,0,0,8,0
7061,3,0,68,92,7,1,0,8,0
7062,3,0,68,93,7,1,0,8,0
7063,3,0,68,94,7,0,0,8,0
7064,3,0,68,95,7,0,0,8,0
7065,3,0,68,96,7,1,0,8,0
7066,3,0,68,97,7,0,0,8,0
7067,3,0,68,98,7,0,0,8,0
7068,3,0,68,99,7,0,0,8,0
7069,2,0,69,99,7,0,0,9,0
7070,3,0,69,0,7,1,0,9,0
7071,3,0,69,1,7,0,0,9,0
7072,3,0,69,2,7,1,0,9,0
7073,3,0,69,3,7,0,0,9,0
7074,3,0,69,4,7,0,0,9,0
7075,3,0,69,5,7,0,0,9,0
7076,3,0,69,6,7,1,0,9,0
7077,3,0,69,7,7,0,0,9,0
7078,3,0,69,8,7,0,0,9,0
7079,3,0,69,9,7,1,0,9,1
7080,3,0,69,10,7,1,0,9,0
7081,3,0,69,11,7,0,0,9,0
7082,3,0,69,12,7,0,0,9,0
7083,3,0,69,13,7,1,0,9,0
7084,3,0,69,14,7,0,0,9,0
7085,3,0,69,15,7,0,0,9,0
7086,3,0,69,16,7,0,0,9,0
7087,3,0,69,17,7,0,0,9,0
7088,3,0,69,18,7,0,0,9,0
7089,3,0,69,19,7,1,0,9,0
7090,3,0,69,20,7,1,0,9,0
7091,3,0,69,21,7,0,0,9,0
7092,3,0,69,22,7,1,0,9,1
7093,3,0,69,23,7,1,0,9,0
7094,3,0,69,24,7,0,0,9,0
7095,3,0,69,25,7,0,0,9,0
7096,3,0,69,26,7,1,0,9,0
7097,3,0,69,27,7,0,0,9,0
7098,3,0,69,28,7,0,0,9,0
7099,3,0,69,29,7,0,0,9,0
7100,3,0,69,30,7,0,0,9,0
7101,3,0,69,31,7,0,0,9,0
7102,3,0,69,32,7,1,0,9,0
7103,3,0,69,33,7,1,0,9,0
7104,3,0,69,34,7,0,0,9,0
7105,3,0,69,35,7,0,0,9,1
7106,3,0,69,36,7,1,0,9,0
7107,3,0,69,37,7,0,0,9,0
7108,3,0,69,38,7,0,0,9,0
7109,3,0,69,39,7,1,0,9,0
7110,3,0,69,40,7,1,0,9,0
7111,3,0,69,41,7,0,0,9,0
7112,3,0,69,42,7,0,0,9,0
7113,3,0,69,43,7,0,0,9,0
7114,3,0,69,44,7,0,0,9,0
7115,3,0,69,45,7,0,0,9,0
7116,3,0,69,46,7,1,0,9,0
7117,3,0,69,47,7,0,0,9,0
7118,3,0,69,48,7,0,0,9,0
7119,3,0,69,49,7,1,0,9,0
7120,3,0,69,50,7,1,0,9,0
7121,3,0,69,51,7,0,0,9,0
7122,3,0,69,52,7,1,0,9,0
7123,3,0,69,53,7,1,0,9,0
7124,3,0,69,54,7,0,0,9,0
7125,3,0,69,55,7,0,0,9,0
7126,3,0,69,56,7,0,0,9,0
7127,3,0,69,57,7,0,0,9,0
7128,3,0,69,58,7,0,0,9,0
7129,3,0,69,59,7,1,0,9,0
7130,3,0,69,60,7,0,0,9,0
7131,3,0,69,61,7,0,0,9,0
7132,3,0,69,62,7,1,0,9,0
7133,3,0,69,63,7,1,0,9,0
7134,3,0,69,64,7,0,0,9,0
7135,3,0,69,65,7,0,0,9,0
7136,3,0,69,66,7,1,0,9,0
7137,3,0,69,67,7,0,0,9,0
7138,3,0,69,68,7,0,0,9,0
7139,3,0,69,69,7,0,0,9,0
7140,3,0,69,70,7,1,0,9,0
7141,3,0,69,71,7,0,0,9,0
7142,3,0,69,72,7,1,0,9,0
7143,3,0,69,73,7,0,0,9,0
7144,3,0,69,74,7,0,0,9,0
7145,3,0,69,75,7,0,0,9,0
7146,3,0,69,76,7,1,0,9,0
7147,3,0,69,77,7,0,0,9,0
7148,3,0,69,78,7,0,0,9,0
7149,3,0,69,79,7,1,0,9,0
7150,3,0,69,80,7,1,0,9,0
7151,3,0,69,81,7,0,0,9,0
7152,3,0,69,82,7,0,0,9,0
7153,3,0,69,83,7,1,0,9,1
7154,3,0,69,84,7,0,0,9,0
7155,3,0,69,85,7,0,0,9,0
7156,3,0,69,86,7,0,0,9,0
7157,3,0,69,87,7,0,0,9,0
7158,3,0,69,88,7,0,0,9,0
7159,3,0,69,89,7,1,0,9,0
7160,3,0,69,90,7,0,0,9,0
7161,3,0,69,91,7,0,0,9,0
7162,3,0,69,92,7,1,0,9,0
7163,3,0,69,93,7,1,0,9,0
7164,3,0,69,94,7,0,0,9,0
7165,3,0,69,95,7,0,0,9,0
7166,3,0,69,96,7,1,0,9,1
7167,3,0,69,97,7,0,0,9,0
7168,3,0,69,98,7,0,0,9,0
7169,3,0,69,99,7,0,0,9,0
7170,2,0,70,99,7,0,0,0,0
7171,3,0,70,0,7,1,1,0,0
7172,3,0,70,1,7,0,1,0,0
7173,3,0,70,2,7,1,1,0,0
7174,3,0,70,3,7,0,1,0,1
7175,3,0,70,4,7,0,1,0,0
7176,3,0,70,5,7,0,1,0,0
7177,3,0,70,6,7,1,1,0,0
7178,3,0,70,7,7,0,1,0,0
7179,3,0,70,8,7,0,1,0,0
7180,3,0,70,9,7,1,1,0,0
7181,3,0,70,10,7,1,1,0,0
7182,3,0,70,11,7,0,1,0,0
7183,3,0,70,12,7,0,1,0,0
7184,3,0,70,13,7,1,1,0,0
7185,3,0,70,14,7,0,1,0,0
7186,3,0,70,15,7,0,1,0,0
7187,3,0,70,16,7,0,1,0,1
7188,3,0,70,17,7,0,1,0,0
7189,3,0,70,18,7,0,1,0,0
7190,3,0,70,19,7,1,1,0,0
7191,3,0,70,20,7,1,1,0,0
7192,3,0,70,21,7,0,1,0,0
7193,3,0,70,22,7,1,1,0,0
7194,3,0,70,23,7,1,1,0,0
7195,3,0,70,24,7,0,1,0,0
7196,3,0,70,25,7,0,1,0,0
7197,3,0,70,26,7,1,1,0,0
7198,3,0,70,27,7,0,1,0,0
7199,3,0,70,28,7,0,1,0,0
7200,3,0,70,29,7,0,1,0,1
7201,3,0,70,30,7,0,1,0,0
7202,3,0,70,31,7,0,1,0,0
7203,3,0,70,32,7,1,1,0,0
7204,3,0,70,33,7,1,1,0,0
7205,3,0,70,34,7,0,1,0,0
7206,3,0,70,35,7,0,1,0,0
7207,3,0,70,36,7,1,1,0,0
7208,3,0,70,37,7,0,1,0,0
7209,3,0,70,38,7,0,1,0,0
7210,3,0,70,39,7,1,1,0,0
7211,3,0,70,40,7,1,1,0,0
7212,3,0,70,41,7,0,1,0,0
7213,3,0,70,42,7,0,1,0,1
7214,3,0,70,43,7,0,1,0,0
7215,3,0,70,44,7,0,1,0,0
7216,3,0,70,45,7,0,1,0,0
7217,3,0,70,46,7,1,1,0,0
7218,3,0,70,47,7,0,1,0,0
7219,3,0,70,48,7,0,1,0,0
7220,3,0,70,49,7,1,1,0,0
7221,3,0,70,50,7,1,1,0,0
7222,3,0,70,51,7,0,1,0,0
7223,3,0,70,52,7,1,1,0,0
7224,3,0,70,53,7,1,1,0,0
7225,3,0,70,54,7,0,1,0,0
7226,3,0,70,55,7,0,1,0,0
7227,3,0,70,56,7,0,1,0,0
7228,3,0,70,57,7,0,1,0,0
7229,3,0,70,58,7,0,1,0,0
7230,3,0,70,59,7,1,1,0,0
7231,3,0,70,60,7,0,1,0,0
7232,3,0,70,61,7,0,1,0,0
7233,3,0,70,62,7,1,1,0,0
7234,3,0,70,63,7,1,1,0,0
7235,3,0,70,64,7,0,1,0,0
7236,3,0,70,65,7,0,1,0,0
7237,3,0,70,66,7,1,1,0,0
7238,3,0,70,67,7,0,1,0,0
7239,3,0,70,68,7,0,1,0,0
7240,3,0,70,69,7,0,1,0,0
7241,3,0,70,70,7,1,1,0,0
7242,3,0,70,71,7,0,1,0,0
7243,3,0,70,72,7,1,1,0,0
7244,3,0,70,73,7,0,1,0,0
7245,3,0,70,74,7,0,1,0,0
7246,3,0,70,75,7,0,1,0,0
7247,3,0,70,76,7,1,1,0,0
7248,3,0,70,77,7,0,1,0,0
7249,3,0,70,78,7,0,1,0,0
7250,3,0,70,79,7,1,1,0,0
7251,3,0,70,80,7,1,1,0,0
7252,3,0,70,81,7,0,1,0,0
7253,3,0,70,82,7,0,1,0,0
7254,3,0,70,83,7,1,1,0,0
7255,3,0,70,84,7,0,1,0,0
7256,3,0,70,85,7,0,1,0,0
7257,3,0,70,86,7,0,1,0,0
7258,3,0,70,87,7,0,1,0,0
7259,3,0,70,88,7,0,1,0,0
7260,3,0,70,89,7,1,1,0,0
7261,3,0,70,90,7,0,1,0,1
7262,3,0,70,91,7,0,1,0,0
7263,3,0,70,92,7,1,1,0,0
7264,3,0,70,93,7,1,1,0,0
7265,3,0,70,94,7,0,1,0,0
7266,3,0,70,95,7,0,1,0,0
7267,3,0,70,96,7,1,1,0,0
7268,3,0,70,97,7,0,1,0,0
7269,3,0,70,98,7,0,1,0,0
7270,3,0,70,99,7,0,1,0,0
7271,2,0,71,99,8,0,1,1,0
7272,3,0,71,0,8,1,0,1,0
7273,3,0,71,1,8,0,0,1,0
7274,3,0,71,2,8,1,0,1,0
7275,3,0,71,3,8,1,0,1,0
7276,3,0,71,4,8,0,0,1,0
7277,3,0,71,5,8,0,0,1,0
7278,3,0,71,6,8,1,0,1,0
7279,3,0,71,7,8,0,0,1,0
7280,3,0,71,8,8,0,0,1,0
7281,3,0,71,9,8,1,0,1,0
7282,3,0,71,10,8,1,0,1,1
7283,3,0,71,11,8,0,0,1,0
7284,3,0,71,12,8,0,0,1,0
7285,3,0,71,13,8,1,0,1,0
7286,3,0,71,14,8,0,0,1,0
7287,3,0,71,15,8,0,0,1,0
7288,3,0,71,16,8,1,0,1,0
7289,3,0,71,17,8,0,0,1,0
7290,3,0,71,18,8,0,0,1,0
7291,3,0,71,19,8,1,0,1,0
7292,3,0,71,20,8,1,0,1,0
7293,3,0,71,21,8,0,0,1,0
7294,3,0,71,22,8,1,0,1,0
7295,3,0,71,23,8,1,0,1,1
7296,3,0,71,24,8,0,0,1,0
7297,3,0,71,25,8,0,0,1,0
7298,3,0,71,26,8,1,0,1,0
7299,3,0,71,27,8,0,0,1,0
7300,3,0,71,28,8,0,0,1,0
7301,3,0,71,29,8,1,0,1,0
7302,3,0,71,30,8,0,0,1,0
7303,3,0,71,31,8,0,0,1,0
7304,3,0,71,32,8,1,0,1,0
7305,3,0,71,33,8,1,0,1,0
7306,3,0,71,34,8,0,0,1,0
7307,3,0,71,35,8,0,0,1,0
7308,3,0,71,36,8,1,0,1,1
7309,3,0,71,37,8,0,0,1,0
7310,3,0,71,38,8,0,0,1,0
7311,3,0,71,39,8,1,0,1,0
7312,3,0,71,40,8,1,0,1,0
7313,3,0,71,41,8,0,0,1,0
7314,3,0,71,42,8,1,0,1,0
7315,3,0,71,43,8,0,0,1,0
7316,3,0,71,44,8,0,0,1,0
7317,3,0,71,45,8,0,0,1,0
7318,3,0,71,46,8,1,0,1,0
7319,3,0,71,47,8,0,0,1,0
7320,3,0,71,48,8,0,0,1,0
7321,3,0,71,49,8,1,0,1,1
7322,3,0,71,50,8,1,0,1,0
7323,3,0,71,51,8,0,0,1,0
7324,3,0,71,52,8,1,0,1,0
7325,3,0,71,53,8,1,0,1,0
7326,3,0,71,54,8,0,0,1,0
7327,3,0,71,55,8,0,0,1,0
7328,3,0,71,56,8,0,0,1,0
7329,3,0,71,57,8,0,0,1,0
7330,3,0,71,58,8,0,0,1,0
7331,3,0,71,59,8,1,0,1,0
7332,3,0,71,60,8,0,0,1,0
7333,3,0,71,61,8,0,0,1,0
7334,3,0,71,62,8,1,0,1,0
7335,3,0,71,63,8,1,0,1,0
7336,3,0,71,64,8,0,0,1,0
7337,3,0,71,65,8,0,0,1,0
7338,3,0,71,66,8,1,0,1,0
7339,3,0,71,67,8,0,0,1,0
7340,3,0,71,68,8,0,0,1,0
7341,3,0,71,69,8,0,0,1,0
7342,3,0,71,70,8,1,0,1,0
7343,3,0,71,71,8,0,0,1,0
7344,3,0,71,72,8,1,0,1,0
7345,3,0,71,73,8,0,0,1,0
7346,3,0,71,74,8,0,0,1,0
7347,3,0,71,75,8,0,0,1,0
7348,3,0,71,76,8,1,0,1,0
7349,3,0,71,77,8,0,0,1,0
7350,3,0,71,78,8,0,0,1,0
7351,3,0,71,79,8,1,0,1,0
7352,3,0,71,80,8,1,0,1,0
7353,3,0,71,81,8,0,0,1,0
7354,3,0,71,82,8,0,0,1,0
7355,3,0,71,83,8,1,0,1,0
7356,3,0,71,84,8,0,0,1,0
7357,3,0,71,85,8,0,0,1,0
7358,3,0,71,86,8,0,0,1,0
7359,3,0,71,87,8,0,0,1,0
7360,3,0,71,88,8,0,0,1,0
7361,3,0,71,89,8,1,0,1,0
7362,3,0,71,90,8,1,0,1,0
7363,3,0,71,91,8,0,0,1,0
7364,3,0,71,92,8,1,0,1,0
7365,3,0,71,93,8,1,0,1,0
7366,3,0,71,94,8,0,0,1,0
7367,3,0,71,95,8,0,0,1,0
7368,3,0,71,96,8,1,0,1,0
7369,3,0,71,97,8,0,0,1,1
7370,3,0,71,98,8,0,0,1,0
7371,3,0,71,99,8,0,0,1,0
7372,2,0,72,99,8,0,0,2,0
7373,3,0,72,0,8,1,0,2,0
7374,3,0,72,1,8,0,0,2,0
7375,3,0,72,2,8,1,0,2,0
7376,3,0,72,3,8,1,0,2,0
7377,3,0,72,4,8,0,0,2,1
7378,3,0,72,5,8,0,0,2,0
7379,3,0,72,6,8,1,0,2,0
7380,3,0,72,7,8,0,0,2,0
7381,3,0,72,8,8,0,0,2,0
7382,3,0,72,9,8,1,0,2,0
7383,3,0,72,10,8,1,0,2,0
7384,3,0,72,11,8,0,0,2,0
7385,3,0,72,12,8,0,0,2,0
7386,3,0,72,13,8,1,0,2,0
7387,3,0,72,14,8,0,0,2,0
7388,3,0,72,15,8,0,0,2,0
7389,3,0,72,16,8,1,0,2,0
7390,3,0,72,17,8,0,0,2,1
7391,3,0,72,18,8,0,0,2,0
7392,3,0,72,19,8,1,0,2,0
7393,3,0,72,20,8,1,0,2,0
7394,3,0,72,21,8,0,0,2,0
7395,3,0,72,22,8,1,0,2,0
7396,3,0,72,23,8,1,0,2,0
7397,3,0,72,24,8,0,0,2,0
7398,3,0,72,25,8,0,0,2,0
7399,3,0,72,26,8,1,0,2,0
7400,3,0,72,27,8,0,0,2,0
7401,3,0,72,28,8,0,0,2,0
7402,3,0,72,29,8,1,0,2,0
7403,3,0,72,30,8,0,0,2,1
7404,3,0,72,31,8,0,0,2,0
7405,3,0,72,32,8,1,0,2,0
7406,3,0,72,33,8,1,0,2,0
7407,3,0,72,34,8,0,0,2,0
7408,3,0,72,35,8,0,0,2,0
7409,3,0,72,36,8,1,0,2,0
7410,3,0,72,37,8,0,0,2,0
7411,3,0,72,38,8,0,0,2,0
7412,3,0,72,39,8,1,0,2,0
7413,3,0,72,40,8,1,0,2,0
7414,3,0,72,41,8,0,0,2,0
7415,3,0,72,42,8,1,0,2,0
7416,3,0,72,43,8,0,0,2,1
7417,3,0,72,44,8,0,0,2,0
7418,3,0,72,45,8,0,0,2,0
7419,3,0,72,46,8,1,0,2,0
7420,3,0,72,47,8,0,0,2,0
7421,3,0,72,48,8,0,0,2,0
7422,3,0,72,49,8,1,0,2,0
7423,3,0,72,50,8,1,0,2,0
7424,3,0,72,51,8,0,0,2,0
7425,3,0,72,52,8,1,0,2,0
7426,3,0,72,53,8,1,0,2,0
7427,3,0,72,54,8,0,0,2,0
7428,3,0,72,55,8,0,0,2,0
7429,3,0,72,56,8,0,0,2,1
7430,3,0,72,57,8,0,0,2,0
7431,3,0,72,58,8,0,0,2,0
7432,3,0,72,59,8,1,0,2,0
7433,3,0,72,60,8,0,0,2,0
7434,3,0,72,61,8,0,0,2,0
7435,3,0,72,62,8,1,0,2,0
7436,3,0,72,63,8,1,0,2,0
7437,3,0,72,64,8,0,0,2,0
7438,3,0,72,65,8,0,0,2,0
7439,3,0,72,66,8,1,0,2,0
7440,3,0,72,67,8,0,0,2,0
7441,3,0,72,68,8,0,0,2,0
7442,3,0,72,69,8,0,0,2,0
7443,3,0,72,70,8,1,0,2,0
7444,3,0,72,71,8,0,0,2,0
7445,3,0,72,72,8,1,0,2,0
7446,3,0,72,73,8,0,0,2,0
7447,3,0,72,74,8,0,0,2,0
7448,3,0,72,75,8,0,0,2,0
7449,3,0,72,76,8,1,0,2,0
7450,3,0,72,77,8,0,0,2,0
7451,3,0,72,78,8,0,0,2,0
7452,3,0,72,79,8,1,0,2,0
7453,3,0,72,80,8,1,0,2,0
7454,3,0,72,81,8,0,0,2,0
7455,3,0,72,82,8,0,0,2,0
7456,3,0,72,83,8,1,0,2,0
7457,3,0,72,84,8,0,0,2,0
7458,3,0,72,85,8,0,0,2,0
7459,3,0,72,86,8,0,0,2,0
7460,3,0,72,87,8,0,0,2,0
7461,3,0,72,88,8,0,0,2,0
7462,3,0,72,89,8,1,0,2,0
7463,3,0,72,90,8,1,0,2,0
7464,3,0,72,91,8,0,0,2,0
7465,3,0,72,92,8,1,0,2,0
7466,3,0,72,93,8,1,0,2,0
7467,3,0,72,94,8,0,0,2,0
7468,3,0,72,95,8,0,0,2,0
7469,3,0,72,96,8,1,0,2,0
7470,3,0,72,97,8,0,0,2,0
7471,3,0,72,98,8,0,0,2,0
7472,3,0,72,99,8,0,0,2,0
7473,2,0,73,99,8,0,0,3,0
7474,3,0,73,0,8,1,0,3,0
7475,3,0,73,1,8,0,0,3,0
7476,3,0,73,2,8,1,0,3,0
7477,3,0,73,3,8,1,0,3,0
7478,3,0,73,4,8,0,0,3,0
7479,3,0,73,5,8,0,0,3,0
7480,3,0,73,6,8,1,0,3,0
7481,3,0,73,7,8,0,0,3,0
7482,3,0,73,8,8,0,0,3,0
7483,3,0,73,9,8,1,0,3,0
7484,3,0,73,10,8,1,0,3,0
7485,3,0,73,11,8,0,0,3,1
7486,3,0,73,12,8,0,0,3,0
7487,3,0,73,13,8,1,0,3,0
7488,3,0,73,14,8,0,0,3,0
7489,3,0,73,15,8,0,0,3,0
7490,3,0,73,16,8,1,0,3,0
7491,3,0,73,17,8,0,0,3,0
7492,3,0,73,18,8,0,0,3,0
7493,3,0,73,19,8,1,0,3,0
7494,3,0,73,20,8,1,0,3,0
7495,3,0,73,21,8,0,0,3,0
7496,3,0,73,22,8,1,0,3,0
7497,3,0,73,23,8,1,0,3,0
7498,3,0,73,24,8,0,0,3,1
7499,3,0,73,25,8,0,0,3,0
7500,3,0,73,26,8,1,0,3,0
7501,3,0,73,27,8,0,0,3,0
7502,3,0,73,28,8,0,0,3,0
7503,3,0,73,29,8,1,0,3,0
7504,3,0,73,30,8,0,0,3,0
7505,3,0,73,31,8,0,0,3,0
7506,3,0,73,32,8,1,0,3,0
7507,3,0,73,33,8,1,0,3,0
7508,3,0,73,34,8,0,0,3,0
7509,3,0,73,35,8,0,0,3,0
7510,3,0,73,36,8,1,0,3,0
7511,3,0,73,37,8,0,0,3,1
7512,3,0,73,38,8,0,0,3,0
7513,3,0,73,39,8,1,0,3,0
7514,3,0,73,40,8,1,0,3,0
7515,3,0,73,41,8,0,0,3,0
7516,3,0,73,42,8,1,0,3,0
7517,3,0,73,43,8,0,0,3,0
7518,3,0,73,44,8,0,0,3,0
7519,3,0,73,45,8,0,0,3,0
7520,3,0,73,46,8,1,0,3,0
7521,3,0,73,47,8,0,0,3,0
7522,3,0,73,48,8,0,0,3,0
7523,3,0,73,49,8,1,0,3,0
7524,3,0,73,50,8,1,0,3,1
7525,3,0,73,51,8,0,0,3,0
7526,3,0,73,52,8,1,0,3,0
7527,3,0,73,53,8,1,0,3,0
7528,3,0,73,54,8,0,0,3,0
7529,3,0,73,55,8,0,0,3,0
7530,3,0,73,56,8,0,0,3,0
7531,3,0,73,57,8,0,0,3,0
7532,3,0,73,58,8,0,0,3,0
7533,3,0,73,59,8,1,0,3,0
7534,3,0,73,60,8,0,0,3,0
7535,3,0,73,61,8,0,0,3,0
7536,3,0,73,62,8,1,0,3,0
7537,3,0,73,63,8,1,0,3,1
7538,3,0,73,64,8,0,0,3,0
7539,3,0,73,65,8,0,0,3,0
7540,3,0,73,66,8,1,0,3,0
7541,3,0,73,67,8,0,0,3,0
7542,3,0,73,68,8,0,0,3,0
7543,3,0,73,69,8,0,0,3,0
7544,3,0,73,70,8,1,0,3,0
7545,3,0,73,71,8,0,0,3,0
7546,3,0,73,72,8,1,0,3,0
7547,3,0,73,73,8,0,0,3,0
7548,3,0,73,74,8,0,0,3,0
7549,3,0,73,75,8,0,0,3,0
7550,3,0,73,76,8,1,0,3,0
7551,3,0,73,77,8,0,0,3,0
7552,3,0,73,78,8,0,0,3,0
7553,3,0,73,79,8,1,0,3,0
7554,3,0,73,80,8,1,0,3,0
7555,3,0,73,81,8,0,0,3,0
7556,3,0,73,82,8,0,0,3,0
7557,3,0,73,83,8,1,0,3,0
7558,3,0,73,84,8,0,0,3,0
7559,3,0,73,85,8,0,0,3,0
7560,3,0,73,86,8,0,0,3,0
7561,3,0,73,87,8,0,0,3,0
7562,3,0,73,88,8,0,0,3,0
7563,3,0,73,89,8,1,0,3,0
7564,3,0,73,90,8,1,0,3,0
7565,3,0,73,91,8,0,0,3,0
7566,3,0,73,92,8,1,0,3,0
7567,3,0,73,93,8,1,0,3,0
7568,3,0,73,94,8,0,0,3,0
7569,3,0,73,95,8,0,0,3,0
7570,3,0,73,96,8,1,0,3,0
7571,3,0,73,97,8,0,0,3,0
7572,3,0,73,98,8,0,0,3,0
7573,3,0,73,99,8,0,0,3,0
7574,2,0,74,99,8,0,0,4,0
7575,3,0,74,0,8,1,0,4,0
7576,3,0,74,1,8,0,0,4,0
7577,3,0,74,2,8,1,0,4,0
7578,3,0,74,3,8,1,0,4,0
7579,3,0,74,4,8,0,0,4,0
7580,3,0,74,5,8,0,0,4,0
7581,3,0,74,6,8,1,0,4,0
7582,3,0,74,7,8,0,0,4,0
7583,3,0,74,8,8,0,0,4,0
7584,3,0,74,9,8,1,0,4,0
7585,3,0,74,10,8,1,0,4,0
7586,3,0,74,11,8,0,0,4,0
7587,3,0,74,12,8,0,0,4,0
7588,3,0,74,13,8,1,0,4,0
7589,3,0,74,14,8,0,0,4,0
7590,3,0,74,15,8,0,0,4,0
7591,3,0,74,16,8,1,0,4,0
7592,3,0,74,17,8,0,0,4,0
7593,3,0,74,18,8,0,0,4,1
7594,3,0,74,19,8,1,0,4,0
7595,3,0,74,20,8,1,0,4,0
7596,3,0,74,21,8,0,0,4,0
7597,3,0,74,22,8,1,0,4,0
7598,3,0,74,23,8,1,0,4,0
7599,3,0,74,24,8,0,0,4,0
7600,3,0,74,25,8,0,0,4,0
7601,3,0,74,26,8,1,0,4,0
7602,3,0,74,27,8,0,0,4,0
7603,3,0,74,28,8,0,0,4,0
7604,3,0,74,29,8,1,0,4,0
7605,3,0,74,30,8,0,0,4,0
7606,3,0,74,31,8,0,0,4,1
7607,3,0,74,32,8,1,0,4,0
7608,3,0,74,33,8,1,0,4,0
7609,3,0,74,34,8,0,0,4,0
7610,3,0,74,35,8,0,0,4,0
7611,3,0,74,36,8,1,0,4,0
7612,3,0,74,37,8,0,0,4,0
7613,3,0,74,38,8,0,0,4,0
7614,3,0,74,39,8,1,0,4,0
7615,3,0,74,40,8,1,0,4,0
7616,3,0,74,41,8,0,0,4,0
7617,3,0,74,42,8,1,0,4,0
7618,3,0,74,43,8,0,0,4,0
7619,3,0,74,44,8,0,0,4,1
7620,3,0,74,45,8,0,0,4,0
7621,3,0,74,46,8,1,0,4,0
7622,3,0,74,47,8,0,0,4,0
7623,3,0,74,48,8,0,0,4,0
7624,3,0,74,49,8,1,0,4,0
7625,3,0,74,50,8,1,0,4,0
7626,3,0,74,51,8,0,0,4,0
7627,3,0,74,52,8,1,0,4,0
7628,3,0,74,53,8,1,0,4,0
7629,3,0,74,54,8,0,0,4,0
7630,3,0,74,55,8,0,0,4,0
7631,3,0,74,56,8,0,0,4,0
7632,3,0,74,57,8,0,0,4,1
7633,3,0,74,58,8,0,0,4,0
7634,3,0,74,59,8,1,0,4,0
7635,3,0,74,60,8,0,0,4,0
7636,3,0,74,61,8,0,0,4,0
7637,3,0,74,62,8,1,0,4,0
7638,3,0,74,63,8,1,0,4,0
7639,3,0,74,64,8,0,0,4,0
7640,3,0,74,65,8,0,0,4,0
7641,3,0,74,66,8,1,0,4,0
7642,3,0,74,67,8,0,0,4,0
7643,3,0,74,68,8,0,0,4,0
7644,3,0,74,69,8,0,0,4,0
7645,3,0,74,70,8,1,0,4,1
7646,3,0,74,71,8,0,0,4,0
7647,3,0,74,72,8,1,0,4,0
7648,3,0,74,73,8,0,0,4,0
7649,3,0,74,74,8,0,0,4,0
7650,3,0,74,75,8,0,0,4,0
7651,3,0,74,76,8,1,0,4,0
7652,3,0,74,77,8,0,0,4,0
7653,3,0,74,78,8,0,0,4,0
7654,3,0,74,79,8,1,0,4,0
7655,3,0,74,80,8,1,0,4,0
7656,3,0,74,81,8,0,0,4,0
7657,3,0,74,82,8,0,0,4,0
7658,3,0,74,83,8,1,0,4,0
7659,3,0,74,84,8,0,0,4,0
7660,3,0,74,85,8,0,0,4,0
7661,3,0,74,86,8,0,0,4,0
7662,3,0,74,87,8,0,0,4,0
7663,3,0,74,88,8,0,0,4,0
7664,3,0,74,89,8,1,0,4,0
7665,3,0,74,90,8,1,0,4,0
7666,3,0,74,91,8,0,0,4,0
7667,3,0,74,92,8,1,0,4,0
7668,3,0,74,93,8,1,0,4,0
7669,3,0,74,94,8,0,0,4,0
7670,3,0,74,95,8,0,0,4,0
7671,3,0,74,96,8,1,0,4,0
7672,3,0,74,97,8,0,0,4,0
7673,3,0,74,98,8,0,0,4,0
7674,3,0,74,99,8,0,0,4,0
7675,2,0,75,99,8,0,0,5,0
7676,3,0,75,0,8,1,0,5,0
7677,3,0,75,1,8,0,0,5,0
7678,3,0,75,2,8,1,0,5,0
7679,3,0,75,3,8,1,0,5,0
7680,3,0,75,4,8,0,0,5,0
7681,3,0,75,5,8,0,0,5,0
7682,3,0,75,6,8,1,0,5,0
7683,3,0,75,7,8,0,0,5,0
7684,3,0,75,8,8,0,0,5,0
7685,3,0,75,9,8,1,0,5,0
7686,3,0,75,10,8,1,0,5,0
7687,3,0,75,11,8,0,0,5,0
7688,3,0,75,12,8,0,0,5,0
7689,3,0,75,13,8,1,0,5,0
7690,3,0,75,14,8,0,0,5,0
7691,3,0,75,15,8,0,0,5,0
7692,3,0,75,16,8,1,0,5,0
7693,3,0,75,17,8,0,0,5,0
7694,3,0,75,18,8,0,0,5,0
7695,3,0,75,19,8,1,0,5,0
7696,3,0,75,20,8,1,0,5,0
7697,3,0,75,21,8,0,0,5,0
7698,3,0,75,22,8,1,0,5,0
7699,3,0,75,23,8,1,0,5,0
7700,3,0,75,24,8,0,0,5,0
7701,3,0,75,25,8,0,0,5,1
7702,3,0,75,26,8,1,0,5,0
7703,3,0,75,27,8,0,0,5,0
7704,3,0,75,28,8,0,0,5,0
7705,3,0,75,29,8,1,0,5,0
7706,3,0,75,30,8,0,0,5,0
7707,3,0,75,31,8,0,0,5,0
7708,3,0,75,32,8,1,0,5,0
7709,3,0,75,33,8,1,0,5,0
7710,3,0,75,34,8,0,0,5,0
7711,3,0,75,35,8,0,0,5,0
7712,3,0,75,36,8,1,0,5,0
7713,3,0,75,37,8,0,0,5,0
7714,3,0,75,38,8,0,0,5,1
7715,3,0,75,39,8,1,0,5,0
7716,3,0,75,40,8,1,0,5,0
7717,3,0,75,41,8,0,0,5,0
7718,3,0,75,42,8,1,0,5,0
7719,3,0,75,43,8,0,0,5,0
7720,3,0,75,44,8,0,0,5,0
7721,3,0,75,45,8,0,0,5,0
7722,3,0,75,46,8,1,0,5,0
7723,3,0,75,47,8,0,0,5,0
7724,3,0,75,48,8,0,0,5,0
7725,3,0,75,49,8,1,0,5,0
7726,3,0,75,50,8,1,0,5,0
7727,3,0,75,51,8,0,0,5,1
7728,3,0,75,52,8,1,0,5,0
7729,3,0,75,53,8,1,0,5,0
7730,3,0,75,54,8,0,0,5,0
7731,3,0,75,55,8,0,0,5,0
7732,3,0,75,56,8,0,0,5,0
7733,3,0,75,57,8,0,0,5,0
7734,3,0,75,58,8,0,0,5,0
7735,3,0,75,59,8,1,0,5,0
7736,3,0,75,60,8,0,0,5,0
7737,3,0,75,61,8,0,0,5,0
7738,3,0,75,62,8,1,0,5,0
7739,3,0,75,63,8,1,0,5,0
7740,3,0,75,64,8,0,0,5,1
7741,3,0,75,65,8,0,0,5,0
7742,3,0,75,66,8,1,0,5,0
7743,3,0,75,67,8,0,0,5,0
7744,3,0,75,68,8,0,0,5,0
7745,3,0,75,69,8,0,0,5,0
7746,3,0,75,70,8,1,0,5,0
7747,3,0,75,71,8,0,0,5,0
7748,3,0,75,72,8,1,0,5,0
7749,3,0,75,73,8,0,0,5,0
7750,3,0,75,74,8,0,0,5,0
7751,3,0,75,75,8,0,0,5,0
7752,3,0,75,76,8,1,0,5,0
7753,3,0,75,77,8,0,0,5,1
7754,3,0,75,78,8,0,0,5,0
7755,3,0,75,79,8,1,0,5,0
7756,3,0,75,80,8,1,0,5,0
7757,3,0,75,81,8,0,0,5,0
7758,3,0,75,82,8,0,0,5,0
7759,3,0,75,83,8,1,0,5,0
7760,3,0,75,84,8,0,0,5,0
7761,3,0,75,85,8,0,0,5,0
7762,3,0,75,86,8,0,0,5,0
7763,3,0,75,87,8,0,0,5,0
7764,3,0,75,88,8,0,0,5,0
7765,3,0,75,89,8,1,0,5,0
7766,3,0,75,90,8,1,0,5,0
7767,3,0,75,91,8,0,0,5,0
7768,3,0,75,92,8,1,0,5,0
7769,3,0,75,93,8,1,0,5,0
7770,3,0,75,94,8,0,0,5,0
7771,3,0,75,95,8,0,0,5,0
7772,3,0,75,96,8,1,0,5,0
7773,3,0,75,97,8,0,0,5,0
7774,3,0,75,98,8,0,0,5,0
7775,3,0,75,99,8,0,0,5,0
7776,2,0,76,99,8,0,0,6,0
7777,3,0,76,0,8,1,0,6,0
7778,3,0,76,1,8,0,0,6,0
7779,3,0,76,2,8,1,0,6,0
7780,3,0,76,3,8,1,0,6,0
7781,3,0,76,4,8,0,0,6,0
7782,3,0,76,5,8,0,0,6,0
7783,3,0,76,6,8,1,0,6,0
7784,3,0,76,7,8,0,0,6,0
7785,3,0,76,8,8,0,0,6,0
7786,3,0,76,9,8,1,0,6,0
7787,3,0,76,10,8,1,0,6,0
7788,3,0,76,11,8,0,0,6,0
7789,3,0,76,12,8,0,0,6,0
7790,3,0,76,13,8,1,0,6,0
7791,3,0,76,14,8,0,0,6,0
7792,3,0,76,15,8,0,0,6,0
7793,3,0,76,16,8,1,0,6,0
7794,3,0,76,17,8,0,0,6,0
7795,3,0,76,18,8,0,0,6,0
7796,3,0,76,19,8,1,0,6,0
7797,3,0,76,20,8,1,0,6,0
7798,3,0,76,21,8,0,0,6,0
7799,3,0,76,22,8,1,0,6,0
7800,3,0,76,23,8,1,0,6,0
7801,3,0,76,24,8,0,0,6,0
7802,3,0,76,25,8,0,0,6,0
7803,3,0,76,26,8,1,0,6,0
7804,3,0,76,27,8,0,0,6,0
7805,3,0,76,28,8,0,0,6,0
7806,3,0,76,29,8,1,0,6,0
7807,3,0,76,30,8,0,0,6,0
7808,3,0,76,31,8,0,0,6,0
7809,3,0,76,32,8,1,0,6,1
7810,3,0,76,33,8,1,0,6,0
7811,3,0,76,34,8,0,0,6,0
7812,3,0,76,35,8,0,0,6,0
7813,3,0,76,36,8,1,0,6,0
7814,3,0,76,37,8,0,0,6,0
7815,3,0,76,38,8,0,0,6,0
7816,3,0,76,39,8,1,0,6,0
7817,3,0,76,40,8,1,0,6,0
7818,3,0,76,41,8,0,0,6,0
7819,3,0,76,42,8,1,0,6,0
7820,3,0,76,43,8,0,0,6,0
7821,3,0,76,44,8,0,0,6,0
7822,3,0,76,45,8,0,0,6,1
7823,3,0,76,46,8,1,0,6,0
7824,3,0,76,47,8,0,0,6,0
7825,3,0,76,48,8,0,0,6,0
7826,3,0,76,49,8,1,0,6,0
7827,3,0,76,50,8,1,0,6,0
7828,3,0,76,51,8,0,0,6,0
7829,3,0,76,52,8,1,0,6,0
7830,3,0,76,53,8,1,0,6,0
7831,3,0,76,54,8,0,0,6,0
7832,3,0,76,55,8,0,0,6,0
7833,3,0,76,56,8,0,0,6,0
7834,3,0,76,57,8,0,0,6,0
7835,3,0,76,58,8,0,0,6,1
7836,3,0,76,59,8,1,0,6,0
7837,3,0,76,60,8,0,0,6,0
7838,3,0,76,61,8,0,0,6,0
7839,3,0,76,62,8,1,0,6,0
7840,3,0,76,63,8,1,0,6,0
7841,3,0,76,64,8,0,0,6,0
7842,3,0,76,65,8,0,0,6,0
7843,3,0,76,66,8,1,0,6,0
7844,3,0,76,67,8,0,0,6,0
7845,3,0,76,68,8,0,0,6,0
7846,3,0,76,69,8,0,0,6,0
7847,3,0,76,70,8,1,0,6,0
7848,3,0,76,71,8,0,0,6,1
7849,3,0,76,72,8,1,0,6,0
7850,3,0,76,73,8,0,0,6,0
7851,3,0,76,74,8,0,0,6,0
7852,3,0,76,75,8,0,0,6,0
7853,3,0,76,76,8,1,0,6,0
7854,3,0,76,77,8,0,0,6,0
7855,3,0,76,78,8,0,0,6,0
7856,3,0,76,79,8,1,0,6,0
7857,3,0,76,80,8,1,0,6,0
7858,3,0,76,81,8,0,0,6,0
7859,3,0,76,82,8,0,0,6,0
7860,3,0,76,83,8,1,0,6,0
7861,3,0,76,84,8,0,0,6,1
7862,3,0,76,85,8,0,0,6,0
7863,3,0,76,86,8,0,0,6,0
7864,3,0,76,87,8,0,0,6,0
7865,3,0,76,88,8,0,0,6,0
7866,3,0,76,89,8,1,0,6,0
7867,3,0,76,90,8,1,0,6,0
7868,3,0,76,91,8,0,0,6,0
7869,3,0,76,92,8,1,0,6,0
7870,3,0,76,93,8,1,0,6,0
7871,3,0,76,94,8,0,0,6,0
7872,3,0,76,95,8,0,0,6,0
7873,3,0,76,96,8,1,0,6,0
7874,3,0,76,97,8,0,0,6,0
7875,3,0,76,98,8,0,0,6,0
7876,3,0,76,99,8,0,0,6,0
7877,2,0,77,99,8,0,0,7,0
7878,3,0,77,0,8,1,0,7,0
7879,3,0,77,1,8,0,0,7,0
7880,3,0,77,2,8,1,0,7,0
7881,3,0,77,3,8,1,0,7,0
7882,3,0,77,4,8,0,0,7,0
7883,3,0,77,5,8,0,0,7,0
7884,3,0,77,6,8,1,0,7,0
7885,3,0,77,7,8,0,0,7,0
7886,3,0,77,8,8,0,0,7,0
7887,3,0,77,9,8,1,0,7,0
7888,3,0,77,10,8,1,0,7,0
7889,3,0,77,11,8,0,0,7,0
7890,3,0,77,12,8,0,0,7,0
7891,3,0,77,13,8,1,0,7,0
7892,3,0,77,14,8,0,0,7,0
7893,3,0,77,15,8,0,0,7,0
7894,3,0,77,16,8,1,0,7,0
7895,3,0,77,17,8,0,0,7,0
7896,3,0,77,18,8,0,0,7,0
7897,3,0,77,19,8,1,0,7,0
7898,3,0,77,20,8,1,0,7,0
7899,3,0,77,21,8,0,0,7,0
7900,3,0,77,22,8,1,0,7,0
7901,3,0,77,23,8,1,0,7,0
7902,3,0,77,24,8,0,0,7,0
7903,3,0,77,25,8,0,0,7,0
7904,3,0,77,26,8,1,0,7,0
7905,3,0,77,27,8,0,0,7,0
7906,3,0,77,28,8,0,0,7,0
7907,3,0,77,29,8,1,0,7,0
7908,3,0,77,30,8,0,0,7,0
7909,3,0,77,31,8,0,0,7,0
7910,3,0,77,32,8,1,0,7,0
7911,3,0,77,33,8,1,0,7,0
7912,3,0,77,34,8,0,0,7,0
7913,3,0,77,35,8,0,0,7,0
7914,3,0,77,36,8,1,0,7,0
7915,3,0,77,37,8,0,0,7,0
7916,3,0,77,38,8,0,0,7,0
7917,3,0,77,39,8,1,0,7,1
7918,3,0,77,40,8,1,0,7,0
7919,3,0,77,41,8,0,0,7,0
7920,3,0,77,42,8,1,0,7,0
7921,3,0,77,43,8,0,0,7,0
7922,3,0,77,44,8,0,0,7,0
7923,3,0,77,45,8,0,0,7,0
7924,3,0,77,46,8,1,0,7,0
7925,3,0,77,47,8,0,0,7,0
7926,3,0,77,48,8,0,0,7,0
7927,3,0,77,49,8,1,0,7,0
7928,3,0,77,50,8,1,0,7,0
7929,3,0,77,51,8,0,0,7,0
7930,3,0,77,52,8,1,0,7,1
7931,3,0,77,53,8,1,0,7,0
7932,3,0,77,54,8,0,0,7,0
7933,3,0,77,55,8,0,0,7,0
7934,3,0,77,56,8,0,0,7,0
7935,3,0,77,57,8,0,0,7,0
7936,3,0,77,58,8,0,0,7,0
7937,3,0,77,59,8,1,0,7,0
7938,3,0,77,60,8,0,0,7,0
7939,3,0,77,61,8,0,0,7,0
7940,3,0,77,62,8,1,0,7,0
7941,3,0,77,63,8,1,0,7,0
7942,3,0,77,64,8,0,0,7,0
7943,3,0,77,65,8,0,0,7,1
7944,3,0,77,66,8,1,0,7,0
7945,3,0,77,67,8,0,0,7,0
7946,3,0,77,68,8,0,0,7,0
7947,3,0,77,69,8,0,0,7,0
7948,3,0,77,70,8,1,0,7,0
7949,3,0,77,71,8,0,0,7,0
7950,3,0,77,72,8,1,0,7,0
7951,3,0,77,73,8,0,0,7,0
7952,3,0,77,74,8,0,0,7,0
7953,3,0,77,75,8,0,0,7,0
7954,3,0,77,76,8,1,0,7,0
7955,3,0,77,77,8,0,0,7,0
7956,3,0,77,78,8,0,0,7,1
7957,3,0,77,79,8,1,0,7,0
7958,3,0,77,80,8,1,0,7,0
7959,3,0,77,81,8,0,0,7,0
7960,3,0,77,82,8,0,0,7,0
7961,3,0,77,83,8,1,0,7,0
7962,3,0,77,84,8,0,0,7,0
7963,3,0,77,85,8,0,0,7,0
7964,3,0,77,86,8,0,0,7,0
7965,3,0,77,87,8,0,0,7,0
7966,3,0,77,88,8,0,0,7,0
7967,3,0,77,89,8,1,0,7,0
7968,3,0,77,90,8,1,0,7,0
7969,3,0,77,91,8,0,0,7,1
7970,3,0,77,92,8,1,0,7,0
7971,3,0,77,93,8,1,0,7,0
7972,3,0,77,94,8,0,0,7,0
7973,3,0,77,95,8,0,0,7,0
7974,3,0,77,96,8,1,0,7,0
7975,3,0,77,97,8,0,0,7,0
7976,3,0,77,98,8,0,0,7,0
7977,3,0,77,99,8,0,0,7,0
7978,2,0,78,99,8,0,0,8,0
7979,3,0,78,0,8,1,0,8,0
7980,3,0,78,1,8,0,0,8,0
7981,3,0,78,2,8,1,0,8,0
7982,3,0,78,3,8,1,0,8,0
7983,3,0,78,4,8,0,0,8,0
7984,3,0,78,5,8,0,0,8,0
7985,3,0,78,6,8,1,0,8,0
7986,3,0,78,7,8,0,0,8,0
7987,3,0,78,8,8,0,0,8,0
7988,3,0,78,9,8,1,0,8,0
7989,3,0,78,10,8,1,0,8,0
7990,3,0,78,11,8,0,0,8,0
7991,3,0,78,12,8,0,0,8,0
7992,3,0,78,13,8,1,0,8,0
7993,3,0,78,14,8,0,0,8,0
7994,3,0,78,15,8,0,0,8,0
7995,3,0,78,16,8,1,0,8,0
7996,3,0,78,17,8,0,0,8,0
7997,3,0,78,18,8,0,0,8,0
7998,3,0,78,19,8,1,0,8,0
7999,3,0,78,20,8,1,0,8,0
8000,3,0,78,21,8,0,0,8,0
8001,3,0,78,22,8,1,0,8,0
8002,3,0,78,23,8,1,0,8,0
8003,3,0,78,24,8,0,0,8,0
8004,3,0,78,25,8,0,0,8,0
8005,3,0,78,26,8,1,0,8,0
8006,3,0,78,27,8,0,0,8,0
8007,3,0,78,28,8,0,0,8,0
8008,3,0,78,29,8,1,0,8,0
8009,3,0,78,30,8,0,0,8,0
8010,3,0,78,31,8,0,0,8,0
8011,3,0,78,32,8,1,0,8,0
8012,3,0,78,33,8,1,0,8,0
8013,3,0,78,34,8,0,0,8,0
8014,3,0,78,35,8,0,0,8,0
8015,3,0,78,36,8,1,0,8,0
8016,3,0,78,37,8,0,0,8,0
8017,3,0,78,38,8,0,0,8,0
8018,3,0,78,39,8,1,0,8,0
8019,3,0,78,40,8,1,0,8,0
8020,3,0,78,41,8,0,0,8,0
8021,3,0,78,42,8,1,0,8,0
8022,3,0,78,43,8,0,0,8,0
8023,3,0,78,44,8,0,0,8,0
8024,3,0,78,45,8,0,0,8,0
8025,3,0,78,46,8,1,0,8,1
8026,3,0,78,47,8,0,0,8,0
8027,3,0,78,48,8,0,0,8,0
8028,3,0,78,49,8,1,0,8,0
8029,3,0,78,50,8,1,0,8,0
8030,3,0,78,51,8,0,0,8,0
8031,3,0,78,52,8,1,0,8,0
8032,3,0,78,53,8,1,0,8,0
8033,3,0,78,54,8,0,0,8,0
8034,3,0,78,55,8,0,0,8,0
8035,3,0,78,56,8,0,0,8,0
8036,3,0,78,57,8,0,0,8,0
8037,3,0,78,58,8,0,0,8,0
8038,3,0,78,59,8,1,0,8,1
8039,3,0,78,60,8,0,0,8,0
8040,3,0,78,61,8,0,0,8,0
8041,3,0,78,62,8,1,0,8,0
8042,3,0,78,63,8,1,0,8,0
8043,3,0,78,64,8,0,0,8,0
8044,3,0,78,65,8,0,0,8,0
8045,3,0,78,66,8,1,0,8,0
8046,3,0,78,67,8,0,0,8,0
8047,3,0,78,68,8,0,0,8,0
8048,3,0,78,69,8,0,0,8,0
8049,3,0,78,70,8,1,0,8,0
8050,3,0,78,71,8,0,0,8,0
8051,3,0,78,72,8,1,0,8,1
8052,3,0,78,73,8,0,0,8,0
8053,3,0,78,74,8,0,0,8,0
8054,3,0,78,75,8,0,0,8,0
8055,3,0,78,76,8,1,0,8,0
8056,3,0,78,77,8,0,0,8,0
8057,3,0,78,78,8,0,0,8,0
8058,3,0,78,79,8,1,0,8,0
8059,3,0,78,80,8,1,0,8,0
8060,3,0,78,81,8,0,0,8,0
8061,3,0,78,82,8,0,0,8,0
8062,3,0,78,83,8,1,0,8,0
8063,3,0,78,84,8,0,0,8,0
8064,3,0,78,85,8,0,0,8,1
8065,3,0,78,86,8,0,0,8,0
8066,3,0,78,87,8,0,0,8,0
8067,3,0,78,88,8,0,0,8,0
8068,3,0,78,89,8,1,0,8,0
8069,3,0,78,90,8,1,0,8,0
8070,3,0,78,91,8,0,0,8,0
8071,3,0,78,92,8,1,0,8,0
8072,3,0,78,93,8,1,0,8,0
8073,3,0,78,94,8,0,0,8,0
8074,3,0,78,95,8,0,0,8,0
8075,3,0,78,96,8,1,0,8,0
8076,3,0,78,97,8,0,0,8,0
8077,3,0,78,98,8,0,0,8,1
8078,3,0,78,99,8,0,0,8,0
8079,2,0,79,99,8,0,0,9,0
8080,3,0,79,0,8,1,0,9,0
8081,3,0,79,1,8,0,0,9,0
8082,3,0,79,2,8,1,0,9,0
8083,3,0,79,3,8,1,0,9,0
8084,3,0,79,4,8,0,0,9,0
8085,3,0,79,5,8,0,0,9,1
8086,3,0,79,6,8,1,0,9,0
8087,3,0,79,7,8,0,0,9,0
8088,3,0,79,8,8,0,0,9,0
8089,3,0,79,9,8,1,0,9,0
8090,3,0,79,10,8,1,0,9,0
8091,3,0,79,11,8,0,0,9,0
8092,3,0,79,12,8,0,0,9,0
8093,3,0,79,13,8,1,0,9,0
8094,3,0,79,14,8,0,0,9,0
8095,3,0,79,15,8,0,0,9,0
8096,3,0,79,16,8,1,0,9,0
8097,3,0,79,17,8,0,0,9,0
8098,3,0,79,18,8,0,0,9,0
8099,3,0,79,19,8,1,0,9,0
8100,3,0,79,20,8,1,0,9,0
8101,3,0,79,21,8,0,0,9,0
8102,3,0,79,22,8,1,0,9,0
8103,3,0,79,23,8,1,0,9,0
8104,3,0,79,24,8,0,0,9,0
8105,3,0,79,25,8,0,0,9,0
8106,3,0,79,26,8,1,0,9,0
8107,3,0,79,27,8,0,0,9,0
8108,3,0,79,28,8,0,0,9,0
8109,3,0,79,29,8,1,0,9,0
8110,3,0,79,30,8,0,0,9,0
8111,3,0,79,31,8,0,0,9,0
8112,3,0,79,32,8,1,0,9,0
8113,3,0,79,33,8,1,0,9,0
8114,3,0,79,34,8,0,0,9,0
8115,3,0,79,35,8,0,0,9,0
8116,3,0,79,36,8,1,0,9,0
8117,3,0,79,37,8,0,0,9,0
8118,3,0,79,38,8,0,0,9,0
8119,3,0,79,39,8,1,0,9,0
8120,3,0,79,40,8,1,0,9,0
8121,3,0,79,41,8,0,0,9,0
8122,3,0,79,42,8,1,0,9,0
8123,3,0,79,43,8,0,0,9,0
8124,3,0,79,44,8,0,0,9,0
8125,3,0,79,45,8,0,0,9,0
8126,3,0,79,46,8,1,0,9,0
8127,3,0,79,47,8,0,0,9,0
8128,3,0,79,48,8,0,0,9,0
8129,3,0,79,49,8,1,0,9,0
8130,3,0,79,50,8,1,0,9,0
8131,3,0,79,51,8,0,0,9,0
8132,3,0,79,52,8,1,0,9,0
8133,3,0,79,53,8,1,0,9,1
8134,3,0,79,54,8,0,0,9,0
8135,3,0,79,55,8,0,0,9,0
8136,3,0,79,56,8,0,0,9,0
8137,3,0,79,57,8,0,0,9,0
8138,3,0,79,58,8,0,0,9,0
8139,3,0,79,59,8,1,0,9,0
8140,3,0,79,60,8,0,0,9,0
8141,3,0,79,61,8,0,0,9,0
8142,3,0,79,62,8,1,0,9,0
8143,3,0,79,63,8,1,0,9,0
8144,3,0,79,64,8,0,0,9,0
8145,3,0,79,65,8,0,0,9,0
8146,3,0,79,66,8,1,0,9,1
8147,3,0,79,67,8,0,0,9,0
8148,3,0,79,68,8,0,0,9,0
8149,3,0,79,69,8,0,0,9,0
8150,3,0,79,70,8,1,0,9,0
8151,3,0,79,71,8,0,0,9,0
8152,3,0,79,72,8,1,0,9,0
8153,3,0,79,73,8,0,0,9,0
8154,3,0,79,74,8,0,0,9,0
8155,3,0,79,75,8,0,0,9,0
8156,3,0,79,76,8,1,0,9,0
8157,3,0,79,77,8,0,0,9,0
8158,3,0,79,78,8,0,0,9,0
8159,3,0,79,79,8,1,0,9,1
8160,3,0,79,80,8,1,0,9,0
8161,3,0,79,81,8,0,0,9,0
8162,3,0,79,82,8,0,0,9,0
8163,3,0,79,83,8,1,0,9,0
8164,3,0,79,84,8,0,0,9,0
8165,3,0,79,85,8,0,0,9,0
8166,3,0,79,86,8,0,0,9,0
8167,3,0,79,87,8,0,0,9,0
8168,3,0,79,88,8,0,0,9,0
8169,3,0,79,89,8,1,0,9,0
8170,3,0,79,90,8,1,0,9,0
8171,3,0,79,91,8,0,0,9,0
8172,3,0,79,92,8,1,0,9,1
8173,3,0,79,93,8,1,0,9,0
8174,3,0,79,94,8,0,0,9,0
8175,3,0,79,95,8,0,0,9,0
8176,3,0,79,96,8,1,0,9,0
8177,3,0,79,97,8,0,0,9,0
8178,3,0,79,98,8,0,0,9,0
8179,3,0,79,99,8,0,0,9,0
8180,2,0,80,99,8,0,0,0,1
8181,3,0,80,0,8,1,1,0,0
8182,3,0,80,1,8,0,1,0,0
8183,3,0,80,2,8,1,1,0,0
8184,3,0,80,3,8,1,1,0,0
8185,3,0,80,4,8,0,1,0,0
8186,3,0,80,5,8,0,1,0,0
8187,3,0,80,6,8,1,1,0,0
8188,3,0,80,7,8,0,1,0,0
8189,3,0,80,8,8,0,1,0,0
8190,3,0,80,9,8,1,1,0,0
8191,3,0,80,10,8,1,1,0,0
8192,3,0,80,11,8,0,1,0,0
8193,3,0,80,12,8,0,1,0,1
8194,3,0,80,13,8,1,1,0,0
8195,3,0,80,14,8,0,1,0,0
8196,3,0,80,15,8,0,1,0,0
8197,3,0,80,16,8,1,1,0,0
8198,3,0,80,17,8,0,1,0,0
8199,3,0,80,18,8,0,1,0,0
8200,3,0,80,19,8,1,1,0,0
8201,3,0,80,20,8,1,1,0,0
8202,3,0,80,21,8,0,1,0,0
8203,3,0,80,22,8,1,1,0,0
8204,3,0,80,23,8,1,1,0,0
8205,3,0,80,24,8,0,1,0,0
8206,3,0,80,25,8,0,1,0,0
8207,3,0,80,26,8,1,1,0,0
8208,3,0,80,27,8,0,1,0,0
8209,3,0,80,28,8,0,1,0,0
8210,3,0,80,29,8,1,1,0,0
8211,3,0,80,30,8,0,1,0,0
8212,3,0,80,31,8,0,1,0,0
8213,3,0,80,32,8,1,1,0,0
8214,3,0,80,33,8,1,1,0,0
8215,3,0,80,34,8,0,1,0,0
8216,3,0,80,35,8,0,1,0,0
8217,3,0,80,36,8,1,1,0,0
8218,3,0,80,37,8,0,1,0,0
8219,3,0,80,38,8,0,1,0,0
8220,3,0,80,39,8,1,1,0,0
8221,3,0,80,40,8,1,1,0,0
8222,3,0,80,41,8,0,1,0,0
8223,3,0,80,42,8,1,1,0,0
8224,3,0,80,43,8,0,1,0,0
8225,3,0,80,44,8,0,1,0,0
8226,3,0,80,45,8,0,1,0,0
8227,3,0,80,46,8,1,1,0,0
8228,3,0,80,47,8,0,1,0,0
8229,3,0,80,48,8,0,1,0,0
8230,3,0,80,49,8,1,1,0,0
8231,3,0,80,50,8,1,1,0,0
8232,3,0,80,51,8,0,1,0,0
8233,3,0,80,52,8,1,1,0,0
8234,3,0,80,53,8,1,1,0,0
8235,3,0,80,54,8,0,1,0,0
8236,3,0,80,55,8,0,1,0,0
8237,3,0,80,56,8,0,1,0,0
8238,3,0,80,57,8,0,1,0,0
8239,3,0,80,58,8,0,1,0,0
8240,3,0,80,59,8,1,1,0,0
8241,3,0,80,60,8,0,1,0,1
8242,3,0,80,61,8,0,1,0,0
8243,3,0,80,62,8,1,1,0,0
8244,3,0,80,63,8,1,1,0,0
8245,3,0,80,64,8,0,1,0,0
8246,3,0,80,65,8,0,1,0,0
8247,3,0,80,66,8,1,1,0,0
8248,3,0,80,67,8,0,1,0,0
8249,3,0,80,68,8,0,1,0,0
8250,3,0,80,69,8,0,1,0,0
8251,3,0,80,70,8,1,1,0,0
8252,3,0,80,71,8,0,1,0,0
8253,3,0,80,72,8,1,1,0,0
8254,3,0,80,73,8,0,1,0,1
8255,3,0,80,74,8,0,1,0,0
8256,3,0,80,75,8,0,1,0,0
8257,3,0,80,76,8,1,1,0,0
8258,3,0,80,77,8,0,1,0,0
8259,3,0,80,78,8,0,1,0,0
8260,3,0,80,79,8,1,1,0,0
8261,3,0,80,80,8,1,1,0,0
8262,3,0,80,81,8,0,1,0,0
8263,3,0,80,82,8,0,1,0,0
8264,3,0,80,83,8,1,1,0,0
8265,3,0,80,84,8,0,1,0,0
8266,3,0,80,85,8,0,1,0,0
8267,3,0,80,86,8,0,1,0,1
8268,3,0,80,87,8,0,1,0,0
8269,3,0,80,88,8,0,1,0,0
8270,3,0,80,89,8,1,1,0,0
8271,3,0,80,90,8,1,1,0,0
8272,3,0,80,91,8,0,1,0,0
8273,3,0,80,92,8,1,1,0,0
8274,3,0,80,93,8,1,1,0,0
8275,3,0,80,94,8,0,1,0,0
8276,3,0,80,95,8,0,1,0,0
8277,3,0,80,96,8,1,1,0,0
8278,3,0,80,97,8,0,1,0,0
8279,3,0,80,98,8,0,1,0,0
8280,3,0,80,99,8,0,1,0,1
8281,2,0,81,99,9,1,1,1,0
8282,3,0,81,0,9,1,0,1,0
8283,3,0,81,1,9,0,0,1,0
8284,3,0,81,2,9,1,0,1,0
8285,3,0,81,3,9,1,0,1,0
8286,3,0,81,4,9,0,0,1,0
8287,3,0,81,5,9,0,0,1,0
8288,3,0,81,6,9,1,0,1,1
8289,3,0,81,7,9,0,0,1,0
8290,3,0,81,8,9,0,0,1,0
8291,3,0,81,9,9,1,0,1,0
8292,3,0,81,10,9,1,0,1,0
8293,3,0,81,11,9,0,0,1,0
8294,3,0,81,12,9,1,0,1,0
8295,3,0,81,13,9,1,0,1,0
8296,3,0,81,14,9,0,0,1,0
8297,3,0,81,15,9,0,0,1,0
8298,3,0,81,16,9,1,0,1,0
8299,3,0,81,17,9,0,0,1,0
8300,3,0,81,18,9,0,0,1,0
8301,3,0,81,19,9,1,0,1,1
8302,3,0,81,20,9,1,0,1,0
8303,3,0,81,21,9,0,0,1,0
8304,3,0,81,22,9,1,0,1,0
8305,3,0,81,23,9,1,0,1,0
8306,3,0,81,24,9,0,0,1,0
8307,3,0,81,25,9,0,0,1,0
8308,3,0,81,26,9,1,0,1,0
8309,3,0,81,27,9,0,0,1,0
8310,3,0,81,28,9,0,0,1,0
8311,3,0,81,29,9,1,0,1,0
8312,3,0,81,30,9,0,0,1,0
8313,3,0,81,31,9,0,0,1,0
8314,3,0,81,32,9,1,0,1,0
8315,3,0,81,33,9,1,0,1,0
8316,3,0,81,34,9,0,0,1,0
8317,3,0,81,35,9,0,0,1,0
8318,3,0,81,36,9,1,0,1,0
8319,3,0,81,37,9,0,0,1,0
8320,3,0,81,38,9,0,0,1,0
8321,3,0,81,39,9,1,0,1,0
8322,3,0,81,40,9,1,0,1,0
8323,3,0,81,41,9,0,0,1,0
8324,3,0,81,42,9,1,0,1,0
8325,3,0,81,43,9,0,0,1,0
8326,3,0,81,44,9,0,0,1,0
8327,3,0,81,45,9,0,0,1,0
8328,3,0,81,46,9,1,0,1,0
8329,3,0,81,47,9,0,0,1,0
8330,3,0,81,48,9,0,0,1,0
8331,3,0,81,49,9,1,0,1,0
8332,3,0,81,50,9,1,0,1,0
8333,3,0,81,51,9,0,0,1,0
8334,3,0,81,52,9,1,0,1,0
8335,3,0,81,53,9,1,0,1,0
8336,3,0,81,54,9,0,0,1,0
8337,3,0,81,55,9,0,0,1,0
8338,3,0,81,56,9,0,0,1,0
8339,3,0,81,57,9,0,0,1,0
8340,3,0,81,58,9,0,0,1,0
8341,3,0,81,59,9,1,0,1,0
8342,3,0,81,60,9,1,0,1,0
8343,3,0,81,61,9,0,0,1,0
8344,3,0,81,62,9,1,0,1,0
8345,3,0,81,63,9,1,0,1,0
8346,3,0,81,64,9,0,0,1,0
8347,3,0,81,65,9,0,0,1,0
8348,3,0,81,66,9,1,0,1,0
8349,3,0,81,67,9,0,0,1,1
8350,3,0,81,68,9,0,0,1,0
8351,3,0,81,69,9,0,0,1,0
8352,3,0,81,70,9,1,0,1,0
8353,3,0,81,71,9,0,0,1,0
8354,3,0,81,72,9,1,0,1,0
8355,3,0,81,73,9,1,0,1,0
8356,3,0,81,74,9,0,0,1,0
8357,3,0,81,75,9,0,0,1,0
8358,3,0,81,76,9,1,0,1,0
8359,3,0,81,77,9,0,0,1,0
8360,3,0,81,78,9,0,0,1,0
8361,3,0,81,79,9,1,0,1,0
8362,3,0,81,80,9,1,0,1,1
8363,3,0,81,81,9,0,0,1,0
8364,3,0,81,82,9,0,0,1,0
8365,3,0,81,83,9,1,0,1,0
8366,3,0,81,84,9,0,0,1,0
8367,3,0,81,85,9,0,0,1,0
8368,3,0,81,86,9,1,0,1,0
8369,3,0,81,87,9,0,0,1,0
8370,3,0,81,88,9,0,0,1,0
8371,3,0,81,89,9,1,0,1,0
8372,3,0,81,90,9,1,0,1,0
8373,3,0,81,91,9,0,0,1,0
8374,3,0,81,92,9,1,0,1,0
8375,3,0,81,93,9,1,0,1,1
8376,3,0,81,94,9,0,0,1,0
8377,3,0,81,95,9,0,0,1,0
8378,3,0,81,96,9,1,0,1,0
8379,3,0,81,97,9,0,0,1,0
8380,3,0,81,98,9,0,0,1,0
8381,3,0,81,99,9,1,0,1,0
8382,2,0,82,99,9,1,0,2,0
8383,3,0,82,0,9,1,0,2,1
8384,3,0,82,1,9,0,0,2,0
8385,3,0,82,2,9,1,0,2,0
8386,3,0,82,3,9,1,0,2,0
8387,3,0,82,4,9,0,0,2,0
8388,3,0,82,5,9,0,0,2,0
8389,3,0,82,6,9,1,0,2,0
8390,3,0,82,7,9,0,0,2,0
8391,3,0,82,8,9,0,0,2,0
8392,3,0,82,9,9,1,0,2,0
8393,3,0,82,10,9,1,0,2,0
8394,3,0,82,11,9,0,0,2,0
8395,3,0,82,12,9,1,0,2,0
8396,3,0,82,13,9,1,0,2,1
8397,3,0,82,14,9,0,0,2,0
8398,3,0,82,15,9,0,0,2,0
8399,3,0,82,16,9,1,0,2,0
8400,3,0,82,17,9,0,0,2,0
8401,3,0,82,18,9,0,0,2,0
8402,3,0,82,19,9,1,0,2,0
8403,3,0,82,20,9,1,0,2,0
8404,3,0,82,21,9,0,0,2,0
8405,3,0,82,22,9,1,0,2,0
8406,3,0,82,23,9,1,0,2,0
8407,3,0,82,24,9,0,0,2,0
8408,3,0,82,25,9,0,0,2,0
8409,3,0,82,26,9,1,0,2,1
8410,3,0,82,27,9,0,0,2,0
8411,3,0,82,28,9,0,0,2,0
8412,3,0,82,29,9,1,0,2,0
8413,3,0,82,30,9,0,0,2,0
8414,3,0,82,31,9,0,0,2,0
8415,3,0,82,32,9,1,0,2,0
8416,3,0,82,33,9,1,0,2,0
8417,3,0,82,34,9,0,0,2,0
8418,3,0,82,35,9,0,0,2,0
8419,3,0,82,36,9,1,0,2,0
8420,3,0,82,37,9,0,0,2,0
8421,3,0,82,38,9,0,0,2,0
8422,3,0,82,39,9,1,0,2,0
8423,3,0,82,40,9,1,0,2,0
8424,3,0,82,41,9,0,0,2,0
8425,3,0,82,42,9,1,0,2,0
8426,3,0,82,43,9,0,0,2,0
8427,3,0,82,44,9,0,0,2,0
8428,3,0,82,45,9,0,0,2,0
8429,3,0,82,46,9,1,0,2,0
8430,3,0,82,47,9,0,0,2,0
8431,3,0,82,48,9,0,0,2,0
8432,3,0,82,49,9,1,0,2,0
8433,3,0,82,50,9,1,0,2,0
8434,3,0,82,51,9,0,0,2,0
8435,3,0,82,52,9,1,0,2,0
8436,3,0,82,53,9,1,0,2,0
8437,3,0,82,54,9,0,0,2,0
8438,3,0,82,55,9,0,0,2,0
8439,3,0,82,56,9,0,0,2,0
8440,3,0,82,57,9,0,0,2,0
8441,3,0,82,58,9,0,0,2,0
8442,3,0,82,59,9,1,0,2,0
8443,3,0,82,60,9,1,0,2,0
8444,3,0,82,61,9,0,0,2,0
8445,3,0,82,62,9,1,0,2,0
8446,3,0,82,63,9,1,0,2,0
8447,3,0,82,64,9,0,0,2,0
8448,3,0,82,65,9,0,0,2,0
8449,3,0,82,66,9,1,0,2,0
8450,3,0,82,67,9,0,0,2,0
8451,3,0,82,68,9,0,0,2,0
8452,3,0,82,69,9,0,0,2,0
8453,3,0,82,70,9,1,0,2,0
8454,3,0,82,71,9,0,0,2,0
8455,3,0,82,72,9,1,0,2,0
8456,3,0,82,73,9,1,0,2,0
8457,3,0,82,74,9,0,0,2,1
8458,3,0,82,75,9,0,0,2,0
8459,3,0,82,76,9,1,0,2,0
8460,3,0,82,77,9,0,0,2,0
8461,3,0,82,78,9,0,0,2,0
8462,3,0,82,79,9,1,0,2,0
8463,3,0,82,80,9,1,0,2,0
8464,3,0,82,81,9,0,0,2,0
8465,3,0,82,82,9,0,0,2,0
8466,3,0,82,83,9,1,0,2,0
8467,3,0,82,84,9,0,0,2,0
8468,3,0,82,85,9,0,0,2,0
8469,3,0,82,86,9,1,0,2,0
8470,3,0,82,87,9,0,0,2,1
8471,3,0,82,88,9,0,0,2,0
8472,3,0,82,89,9,1,0,2,0
8473,3,0,82,90,9,1,0,2,0
8474,3,0,82,91,9,0,0,2,0
8475,3,0,82,92,9,1,0,2,0
8476,3,0,82,93,9,1,0,2,0
8477,3,0,82,94,9,0,0,2,0
8478,3,0,82,95,9,0,0,2,0
8479,3,0,82,96,9,1,0,2,0
8480,3,0,82,97,9,0,0,2,0
8481,3,0,82,98,9,0,0,2,0
8482,3,0,82,99,9,1,0,2,0
8483,2,0,83,99,9,1,0,3,0
8484,3,0,83,0,9,1,0,3,0
8485,3,0,83,1,9,0,0,3,0
8486,3,0,83,2,9,1,0,3,0
8487,3,0,83,3,9,1,0,3,0
8488,3,0,83,4,9,0,0,3,0
8489,3,0,83,5,9,0,0,3,0
8490,3,0,83,6,9,1,0,3,0
8491,3,0,83,7,9,0,0,3,1
8492,3,0,83,8,9,0,0,3,0
8493,3,0,83,9,9,1,0,3,0
8494,3,0,83,10,9,1,0,3,0
8495,3,0,83,11,9,0,0,3,0
8496,3,0,83,12,9,1,0,3,0
8497,3,0,83,13,9,1,0,3,0
8498,3,0,83,14,9,0,0,3,0
8499,3,0,83,15,9,0,0,3,0
8500,3,0,83,16,9,1,0,3,0
8501,3,0,83,17,9,0,0,3,0
8502,3,0,83,18,9,0,0,3,0
8503,3,0,83,19,9,1,0,3,0
8504,3,0,83,20,9,1,0,3,1
8505,3,0,83,21,9,0,0,3,0
8506,3,0,83,22,9,1,0,3,0
8507,3,0,83,23,9,1,0,3,0
8508,3,0,83,24,9,0,0,3,0
8509,3,0,83,25,9,0,0,3,0
8510,3,0,83,26,9,1,0,3,0
8511,3,0,83,27,9,0,0,3,0
8512,3,0,83,28,9,0,0,3,0
8513,3,0,83,29,9,1,0,3,0
8514,3,0,83,30,9,0,0,3,0
8515,3,0,83,31,9,0,0,3,0
8516,3,0,83,32,9,1,0,3,0
8517,3,0,83,33,9,1,0,3,1
8518,3,0,83,34,9,0,0,3,0
8519,3,0,83,35,9,0,0,3,0
8520,3,0,83,36,9,1,0,3,0
8521,3,0,83,37,9,0,0,3,0
8522,3,0,83,38,9,0,0,3,0
8523,3,0,83,39,9,1,0,3,0
8524,3,0,83,40,9,1,0,3,0
8525,3,0,83,41,9,0,0,3,0
8526,3,0,83,42,9,1,0,3,0
8527,3,0,83,43,9,0,0,3,0
8528,3,0,83,44,9,0,0,3,0
8529,3,0,83,45,9,0,0,3,0
8530,3,0,83,46,9,1,0,3,0
8531,3,0,83,47,9,0,0,3,0
8532,3,0,83,48,9,0,0,3,0
8533,3,0,83,49,9,1,0,3,0
8534,3,0,83,50,9,1,0,3,0
8535,3,0,83,51,9,0,0,3,0
8536,3,0,83,52,9,1,0,3,0
8537,3,0,83,53,9,1,0,3,0
8538,3,0,83,54,9,0,0,3,0
8539,3,0,83,55,9,0,0,3,0
8540,3,0,83,56,9,0,0,3,0
8541,3,0,83,57,9,0,0,3,0
8542,3,0,83,58,9,0,0,3,0
8543,3,0,83,59,9,1,0,3,0
8544,3,0,83,60,9,1,0,3,0
8545,3,0,83,61,9,0,0,3,0
8546,3,0,83,62,9,1,0,3,0
8547,3,0,83,63,9,1,0,3,0
8548,3,0,83,64,9,0,0,3,0
8549,3,0,83,65,9,0,0,3,0
8550,3,0,83,66,9,1,0,3,0
8551,3,0,83,67,9,0,0,3,0
8552,3,0,83,68,9,0,0,3,0
8553,3,0,83,69,9,0,0,3,0
8554,3,0,83,70,9,1,0,3,0
8555,3,0,83,71,9,0,0,3,0
8556,3,0,83,72,9,1,0,3,0
8557,3,0,83,73,9,1,0,3,0
8558,3,0,83,74,9,0,0,3,0
8559,3,0,83,75,9,0,0,3,0
8560,3,0,83,76,9,1,0,3,0
8561,3,0,83,77,9,0,0,3,0
8562,3,0,83,78,9,0,0,3,0
8563,3,0,83,79,9,1,0,3,0
8564,3,0,83,80,9,1,0,3,0
8565,3,0,83,81,9,0,0,3,1
8566,3,0,83,82,9,0,0,3,0
8567,3,0,83,83,9,1,0,3,0
8568,3,0,83,84,9,0,0,3,0
8569,3,0,83,85,9,0,0,3,0
8570,3,0,83,86,9,1,0,3,0
8571,3,0,83,87,9,0,0,3,0
8572,3,0,83,88,9,0,0,3,0
8573,3,0,83,89,9,1,0,3,0
8574,3,0,83,90,9,1,0,3,0
8575,3,0,83,91,9,0,0,3,0
8576,3,0,83,92,9,1,0,3,0
8577,3,0,83,93,9,1,0,3,0
8578,3,0,83,94,9,0,0,3,1
8579,3,0,83,95,9,0,0,3,0
8580,3,0,83,96,9,1,0,3,0
8581,3,0,83,97,9,0,0,3,0
8582,3,0,83,98,9,0,0,3,0
8583,3,0,83,99,9,1,0,3,0
8584,2,0,84,99,9,1,0,4,0
8585,3,0,84,0,9,1,0,4,0
8586,3,0,84,1,9,0,0,4,1
8587,3,0,84,2,9,1,0,4,0
8588,3,0,84,3,9,1,0,4,0
8589,3,0,84,4,9,0,0,4,0
8590,3,0,84,5,9,0,0,4,0
8591,3,0,84,6,9,1,0,4,0
8592,3,0,84,7,9,0,0,4,0
8593,3,0,84,8,9,0,0,4,0
8594,3,0,84,9,9,1,0,4,0
8595,3,0,84,10,9,1,0,4,0
8596,3,0,84,11,9,0,0,4,0
8597,3,0,84,12,9,1,0,4,0
8598,3,0,84,13,9,1,0,4,0
8599,3,0,84,14,9,0,0,4,1
8600,3,0,84,15,9,0,0,4,0
8601,3,0,84,16,9,1,0,4,0
8602,3,0,84,17,9,0,0,4,0
8603,3,0,84,18,9,0,0,4,0
8604,3,0,84,19,9,1,0,4,0
8605,3,0,84,20,9,1,0,4,0
8606,3,0,84,21,9,0,0,4,0
8607,3,0,84,22,9,1,0,4,0
8608,3,0,84,23,9,1,0,4,0
8609,3,0,84,24,9,0,0,4,0
8610,3,0,84,25,9,0,0,4,0
8611,3,0,84,26,9,1,0,4,0
8612,3,0,84,27,9,0,0,4,1
8613,3,0,84,28,9,0,0,4,0
8614,3,0,84,29,9,1,0,4,0
8615,3,0,84,30,9,0,0,4,0
8616,3,0,84,31,9,0,0,4,0
8617,3,0,84,32,9,1,0,4,0
8618,3,0,84,33,9,1,0,4,0
8619,3,0,84,34,9,0,0,4,0
8620,3,0,84,35,9,0,0,4,0
8621,3,0,84,36,9,1,0,4,0
8622,3,0,84,37,9,0,0,4,0
8623,3,0,84,38,9,0,0,4,0
8624,3,0,84,39,9,1,0,4,0
8625,3,0,84,40,9,1,0,4,1
8626,3,0,84,41,9,0,0,4,0
8627,3,0,84,42,9,1,0,4,0
8628,3,0,84,43,9,0,0,4,0
8629,3,0,84,44,9,0,0,4,0
8630,3,0,84,45,9,0,0,4,0
8631,3,0,84,46,9,1,0,4,0
8632,3,0,84,47,9,0,0,4,0
8633,3,0,84,48,9,0,0,4,0
8634,3,0,84,49,9,1,0,4,0
8635,3,0,84,50,9,1,0,4,0
8636,3,0,84,51,9,0,0,4,0
8637,3,0,84,52,9,1,0,4,0
8638,3,0,84,53,9,1,0,4,0
8639,3,0,84,54,9,0,0,4,0
8640,3,0,84,55,9,0,0,4,0
8641,3,0,84,56,9,0,0,4,0
8642,3,0,84,57,9,0,0,4,0
8643,3,0,84,58,9,0,0,4,0
8644,3,0,84,59,9,1,0,4,0
8645,3,0,84,60,9,1,0,4,0
8646,3,0,84,61,9,0,0,4,0
8647,3,0,84,62,9,1,0,4,0
8648,3,0,84,63,9,1,0,4,0
8649,3,0,84,64,9,0,0,4,0
8650,3,0,84,65,9,0,0,4,0
8651,3,0,84,66,9,1,0,4,0
8652,3,0,84,67,9,0,0,4,0
8653,3,0,84,68,9,0,0,4,0
8654,3,0,84,69,9,0,0,4,0
8655,3,0,84,70,9,1,0,4,0
8656,3,0,84,71,9,0,0,4,0
8657,3,0,84,72,9,1,0,4,0
8658,3,0,84,73,9,1,0,4,0
8659,3,0,84,74,9,0,0,4,0
8660,3,0,84,75,9,0,0,4,0
8661,3,0,84,76,9,1,0,4,0
8662,3,0,84,77,9,0,0,4,0
8663,3,0,84,78,9,0,0,4,0
8664,3,0,84,79,9,1,0,4,0
8665,3,0,84,80,9,1,0,4,0
8666,3,0,84,81,9,0,0,4,0
8667,3,0,84,82,9,0,0,4,0
8668,3,0,84,83,9,1,0,4,0
8669,3,0,84,84,9,0,0,4,0
8670,3,0,84,85,9,0,0,4,0
8671,3,0,84,86,9,1,0,4,0
8672,3,0,84,87,9,0,0,4,0
8673,3,0,84,88,9,0,0,4,1
8674,3,0,84,89,9,1,0,4,0
8675,3,0,84,90,9,1,0,4,0
8676,3,0,84,91,9,0,0,4,0
8677,3,0,84,92,9,1,0,4,0
8678,3,0,84,93,9,1,0,4,0
8679,3,0,84,94,9,0,0,4,0
8680,3,0,84,95,9,0,0,4,0
8681,3,0,84,96,9,1,0,4,0
8682,3,0,84,97,9,0,0,4,0
8683,3,0,84,98,9,0,0,4,0
8684,3,0,84,99,9,1,0,4,0
8685,2,0,85,99,9,1,0,5,0
8686,3,0,85,0,9,1,0,5,0
8687,3,0,85,1,9,0,0,5,0
8688,3,0,85,2,9,1,0,5,0
8689,3,0,85,3,9,1,0,5,0
8690,3,0,85,4,9,0,0,5,0
8691,3,0,85,5,9,0,0,5,0
8692,3,0,85,6,9,1,0,5,0
8693,3,0,85,7,9,0,0,5,0
8694,3,0,85,8,9,0,0,5,1
8695,3,0,85,9,9,1,0,5,0
8696,3,0,85,10,9,1,0,5,0
8697,3,0,85,11,9,0,0,5,0
8698,3,0,85,12,9,1,0,5,0
8699,3,0,85,13,9,1,0,5,0
8700,3,0,85,14,9,0,0,5,0
8701,3,0,85,15,9,0,0,5,0
8702,3,0,85,16,9,1,0,5,0
8703,3,0,85,17,9,0,0,5,0
8704,3,0,85,18,9,0,0,5,0
8705,3,0,85,19,9,1,0,5,0
8706,3,0,85,20,9,1,0,5,0
8707,3,0,85,21,9,0,0,5,1
8708,3,0,85,22,9,1,0,5,0
8709,3,0,85,23,9,1,0,5,0
8710,3,0,85,24,9,0,0,5,0
8711,3,0,85,25,9,0,0,5,0
8712,3,0,85,26,9,1,0,5,0
8713,3,0,85,27,9,0,0,5,0
8714,3,0,85,28,9,0,0,5,0
8715,3,0,85,29,9,1,0,5,0
8716,3,0,85,30,9,0,0,5,0
8717,3,0,85,31,9,0,0,5,0
8718,3,0,85,32,9,1,0,5,0
8719,3,0,85,33,9,1,0,5,0
8720,3,0,85,34,9,0,0,5,1
8721,3,0,85,35,9,0,0,5,0
8722,3,0,85,36,9,1,0,5,0
8723,3,0,85,37,9,0,0,5,0
8724,3,0,85,38,9,0,0,5,0
8725,3,0,85,39,9,1,0,5,0
8726,3,0,85,40,9,1,0,5,0
8727,3,0,85,41,9,0,0,5,0
8728,3,0,85,42,9,1,0,5,0
8729,3,0,85,43,9,0,0,5,0
8730,3,0,85,44,9,0,0,5,0
8731,3,0,85,45,9,0,0,5,0
8732,3,0,85,46,9,1,0,5,0
8733,3,0,85,47,9,0,0,5,1
8734,3,0,85,48,9,0,0,5,0
8735,3,0,85,49,9,1,0,5,0
8736,3,0,85,50,9,1,0,5,0
8737,3,0,85,51,9,0,0,5,0
8738,3,0,85,52,9,1,0,5,0
8739,3,0,85,53,9,1,0,5,0
8740,3,0,85,54,9,0,0,5,0
8741,3,0,85,55,9,0,0,5,0
8742,3,0,85,56,9,0,0,5,0
8743,3,0,85,57,9,0,0,5,0
8744,3,0,85,58,9,0,0,5,0
8745,3,0,85,59,9,1,0,5,0
8746,3,0,85,60,9,1,0,5,0
8747,3,0,85,61,9,0,0,5,0
8748,3,0,85,62,9,1,0,5,0
8749,3,0,85,63,9,1,0,5,0
8750,3,0,85,64,9,0,0,5,0
8751,3,0,85,65,9,0,0,5,0
8752,3,0,85,66,9,1,0,5,0
8753,3,0,85,67,9,0,0,5,0
8754,3,0,85,68,9,0,0,5,0
8755,3,0,85,69,9,0,0,5,0
8756,3,0,85,70,9,1,0,5,0
8757,3,0,85,71,9,0,0,5,0
8758,3,0,85,72,9,1,0,5,0
8759,3,0,85,73,9,1,0,5,0
8760,3,0,85,74,9,0,0,5,0
8761,3,0,85,75,9,0,0,5,0
8762,3,0,85,76,9,1,0,5,0
8763,3,0,85,77,9,0,0,5,0
8764,3,0,85,78,9,0,0,5,0
8765,3,0,85,79,9,1,0,5,0
8766,3,0,85,80,9,1,0,5,0
8767,3,0,85,81,9,0,0,5,0
8768,3,0,85,82,9,0,0,5,0
8769,3,0,85,83,9,1,0,5,0
8770,3,0,85,84,9,0,0,5,0
8771,3,0,85,85,9,0,0,5,0
8772,3,0,85,86,9,1,0,5,0
8773,3,0,85,87,9,0,0,5,0
8774,3,0,85,88,9,0,0,5,0
8775,3,0,85,89,9,1,0,5,0
8776,3,0,85,90,9,1,0,5,0
8777,3,0,85,91,9,0,0,5,0
8778,3,0,85,92,9,1,0,5,0
8779,3,0,85,93,9,1,0,5,0
8780,3,0,85,94,9,0,0,5,0
8781,3,0,85,95,9,0,0,5,1
8782,3,0,85,96,9,1,0,5,0
8783,3,0,85,97,9,0,0,5,0
8784,3,0,85,98,9,0,0,5,0
8785,3,0,85,99,9,1,0,5,0
8786,2,0,86,99,9,1,0,6,0
8787,3,0,86,0,9,1,0,6,0
8788,3,0,86,1,9,0,0,6,0
8789,3,0,86,2,9,1,0,6,1
8790,3,0,86,3,9,1,0,6,0
8791,3,0,86,4,9,0,0,6,0
8792,3,0,86,5,9,0,0,6,0
8793,3,0,86,6,9,1,0,6,0
8794,3,0,86,7,9,0,0,6,0
8795,3,0,86,8,9,0,0,6,0
8796,3,0,86,9,9,1,0,6,0
8797,3,0,86,10,9,1,0,6,0
8798,3,0,86,11,9,0,0,6,0
8799,3,0,86,12,9,1,0,6,0
8800,3,0,86,13,9,1,0,6,0
8801,3,0,86,14,9,0,0,6,0
8802,3,0,86,15,9,0,0,6,1
8803,3,0,86,16,9,1,0,6,0
8804,3,0,86,17,9,0,0,6,0
8805,3,0,86,18,9,0,0,6,0
8806,3,0,86,19,9,1,0,6,0
8807,3,0,86,20,9,1,0,6,0
8808,3,0,86,21,9,0,0,6,0
8809,3,0,86,22,9,1,0,6,0
8810,3,0,86,23,9,1,0,6,0
8811,3,0,86,24,9,0,0,6,0
8812,3,0,86,25,9,0,0,6,0
8813,3,0,86,26,9,1,0,6,0
8814,3,0,86,27,9,0,0,6,0
8815,3,0,86,28,9,0,0,6,1
8816,3,0,86,29,9,1,0,6,0
8817,3,0,86,30,9,0,0,6,0
8818,3,0,86,31,9,0,0,6,0
8819,3,0,86,32,9,1,0,6,0
8820,3,0,86,33,9,1,0,6,0
8821,3,0,86,34,9,0,0,6,0
8822,3,0,86,35,9,0,0,6,0
8823,3,0,86,36,9,1,0,6,0
8824,3,0,86,37,9,0,0,6,0
8825,3,0,86,38,9,0,0,6,0
8826,3,0,86,39,9,1,0,6,0
8827,3,0,86,40,9,1,0,6,0
8828,3,0,86,41,9,0,0,6,1
8829,3,0,86,42,9,1,0,6,0
8830,3,0,86,43,9,0,0,6,0
8831,3,0,86,44,9,0,0,6,0
8832,3,0,86,45,9,0,0,6,0
8833,3,0,86,46,9,1,0,6,0
8834,3,0,86,47,9,0,0,6,0
8835,3,0,86,48,9,0,0,6,0
8836,3,0,86,49,9,1,0,6,0
8837,3,0,86,50,9,1,0,6,0
8838,3,0,86,51,9,0,0,6,0
8839,3,0,86,52,9,1,0,6,0
8840,3,0,86,53,9,1,0,6,0
8841,3,0,86,54,9,0,0,6,1
8842,3,0,86,55,9,0,0,6,0
8843,3,0,86,56,9,0,0,6,0
8844,3,0,86,57,9,0,0,6,0
8845,3,0,86,58,9,0,0,6,0
8846,3,0,86,59,9,1,0,6,0
8847,3,0,86,60,9,1,0,6,0
8848,3,0,86,61,9,0,0,6,0
8849,3,0,86,62,9,1,0,6,0
8850,3,0,86,63,9,1,0,6,0
8851,3,0,86,64,9,0,0,6,0
8852,3,0,86,65,9,0,0,6,0
8853,3,0,86,66,9,1,0,6,0
8854,3,0,86,67,9,0,0,6,0
8855,3,0,86,68,9,0,0,6,0
8856,3,0,86,69,9,0,0,6,0
8857,3,0,86,70,9,1,0,6,0
8858,3,0,86,71,9,0,0,6,0
8859,3,0,86,72,9,1,0,6,0
8860,3,0,86,73,9,1,0,6,0
8861,3,0,86,74,9,0,0,6,0
8862,3,0,86,75,9,0,0,6,0
8863,3,0,86,76,9,1,0,6,0
8864,3,0,86,77,9,0,0,6,0
8865,3,0,86,78,9,0,0,6,0
8866,3,0,86,79,9,1,0,6,0
8867,3,0,86,80,9,1,0,6,0
8868,3,0,86,81,9,0,0,6,0
8869,3,0,86,82,9,0,0,6,0
8870,3,0,86,83,9,1,0,6,0
8871,3,0,86,84,9,0,0,6,0
8872,3,0,86,85,9,0,0,6,0
8873,3,0,86,86,9,1,0,6,0
8874,3,0,86,87,9,0,0,6,0
8875,3,0,86,88,9,0,0,6,0
8876,3,0,86,89,9,1,0,6,0
8877,3,0,86,90,9,1,0,6,0
8878,3,0,86,91,9,0,0,6,0
8879,3,0,86,92,9,1,0,6,0
8880,3,0,86,93,9,1,0,6,0
8881,3,0,86,94,9,0,0,6,0
8882,3,0,86,95,9,0,0,6,0
8883,3,0,86,96,9,1,0,6,0
8884,3,0,86,97,9,0,0,6,0
8885,3,0,86,98,9,0,0,6,0
8886,3,0,86,99,9,1,0,6,0
8887,2,0,87,99,9,1,0,7,0
8888,3,0,87,0,9,1,0,7,0
8889,3,0,87,1,9,0,0,7,0
8890,3,0,87,2,9,1,0,7,0
8891,3,0,87,3,9,1,0,7,0
8892,3,0,87,4,9,0,0,7,0
8893,3,0,87,5,9,0,0,7,0
8894,3,0,87,6,9,1,0,7,0
8895,3,0,87,7,9,0,0,7,0
8896,3,0,87,8,9,0,0,7,0
8897,3,0,87,9,9,1,0,7,1
8898,3,0,87,10,9,1,0,7,0
8899,3,0,87,11,9,0,0,7,0
8900,3,0,87,12,9,1,0,7,0
8901,3,0,87,13,9,1,0,7,0
8902,3,0,87,14,9,0,0,7,0
8903,3,0,87,15,9,0,0,7,0
8904,3,0,87,16,9,1,0,7,0
8905,3,0,87,17,9,0,0,7,0
8906,3,0,87,18,9,0,0,7,0
8907,3,0,87,19,9,1,0,7,0
8908,3,0,87,20,9,1,0,7,0
8909,3,0,87,21,9,0,0,7,0
8910,3,0,87,22,9,1,0,7,1
8911,3,0,87,23,9,1,0,7,0
8912,3,0,87,24,9,0,0,7,0
8913,3,0,87,25,9,0,0,7,0
8914,3,0,87,26,9,1,0,7,0
8915,3,0,87,27,9,0,0,7,0
8916,3,0,87,28,9,0,0,7,0
8917,3,0,87,29,9,1,0,7,0
8918,3,0,87,30,9,0,0,7,0
8919,3,0,87,31,9,0,0,7,0
8920,3,0,87,32,9,1,0,7,0
8921,3,0,87,33,9,1,0,7,0
8922,3,0,87,34,9,0,0,7,0
8923,3,0,87,35,9,0,0,7,1
8924,3,0,87,36,9,1,0,7,0
8925,3,0,87,37,9,0,0,7,0
8926,3,0,87,38,9,0,0,7,0
8927,3,0,87,39,9,1,0,7,0
8928,3,0,87,40,9,1,0,7,0
8929,3,0,87,41,9,0,0,7,0
8930,3,0,87,42,9,1,0,7,0
8931,3,0,87,43,9,0,0,7,0
8932,3,0,87,44,9,0,0,7,0
8933,3,0,87,45,9,0,0,7,0
8934,3,0,87,46,9,1,0,7,0
8935,3,0,87,47,9,0,0,7,0
8936,3,0,87,48,9,0,0,7,1
8937,3,0,87,49,9,1,0,7,0
8938,3,0,87,50,9,1,0,7,0
8939,3,0,87,51,9,0,0,7,0
8940,3,0,87,52,9,1,0,7,0
8941,3,0,87,53,9,1,0,7,0
8942,3,0,87,54,9,0,0,7,0
8943,3,0,87,55,9,0,0,7,0
8944,3,0,87,56,9,0,0,7,0
8945,3,0,87,57,9,0,0,7,0
8946,3,0,87,58,9,0,0,7,0
8947,3,0,87,59,9,1,0,7,0
8948,3,0,87,60,9,1,0,7,0
8949,3,0,87,61,9,0,0,7,1
8950,3,0,87,62,9,1,0,7,0
8951,3,0,87,63,9,1,0,7,0
8952,3,0,87,64,9,0,0,7,0
8953,3,0,87,65,9,0,0,7,0
8954,3,0,87,66,9,1,0,7,0
8955,3,0,87,67,9,0,0,7,0
8956,3,0,87,68,9,0,0,7,0
8957,3,0,87,69,9,0,0,7,0
8958,3,0,87,70,9,1,0,7,0
8959,3,0,87,71,9,0,0,7,0
8960,3,0,87,72,9,1,0,7,0
8961,3,0,87,73,9,1,0,7,0
8962,3,0,87,74,9,0,0,7,0
8963,3,0,87,75,9,0,0,7,0
8964,3,0,87,76,9,1,0,7,0
8965,3,0,87,77,9,0,0,7,0
8966,3,0,87,78,9,0,0,7,0
8967,3,0,87,79,9,1,0,7,0
8968,3,0,87,80,9,1,0,7,0
8969,3,0,87,81,9,0,0,7,0
8970,3,0,87,82,9,0,0,7,0
8971,3,0,87,83,9,1,0,7,0
8972,3,0,87,84,9,0,0,7,0
8973,3,0,87,85,9,0,0,7,0
8974,3,0,87,86,9,1,0,7,0
8975,3,0,87,87,9,0,0,7,0
8976,3,0,87,88,9,0,0,7,0
8977,3,0,87,89,9,1,0,7,0
8978,3,0,87,90,9,1,0,7,0
8979,3,0,87,91,9,0,0,7,0
8980,3,0,87,92,9,1,0,7,0
8981,3,0,87,93,9,1,0,7,0
8982,3,0,87,94,9,0,0,7,0
8983,3,0,87,95,9,0,0,7,0
8984,3,0,87,96,9,1,0,7,0
8985,3,0,87,97,9,0,0,7,0
8986,3,0,87,98,9,0,0,7,0
8987,3,0,87,99,9,1,0,7,0
8988,2,0,88,99,9,1,0,8,0
8989,3,0,88,0,9,1,0,8,0
8990,3,0,88,1,9,0,0,8,0
8991,3,0,88,2,9,1,0,8,0
8992,3,0,88,3,9,1,0,8,0
8993,3,0,88,4,9,0,0,8,0
8994,3,0,88,5,9,0,0,8,0
8995,3,0,88,6,9,1,0,8,0
8996,3,0,88,7,9,0,0,8,0
8997,3,0,88,8,9,0,0,8,0
8998,3,0,88,9,9,1,0,8,0
8999,3,0,88,10,9,1,0,8,0
9000,3,0,88,11,9,0,0,8,0
9001,3,0,88,12,9,1,0,8,0
9002,3,0,88,13,9,1,0,8,0
9003,3,0,88,14,9,0,0,8,0
9004,3,0,88,15,9,0,0,8,0
9005,3,0,88,16,9,1,0,8,1
9006,3,0,88,17,9,0,0,8,0
9007,3,0,88,18,9,0,0,8,0
9008,3,0,88,19,9,1,0,8,0
9009,3,0,88,20,9,1,0,8,0
9010,3,0,88,21,9,0,0,8,0
9011,3,0,88,22,9,1,0,8,0
9012,3,0,88,23,9,1,0,8,0
9013,3,0,88,24,9,0,0,8,0
9014,3,0,88,25,9,0,0,8,0
9015,3,0,88,26,9,1,0,8,0
9016,3,0,88,27,9,0,0,8,0
9017,3,0,88,28,9,0,0,8,0
9018,3,0,88,29,9,1,0,8,1
9019,3,0,88,30,9,0,0,8,0
9020,3,0,88,31,9,0,0,8,0
9021,3,0,88,32,9,1,0,8,0
9022,3,0,88,33,9,1,0,8,0
9023,3,0,88,34,9,0,0,8,0
9024,3,0,88,35,9,0,0,8,0
9025,3,0,88,36,9,1,0,8,0
9026,3,0,88,37,9,0,0,8,0
9027,3,0,88,38,9,0,0,8,0
9028,3,0,88,39,9,1,0,8,0
9029,3,0,88,40,9,1,0,8,0
9030,3,0,88,41,9,0,0,8,0
9031,3,0,88,42,9,1,0,8,1
9032,3,0,88,43,9,0,0,8,0
9033,3,0,88,44,9,0,0,8,0
9034,3,0,88,45,9,0,0,8,0
9035,3,0,88,46,9,1,0,8,0
9036,3,0,88,47,9,0,0,8,0
9037,3,0,88,48,9,0,0,8,0
9038,3,0,88,49,9,1,0,8,0
9039,3,0,88,50,9,1,0,8,0
9040,3,0,88,51,9,0,0,8,0
9041,3,0,88,52,9,1,0,8,0
9042,3,0,88,53,9,1,0,8,0
9043,3,0,88,54,9,0,0,8,0
9044,3,0,88,55,9,0,0,8,1
9045,3,0,88,56,9,0,0,8,0
9046,3,0,88,57,9,0,0,8,0
9047,3,0,88,58,9,0,0,8,0
9048,3,0,88,59,9,1,0,8,0
9049,3,0,88,60,9,1,0,8,0
9050,3,0,88,61,9,0,0,8,0
9051,3,0,88,62,9,1,0,8,0
9052,3,0,88,63,9,1,0,8,0
9053,3,0,88,64,9,0,0,8,0
9054,3,0,88,65,9,0,0,8,0
9055,3,0,88,66,9,1,0,8,0
9056,3,0,88,67,9,0,0,8,0
9057,3,0,88,68,9,0,0,8,1
9058,3,0,88,69,9,0,0,8,0
9059,3,0,88,70,9,1,0,8,0
9060,3,0,88,71,9,0,0,8,0
9061,3,0,88,72,9,1,0,8,0
9062,3,0,88,73,9,1,0,8,0
9063,3,0,88,74,9,0,0,8,0
9064,3,0,88,75,9,0,0,8,0
9065,3,0,88,76,9,1,0,8,0
9066,3,0,88,77,9,0,0,8,0
9067,3,0,88,78,9,0,0,8,0
9068,3,0,88,79,9,1,0,8,0
9069,3,0,88,80,9,1,0,8,0
9070,3,0,88,81,9,0,0,8,0
9071,3,0,88,82,9,0,0,8,0
9072,3,0,88,83,9,1,0,8,0
9073,3,0,88,84,9,0,0,8,0
9074,3,0,88,85,9,0,0,8,0
9075,3,0,88,86,9,1,0,8,0
9076,3,0,88,87,9,0,0,8,0
9077,3,0,88,88,9,0,0,8,0
9078,3,0,88,89,9,1,0,8,0
9079,3,0,88,90,9,1,0,8,0
9080,3,0,88,91,9,0,0,8,0
9081,3,0,88,92,9,1,0,8,0
9082,3,0,88,93,9,1,0,8,0
9083,3,0,88,94,9,0,0,8,0
9084,3,0,88,95,9,0,0,8,0
9085,3,0,88,96,9,1,0,8,0
9086,3,0,88,97,9,0,0,8,0
9087,3,0,88,98,9,0,0,8,0
9088,3,0,88,99,9,1,0,8,0
9089,2,0,89,99,9,1,0,9,0
9090,3,0,89,0,9,1,0,9,0
9091,3,0,89,1,9,0,0,9,0
9092,3,0,89,2,9,1,0,9,0
9093,3,0,89,3,9,1,0,9,0
9094,3,0,89,4,9,0,0,9,0
9095,3,0,89,5,9,0,0,9,0
9096,3,0,89,6,9,1,0,9,0
9097,3,0,89,7,9,0,0,9,0
9098,3,0,89,8,9,0,0,9,0
9099,3,0,89,9,9,1,0,9,0
9100,3,0,89,10,9,1,0,9,0
9101,3,0,89,11,9,0,0,9,0
9102,3,0,89,12,9,1,0,9,0
9103,3,0,89,13,9,1,0,9,0
9104,3,0,89,14,9,0,0,9,0
9105,3,0,89,15,9,0,0,9,0
9106,3,0,89,16,9,1,0,9,0
9107,3,0,89,17,9,0,0,9,0
9108,3,0,89,18,9,0,0,9,0
9109,3,0,89,19,9,1,0,9,0
9110,3,0,89,20,9,1,0,9,0
9111,3,0,89,21,9,0,0,9,0
9112,3,0,89,22,9,1,0,9,0
9113,3,0,89,23,9,1,0,9,1
9114,3,0,89,24,9,0,0,9,0
9115,3,0,89,25,9,0,0,9,0
9116,3,0,89,26,9,1,0,9,0
9117,3,0,89,27,9,0,0,9,0
9118,3,0,89,28,9,0,0,9,0
9119,3,0,89,29,9,1,0,9,0
9120,3,0,89,30,9,0,0,9,0
9121,3,0,89,31,9,0,0,9,0
9122,3,0,89,32,9,1,0,9,0
9123,3,0,89,33,9,1,0,9,0
9124,3,0,89,34,9,0,0,9,0
9125,3,0,89,35,9,0,0,9,0
9126,3,0,89,36,9,1,0,9,1
9127,3,0,89,37,9,0,0,9,0
9128,3,0,89,38,9,0,0,9,0
9129,3,0,89,39,9,1,0,9,0
9130,3,0,89,40,9,1,0,9,0
9131,3,0,89,41,9,0,0,9,0
9132,3,0,89,42,9,1,0,9,0
9133,3,0,89,43,9,0,0,9,0
9134,3,0,89,44,9,0,0,9,0
9135,3,0,89,45,9,0,0,9,0
9136,3,0,89,46,9,1,0,9,0
9137,3,0,89,47,9,0,0,9,0
9138,3,0,89,48,9,0,0,9,0
9139,3,0,89,49,9,1,0,9,1
9140,3,0,89,50,9,1,0,9,0
9141,3,0,89,51,9,0,0,9,0
9142,3,0,89,52,9,1,0,9,0
9143,3,0,89,53,9,1,0,9,0
9144,3,0,89,54,9,0,0,9,0
9145,3,0,89,55,9,0,0,9,0
9146,3,0,89,56,9,0,0,9,0
9147,3,0,89,57,9,0,0,9,0
9148,3,0,89,58,9,0,0,9,0
9149,3,0,89,59,9,1,0,9,0
9150,3,0,89,60,9,1,0,9,0
9151,3,0,89,61,9,0,0,9,0
9152,3,0,89,62,9,1,0,9,1
9153,3,0,89,63,9,1,0,9,0
9154,3,0,89,64,9,0,0,9,0
9155,3,0,89,65,9,0,0,9,0
9156,3,0,89,66,9,1,0,9,0
9157,3,0,89,67,9,0,0,9,0
9158,3,0,89,68,9,0,0,9,0
9159,3,0,89,69,9,0,0,9,0
9160,3,0,89,70,9,1,0,9,0
9161,3,0,89,71,9,0,0,9,0
9162,3,0,89,72,9,1,0,9,0
9163,3,0,89,73,9,1,0,9,0
9164,3,0,89,74,9,0,0,9,0
9165,3,0,89,75,9,0,0,9,1
9166,3,0,89,76,9,1,0,9,0
9167,3,0,89,77,9,0,0,9,0
9168,3,0,89,78,9,0,0,9,0
9169,3,0,89,79,9,1,0,9,0
9170,3,0,89,80,9,1,0,9,0
9171,3,0,89,81,9,0,0,9,0
9172,3,0,89,82,9,0,0,9,0
9173,3,0,89,83,9,1,0,9,0
9174,3,0,89,84,9,0,0,9,0
9175,3,0,89,85,9,0,0,9,0
9176,3,0,89,86,9,1,0,9,0
9177,3,0,89,87,9,0,0,9,0
9178,3,0,89,88,9,0,0,9,0
9179,3,0,89,89,9,1,0,9,0
9180,3,0,89,90,9,1,0,9,0
9181,3,0,89,91,9,0,0,9,0
9182,3,0,89,92,9,1,0,9,0
9183,3,0,89,93,9,1,0,9,0
9184,3,0,89,94,9,0,0,9,0
9185,3,0,89,95,9,0,0,9,0
9186,3,0,89,96,9,1,0,9,0
9187,3,0,89,97,9,0,0,9,0
9188,3,0,89,98,9,0,0,9,0
9189,3,0,89,99,9,1,0,9,0
9190,2,0,90,99,9,1,0,0,0
9191,3,0,90,0,9,1,1,0,0
9192,3,0,90,1,9,0,1,0,0
9193,3,0,90,2,9,1,1,0,0
9194,3,0,90,3,9,1,1,0,0
9195,3,0,90,4,9,0,1,0,0
9196,3,0,90,5,9,0,1,0,0
9197,3,0,90,6,9,1,1,0,0
9198,3,0,90,7,9,0,1,0,0
9199,3,0,90,8,9,0,1,0,0
9200,3,0,90,9,9,1,1,0,0
9201,3,0,90,10,9,1,1,0,0
9202,3,0,90,11,9,0,1,0,0
9203,3,0,90,12,9,1,1,0,0
9204,3,0,90,13,9,1,1,0,0
9205,3,0,90,14,9,0,1,0,0
9206,3,0,90,15,9,0,1,0,0
9207,3,0,90,16,9,1,1,0,0
9208,3,0,90,17,9,0,1,0,0
9209,3,0,90,18,9,0,1,0,0
9210,3,0,90,19,9,1,1,0,0
9211,3,0,90,20,9,1,1,0,0
9212,3,0,90,21,9,0,1,0,0
9213,3,0,90,22,9,1,1,0,0
9214,3,0,90,23,9,1,1,0,0
9215,3,0,90,24,9,0,1,0,0
9216,3,0,90,25,9,0,1,0,0
9217,3,0,90,26,9,1,1,0,0
9218,3,0,90,27,9,0,1,0,0
9219,3,0,90,28,9,0,1,0,0
9220,3,0,90,29,9,1,1,0,0
9221,3,0,90,30,9,0,1,0,1
9222,3,0,90,31,9,0,1,0,0
9223,3,0,90,32,9,1,1,0,0
9224,3,0,90,33,9,1,1,0,0
9225,3,0,90,34,9,0,1,0,0
9226,3,0,90,35,9,0,1,0,0
9227,3,0,90,36,9,1,1,0,0
9228,3,0,90,37,9,0,1,0,0
9229,3,0,90,38,9,0,1,0,0
9230,3,0,90,39,9,1,1,0,0
9231,3,0,90,40,9,1,1,0,0
9232,3,0,90,41,9,0,1,0,0
9233,3,0,90,42,9,1,1,0,0
9234,3,0,90,43,9,0,1,0,1
9235,3,0,90,44,9,0,1,0,0
9236,3,0,90,45,9,0,1,0,0
9237,3,0,90,46,9,1,1,0,0
9238,3,0,90,47,9,0,1,0,0
9239,3,0,90,48,9,0,1,0,0
9240,3,0,90,49,9,1,1,0,0
9241,3,0,90,50,9,1,1,0,0
9242,3,0,90,51,9,0,1,0,0
9243,3,0,90,52,9,1,1,0,0
9244,3,0,90,53,9,1,1,0,0
9245,3,0,90,54,9,0,1,0,0
9246,3,0,90,55,9,0,1,0,0
9247,3,0,90,56,9,0,1,0,1
9248,3,0,90,57,9,0,1,0,0
9249,3,0,90,58,9,0,1,0,0
9250,3,0,90,59,9,1,1,0,0
9251,3,0,90,60,9,1,1,0,0
9252,3,0,90,61,9,0,1,0,0
9253,3,0,90,62,9,1,1,0,0
9254,3,0,90,63,9,1,1,0,0
9255,3,0,90,64,9,0,1,0,0
9256,3,0,90,65,9,0,1,0,0
9257,3,0,90,66,9,1,1,0,0
9258,3,0,90,67,9,0,1,0,0
9259,3,0,90,68,9,0,1,0,0
9260,3,0,90,69,9,0,1,0,1
9261,3,0,90,70,9,1,1,0,0
9262,3,0,90,71,9,0,1,0,0
9263,3,0,90,72,9,1,1,0,0
9264,3,0,90,73,9,1,1,0,0
9265,3,0,90,74,9,0,1,0,0
9266,3,0,90,75,9,0,1,0,0
9267,3,0,90,76,9,1,1,0,0
9268,3,0,90,77,9,0,1,0,0
9269,3,0,90,78,9,0,1,0,0
9270,3,0,90,79,9,1,1,0,0
9271,3,0,90,80,9,1,1,0,0
9272,3,0,90,81,9,0,1,0,0
9273,3,0,90,82,9,0,1,0,1
9274,3,0,90,83,9,1,1,0,0
9275,3,0,90,84,9,0,1,0,0
9276,3,0,90,85,9,0,1,0,0
9277,3,0,90,86,9,1,1,0,0
9278,3,0,90,87,9,0,1,0,0
9279,3,0,90,88,9,0,1,0,0
9280,3,0,90,89,9,1,1,0,0
9281,3,0,90,90,9,1,1,0,0
9282,3,0,90,91,9,0,1,0,0
9283,3,0,90,92,9,1,1,0,0
9284,3,0,90,93,9,1,1,0,0
9285,3,0,90,94,9,0,1,0,0
9286,3,0,90,95,9,0,1,0,0
9287,3,0,90,96,9,1,1,0,0
9288,3,0,90,97,9,0,1,0,0
9289,3,0,90,98,9,0,1,0,0
9290,3,0,90,99,9,1,1,0,0
9291,2,0,91,99,10,1,1,1,0
9292,3,0,91,0,10,1,0,1,0
9293,3,0,91,1,10,0,0,1,0
9294,3,0,91,2,10,1,0,1,0
9295,3,0,91,3,10,1,0,1,0
9296,3,0,91,4,10,0,0,1,0
9297,3,0,91,5,10,0,0,1,0
9298,3,0,91,6,10,1,0,1,0
9299,3,0,91,7,10,0,0,1,0
9300,3,0,91,8,10,0,0,1,0
9301,3,0,91,9,10,1,0,1,0
9302,3,0,91,10,10,1,0,1,0
9303,3,0,91,11,10,0,0,1,0
9304,3,0,91,12,10,1,0,1,0
9305,3,0,91,13,10,1,0,1,0
9306,3,0,91,14,10,0,0,1,0
9307,3,0,91,15,10,0,0,1,0
9308,3,0,91,16,10,1,0,1,0
9309,3,0,91,17,10,0,0,1,0
9310,3,0,91,18,10,0,0,1,0
9311,3,0,91,19,10,1,0,1,0
9312,3,0,91,20,10,1,0,1,0
9313,3,0,91,21,10,0,0,1,0
9314,3,0,91,22,10,1,0,1,0
9315,3,0,91,23,10,1,0,1,0
9316,3,0,91,24,10,0,0,1,0
9317,3,0,91,25,10,0,0,1,0
9318,3,0,91,26,10,1,0,1,0
9319,3,0,91,27,10,0,0,1,0
9320,3,0,91,28,10,0,0,1,0
9321,3,0,91,29,10,1,0,1,0
9322,3,0,91,30,10,1,0,1,0
9323,3,0,91,31,10,0,0,1,0
9324,3,0,91,32,10,1,0,1,0
9325,3,0,91,33,10,1,0,1,0
9326,3,0,91,34,10,0,0,1,0
9327,3,0,91,35,10,0,0,1,0
9328,3,0,91,36,10,1,0,1,0
9329,3,0,91,37,10,0,0,1,1
9330,3,0,91,38,10,0,0,1,0
9331,3,0,91,39,10,1,0,1,0
9332,3,0,91,40,10,1,0,1,0
9333,3,0,91,41,10,0,0,1,0
9334,3,0,91,42,10,1,0,1,0
9335,3,0,91,43,10,1,0,1,0
9336,3,0,91,44,10,0,0,1,0
9337,3,0,91,45,10,0,0,1,0
9338,3,0,91,46,10,1,0,1,0
9339,3,0,91,47,10,0,0,1,0
9340,3,0,91,48,10,0,0,1,0
9341,3,0,91,49,10,1,0,1,0
9342,3,0,91,50,10,1,0,1,1
9343,3,0,91,51,10,0,0,1,0
9344,3,0,91,52,10,1,0,1,0
9345,3,0,91,53,10,1,0,1,0
9346,3,0,91,54,10,0,0,1,0
9347,3,0,91,55,10,0,0,1,0
9348,3,0,91,56,10,1,0,1,0
9349,3,0,91,57,10,0,0,1,0
9350,3,0,91,58,10,0,0,1,0
9351,3,0,91,59,10,1,0,1,0
9352,3,0,91,60,10,1,0,1,0
9353,3,0,91,61,10,0,0,1,0
9354,3,0,91,62,10,1,0,1,0
9355,3,0,91,63,10,1,0,1,1
9356,3,0,91,64,10,0,0,1,0
9357,3,0,91,65,10,0,0,1,0
9358,3,0,91,66,10,1,0,1,0
9359,3,0,91,67,10,0,0,1,0
9360,3,0,91,68,10,0,0,1,0
9361,3,0,91,69,10,1,0,1,0
9362,3,0,91,70,10,1,0,1,0
9363,3,0,91,71,10,0,0,1,0
9364,3,0,91,72,10,1,0,1,0
9365,3,0,91,73,10,1,0,1,0
9366,3,0,91,74,10,0,0,1,0
9367,3,0,91,75,10,0,0,1,0
9368,3,0,91,76,10,1,0,1,1
9369,3,0,91,77,10,0,0,1,0
9370,3,0,91,78,10,0,0,1,0
9371,3,0,91,79,10,1,0,1,0
9372,3,0,91,80,10,1,0,1,0
9373,3,0,91,81,10,0,0,1,0
9374,3,0,91,82,10,1,0,1,0
9375,3,0,91,83,10,1,0,1,0
9376,3,0,91,84,10,0,0,1,0
9377,3,0,91,85,10,0,0,1,0
9378,3,0,91,86,10,1,0,1,0
9379,3,0,91,87,10,0,0,1,0
9380,3,0,91,88,10,0,0,1,0
9381,3,0,91,89,10,1,0,1,1
9382,3,0,91,90,10,1,0,1,0
9383,3,0,91,91,10,0,0,1,0
9384,3,0,91,92,10,1,0,1,0
9385,3,0,91,93,10,1,0,1,0
9386,3,0,91,94,10,0,0,1,0
9387,3,0,91,95,10,0,0,1,0
9388,3,0,91,96,10,1,0,1,0
9389,3,0,91,97,10,0,0,1,0
9390,3,0,91,98,10,0,0,1,0
9391,3,0,91,99,10,1,0,1,0
9392,2,0,92,99,10,1,0,2,0
9393,3,0,92,0,10,1,0,2,0
9394,3,0,92,1,10,0,0,2,0
9395,3,0,92,2,10,1,0,2,0
9396,3,0,92,3,10,1,0,2,0
9397,3,0,92,4,10,0,0,2,0
9398,3,0,92,5,10,0,0,2,0
9399,3,0,92,6,10,1,0,2,0
9400,3,0,92,7,10,0,0,2,0
9401,3,0,92,8,10,0,0,2,0
9402,3,0,92,9,10,1,0,2,0
9403,3,0,92,10,10,1,0,2,0
9404,3,0,92,11,10,0,0,2,0
9405,3,0,92,12,10,1,0,2,0
9406,3,0,92,13,10,1,0,2,0
9407,3,0,92,14,10,0,0,2,0
9408,3,0,92,15,10,0,0,2,0
9409,3,0,92,16,10,1,0,2,0
9410,3,0,92,17,10,0,0,2,0
9411,3,0,92,18,10,0,0,2,0
9412,3,0,92,19,10,1,0,2,0
9413,3,0,92,20,10,1,0,2,0
9414,3,0,92,21,10,0,0,2,0
9415,3,0,92,22,10,1,0,2,0
9416,3,0,92,23,10,1,0,2,0
9417,3,0,92,24,10,0,0,2,0
9418,3,0,92,25,10,0,0,2,0
9419,3,0,92,26,10,1,0,2,0
9420,3,0,92,27,10,0,0,2,0
9421,3,0,92,28,10,0,0,2,0
9422,3,0,92,29,10,1,0,2,0
9423,3,0,92,30,10,1,0,2,0
9424,3,0,92,31,10,0,0,2,0
9425,3,0,92,32,10,1,0,2,0
9426,3,0,92,33,10,1,0,2,0
9427,3,0,92,34,10,0,0,2,0
9428,3,0,92,35,10,0,0,2,0
9429,3,0,92,36,10,1,0,2,0
9430,3,0,92,37,10,0,0,2,0
9431,3,0,92,38,10,0,0,2,0
9432,3,0,92,39,10,1,0,2,0
9433,3,0,92,40,10,1,0,2,0
9434,3,0,92,41,10,0,0,2,0
9435,3,0,92,42,10,1,0,2,0
9436,3,0,92,43,10,1,0,2,0
9437,3,0,92,44,10,0,0,2,1
9438,3,0,92,45,10,0,0,2,0
9439,3,0,92,46,10,1,0,2,0
9440,3,0,92,47,10,0,0,2,0
9441,3,0,92,48,10,0,0,2,0
9442,3,0,92,49,10,1,0,2,0
9443,3,0,92,50,10,1,0,2,0
9444,3,0,92,51,10,0,0,2,0
9445,3,0,92,52,10,1,0,2,0
9446,3,0,92,53,10,1,0,2,0
9447,3,0,92,54,10,0,0,2,0
9448,3,0,92,55,10,0,0,2,0
9449,3,0,92,56,10,1,0,2,0
9450,3,0,92,57,10,0,0,2,1
9451,3,0,92,58,10,0,0,2,0
9452,3,0,92,59,10,1,0,2,0
9453,3,0,92,60,10,1,0,2,0
9454,3,0,92,61,10,0,0,2,0
9455,3,0,92,62,10,1,0,2,0
9456,3,0,92,63,10,1,0,2,0
9457,3,0,92,64,10,0,0,2,0
9458,3,0,92,65,10,0,0,2,0
9459,3,0,92,66,10,1,0,2,0
9460,3,0,92,67,10,0,0,2,0
9461,3,0,92,68,10,0,0,2,0
9462,3,0,92,69,10,1,0,2,0
9463,3,0,92,70,10,1,0,2,1
9464,3,0,92,71,10,0,0,2,0
9465,3,0,92,72,10,1,0,2,0
9466,3,0,92,73,10,1,0,2,0
9467,3,0,92,74,10,0,0,2,0
9468,3,0,92,75,10,0,0,2,0
9469,3,0,92,76,10,1,0,2,0
9470,3,0,92,77,10,0,0,2,0
9471,3,0,92,78,10,0,0,2,0
9472,3,0,92,79,10,1,0,2,0
9473,3,0,92,80,10,1,0,2,0
9474,3,0,92,81,10,0,0,2,0
9475,3,0,92,82,10,1,0,2,0
9476,3,0,92,83,10,1,0,2,1
9477,3,0,92,84,10,0,0,2,0
9478,3,0,92,85,10,0,0,2,0
9479,3,0,92,86,10,1,0,2,0
9480,3,0,92,87,10,0,0,2,0
9481,3,0,92,88,10,0,0,2,0
9482,3,0,92,89,10,1,0,2,0
9483,3,0,92,90,10,1,0,2,0
9484,3,0,92,91,10,0,0,2,0
9485,3,0,92,92,10,1,0,2,0
9486,3,0,92,93,10,1,0,2,0
9487,3,0,92,94,10,0,0,2,0
9488,3,0,92,95,10,0,0,2,0
9489,3,0,92,96,10,1,0,2,1
9490,3,0,92,97,10,0,0,2,0
9491,3,0,92,98,10,0,0,2,0
9492,3,0,92,99,10,1,0,2,0
9493,2,0,93,99,10,1,0,3,0
9494,3,0,93,0,10,1,0,3,0
9495,3,0,93,1,10,0,0,3,0
9496,3,0,93,2,10,1,0,3,0
9497,3,0,93,3,10,1,0,3,1
9498,3,0,93,4,10,0,0,3,0
9499,3,0,93,5,10,0,0,3,0
9500,3,0,93,6,10,1,0,3,0
9501,3,0,93,7,10,0,0,3,0
9502,3,0,93,8,10,0,0,3,0
9503,3,0,93,9,10,1,0,3,0
9504,3,0,93,10,10,1,0,3,0
9505,3,0,93,11,10,0,0,3,0
9506,3,0,93,12,10,1,0,3,0
9507,3,0,93,13,10,1,0,3,0
9508,3,0,93,14,10,0,0,3,0
9509,3,0,93,15,10,0,0,3,0
9510,3,0,93,16,10,1,0,3,0
9511,3,0,93,17,10,0,0,3,0
9512,3,0,93,18,10,0,0,3,0
9513,3,0,93,19,10,1,0,3,0
9514,3,0,93,20,10,1,0,3,0
9515,3,0,93,21,10,0,0,3,0
9516,3,0,93,22,10,1,0,3,0
9517,3,0,93,23,10,1,0,3,0
9518,3,0,93,24,10,0,0,3,0
9519,3,0,93,25,10,0,0,3,0
9520,3,0,93,26,10,1,0,3,0
9521,3,0,93,27,10,0,0,3,0
9522,3,0,93,28,10,0,0,3,0
9523,3,0,93,29,10,1,0,3,0
9524,3,0,93,30,10,1,0,3,0
9525,3,0,93,31,10,0,0,3,0
9526,3,0,93,32,10,1,0,3,0
9527,3,0,93,33,10,1,0,3,0
9528,3,0,93,34,10,0,0,3,0
9529,3,0,93,35,10,0,0,3,0
9530,3,0,93,36,10,1,0,3,0
9531,3,0,93,37,10,0,0,3,0
9532,3,0,93,38,10,0,0,3,0
9533,3,0,93,39,10,1,0,3,0
9534,3,0,93,40,10,1,0,3,0
9535,3,0,93,41,10,0,0,3,0
9536,3,0,93,42,10,1,0,3,0
9537,3,0,93,43,10,1,0,3,0
9538,3,0,93,44,10,0,0,3,0
9539,3,0,93,45,10,0,0,3,0
9540,3,0,93,46,10,1,0,3,0
9541,3,0,93,47,10,0,0,3,0
9542,3,0,93,48,10,0,0,3,0
9543,3,0,93,49,10,1,0,3,0
9544,3,0,93,50,10,1,0,3,0
9545,3,0,93,51,10,0,0,3,1
9546,3,0,93,52,10,1,0,3,0
9547,3,0,93,53,10,1,0,3,0
9548,3,0,93,54,10,0,0,3,0
9549,3,0,93,55,10,0,0,3,0
9550,3,0,93,56,10,1,0,3,0
9551,3,0,93,57,10,0,0,3,0
9552,3,0,93,58,10,0,0,3,0
9553,3,0,93,59,10,1,0,3,0
9554,3,0,93,60,10,1,0,3,0
9555,3,0,93,61,10,0,0,3,0
9556,3,0,93,62,10,1,0,3,0
9557,3,0,93,63,10,1,0,3,0
9558,3,0,93,64,10,0,0,3,1
9559,3,0,93,65,10,0,0,3,0
9560,3,0,93,66,10,1,0,3,0
9561,3,0,93,67,10,0,0,3,0
9562,3,0,93,68,10,0,0,3,0
9563,3,0,93,69,10,1,0,3,0
9564,3,0,93,70,10,1,0,3,0
9565,3,0,93,71,10,0,0,3,0
9566,3,0,93,72,10,1,0,3,0
9567,3,0,93,73,10,1,0,3,0
9568,3,0,93,74,10,0,0,3,0
9569,3,0,93,75,10,0,0,3,0
9570,3,0,93,76,10,1,0,3,0
9571,3,0,93,77,10,0,0,3,1
9572,3,0,93,78,10,0,0,3,0
9573,3,0,93,79,10,1,0,3,0
9574,3,0,93,80,10,1,0,3,0
9575,3,0,93,81,10,0,0,3,0
9576,3,0,93,82,10,1,0,3,0
9577,3,0,93,83,10,1,0,3,0
9578,3,0,93,84,10,0,0,3,0
9579,3,0,93,85,10,0,0,3,0
9580,3,0,93,86,10,1,0,3,0
9581,3,0,93,87,10,0,0,3,0
9582,3,0,93,88,10,0,0,3,0
9583,3,0,93,89,10,1,0,3,0
9584,3,0,93,90,10,1,0,3,1
9585,3,0,93,91,10,0,0,3,0
9586,3,0,93,92,10,1,0,3,0
9587,3,0,93,93,10,1,0,3,0
9588,3,0,93,94,10,0,0,3,0
9589,3,0,93,95,10,0,0,3,0
9590,3,0,93,96,10,1,0,3,0
9591,3,0,93,97,10,0,0,3,0
9592,3,0,93,98,10,0,0,3,0
9593,3,0,93,99,10,1,0,3,0
9594,2,0,94,99,10,1,0,4,0
9595,3,0,94,0,10,1,0,4,0
9596,3,0,94,1,10,0,0,4,0
9597,3,0,94,2,10,1,0,4,0
9598,3,0,94,3,10,1,0,4,0
9599,3,0,94,4,10,0,0,4,0
9600,3,0,94,5,10,0,0,4,0
9601,3,0,94,6,10,1,0,4,0
9602,3,0,94,7,10,0,0,4,0
9603,3,0,94,8,10,0,0,4,0
9604,3,0,94,9,10,1,0,4,0
9605,3,0,94,10,10,1,0,4,1
9606,3,0,94,11,10,0,0,4,0
9607,3,0,94,12,10,1,0,4,0
9608,3,0,94,13,10,1,0,4,0
9609,3,0,94,14,10,0,0,4,0
9610,3,0,94,15,10,0,0,4,0
9611,3,0,94,16,10,1,0,4,0
9612,3,0,94,17,10,0,0,4,0
9613,3,0,94,18,10,0,0,4,0
9614,3,0,94,19,10,1,0,4,0
9615,3,0,94,20,10,1,0,4,0
9616,3,0,94,21,10,0,0,4,0
9617,3,0,94,22,10,1,0,4,0
9618,3,0,94,23,10,1,0,4,0
9619,3,0,94,24,10,0,0,4,0
9620,3,0,94,25,10,0,0,4,0
9621,3,0,94,26,10,1,0,4,0
9622,3,0,94,27,10,0,0,4,0
9623,3,0,94,28,10,0,0,4,0
9624,3,0,94,29,10,1,0,4,0
9625,3,0,94,30,10,1,0,4,0
9626,3,0,94,31,10,0,0,4,0
9627,3,0,94,32,10,1,0,4,0
9628,3,0,94,33,10,1,0,4,0
9629,3,0,94,34,10,0,0,4,0
9630,3,0,94,35,10,0,0,4,0
9631,3,0,94,36,10,1,0,4,0
9632,3,0,94,37,10,0,0,4,0
9633,3,0,94,38,10,0,0,4,0
9634,3,0,94,39,10,1,0,4,0
9635,3,0,94,40,10,1,0,4,0
9636,3,0,94,41,10,0,0,4,0
9637,3,0,94,42,10,1,0,4,0
9638,3,0,94,43,10,1,0,4,0
9639,3,0,94,44,10,0,0,4,0
9640,3,0,94,45,10,0,0,4,0
9641,3,0,94,46,10,1,0,4,0
9642,3,0,94,47,10,0,0,4,0
9643,3,0,94,48,10,0,0,4,0
9644,3,0,94,49,10,1,0,4,0
9645,3,0,94,50,10,1,0,4,0
9646,3,0,94,51,10,0,0,4,0
9647,3,0,94,52,10,1,0,4,0
9648,3,0,94,53,10,1,0,4,0
9649,3,0,94,54,10,0,0,4,0
9650,3,0,94,55,10,0,0,4,0
9651,3,0,94,56,10,1,0,4,0
9652,3,0,94,57,10,0,0,4,0
9653,3,0,94,58,10,0,0,4,1
9654,3,0,94,59,10,1,0,4,0
9655,3,0,94,60,10,1,0,4,0
9656,3,0,94,61,10,0,0,4,0
9657,3,0,94,62,10,1,0,4,0
9658,3,0,94,63,10,1,0,4,0
9659,3,0,94,64,10,0,0,4,0
9660,3,0,94,65,10,0,0,4,0
9661,3,0,94,66,10,1,0,4,0
9662,3,0,94,67,10,0,0,4,0
9663,3,0,94,68,10,0,0,4,0
9664,3,0,94,69,10,1,0,4,0
9665,3,0,94,70,10,1,0,4,0
9666,3,0,94,71,10,0,0,4,1
9667,3,0,94,72,10,1,0,4,0
9668,3,0,94,73,10,1,0,4,0
9669,3,0,94,74,10,0,0,4,0
9670,3,0,94,75,10,0,0,4,0
9671,3,0,94,76,10,1,0,4,0
9672,3,0,94,77,10,0,0,4,0
9673,3,0,94,78,10,0,0,4,0
9674,3,0,94,79,10,1,0,4,0
9675,3,0,94,80,10,1,0,4,0
9676,3,0,94,81,10,0,0,4,0
9677,3,0,94,82,10,1,0,4,0
9678,3,0,94,83,10,1,0,4,0
9679,3,0,94,84,10,0,0,4,1
9680,3,0,94,85,10,0,0,4,0
9681,3,0,94,86,10,1,0,4,0
9682,3,0,94,87,10,0,0,4,0
9683,3,0,94,88,10,0,0,4,0
9684,3,0,94,89,10,1,0,4,0
9685,3,0,94,90,10,1,0,4,0
9686,3,0,94,91,10,0,0,4,0
9687,3,0,94,92,10,1,0,4,0
9688,3,0,94,93,10,1,0,4,0
9689,3,0,94,94,10,0,0,4,0
9690,3,0,94,95,10,0,0,4,0
9691,3,0,94,96,10,1,0,4,0
9692,3,0,94,97,10,0,0,4,1
9693,3,0,94,98,10,0,0,4,0
9694,3,0,94,99,10,1,0,4,0
9695,2,0,95,99,10,1,0,5,0
9696,3,0,95,0,10,1,0,5,0
9697,3,0,95,1,10,0,0,5,0
9698,3,0,95,2,10,1,0,5,0
9699,3,0,95,3,10,1,0,5,0
9700,3,0,95,4,10,0,0,5,1
9701,3,0,95,5,10,0,0,5,0
9702,3,0,95,6,10,1,0,5,0
9703,3,0,95,7,10,0,0,5,0
9704,3,0,95,8,10,0,0,5,0
9705,3,0,95,9,10,1,0,5,0
9706,3,0,95,10,10,1,0,5,0
9707,3,0,95,11,10,0,0,5,0
9708,3,0,95,12,10,1,0,5,0
9709,3,0,95,13,10,1,0,5,0
9710,3,0,95,14,10,0,0,5,0
9711,3,0,95,15,10,0,0,5,0
9712,3,0,95,16,10,1,0,5,0
9713,3,0,95,17,10,0,0,5,1
9714,3,0,95,18,10,0,0,5,0
9715,3,0,95,19,10,1,0,5,0
9716,3,0,95,20,10,1,0,5,0
9717,3,0,95,21,10,0,0,5,0
9718,3,0,95,22,10,1,0,5,0
9719,3,0,95,23,10,1,0,5,0
9720,3,0,95,24,10,0,0,5,0
9721,3,0,95,25,10,0,0,5,0
9722,3,0,95,26,10,1,0,5,0
9723,3,0,95,27,10,0,0,5,0
9724,3,0,95,28,10,0,0,5,0
9725,3,0,95,29,10,1,0,5,0
9726,3,0,95,30,10,1,0,5,0
9727,3,0,95,31,10,0,0,5,0
9728,3,0,95,32,10,1,0,5,0
9729,3,0,95,33,10,1,0,5,0
9730,3,0,95,34,10,0,0,5,0
9731,3,0,95,35,10,0,0,5,0
9732,3,0,95,36,10,1,0,5,0
9733,3,0,95,37,10,0,0,5,0
9734,3,0,95,38,10,0,0,5,0
9735,3,0,95,39,10,1,0,5,0
9736,3,0,95,40,10,1,0,5,0
9737,3,0,95,41,10,0,0,5,0
9738,3,0,95,42,10,1,0,5,0
9739,3,0,95,43,10,1,0,5,0
9740,3,0,95,44,10,0,0,5,0
9741,3,0,95,45,10,0,0,5,0
9742,3,0,95,46,10,1,0,5,0
9743,3,0,95,47,10,0,0,5,0
9744,3,0,95,48,10,0,0,5,0
9745,3,0,95,49,10,1,0,5,0
9746,3,0,95,50,10,1,0,5,0
9747,3,0,95,51,10,0,0,5,0
9748,3,0,95,52,10,1,0,5,0
9749,3,0,95,53,10,1,0,5,0
9750,3,0,95,54,10,0,0,5,0
9751,3,0,95,55,10,0,0,5,0
9752,3,0,95,56,10,1,0,5,0
9753,3,0,95,57,10,0,0,5,0
9754,3,0,95,58,10,0,0,5,0
9755,3,0,95,59,10,1,0,5,0
9756,3,0,95,60,10,1,0,5,0
9757,3,0,95,61,10,0,0,5,0
9758,3,0,95,62,10,1,0,5,0
9759,3,0,95,63,10,1,0,5,0
9760,3,0,95,64,10,0,0,5,0
9761,3,0,95,65,10,0,0,5,1
9762,3,0,95,66,10,1,0,5,0
9763,3,0,95,67,10,0,0,5,0
9764,3,0,95,68,10,0,0,5,0
9765,3,0,95,69,10,1,0,5,0
9766,3,0,95,70,10,1,0,5,0
9767,3,0,95,71,10,0,0,5,0
9768,3,0,95,72,10,1,0,5,0
9769,3,0,95,73,10,1,0,5,0
9770,3,0,95,74,10,0,0,5,0
9771,3,0,95,75,10,0,0,5,0
9772,3,0,95,76,10,1,0,5,0
9773,3,0,95,77,10,0,0,5,0
9774,3,0,95,78,10,0,0,5,1
9775,3,0,95,79,10,1,0,5,0
9776,3,0,95,80,10,1,0,5,0
9777,3,0,95,81,10,0,0,5,0
9778,3,0,95,82,10,1,0,5,0
9779,3,0,95,83,10,1,0,5,0
9780,3,0,95,84,10,0,0,5,0
9781,3,0,95,85,10,0,0,5,0
9782,3,0,95,86,10,1,0,5,0
9783,3,0,95,87,10,0,0,5,0
9784,3,0,95,88,10,0,0,5,0
9785,3,0,95,89,10,1,0,5,0
9786,3,0,95,90,10,1,0,5,0
9787,3,0,95,91,10,0,0,5,1
9788,3,0,95,92,10,1,0,5,0
9789,3,0,95,93,10,1,0,5,0
9790,3,0,95,94,10,0,0,5,0
9791,3,0,95,95,10,0,0,5,0
9792,3,0,95,96,10,1,0,5,0
9793,3,0,95,97,10,0,0,5,0
9794,3,0,95,98,10,0,0,5,0
9795,3,0,95,99,10,1,0,5,0
9796,2,0,96,99,10,1,0,6,0
9797,3,0,96,0,10,1,0,6,0
9798,3,0,96,1,10,0,0,6,0
9799,3,0,96,2,10,1,0,6,0
9800,3,0,96,3,10,1,0,6,0
9801,3,0,96,4,10,0,0,6,0
9802,3,0,96,5,10,0,0,6,0
9803,3,0,96,6,10,1,0,6,0
9804,3,0,96,7,10,0,0,6,0
9805,3,0,96,8,10,0,0,6,0
9806,3,0,96,9,10,1,0,6,0
9807,3,0,96,10,10,1,0,6,0
9808,3,0,96,11,10,0,0,6,1
9809,3,0,96,12,10,1,0,6,0
9810,3,0,96,13,10,1,0,6,0
9811,3,0,96,14,10,0,0,6,0
9812,3,0,96,15,10,0,0,6,0
9813,3,0,96,16,10,1,0,6,0
9814,3,0,96,17,10,0,0,6,0
9815,3,0,96,18,10,0,0,6,0
9816,3,0,96,19,10,1,0,6,0
9817,3,0,96,20,10,1,0,6,0
9818,3,0,96,21,10,0,0,6,0
9819,3,0,96,22,10,1,0,6,0
9820,3,0,96,23,10,1,0,6,0
9821,3,0,96,24,10,0,0,6,1
9822,3,0,96,25,10,0,0,6,0
9823,3,0,96,26,10,1,0,6,0
9824,3,0,96,27,10,0,0,6,0
9825,3,0,96,28,10,0,0,6,0
9826,3,0,96,29,10,1,0,6,0
9827,3,0,96,30,10,1,0,6,0
9828,3,0,96,31,10,0,0,6,0
9829,3,0,96,32,10,1,0,6,0
9830,3,0,96,33,10,1,0,6,0
9831,3,0,96,34,10,0,0,6,0
9832,3,0,96,35,10,0,0,6,0
9833,3,0,96,36,10,1,0,6,0
9834,3,0,96,37,10,0,0,6,0
9835,3,0,96,38,10,0,0,6,0
9836,3,0,96,39,10,1,0,6,0
9837,3,0,96,40,10,1,0,6,0
9838,3,0,96,41,10,0,0,6,0
9839,3,0,96,42,10,1,0,6,0
9840,3,0,96,43,10,1,0,6,0
9841,3,0,96,44,10,0,0,6,0
9842,3,0,96,45,10,0,0,6,0
9843,3,0,96,46,10,1,0,6,0
9844,3,0,96,47,10,0,0,6,0
9845,3,0,96,48,10,0,0,6,0
9846,3,0,96,49,10,1,0,6,0
9847,3,0,96,50,10,1,0,6,0
9848,3,0,96,51,10,0,0,6,0
9849,3,0,96,52,10,1,0,6,0
9850,3,0,96,53,10,1,0,6,0
9851,3,0,96,54,10,0,0,6,0
9852,3,0,96,55,10,0,0,6,0
9853,3,0,96,56,10,1,0,6,0
9854,3,0,96,57,10,0,0,6,0
9855,3,0,96,58,10,0,0,6,0
9856,3,0,96,59,10,1,0,6,0
9857,3,0,96,60,10,1,0,6,0
9858,3,0,96,61,10,0,0,6,0
9859,3,0,96,62,10,1,0,6,0
9860,3,0,96,63,10,1,0,6,0
9861,3,0,96,64,10,0,0,6,0
9862,3,0,96,65,10,0,0,6,0
9863,3,0,96,66,10,1,0,6,0
9864,3,0,96,67,10,0,0,6,0
9865,3,0,96,68,10,0,0,6,0
9866,3,0,96,69,10,1,0,6,0
9867,3,0,96,70,10,1,0,6,0
9868,3,0,96,71,10,0,0,6,0
9869,3,0,96,72,10,1,0,6,1
9870,3,0,96,73,10,1,0,6,0
9871,3,0,96,74,10,0,0,6,0
9872,3,0,96,75,10,0,0,6,0
9873,3,0,96,76,10,1,0,6,0
9874,3,0,96,77,10,0,0,6,0
9875,3,0,96,78,10,0,0,6,0
9876,3,0,96,79,10,1,0,6,0
9877,3,0,96,80,10,1,0,6,0
9878,3,0,96,81,10,0,0,6,0
9879,3,0,96,82,10,1,0,6,0
9880,3,0,96,83,10,1,0,6,0
9881,3,0,96,84,10,0,0,6,0
9882,3,0,96,85,10,0,0,6,1
9883,3,0,96,86,10,1,0,6,0
9884,3,0,96,87,10,0,0,6,0
9885,3,0,96,88,10,0,0,6,0
9886,3,0,96,89,10,1,0,6,0
9887,3,0,96,90,10,1,0,6,0
9888,3,0,96,91,10,0,0,6,0
9889,3,0,96,92,10,1,0,6,0
9890,3,0,96,93,10,1,0,6,0
9891,3,0,96,94,10,0,0,6,0
9892,3,0,96,95,10,0,0,6,0
9893,3,0,96,96,10,1,0,6,0
9894,3,0,96,97,10,0,0,6,0
9895,3,0,96,98,10,0,0,6,1
9896,3,0,96,99,10,1,0,6,0
9897,2,0,97,99,10,1,0,7,0
9898,3,0,97,0,10,1,0,7,0
9899,3,0,97,1,10,0,0,7,0
9900,3,0,97,2,10,1,0,7,0
9901,3,0,97,3,10,1,0,7,0
9902,3,0,97,4,10,0,0,7,0
9903,3,0,97,5,10,0,0,7,1
9904,3,0,97,6,10,1,0,7,0
9905,3,0,97,7,10,0,0,7,0
9906,3,0,97,8,10,0,0,7,0
9907,3,0,97,9,10,1,0,7,0
9908,3,0,97,10,10,1,0,7,0
9909,3,0,97,11,10,0,0,7,0
9910,3,0,97,12,10,1,0,7,0
9911,3,0,97,13,10,1,0,7,0
9912,3,0,97,14,10,0,0,7,0
9913,3,0,97,15,10,0,0,7,0
9914,3,0,97,16,10,1,0,7,0
9915,3,0,97,17,10,0,0,7,0
9916,3,0,97,18,10,0,0,7,1
9917,3,0,97,19,10,1,0,7,0
9918,3,0,97,20,10,1,0,7,0
9919,3,0,97,21,10,0,0,7,0
9920,3,0,97,22,10,1,0,7,0
9921,3,0,97,23,10,1,0,7,0
9922,3,0,97,24,10,0,0,7,0
9923,3,0,97,25,10,0,0,7,0
9924,3,0,97,26,10,1,0,7,0
9925,3,0,97,27,10,0,0,7,0
9926,3,0,97,28,10,0,0,7,0
9927,3,0,97,29,10,1,0,7,0
9928,3,0,97,30,10,1,0,7,0
9929,3,0,97,31,10,0,0,7,1
9930,3,0,97,32,10,1,0,7,0
9931,3,0,97,33,10,1,0,7,0
9932,3,0,97,34,10,0,0,7,0
9933,3,0,97,35,10,0,0,7,0
9934,3,0,97,36,10,1,0,7,0
9935,3,0,97,37,10,0,0,7,0
9936,3,0,97,38,10,0,0,7,0
9937,3,0,97,39,10,1,0,7,0
9938,3,0,97,40,10,1,0,7,0
9939,3,0,97,41,10,0,0,7,0
9940,3,0,97,42,10,1,0,7,0
9941,3,0,97,43,10,1,0,7,0
9942,3,0,97,44,10,0,0,7,0
9943,3,0,97,45,10,0,0,7,0
9944,3,0,97,46,10,1,0,7,0
9945,3,0,97,47,10,0,0,7,0
9946,3,0,97,48,10,0,0,7,0
9947,3,0,97,49,10,1,0,7,0
9948,3,0,97,50,10,1,0,7,0
9949,3,0,97,51,10,0,0,7,0
9950,3,0,97,52,10,1,0,7,0
9951,3,0,97,53,10,1,0,7,0
9952,3,0,97,54,10,0,0,7,0
9953,3,0,97,55,10,0,0,7,0
9954,3,0,97,56,10,1,0,7,0
9955,3,0,97,57,10,0,0,7,0
9956,3,0,97,58,10,0,0,7,0
9957,3,0,97,59,10,1,0,7,0
9958,3,0,97,60,10,1,0,7,0
9959,3,0,97,61,10,0,0,7,0
9960,3,0,97,62,10,1,0,7,0
9961,3,0,97,63,10,1,0,7,0
9962,3,0,97,64,10,0,0,7,0
9963,3,0,97,65,10,0,0,7,0
9964,3,0,97,66,10,1,0,7,0
9965,3,0,97,67,10,0,0,7,0
9966,3,0,97,68,10,0,0,7,0
9967,3,0,97,69,10,1,0,7,0
9968,3,0,97,70,10,1,0,7,0
9969,3,0,97,71,10,0,0,7,0
9970,3,0,97,72,10,1,0,7,0
9971,3,0,97,73,10,1,0,7,0
9972,3,0,97,74,10,0,0,7,0
9973,3,0,97,75,10,0,0,7,0
9974,3,0,97,76,10,1,0,7,0
9975,3,0,97,77,10,0,0,7,0
9976,3,0,97,78,10,0,0,7,0
9977,3,0,97,79,10,1,0,7,1
9978,3,0,97,80,10,1,0,7,0
9979,3,0,97,81,10,0,0,7,0
9980,3,0,97,82,10,1,0,7,0
9981,3,0,97,83,10,1,0,7,0
9982,3,0,97,84,10,0,0,7,0
9983,3,0,97,85,10,0,0,7,0
9984,3,0,97,86,10,1,0,7,0
9985,3,0,97,87,10,0,0,7,0
9986,3,0,97,88,10,0,0,7,0
9987,3,0,97,89,10,1,0,7,0
9988,3,0,97,90,10,1,0,7,0
9989,3,0,97,91,10,0,0,7,0
9990,3,0,97,92,10,1,0,7,1
9991,3,0,97,93,10,1,0,7,0
9992,3,0,97,94,10,0,0,7,0
9993,3,0,97,95,10,0,0,7,0
9994,3,0,97,96,10,1,0,7,0
9995,3,0,97,97,10,0,0,7,0
9996,3,0,97,98,10,0,0,7,0
9997,3,0,97,99,10,1,0,7,0
9998,2,0,98,99,10,1,0,8,1
9999,3,0,98,0,10,1,0,8,0
10000,3,0,98,1,10,0,0,8,0
10001,3,0,98,2,10,1,0,8,0
10002,3,0,98,3,10,1,0,8,0
10003,3,0,98,4,10,0,0,8,0
10004,3,0,98,5,10,0,0,8,0
10005,3,0,98,6,10,1,0,8,0
10006,3,0,98,7,10,0,0,8,0
10007,3,0,98,8,10,0,0,8,0
10008,3,0,98,9,10,1,0,8,0
10009,3,0,98,10,10,1,0,8,0
10010,3,0,98,11,10,0,0,8,0
10011,3,0,98,12,10,1,0,8,1
10012,3,0,98,13,10,1,0,8,0
10013,3,0,98,14,10,0,0,8,0
10014,3,0,98,15,10,0,0,8,0
10015,3,0,98,16,10,1,0,8,0
10016,3,0,98,17,10,0,0,8,0
10017,3,0,98,18,10,0,0,8,0
10018,3,0,98,19,10,1,0,8,0
10019,3,0,98,20,10,1,0,8,0
10020,3,0,98,21,10,0,0,8,0
10021,3,0,98,22,10,1,0,8,0
10022,3,0,98,23,10,1,0,8,0
10023,3,0,98,24,10,0,0,8,0
10024,3,0,98,25,10,0,0,8,1
10025,3,0,98,26,10,1,0,8,0
10026,3,0,98,27,10,0,0,8,0
10027,3,0,98,28,10,0,0,8,0
10028,3,0,98,29,10,1,0,8,0
10029,3,0,98,30,10,1,0,8,0
10030,3,0,98,31,10,0,0,8,0
10031,3,0,98,32,10,1,0,8,0
10032,3,0,98,33,10,1,0,8,0
10033,3,0,98,34,10,0,0,8,0
10034,3,0,98,35,10,0,0,8,0
10035,3,0,98,36,10,1,0,8,0
10036,3,0,98,37,10,0,0,8,0
10037,3,0,98,38,10,0,0,8,1
10038,3,0,98,39,10,1,0,8,0
10039,3,0,98,40,10,1,0,8,0
10040,3,0,98,41,10,0,0,8,0
10041,3,0,98,42,10,1,0,8,0
10042,3,0,98,43,10,1,0,8,0
10043,3,0,98,44,10,0,0,8,0
10044,3,0,98,45,10,0,0,8,0
10045,3,0,98,46,10,1,0,8,0
10046,3,0,98,47,10,0,0,8,0
10047,3,0,98,48,10,0,0,8,0
10048,3,0,98,49,10,1,0,8,0
10049,3,0,98,50,10,1,0,8,0
10050,3,0,98,51,10,0,0,8,0
10051,3,0,98,52,10,1,0,8,0
10052,3,0,98,53,10,1,0,8,0
10053,3,0,98,54,10,0,0,8,0
10054,3,0,98,55,10,0,0,8,0
10055,3,0,98,56,10,1,0,8,0
10056,3,0,98,57,10,0,0,8,0
10057,3,0,98,58,10,0,0,8,0
10058,3,0,98,59,10,1,0,8,0
10059,3,0,98,60,10,1,0,8,0
10060,3,0,98,61,10,0,0,8,0
10061,3,0,98,62,10,1,0,8,0
10062,3,0,98,63,10,1,0,8,0
10063,3,0,98,64,10,0,0,8,0
10064,3,0,98,65,10,0,0,8,0
10065,3,0,98,66,10,1,0,8,0
10066,3,0,98,67,10,0,0,8,0
10067,3,0,98,68,10,0,0,8,0
10068,3,0,98,69,10,1,0,8,0
10069,3,0,98,70,10,1,0,8,0
10070,3,0,98,71,10,0,0,8,0
10071,3,0,98,72,10,1,0,8,0
10072,3,0,98,73,10,1,0,8,0
10073,3,0,98,74,10,0,0,8,0
10074,3,0,98,75,10,0,0,8,0
10075,3,0,98,76,10,1,0,8,0
10076,3,0,98,77,10,0,0,8,0
10077,3,0,98,78,10,0,0,8,0
10078,3,0,98,79,10,1,0,8,0
10079,3,0,98,80,10,1,0,8,0
10080,3,0,98,81,10,0,0,8,0
10081,3,0,98,82,10,1,0,8,0
10082,3,0,98,83,10,1,0,8,0
10083,3,0,98,84,10,0,0,8,0
10084,3,0,98,85,10,0,0,8,0
10085,3,0,98,86,10,1,0,8,1
10086,3,0,98,87,10,0,0,8,0
10087,3,0,98,88,10,0,0,8,0
10088,3,0,98,89,10,1,0,8,0
10089,3,0,98,90,10,1,0,8,0
10090,3,0,98,91,10,0,0,8,0
10091,3,0,98,92,10,1,0,8,0
10092,3,0,98,93,10,1,0,8,0
10093,3,0,98,94,10,0,0,8,0
10094,3,0,98,95,10,0,0,8,0
10095,3,0,98,96,10,1,0,8,0
10096,3,0,98,97,10,0,0,8,0
10097,3,0,98,98,10,0,0,8,0
10098,3,0,98,99,10,1,0,8,1
10099,2,0,99,99,10,1,0,9,0
10100,3,0,99,0,10,1,0,9,0
10101,3,0,99,1,10,0,0,9,0
10102,3,0,99,2,10,1,0,9,0
10103,3,0,99,3,10,1,0,9,0
10104,3,0,99,4,10,0,0,9,0
10105,3,0,99,5,10,0,0,9,0
10106,3,0,99,6,10,1,0,9,1
10107,3,0,99,7,10,0,0,9,0
10108,3,0,99,8,10,0,0,9,0
10109,3,0,99,9,10,1,0,9,0
10110,3,0,99,10,10,1,0,9,0
10111,3,0,99,11,10,0,0,9,0
10112,3,0,99,12,10,1,0,9,0
10113,3,0,99,13,10,1,0,9,0
10114,3,0,99,14,10,0,0,9,0
10115,3,0,99,15,10,0,0,9,0
10116,3,0,99,16,10,1,0,9,0
10117,3,0,99,17,10,0,0,9,0
10118,3,0,99,18,10,0,0,9,0
10119,3,0,99,19,10,1,0,9,1
10120,3,0,99,20,10,1,0,9,0
10121,3,0,99,21,10,0,0,9,0
10122,3,0,99,22,10,1,0,9,0
10123,3,0,99,23,10,1,0,9,0
10124,3,0,99,24,10,0,0,9,0
10125,3,0,99,25,10,0,0,9,0
10126,3,0,99,26,10,1,0,9,0
10127,3,0,99,27,10,0,0,9,0
10128,3,0,99,28,10,0,0,9,0
10129,3,0,99,29,10,1,0,9,0
10130,3,0,99,30,10,1,0,9,0
10131,3,0,99,31,10,0,0,9,0
10132,3,0,99,32,10,1,0,9,1
10133,3,0,99,33,10,1,0,9,0
10134,3,0,99,34,10,0,0,9,0
10135,3,0,99,35,10,0,0,9,0
10136,3,0,99,36,10,1,0,9,0
10137,3,0,99,37,10,0,0,9,0
10138,3,0,99,38,10,0,0,9,0
10139,3,0,99,39,10,1,0,9,0
10140,3,0,99,40,10,1,0,9,0
10141,3,0,99,41,10,0,0,9,0
10142,3,0,99,42,10,1,0,9,0
10143,3,0,99,43,10,1,0,9,0
10144,3,0,99,44,10,0,0,9,0
10145,3,0,99,45,10,0,0,9,1
10146,3,0,99,46,10,1,0,9,0
10147,3,0,99,47,10,0,0,9,0
10148,3,0,99,48,10,0,0,9,0
10149,3,0,99,49,10,1,0,9,0
10150,3,0,99,50,10,1,0,9,0
10151,3,0,99,51,10,0,0,9,0
10152,3,0,99,52,10,1,0,9,0
10153,3,0,99,53,10,1,0,9,0
10154,3,0,99,54,10,0,0,9,0
10155,3,0,99,55,10,0,0,9,0
10156,3,0,99,56,10,1,0,9,0
10157,3,0,99,57,10,0,0,9,0
10158,3,0,99,58,10,0,0,9,0
10159,3,0,99,59,10,1,0,9,0
10160,3,0,99,60,10,1,0,9,0
10161,3,0,99,61,10,0,0,9,0
10162,3,0,99,62,10,1,0,9,0
10163,3,0,99,63,10,1,0,9,0
10164,3,0,99,64,10,0,0,9,0
10165,3,0,99,65,10,0,0,9,0
10166,3,0,99,66,10,1,0,9,0
10167,3,0,99,67,10,0,0,9,0
10168,3,0,99,68,10,0,0,9,0
10169,3,0,99,69,10,1,0,9,0
10170,3,0,99,70,10,1,0,9,0
10171,3,0,99,71,10,0,0,9,0
10172,3,0,99,72,10,1,0,9,0
10173,3,0,99,73,10,1,0,9,0
10174,3,0,99,74,10,0,0,9,0
10175,3,0,99,75,10,0,0,9,0
10176,3,0,99,76,10,1,0,9,0
10177,3,0,99,77,10,0,0,9,0
10178,3,0,99,78,10,0,0,9,0
10179,3,0,99,79,10,1,0,9,0
10180,3,0,99,80,10,1,0,9,0
10181,3,0,99,81,10,0,0,9,0
10182,3,0,99,82,10,1,0,9,0
10183,3,0,99,83,10,1,0,9,0
10184,3,0,99,84,10,0,0,9,0
10185,3,0,99,85,10,0,0,9,0
10186,3,0,99,86,10,1,0,9,0
10187,3,0,99,87,10,0,0,9,0
10188,3,0,99,88,10,0,0,9,0
10189,3,0,99,89,10,1,0,9,0
10190,3,0,99,90,10,1,0,9,0
10191,3,0,99,91,10,0,0,9,0
10192,3,0,99,92,10,1,0,9,0
10193,3,0,99,93,10,1,0,9,1
10194,3,0,99,94,10,0,0,9,0
10195,3,0,99,95,10,0,0,9,0
10196,3,0,99,96,10,1,0,9,0
10197,3,0,99,97,10,0,0,9,0
10198,3,0,99,98,10,0,0,9,0
10199,3,0,99,99,10,1,0,9,0
10200,2,0,100,99,10,1,0,0,0
10201,3,0,100,0,10,1,1,0,1
10202,3,0,100,1,10,0,1,0,0
10203,3,0,100,2,10,1,1,0,0
10204,3,0,100,3,10,1,1,0,0
10205,3,0,100,4,10,0,1,0,0
10206,3,0,100,5,10,0,1,0,0
10207,3,0,100,6,10,1,1,0,0
10208,3,0,100,7,10,0,1,0,0
10209,3,0,100,8,10,0,1,0,0
10210,3,0,100,9,10,1,1,0,0
10211,3,0,100,10,10,1,1,0,0
10212,3,0,100,11,10,0,1,0,0
10213,3,0,100,12,10,1,1,0,0
10214,3,0,100,13,10,1,1,0,1
10215,3,0,100,14,10,0,1,0,0
10216,3,0,100,15,10,0,1,0,0
10217,3,0,100,16,10,1,1,0,0
10218,3,0,100,17,10,0,1,0,0
10219,3,0,100,18,10,0,1,0,0
10220,3,0,100,19,10,1,1,0,0
10221,3,0,100,20,10,1,1,0,0
10222,3,0,100,21,10,0,1,0,0
10223,3,0,100,22,10,1,1,0,0
10224,3,0,100,23,10,1,1,0,0
10225,3,0,100,24,10,0,1,0,0
10226,3,0,100,25,10,0,1,0,0
10227,3,0,100,26,10,1,1,0,1
10228,3,0,100,27,10,0,1,0,0
10229,3,0,100,28,10,0,1,0,0
10230,3,0,100,29,10,1,1,0,0
10231,3,0,100,30,10,1,1,0,0
10232,3,0,100,31,10,0,1,0,0
10233,3,0,100,32,10,1,1,0,0
10234,3,0,100,33,10,1,1,0,0
10235,3,0,100,34,10,0,1,0,0
10236,3,0,100,35,10,0,1,0,0
10237,3,0,100,36,10,1,1,0,0
10238,3,0,100,37,10,0,1,0,0
10239,3,0,100,38,10,0,1,0,0
10240,3,0,100,39,10,1,1,0,1
10241,3,0,100,40,10,1,1,0,0
10242,3,0,100,41,10,0,1,0,0
10243,3,0,100,42,10,1,1,0,0
10244,3,0,100,43,10,1,1,0,0
10245,3,0,100,44,10,0,1,0,0
10246,3,0,100,45,10,0,1,0,0
10247,3,0,100,46,10,1,1,0,0
10248,3,0,100,47,10,0,1,0,0
10249,3,0,100,48,10,0,1,0,0
10250,3,0,100,49,10,1,1,0,0
10251,3,0,100,50,10,1,1,0,0
10252,3,0,100,51,10,0,1,0,0
10253,3,0,100,52,10,1,1,0,1
10254,3,0,100,53,10,1,1,0,0
10255,3,0,100,54,10,0,1,0,0
10256,3,0,100,55,10,0,1,0,0
10257,3,0,100,56,10,1,1,0,0
10258,3,0,100,57,10,0,1,0,0
10259,3,0,100,58,10,0,1,0,0
10260,3,0,100,59,10,1,1,0,0
10261,3,0,100,60,10,1,1,0,0
10262,3,0,100,61,10,0,1,0,0
10263,3,0,100,62,10,1,1,0,0
10264,3,0,100,63,10,1,1,0,0
10265,3,0,100,64,10,0,1,0,0
10266,3,0,100,65,10,0,1,0,0
10267,3,0,100,66,10,1,1,0,0
10268,3,0,100,67,10,0,1,0,0
10269,3,0,100,68,10,0,1,0,0
10270,3,0,100,69,10,1,1,0,0
10271,3,0,100,70,10,1,1,0,0
10272,3,0,100,71,10,0,1,0,0
10273,3,0,100,72,10,1,1,0,0
10274,3,0,100,73,10,1,1,0,0
10275,3,0,100,74,10,0,1,0,0
10276,3,0,100,75,10,0,1,0,0
10277,3,0,100,76,10,1,1,0,0
10278,3,0,100,77,10,0,1,0,0
10279,3,0,100,78,10,0,1,0,0
10280,3,0,100,79,10,1,1,0,0
10281,3,0,100,80,10,1,1,0,0
10282,3,0,100,81,10,0,1,0,0
10283,3,0,100,82,10,1,1,0,0
10284,3,0,100,83,10,1,1,0,0
10285,3,0,100,84,10,0,1,0,0
10286,3,0,100,85,10,0,1,0,0
10287,3,0,100,86,10,1,1,0,0
10288,3,0,100,87,10,0,1,0,0
10289,3,0,100,88,10,0,1,0,0
10290,3,0,100,89,10,1,1,0,0
10291,3,0,100,90,10,1,1,0,0
10292,3,0,100,91,10,0,1,0,0
10293,3,0,100,92,10,1,1,0,0
10294,3,0,100,93,10,1,1,0,0
10295,3,0,100,94,10,0,1,0,0
10296,3,0,100,95,10,0,1,0,0
10297,3,0,100,96,10,1,1,0,0
10298,3,0,100,97,10,0,1,0,0
10299,3,0,100,98,10,0,1,0,0
10300,3,0,100,99,10,1,1,0,0
10301,2,0,101,99,11,1,1,1,0
10302,3,0,101,0,11,2,0,1,0
10303,3,0,101,1,11,0,0,1,0
10304,3,0,101,2,11,1,0,1,0
10305,3,0,101,3,11,1,0,1,0
10306,3,0,101,4,11,0,0,1,0
10307,3,0,101,5,11,0,0,1,0
10308,3,0,101,6,11,1,0,1,0
10309,3,0,101,7,11,0,0,1,1
10310,3,0,101,8,11,0,0,1,0
10311,3,0,101,9,11,1,0,1,0
10312,3,0,101,10,11,1,0,1,0
10313,3,0,101,11,11,0,0,1,0
10314,3,0,101,12,11,1,0,1,0
10315,3,0,101,13,11,2,0,1,0
10316,3,0,101,14,11,0,0,1,0
10317,3,0,101,15,11,0,0,1,0
10318,3,0,101,16,11,1,0,1,0
10319,3,0,101,17,11,0,0,1,0
10320,3,0,101,18,11,0,0,1,0
10321,3,0,101,19,11,1,0,1,0
10322,3,0,101,20,11,1,0,1,1
10323,3,0,101,21,11,0,0,1,0
10324,3,0,101,22,11,1,0,1,0
10325,3,0,101,23,11,1,0,1,0
10326,3,0,101,24,11,0,0,1,0
10327,3,0,101,25,11,0,0,1,0
10328,3,0,101,26,11,2,0,1,0
10329,3,0,101,27,11,0,0,1,0
10330,3,0,101,28,11,0,0,1,0
10331,3,0,101,29,11,1,0,1,0
10332,3,0,101,30,11,1,0,1,0
10333,3,0,101,31,11,0,0,1,0
10334,3,0,101,32,11,1,0,1,0
10335,3,0,101,33,11,1,0,1,1
10336,3,0,101,34,11,0,0,1,0
10337,3,0,101,35,11,0,0,1,0
10338,3,0,101,36,11,1,0,1,0
10339,3,0,101,37,11,0,0,1,0
10340,3,0,101,38,11,0,0,1,0
10341,3,0,101,39,11,2,0,1,0
10342,3,0,101,40,11,1,0,1,0
10343,3,0,101,41,11,0,0,1,0
10344,3,0,101,42,11,1,0,1,0
10345,3,0,101,43,11,1,0,1,0
10346,3,0,101,44,11,0,0,1,0
10347,3,0,101,45,11,0,0,1,0
10348,3,0,101,46,11,1,0,1,1
10349,3,0,101,47,11,0,0,1,0
10350,3,0,101,48,11,0,0,1,0
10351,3,0,101,49,11,1,0,1,0
10352,3,0,101,50,11,1,0,1,0
10353,3,0,101,51,11,0,0,1,0
10354,3,0,101,52,11,2,0,1,0
10355,3,0,101,53,11,1,0,1,0
10356,3,0,101,54,11,0,0,1,0
10357,3,0,101,55,11,0,0,1,0
10358,3,0,101,56,11,1,0,1,0
10359,3,0,101,57,11,0,0,1,0
10360,3,0,101,58,11,0,0,1,0
10361,3,0,101,59,11,1,0,1,1
10362,3,0,101,60,11,1,0,1,0
10363,3,0,101,61,11,0,0,1,0
10364,3,0,101,62,11,1,0,1,0
10365,3,0,101,63,11,1,0,1,0
10366,3,0,101,64,11,0,0,1,0
10367,3,0,101,65,11,0,0,1,0
10368,3,0,101,66,11,1,0,1,0
10369,3,0,101,67,11,0,0,1,0
10370,3,0,101,68,11,0,0,1,0
10371,3,0,101,69,11,1,0,1,0
10372,3,0,101,70,11,1,0,1,0
10373,3,0,101,71,11,0,0,1,0
10374,3,0,101,72,11,1,0,1,0
10375,3,0,101,73,11,1,0,1,0
10376,3,0,101,74,11,0,0,1,0
10377,3,0,101,75,11,0,0,1,0
10378,3,0,101,76,11,1,0,1,0
10379,3,0,101,77,11,0,0,1,0
10380,3,0,101,78,11,0,0,1,0
10381,3,0,101,79,11,1,0,1,0
10382,3,0,101,80,11,1,0,1,0
10383,3,0,101,81,11,0,0,1,0
10384,3,0,101,82,11,1,0,1,0
10385,3,0,101,83,11,1,0,1,0
10386,3,0,101,84,11,0,0,1,0
10387,3,0,101,85,11,0,0,1,0
10388,3,0,101,86,11,1,0,1,0
10389,3,0,101,87,11,0,0,1,0
10390,3,0,101,88,11,0,0,1,0
10391,3,0,101,89,11,1,0,1,0
10392,3,0,101,90,11,1,0,1,0
10393,3,0,101,91,11,0,0,1,0
10394,3,0,101,92,11,1,0,1,0
10395,3,0,101,93,11,1,0,1,0
10396,3,0,101,94,11,0,0,1,0
10397,3,0,101,95,11,0,0,1,0
10398,3,0,101,96,11,1,0,1,0
10399,3,0,101,97,11,0,0,1,0
10400,3,0,101,98,11,0,0,1,0
10401,3,0,101,99,11,1,0,1,0
10402,2,0,102,99,11,1,0,2,0
10403,3,0,102,0,11,2,0,2,0
10404,3,0,102,1,11,0,0,2,0
10405,3,0,102,2,11,1,0,2,0
10406,3,0,102,3,11,1,0,2,0
10407,3,0,102,4,11,0,0,2,0
10408,3,0,102,5,11,0,0,2,0
10409,3,0,102,6,11,1,0,2,0
10410,3,0,102,7,11,0,0,2,0
10411,3,0,102,8,11,0,0,2,0
10412,3,0,102,9,11,1,0,2,0
10413,3,0,102,10,11,1,0,2,0
10414,3,0,102,11,11,0,0,2,0
10415,3,0,102,12,11,1,0,2,0
10416,3,0,102,13,11,2,0,2,0
10417,3,0,102,14,11,0,0,2,1
10418,3,0,102,15,11,0,0,2,0
10419,3,0,102,16,11,1,0,2,0
10420,3,0,102,17,11,0,0,2,0
10421,3,0,102,18,11,0,0,2,0
10422,3,0,102,19,11,1,0,2,0
10423,3,0,102,20,11,1,0,2,0
10424,3,0,102,21,11,0,0,2,0
10425,3,0,102,22,11,1,0,2,0
10426,3,0,102,23,11,1,0,2,0
10427,3,0,102,24,11,0,0,2,0
10428,3,0,102,25,11,0,0,2,0
10429,3,0,102,26,11,2,0,2,0
10430,3,0,102,27,11,0,0,2,1
10431,3,0,102,28,11,0,0,2,0
10432,3,0,102,29,11,1,0,2,0
10433,3,0,102,30,11,1,0,2,0
10434,3,0,102,31,11,0,0,2,0
10435,3,0,102,32,11,1,0,2,0
10436,3,0,102,33,11,1,0,2,0
10437,3,0,102,34,11,0,0,2,0
10438,3,0,102,35,11,0,0,2,0
10439,3,0,102,36,11,1,0,2,0
10440,3,0,102,37,11,0,0,2,0
10441,3,0,102,38,11,0,0,2,0
10442,3,0,102,39,11,2,0,2,0
10443,3,0,102,40,11,1,0,2,1
10444,3,0,102,41,11,0,0,2,0
10445,3,0,102,42,11,1,0,2,0
10446,3,0,102,43,11,1,0,2,0
10447,3,0,102,44,11,0,0,2,0
10448,3,0,102,45,11,0,0,2,0
10449,3,0,102,46,11,1,0,2,0
10450,3,0,102,47,11,0,0,2,0
10451,3,0,102,48,11,0,0,2,0
10452,3,0,102,49,11,1,0,2,0
10453,3,0,102,50,11,1,0,2,0
10454,3,0,102,51,11,0,0,2,0
10455,3,0,102,52,11,2,0,2,0
10456,3,0,102,53,11,1,0,2,1
10457,3,0,102,54,11,0,0,2,0
10458,3,0,102,55,11,0,0,2,0
10459,3,0,102,56,11,1,0,2,0
10460,3,0,102,57,11,0,0,2,0
10461,3,0,102,58,11,0,0,2,0
10462,3,0,102,59,11,1,0,2,0
10463,3,0,102,60,11,1,0,2,0
10464,3,0,102,61,11,0,0,2,0
10465,3,0,102,62,11,1,0,2,0
10466,3,0,102,63,11,1,0,2,0
10467,3,0,102,64,11,0,0,2,0
10468,3,0,102,65,11,0,0,2,0
10469,3,0,102,66,11,1,0,2,1
10470,3,0,102,67,11,0,0,2,0
10471,3,0,102,68,11,0,0,2,0
10472,3,0,102,69,11,1,0,2,0
10473,3,0,102,70,11,1,0,2,0
10474,3,0,102,71,11,0,0,2,0
10475,3,0,102,72,11,1,0,2,0
10476,3,0,102,73,11,1,0,2,0
10477,3,0,102,74,11,0,0,2,0
10478,3,0,102,75,11,0,0,2,0
10479,3,0,102,76,11,1,0,2,0
10480,3,0,102,77,11,0,0,2,0
10481,3,0,102,78,11,0,0,2,0
10482,3,0,102,79,11,1,0,2,0
10483,3,0,102,80,11,1,0,2,0
10484,3,0,102,81,11,0,0,2,0
10485,3,0,102,82,11,1,0,2,0
10486,3,0,102,83,11,1,0,2,0
10487,3,0,102,84,11,0,0,2,0
10488,3,0,102,85,11,0,0,2,0
10489,3,0,102,86,11,1,0,2,0
10490,3,0,102,87,11,0,0,2,0
10491,3,0,102,88,11,0,0,2,0
10492,3,0,102,89,11,1,0,2,0
10493,3,0,102,90,11,1,0,2,0
10494,3,0,102,91,11,0,0,2,0
10495,3,0,102,92,11,1,0,2,0
10496,3,0,102,93,11,1,0,2,0
10497,3,0,102,94,11,0,0,2,0
10498,3,0,102,95,11,0,0,2,0
10499,3,0,102,96,11,1,0,2,0
10500,3,0,102,97,11,0,0,2,0
10501,3,0,102,98,11,0,0,2,0
10502,3,0,102,99,11,1,0,2,0
10503,2,0,103,99,11,1,0,3,0
10504,3,0,103,0,11,2,0,3,0
10505,3,0,103,1,11,0,0,3,0
10506,3,0,103,2,11,1,0,3,0
10507,3,0,103,3,11,1,0,3,0
10508,3,0,103,4,11,0,0,3,0
10509,3,0,103,5,11,0,0,3,0
10510,3,0,103,6,11,1,0,3,0
10511,3,0,103,7,11,0,0,3,0
10512,3,0,103,8,11,0,0,3,0
10513,3,0,103,9,11,1,0,3,0
10514,3,0,103,10,11,1,0,3,0
10515,3,0,103,11,11,0,0,3,0
10516,3,0,103,12,11,1,0,3,0
10517,3,0,103,13,11,2,0,3,0
10518,3,0,103,14,11,0,0,3,0
10519,3,0,103,15,11,0,0,3,0
10520,3,0,103,16,11,1,0,3,0
10521,3,0,103,17,11,0,0,3,0
10522,3,0,103,18,11,0,0,3,0
10523,3,0,103,19,11,1,0,3,0
10524,3,0,103,20,11,1,0,3,0
10525,3,0,103,21,11,0,0,3,1
10526,3,0,103,22,11,1,0,3,0
10527,3,0,103,23,11,1,0,3,0
10528,3,0,103,24,11,0,0,3,0
10529,3,0,103,25,11,0,0,3,0
10530,3,0,103,26,11,2,0,3,0
10531,3,0,103,27,11,0,0,3,0
10532,3,0,103,28,11,0,0,3,0
10533,3,0,103,29,11,1,0,3,0
10534,3,0,103,30,11,1,0,3,0
10535,3,0,103,31,11,0,0,3,0
10536,3,0,103,32,11,1,0,3,0
10537,3,0,103,33,11,1,0,3,0
10538,3,0,103,34,11,0,0,3,1
10539,3,0,103,35,11,0,0,3,0
10540,3,0,103,36,11,1,0,3,0
10541,3,0,103,37,11,0,0,3,0
10542,3,0,103,38,11,0,0,3,0
10543,3,0,103,39,11,2,0,3,0
10544,3,0,103,40,11,1,0,3,0
10545,3,0,103,41,11,0,0,3,0
10546,3,0,103,42,11,1,0,3,0
10547,3,0,103,43,11,1,0,3,0
10548,3,0,103,44,11,0,0,3,0
10549,3,0,103,45,11,0,0,3,0
10550,3,0,103,46,11,1,0,3,0
10551,3,0,103,47,11,0,0,3,1
10552,3,0,103,48,11,0,0,3,0
10553,3,0,103,49,11,1,0,3,0
10554,3,0,103,50,11,1,0,3,0
10555,3,0,103,51,11,0,0,3,0
10556,3,0,103,52,11,2,0,3,0
10557,3,0,103,53,11,1,0,3,0
10558,3,0,103,54,11,0,0,3,0
10559,3,0,103,55,11,0,0,3,0
10560,3,0,103,56,11,1,0,3,0
10561,3,0,103,57,11,0,0,3,0
10562,3,0,103,58,11,0,0,3,0
10563,3,0,103,59,11,1,0,3,0
10564,3,0,103,60,11,1,0,3,1
10565,3,0,103,61,11,0,0,3,0
10566,3,0,103,62,11,1,0,3,0
10567,3,0,103,63,11,1,0,3,0
10568,3,0,103,64,11,0,0,3,0
10569,3,0,103,65,11,0,0,3,0
10570,3,0,103,66,11,1,0,3,0
10571,3,0,103,67,11,0,0,3,0
10572,3,0,103,68,11,0,0,3,0
10573,3,0,103,69,11,1,0,3,0
10574,3,0,103,70,11,1,0,3,0
10575,3,0,103,71,11,0,0,3,0
10576,3,0,103,72,11,1,0,3,0
10577,3,0,103,73,11,1,0,3,1
10578,3,0,103,74,11,0,0,3,0
10579,3,0,103,75,11,0,0,3,0
10580,3,0,103,76,11,1,0,3,0
10581,3,0,103,77,11,0,0,3,0
10582,3,0,103,78,11,0,0,3,0
10583,3,0,103,79,11,1,0,3,0
10584,3,0,103,80,11,1,0,3,0
10585,3,0,103,81,11,0,0,3,0
10586,3,0,103,82,11,1,0,3,0
10587,3,0,103,83,11,1,0,3,0
10588,3,0,103,84,11,0,0,3,0
10589,3,0,103,85,11,0,0,3,0
10590,3,0,103,86,11,1,0,3,0
10591,3,0,103,87,11,0,0,3,0
10592,3,0,103,88,11,0,0,3,0
10593,3,0,103,89,11,1,0,3,0
10594,3,0,103,90,11,1,0,3,0
10595,3,0,103,91,11,0,0,3,0
10596,3,0,103,92,11,1,0,3,0
10597,3,0,103,93,11,1,0,3,0
10598,3,0,103,94,11,0,0,3,0
10599,3,0,103,95,11,0,0,3,0
10600,3,0,103,96,11,1,0,3,0
10601,3,0,103,97,11,0,0,3,0
10602,3,0,103,98,11,0,0,3,0
10603,3,0,103,99,11,1,0,3,0
10604,2,0,104,99,11,1,0,4,0
10605,3,0,104,0,11,2,0,4,0
10606,3,0,104,1,11,0,0,4,0
10607,3,0,104,2,11,1,0,4,0
10608,3,0,104,3,11,1,0,4,0
10609,3,0,104,4,11,0,0,4,0
10610,3,0,104,5,11,0,0,4,0
10611,3,0,104,6,11,1,0,4,0
10612,3,0,104,7,11,0,0,4,0
10613,3,0,104,8,11,0,0,4,0
10614,3,0,104,9,11,1,0,4,0
10615,3,0,104,10,11,1,0,4,0
10616,3,0,104,11,11,0,0,4,0
10617,3,0,104,12,11,1,0,4,0
10618,3,0,104,13,11,2,0,4,0
10619,3,0,104,14,11,0,0,4,0
10620,3,0,104,15,11,0,0,4,0
10621,3,0,104,16,11,1,0,4,0
10622,3,0,104,17,11,0,0,4,0
10623,3,0,104,18,11,0,0,4,0
10624,3,0,104,19,11,1,0,4,0
10625,3,0,104,20,11,1,0,4,0
10626,3,0,104,21,11,0,0,4,0
10627,3,0,104,22,11,1,0,4,0
10628,3,0,104,23,11,1,0,4,0
10629,3,0,104,24,11,0,0,4,0
10630,3,0,104,25,11,0,0,4,0
10631,3,0,104,26,11,2,0,4,0
10632,3,0,104,27,11,0,0,4,0
10633,3,0,104,28,11,0,0,4,1
10634,3,0,104,29,11,1,0,4,0
10635,3,0,104,30,11,1,0,4,0
10636,3,0,104,31,11,0,0,4,0
10637,3,0,104,32,11,1,0,4,0
10638,3,0,104,33,11,1,0,4,0
10639,3,0,104,34,11,0,0,4,0
10640,3,0,104,35,11,0,0,4,0
10641,3,0,104,36,11,1,0,4,0
10642,3,0,104,37,11,0,0,4,0
10643,3,0,104,38,11,0,0,4,0
10644,3,0,104,39,11,2,0,4,0
10645,3,0,104,40,11,1,0,4,0
10646,3,0,104,41,11,0,0,4,1
10647,3,0,104,42,11,1,0,4,0
10648,3,0,104,43,11,1,0,4,0
10649,3,0,104,44,11,0,0,4,0
10650,3,0,104,45,11,0,0,4,0
10651,3,0,104,46,11,1,0,4,0
10652,3,0,104,47,11,0,0,4,0
10653,3,0,104,48,11,0,0,4,0
10654,3,0,104,49,11,1,0,4,0
10655,3,0,104,50,11,1,0,4,0
10656,3,0,104,51,11,0,0,4,0
10657,3,0,104,52,11,2,0,4,0
10658,3,0,104,53,11,1,0,4,0
10659,3,0,104,54,11,0,0,4,1
10660,3,0,104,55,11,0,0,4,0
10661,3,0,104,56,11,1,0,4,0
10662,3,0,104,57,11,0,0,4,0
10663,3,0,104,58,11,0,0,4,0
10664,3,0,104,59,11,1,0,4,0
10665,3,0,104,60,11,1,0,4,0
10666,3,0,104,61,11,0,0,4,0
10667,3,0,104,62,11,1,0,4,0
10668,3,0,104,63,11,1,0,4,0
10669,3,0,104,64,11,0,0,4,0
10670,3,0,104,65,11,0,0,4,0
10671,3,0,104,66,11,1,0,4,0
10672,3,0,104,67,11,0,0,4,1
10673,3,0,104,68,11,0,0,4,0
10674,3,0,104,69,11,1,0,4,0
10675,3,0,104,70,11,1,0,4,0
10676,3,0,104,71,11,0,0,4,0
10677,3,0,104,72,11,1,0,4,0
10678,3,0,104,73,11,1,0,4,0
10679,3,0,104,74,11,0,0,4,0
10680,3,0,104,75,11,0,0,4,0
10681,3,0,104,76,11,1,0,4,0
10682,3,0,104,77,11,0,0,4,0
10683,3,0,104,78,11,0,0,4,0
10684,3,0,104,79,11,1,0,4,0
10685,3,0,104,80,11,1,0,4,1
10686,3,0,104,81,11,0,0,4,0
10687,3,0,104,82,11,1,0,4,0
10688,3,0,104,83,11,1,0,4,0
10689,3,0,104,84,11,0,0,4,0
10690,3,0,104,85,11,0,0,4,0
10691,3,0,104,86,11,1,0,4,0
10692,3,0,104,87,11,0,0,4,0
10693,3,0,104,88,11,0,0,4,0
10694,3,0,104,89,11,1,0,4,0
10695,3,0,104,90,11,1,0,4,0
10696,3,0,104,91,11,0,0,4,0
10697,3,0,104,92,11,1,0,4,0
10698,3,0,104,93,11,1,0,4,0
10699,3,0,104,94,11,0,0,4,0
10700,3,0,104,95,11,0,0,4,0
10701,3,0,104,96,11,1,0,4,0
10702,3,0,104,97,11,0,0,4,0
10703,3,0,104,98,11,0,0,4,0
10704,3,0,104,99,11,1,0,4,0
10705,2,0,105,99,11,1,0,5,0
10706,3,0,105,0,11,2,0,5,0
10707,3,0,105,1,11,0,0,5,0
10708,3,0,105,2,11,1,0,5,0
10709,3,0,105,3,11,1,0,5,0
10710,3,0,105,4,11,0,0,5,0
10711,3,0,105,5,11,0,0,5,0
10712,3,0,105,6,11,1,0,5,0
10713,3,0,105,7,11,0,0,5,0
10714,3,0,105,8,11,0,0,5,0
10715,3,0,105,9,11,1,0,5,0
10716,3,0,105,10,11,1,0,5,0
10717,3,0,105,11,11,0,0,5,0
10718,3,0,105,12,11,1,0,5,0
10719,3,0,105,13,11,2,0,5,0
10720,3,0,105,14,11,0,0,5,0
10721,3,0,105,15,11,0,0,5,0
10722,3,0,105,16,11,1,0,5,0
10723,3,0,105,17,11,0,0,5,0
10724,3,0,105,18,11,0,0,5,0
10725,3,0,105,19,11,1,0,5,0
10726,3,0,105,20,11,1,0,5,0
10727,3,0,105,21,11,0,0,5,0
10728,3,0,105,22,11,1,0,5,0
10729,3,0,105,23,11,1,0,5,0
10730,3,0,105,24,11,0,0,5,0
10731,3,0,105,25,11,0,0,5,0
10732,3,0,105,26,11,2,0,5,0
10733,3,0,105,27,11,0,0,5,0
10734,3,0,105,28,11,0,0,5,0
10735,3,0,105,29,11,1,0,5,0
10736,3,0,105,30,11,1,0,5,0
10737,3,0,105,31,11,0,0,5,0
10738,3,0,105,32,11,1,0,5,0
10739,3,0,105,33,11,1,0,5,0
10740,3,0,105,34,11,0,0,5,0
10741,3,0,105,35,11,0,0,5,1
10742,3,0,105,36,11,1,0,5,0
10743,3,0,105,37,11,0,0,5,0
10744,3,0,105,38,11,0,0,5,0
10745,3,0,105,39,11,2,0,5,0
10746,3,0,105,40,11,1,0,5,0
10747,3,0,105,41,11,0,0,5,0
10748,3,0,105,42,11,1,0,5,0
10749,3,0,105,43,11,1,0,5,0
10750,3,0,105,44,11,0,0,5,0
10751,3,0,105,45,11,0,0,5,0
10752,3,0,105,46,11,1,0,5,0
10753,3,0,105,47,11,0,0,5,0
10754,3,0,105,48,11,0,0,5,1
10755,3,0,105,49,11,1,0,5,0
10756,3,0,105,50,11,1,0,5,0
10757,3,0,105,51,11,0,0,5,0
10758,3,0,105,52,11,2,0,5,0
10759,3,0,105,53,11,1,0,5,0
10760,3,0,105,54,11,0,0,5,0
10761,3,0,105,55,11,0,0,5,0
10762,3,0,105,56,11,1,0,5,0
10763,3,0,105,57,11,0,0,5,0
10764,3,0,105,58,11,0,0,5,0
10765,3,0,105,59,11,1,0,5,0
10766,3,0,105,60,11,1,0,5,0
10767,3,0,105,61,11,0,0,5,1
10768,3,0,105,62,11,1,0,5,0
10769,3,0,105,63,11,1,0,5,0
10770,3,0,105,64,11,0,0,5,0
10771,3,0,105,65,11,0,0,5,0
10772,3,0,105,66,11,1,0,5,0
10773,3,0,105,67,11,0,0,5,0
10774,3,0,105,68,11,0,0,5,0
10775,3,0,105,69,11,1,0,5,0
10776,3,0,105,70,11,1,0,5,0
10777,3,0,105,71,11,0,0,5,0
10778,3,0,105,72,11,1,0,5,0
10779,3,0,105,73,11,1,0,5,0
10780,3,0,105,74,11,0,0,5,1
10781,3,0,105,75,11,0,0,5,0
10782,3,0,105,76,11,1,0,5,0
10783,3,0,105,77,11,0,0,5,0
10784,3,0,105,78,11,0,0,5,0
10785,3,0,105,79,11,1,0,5,0
10786,3,0,105,80,11,1,0,5,0
10787,3,0,105,81,11,0,0,5,0
10788,3,0,105,82,11,1,0,5,0
10789,3,0,105,83,11,1,0,5,0
10790,3,0,105,84,11,0,0,5,0
10791,3,0,105,85,11,0,0,5,0
10792,3,0,105,86,11,1,0,5,0
10793,3,0,105,87,11,0,0,5,1
10794,3,0,105,88,11,0,0,5,0
10795,3,0,105,89,11,1,0,5,0
10796,3,0,105,90,11,1,0,5,0
10797,3,0,105,91,11,0,0,5,0
10798,3,0,105,92,11,1,0,5,0
10799,3,0,105,93,11,1,0,5,0
10800,3,0,105,94,11,0,0,5,0
10801,3,0,105,95,11,0,0,5,0
10802,3,0,105,96,11,1,0,5,0
10803,3,0,105,97,11,0,0,5,0
10804,3,0,105,98,11,0,0,5,0
10805,3,0,105,99,11,1,0,5,0
10806,2,0,106,99,11,1,0,6,0
10807,3,0,106,0,11,2,0,6,0
10808,3,0,106,1,11,0,0,6,0
10809,3,0,106,2,11,1,0,6,0
10810,3,0,106,3,11,1,0,6,0
10811,3,0,106,4,11,0,0,6,0
10812,3,0,106,5,11,0,0,6,0
10813,3,0,106,6,11,1,0,6,0
10814,3,0,106,7,11,0,0,6,0
10815,3,0,106,8,11,0,0,6,0
10816,3,0,106,9,11,1,0,6,0
10817,3,0,106,10,11,1,0,6,0
10818,3,0,106,11,11,0,0,6,0
10819,3,0,106,12,11,1,0,6,0
10820,3,0,106,13,11,2,0,6,0
10821,3,0,106,14,11,0,0,6,0
10822,3,0,106,15,11,0,0,6,0
10823,3,0,106,16,11,1,0,6,0
10824,3,0,106,17,11,0,0,6,0
10825,3,0,106,18,11,0,0,6,0
10826,3,0,106,19,11,1,0,6,0
10827,3,0,106,20,11,1,0,6,0
10828,3,0,106,21,11,0,0,6,0
10829,3,0,106,22,11,1,0,6,0
10830,3,0,106,23,11,1,0,6,0
10831,3,0,106,24,11,0,0,6,0
10832,3,0,106,25,11,0,0,6,0
10833,3,0,106,26,11,2,0,6,0
10834,3,0,106,27,11,0,0,6,0
10835,3,0,106,28,11,0,0,6,0
10836,3,0,106,29,11,1,0,6,0
10837,3,0,106,30,11,1,0,6,0
10838,3,0,106,31,11,0,0,6,0
10839,3,0,106,32,11,1,0,6,0
10840,3,0,106,33,11,1,0,6,0
10841,3,0,106,34,11,0,0,6,0
10842,3,0,106,35,11,0,0,6,0
10843,3,0,106,36,11,1,0,6,0
10844,3,0,106,37,11,0,0,6,0
10845,3,0,106,38,11,0,0,6,0
10846,3,0,106,39,11,2,0,6,0
10847,3,0,106,40,11,1,0,6,0
10848,3,0,106,41,11,0,0,6,0
10849,3,0,106,42,11,1,0,6,1
10850,3,0,106,43,11,1,0,6,0
10851,3,0,106,44,11,0,0,6,0
10852,3,0,106,45,11,0,0,6,0
10853,3,0,106,46,11,1,0,6,0
10854,3,0,106,47,11,0,0,6,0
10855,3,0,106,48,11,0,0,6,0
10856,3,0,106,49,11,1,0,6,0
10857,3,0,106,50,11,1,0,6,0
10858,3,0,106,51,11,0,0,6,0
10859,3,0,106,52,11,2,0,6,0
10860,3,0,106,53,11,1,0,6,0
10861,3,0,106,54,11,0,0,6,0
10862,3,0,106,55,11,0,0,6,1
10863,3,0,106,56,11,1,0,6,0
10864,3,0,106,57,11,0,0,6,0
10865,3,0,106,58,11,0,0,6,0
10866,3,0,106,59,11,1,0,6,0
10867,3,0,106,60,11,1,0,6,0
10868,3,0,106,61,11,0,0,6,0
10869,3,0,106,62,11,1,0,6,0
10870,3,0,106,63,11,1,0,6,0
10871,3,0,106,64,11,0,0,6,0
10872,3,0,106,65,11,0,0,6,0
10873,3,0,106,66,11,1,0,6,0
10874,3,0,106,67,11,0,0,6,0
10875,3,0,106,68,11,0,0,6,1
10876,3,0,106,69,11,1,0,6,0
10877,3,0,106,70,11,1,0,6,0
10878,3,0,106,71,11,0,0,6,0
10879,3,0,106,72,11,1,0,6,0
10880,3,0,106,73,11,1,0,6,0
10881,3,0,106,74,11,0,0,6,0
10882,3,0,106,75,11,0,0,6,0
10883,3,0,106,76,11,1,0,6,0
10884,3,0,106,77,11,0,0,6,0
10885,3,0,106,78,11,0,0,6,0
10886,3,0,106,79,11,1,0,6,0
10887,3,0,106,80,11,1,0,6,0
10888,3,0,106,81,11,0,0,6,1
10889,3,0,106,82,11,1,0,6,0
10890,3,0,106,83,11,1,0,6,0
10891,3,0,106,84,11,0,0,6,0
10892,3,0,106,85,11,0,0,6,0
10893,3,0,106,86,11,1,0,6,0
10894,3,0,106,87,11,0,0,6,0
10895,3,0,106,88,11,0,0,6,0
10896,3,0,106,89,11,1,0,6,0
10897,3,0,106,90,11,1,0,6,0
10898,3,0,106,91,11,0,0,6,0
10899,3,0,106,92,11,1,0,6,0
10900,3,0,106,93,11,1,0,6,0
10901,3,0,106,94,11,0,0,6,1
10902,3,0,106,95,11,0,0,6,0
10903,3,0,106,96,11,1,0,6,0
10904,3,0,106,97,11,0,0,6,0
10905,3,0,106,98,11,0,0,6,0
10906,3,0,106,99,11,1,0,6,0
10907,2,0,107,99,11,1,0,7,0
10908,3,0,107,0,11,2,0,7,0
10909,3,0,107,1,11,0,0,7,1
10910,3,0,107,2,11,1,0,7,0
10911,3,0,107,3,11,1,0,7,0
10912,3,0,107,4,11,0,0,7,0
10913,3,0,107,5,11,0,0,7,0
10914,3,0,107,6,11,1,0,7,0
10915,3,0,107,7,11,0,0,7,0
10916,3,0,107,8,11,0,0,7,0
10917,3,0,107,9,11,1,0,7,0
10918,3,0,107,10,11,1,0,7,0
10919,3,0,107,11,11,0,0,7,0
10920,3,0,107,12,11,1,0,7,0
10921,3,0,107,13,11,2,0,7,0
10922,3,0,107,14,11,0,0,7,0
10923,3,0,107,15,11,0,0,7,0
10924,3,0,107,16,11,1,0,7,0
10925,3,0,107,17,11,0,0,7,0
10926,3,0,107,18,11,0,0,7,0
10927,3,0,107,19,11,1,0,7,0
10928,3,0,107,20,11,1,0,7,0
10929,3,0,107,21,11,0,0,7,0
10930,3,0,107,22,11,1,0,7,0
10931,3,0,107,23,11,1,0,7,0
10932,3,0,107,24,11,0,0,7,0
10933,3,0,107,25,11,0,0,7,0
10934,3,0,107,26,11,2,0,7,0
10935,3,0,107,27,11,0,0,7,0
10936,3,0,107,28,11,0,0,7,0
10937,3,0,107,29,11,1,0,7,0
10938,3,0,107,30,11,1,0,7,0
10939,3,0,107,31,11,0,0,7,0
10940,3,0,107,32,11,1,0,7,0
10941,3,0,107,33,11,1,0,7,0
10942,3,0,107,34,11,0,0,7,0
10943,3,0,107,35,11,0,0,7,0
10944,3,0,107,36,11,1,0,7,0
10945,3,0,107,37,11,0,0,7,0
10946,3,0,107,38,11,0,0,7,0
10947,3,0,107,39,11,2,0,7,0
10948,3,0,107,40,11,1,0,7,0
10949,3,0,107,41,11,0,0,7,0
10950,3,0,107,42,11,1,0,7,0
10951,3,0,107,43,11,1,0,7,0
10952,3,0,107,44,11,0,0,7,0
10953,3,0,107,45,11,0,0,7,0
10954,3,0,107,46,11,1,0,7,0
10955,3,0,107,47,11,0,0,7,0
10956,3,0,107,48,11,0,0,7,0
10957,3,0,107,49,11,1,0,7,1
10958,3,0,107,50,11,1,0,7,0
10959,3,0,107,51,11,0,0,7,0
10960,3,0,107,52,11,2,0,7,0
10961,3,0,107,53,11,1,0,7,0
10962,3,0,107,54,11,0,0,7,0
10963,3,0,107,55,11,0,0,7,0
10964,3,0,107,56,11,1,0,7,0
10965,3,0,107,57,11,0,0,7,0
10966,3,0,107,58,11,0,0,7,0
10967,3,0,107,59,11,1,0,7,0
10968,3,0,107,60,11,1,0,7,0
10969,3,0,107,61,11,0,0,7,0
10970,3,0,107,62,11,1,0,7,1
10971,3,0,107,63,11,1,0,7,0
10972,3,0,107,64,11,0,0,7,0
10973,3,0,107,65,11,0,0,7,0
10974,3,0,107,66,11,1,0,7,0
10975,3,0,107,67,11,0,0,7,0
10976,3,0,107,68,11,0,0,7,0
10977,3,0,107,69,11,1,0,7,0
10978,3,0,107,70,11,1,0,7,0
10979,3,0,107,71,11,0,0,7,0
10980,3,0,107,72,11,1,0,7,0
10981,3,0,107,73,11,1,0,7,0
10982,3,0,107,74,11,0,0,7,0
10983,3,0,107,75,11,0,0,7,1
10984,3,0,107,76,11,1,0,7,0
10985,3,0,107,77,11,0,0,7,0
10986,3,0,107,78,11,0,0,7,0
10987,3,0,107,79,11,1,0,7,0
10988,3,0,107,80,11,1,0,7,0
10989,3,0,107,81,11,0,0,7,0
10990,3,0,107,82,11,1,0,7,0
10991,3,0,107,83,11,1,0,7,0
10992,3,0,107,84,11,0,0,7,0
10993,3,0,107,85,11,0,0,7,0
10994,3,0,107,86,11,1,0,7,0
10995,3,0,107,87,11,0,0,7,0
10996,3,0,107,88,11,0,0,7,1
10997,3,0,107,89,11,1,0,7,0
10998,3,0,107,90,11,1,0,7,0
10999,3,0,107,91,11,0,0,7,0
11000,3,0,107,92,11,1,0,7,0
11001,3,0,107,93,11,1,0,7,0
11002,3,0,107,94,11,0,0,7,0
11003,3,0,107,95,11,0,0,7,0
11004,3,0,107,96,11,1,0,7,0
11005,3,0,107,97,11,0,0,7,0
11006,3,0,107,98,11,0,0,7,0
11007,3,0,107,99,11,1,0,7,0
11008,2,0,108,99,11,1,0,8,0
11009,3,0,108,0,11,2,0,8,0
11010,3,0,108,1,11,0,0,8,0
11011,3,0,108,2,11,1,0,8,0
11012,3,0,108,3,11,1,0,8,0
11013,3,0,108,4,11,0,0,8,0
11014,3,0,108,5,11,0,0,8,0
11015,3,0,108,6,11,1,0,8,0
11016,3,0,108,7,11,0,0,8,0
11017,3,0,108,8,11,0,0,8,1
11018,3,0,108,9,11,1,0,8,0
11019,3,0,108,10,11,1,0,8,0
11020,3,0,108,11,11,0,0,8,0
11021,3,0,108,12,11,1,0,8,0
11022,3,0,108,13,11,2,0,8,0
11023,3,0,108,14,11,0,0,8,0
11024,3,0,108,15,11,0,0,8,0
11025,3,0,108,16,11,1,0,8,0
11026,3,0,108,17,11,0,0,8,0
11027,3,0,108,18,11,0,0,8,0
11028,3,0,108,19,11,1,0,8,0
11029,3,0,108,20,11,1,0,8,0
11030,3,0,108,21,11,0,0,8,0
11031,3,0,108,22,11,1,0,8,0
11032,3,0,108,23,11,1,0,8,0
11033,3,0,108,24,11,0,0,8,0
11034,3,0,108,25,11,0,0,8,0
11035,3,0,108,26,11,2,0,8,0
11036,3,0,108,27,11,0,0,8,0
11037,3,0,108,28,11,0,0,8,0
11038,3,0,108,29,11,1,0,8,0
11039,3,0,108,30,11,1,0,8,0
11040,3,0,108,31,11,0,0,8,0
11041,3,0,108,32,11,1,0,8,0
11042,3,0,108,33,11,1,0,8,0
11043,3,0,108,34,11,0,0,8,0
11044,3,0,108,35,11,0,0,8,0
11045,3,0,108,36,11,1,0,8,0
11046,3,0,108,37,11,0,0,8,0
11047,3,0,108,38,11,0,0,8,0
11048,3,0,108,39,11,2,0,8,0
11049,3,0,108,40,11,1,0,8,0
11050,3,0,108,41,11,0,0,8,0
11051,3,0,108,42,11,1,0,8,0
11052,3,0,108,43,11,1,0,8,0
11053,3,0,108,44,11,0,0,8,0
11054,3,0,108,45,11,0,0,8,0
11055,3,0,108,46,11,1,0,8,0
11056,3,0,108,47,11,0,0,8,0
11057,3,0,108,48,11,0,0,8,0
11058,3,0,108,49,11,1,0,8,0
11059,3,0,108,50,11,1,0,8,0
11060,3,0,108,51,11,0,0,8,0
11061,3,0,108,52,11,2,0,8,0
11062,3,0,108,53,11,1,0,8,0
11063,3,0,108,54,11,0,0,8,0
11064,3,0,108,55,11,0,0,8,0
11065,3,0,108,56,11,1,0,8,1
11066,3,0,108,57,11,0,0,8,0
11067,3,0,108,58,11,0,0,8,0
11068,3,0,108,59,11,1,0,8,0
11069,3,0,108,60,11,1,0,8,0
11070,3,0,108,61,11,0,0,8,0
11071,3,0,108,62,11,1,0,8,0
11072,3,0,108,63,11,1,0,8,0
11073,3,0,108,64,11,0,0,8,0
11074,3,0,108,65,11,0,0,8,0
11075,3,0,108,66,11,1,0,8,0
11076,3,0,108,67,11,0,0,8,0
11077,3,0,108,68,11,0,0,8,0
11078,3,0,108,69,11,1,0,8,1
11079,3,0,108,70,11,1,0,8,0
11080,3,0,108,71,11,0,0,8,0
11081,3,0,108,72,11,1,0,8,0
11082,3,0,108,73,11,1,0,8,0
11083,3,0,108,74,11,0,0,8,0
11084,3,0,108,75,11,0,0,8,0
11085,3,0,108,76,11,1,0,8,0
11086,3,0,108,77,11,0,0,8,0
11087,3,0,108,78,11,0,0,8,0
11088,3,0,108,79,11,1,0,8,0
11089,3,0,108,80,11,1,0,8,0
11090,3,0,108,81,11,0,0,8,0
11091,3,0,108,82,11,1,0,8,1
11092,3,0,108,83,11,1,0,8,0
11093,3,0,108,84,11,0,0,8,0
11094,3,0,108,85,11,0,0,8,0
11095,3,0,108,86,11,1,0,8,0
11096,3,0,108,87,11,0,0,8,0
11097,3,0,108,88,11,0,0,8,0
11098,3,0,108,89,11,1,0,8,0
11099,3,0,108,90,11,1,0,8,0
11100,3,0,108,91,11,0,0,8,0
11101,3,0,108,92,11,1,0,8,0
11102,3,0,108,93,11,1,0,8,0
11103,3,0,108,94,11,0,0,8,0
11104,3,0,108,95,11,0,0,8,1
11105,3,0,108,96,11,1,0,8,0
11106,3,0,108,97,11,0,0,8,0
11107,3,0,108,98,11,0,0,8,0
11108,3,0,108,99,11,1,0,8,0
11109,2,0,109,99,11,1,0,9,0
11110,3,0,109,0,11,2,0,9,0
11111,3,0,109,1,11,0,0,9,0
11112,3,0,109,2,11,1,0,9,1
11113,3,0,109,3,11,1,0,9,0
11114,3,0,109,4,11,0,0,9,0
11115,3,0,109,5,11,0,0,9,0
11116,3,0,109,6,11,1,0,9,0
11117,3,0,109,7,11,0,0,9,0
11118,3,0,109,8,11,0,0,9,0
11119,3,0,109,9,11,1,0,9,0
11120,3,0,109,10,11,1,0,9,0
11121,3,0,109,11,11,0,0,9,0
11122,3,0,109,12,11,1,0,9,0
11123,3,0,109,13,11,2,0,9,0
11124,3,0,109,14,11,0,0,9,0
11125,3,0,109,15,11,0,0,9,1
11126,3,0,109,16,11,1,0,9,0
11127,3,0,109,17,11,0,0,9,0
11128,3,0,109,18,11,0,0,9,0
11129,3,0,109,19,11,1,0,9,0
11130,3,0,109,20,11,1,0,9,0
11131,3,0,109,21,11,0,0,9,0
11132,3,0,109,22,11,1,0,9,0
11133,3,0,109,23,11,1,0,9,0
11134,3,0,109,24,11,0,0,9,0
11135,3,0,109,25,11,0,0,9,0
11136,3,0,109,26,11,2,0,9,0
11137,3,0,109,27,11,0,0,9,0
11138,3,0,109,28,11,0,0,9,0
11139,3,0,109,29,11,1,0,9,0
11140,3,0,109,30,11,1,0,9,0
11141,3,0,109,31,11,0,0,9,0
11142,3,0,109,32,11,1,0,9,0
11143,3,0,109,33,11,1,0,9,0
11144,3,0,109,34,11,0,0,9,0
11145,3,0,109,35,11,0,0,9,0
11146,3,0,109,36,11,1,0,9,0
11147,3,0,109,37,11,0,0,9,0
11148,3,0,109,38,11,0,0,9,0
11149,3,0,109,39,11,2,0,9,0
11150,3,0,109,40,11,1,0,9,0
11151,3,0,109,41,11,0,0,9,0
11152,3,0,109,42,11,1,0,9,0
11153,3,0,109,43,11,1,0,9,0
11154,3,0,109,44,11,0,0,9,0
11155,3,0,109,45,11,0,0,9,0
11156,3,0,109,46,11,1,0,9,0
11157,3,0,109,47,11,0,0,9,0
11158,3,0,109,48,11,0,0,9,0
11159,3,0,109,49,11,1,0,9,0
11160,3,0,109,50,11,1,0,9,0
11161,3,0,109,51,11,0,0,9,0
11162,3,0,109,52,11,2,0,9,0
11163,3,0,109,53,11,1,0,9,0
11164,3,0,109,54,11,0,0,9,0
11165,3,0,109,55,11,0,0,9,0
11166,3,0,109,56,11,1,0,9,0
11167,3,0,109,57,11,0,0,9,0
11168,3,0,109,58,11,0,0,9,0
11169,3,0,109,59,11,1,0,9,0
11170,3,0,109,60,11,1,0,9,0
11171,3,0,109,61,11,0,0,9,0
11172,3,0,109,62,11,1,0,9,0
11173,3,0,109,63,11,1,0,9,1
11174,3,0,109,64,11,0,0,9,0
11175,3,0,109,65,11,0,0,9,0
11176,3,0,109,66,11,1,0,9,0
11177,3,0,109,67,11,0,0,9,0
11178,3,0,109,68,11,0,0,9,0
11179,3,0,109,69,11,1,0,9,0
11180,3,0,109,70,11,1,0,9,0
11181,3,0,109,71,11,0,0,9,0
11182,3,0,109,72,11,1,0,9,0
11183,3,0,109,73,11,1,0,9,0
11184,3,0,109,74,11,0,0,9,0
11185,3,0,109,75,11,0,0,9,0
11186,3,0,109,76,11,1,0,9,1
11187,3,0,109,77,11,0,0,9,0
11188,3,0,109,78,11,0,0,9,0
11189,3,0,109,79,11,1,0,9,0
11190,3,0,109,80,11,1,0,9,0
11191,3,0,109,81,11,0,0,9,0
11192,3,0,109,82,11,1,0,9,0
11193,3,0,109,83,11,1,0,9,0
11194,3,0,109,84,11,0,0,9,0
11195,3,0,109,85,11,0,0,9,0
11196,3,0,109,86,11,1,0,9,0
11197,3,0,109,87,11,0,0,9,0
11198,3,0,109,88,11,0,0,9,0
11199,3,0,109,89,11,1,0,9,1
11200,3,0,109,90,11,1,0,9,0
11201,3,0,109,91,11,0,0,9,0
11202,3,0,109,92,11,1,0,9,0
11203,3,0,109,93,11,1,0,9,0
11204,3,0,109,94,11,0,0,9,0
11205,3,0,109,95,11,0,0,9,0
11206,3,0,109,96,11,1,0,9,0
11207,3,0,109,97,11,0,0,9,0
11208,3,0,109,98,11,0,0,9,0
11209,3,0,109,99,11,1,0,9,0
11210,2,0,110,99,11,1,0,0,0
11211,3,0,110,0,11,2,1,0,0
11212,3,0,110,1,11,0,1,0,0
11213,3,0,110,2,11,1,1,0,0
11214,3,0,110,3,11,1,1,0,0
11215,3,0,110,4,11,0,1,0,0
11216,3,0,110,5,11,0,1,0,0
11217,3,0,110,6,11,1,1,0,0
11218,3,0,110,7,11,0,1,0,0
11219,3,0,110,8,11,0,1,0,0
11220,3,0,110,9,11,1,1,0,1
11221,3,0,110,10,11,1,1,0,0
11222,3,0,110,11,11,0,1,0,0
11223,3,0,110,12,11,1,1,0,0
11224,3,0,110,13,11,2,1,0,0
11225,3,0,110,14,11,0,1,0,0
11226,3,0,110,15,11,0,1,0,0
11227,3,0,110,16,11,1,1,0,0
11228,3,0,110,17,11,0,1,0,0
11229,3,0,110,18,11,0,1,0,0
11230,3,0,110,19,11,1,1,0,0
11231,3,0,110,20,11,1,1,0,0
11232,3,0,110,21,11,0,1,0,0
11233,3,0,110,22,11,1,1,0,1
11234,3,0,110,23,11,1,1,0,0
11235,3,0,110,24,11,0,1,0,0
11236,3,0,110,25,11,0,1,0,0
11237,3,0,110,26,11,2,1,0,0
11238,3,0,110,27,11,0,1,0,0
11239,3,0,110,28,11,0,1,0,0
11240,3,0,110,29,11,1,1,0,0
11241,3,0,110,30,11,1,1,0,0
11242,3,0,110,31,11,0,1,0,0
11243,3,0,110,32,11,1,1,0,0
11244,3,0,110,33,11,1,1,0,0
11245,3,0,110,34,11,0,1,0,0
11246,3,0,110,35,11,0,1,0,0
11247,3,0,110,36,11,1,1,0,0
11248,3,0,110,37,11,0,1,0,0
11249,3,0,110,38,11,0,1,0,0
11250,3,0,110,39,11,2,1,0,0
11251,3,0,110,40,11,1,1,0,0
11252,3,0,110,41,11,0,1,0,0
11253,3,0,110,42,11,1,1,0,0
11254,3,0,110,43,11,1,1,0,0
11255,3,0,110,44,11,0,1,0,0
11256,3,0,110,45,11,0,1,0,0
11257,3,0,110,46,11,1,1,0,0
11258,3,0,110,47,11,0,1,0,0
11259,3,0,110,48,11,0,1,0,0
11260,3,0,110,49,11,1,1,0,0
11261,3,0,110,50,11,1,1,0,0
11262,3,0,110,51,11,0,1,0,0
11263,3,0,110,52,11,2,1,0,0
11264,3,0,110,53,11,1,1,0,0
11265,3,0,110,54,11,0,1,0,0
11266,3,0,110,55,11,0,1,0,0
11267,3,0,110,56,11,1,1,0,0
11268,3,0,110,57,11,0,1,0,0
11269,3,0,110,58,11,0,1,0,0
11270,3,0,110,59,11,1,1,0,0
11271,3,0,110,60,11,1,1,0,0
11272,3,0,110,61,11,0,1,0,0
11273,3,0,110,62,11,1,1,0,0
11274,3,0,110,63,11,1,1,0,0
11275,3,0,110,64,11,0,1,0,0
11276,3,0,110,65,11,0,1,0,0
11277,3,0,110,66,11,1,1,0,0
11278,3,0,110,67,11,0,1,0,0
11279,3,0,110,68,11,0,1,0,0
11280,3,0,110,69,11,1,1,0,0
11281,3,0,110,70,11,1,1,0,1
11282,3,0,110,71,11,0,1,0,0
11283,3,0,110,72,11,1,1,0,0
11284,3,0,110,73,11,1,1,0,0
11285,3,0,110,74,11,0,1,0,0
11286,3,0,110,75,11,0,1,0,0
11287,3,0,110,76,11,1,1,0,0
11288,3,0,110,77,11,0,1,0,0
11289,3,0,110,78,11,0,1,0,0
11290,3,0,110,79,11,1,1,0,0
11291,3,0,110,80,11,1,1,0,0
11292,3,0,110,81,11,0,1,0,0
11293,3,0,110,82,11,1,1,0,0
11294,3,0,110,83,11,1,1,0,1
11295,3,0,110,84,11,0,1,0,0
11296,3,0,110,85,11,0,1,0,0
11297,3,0,110,86,11,1,1,0,0
11298,3,0,110,87,11,0,1,0,0
11299,3,0,110,88,11,0,1,0,0
11300,3,0,110,89,11,1,1,0,0
11301,3,0,110,90,11,1,1,0,0
11302,3,0,110,91,11,0,1,0,0
11303,3,0,110,92,11,1,1,0,0
11304,3,0,110,93,11,1,1,0,0
11305,3,0,110,94,11,0,1,0,0
11306,3,0,110,95,11,0,1,0,0
11307,3,0,110,96,11,1,1,0,1
11308,3,0,110,97,11,0,1,0,0
11309,3,0,110,98,11,0,1,0,0
11310,3,0,110,99,11,1,1,0,0
11311,2,0,111,99,12,1,1,1,0
11312,3,0,111,0,12,2,0,1,0
11313,3,0,111,1,12,0,0,1,0
11314,3,0,111,2,12,1,0,1,0
11315,3,0,111,3,12,1,0,1,1
11316,3,0,111,4,12,0,0,1,0
11317,3,0,111,5,12,0,0,1,0
11318,3,0,111,6,12,1,0,1,0
11319,3,0,111,7,12,0,0,1,0
11320,3,0,111,8,12,0,0,1,0
11321,3,0,111,9,12,2,0,1,0
11322,3,0,111,10,12,1,0,1,0
11323,3,0,111,11,12,0,0,1,0
11324,3,0,111,12,12,1,0,1,0
11325,3,0,111,13,12,2,0,1,0
11326,3,0,111,14,12,0,0,1,0
11327,3,0,111,15,12,0,0,1,0
11328,3,0,111,16,12,1,0,1,1
11329,3,0,111,17,12,0,0,1,0
11330,3,0,111,18,12,0,0,1,0
11331,3,0,111,19,12,1,0,1,0
11332,3,0,111,20,12,1,0,1,0
11333,3,0,111,21,12,0,0,1,0
11334,3,0,111,22,12,2,0,1,0
11335,3,0,111,23,12,1,0,1,0
11336,3,0,111,24,12,0,0,1,0
11337,3,0,111,25,12,0,0,1,0
11338,3,0,111,26,12,2,0,1,0
11339,3,0,111,27,12,0,0,1,0
11340,3,0,111,28,12,0,0,1,0
11341,3,0,111,29,12,1,0,1,1
11342,3,0,111,30,12,1,0,1,0
11343,3,0,111,31,12,0,0,1,0
11344,3,0,111,32,12,1,0,1,0
11345,3,0,111,33,12,1,0,1,0
11346,3,0,111,34,12,0,0,1,0
11347,3,0,111,35,12,0,0,1,0
11348,3,0,111,36,12,1,0,1,0
11349,3,0,111,37,12,0,0,1,0
11350,3,0,111,38,12,0,0,1,0
11351,3,0,111,39,12,2,0,1,0
11352,3,0,111,40,12,1,0,1,0
11353,3,0,111,41,12,0,0,1,0
11354,3,0,111,42,12,1,0,1,0
11355,3,0,111,43,12,1,0,1,0
11356,3,0,111,44,12,0,0,1,0
11357,3,0,111,45,12,0,0,1,0
11358,3,0,111,46,12,1,0,1,0
11359,3,0,111,47,12,0,0,1,0
11360,3,0,111,48,12,0,0,1,0
11361,3,0,111,49,12,1,0,1,0
11362,3,0,111,50,12,1,0,1,0
11363,3,0,111,51,12,0,0,1,0
11364,3,0,111,52,12,2,0,1,0
11365,3,0,111,53,12,1,0,1,0
11366,3,0,111,54,12,0,0,1,0
11367,3,0,111,55,12,0,0,1,0
11368,3,0,111,56,12,1,0,1,0
11369,3,0,111,57,12,0,0,1,0
11370,3,0,111,58,12,0,0,1,0
11371,3,0,111,59,12,1,0,1,0
11372,3,0,111,60,12,1,0,1,0
11373,3,0,111,61,12,0,0,1,0
11374,3,0,111,62,12,1,0,1,0
11375,3,0,111,63,12,1,0,1,0
11376,3,0,111,64,12,0,0,1,0
11377,3,0,111,65,12,0,0,1,0
11378,3,0,111,66,12,1,0,1,0
11379,3,0,111,67,12,0,0,1,0
11380,3,0,111,68,12,0,0,1,0
11381,3,0,111,69,12,1,0,1,0
11382,3,0,111,70,12,2,0,1,0
11383,3,0,111,71,12,0,0,1,0
11384,3,0,111,72,12,1,0,1,0
11385,3,0,111,73,12,1,0,1,0
11386,3,0,111,74,12,0,0,1,0
11387,3,0,111,75,12,0,0,1,0
11388,3,0,111,76,12,1,0,1,0
11389,3,0,111,77,12,0,0,1,1
11390,3,0,111,78,12,0,0,1,0
11391,3,0,111,79,12,1,0,1,0
11392,3,0,111,80,12,1,0,1,0
11393,3,0,111,81,12,0,0,1,0
11394,3,0,111,82,12,1,0,1,0
11395,3,0,111,83,12,2,0,1,0
11396,3,0,111,84,12,0,0,1,0
11397,3,0,111,85,12,0,0,1,0
11398,3,0,111,86,12,1,0,1,0
11399,3,0,111,87,12,0,0,1,0
11400,3,0,111,88,12,0,0,1,0
11401,3,0,111,89,12,1,0,1,0
11402,3,0,111,90,12,1,0,1,1
11403,3,0,111,91,12,0,0,1,0
11404,3,0,111,92,12,1,0,1,0
11405,3,0,111,93,12,1,0,1,0
11406,3,0,111,94,12,0,0,1,0
11407,3,0,111,95,12,0,0,1,0
11408,3,0,111,96,12,2,0,1,0
11409,3,0,111,97,12,0,0,1,0
11410,3,0,111,98,12,0,0,1,0
11411,3,0,111,99,12,1,0,1,0
11412,2,0,112,99,12,1,0,2,0
11413,3,0,112,0,12,2,0,2,0
11414,3,0,112,1,12,0,0,2,0
11415,3,0,112,2,12,1,0,2,0
11416,3,0,112,3,12,1,0,2,0
11417,3,0,112,4,12,0,0,2,0
11418,3,0,112,5,12,0,0,2,0
11419,3,0,112,6,12,1,0,2,0
11420,3,0,112,7,12,0,0,2,0
11421,3,0,112,8,12,0,0,2,0
11422,3,0,112,9,12,2,0,2,0
11423,3,0,112,10,12,1,0,2,1
11424,3,0,112,11,12,0,0,2,0
11425,3,0,112,12,12,1,0,2,0
11426,3,0,112,13,12,2,0,2,0
11427,3,0,112,14,12,0,0,2,0
11428,3,0,112,15,12,0,0,2,0
11429,3,0,112,16,12,1,0,2,0
11430,3,0,112,17,12,0,0,2,0
11431,3,0,112,18,12,0,0,2,0
11432,3,0,112,19,12,1,0,2,0
11433,3,0,112,20,12,1,0,2,0
11434,3,0,112,21,12,0,0,2,0
11435,3,0,112,22,12,2,0,2,0
11436,3,0,112,23,12,1,0,2,1
11437,3,0,112,24,12,0,0,2,0
11438,3,0,112,25,12,0,0,2,0
11439,3,0,112,26,12,2,0,2,0
11440,3,0,112,27,12,0,0,2,0
11441,3,0,112,28,12,0,0,2,0
11442,3,0,112,29,12,1,0,2,0
11443,3,0,112,30,12,1,0,2,0
11444,3,0,112,31,12,0,0,2,0
11445,3,0,112,32,12,1,0,2,0
11446,3,0,112,33,12,1,0,2,0
11447,3,0,112,34,12,0,0,2,0
11448,3,0,112,35,12,0,0,2,0
11449,3,0,112,36,12,1,0,2,1
11450,3,0,112,37,12,0,0,2,0
11451,3,0,112,38,12,0,0,2,0
11452,3,0,112,39,12,2,0,2,0
11453,3,0,112,40,12,1,0,2,0
11454,3,0,112,41,12,0,0,2,0
11455,3,0,112,42,12,1,0,2,0
11456,3,0,112,43,12,1,0,2,0
11457,3,0,112,44,12,0,0,2,0
11458,3,0,112,45,12,0,0,2,0
11459,3,0,112,46,12,1,0,2,0
11460,3,0,112,47,12,0,0,2,0
11461,3,0,112,48,12,0,0,2,0
11462,3,0,112,49,12,1,0,2,0
11463,3,0,112,50,12,1,0,2,0
11464,3,0,112,51,12,0,0,2,0
11465,3,0,112,52,12,2,0,2,0
11466,3,0,112,53,12,1,0,2,0
11467,3,0,112,54,12,0,0,2,0
11468,3,0,112,55,12,0,0,2,0
11469,3,0,112,56,12,1,0,2,0
11470,3,0,112,57,12,0,0,2,0
11471,3,0,112,58,12,0,0,2,0
11472,3,0,112,59,12,1,0,2,0
11473,3,0,112,60,12,1,0,2,0
11474,3,0,112,61,12,0,0,2,0
11475,3,0,112,62,12,1,0,2,0
11476,3,0,112,63,12,1,0,2,0
11477,3,0,112,64,12,0,0,2,0
11478,3,0,112,65,12,0,0,2,0
11479,3,0,112,66,12,1,0,2,0
11480,3,0,112,67,12,0,0,2,0
11481,3,0,112,68,12,0,0,2,0
11482,3,0,112,69,12,1,0,2,0
11483,3,0,112,70,12,2,0,2,0
11484,3,0,112,71,12,0,0,2,0
11485,3,0,112,72,12,1,0,2,0
11486,3,0,112,73,12,1,0,2,0
11487,3,0,112,74,12,0,0,2,0
11488,3,0,112,75,12,0,0,2,0
11489,3,0,112,76,12,1,0,2,0
11490,3,0,112,77,12,0,0,2,0
11491,3,0,112,78,12,0,0,2,0
11492,3,0,112,79,12,1,0,2,0
11493,3,0,112,80,12,1,0,2,0
11494,3,0,112,81,12,0,0,2,0
11495,3,0,112,82,12,1,0,2,0
11496,3,0,112,83,12,2,0,2,0
11497,3,0,112,84,12,0,0,2,1
11498,3,0,112,85,12,0,0,2,0
11499,3,0,112,86,12,1,0,2,0
11500,3,0,112,87,12,0,0,2,0
11501,3,0,112,88,12,0,0,2,0
11502,3,0,112,89,12,1,0,2,0
11503,3,0,112,90,12,1,0,2,0
11504,3,0,112,91,12,0,0,2,0
11505,3,0,112,92,12,1,0,2,0
11506,3,0,112,93,12,1,0,2,0
11507,3,0,112,94,12,0,0,2,0
11508,3,0,112,95,12,0,0,2,0
11509,3,0,112,96,12,2,0,2,0
11510,3,0,112,97,12,0,0,2,1
11511,3,0,112,98,12,0,0,2,0
11512,3,0,112,99,12,1,0,2,0
11513,2,0,113,99,12,1,0,3,0
11514,3,0,113,0,12,2,0,3,0
11515,3,0,113,1,12,0,0,3,0
11516,3,0,113,2,12,1,0,3,0
11517,3,0,113,3,12,1,0,3,0
11518,3,0,113,4,12,0,0,3,1
11519,3,0,113,5,12,0,0,3,0
11520,3,0,113,6,12,1,0,3,0
11521,3,0,113,7,12,0,0,3,0
11522,3,0,113,8,12,0,0,3,0
11523,3,0,113,9,12,2,0,3,0
11524,3,0,113,10,12,1,0,3,0
11525,3,0,113,11,12,0,0,3,0
11526,3,0,113,12,12,1,0,3,0
11527,3,0,113,13,12,2,0,3,0
11528,3,0,113,14,12,0,0,3,0
11529,3,0,113,15,12,0,0,3,0
11530,3,0,113,16,12,1,0,3,0
11531,3,0,113,17,12,0,0,3,1
11532,3,0,113,18,12,0,0,3,0
11533,3,0,113,19,12,1,0,3,0
11534,3,0,113,20,12,1,0,3,0
11535,3,0,113,21,12,0,0,3,0
11536,3,0,113,22,12,2,0,3,0
11537,3,0,113,23,12,1,0,3,0
11538,3,0,113,24,12,0,0,3,0
11539,3,0,113,25,12,0,0,3,0
11540,3,0,113,26,12,2,0,3,0
11541,3,0,113,27,12,0,0,3,0
11542,3,0,113,28,12,0,0,3,0
11543,3,0,113,29,12,1,0,3,0
11544,3,0,113,30,12,1,0,3,1
11545,3,0,113,31,12,0,0,3,0
11546,3,0,113,32,12,1,0,3,0
11547,3,0,113,33,12,1,0,3,0
11548,3,0,113,34,12,0,0,3,0
11549,3,0,113,35,12,0,0,3,0
11550,3,0,113,36,12,1,0,3,0
11551,3,0,113,37,12,0,0,3,0
11552,3,0,113,38,12,0,0,3,0
11553,3,0,113,39,12,2,0,3,0
11554,3,0,113,40,12,1,0,3,0
11555,3,0,113,41,12,0,0,3,0
11556,3,0,113,42,12,1,0,3,0
11557,3,0,113,43,12,1,0,3,1
11558,3,0,113,44,12,0,0,3,0
11559,3,0,113,45,12,0,0,3,0
11560,3,0,113,46,12,1,0,3,0
11561,3,0,113,47,12,0,0,3,0
11562,3,0,113,48,12,0,0,3,0
11563,3,0,113,49,12,1,0,3,0
11564,3,0,113,50,12,1,0,3,0
11565,3,0,113,51,12,0,0,3,0
11566,3,0,113,52,12,2,0,3,0
11567,3,0,113,53,12,1,0,3,0
11568,3,0,113,54,12,0,0,3,0
11569,3,0,113,55,12,0,0,3,0
11570,3,0,113,56,12,1,0,3,0
11571,3,0,113,57,12,0,0,3,0
11572,3,0,113,58,12,0,0,3,0
11573,3,0,113,59,12,1,0,3,0
11574,3,0,113,60,12,1,0,3,0
11575,3,0,113,61,12,0,0,3,0
11576,3,0,113,62,12,1,0,3,0
11577,3,0,113,63,12,1,0,3,0
11578,3,0,113,64,12,0,0,3,0
11579,3,0,113,65,12,0,0,3,0
11580,3,0,113,66,12,1,0,3,0
11581,3,0,113,67,12,0,0,3,0
11582,3,0,113,68,12,0,0,3,0
11583,3,0,113,69,12,1,0,3,0
11584,3,0,113,70,12,2,0,3,0
11585,3,0,113,71,12,0,0,3,0
11586,3,0,113,72,12,1,0,3,0
11587,3,0,113,73,12,1,0,3,0
11588,3,0,113,74,12,0,0,3,0
11589,3,0,113,75,12,0,0,3,0
11590,3,0,113,76,12,1,0,3,0
11591,3,0,113,77,12,0,0,3,0
11592,3,0,113,78,12,0,0,3,0
11593,3,0,113,79,12,1,0,3,0
11594,3,0,113,80,12,1,0,3,0
11595,3,0,113,81,12,0,0,3,0
11596,3,0,113,82,12,1,0,3,0
11597,3,0,113,83,12,2,0,3,0
11598,3,0,113,84,12,0,0,3,0
11599,3,0,113,85,12,0,0,3,0
11600,3,0,113,86,12,1,0,3,0
11601,3,0,113,87,12,0,0,3,0
11602,3,0,113,88,12,0,0,3,0
11603,3,0,113,89,12,1,0,3,0
11604,3,0,113,90,12,1,0,3,0
11605,3,0,113,91,12,0,0,3,1
11606,3,0,113,92,12,1,0,3,0
11607,3,0,113,93,12,1,0,3,0
11608,3,0,113,94,12,0,0,3,0
11609,3,0,113,95,12,0,0,3,0
11610,3,0,113,96,12,2,0,3,0
11611,3,0,113,97,12,0,0,3,0
11612,3,0,113,98,12,0,0,3,0
11613,3,0,113,99,12,1,0,3,0
11614,2,0,114,99,12,1,0,4,0
11615,3,0,114,0,12,2,0,4,0
11616,3,0,114,1,12,0,0,4,0
11617,3,0,114,2,12,1,0,4,0
11618,3,0,114,3,12,1,0,4,0
11619,3,0,114,4,12,0,0,4,0
11620,3,0,114,5,12,0,0,4,0
11621,3,0,114,6,12,1,0,4,0
11622,3,0,114,7,12,0,0,4,0
11623,3,0,114,8,12,0,0,4,0
11624,3,0,114,9,12,2,0,4,0
11625,3,0,114,10,12,1,0,4,0
11626,3,0,114,11,12,0,0,4,1
11627,3,0,114,12,12,1,0,4,0
11628,3,0,114,13,12,2,0,4,0
11629,3,0,114,14,12,0,0,4,0
11630,3,0,114,15,12,0,0,4,0
11631,3,0,114,16,12,1,0,4,0
11632,3,0,114,17,12,0,0,4,0
11633,3,0,114,18,12,0,0,4,0
11634,3,0,114,19,12,1,0,4,0
11635,3,0,114,20,12,1,0,4,0
11636,3,0,114,21,12,0,0,4,0
11637,3,0,114,22,12,2,0,4,0
11638,3,0,114,23,12,1,0,4,0
11639,3,0,114,24,12,0,0,4,1
11640,3,0,114,25,12,0,0,4,0
11641,3,0,114,26,12,2,0,4,0
11642,3,0,114,27,12,0,0,4,0
11643,3,0,114,28,12,0,0,4,0
11644,3,0,114,29,12,1,0,4,0
11645,3,0,114,30,12,1,0,4,0
11646,3,0,114,31,12,0,0,4,0
11647,3,0,114,32,12,1,0,4,0
11648,3,0,114,33,12,1,0,4,0
11649,3,0,114,34,12,0,0,4,0
11650,3,0,114,35,12,0,0,4,0
11651,3,0,114,36,12,1,0,4,0
11652,3,0,114,37,12,0,0,4,1
11653,3,0,114,38,12,0,0,4,0
11654,3,0,114,39,12,2,0,4,0
11655,3,0,114,40,12,1,0,4,0
11656,3,0,114,41,12,0,0,4,0
11657,3,0,114,42,12,1,0,4,0
11658,3,0,114,43,12,1,0,4,0
11659,3,0,114,44,12,0,0,4,0
11660,3,0,114,45,12,0,0,4,0
11661,3,0,114,46,12,1,0,4,0
11662,3,0,114,47,12,0,0,4,0
11663,3,0,114,48,12,0,0,4,0
11664,3,0,114,49,12,1,0,4,0
11665,3,0,114,50,12,1,0,4,1
11666,3,0,114,51,12,0,0,4,0
11667,3,0,114,52,12,2,0,4,0
11668,3,0,114,53,12,1,0,4,0
11669,3,0,114,54,12,0,0,4,0
11670,3,0,114,55,12,0,0,4,0
11671,3,0,114,56,12,1,0,4,0
11672,3,0,114,57,12,0,0,4,0
11673,3,0,114,58,12,0,0,4,0
11674,3,0,114,59,12,1,0,4,0
11675,3,0,114,60,12,1,0,4,0
11676,3,0,114,61,12,0,0,4,0
11677,3,0,114,62,12,1,0,4,0
11678,3,0,114,63,12,1,0,4,0
11679,3,0,114,64,12,0,0,4,0
11680,3,0,114,65,12,0,0,4,0
11681,3,0,114,66,12,1,0,4,0
11682,3,0,114,67,12,0,0,4,0
11683,3,0,114,68,12,0,0,4,0
11684,3,0,114,69,12,1,0,4,0
11685,3,0,114,70,12,2,0,4,0
11686,3,0,114,71,12,0,0,4,0
11687,3,0,114,72,12,1,0,4,0
11688,3,0,114,73,12,1,0,4,0
11689,3,0,114,74,12,0,0,4,0
11690,3,0,114,75,12,0,0,4,0
11691,3,0,114,76,12,1,0,4,0
11692,3,0,114,77,12,0,0,4,0
11693,3,0,114,78,12,0,0,4,0
11694,3,0,114,79,12,1,0,4,0
11695,3,0,114,80,12,1,0,4,0
11696,3,0,114,81,12,0,0,4,0
11697,3,0,114,82,12,1,0,4,0
11698,3,0,114,83,12,2,0,4,0
11699,3,0,114,84,12,0,0,4,0
11700,3,0,114,85,12,0,0,4,0
11701,3,0,114,86,12,1,0,4,0
11702,3,0,114,87,12,0,0,4,0
11703,3,0,114,88,12,0,0,4,0
11704,3,0,114,89,12,1,0,4,0
11705,3,0,114,90,12,1,0,4,0
11706,3,0,114,91,12,0,0,4,0
11707,3,0,114,92,12,1,0,4,0
11708,3,0,114,93,12,1,0,4,0
11709,3,0,114,94,12,0,0,4,0
11710,3,0,114,95,12,0,0,4,0
11711,3,0,114,96,12,2,0,4,0
11712,3,0,114,97,12,0,0,4,0
11713,3,0,114,98,12,0,0,4,1
11714,3,0,114,99,12,1,0,4,0
11715,2,0,115,99,12,1,0,5,0
11716,3,0,115,0,12,2,0,5,0
11717,3,0,115,1,12,0,0,5,0
11718,3,0,115,2,12,1,0,5,0
11719,3,0,115,3,12,1,0,5,0
11720,3,0,115,4,12,0,0,5,0
11721,3,0,115,5,12,0,0,5,1
11722,3,0,115,6,12,1,0,5,0
11723,3,0,115,7,12,0,0,5,0
11724,3,0,115,8,12,0,0,5,0
11725,3,0,115,9,12,2,0,5,0
11726,3,0,115,10,12,1,0,5,0
11727,3,0,115,11,12,0,0,5,0
11728,3,0,115,12,12,1,0,5,0
11729,3,0,115,13,12,2,0,5,0
11730,3,0,115,14,12,0,0,5,0
11731,3,0,115,15,12,0,0,5,0
11732,3,0,115,16,12,1,0,5,0
11733,3,0,115,17,12,0,0,5,0
11734,3,0,115,18,12,0,0,5,1
11735,3,0,115,19,12,1,0,5,0
11736,3,0,115,20,12,1,0,5,0
11737,3,0,115,21,12,0,0,5,0
11738,3,0,115,22,12,2,0,5,0
11739,3,0,115,23,12,1,0,5,0
11740,3,0,115,24,12,0,0,5,0
11741,3,0,115,25,12,0,0,5,0
11742,3,0,115,26,12,2,0,5,0
11743,3,0,115,27,12,0,0,5,0
11744,3,0,115,28,12,0,0,5,0
11745,3,0,115,29,12,1,0,5,0
11746,3,0,115,30,12,1,0,5,0
11747,3,0,115,31,12,0,0,5,1
11748,3,0,115,32,12,1,0,5,0
11749,3,0,115,33,12,1,0,5,0
11750,3,0,115,34,12,0,0,5,0
11751,3,0,115,35,12,0,0,5,0
11752,3,0,115,36,12,1,0,5,0
11753,3,0,115,37,12,0,0,5,0
11754,3,0,115,38,12,0,0,5,0
11755,3,0,115,39,12,2,0,5,0
11756,3,0,115,40,12,1,0,5,0
11757,3,0,115,41,12,0,0,5,0
11758,3,0,115,42,12,1,0,5,0
11759,3,0,115,43,12,1,0,5,0
11760,3,0,115,44,12,0,0,5,1
11761,3,0,115,45,12,0,0,5,0
11762,3,0,115,46,12,1,0,5,0
11763,3,0,115,47,12,0,0,5,0
11764,3,0,115,48,12,0,0,5,0
11765,3,0,115,49,12,1,0,5,0
11766,3,0,115,50,12,1,0,5,0
11767,3,0,115,51,12,0,0,5,0
11768,3,0,115,52,12,2,0,5,0
11769,3,0,115,53,12,1,0,5,0
11770,3,0,115,54,12,0,0,5,0
11771,3,0,115,55,12,0,0,5,0
11772,3,0,115,56,12,1,0,5,0
11773,3,0,115,57,12,0,0,5,1
11774,3,0,115,58,12,0,0,5,0
11775,3,0,115,59,12,1,0,5,0
11776,3,0,115,60,12,1,0,5,0
11777,3,0,115,61,12,0,0,5,0
11778,3,0,115,62,12,1,0,5,0
11779,3,0,115,63,12,1,0,5,0
11780,3,0,115,64,12,0,0,5,0
11781,3,0,115,65,12,0,0,5,0
11782,3,0,115,66,12,1,0,5,0
11783,3,0,115,67,12,0,0,5,0
11784,3,0,115,68,12,0,0,5,0
11785,3,0,115,69,12,1,0,5,0
11786,3,0,115,70,12,2,0,5,0
11787,3,0,115,71,12,0,0,5,0
11788,3,0,115,72,12,1,0,5,0
11789,3,0,115,73,12,1,0,5,0
11790,3,0,115,74,12,0,0,5,0
11791,3,0,115,75,12,0,0,5,0
11792,3,0,115,76,12,1,0,5,0
11793,3,0,115,77,12,0,0,5,0
11794,3,0,115,78,12,0,0,5,0
11795,3,0,115,79,12,1,0,5,0
11796,3,0,115,80,12,1,0,5,0
11797,3,0,115,81,12,0,0,5,0
11798,3,0,115,82,12,1,0,5,0
11799,3,0,115,83,12,2,0,5,0
11800,3,0,115,84,12,0,0,5,0
11801,3,0,115,85,12,0,0,5,0
11802,3,0,115,86,12,1,0,5,0
11803,3,0,115,87,12,0,0,5,0
11804,3,0,115,88,12,0,0,5,0
11805,3,0,115,89,12,1,0,5,0
11806,3,0,115,90,12,1,0,5,0
11807,3,0,115,91,12,0,0,5,0
11808,3,0,115,92,12,1,0,5,0
11809,3,0,115,93,12,1,0,5,0
11810,3,0,115,94,12,0,0,5,0
11811,3,0,115,95,12,0,0,5,0
11812,3,0,115,96,12,2,0,5,0
11813,3,0,115,97,12,0,0,5,0
11814,3,0,115,98,12,0,0,5,0
11815,3,0,115,99,12,1,0,5,0
11816,2,0,116,99,12,1,0,6,0
11817,3,0,116,0,12,2,0,6,0
11818,3,0,116,1,12,0,0,6,0
11819,3,0,116,2,12,1,0,6,0
11820,3,0,116,3,12,1,0,6,0
11821,3,0,116,4,12,0,0,6,0
11822,3,0,116,5,12,0,0,6,0
11823,3,0,116,6,12,1,0,6,0
11824,3,0,116,7,12,0,0,6,0
11825,3,0,116,8,12,0,0,6,0
11826,3,0,116,9,12,2,0,6,0
11827,3,0,116,10,12,1,0,6,0
11828,3,0,116,11,12,0,0,6,0
11829,3,0,116,12,12,1,0,6,1
11830,3,0,116,13,12,2,0,6,0
11831,3,0,116,14,12,0,0,6,0
11832,3,0,116,15,12,0,0,6,0
11833,3,0,116,16,12,1,0,6,0
11834,3,0,116,17,12,0,0,6,0
11835,3,0,116,18,12,0,0,6,0
11836,3,0,116,19,12,1,0,6,0
11837,3,0,116,20,12,1,0,6,0
11838,3,0,116,21,12,0,0,6,0
11839,3,0,116,22,12,2,0,6,0
11840,3,0,116,23,12,1,0,6,0
11841,3,0,116,24,12,0,0,6,0
11842,3,0,116,25,12,0,0,6,1
11843,3,0,116,26,12,2,0,6,0
11844,3,0,116,27,12,0,0,6,0
11845,3,0,116,28,12,0,0,6,0
11846,3,0,116,29,12,1,0,6,0
11847,3,0,116,30,12,1,0,6,0
11848,3,0,116,31,12,0,0,6,0
11849,3,0,116,32,12,1,0,6,0
11850,3,0,116,33,12,1,0,6,0
11851,3,0,116,34,12,0,0,6,0
11852,3,0,116,35,12,0,0,6,0
11853,3,0,116,36,12,1,0,6,0
11854,3,0,116,37,12,0,0,6,0
11855,3,0,116,38,12,0,0,6,1
11856,3,0,116,39,12,2,0,6,0
11857,3,0,116,40,12,1,0,6,0
11858,3,0,116,41,12,0,0,6,0
11859,3,0,116,42,12,1,0,6,0
11860,3,0,116,43,12,1,0,6,0
11861,3,0,116,44,12,0,0,6,0
11862,3,0,116,45,12,0,0,6,0
11863,3,0,116,46,12,1,0,6,0
11864,3,0,116,47,12,0,0,6,0
11865,3,0,116,48,12,0,0,6,0
11866,3,0,116,49,12,1,0,6,0
11867,3,0,116,50,12,1,0,6,0
11868,3,0,116,51,12,0,0,6,1
11869,3,0,116,52,12,2,0,6,0
11870,3,0,116,53,12,1,0,6,0
11871,3,0,116,54,12,0,0,6,0
11872,3,0,116,55,12,0,0,6,0
11873,3,0,116,56,12,1,0,6,0
11874,3,0,116,57,12,0,0,6,0
11875,3,0,116,58,12,0,0,6,0
11876,3,0,116,59,12,1,0,6,0
11877,3,0,116,60,12,1,0,6,0
11878,3,0,116,61,12,0,0,6,0
11879,3,0,116,62,12,1,0,6,0
11880,3,0,116,63,12,1,0,6,0
11881,3,0,116,64,12,0,0,6,1
11882,3,0,116,65,12,0,0,6,0
11883,3,0,116,66,12,1,0,6,0
11884,3,0,116,67,12,0,0,6,0
11885,3,0,116,68,12,0,0,6,0
11886,3,0,116,69,12,1,0,6,0
11887,3,0,116,70,12,2,0,6,0
11888,3,0,116,71,12,0,0,6,0
11889,3,0,116,72,12,1,0,6,0
11890,3,0,116,73,12,1,0,6,0
11891,3,0,116,74,12,0,0,6,0
11892,3,0,116,75,12,0,0,6,0
11893,3,0,116,76,12,1,0,6,0
11894,3,0,116,77,12,0,0,6,0
11895,3,0,116,78,12,0,0,6,0
11896,3,0,116,79,12,1,0,6,0
11897,3,0,116,80,12,1,0,6,0
11898,3,0,116,81,12,0,0,6,0
11899,3,0,116,82,12,1,0,6,0
11900,3,0,116,83,12,2,0,6,0
11901,3,0,116,84,12,0,0,6,0
11902,3,0,116,85,12,0,0,6,0
11903,3,0,116,86,12,1,0,6,0
11904,3,0,116,87,12,0,0,6,0
11905,3,0,116,88,12,0,0,6,0
11906,3,0,116,89,12,1,0,6,0
11907,3,0,116,90,12,1,0,6,0
11908,3,0,116,91,12,0,0,6,0
11909,3,0,116,92,12,1,0,6,0
11910,3,0,116,93,12,1,0,6,0
11911,3,0,116,94,12,0,0,6,0
11912,3,0,116,95,12,0,0,6,0
11913,3,0,116,96,12,2,0,6,0
11914,3,0,116,97,12,0,0,6,0
11915,3,0,116,98,12,0,0,6,0
11916,3,0,116,99,12,1,0,6,0
11917,2,0,117,99,12,1,0,7,0
11918,3,0,117,0,12,2,0,7,0
11919,3,0,117,1,12,0,0,7,0
11920,3,0,117,2,12,1,0,7,0
11921,3,0,117,3,12,1,0,7,0
11922,3,0,117,4,12,0,0,7,0
11923,3,0,117,5,12,0,0,7,0
11924,3,0,117,6,12,1,0,7,0
11925,3,0,117,7,12,0,0,7,0
11926,3,0,117,8,12,0,0,7,0
11927,3,0,117,9,12,2,0,7,0
11928,3,0,117,10,12,1,0,7,0
11929,3,0,117,11,12,0,0,7,0
11930,3,0,117,12,12,1,0,7,0
11931,3,0,117,13,12,2,0,7,0
11932,3,0,117,14,12,0,0,7,0
11933,3,0,117,15,12,0,0,7,0
11934,3,0,117,16,12,1,0,7,0
11935,3,0,117,17,12,0,0,7,0
11936,3,0,117,18,12,0,0,7,0
11937,3,0,117,19,12,1,0,7,1
11938,3,0,117,20,12,1,0,7,0
11939,3,0,117,21,12,0,0,7,0
11940,3,0,117,22,12,2,0,7,0
11941,3,0,117,23,12,1,0,7,0
11942,3,0,117,24,12,0,0,7,0
11943,3,0,117,25,12,0,0,7,0
11944,3,0,117,26,12,2,0,7,0
11945,3,0,117,27,12,0,0,7,0
11946,3,0,117,28,12,0,0,7,0
11947,3,0,117,29,12,1,0,7,0
11948,3,0,117,30,12,1,0,7,0
11949,3,0,117,31,12,0,0,7,0
11950,3,0,117,32,12,1,0,7,1
11951,3,0,117,33,12,1,0,7,0
11952,3,0,117,34,12,0,0,7,0
11953,3,0,117,35,12,0,0,7,0
11954,3,0,117,36,12,1,0,7,0
11955,3,0,117,37,12,0,0,7,0
11956,3,0,117,38,12,0,0,7,0
11957,3,0,117,39,12,2,0,7,0
11958,3,0,117,40,12,1,0,7,0
11959,3,0,117,41,12,0,0,7,0
11960,3,0,117,42,12,1,0,7,0
11961,3,0,117,43,12,1,0,7,0
11962,3,0,117,44,12,0,0,7,0
11963,3,0,117,45,12,0,0,7,1
11964,3,0,117,46,12,1,0,7,0
11965,3,0,117,47,12,0,0,7,0
11966,3,0,117,48,12,0,0,7,0
11967,3,0,117,49,12,1,0,7,0
11968,3,0,117,50,12,1,0,7,0
11969,3,0,117,51,12,0,0,7,0
11970,3,0,117,52,12,2,0,7,0
11971,3,0,117,53,12,1,0,7,0
11972,3,0,117,54,12,0,0,7,0
11973,3,0,117,55,12,0,0,7,0
11974,3,0,117,56,12,1,0,7,0
11975,3,0,117,57,12,0,0,7,0
11976,3,0,117,58,12,0,0,7,1
11977,3,0,117,59,12,1,0,7,0
11978,3,0,117,60,12,1,0,7,0
11979,3,0,117,61,12,0,0,7,0
11980,3,0,117,62,12,1,0,7,0
11981,3,0,117,63,12,1,0,7,0
11982,3,0,117,64,12,0,0,7,0
11983,3,0,117,65,12,0,0,7,0
11984,3,0,117,66,12,1,0,7,0
11985,3,0,117,67,12,0,0,7,0
11986,3,0,117,68,12,0,0,7,0
11987,3,0,117,69,12,1,0,7,0
11988,3,0,117,70,12,2,0,7,0
11989,3,0,117,71,12,0,0,7,1
11990,3,0,117,72,12,1,0,7,0
11991,3,0,117,73,12,1,0,7,0
11992,3,0,117,74,12,0,0,7,0
11993,3,0,117,75,12,0,0,7,0
11994,3,0,117,76,12,1,0,7,0
11995,3,0,117,77,12,0,0,7,0
11996,3,0,117,78,12,0,0,7,0
11997,3,0,117,79,12,1,0,7,0
11998,3,0,117,80,12,1,0,7,0
11999,3,0,117,81,12,0,0,7,0
12000,3,0,117,82,12,1,0,7,0
12001,3,0,117,83,12,2,0,7,0
12002,3,0,117,84,12,0,0,7,0
12003,3,0,117,85,12,0,0,7,0
12004,3,0,117,86,12,1,0,7,0
12005,3,0,117,87,12,0,0,7,0
12006,3,0,117,88,12,0,0,7,0
12007,3,0,117,89,12,1,0,7,0
12008,3,0,117,90,12,1,0,7,0
12009,3,0,117,91,12,0,0,7,0
12010,3,0,117,92,12,1,0,7,0
12011,3,0,117,93,12,1,0,7,0
12012,3,0,117,94,12,0,0,7,0
12013,3,0,117,95,12,0,0,7,0
12014,3,0,117,96,12,2,0,7,0
12015,3,0,117,97,12,0,0,7,0
12016,3,0,117,98,12,0,0,7,0
12017,3,0,117,99,12,1,0,7,0
12018,2,0,118,99,12,1,0,8,0
12019,3,0,118,0,12,2,0,8,0
12020,3,0,118,1,12,0,0,8,0
12021,3,0,118,2,12,1,0,8,0
12022,3,0,118,3,12,1,0,8,0
12023,3,0,118,4,12,0,0,8,0
12024,3,0,118,5,12,0,0,8,0
12025,3,0,118,6,12,1,0,8,0
12026,3,0,118,7,12,0,0,8,0
12027,3,0,118,8,12,0,0,8,0
12028,3,0,118,9,12,2,0,8,0
12029,3,0,118,10,12,1,0,8,0
12030,3,0,118,11,12,0,0,8,0
12031,3,0,118,12,12,1,0,8,0
12032,3,0,118,13,12,2,0,8,0
12033,3,0,118,14,12,0,0,8,0
12034,3,0,118,15,12,0,0,8,0
12035,3,0,118,16,12,1,0,8,0
12036,3,0,118,17,12,0,0,8,0
12037,3,0,118,18,12,0,0,8,0
12038,3,0,118,19,12,1,0,8,0
12039,3,0,118,20,12,1,0,8,0
12040,3,0,118,21,12,0,0,8,0
12041,3,0,118,22,12,2,0,8,0
12042,3,0,118,23,12,1,0,8,0
12043,3,0,118,24,12,0,0,8,0
12044,3,0,118,25,12,0,0,8,0
12045,3,0,118,26,12,2,0,8,1
12046,3,0,118,27,12,0,0,8,0
12047,3,0,118,28,12,0,0,8,0
12048,3,0,118,29,12,1,0,8,0
12049,3,0,118,30,12,1,0,8,0
12050,3,0,118,31,12,0,0,8,0
12051,3,0,118,32,12,1,0,8,0
12052,3,0,118,33,12,1,0,8,0
12053,3,0,118,34,12,0,0,8,0
12054,3,0,118,35,12,0,0,8,0
12055,3,0,118,36,12,1,0,8,0
12056,3,0,118,37,12,0,0,8,0
12057,3,0,118,38,12,0,0,8,0
12058,3,0,118,39,12,2,0,8,1
12059,3,0,118,40,12,1,0,8,0
12060,3,0,118,41,12,0,0,8,0
12061,3,0,118,42,12,1,0,8,0
12062,3,0,118,43,12,1,0,8,0
12063,3,0,118,44,12,0,0,8,0
12064,3,0,118,45,12,0,0,8,0
12065,3,0,118,46,12,1,0,8,0
12066,3,0,118,47,12,0,0,8,0
12067,3,0,118,48,12,0,0,8,0
12068,3,0,118,49,12,1,0,8,0
12069,3,0,118,50,12,1,0,8,0
12070,3,0,118,51,12,0,0,8,0
12071,3,0,118,52,12,2,0,8,1
12072,3,0,118,53,12,1,0,8,0
12073,3,0,118,54,12,0,0,8,0
12074,3,0,118,55,12,0,0,8,0
12075,3,0,118,56,12,1,0,8,0
12076,3,0,118,57,12,0,0,8,0
12077,3,0,118,58,12,0,0,8,0
12078,3,0,118,59,12,1,0,8,0
12079,3,0,118,60,12,1,0,8,0
12080,3,0,118,61,12,0,0,8,0
12081,3,0,118,62,12,1,0,8,0
12082,3,0,118,63,12,1,0,8,0
12083,3,0,118,64,12,0,0,8,0
12084,3,0,118,65,12,0,0,8,1
12085,3,0,118,66,12,1,0,8,0
12086,3,0,118,67,12,0,0,8,0
12087,3,0,118,68,12,0,0,8,0
12088,3,0,118,69,12,1,0,8,0
12089,3,0,118,70,12,2,0,8,0
12090,3,0,118,71,12,0,0,8,0
12091,3,0,118,72,12,1,0,8,0
12092,3,0,118,73,12,1,0,8,0
12093,3,0,118,74,12,0,0,8,0
12094,3,0,118,75,12,0,0,8,0
12095,3,0,118,76,12,1,0,8,0
12096,3,0,118,77,12,0,0,8,0
12097,3,0,118,78,12,0,0,8,1
12098,3,0,118,79,12,1,0,8,0
12099,3,0,118,80,12,1,0,8,0
12100,3,0,118,81,12,0,0,8,0
12101,3,0,118,82,12,1,0,8,0
12102,3,0,118,83,12,2,0,8,0
12103,3,0,118,84,12,0,0,8,0
12104,3,0,118,85,12,0,0,8,0
12105,3,0,118,86,12,1,0,8,0
12106,3,0,118,87,12,0,0,8,0
12107,3,0,118,88,12,0,0,8,0
12108,3,0,118,89,12,1,0,8,0
12109,3,0,118,90,12,1,0,8,0
12110,3,0,118,91,12,0,0,8,0
12111,3,0,118,92,12,1,0,8,0
12112,3,0,118,93,12,1,0,8,0
12113,3,0,118,94,12,0,0,8,0
12114,3,0,118,95,12,0,0,8,0
12115,3,0,118,96,12,2,0,8,0
12116,3,0,118,97,12,0,0,8,0
12117,3,0,118,98,12,0,0,8,0
12118,3,0,118,99,12,1,0,8,0
12119,2,0,119,99,12,1,0,9,0
12120,3,0,119,0,12,2,0,9,0
12121,3,0,119,1,12,0,0,9,0
12122,3,0,119,2,12,1,0,9,0
12123,3,0,119,3,12,1,0,9,0
12124,3,0,119,4,12,0,0,9,0
12125,3,0,119,5,12,0,0,9,0
12126,3,0,119,6,12,1,0,9,0
12127,3,0,119,7,12,0,0,9,0
12128,3,0,119,8,12,0,0,9,0
12129,3,0,119,9,12,2,0,9,0
12130,3,0,119,10,12,1,0,9,0
12131,3,0,119,11,12,0,0,9,0
12132,3,0,119,12,12,1,0,9,0
12133,3,0,119,13,12,2,0,9,0
12134,3,0,119,14,12,0,0,9,0
12135,3,0,119,15,12,0,0,9,0
12136,3,0,119,16,12,1,0,9,0
12137,3,0,119,17,12,0,0,9,0
12138,3,0,119,18,12,0,0,9,0
12139,3,0,119,19,12,1,0,9,0
12140,3,0,119,20,12,1,0,9,0
12141,3,0,119,21,12,0,0,9,0
12142,3,0,119,22,12,2,0,9,0
12143,3,0,119,23,12,1,0,9,0
12144,3,0,119,24,12,0,0,9,0
12145,3,0,119,25,12,0,0,9,0
12146,3,0,119,26,12,2,0,9,0
12147,3,0,119,27,12,0,0,9,0
12148,3,0,119,28,12,0,0,9,0
12149,3,0,119,29,12,1,0,9,0
12150,3,0,119,30,12,1,0,9,0
12151,3,0,119,31,12,0,0,9,0
12152,3,0,119,32,12,1,0,9,0
12153,3,0,119,33,12,1,0,9,1
12154,3,0,119,34,12,0,0,9,0
12155,3,0,119,35,12,0,0,9,0
12156,3,0,119,36,12,1,0,9,0
12157,3,0,119,37,12,0,0,9,0
12158,3,0,119,38,12,0,0,9,0
12159,3,0,119,39,12,2,0,9,0
12160,3,0,119,40,12,1,0,9,0
12161,3,0,119,41,12,0,0,9,0
12162,3,0,119,42,12,1,0,9,0
12163,3,0,119,43,12,1,0,9,0
12164,3,0,119,44,12,0,0,9,0
12165,3,0,119,45,12,0,0,9,0
12166,3,0,119,46,12,1,0,9,1
12167,3,0,119,47,12,0,0,9,0
12168,3,0,119,48,12,0,0,9,0
12169,3,0,119,49,12,1,0,9,0
12170,3,0,119,50,12,1,0,9,0
12171,3,0,119,51,12,0,0,9,0
12172,3,0,119,52,12,2,0,9,0
12173,3,0,119,53,12,1,0,9,0
12174,3,0,119,54,12,0,0,9,0
12175,3,0,119,55,12,0,0,9,0
12176,3,0,119,56,12,1,0,9,0
12177,3,0,119,57,12,0,0,9,0
12178,3,0,119,58,12,0,0,9,0
12179,3,0,119,59,12,1,0,9,1
12180,3,0,119,60,12,1,0,9,0
12181,3,0,119,61,12,0,0,9,0
12182,3,0,119,62,12,1,0,9,0
12183,3,0,119,63,12,1,0,9,0
12184,3,0,119,64,12,0,0,9,0
12185,3,0,119,65,12,0,0,9,0
12186,3,0,119,66,12,1,0,9,0
12187,3,0,119,67,12,0,0,9,0
12188,3,0,119,68,12,0,0,9,0
12189,3,0,119,69,12,1,0,9,0
12190,3,0,119,70,12,2,0,9,0
12191,3,0,119,71,12,0,0,9,0
12192,3,0,119,72,12,1,0,9,1
12193,3,0,119,73,12,1,0,9,0
12194,3,0,119,74,12,0,0,9,0
12195,3,0,119,75,12,0,0,9,0
12196,3,0,119,76,12,1,0,9,0
12197,3,0,119,77,12,0,0,9,0
12198,3,0,119,78,12,0,0,9,0
12199,3,0,119,79,12,1,0,9,0
12200,3,0,119,80,12,1,0,9,0
12201,3,0,119,81,12,0,0,9,0
12202,3,0,119,82,12,1,0,9,0
12203,3,0,119,83,12,2,0,9,0
12204,3,0,119,84,12,0,0,9,0
12205,3,0,119,85,12,0,0,9,1
12206,3,0,119,86,12,1,0,9,0
12207,3,0,119,87,12,0,0,9,0
12208,3,0,119,88,12,0,0,9,0
12209,3,0,119,89,12,1,0,9,0
12210,3,0,119,90,12,1,0,9,0
12211,3,0,119,91,12,0,0,9,0
12212,3,0,119,92,12,1,0,9,0
12213,3,0,119,93,12,1,0,9,0
12214,3,0,119,94,12,0,0,9,0
12215,3,0,119,95,12,0,0,9,0
12216,3,0,119,96,12,2,0,9,0
12217,3,0,119,97,12,0,0,9,0
12218,3,0,119,98,12,0,0,9,0
12219,3,0,119,99,12,1,0,9,0
12220,2,0,120,99,12,1,0,0,0
12221,3,0,120,0,12,2,1,0,0
12222,3,0,120,1,12,0,1,0,0
12223,3,0,120,2,12,1,1,0,0
12224,3,0,120,3,12,1,1,0,0
12225,3,0,120,4,12,0,1,0,0
12226,3,0,120,5,12,0,1,0,0
12227,3,0,120,6,12,1,1,0,0
12228,3,0,120,7,12,0,1,0,0
12229,3,0,120,8,12,0,1,0,0
12230,3,0,120,9,12,2,1,0,0
12231,3,0,120,10,12,1,1,0,0
12232,3,0,120,11,12,0,1,0,0
12233,3,0,120,12,12,1,1,0,0
12234,3,0,120,13,12,2,1,0,0
12235,3,0,120,14,12,0,1,0,0
12236,3,0,120,15,12,0,1,0,0
12237,3,0,120,16,12,1,1,0,0
12238,3,0,120,17,12,0,1,0,0
12239,3,0,120,18,12,0,1,0,0
12240,3,0,120,19,12,1,1,0,0
12241,3,0,120,20,12,1,1,0,0
12242,3,0,120,21,12,0,1,0,0
12243,3,0,120,22,12,2,1,0,0
12244,3,0,120,23,12,1,1,0,0
12245,3,0,120,24,12,0,1,0,0
12246,3,0,120,25,12,0,1,0,0
12247,3,0,120,26,12,2,1,0,0
12248,3,0,120,27,12,0,1,0,0
12249,3,0,120,28,12,0,1,0,0
12250,3,0,120,29,12,1,1,0,0
12251,3,0,120,30,12,1,1,0,0
12252,3,0,120,31,12,0,1,0,0
12253,3,0,120,32,12,1,1,0,0
12254,3,0,120,33,12,1,1,0,0
12255,3,0,120,34,12,0,1,0,0
12256,3,0,120,35,12,0,1,0,0
12257,3,0,120,36,12,1,1,0,0
12258,3,0,120,37,12,0,1,0,0
12259,3,0,120,38,12,0,1,0,0
12260,3,0,120,39,12,2,1,0,0
12261,3,0,120,40,12,1,1,0,1
12262,3,0,120,41,12,0,1,0,0
12263,3,0,120,42,12,1,1,0,0
12264,3,0,120,43,12,1,1,0,0
12265,3,0,120,44,12,0,1,0,0
12266,3,0,120,45,12,0,1,0,0
12267,3,0,120,46,12,1,1,0,0
12268,3,0,120,47,12,0,1,0,0
12269,3,0,120,48,12,0,1,0,0
12270,3,0,120,49,12,1,1,0,0
12271,3,0,120,50,12,1,1,0,0
12272,3,0,120,51,12,0,1,0,0
12273,3,0,120,52,12,2,1,0,0
12274,3,0,120,53,12,1,1,0,1
12275,3,0,120,54,12,0,1,0,0
12276,3,0,120,55,12,0,1,0,0
12277,3,0,120,56,12,1,1,0,0
12278,3,0,120,57,12,0,1,0,0
12279,3,0,120,58,12,0,1,0,0
12280,3,0,120,59,12,1,1,0,0
12281,3,0,120,60,12,1,1,0,0
12282,3,0,120,61,12,0,1,0,0
12283,3,0,120,62,12,1,1,0,0
12284,3,0,120,63,12,1,1,0,0
12285,3,0,120,64,12,0,1,0,0
12286,3,0,120,65,12,0,1,0,0
12287,3,0,120,66,12,1,1,0,1
12288,3,0,120,67,12,0,1,0,0
12289,3,0,120,68,12,0,1,0,0
12290,3,0,120,69,12,1,1,0,0
12291,3,0,120,70,12,2,1,0,0
12292,3,0,120,71,12,0,1,0,0
12293,3,0,120,72,12,1,1,0,0
12294,3,0,120,73,12,1,1,0,0
12295,3,0,120,74,12,0,1,0,0
12296,3,0,120,75,12,0,1,0,0
12297,3,0,120,76,12,1,1,0,0
12298,3,0,120,77,12,0,1,0,0
12299,3,0,120,78,12,0,1,0,0
12300,3,0,120,79,12,1,1,0,1
12301,3,0,120,80,12,1,1,0,0
12302,3,0,120,81,12,0,1,0,0
12303,3,0,120,82,12,1,1,0,0
12304,3,0,120,83,12,2,1,0,0
12305,3,0,120,84,12,0,1,0,0
12306,3,0,120,85,12,0,1,0,0
12307,3,0,120,86,12,1,1,0,0
12308,3,0,120,87,12,0,1,0,0
12309,3,0,120,88,12,0,1,0,0
12310,3,0,120,89,12,1,1,0,0
12311,3,0,120,90,12,1,1,0,0
12312,3,0,120,91,12,0,1,0,0
12313,3,0,120,92,12,1,1,0,1
12314,3,0,120,93,12,1,1,0,0
12315,3,0,120,94,12,0,1,0,0
12316,3,0,120,95,12,0,1,0,0
12317,3,0,120,96,12,2,1,0,0
12318,3,0,120,97,12,0,1,0,0
12319,3,0,120,98,12,0,1,0,0
12320,3,0,120,99,12,1,1,0,0
12321,2,0,121,99,13,1,1,1,1
12322,3,0,121,0,13,2,0,1,0
12323,3,0,121,1,13,0,0,1,0
12324,3,0,121,2,13,1,0,1,0
12325,3,0,121,3,13,1,0,1,0
12326,3,0,121,4,13,0,0,1,0
12327,3,0,121,5,13,0,0,1,0
12328,3,0,121,6,13,1,0,1,0
12329,3,0,121,7,13,0,0,1,0
12330,3,0,121,8,13,0,0,1,0
12331,3,0,121,9,13,2,0,1,0
12332,3,0,121,10,13,1,0,1,0
12333,3,0,121,11,13,0,0,1,0
12334,3,0,121,12,13,1,0,1,0
12335,3,0,121,13,13,2,0,1,0
12336,3,0,121,14,13,0,0,1,0
12337,3,0,121,15,13,0,0,1,0
12338,3,0,121,16,13,1,0,1,0
12339,3,0,121,17,13,0,0,1,0
12340,3,0,121,18,13,0,0,1,0
12341,3,0,121,19,13,1,0,1,0
12342,3,0,121,20,13,1,0,1,0
12343,3,0,121,21,13,0,0,1,0
12344,3,0,121,22,13,2,0,1,0
12345,3,0,121,23,13,1,0,1,0
12346,3,0,121,24,13,0,0,1,0
12347,3,0,121,25,13,0,0,1,0
12348,3,0,121,26,13,2,0,1,0
12349,3,0,121,27,13,0,0,1,0
12350,3,0,121,28,13,0,0,1,0
12351,3,0,121,29,13,1,0,1,0
12352,3,0,121,30,13,1,0,1,0
12353,3,0,121,31,13,0,0,1,0
12354,3,0,121,32,13,1,0,1,0
12355,3,0,121,33,13,1,0,1,0
12356,3,0,121,34,13,0,0,1,0
12357,3,0,121,35,13,0,0,1,0
12358,3,0,121,36,13,1,0,1,0
12359,3,0,121,37,13,0,0,1,0
12360,3,0,121,38,13,0,0,1,0
12361,3,0,121,39,13,2,0,1,0
12362,3,0,121,40,13,2,0,1,0
12363,3,0,121,41,13,0,0,1,0
12364,3,0,121,42,13,1,0,1,0
12365,3,0,121,43,13,1,0,1,0
12366,3,0,121,44,13,0,0,1,0
12367,3,0,121,45,13,0,0,1,0
12368,3,0,121,46,13,1,0,1,0
12369,3,0,121,47,13,0,0,1,1
12370,3,0,121,48,13,0,0,1,0
12371,3,0,121,49,13,1,0,1,0
12372,3,0,121,50,13,1,0,1,0
12373,3,0,121,51,13,0,0,1,0
12374,3,0,121,52,13,2,0,1,0
12375,3,0,121,53,13,2,0,1,0
12376,3,0,121,54,13,0,0,1,0
12377,3,0,121,55,13,0,0,1,0
12378,3,0,121,56,13,1,0,1,0
12379,3,0,121,57,13,0,0,1,0
12380,3,0,121,58,13,0,0,1,0
12381,3,0,121,59,13,1,0,1,0
12382,3,0,121,60,13,1,0,1,1
12383,3,0,121,61,13,0,0,1,0
12384,3,0,121,62,13,1,0,1,0
12385,3,0,121,63,13,1,0,1,0
12386,3,0,121,64,13,0,0,1,0
12387,3,0,121,65,13,0,0,1,0
12388,3,0,121,66,13,2,0,1,0
12389,3,0,121,67,13,0,0,1,0
12390,3,0,121,68,13,0,0,1,0
12391,3,0,121,69,13,1,0,1,0
12392,3,0,121,70,13,2,0,1,0
12393,3,0,121,71,13,0,0,1,0
12394,3,0,121,72,13,1,0,1,0
12395,3,0,121,73,13,1,0,1,1
12396,3,0,121,74,13,0,0,1,0
12397,3,0,121,75,13,0,0,1,0
12398,3,0,121,76,13,1,0,1,0
12399,3,0,121,77,13,0,0,1,0
12400,3,0,121,78,13,0,0,1,0
12401,3,0,121,79,13,2,0,1,0
12402,3,0,121,80,13,1,0,1,0
12403,3,0,121,81,13,0,0,1,0
12404,3,0,121,82,13,1,0,1,0
12405,3,0,121,83,13,2,0,1,0
12406,3,0,121,84,13,0,0,1,0
12407,3,0,121,85,13,0,0,1,0
12408,3,0,121,86,13,1,0,1,1
12409,3,0,121,87,13,0,0,1,0
12410,3,0,121,88,13,0,0,1,0
12411,3,0,121,89,13,1,0,1,0
12412,3,0,121,90,13,1,0,1,0
12413,3,0,121,91,13,0,0,1,0
12414,3,0,121,92,13,2,0,1,0
12415,3,0,121,93,13,1,0,1,0
12416,3,0,121,94,13,0,0,1,0
12417,3,0,121,95,13,0,0,1,0
12418,3,0,121,96,13,2,0,1,0
12419,3,0,121,97,13,0,0,1,0
12420,3,0,121,98,13,0,0,1,0
12421,3,0,121,99,13,1,0,1,1
12422,2,0,122,99,13,1,0,2,0
12423,3,0,122,0,13,2,0,2,0
12424,3,0,122,1,13,0,0,2,0
12425,3,0,122,2,13,1,0,2,0
12426,3,0,122,3,13,1,0,2,0
12427,3,0,122,4,13,0,0,2,0
12428,3,0,122,5,13,0,0,2,0
12429,3,0,122,6,13,1,0,2,1
12430,3,0,122,7,13,0,0,2,0
12431,3,0,122,8,13,0,0,2,0
12432,3,0,122,9,13,2,0,2,0
12433,3,0,122,10,13,1,0,2,0
12434,3,0,122,11,13,0,0,2,0
12435,3,0,122,12,13,1,0,2,0
12436,3,0,122,13,13,2,0,2,0
12437,3,0,122,14,13,0,0,2,0
12438,3,0,122,15,13,0,0,2,0
12439,3,0,122,16,13,1,0,2,0
12440,3,0,122,17,13,0,0,2,0
12441,3,0,122,18,13,0,0,2,0
12442,3,0,122,19,13,1,0,2,0
12443,3,0,122,20,13,1,0,2,0
12444,3,0,122,21,13,0,0,2,0
12445,3,0,122,22,13,2,0,2,0
12446,3,0,122,23,13,1,0,2,0
12447,3,0,122,24,13,0,0,2,0
12448,3,0,122,25,13,0,0,2,0
12449,3,0,122,26,13,2,0,2,0
12450,3,0,122,27,13,0,0,2,0
12451,3,0,122,28,13,0,0,2,0
12452,3,0,122,29,13,1,0,2,0
12453,3,0,122,30,13,1,0,2,0
12454,3,0,122,31,13,0,0,2,0
12455,3,0,122,32,13,1,0,2,0
12456,3,0,122,33,13,1,0,2,0
12457,3,0,122,34,13,0,0,2,0
12458,3,0,122,35,13,0,0,2,0
12459,3,0,122,36,13,1,0,2,0
12460,3,0,122,37,13,0,0,2,0
12461,3,0,122,38,13,0,0,2,0
12462,3,0,122,39,13,2,0,2,0
12463,3,0,122,40,13,2,0,2,0
12464,3,0,122,41,13,0,0,2,0
12465,3,0,122,42,13,1,0,2,0
12466,3,0,122,43,13,1,0,2,0
12467,3,0,122,44,13,0,0,2,0
12468,3,0,122,45,13,0,0,2,0
12469,3,0,122,46,13,1,0,2,0
12470,3,0,122,47,13,0,0,2,0
12471,3,0,122,48,13,0,0,2,0
12472,3,0,122,49,13,1,0,2,0
12473,3,0,122,50,13,1,0,2,0
12474,3,0,122,51,13,0,0,2,0
12475,3,0,122,52,13,2,0,2,0
12476,3,0,122,53,13,2,0,2,0
12477,3,0,122,54,13,0,0,2,1
12478,3,0,122,55,13,0,0,2,0
12479,3,0,122,56,13,1,0,2,0
12480,3,0,122,57,13,0,0,2,0
12481,3,0,122,58,13,0,0,2,0
12482,3,0,122,59,13,1,0,2,0
12483,3,0,122,60,13,1,0,2,0
12484,3,0,122,61,13,0,0,2,0
12485,3,0,122,62,13,1,0,2,0
12486,3,0,122,63,13,1,0,2,0
12487,3,0,122,64,13,0,0,2,0
12488,3,0,122,65,13,0,0,2,0
12489,3,0,122,66,13,2,0,2,0
12490,3,0,122,67,13,0,0,2,1
12491,3,0,122,68,13,0,0,2,0
12492,3,0,122,69,13,1,0,2,0
12493,3,0,122,70,13,2,0,2,0
12494,3,0,122,71,13,0,0,2,0
12495,3,0,122,72,13,1,0,2,0
12496,3,0,122,73,13,1,0,2,0
12497,3,0,122,74,13,0,0,2,0
12498,3,0,122,75,13,0,0,2,0
12499,3,0,122,76,13,1,0,2,0
12500,3,0,122,77,13,0,0,2,0
12501,3,0,122,78,13,0,0,2,0
12502,3,0,122,79,13,2,0,2,0
12503,3,0,122,80,13,1,0,2,1
12504,3,0,122,81,13,0,0,2,0
12505,3,0,122,82,13,1,0,2,0
12506,3,0,122,83,13,2,0,2,0
12507,3,0,122,84,13,0,0,2,0
12508,3,0,122,85,13,0,0,2,0
12509,3,0,122,86,13,1,0,2,0
12510,3,0,122,87,13,0,0,2,0
12511,3,0,122,88,13,0,0,2,0
12512,3,0,122,89,13,1,0,2,0
12513,3,0,122,90,13,1,0,2,0
12514,3,0,122,91,13,0,0,2,0
12515,3,0,122,92,13,2,0,2,0
12516,3,0,122,93,13,1,0,2,1
12517,3,0,122,94,13,0,0,2,0
12518,3,0,122,95,13,0,0,2,0
12519,3,0,122,96,13,2,0,2,0
12520,3,0,122,97,13,0,0,2,0
12521,3,0,122,98,13,0,0,2,0
12522,3,0,122,99,13,1,0,2,0
12523,2,0,123,99,13,1,0,3,0
12524,3,0,123,0,13,2,0,3,1
12525,3,0,123,1,13,0,0,3,0
12526,3,0,123,2,13,1,0,3,0
12527,3,0,123,3,13,1,0,3,0
12528,3,0,123,4,13,0,0,3,0
12529,3,0,123,5,13,0,0,3,0
12530,3,0,123,6,13,1,0,3,0
12531,3,0,123,7,13,0,0,3,0
12532,3,0,123,8,13,0,0,3,0
12533,3,0,123,9,13,2,0,3,0
12534,3,0,123,10,13,1,0,3,0
12535,3,0,123,11,13,0,0,3,0
12536,3,0,123,12,13,1,0,3,0
12537,3,0,123,13,13,2,0,3,1
12538,3,0,123,14,13,0,0,3,0
12539,3,0,123,15,13,0,0,3,0
12540,3,0,123,16,13,1,0,3,0
12541,3,0,123,17,13,0,0,3,0
12542,3,0,123,18,13,0,0,3,0
12543,3,0,123,19,13,1,0,3,0
12544,3,0,123,20,13,1,0,3,0
12545,3,0,123,21,13,0,0,3,0
12546,3,0,123,22,13,2,0,3,0
12547,3,0,123,23,13,1,0,3,0
12548,3,0,123,24,13,0,0,3,0
12549,3,0,123,25,13,0,0,3,0
12550,3,0,123,26,13,2,0,3,0
12551,3,0,123,27,13,0,0,3,0
12552,3,0,123,28,13,0,0,3,0
12553,3,0,123,29,13,1,0,3,0
12554,3,0,123,30,13,1,0,3,0
12555,3,0,123,31,13,0,0,3,0
12556,3,0,123,32,13,1,0,3,0
12557,3,0,123,33,13,1,0,3,0
12558,3,0,123,34,13,0,0,3,0
12559,3,0,123,35,13,0,0,3,0
12560,3,0,123,36,13,1,0,3,0
12561,3,0,123,37,13,0,0,3,0
12562,3,0,123,38,13,0,0,3,0
12563,3,0,123,39,13,2,0,3,0
12564,3,0,123,40,13,2,0,3,0
12565,3,0,123,41,13,0,0,3,0
12566,3,0,123,42,13,1,0,3,0
12567,3,0,123,43,13,1,0,3,0
12568,3,0,123,44,13,0,0,3,0
12569,3,0,123,45,13,0,0,3,0
12570,3,0,123,46,13,1,0,3,0
12571,3,0,123,47,13,0,0,3,0
12572,3,0,123,48,13,0,0,3,0
12573,3,0,123,49,13,1,0,3,0
12574,3,0,123,50,13,1,0,3,0
12575,3,0,123,51,13,0,0,3,0
12576,3,0,123,52,13,2,0,3,0
12577,3,0,123,53,13,2,0,3,0
12578,3,0,123,54,13,0,0,3,0
12579,3,0,123,55,13,0,0,3,0
12580,3,0,123,56,13,1,0,3,0
12581,3,0,123,57,13,0,0,3,0
12582,3,0,123,58,13,0,0,3,0
12583,3,0,123,59,13,1,0,3,0
12584,3,0,123,60,13,1,0,3,0
12585,3,0,123,61,13,0,0,3,1
12586,3,0,123,62,13,1,0,3,0
12587,3,0,123,63,13,1,0,3,0
12588,3,0,123,64,13,0,0,3,0
12589,3,0,123,65,13,0,0,3,0
12590,3,0,123,66,13,2,0,3,0
12591,3,0,123,67,13,0,0,3,0
12592,3,0,123,68,13,0,0,3,0
12593,3,0,123,69,13,1,0,3,0
12594,3,0,123,70,13,2,0,3,0
12595,3,0,123,71,13,0,0,3,0
12596,3,0,123,72,13,1,0,3,0
12597,3,0,123,73,13,1,0,3,0
12598,3,0,123,74,13,0,0,3,1
12599,3,0,123,75,13,0,0,3,0
12600,3,0,123,76,13,1,0,3,0
12601,3,0,123,77,13,0,0,3,0
12602,3,0,123,78,13,0,0,3,0
12603,3,0,123,79,13,2,0,3,0
12604,3,0,123,80,13,1,0,3,0
12605,3,0,123,81,13,0,0,3,0
12606,3,0,123,82,13,1,0,3,0
12607,3,0,123,83,13,2,0,3,0
12608,3,0,123,84,13,0,0,3,0
12609,3,0,123,85,13,0,0,3,0
12610,3,0,123,86,13,1,0,3,0
12611,3,0,123,87,13,0,0,3,1
12612,3,0,123,88,13,0,0,3,0
12613,3,0,123,89,13,1,0,3,0
12614,3,0,123,90,13,1,0,3,0
12615,3,0,123,91,13,0,0,3,0
12616,3,0,123,92,13,2,0,3,0
12617,3,0,123,93,13,1,0,3,0
12618,3,0,123,94,13,0,0,3,0
12619,3,0,123,95,13,0,0,3,0
12620,3,0,123,96,13,2,0,3,0
12621,3,0,123,97,13,0,0,3,0
12622,3,0,123,98,13,0,0,3,0
12623,3,0,123,99,13,1,0,3,0
12624,2,0,124,99,13,1,0,4,0
12625,3,0,124,0,13,2,0,4,0
12626,3,0,124,1,13,0,0,4,0
12627,3,0,124,2,13,1,0,4,0
12628,3,0,124,3,13,1,0,4,0
12629,3,0,124,4,13,0,0,4,0
12630,3,0,124,5,13,0,0,4,0
12631,3,0,124,6,13,1,0,4,0
12632,3,0,124,7,13,0,0,4,1
12633,3,0,124,8,13,0,0,4,0
12634,3,0,124,9,13,2,0,4,0
12635,3,0,124,10,13,1,0,4,0
12636,3,0,124,11,13,0,0,4,0
12637,3,0,124,12,13,1,0,4,0
12638,3,0,124,13,13,2,0,4,0
12639,3,0,124,14,13,0,0,4,0
12640,3,0,124,15,13,0,0,4,0
12641,3,0,124,16,13,1,0,4,0
12642,3,0,124,17,13,0,0,4,0
12643,3,0,124,18,13,0,0,4,0
12644,3,0,124,19,13,1,0,4,0
12645,3,0,124,20,13,1,0,4,1
12646,3,0,124,21,13,0,0,4,0
12647,3,0,124,22,13,2,0,4,0
12648,3,0,124,23,13,1,0,4,0
12649,3,0,124,24,13,0,0,4,0
12650,3,0,124,25,13,0,0,4,0
12651,3,0,124,26,13,2,0,4,0
12652,3,0,124,27,13,0,0,4,0
12653,3,0,124,28,13,0,0,4,0
12654,3,0,124,29,13,1,0,4,0
12655,3,0,124,30,13,1,0,4,0
12656,3,0,124,31,13,0,0,4,0
12657,3,0,124,32,13,1,0,4,0
12658,3,0,124,33,13,1,0,4,0
12659,3,0,124,34,13,0,0,4,0
12660,3,0,124,35,13,0,0,4,0
12661,3,0,124,36,13,1,0,4,0
12662,3,0,124,37,13,0,0,4,0
12663,3,0,124,38,13,0,0,4,0
12664,3,0,124,39,13,2,0,4,0
12665,3,0,124,40,13,2,0,4,0
12666,3,0,124,41,13,0,0,4,0
12667,3,0,124,42,13,1,0,4,0
12668,3,0,124,43,13,1,0,4,0
12669,3,0,124,44,13,0,0,4,0
12670,3,0,124,45,13,0,0,4,0
12671,3,0,124,46,13,1,0,4,0
12672,3,0,124,47,13,0,0,4,0
12673,3,0,124,48,13,0,0,4,0
12674,3,0,124,49,13,1,0,4,0
12675,3,0,124,50,13,1,0,4,0
12676,3,0,124,51,13,0,0,4,0
12677,3,0,124,52,13,2,0,4,0
12678,3,0,124,53,13,2,0,4,0
12679,3,0,124,54,13,0,0,4,0
12680,3,0,124,55,13,0,0,4,0
12681,3,0,124,56,13,1,0,4,0
12682,3,0,124,57,13,0,0,4,0
12683,3,0,124,58,13,0,0,4,0
12684,3,0,124,59,13,1,0,4,0
12685,3,0,124,60,13,1,0,4,0
12686,3,0,124,61,13,0,0,4,0
12687,3,0,124,62,13,1,0,4,0
12688,3,0,124,63,13,1,0,4,0
12689,3,0,124,64,13,0,0,4,0
12690,3,0,124,65,13,0,0,4,0
12691,3,0,124,66,13,2,0,4,0
12692,3,0,124,67,13,0,0,4,0
12693,3,0,124,68,13,0,0,4,1
12694,3,0,124,69,13,1,0,4,0
12695,3,0,124,70,13,2,0,4,0
12696,3,0,124,71,13,0,0,4,0
12697,3,0,124,72,13,1,0,4,0
12698,3,0,124,73,13,1,0,4,0
12699,3,0,124,74,13,0,0,4,0
12700,3,0,124,75,13,0,0,4,0
12701,3,0,124,76,13,1,0,4,0
12702,3,0,124,77,13,0,0,4,0
12703,3,0,124,78,13,0,0,4,0
12704,3,0,124,79,13,2,0,4,0
12705,3,0,124,80,13,1,0,4,0
12706,3,0,124,81,13,0,0,4,1
12707,3,0,124,82,13,1,0,4,0
12708,3,0,124,83,13,2,0,4,0
12709,3,0,124,84,13,0,0,4,0
12710,3,0,124,85,13,0,0,4,0
12711,3,0,124,86,13,1,0,4,0
12712,3,0,124,87,13,0,0,4,0
12713,3,0,124,88,13,0,0,4,0
12714,3,0,124,89,13,1,0,4,0
12715,3,0,124,90,13,1,0,4,0
12716,3,0,124,91,13,0,0,4,0
12717,3,0,124,92,13,2,0,4,0
12718,3,0,124,93,13,1,0,4,0
12719,3,0,124,94,13,0,0,4,1
12720,3,0,124,95,13,0,0,4,0
12721,3,0,124,96,13,2,0,4,0
12722,3,0,124,97,13,0,0,4,0
12723,3,0,124,98,13,0,0,4,0
12724,3,0,124,99,13,1,0,4,0
12725,2,0,125,99,13,1,0,5,0
12726,3,0,125,0,13,2,0,5,0
12727,3,0,125,1,13,0,0,5,1
12728,3,0,125,2,13,1,0,5,0
12729,3,0,125,3,13,1,0,5,0
12730,3,0,125,4,13,0,0,5,0
12731,3,0,125,5,13,0,0,5,0
12732,3,0,125,6,13,1,0,5,0
12733,3,0,125,7,13,0,0,5,0
12734,3,0,125,8,13,0,0,5,0
12735,3,0,125,9,13,2,0,5,0
12736,3,0,125,10,13,1,0,5,0
12737,3,0,125,11,13,0,0,5,0
12738,3,0,125,12,13,1,0,5,0
12739,3,0,125,13,13,2,0,5,0
12740,3,0,125,14,13,0,0,5,1
12741,3,0,125,15,13,0,0,5,0
12742,3,0,125,16,13,1,0,5,0
12743,3,0,125,17,13,0,0,5,0
12744,3,0,125,18,13,0,0,5,0
12745,3,0,125,19,13,1,0,5,0
12746,3,0,125,20,13,1,0,5,0
12747,3,0,125,21,13,0,0,5,0
12748,3,0,125,22,13,2,0,5,0
12749,3,0,125,23,13,1,0,5,0
12750,3,0,125,24,13,0,0,5,0
12751,3,0,125,25,13,0,0,5,0
12752,3,0,125,26,13,2,0,5,0
12753,3,0,125,27,13,0,0,5,1
12754,3,0,125,28,13,0,0,5,0
12755,3,0,125,29,13,1,0,5,0
12756,3,0,125,30,13,1,0,5,0
12757,3,0,125,31,13,0,0,5,0
12758,3,0,125,32,13,1,0,5,0
12759,3,0,125,33,13,1,0,5,0
12760,3,0,125,34,13,0,0,5,0
12761,3,0,125,35,13,0,0,5,0
12762,3,0,125,36,13,1,0,5,0
12763,3,0,125,37,13,0,0,5,0
12764,3,0,125,38,13,0,0,5,0
12765,3,0,125,39,13,2,0,5,0
12766,3,0,125,40,13,2,0,5,0
12767,3,0,125,41,13,0,0,5,0
12768,3,0,125,42,13,1,0,5,0
12769,3,0,125,43,13,1,0,5,0
12770,3,0,125,44,13,0,0,5,0
12771,3,0,125,45,13,0,0,5,0
12772,3,0,125,46,13,1,0,5,0
12773,3,0,125,47,13,0,0,5,0
12774,3,0,125,48,13,0,0,5,0
12775,3,0,125,49,13,1,0,5,0
12776,3,0,125,50,13,1,0,5,0
12777,3,0,125,51,13,0,0,5,0
12778,3,0,125,52,13,2,0,5,0
12779,3,0,125,53,13,2,0,5,0
12780,3,0,125,54,13,0,0,5,0
12781,3,0,125,55,13,0,0,5,0
12782,3,0,125,56,13,1,0,5,0
12783,3,0,125,57,13,0,0,5,0
12784,3,0,125,58,13,0,0,5,0
12785,3,0,125,59,13,1,0,5,0
12786,3,0,125,60,13,1,0,5,0
12787,3,0,125,61,13,0,0,5,0
12788,3,0,125,62,13,1,0,5,0
12789,3,0,125,63,13,1,0,5,0
12790,3,0,125,64,13,0,0,5,0
12791,3,0,125,65,13,0,0,5,0
12792,3,0,125,66,13,2,0,5,0
12793,3,0,125,67,13,0,0,5,0
12794,3,0,125,68,13,0,0,5,0
12795,3,0,125,69,13,1,0,5,0
12796,3,0,125,70,13,2,0,5,0
12797,3,0,125,71,13,0,0,5,0
12798,3,0,125,72,13,1,0,5,0
12799,3,0,125,73,13,1,0,5,0
12800,3,0,125,74,13,0,0,5,0
12801,3,0,125,75,13,0,0,5,1
12802,3,0,125,76,13,1,0,5,0
12803,3,0,125,77,13,0,0,5,0
12804,3,0,125,78,13,0,0,5,0
12805,3,0,125,79,13,2,0,5,0
12806,3,0,125,80,13,1,0,5,0
12807,3,0,125,81,13,0,0,5,0
12808,3,0,125,82,13,1,0,5,0
12809,3,0,125,83,13,2,0,5,0
12810,3,0,125,84,13,0,0,5,0
12811,3,0,125,85,13,0,0,5,0
12812,3,0,125,86,13,1,0,5,0
12813,3,0,125,87,13,0,0,5,0
12814,3,0,125,88,13,0,0,5,1
12815,3,0,125,89,13,1,0,5,0
12816,3,0,125,90,13,1,0,5,0
12817,3,0,125,91,13,0,0,5,0
12818,3,0,125,92,13,2,0,5,0
12819,3,0,125,93,13,1,0,5,0
12820,3,0,125,94,13,0,0,5,0
12821,3,0,125,95,13,0,0,5,0
12822,3,0,125,96,13,2,0,5,0
12823,3,0,125,97,13,0,0,5,0
12824,3,0,125,98,13,0,0,5,0
12825,3,0,125,99,13,1,0,5,0
12826,2,0,126,99,13,1,0,6,0
12827,3,0,126,0,13,2,0,6,0
12828,3,0,126,1,13,0,0,6,0
12829,3,0,126,2,13,1,0,6,0
12830,3,0,126,3,13,1,0,6,0
12831,3,0,126,4,13,0,0,6,0
12832,3,0,126,5,13,0,0,6,0
12833,3,0,126,6,13,1,0,6,0
12834,3,0,126,7,13,0,0,6,0
12835,3,0,126,8,13,0,0,6,1
12836,3,0,126,9,13,2,0,6,0
12837,3,0,126,10,13,1,0,6,0
12838,3,0,126,11,13,0,0,6,0
12839,3,0,126,12,13,1,0,6,0
12840,3,0,126,13,13,2,0,6,0
12841,3,0,126,14,13,0,0,6,0
12842,3,0,126,15,13,0,0,6,0
12843,3,0,126,16,13,1,0,6,0
12844,3,0,126,17,13,0,0,6,0
12845,3,0,126,18,13,0,0,6,0
12846,3,0,126,19,13,1,0,6,0
12847,3,0,126,20,13,1,0,6,0
12848,3,0,126,21,13,0,0,6,1
12849,3,0,126,22,13,2,0,6,0
12850,3,0,126,23,13,1,0,6,0
12851,3,0,126,24,13,0,0,6,0
12852,3,0,126,25,13,0,0,6,0
12853,3,0,126,26,13,2,0,6,0
12854,3,0,126,27,13,0,0,6,0
12855,3,0,126,28,13,0,0,6,0
12856,3,0,126,29,13,1,0,6,0
12857,3,0,126,30,13,1,0,6,0
12858,3,0,126,31,13,0,0,6,0
12859,3,0,126,32,13,1,0,6,0
12860,3,0,126,33,13,1,0,6,0
12861,3,0,126,34,13,0,0,6,1
12862,3,0,126,35,13,0,0,6,0
12863,3,0,126,36,13,1,0,6,0
12864,3,0,126,37,13,0,0,6,0
12865,3,0,126,38,13,0,0,6,0
12866,3,0,126,39,13,2,0,6,0
12867,3,0,126,40,13,2,0,6,0
12868,3,0,126,41,13,0,0,6,0
12869,3,0,126,42,13,1,0,6,0
12870,3,0,126,43,13,1,0,6,0
12871,3,0,126,44,13,0,0,6,0
12872,3,0,126,45,13,0,0,6,0
12873,3,0,126,46,13,1,0,6,0
12874,3,0,126,47,13,0,0,6,0
12875,3,0,126,48,13,0,0,6,0
12876,3,0,126,49,13,1,0,6,0
12877,3,0,126,50,13,1,0,6,0
12878,3,0,126,51,13,0,0,6,0
12879,3,0,126,52,13,2,0,6,0
12880,3,0,126,53,13,2,0,6,0
12881,3,0,126,54,13,0,0,6,0
12882,3,0,126,55,13,0,0,6,0
12883,3,0,126,56,13,1,0,6,0
12884,3,0,126,57,13,0,0,6,0
12885,3,0,126,58,13,0,0,6,0
12886,3,0,126,59,13,1,0,6,0
12887,3,0,126,60,13,1,0,6,0
12888,3,0,126,61,13,0,0,6,0
12889,3,0,126,62,13,1,0,6,0
12890,3,0,126,63,13,1,0,6,0
12891,3,0,126,64,13,0,0,6,0
12892,3,0,126,65,13,0,0,6,0
12893,3,0,126,66,13,2,0,6,0
12894,3,0,126,67,13,0,0,6,0
12895,3,0,126,68,13,0,0,6,0
12896,3,0,126,69,13,1,0,6,0
12897,3,0,126,70,13,2,0,6,0
12898,3,0,126,71,13,0,0,6,0
12899,3,0,126,72,13,1,0,6,0
12900,3,0,126,73,13,1,0,6,0
12901,3,0,126,74,13,0,0,6,0
12902,3,0,126,75,13,0,0,6,0
12903,3,0,126,76,13,1,0,6,0
12904,3,0,126,77,13,0,0,6,0
12905,3,0,126,78,13,0,0,6,0
12906,3,0,126,79,13,2,0,6,0
12907,3,0,126,80,13,1,0,6,0
12908,3,0,126,81,13,0,0,6,0
12909,3,0,126,82,13,1,0,6,1
12910,3,0,126,83,13,2,0,6,0
12911,3,0,126,84,13,0,0,6,0
12912,3,0,126,85,13,0,0,6,0
12913,3,0,126,86,13,1,0,6,0
12914,3,0,126,87,13,0,0,6,0
12915,3,0,126,88,13,0,0,6,0
12916,3,0,126,89,13,1,0,6,0
12917,3,0,126,90,13,1,0,6,0
12918,3,0,126,91,13,0,0,6,0
12919,3,0,126,92,13,2,0,6,0
12920,3,0,126,93,13,1,0,6,0
12921,3,0,126,94,13,0,0,6,0
12922,3,0,126,95,13,0,0,6,1
12923,3,0,126,96,13,2,0,6,0
12924,3,0,126,97,13,0,0,6,0
12925,3,0,126,98,13,0,0,6,0
12926,3,0,126,99,13,1,0,6,0
12927,2,0,127,99,13,1,0,7,0
12928,3,0,127,0,13,2,0,7,0
12929,3,0,127,1,13,0,0,7,0
12930,3,0,127,2,13,1,0,7,1
12931,3,0,127,3,13,1,0,7,0
12932,3,0,127,4,13,0,0,7,0
12933,3,0,127,5,13,0,0,7,0
12934,3,0,127,6,13,1,0,7,0
12935,3,0,127,7,13,0,0,7,0
12936,3,0,127,8,13,0,0,7,0
12937,3,0,127,9,13,2,0,7,0
12938,3,0,127,10,13,1,0,7,0
12939,3,0,127,11,13,0,0,7,0
12940,3,0,127,12,13,1,0,7,0
12941,3,0,127,13,13,2,0,7,0
12942,3,0,127,14,13,0,0,7,0
12943,3,0,127,15,13,0,0,7,1
12944,3,0,127,16,13,1,0,7,0
12945,3,0,127,17,13,0,0,7,0
12946,3,0,127,18,13,0,0,7,0
12947,3,0,127,19,13,1,0,7,0
12948,3,0,127,20,13,1,0,7,0
12949,3,0,127,21,13,0,0,7,0
12950,3,0,127,22,13,2,0,7,0
12951,3,0,127,23,13,1,0,7,0
12952,3,0,127,24,13,0,0,7,0
12953,3,0,127,25,13,0,0,7,0
12954,3,0,127,26,13,2,0,7,0
12955,3,0,127,27,13,0,0,7,0
12956,3,0,127,28,13,0,0,7,1
12957,3,0,127,29,13,1,0,7,0
12958,3,0,127,30,13,1,0,7,0
12959,3,0,127,31,13,0,0,7,0
12960,3,0,127,32,13,1,0,7,0
12961,3,0,127,33,13,1,0,7,0
12962,3,0,127,34,13,0,0,7,0
12963,3,0,127,35,13,0,0,7,0
12964,3,0,127,36,13,1,0,7,0
12965,3,0,127,37,13,0,0,7,0
12966,3,0,127,38,13,0,0,7,0
12967,3,0,127,39,13,2,0,7,0
12968,3,0,127,40,13,2,0,7,0
12969,3,0,127,41,13,0,0,7,1
12970,3,0,127,42,13,1,0,7,0
12971,3,0,127,43,13,1,0,7,0
12972,3,0,127,44,13,0,0,7,0
12973,3,0,127,45,13,0,0,7,0
12974,3,0,127,46,13,1,0,7,0
12975,3,0,127,47,13,0,0,7,0
12976,3,0,127,48,13,0,0,7,0
12977,3,0,127,49,13,1,0,7,0
12978,3,0,127,50,13,1,0,7,0
12979,3,0,127,51,13,0,0,7,0
12980,3,0,127,52,13,2,0,7,0
12981,3,0,127,53,13,2,0,7,0
12982,3,0,127,54,13,0,0,7,0
12983,3,0,127,55,13,0,0,7,0
12984,3,0,127,56,13,1,0,7,0
12985,3,0,127,57,13,0,0,7,0
12986,3,0,127,58,13,0,0,7,0
12987,3,0,127,59,13,1,0,7,0
12988,3,0,127,60,13,1,0,7,0
12989,3,0,127,61,13,0,0,7,0
12990,3,0,127,62,13,1,0,7,0
12991,3,0,127,63,13,1,0,7,0
12992,3,0,127,64,13,0,0,7,0
12993,3,0,127,65,13,0,0,7,0
12994,3,0,127,66,13,2,0,7,0
12995,3,0,127,67,13,0,0,7,0
12996,3,0,127,68,13,0,0,7,0
12997,3,0,127,69,13,1,0,7,0
12998,3,0,127,70,13,2,0,7,0
12999,3,0,127,71,13,0,0,7,0
13000,3,0,127,72,13,1,0,7,0
13001,3,0,127,73,13,1,0,7,0
13002,3,0,127,74,13,0,0,7,0
13003,3,0,127,75,13,0,0,7,0
13004,3,0,127,76,13,1,0,7,0
13005,3,0,127,77,13,0,0,7,0
13006,3,0,127,78,13,0,0,7,0
13007,3,0,127,79,13,2,0,7,0
13008,3,0,127,80,13,1,0,7,0
13009,3,0,127,81,13,0,0,7,0
13010,3,0,127,82,13,1,0,7,0
13011,3,0,127,83,13,2,0,7,0
13012,3,0,127,84,13,0,0,7,0
13013,3,0,127,85,13,0,0,7,0
13014,3,0,127,86,13,1,0,7,0
13015,3,0,127,87,13,0,0,7,0
13016,3,0,127,88,13,0,0,7,0
13017,3,0,127,89,13,1,0,7,1
13018,3,0,127,90,13,1,0,7,0
13019,3,0,127,91,13,0,0,7,0
13020,3,0,127,92,13,2,0,7,0
13021,3,0,127,93,13,1,0,7,0
13022,3,0,127,94,13,0,0,7,0
13023,3,0,127,95,13,0,0,7,0
13024,3,0,127,96,13,2,0,7,0
13025,3,0,127,97,13,0,0,7,0
13026,3,0,127,98,13,0,0,7,0
13027,3,0,127,99,13,1,0,7,0
13028,2,0,128,99,13,1,0,8,0
13029,3,0,128,0,13,2,0,8,0
13030,3,0,128,1,13,0,0,8,0
13031,3,0,128,2,13,1,0,8,0
13032,3,0,128,3,13,1,0,8,0
13033,3,0,128,4,13,0,0,8,0
13034,3,0,128,5,13,0,0,8,0
13035,3,0,128,6,13,1,0,8,0
13036,3,0,128,7,13,0,0,8,0
13037,3,0,128,8,13,0,0,8,0
13038,3,0,128,9,13,2,0,8,1
13039,3,0,128,10,13,1,0,8,0
13040,3,0,128,11,13,0,0,8,0
13041,3,0,128,12,13,1,0,8,0
13042,3,0,128,13,13,2,0,8,0
13043,3,0,128,14,13,0,0,8,0
13044,3,0,128,15,13,0,0,8,0
13045,3,0,128,16,13,1,0,8,0
13046,3,0,128,17,13,0,0,8,0
13047,3,0,128,18,13,0,0,8,0
13048,3,0,128,19,13,1,0,8,0
13049,3,0,128,20,13,1,0,8,0
13050,3,0,128,21,13,0,0,8,0
13051,3,0,128,22,13,2,0,8,1
13052,3,0,128,23,13,1,0,8,0
13053,3,0,128,24,13,0,0,8,0
13054,3,0,128,25,13,0,0,8,0
13055,3,0,128,26,13,2,0,8,0
13056,3,0,128,27,13,0,0,8,0
13057,3,0,128,28,13,0,0,8,0
13058,3,0,128,29,13,1,0,8,0
13059,3,0,128,30,13,1,0,8,0
13060,3,0,128,31,13,0,0,8,0
13061,3,0,128,32,13,1,0,8,0
13062,3,0,128,33,13,1,0,8,0
13063,3,0,128,34,13,0,0,8,0
13064,3,0,128,35,13,0,0,8,1
13065,3,0,128,36,13,1,0,8,0
13066,3,0,128,37,13,0,0,8,0
13067,3,0,128,38,13,0,0,8,0
13068,3,0,128,39,13,2,0,8,0
13069,3,0,128,40,13,2,0,8,0
13070,3,0,128,41,13,0,0,8,0
13071,3,0,128,42,13,1,0,8,0
13072,3,0,128,43,13,1,0,8,0
13073,3,0,128,44,13,0,0,8,0
13074,3,0,128,45,13,0,0,8,0
13075,3,0,128,46,13,1,0,8,0
13076,3,0,128,47,13,0,0,8,0
13077,3,0,128,48,13,0,0,8,1
13078,3,0,128,49,13,1,0,8,0
13079,3,0,128,50,13,1,0,8,0
13080,3,0,128,51,13,0,0,8,0
13081,3,0,128,52,13,2,0,8,0
13082,3,0,128,53,13,2,0,8,0
13083,3,0,128,54,13,0,0,8,0
13084,3,0,128,55,13,0,0,8,0
13085,3,0,128,56,13,1,0,8,0
13086,3,0,128,57,13,0,0,8,0
13087,3,0,128,58,13,0,0,8,0
13088,3,0,128,59,13,1,0,8,0
13089,3,0,128,60,13,1,0,8,0
13090,3,0,128,61,13,0,0,8,0
13091,3,0,128,62,13,1,0,8,0
13092,3,0,128,63,13,1,0,8,0
13093,3,0,128,64,13,0,0,8,0
13094,3,0,128,65,13,0,0,8,0
13095,3,0,128,66,13,2,0,8,0
13096,3,0,128,67,13,0,0,8,0
13097,3,0,128,68,13,0,0,8,0
13098,3,0,128,69,13,1,0,8,0
13099,3,0,128,70,13,2,0,8,0
13100,3,0,128,71,13,0,0,8,0
13101,3,0,128,72,13,1,0,8,0
13102,3,0,128,73,13,1,0,8,0
13103,3,0,128,74,13,0,0,8,0
13104,3,0,128,75,13,0,0,8,0
13105,3,0,128,76,13,1,0,8,0
13106,3,0,128,77,13,0,0,8,0
13107,3,0,128,78,13,0,0,8,0
13108,3,0,128,79,13,2,0,8,0
13109,3,0,128,80,13,1,0,8,0
13110,3,0,128,81,13,0,0,8,0
13111,3,0,128,82,13,1,0,8,0
13112,3,0,128,83,13,2,0,8,0
13113,3,0,128,84,13,0,0,8,0
13114,3,0,128,85,13,0,0,8,0
13115,3,0,128,86,13,1,0,8,0
13116,3,0,128,87,13,0,0,8,0
13117,3,0,128,88,13,0,0,8,0
13118,3,0,128,89,13,1,0,8,0
13119,3,0,128,90,13,1,0,8,0
13120,3,0,128,91,13,0,0,8,0
13121,3,0,128,92,13,2,0,8,0
13122,3,0,128,93,13,1,0,8,0
13123,3,0,128,94,13,0,0,8,0
13124,3,0,128,95,13,0,0,8,0
13125,3,0,128,96,13,2,0,8,1
13126,3,0,128,97,13,0,0,8,0
13127,3,0,128,98,13,0,0,8,0
13128,3,0,128,99,13,1,0,8,0
13129,2,0,129,99,13,1,0,9,0
13130,3,0,129,0,13,2,0,9,0
13131,3,0,129,1,13,0,0,9,0
13132,3,0,129,2,13,1,0,9,0
13133,3,0,129,3,13,1,0,9,1
13134,3,0,129,4,13,0,0,9,0
13135,3,0,129,5,13,0,0,9,0
13136,3,0,129,6,13,1,0,9,0
13137,3,0,129,7,13,0,0,9,0
13138,3,0,129,8,13,0,0,9,0
13139,3,0,129,9,13,2,0,9,0
13140,3,0,129,10,13,1,0,9,0
13141,3,0,129,11,13,0,0,9,0
13142,3,0,129,12,13,1,0,9,0
13143,3,0,129,13,13,2,0,9,0
13144,3,0,129,14,13,0,0,9,0
13145,3,0,129,15,13,0,0,9,0
13146,3,0,129,16,13,1,0,9,1
13147,3,0,129,17,13,0,0,9,0
13148,3,0,129,18,13,0,0,9,0
13149,3,0,129,19,13,1,0,9,0
13150,3,0,129,20,13,1,0,9,0
13151,3,0,129,21,13,0,0,9,0
13152,3,0,129,22,13,2,0,9,0
13153,3,0,129,23,13,1,0,9,0
13154,3,0,129,24,13,0,0,9,0
13155,3,0,129,25,13,0,0,9,0
13156,3,0,129,26,13,2,0,9,0
13157,3,0,129,27,13,0,0,9,0
13158,3,0,129,28,13,0,0,9,0
13159,3,0,129,29,13,1,0,9,1
13160,3,0,129,30,13,1,0,9,0
13161,3,0,129,31,13,0,0,9,0
13162,3,0,129,32,13,1,0,9,0
13163,3,0,129,33,13,1,0,9,0
13164,3,0,129,34,13,0,0,9,0
13165,3,0,129,35,13,0,0,9,0
13166,3,0,129,36,13,1,0,9,0
13167,3,0,129,37,13,0,0,9,0
13168,3,0,129,38,13,0,0,9,0
13169,3,0,129,39,13,2,0,9,0
13170,3,0,129,40,13,2,0,9,0
13171,3,0,129,41,13,0,0,9,0
13172,3,0,129,42,13,1,0,9,1
13173,3,0,129,43,13,1,0,9,0
13174,3,0,129,44,13,0,0,9,0
13175,3,0,129,45,13,0,0,9,0
13176,3,0,129,46,13,1,0,9,0
13177,3,0,129,47,13,0,0,9,0
13178,3,0,129,48,13,0,0,9,0
13179,3,0,129,49,13,1,0,9,0
13180,3,0,129,50,13,1,0,9,0
13181,3,0,129,51,13,0,0,9,0
13182,3,0,129,52,13,2,0,9,0
13183,3,0,129,53,13,2,0,9,0
13184,3,0,129,54,13,0,0,9,0
13185,3,0,129,55,13,0,0,9,1
13186,3,0,129,56,13,1,0,9,0
13187,3,0,129,57,13,0,0,9,0
13188,3,0,129,58,13,0,0,9,0
13189,3,0,129,59,13,1,0,9,0
13190,3,0,129,60,13,1,0,9,0
13191,3,0,129,61,13,0,0,9,0
13192,3,0,129,62,13,1,0,9,0
13193,3,0,129,63,13,1,0,9,0
13194,3,0,129,64,13,0,0,9,0
13195,3,0,129,65,13,0,0,9,0
13196,3,0,129,66,13,2,0,9,0
13197,3,0,129,67,13,0,0,9,0
13198,3,0,129,68,13,0,0,9,0
13199,3,0,129,69,13,1,0,9,0
13200,3,0,129,70,13,2,0,9,0
13201,3,0,129,71,13,0,0,9,0
13202,3,0,129,72,13,1,0,9,0
13203,3,0,129,73,13,1,0,9,0
13204,3,0,129,74,13,0,0,9,0
13205,3,0,129,75,13,0,0,9,0
13206,3,0,129,76,13,1,0,9,0
13207,3,0,129,77,13,0,0,9,0
13208,3,0,129,78,13,0,0,9,0
13209,3,0,129,79,13,2,0,9,0
13210,3,0,129,80,13,1,0,9,0
13211,3,0,129,81,13,0,0,9,0
13212,3,0,129,82,13,1,0,9,0
13213,3,0,129,83,13,2,0,9,0
13214,3,0,129,84,13,0,0,9,0
13215,3,0,129,85,13,0,0,9,0
13216,3,0,129,86,13,1,0,9,0
13217,3,0,129,87,13,0,0,9,0
13218,3,0,129,88,13,0,0,9,0
13219,3,0,129,89,13,1,0,9,0
13220,3,0,129,90,13,1,0,9,0
13221,3,0,129,91,13,0,0,9,0
13222,3,0,129,92,13,2,0,9,0
13223,3,0,129,93,13,1,0,9,0
13224,3,0,129,94,13,0,0,9,0
13225,3,0,129,95,13,0,0,9,0
13226,3,0,129,96,13,2,0,9,0
13227,3,0,129,97,13,0,0,9,0
13228,3,0,129,98,13,0,0,9,0
13229,3,0,129,99,13,1,0,9,0
13230,2,0,130,99,13,1,0,0,0
13231,3,0,130,0,13,2,1,0,0
13232,3,0,130,1,13,0,1,0,0
13233,3,0,130,2,13,1,1,0,0
13234,3,0,130,3,13,1,1,0,0
13235,3,0,130,4,13,0,1,0,0
13236,3,0,130,5,13,0,1,0,0
13237,3,0,130,6,13,1,1,0,0
13238,3,0,130,7,13,0,1,0,0
13239,3,0,130,8,13,0,1,0,0
13240,3,0,130,9,13,2,1,0,0
13241,3,0,130,10,13,1,1,0,1
13242,3,0,130,11,13,0,1,0,0
13243,3,0,130,12,13,1,1,0,0
13244,3,0,130,13,13,2,1,0,0
13245,3,0,130,14,13,0,1,0,0
13246,3,0,130,15,13,0,1,0,0
13247,3,0,130,16,13,1,1,0,0
13248,3,0,130,17,13,0,1,0,0
13249,3,0,130,18,13,0,1,0,0
13250,3,0,130,19,13,1,1,0,0
13251,3,0,130,20,13,1,1,0,0
13252,3,0,130,21,13,0,1,0,0
13253,3,0,130,22,13,2,1,0,0
13254,3,0,130,23,13,1,1,0,1
13255,3,0,130,24,13,0,1,0,0
13256,3,0,130,25,13,0,1,0,0
13257,3,0,130,26,13,2,1,0,0
13258,3,0,130,27,13,0,1,0,0
13259,3,0,130,28,13,0,1,0,0
13260,3,0,130,29,13,1,1,0,0
13261,3,0,130,30,13,1,1,0,0
13262,3,0,130,31,13,0,1,0,0
13263,3,0,130,32,13,1,1,0,0
13264,3,0,130,33,13,1,1,0,0
13265,3,0,130,34,13,0,1,0,0
13266,3,0,130,35,13,0,1,0,0
13267,3,0,130,36,13,1,1,0,1
13268,3,0,130,37,13,0,1,0,0
13269,3,0,130,38,13,0,1,0,0
13270,3,0,130,39,13,2,1,0,0
13271,3,0,130,40,13,2,1,0,0
13272,3,0,130,41,13,0,1,0,0
13273,3,0,130,42,13,1,1,0,0
13274,3,0,130,43,13,1,1,0,0
13275,3,0,130,44,13,0,1,0,0
13276,3,0,130,45,13,0,1,0,0
13277,3,0,130,46,13,1,1,0,0
13278,3,0,130,47,13,0,1,0,0
13279,3,0,130,48,13,0,1,0,0
13280,3,0,130,49,13,1,1,0,1
13281,3,0,130,50,13,1,1,0,0
13282,3,0,130,51,13,0,1,0,0
13283,3,0,130,52,13,2,1,0,0
13284,3,0,130,53,13,2,1,0,0
13285,3,0,130,54,13,0,1,0,0
13286,3,0,130,55,13,0,1,0,0
13287,3,0,130,56,13,1,1,0,0
13288,3,0,130,57,13,0,1,0,0
13289,3,0,130,58,13,0,1,0,0
13290,3,0,130,59,13,1,1,0,0
13291,3,0,130,60,13,1,1,0,0
13292,3,0,130,61,13,0,1,0,0
13293,3,0,130,62,13,1,1,0,1
13294,3,0,130,63,13,1,1,0,0
13295,3,0,130,64,13,0,1,0,0
13296,3,0,130,65,13,0,1,0,0
13297,3,0,130,66,13,2,1,0,0
13298,3,0,130,67,13,0,1,0,0
13299,3,0,130,68,13,0,1,0,0
13300,3,0,130,69,13,1,1,0,0
13301,3,0,130,70,13,2,1,0,0
13302,3,0,130,71,13,0,1,0,0
13303,3,0,130,72,13,1,1,0,0
13304,3,0,130,73,13,1,1,0,0
13305,3,0,130,74,13,0,1,0,0
13306,3,0,130,75,13,0,1,0,0
13307,3,0,130,76,13,1,1,0,0
13308,3,0,130,77,13,0,1,0,0
13309,3,0,130,78,13,0,1,0,0
13310,3,0,130,79,13,2,1,0,0
13311,3,0,130,80,13,1,1,0,0
13312,3,0,130,81,13,0,1,0,0
13313,3,0,130,82,13,1,1,0,0
13314,3,0,130,83,13,2,1,0,0
13315,3,0,130,84,13,0,1,0,0
13316,3,0,130,85,13,0,1,0,0
13317,3,0,130,86,13,1,1,0,0
13318,3,0,130,87,13,0,1,0,0
13319,3,0,130,88,13,0,1,0,0
13320,3,0,130,89,13,1,1,0,0
13321,3,0,130,90,13,1,1,0,0
13322,3,0,130,91,13,0,1,0,0
13323,3,0,130,92,13,2,1,0,0
13324,3,0,130,93,13,1,1,0,0
13325,3,0,130,94,13,0,1,0,0
13326,3,0,130,95,13,0,1,0,0
13327,3,0,130,96,13,2,1,0,0
13328,3,0,130,97,13,0,1,0,0
13329,3,0,130,98,13,0,1,0,0
13330,3,0,130,99,13,1,1,0,0
13331,2,0,131,99,14,1,1,1,0
13332,3,0,131,0,14,2,0,1,0
13333,3,0,131,1,14,0,0,1,0
13334,3,0,131,2,14,1,0,1,0
13335,3,0,131,3,14,1,0,1,0
13336,3,0,131,4,14,0,0,1,0
13337,3,0,131,5,14,0,0,1,0
13338,3,0,131,6,14,1,0,1,0
13339,3,0,131,7,14,0,0,1,0
13340,3,0,131,8,14,0,0,1,0
13341,3,0,131,9,14,2,0,1,0
13342,3,0,131,10,14,2,0,1,0
13343,3,0,131,11,14,0,0,1,0
13344,3,0,131,12,14,1,0,1,0
13345,3,0,131,13,14,2,0,1,0
13346,3,0,131,14,14,0,0,1,0
13347,3,0,131,15,14,0,0,1,0
13348,3,0,131,16,14,1,0,1,0
13349,3,0,131,17,14,0,0,1,1
13350,3,0,131,18,14,0,0,1,0
13351,3,0,131,19,14,1,0,1,0
13352,3,0,131,20,14,1,0,1,0
13353,3,0,131,21,14,0,0,1,0
13354,3,0,131,22,14,2,0,1,0
13355,3,0,131,23,14,2,0,1,0
13356,3,0,131,24,14,0,0,1,0
13357,3,0,131,25,14,0,0,1,0
13358,3,0,131,26,14,2,0,1,0
13359,3,0,131,27,14,0,0,1,0
13360,3,0,131,28,14,0,0,1,0
13361,3,0,131,29,14,1,0,1,0
13362,3,0,131,30,14,1,0,1,1
13363,3,0,131,31,14,0,0,1,0
13364,3,0,131,32,14,1,0,1,0
13365,3,0,131,33,14,1,0,1,0
13366,3,0,131,34,14,0,0,1,0
13367,3,0,131,35,14,0,0,1,0
13368,3,0,131,36,14,2,0,1,0
13369,3,0,131,37,14,0,0,1,0
13370,3,0,131,38,14,0,0,1,0
13371,3,0,131,39,14,2,0,1,0
13372,3,0,131,40,14,2,0,1,0
13373,3,0,131,41,14,0,0,1,0
13374,3,0,131,42,14,1,0,1,0
13375,3,0,131,43,14,1,0,1,1
13376,3,0,131,44,14,0,0,1,0
13377,3,0,131,45,14,0,0,1,0
13378,3,0,131,46,14,1,0,1,0
13379,3,0,131,47,14,0,0,1,0
13380,3,0,131,48,14,0,0,1,0
13381,3,0,131,49,14,2,0,1,0
13382,3,0,131,50,14,1,0,1,0
13383,3,0,131,51,14,0,0,1,0
13384,3,0,131,52,14,2,0,1,0
13385,3,0,131,53,14,2,0,1,0
13386,3,0,131,54,14,0,0,1,0
13387,3,0,131,55,14,0,0,1,0
13388,3,0,131,56,14,1,0,1,1
13389,3,0,131,57,14,0,0,1,0
13390,3,0,131,58,14,0,0,1,0
13391,3,0,131,59,14,1,0,1,0
13392,3,0,131,60,14,1,0,1,0
13393,3,0,131,61,14,0,0,1,0
13394,3,0,131,62,14,2,0,1,0
13395,3,0,131,63,14,1,0,1,0
13396,3,0,131,64,14,0,0,1,0
13397,3,0,131,65,14,0,0,1,0
13398,3,0,131,66,14,2,0,1,0
13399,3,0,131,67,14,0,0,1,0
13400,3,0,131,68,14,0,0,1,0
13401,3,0,131,69,14,1,0,1,1
13402,3,0,131,70,14,2,0,1,0
13403,3,0,131,71,14,0,0,1,0
13404,3,0,131,72,14,1,0,1,0
13405,3,0,131,73,14,1,0,1,0
13406,3,0,131,74,14,0,0,1,0
13407,3,0,131,75,14,0,0,1,0
13408,3,0,131,76,14,1,0,1,0
13409,3,0,131,77,14,0,0,1,0
13410,3,0,131,78,14,0,0,1,0
13411,3,0,131,79,14,2,0,1,0
13412,3,0,131,80,14,1,0,1,0
13413,3,0,131,81,14,0,0,1,0
13414,3,0,131,82,14,1,0,1,0
13415,3,0,131,83,14,2,0,1,0
13416,3,0,131,84,14,0,0,1,0
13417,3,0,131,85,14,0,0,1,0
13418,3,0,131,86,14,1,0,1,0
13419,3,0,131,87,14,0,0,1,0
13420,3,0,131,88,14,0,0,1,0
13421,3,0,131,89,14,1,0,1,0
13422,3,0,131,90,14,1,0,1,0
13423,3,0,131,91,14,0,0,1,0
13424,3,0,131,92,14,2,0,1,0
13425,3,0,131,93,14,1,0,1,0
13426,3,0,131,94,14,0,0,1,0
13427,3,0,131,95,14,0,0,1,0
13428,3,0,131,96,14,2,0,1,0
13429,3,0,131,97,14,0,0,1,0
13430,3,0,131,98,14,0,0,1,0
13431,3,0,131,99,14,1,0,1,0
13432,2,0,132,99,14,1,0,2,0
13433,3,0,132,0,14,2,0,2,0
13434,3,0,132,1,14,0,0,2,0
13435,3,0,132,2,14,1,0,2,0
13436,3,0,132,3,14,1,0,2,0
13437,3,0,132,4,14,0,0,2,0
13438,3,0,132,5,14,0,0,2,0
13439,3,0,132,6,14,1,0,2,0
13440,3,0,132,7,14,0,0,2,0
13441,3,0,132,8,14,0,0,2,0
13442,3,0,132,9,14,2,0,2,0
13443,3,0,132,10,14,2,0,2,0
13444,3,0,132,11,14,0,0,2,0
13445,3,0,132,12,14,1,0,2,0
13446,3,0,132,13,14,2,0,2,0
13447,3,0,132,14,14,0,0,2,0
13448,3,0,132,15,14,0,0,2,0
13449,3,0,132,16,14,1,0,2,0
13450,3,0,132,17,14,0,0,2,0
13451,3,0,132,18,14,0,0,2,0
13452,3,0,132,19,14,1,0,2,0
13453,3,0,132,20,14,1,0,2,0
13454,3,0,132,21,14,0,0,2,0
13455,3,0,132,22,14,2,0,2,0
13456,3,0,132,23,14,2,0,2,0
13457,3,0,132,24,14,0,0,2,1
13458,3,0,132,25,14,0,0,2,0
13459,3,0,132,26,14,2,0,2,0
13460,3,0,132,27,14,0,0,2,0
13461,3,0,132,28,14,0,0,2,0
13462,3,0,132,29,14,1,0,2,0
13463,3,0,132,30,14,1,0,2,0
13464,3,0,132,31,14,0,0,2,0
13465,3,0,132,32,14,1,0,2,0
13466,3,0,132,33,14,1,0,2,0
13467,3,0,132,34,14,0,0,2,0
13468,3,0,132,35,14,0,0,2,0
13469,3,0,132,36,14,2,0,2,0
13470,3,0,132,37,14,0,0,2,1
13471,3,0,132,38,14,0,0,2,0
13472,3,0,132,39,14,2,0,2,0
13473,3,0,132,40,14,2,0,2,0
13474,3,0,132,41,14,0,0,2,0
13475,3,0,132,42,14,1,0,2,0
13476,3,0,132,43,14,1,0,2,0
13477,3,0,132,44,14,0,0,2,0
13478,3,0,132,45,14,0,0,2,0
13479,3,0,132,46,14,1,0,2,0
13480,3,0,132,47,14,0,0,2,0
13481,3,0,132,48,14,0,0,2,0
13482,3,0,132,49,14,2,0,2,0
13483,3,0,132,50,14,1,0,2,1
13484,3,0,132,51,14,0,0,2,0
13485,3,0,132,52,14,2,0,2,0
13486,3,0,132,53,14,2,0,2,0
13487,3,0,132,54,14,0,0,2,0
13488,3,0,132,55,14,0,0,2,0
13489,3,0,132,56,14,1,0,2,0
13490,3,0,132,57,14,0,0,2,0
13491,3,0,132,58,14,0,0,2,0
13492,3,0,132,59,14,1,0,2,0
13493,3,0,132,60,14,1,0,2,0
13494,3,0,132,61,14,0,0,2,0
13495,3,0,132,62,14,2,0,2,0
13496,3,0,132,63,14,1,0,2,1
13497,3,0,132,64,14,0,0,2,0
13498,3,0,132,65,14,0,0,2,0
13499,3,0,132,66,14,2,0,2,0
13500,3,0,132,67,14,0,0,2,0
13501,3,0,132,68,14,0,0,2,0
13502,3,0,132,69,14,1,0,2,0
13503,3,0,132,70,14,2,0,2,0
13504,3,0,132,71,14,0,0,2,0
13505,3,0,132,72,14,1,0,2,0
13506,3,0,132,73,14,1,0,2,0
13507,3,0,132,74,14,0,0,2,0
13508,3,0,132,75,14,0,0,2,0
13509,3,0,132,76,14,1,0,2,1
13510,3,0,132,77,14,0,0,2,0
13511,3,0,132,78,14,0,0,2,0
13512,3,0,132,79,14,2,0,2,0
13513,3,0,132,80,14,1,0,2,0
13514,3,0,132,81,14,0,0,2,0
13515,3,0,132,82,14,1,0,2,0
13516,3,0,132,83,14,2,0,2,0
13517,3,0,132,84,14,0,0,2,0
13518,3,0,132,85,14,0,0,2,0
13519,3,0,132,86,14,1,0,2,0
13520,3,0,132,87,14,0,0,2,0
13521,3,0,132,88,14,0,0,2,0
13522,3,0,132,89,14,1,0,2,0
13523,3,0,132,90,14,1,0,2,0
13524,3,0,132,91,14,0,0,2,0
13525,3,0,132,92,14,2,0,2,0
13526,3,0,132,93,14,1,0,2,0
13527,3,0,132,94,14,0,0,2,0
13528,3,0,132,95,14,0,0,2,0
13529,3,0,132,96,14,2,0,2,0
13530,3,0,132,97,14,0,0,2,0
13531,3,0,132,98,14,0,0,2,0
13532,3,0,132,99,14,1,0,2,0
13533,2,0,133,99,14,1,0,3,0
13534,3,0,133,0,14,2,0,3,0
13535,3,0,133,1,14,0,0,3,0
13536,3,0,133,2,14,1,0,3,0
13537,3,0,133,3,14,1,0,3,0
13538,3,0,133,4,14,0,0,3,0
13539,3,0,133,5,14,0,0,3,0
13540,3,0,133,6,14,1,0,3,0
13541,3,0,133,7,14,0,0,3,0
13542,3,0,133,8,14,0,0,3,0
13543,3,0,133,9,14,2,0,3,0
13544,3,0,133,10,14,2,0,3,0
13545,3,0,133,11,14,0,0,3,0
13546,3,0,133,12,14,1,0,3,0
13547,3,0,133,13,14,2,0,3,0
13548,3,0,133,14,14,0,0,3,0
13549,3,0,133,15,14,0,0,3,0
13550,3,0,133,16,14,1,0,3,0
13551,3,0,133,17,14,0,0,3,0
13552,3,0,133,18,14,0,0,3,0
13553,3,0,133,19,14,1,0,3,0
13554,3,0,133,20,14,1,0,3,0
13555,3,0,133,21,14,0,0,3,0
13556,3,0,133,22,14,2,0,3,0
13557,3,0,133,23,14,2,0,3,0
13558,3,0,133,24,14,0,0,3,0
13559,3,0,133,25,14,0,0,3,0
13560,3,0,133,26,14,2,0,3,0
13561,3,0,133,27,14,0,0,3,0
13562,3,0,133,28,14,0,0,3,0
13563,3,0,133,29,14,1,0,3,0
13564,3,0,133,30,14,1,0,3,0
13565,3,0,133,31,14,0,0,3,1
13566,3,0,133,32,14,1,0,3,0
13567,3,0,133,33,14,1,0,3,0
13568,3,0,133,34,14,0,0,3,0
13569,3,0,133,35,14,0,0,3,0
13570,3,0,133,36,14,2,0,3,0
13571,3,0,133,37,14,0,0,3,0
13572,3,0,133,38,14,0,0,3,0
13573,3,0,133,39,14,2,0,3,0
13574,3,0,133,40,14,2,0,3,0
13575,3,0,133,41,14,0,0,3,0
13576,3,0,133,42,14,1,0,3,0
13577,3,0,133,43,14,1,0,3,0
13578,3,0,133,44,14,0,0,3,1
13579,3,0,133,45,14,0,0,3,0
13580,3,0,133,46,14,1,0,3,0
13581,3,0,133,47,14,0,0,3,0
13582,3,0,133,48,14,0,0,3,0
13583,3,0,133,49,14,2,0,3,0
13584,3,0,133,50,14,1,0,3,0
13585,3,0,133,51,14,0,0,3,0
13586,3,0,133,52,14,2,0,3,0
13587,3,0,133,53,14,2,0,3,0
13588,3,0,133,54,14,0,0,3,0
13589,3,0,133,55,14,0,0,3,0
13590,3,0,133,56,14,1,0,3,0
13591,3,0,133,57,14,0,0,3,1
13592,3,0,133,58,14,0,0,3,0
13593,3,0,133,59,14,1,0,3,0
13594,3,0,133,60,14,1,0,3,0
13595,3,0,133,61,14,0,0,3,0
13596,3,0,133,62,14,2,0,3,0
13597,3,0,133,63,14,1,0,3,0
13598,3,0,133,64,14,0,0,3,0
13599,3,0,133,65,14,0,0,3,0
13600,3,0,133,66,14,2,0,3,0
13601,3,0,133,67,14,0,0,3,0
13602,3,0,133,68,14,0,0,3,0
13603,3,0,133,69,14,1,0,3,0
13604,3,0,133,70,14,2,0,3,1
13605,3,0,133,71,14,0,0,3,0
13606,3,0,133,72,14,1,0,3,0
13607,3,0,133,73,14,1,0,3,0
13608,3,0,133,74,14,0,0,3,0
13609,3,0,133,75,14,0,0,3,0
13610,3,0,133,76,14,1,0,3,0
13611,3,0,133,77,14,0,0,3,0
13612,3,0,133,78,14,0,0,3,0
13613,3,0,133,79,14,2,0,3,0
13614,3,0,133,80,14,1,0,3,0
13615,3,0,133,81,14,0,0,3,0
13616,3,0,133,82,14,1,0,3,0
13617,3,0,133,83,14,2,0,3,1
13618,3,0,133,84,14,0,0,3,0
13619,3,0,133,85,14,0,0,3,0
13620,3,0,133,86,14,1,0,3,0
13621,3,0,133,87,14,0,0,3,0
13622,3,0,133,88,14,0,0,3,0
13623,3,0,133,89,14,1,0,3,0
13624,3,0,133,90,14,1,0,3,0
13625,3,0,133,91,14,0,0,3,0
13626,3,0,133,92,14,2,0,3,0
13627,3,0,133,93,14,1,0,3,0
13628,3,0,133,94,14,0,0,3,0
13629,3,0,133,95,14,0,0,3,0
13630,3,0,133,96,14,2,0,3,0
13631,3,0,133,97,14,0,0,3,0
13632,3,0,133,98,14,0,0,3,0
13633,3,0,133,99,14,1,0,3,0
13634,2,0,134,99,14,1,0,4,0
13635,3,0,134,0,14,2,0,4,0
13636,3,0,134,1,14,0,0,4,0
13637,3,0,134,2,14,1,0,4,0
13638,3,0,134,3,14,1,0,4,0
13639,3,0,134,4,14,0,0,4,0
13640,3,0,134,5,14,0,0,4,0
13641,3,0,134,6,14,1,0,4,0
13642,3,0,134,7,14,0,0,4,0
13643,3,0,134,8,14,0,0,4,0
13644,3,0,134,9,14,2,0,4,0
13645,3,0,134,10,14,2,0,4,0
13646,3,0,134,11,14,0,0,4,0
13647,3,0,134,12,14,1,0,4,0
13648,3,0,134,13,14,2,0,4,0
13649,3,0,134,14,14,0,0,4,0
13650,3,0,134,15,14,0,0,4,0
13651,3,0,134,16,14,1,0,4,0
13652,3,0,134,17,14,0,0,4,0
13653,3,0,134,18,14,0,0,4,0
13654,3,0,134,19,14,1,0,4,0
13655,3,0,134,20,14,1,0,4,0
13656,3,0,134,21,14,0,0,4,0
13657,3,0,134,22,14,2,0,4,0
13658,3,0,134,23,14,2,0,4,0
13659,3,0,134,24,14,0,0,4,0
13660,3,0,134,25,14,0,0,4,0
13661,3,0,134,26,14,2,0,4,0
13662,3,0,134,27,14,0,0,4,0
13663,3,0,134,28,14,0,0,4,0
13664,3,0,134,29,14,1,0,4,0
13665,3,0,134,30,14,1,0,4,0
13666,3,0,134,31,14,0,0,4,0
13667,3,0,134,32,14,1,0,4,0
13668,3,0,134,33,14,1,0,4,0
13669,3,0,134,34,14,0,0,4,0
13670,3,0,134,35,14,0,0,4,0
13671,3,0,134,36,14,2,0,4,0
13672,3,0,134,37,14,0,0,4,0
13673,3,0,134,38,14,0,0,4,1
13674,3,0,134,39,14,2,0,4,0
13675,3,0,134,40,14,2,0,4,0
13676,3,0,134,41,14,0,0,4,0
13677,3,0,134,42,14,1,0,4,0
13678,3,0,134,43,14,1,0,4,0
13679,3,0,134,44,14,0,0,4,0
13680,3,0,134,45,14,0,0,4,0
13681,3,0,134,46,14,1,0,4,0
13682,3,0,134,47,14,0,0,4,0
13683,3,0,134,48,14,0,0,4,0
13684,3,0,134,49,14,2,0,4,0
13685,3,0,134,50,14,1,0,4,0
13686,3,0,134,51,14,0,0,4,1
13687,3,0,134,52,14,2,0,4,0
13688,3,0,134,53,14,2,0,4,0
13689,3,0,134,54,14,0,0,4,0
13690,3,0,134,55,14,0,0,4,0
13691,3,0,134,56,14,1,0,4,0
13692,3,0,134,57,14,0,0,4,0
13693,3,0,134,58,14,0,0,4,0
13694,3,0,134,59,14,1,0,4,0
13695,3,0,134,60,14,1,0,4,0
13696,3,0,134,61,14,0,0,4,0
13697,3,0,134,62,14,2,0,4,0
13698,3,0,134,63,14,1,0,4,0
13699,3,0,134,64,14,0,0,4,1
13700,3,0,134,65,14,0,0,4,0
13701,3,0,134,66,14,2,0,4,0
13702,3,0,134,67,14,0,0,4,0
13703,3,0,134,68,14,0,0,4,0
13704,3,0,134,69,14,1,0,4,0
13705,3,0,134,70,14,2,0,4,0
13706,3,0,134,71,14,0,0,4,0
13707,3,0,134,72,14,1,0,4,0
13708,3,0,134,73,14,1,0,4,0
13709,3,0,134,74,14,0,0,4,0
13710,3,0,134,75,14,0,0,4,0
13711,3,0,134,76,14,1,0,4,0
13712,3,0,134,77,14,0,0,4,1
13713,3,0,134,78,14,0,0,4,0
13714,3,0,134,79,14,2,0,4,0
13715,3,0,134,80,14,1,0,4,0
13716,3,0,134,81,14,0,0,4,0
13717,3,0,134,82,14,1,0,4,0
13718,3,0,134,83,14,2,0,4,0
13719,3,0,134,84,14,0,0,4,0
13720,3,0,134,85,14,0,0,4,0
13721,3,0,134,86,14,1,0,4,0
13722,3,0,134,87,14,0,0,4,0
13723,3,0,134,88,14,0,0,4,0
13724,3,0,134,89,14,1,0,4,0
13725,3,0,134,90,14,1,0,4,1
13726,3,0,134,91,14,0,0,4,0
13727,3,0,134,92,14,2,0,4,0
13728,3,0,134,93,14,1,0,4,0
13729,3,0,134,94,14,0,0,4,0
13730,3,0,134,95,14,0,0,4,0
13731,3,0,134,96,14,2,0,4,0
13732,3,0,134,97,14,0,0,4,0
13733,3,0,134,98,14,0,0,4,0
13734,3,0,134,99,14,1,0,4,0
13735,2,0,135,99,14,1,0,5,0
13736,3,0,135,0,14,2,0,5,0
13737,3,0,135,1,14,0,0,5,0
13738,3,0,135,2,14,1,0,5,0
13739,3,0,135,3,14,1,0,5,0
13740,3,0,135,4,14,0,0,5,0
13741,3,0,135,5,14,0,0,5,0
13742,3,0,135,6,14,1,0,5,0
13743,3,0,135,7,14,0,0,5,0
13744,3,0,135,8,14,0,0,5,0
13745,3,0,135,9,14,2,0,5,0
13746,3,0,135,10,14,2,0,5,0
13747,3,0,135,11,14,0,0,5,0
13748,3,0,135,12,14,1,0,5,0
13749,3,0,135,13,14,2,0,5,0
13750,3,0,135,14,14,0,0,5,0
13751,3,0,135,15,14,0,0,5,0
13752,3,0,135,16,14,1,0,5,0
13753,3,0,135,17,14,0,0,5,0
13754,3,0,135,18,14,0,0,5,0
13755,3,0,135,19,14,1,0,5,0
13756,3,0,135,20,14,1,0,5,0
13757,3,0,135,21,14,0,0,5,0
13758,3,0,135,22,14,2,0,5,0
13759,3,0,135,23,14,2,0,5,0
13760,3,0,135,24,14,0,0,5,0
13761,3,0,135,25,14,0,0,5,0
13762,3,0,135,26,14,2,0,5,0
13763,3,0,135,27,14,0,0,5,0
13764,3,0,135,28,14,0,0,5,0
13765,3,0,135,29,14,1,0,5,0
13766,3,0,135,30,14,1,0,5,0
13767,3,0,135,31,14,0,0,5,0
13768,3,0,135,32,14,1,0,5,0
13769,3,0,135,33,14,1,0,5,0
13770,3,0,135,34,14,0,0,5,0
13771,3,0,135,35,14,0,0,5,0
13772,3,0,135,36,14,2,0,5,0
13773,3,0,135,37,14,0,0,5,0
13774,3,0,135,38,14,0,0,5,0
13775,3,0,135,39,14,2,0,5,0
13776,3,0,135,40,14,2,0,5,0
13777,3,0,135,41,14,0,0,5,0
13778,3,0,135,42,14,1,0,5,0
13779,3,0,135,43,14,1,0,5,0
13780,3,0,135,44,14,0,0,5,0
13781,3,0,135,45,14,0,0,5,1
13782,3,0,135,46,14,1,0,5,0
13783,3,0,135,47,14,0,0,5,0
13784,3,0,135,48,14,0,0,5,0
13785,3,0,135,49,14,2,0,5,0
13786,3,0,135,50,14,1,0,5,0
13787,3,0,135,51,14,0,0,5,0
13788,3,0,135,52,14,2,0,5,0
13789,3,0,135,53,14,2,0,5,0
13790,3,0,135,54,14,0,0,5,0
13791,3,0,135,55,14,0,0,5,0
13792,3,0,135,56,14,1,0,5,0
13793,3,0,135,57,14,0,0,5,0
13794,3,0,135,58,14,0,0,5,1
13795,3,0,135,59,14,1,0,5,0
13796,3,0,135,60,14,1,0,5,0
13797,3,0,135,61,14,0,0,5,0
13798,3,0,135,62,14,2,0,5,0
13799,3,0,135,63,14,1,0,5,0
13800,3,0,135,64,14,0,0,5,0
13801,3,0,135,65,14,0,0,5,0
13802,3,0,135,66,14,2,0,5,0
13803,3,0,135,67,14,0,0,5,0
13804,3,0,135,68,14,0,0,5,0
13805,3,0,135,69,14,1,0,5,0
13806,3,0,135,70,14,2,0,5,0
13807,3,0,135,71,14,0,0,5,1
13808,3,0,135,72,14,1,0,5,0
13809,3,0,135,73,14,1,0,5,0
13810,3,0,135,74,14,0,0,5,0
13811,3,0,135,75,14,0,0,5,0
13812,3,0,135,76,14,1,0,5,0
13813,3,0,135,77,14,0,0,5,0
13814,3,0,135,78,14,0,0,5,0
13815,3,0,135,79,14,2,0,5,0
13816,3,0,135,80,14,1,0,5,0
13817,3,0,135,81,14,0,0,5,0
13818,3,0,135,82,14,1,0,5,0
13819,3,0,135,83,14,2,0,5,0
13820,3,0,135,84,14,0,0,5,1
13821,3,0,135,85,14,0,0,5,0
13822,3,0,135,86,14,1,0,5,0
13823,3,0,135,87,14,0,0,5,0
13824,3,0,135,88,14,0,0,5,0
13825,3,0,135,89,14,1,0,5,0
13826,3,0,135,90,14,1,0,5,0
13827,3,0,135,91,14,0,0,5,0
13828,3,0,135,92,14,2,0,5,0
13829,3,0,135,93,14,1,0,5,0
13830,3,0,135,94,14,0,0,5,0
13831,3,0,135,95,14,0,0,5,0
13832,3,0,135,96,14,2,0,5,0
13833,3,0,135,97,14,0,0,5,1
13834,3,0,135,98,14,0,0,5,0
13835,3,0,135,99,14,1,0,5,0
13836,2,0,136,99,14,1,0,6,0
13837,3,0,136,0,14,2,0,6,0
13838,3,0,136,1,14,0,0,6,0
13839,3,0,136,2,14,1,0,6,0
13840,3,0,136,3,14,1,0,6,0
13841,3,0,136,4,14,0,0,6,1
13842,3,0,136,5,14,0,0,6,0
13843,3,0,136,6,14,1,0,6,0
13844,3,0,136,7,14,0,0,6,0
13845,3,0,136,8,14,0,0,6,0
13846,3,0,136,9,14,2,0,6,0
13847,3,0,136,10,14,2,0,6,0
13848,3,0,136,11,14,0,0,6,0
13849,3,0,136,12,14,1,0,6,0
13850,3,0,136,13,14,2,0,6,0
13851,3,0,136,14,14,0,0,6,0
13852,3,0,136,15,14,0,0,6,0
13853,3,0,136,16,14,1,0,6,0
13854,3,0,136,17,14,0,0,6,0
13855,3,0,136,18,14,0,0,6,0
13856,3,0,136,19,14,1,0,6,0
13857,3,0,136,20,14,1,0,6,0
13858,3,0,136,21,14,0,0,6,0
13859,3,0,136,22,14,2,0,6,0
13860,3,0,136,23,14,2,0,6,0
13861,3,0,136,24,14,0,0,6,0
13862,3,0,136,25,14,0,0,6,0
13863,3,0,136,26,14,2,0,6,0
13864,3,0,136,27,14,0,0,6,0
13865,3,0,136,28,14,0,0,6,0
13866,3,0,136,29,14,1,0,6,0
13867,3,0,136,30,14,1,0,6,0
13868,3,0,136,31,14,0,0,6,0
13869,3,0,136,32,14,1,0,6,0
13870,3,0,136,33,14,1,0,6,0
13871,3,0,136,34,14,0,0,6,0
13872,3,0,136,35,14,0,0,6,0
13873,3,0,136,36,14,2,0,6,0
13874,3,0,136,37,14,0,0,6,0
13875,3,0,136,38,14,0,0,6,0
13876,3,0,136,39,14,2,0,6,0
13877,3,0,136,40,14,2,0,6,0
13878,3,0,136,41,14,0,0,6,0
13879,3,0,136,42,14,1,0,6,0
13880,3,0,136,43,14,1,0,6,0
13881,3,0,136,44,14,0,0,6,0
13882,3,0,136,45,14,0,0,6,0
13883,3,0,136,46,14,1,0,6,0
13884,3,0,136,47,14,0,0,6,0
13885,3,0,136,48,14,0,0,6,0
13886,3,0,136,49,14,2,0,6,0
13887,3,0,136,50,14,1,0,6,0
13888,3,0,136,51,14,0,0,6,0
13889,3,0,136,52,14,2,0,6,1
13890,3,0,136,53,14,2,0,6,0
13891,3,0,136,54,14,0,0,6,0
13892,3,0,136,55,14,0,0,6,0
13893,3,0,136,56,14,1,0,6,0
13894,3,0,136,57,14,0,0,6,0
13895,3,0,136,58,14,0,0,6,0
13896,3,0,136,59,14,1,0,6,0
13897,3,0,136,60,14,1,0,6,0
13898,3,0,136,61,14,0,0,6,0
13899,3,0,136,62,14,2,0,6,0
13900,3,0,136,63,14,1,0,6,0
13901,3,0,136,64,14,0,0,6,0
13902,3,0,136,65,14,0,0,6,1
13903,3,0,136,66,14,2,0,6,0
13904,3,0,136,67,14,0,0,6,0
13905,3,0,136,68,14,0,0,6,0
13906,3,0,136,69,14,1,0,6,0
13907,3,0,136,70,14,2,0,6,0
13908,3,0,136,71,14,0,0,6,0
13909,3,0,136,72,14,1,0,6,0
13910,3,0,136,73,14,1,0,6,0
13911,3,0,136,74,14,0,0,6,0
13912,3,0,136,75,14,0,0,6,0
13913,3,0,136,76,14,1,0,6,0
13914,3,0,136,77,14,0,0,6,0
13915,3,0,136,78,14,0,0,6,1
13916,3,0,136,79,14,2,0,6,0
13917,3,0,136,80,14,1,0,6,0
13918,3,0,136,81,14,0,0,6,0
13919,3,0,136,82,14,1,0,6,0
13920,3,0,136,83,14,2,0,6,0
13921,3,0,136,84,14,0,0,6,0
13922,3,0,136,85,14,0,0,6,0
13923,3,0,136,86,14,1,0,6,0
13924,3,0,136,87,14,0,0,6,0
13925,3,0,136,88,14,0,0,6,0
13926,3,0,136,89,14,1,0,6,0
13927,3,0,136,90,14,1,0,6,0
13928,3,0,136,91,14,0,0,6,1
13929,3,0,136,92,14,2,0,6,0
13930,3,0,136,93,14,1,0,6,0
13931,3,0,136,94,14,0,0,6,0
13932,3,0,136,95,14,0,0,6,0
13933,3,0,136,96,14,2,0,6,0
13934,3,0,136,97,14,0,0,6,0
13935,3,0,136,98,14,0,0,6,0
13936,3,0,136,99,14,1,0,6,0
13937,2,0,137,99,14,1,0,7,0
13938,3,0,137,0,14,2,0,7,0
13939,3,0,137,1,14,0,0,7,0
13940,3,0,137,2,14,1,0,7,0
13941,3,0,137,3,14,1,0,7,0
13942,3,0,137,4,14,0,0,7,0
13943,3,0,137,5,14,0,0,7,0
13944,3,0,137,6,14,1,0,7,0
13945,3,0,137,7,14,0,0,7,0
13946,3,0,137,8,14,0,0,7,0
13947,3,0,137,9,14,2,0,7,0
13948,3,0,137,10,14,2,0,7,0
13949,3,0,137,11,14,0,0,7,1
13950,3,0,137,12,14,1,0,7,0
13951,3,0,137,13,14,2,0,7,0
13952,3,0,137,14,14,0,0,7,0
13953,3,0,137,15,14,0,0,7,0
13954,3,0,137,16,14,1,0,7,0
13955,3,0,137,17,14,0,0,7,0
13956,3,0,137,18,14,0,0,7,0
13957,3,0,137,19,14,1,0,7,0
13958,3,0,137,20,14,1,0,7,0
13959,3,0,137,21,14,0,0,7,0
13960,3,0,137,22,14,2,0,7,0
13961,3,0,137,23,14,2,0,7,0
13962,3,0,137,24,14,0,0,7,0
13963,3,0,137,25,14,0,0,7,0
13964,3,0,137,26,14,2,0,7,0
13965,3,0,137,27,14,0,0,7,0
13966,3,0,137,28,14,0,0,7,0
13967,3,0,137,29,14,1,0,7,0
13968,3,0,137,30,14,1,0,7,0
13969,3,0,137,31,14,0,0,7,0
13970,3,0,137,32,14,1,0,7,0
13971,3,0,137,33,14,1,0,7,0
13972,3,0,137,34,14,0,0,7,0
13973,3,0,137,35,14,0,0,7,0
13974,3,0,137,36,14,2,0,7,0
13975,3,0,137,37,14,0,0,7,0
13976,3,0,137,38,14,0,0,7,0
13977,3,0,137,39,14,2,0,7,0
13978,3,0,137,40,14,2,0,7,0
13979,3,0,137,41,14,0,0,7,0
13980,3,0,137,42,14,1,0,7,0
13981,3,0,137,43,14,1,0,7,0
13982,3,0,137,44,14,0,0,7,0
13983,3,0,137,45,14,0,0,7,0
13984,3,0,137,46,14,1,0,7,0
13985,3,0,137,47,14,0,0,7,0
13986,3,0,137,48,14,0,0,7,0
13987,3,0,137,49,14,2,0,7,0
13988,3,0,137,50,14,1,0,7,0
13989,3,0,137,51,14,0,0,7,0
13990,3,0,137,52,14,2,0,7,0
13991,3,0,137,53,14,2,0,7,0
13992,3,0,137,54,14,0,0,7,0
13993,3,0,137,55,14,0,0,7,0
13994,3,0,137,56,14,1,0,7,0
13995,3,0,137,57,14,0,0,7,0
13996,3,0,137,58,14,0,0,7,0
13997,3,0,137,59,14,1,0,7,1
13998,3,0,137,60,14,1,0,7,0
13999,3,0,137,61,14,0,0,7,0
14000,3,0,137,62,14,2,0,7,0
14001,3,0,137,63,14,1,0,7,0
14002,3,0,137,64,14,0,0,7,0
14003,3,0,137,65,14,0,0,7,0
14004,3,0,137,66,14,2,0,7,0
14005,3,0,137,67,14,0,0,7,0
14006,3,0,137,68,14,0,0,7,0
14007,3,0,137,69,14,1,0,7,0
14008,3,0,137,70,14,2,0,7,0
14009,3,0,137,71,14,0,0,7,0
14010,3,0,137,72,14,1,0,7,1
14011,3,0,137,73,14,1,0,7,0
14012,3,0,137,74,14,0,0,7,0
14013,3,0,137,75,14,0,0,7,0
14014,3,0,137,76,14,1,0,7,0
14015,3,0,137,77,14,0,0,7,0
14016,3,0,137,78,14,0,0,7,0
14017,3,0,137,79,14,2,0,7,0
14018,3,0,137,80,14,1,0,7,0
14019,3,0,137,81,14,0,0,7,0
14020,3,0,137,82,14,1,0,7,0
14021,3,0,137,83,14,2,0,7,0
14022,3,0,137,84,14,0,0,7,0
14023,3,0,137,85,14,0,0,7,1
14024,3,0,137,86,14,1,0,7,0
14025,3,0,137,87,14,0,0,7,0
14026,3,0,137,88,14,0,0,7,0
14027,3,0,137,89,14,1,0,7,0
14028,3,0,137,90,14,1,0,7,0
14029,3,0,137,91,14,0,0,7,0
14030,3,0,137,92,14,2,0,7,0
14031,3,0,137,93,14,1,0,7,0
14032,3,0,137,94,14,0,0,7,0
14033,3,0,137,95,14,0,0,7,0
14034,3,0,137,96,14,2,0,7,0
14035,3,0,137,97,14,0,0,7,0
14036,3,0,137,98,14,0,0,7,1
14037,3,0,137,99,14,1,0,7,0
14038,2,0,138,99,14,1,0,8,0
14039,3,0,138,0,14,2,0,8,0
14040,3,0,138,1,14,0,0,8,0
14041,3,0,138,2,14,1,0,8,0
14042,3,0,138,3,14,1,0,8,0
14043,3,0,138,4,14,0,0,8,0
14044,3,0,138,5,14,0,0,8,1
14045,3,0,138,6,14,1,0,8,0
14046,3,0,138,7,14,0,0,8,0
14047,3,0,138,8,14,0,0,8,0
14048,3,0,138,9,14,2,0,8,0
14049,3,0,138,10,14,2,0,8,0
14050,3,0,138,11,14,0,0,8,0
14051,3,0,138,12,14,1,0,8,0
14052,3,0,138,13,14,2,0,8,0
14053,3,0,138,14,14,0,0,8,0
14054,3,0,138,15,14,0,0,8,0
14055,3,0,138,16,14,1,0,8,0
14056,3,0,138,17,14,0,0,8,0
14057,3,0,138,18,14,0,0,8,1
14058,3,0,138,19,14,1,0,8,0
14059,3,0,138,20,14,1,0,8,0
14060,3,0,138,21,14,0,0,8,0
14061,3,0,138,22,14,2,0,8,0
14062,3,0,138,23,14,2,0,8,0
14063,3,0,138,24,14,0,0,8,0
14064,3,0,138,25,14,0,0,8,0
14065,3,0,138,26,14,2,0,8,0
14066,3,0,138,27,14,0,0,8,0
14067,3,0,138,28,14,0,0,8,0
14068,3,0,138,29,14,1,0,8,0
14069,3,0,138,30,14,1,0,8,0
14070,3,0,138,31,14,0,0,8,0
14071,3,0,138,32,14,1,0,8,0
14072,3,0,138,33,14,1,0,8,0
14073,3,0,138,34,14,0,0,8,0
14074,3,0,138,35,14,0,0,8,0
14075,3,0,138,36,14,2,0,8,0
14076,3,0,138,37,14,0,0,8,0
14077,3,0,138,38,14,0,0,8,0
14078,3,0,138,39,14,2,0,8,0
14079,3,0,138,40,14,2,0,8,0
14080,3,0,138,41,14,0,0,8,0
14081,3,0,138,42,14,1,0,8,0
14082,3,0,138,43,14,1,0,8,0
14083,3,0,138,44,14,0,0,8,0
14084,3,0,138,45,14,0,0,8,0
14085,3,0,138,46,14,1,0,8,0
14086,3,0,138,47,14,0,0,8,0
14087,3,0,138,48,14,0,0,8,0
14088,3,0,138,49,14,2,0,8,0
14089,3,0,138,50,14,1,0,8,0
14090,3,0,138,51,14,0,0,8,0
14091,3,0,138,52,14,2,0,8,0
14092,3,0,138,53,14,2,0,8,0
14093,3,0,138,54,14,0,0,8,0
14094,3,0,138,55,14,0,0,8,0
14095,3,0,138,56,14,1,0,8,0
14096,3,0,138,57,14,0,0,8,0
14097,3,0,138,58,14,0,0,8,0
14098,3,0,138,59,14,1,0,8,0
14099,3,0,138,60,14,1,0,8,0
14100,3,0,138,61,14,0,0,8,0
14101,3,0,138,62,14,2,0,8,0
14102,3,0,138,63,14,1,0,8,0
14103,3,0,138,64,14,0,0,8,0
14104,3,0,138,65,14,0,0,8,0
14105,3,0,138,66,14,2,0,8,1
14106,3,0,138,67,14,0,0,8,0
14107,3,0,138,68,14,0,0,8,0
14108,3,0,138,69,14,1,0,8,0
14109,3,0,138,70,14,2,0,8,0
14110,3,0,138,71,14,0,0,8,0
14111,3,0,138,72,14,1,0,8,0
14112,3,0,138,73,14,1,0,8,0
14113,3,0,138,74,14,0,0,8,0
14114,3,0,138,75,14,0,0,8,0
14115,3,0,138,76,14,1,0,8,0
14116,3,0,138,77,14,0,0,8,0
14117,3,0,138,78,14,0,0,8,0
14118,3,0,138,79,14,2,0,8,1
14119,3,0,138,80,14,1,0,8,0
14120,3,0,138,81,14,0,0,8,0
14121,3,0,138,82,14,1,0,8,0
14122,3,0,138,83,14,2,0,8,0
14123,3,0,138,84,14,0,0,8,0
14124,3,0,138,85,14,0,0,8,0
14125,3,0,138,86,14,1,0,8,0
14126,3,0,138,87,14,0,0,8,0
14127,3,0,138,88,14,0,0,8,0
14128,3,0,138,89,14,1,0,8,0
14129,3,0,138,90,14,1,0,8,0
14130,3,0,138,91,14,0,0,8,0
14131,3,0,138,92,14,2,0,8,1
14132,3,0,138,93,14,1,0,8,0
14133,3,0,138,94,14,0,0,8,0
14134,3,0,138,95,14,0,0,8,0
14135,3,0,138,96,14,2,0,8,0
14136,3,0,138,97,14,0,0,8,0
14137,3,0,138,98,14,0,0,8,0
14138,3,0,138,99,14,1,0,8,0
14139,2,0,139,99,14,1,0,9,1
14140,3,0,139,0,14,2,0,9,0
14141,3,0,139,1,14,0,0,9,0
14142,3,0,139,2,14,1,0,9,0
14143,3,0,139,3,14,1,0,9,0
14144,3,0,139,4,14,0,0,9,0
14145,3,0,139,5,14,0,0,9,0
14146,3,0,139,6,14,1,0,9,0
14147,3,0,139,7,14,0,0,9,0
14148,3,0,139,8,14,0,0,9,0
14149,3,0,139,9,14,2,0,9,0
14150,3,0,139,10,14,2,0,9,0
14151,3,0,139,11,14,0,0,9,0
14152,3,0,139,12,14,1,0,9,1
14153,3,0,139,13,14,2,0,9,0
14154,3,0,139,14,14,0,0,9,0
14155,3,0,139,15,14,0,0,9,0
14156,3,0,139,16,14,1,0,9,0
14157,3,0,139,17,14,0,0,9,0
14158,3,0,139,18,14,0,0,9,0
14159,3,0,139,19,14,1,0,9,0
14160,3,0,139,20,14,1,0,9,0
14161,3,0,139,21,14,0,0,9,0
14162,3,0,139,22,14,2,0,9,0
14163,3,0,139,23,14,2,0,9,0
14164,3,0,139,24,14,0,0,9,0
14165,3,0,139,25,14,0,0,9,1
14166,3,0,139,26,14,2,0,9,0
14167,3,0,139,27,14,0,0,9,0
14168,3,0,139,28,14,0,0,9,0
14169,3,0,139,29,14,1,0,9,0
14170,3,0,139,30,14,1,0,9,0
14171,3,0,139,31,14,0,0,9,0
14172,3,0,139,32,14,1,0,9,0
14173,3,0,139,33,14,1,0,9,0
14174,3,0,139,34,14,0,0,9,0
14175,3,0,139,35,14,0,0,9,0
14176,3,0,139,36,14,2,0,9,0
14177,3,0,139,37,14,0,0,9,0
14178,3,0,139,38,14,0,0,9,0
14179,3,0,139,39,14,2,0,9,0
14180,3,0,139,40,14,2,0,9,0
14181,3,0,139,41,14,0,0,9,0
14182,3,0,139,42,14,1,0,9,0
14183,3,0,139,43,14,1,0,9,0
14184,3,0,139,44,14,0,0,9,0
14185,3,0,139,45,14,0,0,9,0
14186,3,0,139,46,14,1,0,9,0
14187,3,0,139,47,14,0,0,9,0
14188,3,0,139,48,14,0,0,9,0
14189,3,0,139,49,14,2,0,9,0
14190,3,0,139,50,14,1,0,9,0
14191,3,0,139,51,14,0,0,9,0
14192,3,0,139,52,14,2,0,9,0
14193,3,0,139,53,14,2,0,9,0
14194,3,0,139,54,14,0,0,9,0
14195,3,0,139,55,14,0,0,9,0
14196,3,0,139,56,14,1,0,9,0
14197,3,0,139,57,14,0,0,9,0
14198,3,0,139,58,14,0,0,9,0
14199,3,0,139,59,14,1,0,9,0
14200,3,0,139,60,14,1,0,9,0
14201,3,0,139,61,14,0,0,9,0
14202,3,0,139,62,14,2,0,9,0
14203,3,0,139,63,14,1,0,9,0
14204,3,0,139,64,14,0,0,9,0
14205,3,0,139,65,14,0,0,9,0
14206,3,0,139,66,14,2,0,9,0
14207,3,0,139,67,14,0,0,9,0
14208,3,0,139,68,14,0,0,9,0
14209,3,0,139,69,14,1,0,9,0
14210,3,0,139,70,14,2,0,9,0
14211,3,0,139,71,14,0,0,9,0
14212,3,0,139,72,14,1,0,9,0
14213,3,0,139,73,14,1,0,9,1
14214,3,0,139,74,14,0,0,9,0
14215,3,0,139,75,14,0,0,9,0
14216,3,0,139,76,14,1,0,9,0
14217,3,0,139,77,14,0,0,9,0
14218,3,0,139,78,14,0,0,9,0
14219,3,0,139,79,14,2,0,9,0
14220,3,0,139,80,14,1,0,9,0
14221,3,0,139,81,14,0,0,9,0
14222,3,0,139,82,14,1,0,9,0
14223,3,0,139,83,14,2,0,9,0
14224,3,0,139,84,14,0,0,9,0
14225,3,0,139,85,14,0,0,9,0
14226,3,0,139,86,14,1,0,9,1
14227,3,0,139,87,14,0,0,9,0
14228,3,0,139,88,14,0,0,9,0
14229,3,0,139,89,14,1,0,9,0
14230,3,0,139,90,14,1,0,9,0
14231,3,0,139,91,14,0,0,9,0
14232,3,0,139,92,14,2,0,9,0
14233,3,0,139,93,14,1,0,9,0
14234,3,0,139,94,14,0,0,9,0
14235,3,0,139,95,14,0,0,9,0
14236,3,0,139,96,14,2,0,9,0
14237,3,0,139,97,14,0,0,9,0
14238,3,0,139,98,14,0,0,9,0
14239,3,0,139,99,14,1,0,9,1
14240,2,0,140,99,14,1,0,0,0
14241,3,0,140,0,14,2,1,0,0
14242,3,0,140,1,14,0,1,0,0
14243,3,0,140,2,14,1,1,0,0
14244,3,0,140,3,14,1,1,0,0
14245,3,0,140,4,14,0,1,0,0
14246,3,0,140,5,14,0,1,0,0
14247,3,0,140,6,14,1,1,0,1
14248,3,0,140,7,14,0,1,0,0
14249,3,0,140,8,14,0,1,0,0
14250,3,0,140,9,14,2,1,0,0
14251,3,0,140,10,14,2,1,0,0
14252,3,0,140,11,14,0,1,0,0
14253,3,0,140,12,14,1,1,0,0
14254,3,0,140,13,14,2,1,0,0
14255,3,0,140,14,14,0,1,0,0
14256,3,0,140,15,14,0,1,0,0
14257,3,0,140,16,14,1,1,0,0
14258,3,0,140,17,14,0,1,0,0
14259,3,0,140,18,14,0,1,0,0
14260,3,0,140,19,14,1,1,0,1
14261,3,0,140,20,14,1,1,0,0
14262,3,0,140,21,14,0,1,0,0
14263,3,0,140,22,14,2,1,0,0
14264,3,0,140,23,14,2,1,0,0
14265,3,0,140,24,14,0,1,0,0
14266,3,0,140,25,14,0,1,0,0
14267,3,0,140,26,14,2,1,0,0
14268,3,0,140,27,14,0,1,0,0
14269,3,0,140,28,14,0,1,0,0
14270,3,0,140,29,14,1,1,0,0
14271,3,0,140,30,14,1,1,0,0
14272,3,0,140,31,14,0,1,0,0
14273,3,0,140,32,14,1,1,0,1
14274,3,0,140,33,14,1,1,0,0
14275,3,0,140,34,14,0,1,0,0
14276,3,0,140,35,14,0,1,0,0
14277,3,0,140,36,14,2,1,0,0
14278,3,0,140,37,14,0,1,0,0
14279,3,0,140,38,14,0,1,0,0
14280,3,0,140,39,14,2,1,0,0
14281,3,0,140,40,14,2,1,0,0
14282,3,0,140,41,14,0,1,0,0
14283,3,0,140,42,14,1,1,0,0
14284,3,0,140,43,14,1,1,0,0
14285,3,0,140,44,14,0,1,0,0
14286,3,0,140,45,14,0,1,0,0
14287,3,0,140,46,14,1,1,0,0
14288,3,0,140,47,14,0,1,0,0
14289,3,0,140,48,14,0,1,0,0
14290,3,0,140,49,14,2,1,0,0
14291,3,0,140,50,14,1,1,0,0
14292,3,0,140,51,14,0,1,0,0
14293,3,0,140,52,14,2,1,0,0
14294,3,0,140,53,14,2,1,0,0
14295,3,0,140,54,14,0,1,0,0
14296,3,0,140,55,14,0,1,0,0
14297,3,0,140,56,14,1,1,0,0
14298,3,0,140,57,14,0,1,0,0
14299,3,0,140,58,14,0,1,0,0
14300,3,0,140,59,14,1,1,0,0
14301,3,0,140,60,14,1,1,0,0
14302,3,0,140,61,14,0,1,0,0
14303,3,0,140,62,14,2,1,0,0
14304,3,0,140,63,14,1,1,0,0
14305,3,0,140,64,14,0,1,0,0
14306,3,0,140,65,14,0,1,0,0
14307,3,0,140,66,14,2,1,0,0
14308,3,0,140,67,14,0,1,0,0
14309,3,0,140,68,14,0,1,0,0
14310,3,0,140,69,14,1,1,0,0
14311,3,0,140,70,14,2,1,0,0
14312,3,0,140,71,14,0,1,0,0
14313,3,0,140,72,14,1,1,0,0
14314,3,0,140,73,14,1,1,0,0
14315,3,0,140,74,14,0,1,0,0
14316,3,0,140,75,14,0,1,0,0
14317,3,0,140,76,14,1,1,0,0
14318,3,0,140,77,14,0,1,0,0
14319,3,0,140,78,14,0,1,0,0
14320,3,0,140,79,14,2,1,0,0
14321,3,0,140,80,14,1,1,0,1
14322,3,0,140,81,14,0,1,0,0
14323,3,0,140,82,14,1,1,0,0
14324,3,0,140,83,14,2,1,0,0
14325,3,0,140,84,14,0,1,0,0
14326,3,0,140,85,14,0,1,0,0
14327,3,0,140,86,14,1,1,0,0
14328,3,0,140,87,14,0,1,0,0
14329,3,0,140,88,14,0,1,0,0
14330,3,0,140,89,14,1,1,0,0
14331,3,0,140,90,14,1,1,0,0
14332,3,0,140,91,14,0,1,0,0
14333,3,0,140,92,14,2,1,0,0
14334,3,0,140,93,14,1,1,0,1
14335,3,0,140,94,14,0,1,0,0
14336,3,0,140,95,14,0,1,0,0
14337,3,0,140,96,14,2,1,0,0
14338,3,0,140,97,14,0,1,0,0
14339,3,0,140,98,14,0,1,0,0
14340,3,0,140,99,14,1,1,0,0
14341,2,0,141,99,15,1,1,1,0
14342,3,0,141,0,15,2,0,1,1
14343,3,0,141,1,15,0,0,1,0
14344,3,0,141,2,15,1,0,1,0
14345,3,0,141,3,15,1,0,1,0
14346,3,0,141,4,15,0,0,1,0
14347,3,0,141,5,15,0,0,1,0
14348,3,0,141,6,15,2,0,1,0
14349,3,0,141,7,15,0,0,1,0
14350,3,0,141,8,15,0,0,1,0
14351,3,0,141,9,15,2,0,1,0
14352,3,0,141,10,15,2,0,1,0
14353,3,0,141,11,15,0,0,1,0
14354,3,0,141,12,15,1,0,1,0
14355,3,0,141,13,15,2,0,1,1
14356,3,0,141,14,15,0,0,1,0
14357,3,0,141,15,15,0,0,1,0
14358,3,0,141,16,15,1,0,1,0
14359,3,0,141,17,15,0,0,1,0
14360,3,0,141,18,15,0,0,1,0
14361,3,0,141,19,15,2,0,1,0
14362,3,0,141,20,15,1,0,1,0
14363,3,0,141,21,15,0,0,1,0
14364,3,0,141,22,15,2,0,1,0
14365,3,0,141,23,15,2,0,1,0
14366,3,0,141,24,15,0,0,1,0
14367,3,0,141,25,15,0,0,1,0
14368,3,0,141,26,15,2,0,1,1
14369,3,0,141,27,15,0,0,1,0
14370,3,0,141,28,15,0,0,1,0
14371,3,0,141,29,15,1,0,1,0
14372,3,0,141,30,15,1,0,1,0
14373,3,0,141,31,15,0,0,1,0
14374,3,0,141,32,15,2,0,1,0
14375,3,0,141,33,15,1,0,1,0
14376,3,0,141,34,15,0,0,1,0
14377,3,0,141,35,15,0,0,1,0
14378,3,0,141,36,15,2,0,1,0
14379,3,0,141,37,15,0,0,1,0
14380,3,0,141,38,15,0,0,1,0
14381,3,0,141,39,15,2,0,1,1
14382,3,0,141,40,15,2,0,1,0
14383,3,0,141,41,15,0,0,1,0
14384,3,0,141,42,15,1,0,1,0
14385,3,0,141,43,15,1,0,1,0
14386,3,0,141,44,15,0,0,1,0
14387,3,0,141,45,15,0,0,1,0
14388,3,0,141,46,15,1,0,1,0
14389,3,0,141,47,15,0,0,1,0
14390,3,0,141,48,15,0,0,1,0
14391,3,0,141,49,15,2,0,1,0
14392,3,0,141,50,15,1,0,1,0
14393,3,0,141,51,15,0,0,1,0
14394,3,0,141,52,15,2,0,1,0
14395,3,0,141,53,15,2,0,1,0
14396,3,0,141,54,15,0,0,1,0
14397,3,0,141,55,15,0,0,1,0
14398,3,0,141,56,15,1,0,1,0
14399,3,0,141,57,15,0,0,1,0
14400,3,0,141,58,15,0,0,1,0
14401,3,0,141,59,15,1,0,1,0
14402,3,0,141,60,15,1,0,1,0
14403,3,0,141,61,15,0,0,1,0
14404,3,0,141,62,15,2,0,1,0
14405,3,0,141,63,15,1,0,1,0
14406,3,0,141,64,15,0,0,1,0
14407,3,0,141,65,15,0,0,1,0
14408,3,0,141,66,15,2,0,1,0
14409,3,0,141,67,15,0,0,1,0
14410,3,0,141,68,15,0,0,1,0
14411,3,0,141,69,15,1,0,1,0
14412,3,0,141,70,15,2,0,1,0
14413,3,0,141,71,15,0,0,1,0
14414,3,0,141,72,15,1,0,1,0
14415,3,0,141,73,15,1,0,1,0
14416,3,0,141,74,15,0,0,1,0
14417,3,0,141,75,15,0,0,1,0
14418,3,0,141,76,15,1,0,1,0
14419,3,0,141,77,15,0,0,1,0
14420,3,0,141,78,15,0,0,1,0
14421,3,0,141,79,15,2,0,1,0
14422,3,0,141,80,15,2,0,1,0
14423,3,0,141,81,15,0,0,1,0
14424,3,0,141,82,15,1,0,1,0
14425,3,0,141,83,15,2,0,1,0
14426,3,0,141,84,15,0,0,1,0
14427,3,0,141,85,15,0,0,1,0
14428,3,0,141,86,15,1,0,1,0
14429,3,0,141,87,15,0,0,1,1
14430,3,0,141,88,15,0,0,1,0
14431,3,0,141,89,15,1,0,1,0
14432,3,0,141,90,15,1,0,1,0
14433,3,0,141,91,15,0,0,1,0
14434,3,0,141,92,15,2,0,1,0
14435,3,0,141,93,15,2,0,1,0
14436,3,0,141,94,15,0,0,1,0
14437,3,0,141,95,15,0,0,1,0
14438,3,0,141,96,15,2,0,1,0
14439,3,0,141,97,15,0,0,1,0
14440,3,0,141,98,15,0,0,1,0
14441,3,0,141,99,15,1,0,1,0
14442,2,0,142,99,15,1,0,2,0
14443,3,0,142,0,15,2,0,2,0
14444,3,0,142,1,15,0,0,2,0
14445,3,0,142,2,15,1,0,2,0
14446,3,0,142,3,15,1,0,2,0
14447,3,0,142,4,15,0,0,2,0
14448,3,0,142,5,15,0,0,2,0
14449,3,0,142,6,15,2,0,2,0
14450,3,0,142,7,15,0,0,2,1
14451,3,0,142,8,15,0,0,2,0
14452,3,0,142,9,15,2,0,2,0
14453,3,0,142,10,15,2,0,2,0
14454,3,0,142,11,15,0,0,2,0
14455,3,0,142,12,15,1,0,2,0
14456,3,0,142,13,15,2,0,2,0
14457,3,0,142,14,15,0,0,2,0
14458,3,0,142,15,15,0,0,2,0
14459,3,0,142,16,15,1,0,2,0
14460,3,0,142,17,15,0,0,2,0
14461,3,0,142,18,15,0,0,2,0
14462,3,0,142,19,15,2,0,2,0
14463,3,0,142,20,15,1,0,2,1
14464,3,0,142,21,15,0,0,2,0
14465,3,0,142,22,15,2,0,2,0
14466,3,0,142,23,15,2,0,2,0
14467,3,0,142,24,15,0,0,2,0
14468,3,0,142,25,15,0,0,2,0
14469,3,0,142,26,15,2,0,2,0
14470,3,0,142,27,15,0,0,2,0
14471,3,0,142,28,15,0,0,2,0
14472,3,0,142,29,15,1,0,2,0
14473,3,0,142,30,15,1,0,2,0
14474,3,0,142,31,15,0,0,2,0
14475,3,0,142,32,15,2,0,2,0
14476,3,0,142,33,15,1,0,2,1
14477,3,0,142,34,15,0,0,2,0
14478,3,0,142,35,15,0,0,2,0
14479,3,0,142,36,15,2,0,2,0
14480,3,0,142,37,15,0,0,2,0
14481,3,0,142,38,15,0,0,2,0
14482,3,0,142,39,15,2,0,2,0
14483,3,0,142,40,15,2,0,2,0
14484,3,0,142,41,15,0,0,2,0
14485,3,0,142,42,15,1,0,2,0
14486,3,0,142,43,15,1,0,2,0
14487,3,0,142,44,15,0,0,2,0
14488,3,0,142,45,15,0,0,2,0
14489,3,0,142,46,15,1,0,2,1
14490,3,0,142,47,15,0,0,2,0
14491,3,0,142,48,15,0,0,2,0
14492,3,0,142,49,15,2,0,2,0
14493,3,0,142,50,15,1,0,2,0
14494,3,0,142,51,15,0,0,2,0
14495,3,0,142,52,15,2,0,2,0
14496,3,0,142,53,15,2,0,2,0
14497,3,0,142,54,15,0,0,2,0
14498,3,0,142,55,15,0,0,2,0
14499,3,0,142,56,15,1,0,2,0
14500,3,0,142,57,15,0,0,2,0
14501,3,0,142,58,15,0,0,2,0
14502,3,0,142,59,15,1,0,2,0
14503,3,0,142,60,15,1,0,2,0
14504,3,0,142,61,15,0,0,2,0
14505,3,0,142,62,15,2,0,2,0
14506,3,0,142,63,15,1,0,2,0
14507,3,0,142,64,15,0,0,2,0
14508,3,0,142,65,15,0,0,2,0
14509,3,0,142,66,15,2,0,2,0
14510,3,0,142,67,15,0,0,2,0
14511,3,0,142,68,15,0,0,2,0
14512,3,0,142,69,15,1,0,2,0
14513,3,0,142,70,15,2,0,2,0
14514,3,0,142,71,15,0,0,2,0
14515,3,0,142,72,15,1,0,2,0
14516,3,0,142,73,15,1,0,2,0
14517,3,0,142,74,15,0,0,2,0
14518,3,0,142,75,15,0,0,2,0
14519,3,0,142,76,15,1,0,2,0
14520,3,0,142,77,15,0,0,2,0
14521,3,0,142,78,15,0,0,2,0
14522,3,0,142,79,15,2,0,2,0
14523,3,0,142,80,15,2,0,2,0
14524,3,0,142,81,15,0,0,2,0
14525,3,0,142,82,15,1,0,2,0
14526,3,0,142,83,15,2,0,2,0
14527,3,0,142,84,15,0,0,2,0
14528,3,0,142,85,15,0,0,2,0
14529,3,0,142,86,15,1,0,2,0
14530,3,0,142,87,15,0,0,2,0
14531,3,0,142,88,15,0,0,2,0
14532,3,0,142,89,15,1,0,2,0
14533,3,0,142,90,15,1,0,2,0
14534,3,0,142,91,15,0,0,2,0
14535,3,0,142,92,15,2,0,2,0
14536,3,0,142,93,15,2,0,2,0
14537,3,0,142,94,15,0,0,2,1
14538,3,0,142,95,15,0,0,2,0
14539,3,0,142,96,15,2,0,2,0
14540,3,0,142,97,15,0,0,2,0
14541,3,0,142,98,15,0,0,2,0
14542,3,0,142,99,15,1,0,2,0
14543,2,0,143,99,15,1,0,3,0
14544,3,0,143,0,15,2,0,3,0
14545,3,0,143,1,15,0,0,3,1
14546,3,0,143,2,15,1,0,3,0
14547,3,0,143,3,15,1,0,3,0
14548,3,0,143,4,15,0,0,3,0
14549,3,0,143,5,15,0,0,3,0
14550,3,0,143,6,15,2,0,3,0
14551,3,0,143,7,15,0,0,3,0
14552,3,0,143,8,15,0,0,3,0
14553,3,0,143,9,15,2,0,3,0
14554,3,0,143,10,15,2,0,3,0
14555,3,0,143,11,15,0,0,3,0
14556,3,0,143,12,15,1,0,3,0
14557,3,0,143,13,15,2,0,3,0
14558,3,0,143,14,15,0,0,3,1
14559,3,0,143,15,15,0,0,3,0
14560,3,0,143,16,15,1,0,3,0
14561,3,0,143,17,15,0,0,3,0
14562,3,0,143,18,15,0,0,3,0
14563,3,0,143,19,15,2,0,3,0
14564,3,0,143,20,15,1,0,3,0
14565,3,0,143,21,15,0,0,3,0
14566,3,0,143,22,15,2,0,3,0
14567,3,0,143,23,15,2,0,3,0
14568,3,0,143,24,15,0,0,3,0
14569,3,0,143,25,15,0,0,3,0
14570,3,0,143,26,15,2,0,3,0
14571,3,0,143,27,15,0,0,3,1
14572,3,0,143,28,15,0,0,3,0
14573,3,0,143,29,15,1,0,3,0
14574,3,0,143,30,15,1,0,3,0
14575,3,0,143,31,15,0,0,3,0
14576,3,0,143,32,15,2,0,3,0
14577,3,0,143,33,15,1,0,3,0
14578,3,0,143,34,15,0,0,3,0
14579,3,0,143,35,15,0,0,3,0
14580,3,0,143,36,15,2,0,3,0
14581,3,0,143,37,15,0,0,3,0
14582,3,0,143,38,15,0,0,3,0
14583,3,0,143,39,15,2,0,3,0
14584,3,0,143,40,15,2,0,3,1
14585,3,0,143,41,15,0,0,3,0
14586,3,0,143,42,15,1,0,3,0
14587,3,0,143,43,15,1,0,3,0
14588,3,0,143,44,15,0,0,3,0
14589,3,0,143,45,15,0,0,3,0
14590,3,0,143,46,15,1,0,3,0
14591,3,0,143,47,15,0,0,3,0
14592,3,0,143,48,15,0,0,3,0
14593,3,0,143,49,15,2,0,3,0
14594,3,0,143,50,15,1,0,3,0
14595,3,0,143,51,15,0,0,3,0
14596,3,0,143,52,15,2,0,3,0
14597,3,0,143,53,15,2,0,3,1
14598,3,0,143,54,15,0,0,3,0
14599,3,0,143,55,15,0,0,3,0
14600,3,0,143,56,15,1,0,3,0
14601,3,0,143,57,15,0,0,3,0
14602,3,0,143,58,15,0,0,3,0
14603,3,0,143,59,15,1,0,3,0
14604,3,0,143,60,15,1,0,3,0
14605,3,0,143,61,15,0,0,3,0
14606,3,0,143,62,15,2,0,3,0
14607,3,0,143,63,15,1,0,3,0
14608,3,0,143,64,15,0,0,3,0
14609,3,0,143,65,15,0,0,3,0
14610,3,0,143,66,15,2,0,3,0
14611,3,0,143,67,15,0,0,3,0
14612,3,0,143,68,15,0,0,3,0
14613,3,0,143,69,15,1,0,3,0
14614,3,0,143,70,15,2,0,3,0
14615,3,0,143,71,15,0,0,3,0
14616,3,0,143,72,15,1,0,3,0
14617,3,0,143,73,15,1,0,3,0
14618,3,0,143,74,15,0,0,3,0
14619,3,0,143,75,15,0,0,3,0
14620,3,0,143,76,15,1,0,3,0
14621,3,0,143,77,15,0,0,3,0
14622,3,0,143,78,15,0,0,3,0
14623,3,0,143,79,15,2,0,3,0
14624,3,0,143,80,15,2,0,3,0
14625,3,0,143,81,15,0,0,3,0
14626,3,0,143,82,15,1,0,3,0
14627,3,0,143,83,15,2,0,3,0
14628,3,0,143,84,15,0,0,3,0
14629,3,0,143,85,15,0,0,3,0
14630,3,0,143,86,15,1,0,3,0
14631,3,0,143,87,15,0,0,3,0
14632,3,0,143,88,15,0,0,3,0
14633,3,0,143,89,15,1,0,3,0
14634,3,0,143,90,15,1,0,3,0
14635,3,0,143,91,15,0,0,3,0
14636,3,0,143,92,15,2,0,3,0
14637,3,0,143,93,15,2,0,3,0
14638,3,0,143,94,15,0,0,3,0
14639,3,0,143,95,15,0,0,3,0
14640,3,0,143,96,15,2,0,3,0
14641,3,0,143,97,15,0,0,3,0
14642,3,0,143,98,15,0,0,3,0
14643,3,0,143,99,15,1,0,3,0
14644,2,0,144,99,15,1,0,4,0
14645,3,0,144,0,15,2,0,4,0
14646,3,0,144,1,15,0,0,4,0
14647,3,0,144,2,15,1,0,4,0
14648,3,0,144,3,15,1,0,4,0
14649,3,0,144,4,15,0,0,4,0
14650,3,0,144,5,15,0,0,4,0
14651,3,0,144,6,15,2,0,4,0
14652,3,0,144,7,15,0,0,4,0
14653,3,0,144,8,15,0,0,4,1
14654,3,0,144,9,15,2,0,4,0
14655,3,0,144,10,15,2,0,4,0
14656,3,0,144,11,15,0,0,4,0
14657,3,0,144,12,15,1,0,4,0
14658,3,0,144,13,15,2,0,4,0
14659,3,0,144,14,15,0,0,4,0
14660,3,0,144,15,15,0,0,4,0
14661,3,0,144,16,15,1,0,4,0
14662,3,0,144,17,15,0,0,4,0
14663,3,0,144,18,15,0,0,4,0
14664,3,0,144,19,15,2,0,4,0
14665,3,0,144,20,15,1,0,4,0
14666,3,0,144,21,15,0,0,4,1
14667,3,0,144,22,15,2,0,4,0
14668,3,0,144,23,15,2,0,4,0
14669,3,0,144,24,15,0,0,4,0
14670,3,0,144,25,15,0,0,4,0
14671,3,0,144,26,15,2,0,4,0
14672,3,0,144,27,15,0,0,4,0
14673,3,0,144,28,15,0,0,4,0
14674,3,0,144,29,15,1,0,4,0
14675,3,0,144,30,15,1,0,4,0
14676,3,0,144,31,15,0,0,4,0
14677,3,0,144,32,15,2,0,4,0
14678,3,0,144,33,15,1,0,4,0
14679,3,0,144,34,15,0,0,4,1
14680,3,0,144,35,15,0,0,4,0
14681,3,0,144,36,15,2,0,4,0
14682,3,0,144,37,15,0,0,4,0
14683,3,0,144,38,15,0,0,4,0
14684,3,0,144,39,15,2,0,4,0
14685,3,0,144,40,15,2,0,4,0
14686,3,0,144,41,15,0,0,4,0
14687,3,0,144,42,15,1,0,4,0
14688,3,0,144,43,15,1,0,4,0
14689,3,0,144,44,15,0,0,4,0
14690,3,0,144,45,15,0,0,4,0
14691,3,0,144,46,15,1,0,4,0
14692,3,0,144,47,15,0,0,4,1
14693,3,0,144,48,15,0,0,4,0
14694,3,0,144,49,15,2,0,4,0
14695,3,0,144,50,15,1,0,4,0
14696,3,0,144,51,15,0,0,4,0
14697,3,0,144,52,15,2,0,4,0
14698,3,0,144,53,15,2,0,4,0
14699,3,0,144,54,15,0,0,4,0
14700,3,0,144,55,15,0,0,4,0
14701,3,0,144,56,15,1,0,4,0
14702,3,0,144,57,15,0,0,4,0
14703,3,0,144,58,15,0,0,4,0
14704,3,0,144,59,15,1,0,4,0
14705,3,0,144,60,15,1,0,4,1
14706,3,0,144,61,15,0,0,4,0
14707,3,0,144,62,15,2,0,4,0
14708,3,0,144,63,15,1,0,4,0
14709,3,0,144,64,15,0,0,4,0
14710,3,0,144,65,15,0,0,4,0
14711,3,0,144,66,15,2,0,4,0
14712,3,0,144,67,15,0,0,4,0
14713,3,0,144,68,15,0,0,4,0
14714,3,0,144,69,15,1,0,4,0
14715,3,0,144,70,15,2,0,4,0
14716,3,0,144,71,15,0,0,4,0
14717,3,0,144,72,15,1,0,4,0
14718,3,0,144,73,15,1,0,4,0
14719,3,0,144,74,15,0,0,4,0
14720,3,0,144,75,15,0,0,4,0
14721,3,0,144,76,15,1,0,4,0
14722,3,0,144,77,15,0,0,4,0
14723,3,0,144,78,15,0,0,4,0
14724,3,0,144,79,15,2,0,4,0
14725,3,0,144,80,15,2,0,4,0
14726,3,0,144,81,15,0,0,4,0
14727,3,0,144,82,15,1,0,4,0
14728,3,0,144,83,15,2,0,4,0
14729,3,0,144,84,15,0,0,4,0
14730,3,0,144,85,15,0,0,4,0
14731,3,0,144,86,15,1,0,4,0
14732,3,0,144,87,15,0,0,4,0
14733,3,0,144,88,15,0,0,4,0
14734,3,0,144,89,15,1,0,4,0
14735,3,0,144,90,15,1,0,4,0
14736,3,0,144,91,15,0,0,4,0
14737,3,0,144,92,15,2,0,4,0
14738,3,0,144,93,15,2,0,4,0
14739,3,0,144,94,15,0,0,4,0
14740,3,0,144,95,15,0,0,4,0
14741,3,0,144,96,15,2,0,4,0
14742,3,0,144,97,15,0,0,4,0
14743,3,0,144,98,15,0,0,4,0
14744,3,0,144,99,15,1,0,4,0
14745,2,0,145,99,15,1,0,5,0
14746,3,0,145,0,15,2,0,5,0
14747,3,0,145,1,15,0,0,5,0
14748,3,0,145,2,15,1,0,5,0
14749,3,0,145,3,15,1,0,5,0
14750,3,0,145,4,15,0,0,5,0
14751,3,0,145,5,15,0,0,5,0
14752,3,0,145,6,15,2,0,5,0
14753,3,0,145,7,15,0,0,5,0
14754,3,0,145,8,15,0,0,5,0
14755,3,0,145,9,15,2,0,5,0
14756,3,0,145,10,15,2,0,5,0
14757,3,0,145,11,15,0,0,5,0
14758,3,0,145,12,15,1,0,5,0
14759,3,0,145,13,15,2,0,5,0
14760,3,0,145,14,15,0,0,5,0
14761,3,0,145,15,15,0,0,5,1
14762,3,0,145,16,15,1,0,5,0
14763,3,0,145,17,15,0,0,5,0
14764,3,0,145,18,15,0,0,5,0
14765,3,0,145,19,15,2,0,5,0
14766,3,0,145,20,15,1,0,5,0
14767,3,0,145,21,15,0,0,5,0
14768,3,0,145,22,15,2,0,5,0
14769,3,0,145,23,15,2,0,5,0
14770,3,0,145,24,15,0,0,5,0
14771,3,0,145,25,15,0,0,5,0
14772,3,0,145,26,15,2,0,5,0
14773,3,0,145,27,15,0,0,5,0
14774,3,0,145,28,15,0,0,5,1
14775,3,0,145,29,15,1,0,5,0
14776,3,0,145,30,15,1,0,5,0
14777,3,0,145,31,15,0,0,5,0
14778,3,0,145,32,15,2,0,5,0
14779,3,0,145,33,15,1,0,5,0
14780,3,0,145,34,15,0,0,5,0
14781,3,0,145,35,15,0,0,5,0
14782,3,0,145,36,15,2,0,5,0
14783,3,0,145,37,15,0,0,5,0
14784,3,0,145,38,15,0,0,5,0
14785,3,0,145,39,15,2,0,5,0
14786,3,0,145,40,15,2,0,5,0
14787,3,0,145,41,15,0,0,5,1
14788,3,0,145,42,15,1,0,5,0
14789,3,0,145,43,15,1,0,5,0
14790,3,0,145,44,15,0,0,5,0
14791,3,0,145,45,15,0,0,5,0
14792,3,0,145,46,15,1,0,5,0
14793,3,0,145,47,15,0,0,5,0
14794,3,0,145,48,15,0,0,5,0
14795,3,0,145,49,15,2,0,5,0
14796,3,0,145,50,15,1,0,5,0
14797,3,0,145,51,15,0,0,5,0
14798,3,0,145,52,15,2,0,5,0
14799,3,0,145,53,15,2,0,5,0
14800,3,0,145,54,15,0,0,5,1
14801,3,0,145,55,15,0,0,5,0
14802,3,0,145,56,15,1,0,5,0
14803,3,0,145,57,15,0,0,5,0
14804,3,0,145,58,15,0,0,5,0
14805,3,0,145,59,15,1,0,5,0
14806,3,0,145,60,15,1,0,5,0
14807,3,0,145,61,15,0,0,5,0
14808,3,0,145,62,15,2,0,5,0
14809,3,0,145,63,15,1,0,5,0
14810,3,0,145,64,15,0,0,5,0
14811,3,0,145,65,15,0,0,5,0
14812,3,0,145,66,15,2,0,5,0
14813,3,0,145,67,15,0,0,5,1
14814,3,0,145,68,15,0,0,5,0
14815,3,0,145,69,15,1,0,5,0
14816,3,0,145,70,15,2,0,5,0
14817,3,0,145,71,15,0,0,5,0
14818,3,0,145,72,15,1,0,5,0
14819,3,0,145,73,15,1,0,5,0
14820,3,0,145,74,15,0,0,5,0
14821,3,0,145,75,15,0,0,5,0
14822,3,0,145,76,15,1,0,5,0
14823,3,0,145,77,15,0,0,5,0
14824,3,0,145,78,15,0,0,5,0
14825,3,0,145,79,15,2,0,5,0
14826,3,0,145,80,15,2,0,5,0
14827,3,0,145,81,15,0,0,5,0
14828,3,0,145,82,15,1,0,5,0
14829,3,0,145,83,15,2,0,5,0
14830,3,0,145,84,15,0,0,5,0
14831,3,0,145,85,15,0,0,5,0
14832,3,0,145,86,15,1,0,5,0
14833,3,0,145,87,15,0,0,5,0
14834,3,0,145,88,15,0,0,5,0
14835,3,0,145,89,15,1,0,5,0
14836,3,0,145,90,15,1,0,5,0
14837,3,0,145,91,15,0,0,5,0
14838,3,0,145,92,15,2,0,5,0
14839,3,0,145,93,15,2,0,5,0
14840,3,0,145,94,15,0,0,5,0
14841,3,0,145,95,15,0,0,5,0
14842,3,0,145,96,15,2,0,5,0
14843,3,0,145,97,15,0,0,5,0
14844,3,0,145,98,15,0,0,5,0
14845,3,0,145,99,15,1,0,5,0
14846,2,0,146,99,15,1,0,6,0
14847,3,0,146,0,15,2,0,6,0
14848,3,0,146,1,15,0,0,6,0
14849,3,0,146,2,15,1,0,6,0
14850,3,0,146,3,15,1,0,6,0
14851,3,0,146,4,15,0,0,6,0
14852,3,0,146,5,15,0,0,6,0
14853,3,0,146,6,15,2,0,6,0
14854,3,0,146,7,15,0,0,6,0
14855,3,0,146,8,15,0,0,6,0
14856,3,0,146,9,15,2,0,6,0
14857,3,0,146,10,15,2,0,6,0
14858,3,0,146,11,15,0,0,6,0
14859,3,0,146,12,15,1,0,6,0
14860,3,0,146,13,15,2,0,6,0
14861,3,0,146,14,15,0,0,6,0
14862,3,0,146,15,15,0,0,6,0
14863,3,0,146,16,15,1,0,6,0
14864,3,0,146,17,15,0,0,6,0
14865,3,0,146,18,15,0,0,6,0
14866,3,0,146,19,15,2,0,6,0
14867,3,0,146,20,15,1,0,6,0
14868,3,0,146,21,15,0,0,6,0
14869,3,0,146,22,15,2,0,6,1
14870,3,0,146,23,15,2,0,6,0
14871,3,0,146,24,15,0,0,6,0
14872,3,0,146,25,15,0,0,6,0
14873,3,0,146,26,15,2,0,6,0
14874,3,0,146,27,15,0,0,6,0
14875,3,0,146,28,15,0,0,6,0
14876,3,0,146,29,15,1,0,6,0
14877,3,0,146,30,15,1,0,6,0
14878,3,0,146,31,15,0,0,6,0
14879,3,0,146,32,15,2,0,6,0
14880,3,0,146,33,15,1,0,6,0
14881,3,0,146,34,15,0,0,6,0
14882,3,0,146,35,15,0,0,6,1
14883,3,0,146,36,15,2,0,6,0
14884,3,0,146,37,15,0,0,6,0
14885,3,0,146,38,15,0,0,6,0
14886,3,0,146,39,15,2,0,6,0
14887,3,0,146,40,15,2,0,6,0
14888,3,0,146,41,15,0,0,6,0
14889,3,0,146,42,15,1,0,6,0
14890,3,0,146,43,15,1,0,6,0
14891,3,0,146,44,15,0,0,6,0
14892,3,0,146,45,15,0,0,6,0
14893,3,0,146,46,15,1,0,6,0
14894,3,0,146,47,15,0,0,6,0
14895,3,0,146,48,15,0,0,6,1
14896,3,0,146,49,15,2,0,6,0
14897,3,0,146,50,15,1,0,6,0
14898,3,0,146,51,15,0,0,6,0
14899,3,0,146,52,15,2,0,6,0
14900,3,0,146,53,15,2,0,6,0
14901,3,0,146,54,15,0,0,6,0
14902,3,0,146,55,15,0,0,6,0
14903,3,0,146,56,15,1,0,6,0
14904,3,0,146,57,15,0,0,6,0
14905,3,0,146,58,15,0,0,6,0
14906,3,0,146,59,15,1,0,6,0
14907,3,0,146,60,15,1,0,6,0
14908,3,0,146,61,15,0,0,6,1
14909,3,0,146,62,15,2,0,6,0
14910,3,0,146,63,15,1,0,6,0
14911,3,0,146,64,15,0,0,6,0
14912,3,0,146,65,15,0,0,6,0
14913,3,0,146,66,15,2,0,6,0
14914,3,0,146,67,15,0,0,6,0
14915,3,0,146,68,15,0,0,6,0
14916,3,0,146,69,15,1,0,6,0
14917,3,0,146,70,15,2,0,6,0
14918,3,0,146,71,15,0,0,6,0
14919,3,0,146,72,15,1,0,6,0
14920,3,0,146,73,15,1,0,6,0
14921,3,0,146,74,15,0,0,6,1
14922,3,0,146,75,15,0,0,6,0
14923,3,0,146,76,15,1,0,6,0
14924,3,0,146,77,15,0,0,6,0
14925,3,0,146,78,15,0,0,6,0
14926,3,0,146,79,15,2,0,6,0
14927,3,0,146,80,15,2,0,6,0
14928,3,0,146,81,15,0,0,6,0
14929,3,0,146,82,15,1,0,6,0
14930,3,0,146,83,15,2,0,6,0
14931,3,0,146,84,15,0,0,6,0
14932,3,0,146,85,15,0,0,6,0
14933,3,0,146,86,15,1,0,6,0
14934,3,0,146,87,15,0,0,6,0
14935,3,0,146,88,15,0,0,6,0
14936,3,0,146,89,15,1,0,6,0
14937,3,0,146,90,15,1,0,6,0
14938,3,0,146,91,15,0,0,6,0
14939,3,0,146,92,15,2,0,6,0
14940,3,0,146,93,15,2,0,6,0
14941,3,0,146,94,15,0,0,6,0
14942,3,0,146,95,15,0,0,6,0
14943,3,0,146,96,15,2,0,6,0
14944,3,0,146,97,15,0,0,6,0
14945,3,0,146,98,15,0,0,6,0
14946,3,0,146,99,15,1,0,6,0
14947,2,0,147,99,15,1,0,7,0
14948,3,0,147,0,15,2,0,7,0
14949,3,0,147,1,15,0,0,7,0
14950,3,0,147,2,15,1,0,7,0
14951,3,0,147,3,15,1,0,7,0
14952,3,0,147,4,15,0,0,7,0
14953,3,0,147,5,15,0,0,7,0
14954,3,0,147,6,15,2,0,7,0
14955,3,0,147,7,15,0,0,7,0
14956,3,0,147,8,15,0,0,7,0
14957,3,0,147,9,15,2,0,7,0
14958,3,0,147,10,15,2,0,7,0
14959,3,0,147,11,15,0,0,7,0
14960,3,0,147,12,15,1,0,7,0
14961,3,0,147,13,15,2,0,7,0
14962,3,0,147,14,15,0,0,7,0
14963,3,0,147,15,15,0,0,7,0
14964,3,0,147,16,15,1,0,7,0
14965,3,0,147,17,15,0,0,7,0
14966,3,0,147,18,15,0,0,7,0
14967,3,0,147,19,15,2,0,7,0
14968,3,0,147,20,15,1,0,7,0
14969,3,0,147,21,15,0,0,7,0
14970,3,0,147,22,15,2,0,7,0
14971,3,0,147,23,15,2,0,7,0
14972,3,0,147,24,15,0,0,7,0
14973,3,0,147,25,15,0,0,7,0
14974,3,0,147,26,15,2,0,7,0
14975,3,0,147,27,15,0,0,7,0
14976,3,0,147,28,15,0,0,7,0
14977,3,0,147,29,15,1,0,7,1
14978,3,0,147,30,15,1,0,7,0
14979,3,0,147,31,15,0,0,7,0
14980,3,0,147,32,15,2,0,7,0
14981,3,0,147,33,15,1,0,7,0
14982,3,0,147,34,15,0,0,7,0
14983,3,0,147,35,15,0,0,7,0
14984,3,0,147,36,15,2,0,7,0
14985,3,0,147,37,15,0,0,7,0
14986,3,0,147,38,15,0,0,7,0
14987,3,0,147,39,15,2,0,7,0
14988,3,0,147,40,15,2,0,7,0
14989,3,0,147,41,15,0,0,7,0
14990,3,0,147,42,15,1,0,7,1
14991,3,0,147,43,15,1,0,7,0
14992,3,0,147,44,15,0,0,7,0
14993,3,0,147,45,15,0,0,7,0
14994,3,0,147,46,15,1,0,7,0
14995,3,0,147,47,15,0,0,7,0
14996,3,0,147,48,15,0,0,7,0
14997,3,0,147,49,15,2,0,7,0
14998,3,0,147,50,15,1,0,7,0
14999,3,0,147,51,15,0,0,7,0
15000,3,0,147,52,15,2,0,7,0
15001,3,0,147,53,15,2,0,7,0
15002,3,0,147,54,15,0,0,7,0
15003,3,0,147,55,15,0,0,7,1
15004,3,0,147,56,15,1,0,7,0
15005,3,0,147,57,15,0,0,7,0
15006,3,0,147,58,15,0,0,7,0
15007,3,0,147,59,15,1,0,7,0
15008,3,0,147,60,15,1,0,7,0
15009,3,0,147,61,15,0,0,7,0
15010,3,0,147,62,15,2,0,7,0
15011,3,0,147,63,15,1,0,7,0
15012,3,0,147,64,15,0,0,7,0
15013,3,0,147,65,15,0,0,7,0
15014,3,0,147,66,15,2,0,7,0
15015,3,0,147,67,15,0,0,7,0
15016,3,0,147,68,15,0,0,7,1
15017,3,0,147,69,15,1,0,7,0
15018,3,0,147,70,15,2,0,7,0
15019,3,0,147,71,15,0,0,7,0
15020,3,0,147,72,15,1,0,7,0
15021,3,0,147,73,15,1,0,7,0
15022,3,0,147,74,15,0,0,7,0
15023,3,0,147,75,15,0,0,7,0
15024,3,0,147,76,15,1,0,7,0
15025,3,0,147,77,15,0,0,7,0
15026,3,0,147,78,15,0,0,7,0
15027,3,0,147,79,15,2,0,7,0
15028,3,0,147,80,15,2,0,7,0
15029,3,0,147,81,15,0,0,7,1
15030,3,0,147,82,15,1,0,7,0
15031,3,0,147,83,15,2,0,7,0
15032,3,0,147,84,15,0,0,7,0
15033,3,0,147,85,15,0,0,7,0
15034,3,0,147,86,15,1,0,7,0
15035,3,0,147,87,15,0,0,7,0
15036,3,0,147,88,15,0,0,7,0
15037,3,0,147,89,15,1,0,7,0
15038,3,0,147,90,15,1,0,7,0
15039,3,0,147,91,15,0,0,7,0
15040,3,0,147,92,15,2,0,7,0
15041,3,0,147,93,15,2,0,7,0
15042,3,0,147,94,15,0,0,7,0
15043,3,0,147,95,15,0,0,7,0
15044,3,0,147,96,15,2,0,7,0
15045,3,0,147,97,15,0,0,7,0
15046,3,0,147,98,15,0,0,7,0
15047,3,0,147,99,15,1,0,7,0
15048,2,0,148,99,15,1,0,8,0
15049,3,0,148,0,15,2,0,8,0
15050,3,0,148,1,15,0,0,8,0
15051,3,0,148,2,15,1,0,8,0
15052,3,0,148,3,15,1,0,8,0
15053,3,0,148,4,15,0,0,8,0
15054,3,0,148,5,15,0,0,8,0
15055,3,0,148,6,15,2,0,8,0
15056,3,0,148,7,15,0,0,8,0
15057,3,0,148,8,15,0,0,8,0
15058,3,0,148,9,15,2,0,8,0
15059,3,0,148,10,15,2,0,8,0
15060,3,0,148,11,15,0,0,8,0
15061,3,0,148,12,15,1,0,8,0
15062,3,0,148,13,15,2,0,8,0
15063,3,0,148,14,15,0,0,8,0
15064,3,0,148,15,15,0,0,8,0
15065,3,0,148,16,15,1,0,8,0
15066,3,0,148,17,15,0,0,8,0
15067,3,0,148,18,15,0,0,8,0
15068,3,0,148,19,15,2,0,8,0
15069,3,0,148,20,15,1,0,8,0
15070,3,0,148,21,15,0,0,8,0
15071,3,0,148,22,15,2,0,8,0
15072,3,0,148,23,15,2,0,8,0
15073,3,0,148,24,15,0,0,8,0
15074,3,0,148,25,15,0,0,8,0
15075,3,0,148,26,15,2,0,8,0
15076,3,0,148,27,15,0,0,8,0
15077,3,0,148,28,15,0,0,8,0
15078,3,0,148,29,15,1,0,8,0
15079,3,0,148,30,15,1,0,8,0
15080,3,0,148,31,15,0,0,8,0
15081,3,0,148,32,15,2,0,8,0
15082,3,0,148,33,15,1,0,8,0
15083,3,0,148,34,15,0,0,8,0
15084,3,0,148,35,15,0,0,8,0
15085,3,0,148,36,15,2,0,8,1
15086,3,0,148,37,15,0,0,8,0
15087,3,0,148,38,15,0,0,8,0
15088,3,0,148,39,15,2,0,8,0
15089,3,0,148,40,15,2,0,8,0
15090,3,0,148,41,15,0,0,8,0
15091,3,0,148,42,15,1,0,8,0
15092,3,0,148,43,15,1,0,8,0
15093,3,0,148,44,15,0,0,8,0
15094,3,0,148,45,15,0,0,8,0
15095,3,0,148,46,15,1,0,8,0
15096,3,0,148,47,15,0,0,8,0
15097,3,0,148,48,15,0,0,8,0
15098,3,0,148,49,15,2,0,8,1
15099,3,0,148,50,15,1,0,8,0
15100,3,0,148,51,15,0,0,8,0
15101,3,0,148,52,15,2,0,8,0
15102,3,0,148,53,15,2,0,8,0
15103,3,0,148,54,15,0,0,8,0
15104,3,0,148,55,15,0,0,8,0
15105,3,0,148,56,15,1,0,8,0
15106,3,0,148,57,15,0,0,8,0
15107,3,0,148,58,15,0,0,8,0
15108,3,0,148,59,15,1,0,8,0
15109,3,0,148,60,15,1,0,8,0
15110,3,0,148,61,15,0,0,8,0
15111,3,0,148,62,15,2,0,8,1
15112,3,0,148,63,15,1,0,8,0
15113,3,0,148,64,15,0,0,8,0
15114,3,0,148,65,15,0,0,8,0
15115,3,0,148,66,15,2,0,8,0
15116,3,0,148,67,15,0,0,8,0
15117,3,0,148,68,15,0,0,8,0
15118,3,0,148,69,15,1,0,8,0
15119,3,0,148,70,15,2,0,8,0
15120,3,0,148,71,15,0,0,8,0
15121,3,0,148,72,15,1,0,8,0
15122,3,0,148,73,15,1,0,8,0
15123,3,0,148,74,15,0,0,8,0
15124,3,0,148,75,15,0,0,8,1
15125,3,0,148,76,15,1,0,8,0
15126,3,0,148,77,15,0,0,8,0
15127,3,0,148,78,15,0,0,8,0
15128,3,0,148,79,15,2,0,8,0
15129,3,0,148,80,15,2,0,8,0
15130,3,0,148,81,15,0,0,8,0
15131,3,0,148,82,15,1,0,8,0
15132,3,0,148,83,15,2,0,8,0
15133,3,0,148,84,15,0,0,8,0
15134,3,0,148,85,15,0,0,8,0
15135,3,0,148,86,15,1,0,8,0
15136,3,0,148,87,15,0,0,8,0
15137,3,0,148,88,15,0,0,8,1
15138,3,0,148,89,15,1,0,8,0
15139,3,0,148,90,15,1,0,8,0
15140,3,0,148,91,15,0,0,8,0
15141,3,0,148,92,15,2,0,8,0
15142,3,0,148,93,15,2,0,8,0
15143,3,0,148,94,15,0,0,8,0
15144,3,0,148,95,15,0,0,8,0
15145,3,0,148,96,15,2,0,8,0
15146,3,0,148,97,15,0,0,8,0
15147,3,0,148,98,15,0,0,8,0
15148,3,0,148,99,15,1,0,8,0
15149,2,0,149,99,15,1,0,9,0
15150,3,0,149,0,15,2,0,9,0
15151,3,0,149,1,15,0,0,9,0
15152,3,0,149,2,15,1,0,9,0
15153,3,0,149,3,15,1,0,9,0
15154,3,0,149,4,15,0,0,9,0
15155,3,0,149,5,15,0,0,9,0
15156,3,0,149,6,15,2,0,9,0
15157,3,0,149,7,15,0,0,9,0
15158,3,0,149,8,15,0,0,9,0
15159,3,0,149,9,15,2,0,9,0
15160,3,0,149,10,15,2,0,9,0
15161,3,0,149,11,15,0,0,9,0
15162,3,0,149,12,15,1,0,9,0
15163,3,0,149,13,15,2,0,9,0
15164,3,0,149,14,15,0,0,9,0
15165,3,0,149,15,15,0,0,9,0
15166,3,0,149,16,15,1,0,9,0
15167,3,0,149,17,15,0,0,9,0
15168,3,0,149,18,15,0,0,9,0
15169,3,0,149,19,15,2,0,9,0
15170,3,0,149,20,15,1,0,9,0
15171,3,0,149,21,15,0,0,9,0
15172,3,0,149,22,15,2,0,9,0
15173,3,0,149,23,15,2,0,9,0
15174,3,0,149,24,15,0,0,9,0
15175,3,0,149,25,15,0,0,9,0
15176,3,0,149,26,15,2,0,9,0
15177,3,0,149,27,15,0,0,9,0
15178,3,0,149,28,15,0,0,9,0
15179,3,0,149,29,15,1,0,9,0
15180,3,0,149,30,15,1,0,9,0
15181,3,0,149,31,15,0,0,9,0
15182,3,0,149,32,15,2,0,9,0
15183,3,0,149,33,15,1,0,9,0
15184,3,0,149,34,15,0,0,9,0
15185,3,0,149,35,15,0,0,9,0
15186,3,0,149,36,15,2,0,9,0
15187,3,0,149,37,15,0,0,9,0
15188,3,0,149,38,15,0,0,9,0
15189,3,0,149,39,15,2,0,9,0
15190,3,0,149,40,15,2,0,9,0
15191,3,0,149,41,15,0,0,9,0
15192,3,0,149,42,15,1,0,9,0
15193,3,0,149,43,15,1,0,9,1
15194,3,0,149,44,15,0,0,9,0
15195,3,0,149,45,15,0,0,9,0
15196,3,0,149,46,15,1,0,9,0
15197,3,0,149,47,15,0,0,9,0
15198,3,0,149,48,15,0,0,9,0
15199,3,0,149,49,15,2,0,9,0
15200,3,0,149,50,15,1,0,9,0
15201,3,0,149,51,15,0,0,9,0
15202,3,0,149,52,15,2,0,9,0
15203,3,0,149,53,15,2,0,9,0
15204,3,0,149,54,15,0,0,9,0
15205,3,0,149,55,15,0,0,9,0
15206,3,0,149,56,15,1,0,9,1
15207,3,0,149,57,15,0,0,9,0
15208,3,0,149,58,15,0,0,9,0
15209,3,0,149,59,15,1,0,9,0
15210,3,0,149,60,15,1,0,9,0
15211,3,0,149,61,15,0,0,9,0
15212,3,0,149,62,15,2,0,9,0
15213,3,0,149,63,15,1,0,9,0
15214,3,0,149,64,15,0,0,9,0
15215,3,0,149,65,15,0,0,9,0
15216,3,0,149,66,15,2,0,9,0
15217,3,0,149,67,15,0,0,9,0
15218,3,0,149,68,15,0,0,9,0
15219,3,0,149,69,15,1,0,9,1
15220,3,0,149,70,15,2,0,9,0
15221,3,0,149,71,15,0,0,9,0
15222,3,0,149,72,15,1,0,9,0
15223,3,0,149,73,15,1,0,9,0
15224,3,0,149,74,15,0,0,9,0
15225,3,0,149,75,15,0,0,9,0
15226,3,0,149,76,15,1,0,9,0
15227,3,0,149,77,15,0,0,9,0
15228,3,0,149,78,15,0,0,9,0
15229,3,0,149,79,15,2,0,9,0
15230,3,0,149,80,15,2,0,9,0
15231,3,0,149,81,15,0,0,9,0
15232,3,0,149,82,15,1,0,9,1
15233,3,0,149,83,15,2,0,9,0
15234,3,0,149,84,15,0,0,9,0
15235,3,0,149,85,15,0,0,9,0
15236,3,0,149,86,15,1,0,9,0
15237,3,0,149,87,15,0,0,9,0
15238,3,0,149,88,15,0,0,9,0
15239,3,0,149,89,15,1,0,9,0
15240,3,0,149,90,15,1,0,9,0
15241,3,0,149,91,15,0,0,9,0
15242,3,0,149,92,15,2,0,9,0
15243,3,0,149,93,15,2,0,9,0
15244,3,0,149,94,15,0,0,9,0
15245,3,0,149,95,15,0,0,9,1
15246,3,0,149,96,15,2,0,9,0
15247,3,0,149,97,15,0,0,9,0
15248,3,0,149,98,15,0,0,9,0
15249,3,0,149,99,15,1,0,9,0
15250,2,0,150,99,15,1,0,0,0
15251,3,0,150,0,15,2,1,0,0
15252,3,0,150,1,15,0,1,0,0
15253,3,0,150,2,15,1,1,0,1
15254,3,0,150,3,15,1,1,0,0
15255,3,0,150,4,15,0,1,0,0
15256,3,0,150,5,15,0,1,0,0
15257,3,0,150,6,15,2,1,0,0
15258,3,0,150,7,15,0,1,0,0
15259,3,0,150,8,15,0,1,0,0
15260,3,0,150,9,15,2,1,0,0
15261,3,0,150,10,15,2,1,0,0
15262,3,0,150,11,15,0,1,0,0
15263,3,0,150,12,15,1,1,0,0
15264,3,0,150,13,15,2,1,0,0
15265,3,0,150,14,15,0,1,0,0
15266,3,0,150,15,15,0,1,0,0
15267,3,0,150,16,15,1,1,0,0
15268,3,0,150,17,15,0,1,0,0
15269,3,0,150,18,15,0,1,0,0
15270,3,0,150,19,15,2,1,0,0
15271,3,0,150,20,15,1,1,0,0
15272,3,0,150,21,15,0,1,0,0
15273,3,0,150,22,15,2,1,0,0
15274,3,0,150,23,15,2,1,0,0
15275,3,0,150,24,15,0,1,0,0
15276,3,0,150,25,15,0,1,0,0
15277,3,0,150,26,15,2,1,0,0
15278,3,0,150,27,15,0,1,0,0
15279,3,0,150,28,15,0,1,0,0
15280,3,0,150,29,15,1,1,0,0
15281,3,0,150,30,15,1,1,0,0
15282,3,0,150,31,15,0,1,0,0
15283,3,0,150,32,15,2,1,0,0
15284,3,0,150,33,15,1,1,0,0
15285,3,0,150,34,15,0,1,0,0
15286,3,0,150,35,15,0,1,0,0
15287,3,0,150,36,15,2,1,0,0
15288,3,0,150,37,15,0,1,0,0
15289,3,0,150,38,15,0,1,0,0
15290,3,0,150,39,15,2,1,0,0
15291,3,0,150,40,15,2,1,0,0
15292,3,0,150,41,15,0,1,0,0
15293,3,0,150,42,15,1,1,0,0
15294,3,0,150,43,15,1,1,0,0
15295,3,0,150,44,15,0,1,0,0
15296,3,0,150,45,15,0,1,0,0
15297,3,0,150,46,15,1,1,0,0
15298,3,0,150,47,15,0,1,0,0
15299,3,0,150,48,15,0,1,0,0
15300,3,0,150,49,15,2,1,0,0
15301,3,0,150,50,15,1,1,0,1
15302,3,0,150,51,15,0,1,0,0
15303,3,0,150,52,15,2,1,0,0
15304,3,0,150,53,15,2,1,0,0
15305,3,0,150,54,15,0,1,0,0
15306,3,0,150,55,15,0,1,0,0
15307,3,0,150,56,15,1,1,0,0
15308,3,0,150,57,15,0,1,0,0
15309,3,0,150,58,15,0,1,0,0
15310,3,0,150,59,15,1,1,0,0
15311,3,0,150,60,15,1,1,0,0
15312,3,0,150,61,15,0,1,0,0
15313,3,0,150,62,15,2,1,0,0
15314,3,0,150,63,15,1,1,0,1
15315,3,0,150,64,15,0,1,0,0
15316,3,0,150,65,15,0,1,0,0
15317,3,0,150,66,15,2,1,0,0
15318,3,0,150,67,15,0,1,0,0
15319,3,0,150,68,15,0,1,0,0
15320,3,0,150,69,15,1,1,0,0
15321,3,0,150,70,15,2,1,0,0
15322,3,0,150,71,15,0,1,0,0
15323,3,0,150,72,15,1,1,0,0
15324,3,0,150,73,15,1,1,0,0
15325,3,0,150,74,15,0,1,0,0
15326,3,0,150,75,15,0,1,0,0
15327,3,0,150,76,15,1,1,0,1
15328,3,0,150,77,15,0,1,0,0
15329,3,0,150,78,15,0,1,0,0
15330,3,0,150,79,15,2,1,0,0
15331,3,0,150,80,15,2,1,0,0
15332,3,0,150,81,15,0,1,0,0
15333,3,0,150,82,15,1,1,0,0
15334,3,0,150,83,15,2,1,0,0
15335,3,0,150,84,15,0,1,0,0
15336,3,0,150,85,15,0,1,0,0
15337,3,0,150,86,15,1,1,0,0
15338,3,0,150,87,15,0,1,0,0
15339,3,0,150,88,15,0,1,0,0
15340,3,0,150,89,15,1,1,0,1
15341,3,0,150,90,15,1,1,0,0
15342,3,0,150,91,15,0,1,0,0
15343,3,0,150,92,15,2,1,0,0
15344,3,0,150,93,15,2,1,0,0
15345,3,0,150,94,15,0,1,0,0
15346,3,0,150,95,15,0,1,0,0
15347,3,0,150,96,15,2,1,0,0
15348,3,0,150,97,15,0,1,0,0
15349,3,0,150,98,15,0,1,0,0
15350,3,0,150,99,15,1,1,0,0
15351,2,0,151,99,16,1,1,1,0
15352,3,0,151,0,16,2,0,1,0
15353,3,0,151,1,16,0,0,1,0
15354,3,0,151,2,16,2,0,1,0
15355,3,0,151,3,16,1,0,1,0
15356,3,0,151,4,16,0,0,1,0
15357,3,0,151,5,16,0,0,1,0
15358,3,0,151,6,16,2,0,1,0
15359,3,0,151,7,16,0,0,1,0
15360,3,0,151,8,16,0,0,1,0
15361,3,0,151,9,16,2,0,1,1
15362,3,0,151,10,16,2,0,1,0
15363,3,0,151,11,16,0,0,1,0
15364,3,0,151,12,16,1,0,1,0
15365,3,0,151,13,16,2,0,1,0
15366,3,0,151,14,16,0,0,1,0
15367,3,0,151,15,16,0,0,1,0
15368,3,0,151,16,16,1,0,1,0
15369,3,0,151,17,16,0,0,1,0
15370,3,0,151,18,16,0,0,1,0
15371,3,0,151,19,16,2,0,1,0
15372,3,0,151,20,16,1,0,1,0
15373,3,0,151,21,16,0,0,1,0
15374,3,0,151,22,16,2,0,1,0
15375,3,0,151,23,16,2,0,1,0
15376,3,0,151,24,16,0,0,1,0
15377,3,0,151,25,16,0,0,1,0
15378,3,0,151,26,16,2,0,1,0
15379,3,0,151,27,16,0,0,1,0
15380,3,0,151,28,16,0,0,1,0
15381,3,0,151,29,16,1,0,1,0
15382,3,0,151,30,16,1,0,1,0
15383,3,0,151,31,16,0,0,1,0
15384,3,0,151,32,16,2,0,1,0
15385,3,0,151,33,16,1,0,1,0
15386,3,0,151,34,16,0,0,1,0
15387,3,0,151,35,16,0,0,1,0
15388,3,0,151,36,16,2,0,1,0
15389,3,0,151,37,16,0,0,1,0
15390,3,0,151,38,16,0,0,1,0
15391,3,0,151,39,16,2,0,1,0
15392,3,0,151,40,16,2,0,1,0
15393,3,0,151,41,16,0,0,1,0
15394,3,0,151,42,16,1,0,1,0
15395,3,0,151,43,16,1,0,1,0
15396,3,0,151,44,16,0,0,1,0
15397,3,0,151,45,16,0,0,1,0
15398,3,0,151,46,16,1,0,1,0
15399,3,0,151,47,16,0,0,1,0
15400,3,0,151,48,16,0,0,1,0
15401,3,0,151,49,16,2,0,1,0
15402,3,0,151,50,16,2,0,1,0
15403,3,0,151,51,16,0,0,1,0
15404,3,0,151,52,16,2,0,1,0
15405,3,0,151,53,16,2,0,1,0
15406,3,0,151,54,16,0,0,1,0
15407,3,0,151,55,16,0,0,1,0
15408,3,0,151,56,16,1,0,1,0
15409,3,0,151,57,16,0,0,1,1
15410,3,0,151,58,16,0,0,1,0
15411,3,0,151,59,16,1,0,1,0
15412,3,0,151,60,16,1,0,1,0
15413,3,0,151,61,16,0,0,1,0
15414,3,0,151,62,16,2,0,1,0
15415,3,0,151,63,16,2,0,1,0
15416,3,0,151,64,16,0,0,1,0
15417,3,0,151,65,16,0,0,1,0
15418,3,0,151,66,16,2,0,1,0
15419,3,0,151,67,16,0,0,1,0
15420,3,0,151,68,16,0,0,1,0
15421,3,0,151,69,16,1,0,1,0
15422,3,0,151,70,16,2,0,1,1
15423,3,0,151,71,16,0,0,1,0
15424,3,0,151,72,16,1,0,1,0
15425,3,0,151,73,16,1,0,1,0
15426,3,0,151,74,16,0,0,1,0
15427,3,0,151,75,16,0,0,1,0
15428,3,0,151,76,16,2,0,1,0
15429,3,0,151,77,16,0,0,1,0
15430,3,0,151,78,16,0,0,1,0
15431,3,0,151,79,16,2,0,1,0
15432,3,0,151,80,16,2,0,1,0
15433,3,0,151,81,16,0,0,1,0
15434,3,0,151,82,16,1,0,1,0
15435,3,0,151,83,16,2,0,1,1
15436,3,0,151,84,16,0,0,1,0
15437,3,0,151,85,16,0,0,1,0
15438,3,0,151,86,16,1,0,1,0
15439,3,0,151,87,16,0,0,1,0
15440,3,0,151,88,16,0,0,1,0
15441,3,0,151,89,16,2,0,1,0
15442,3,0,151,90,16,1,0,1,0
15443,3,0,151,91,16,0,0,1,0
15444,3,0,151,92,16,2,0,1,0
15445,3,0,151,93,16,2,0,1,0
15446,3,0,151,94,16,0,0,1,0
15447,3,0,151,95,16,0,0,1,0
15448,3,0,151,96,16,2,0,1,1
15449,3,0,151,97,16,0,0,1,0
15450,3,0,151,98,16,0,0,1,0
15451,3,0,151,99,16,1,0,1,0
15452,2,0,152,99,16,1,0,2,0
15453,3,0,152,0,16,2,0,2,0
15454,3,0,152,1,16,0,0,2,0
15455,3,0,152,2,16,2,0,2,0
15456,3,0,152,3,16,1,0,2,1
15457,3,0,152,4,16,0,0,2,0
15458,3,0,152,5,16,0,0,2,0
15459,3,0,152,6,16,2,0,2,0
15460,3,0,152,7,16,0,0,2,0
15461,3,0,152,8,16,0,0,2,0
15462,3,0,152,9,16,2,0,2,0
15463,3,0,152,10,16,2,0,2,0
15464,3,0,152,11,16,0,0,2,0
15465,3,0,152,12,16,1,0,2,0
15466,3,0,152,13,16,2,0,2,0
15467,3,0,152,14,16,0,0,2,0
15468,3,0,152,15,16,0,0,2,0
15469,3,0,152,16,16,1,0,2,1
15470,3,0,152,17,16,0,0,2,0
15471,3,0,152,18,16,0,0,2,0
15472,3,0,152,19,16,2,0,2,0
15473,3,0,152,20,16,1,0,2,0
15474,3,0,152,21,16,0,0,2,0
15475,3,0,152,22,16,2,0,2,0
15476,3,0,152,23,16,2,0,2,0
15477,3,0,152,24,16,0,0,2,0
15478,3,0,152,25,16,0,0,2,0
15479,3,0,152,26,16,2,0,2,0
15480,3,0,152,27,16,0,0,2,0
15481,3,0,152,28,16,0,0,2,0
15482,3,0,152,29,16,1,0,2,0
15483,3,0,152,30,16,1,0,2,0
15484,3,0,152,31,16,0,0,2,0
15485,3,0,152,32,16,2,0,2,0
15486,3,0,152,33,16,1,0,2,0
15487,3,0,152,34,16,0,0,2,0
15488,3,0,152,35,16,0,0,2,0
15489,3,0,152,36,16,2,0,2,0
15490,3,0,152,37,16,0,0,2,0
15491,3,0,152,38,16,0,0,2,0
15492,3,0,152,39,16,2,0,2,0
15493,3,0,152,40,16,2,0,2,0
15494,3,0,152,41,16,0,0,2,0
15495,3,0,152,42,16,1,0,2,0
15496,3,0,152,43,16,1,0,2,0
15497,3,0,152,44,16,0,0,2,0
15498,3,0,152,45,16,0,0,2,0
15499,3,0,152,46,16,1,0,2,0
15500,3,0,152,47,16,0,0,2,0
15501,3,0,152,48,16,0,0,2,0
15502,3,0,152,49,16,2,0,2,0
15503,3,0,152,50,16,2,0,2,0
15504,3,0,152,51,16,0,0,2,0
15505,3,0,152,52,16,2,0,2,0
15506,3,0,152,53,16,2,0,2,0
15507,3,0,152,54,16,0,0,2,0
15508,3,0,152,55,16,0,0,2,0
15509,3,0,152,56,16,1,0,2,0
15510,3,0,152,57,16,0,0,2,0
15511,3,0,152,58,16,0,0,2,0
15512,3,0,152,59,16,1,0,2,0
15513,3,0,152,60,16,1,0,2,0
15514,3,0,152,61,16,0,0,2,0
15515,3,0,152,62,16,2,0,2,0
15516,3,0,152,63,16,2,0,2,0
15517,3,0,152,64,16,0,0,2,1
15518,3,0,152,65,16,0,0,2,0
15519,3,0,152,66,16,2,0,2,0
15520,3,0,152,67,16,0,0,2,0
15521,3,0,152,68,16,0,0,2,0
15522,3,0,152,69,16,1,0,2,0
15523,3,0,152,70,16,2,0,2,0
15524,3,0,152,71,16,0,0,2,0
15525,3,0,152,72,16,1,0,2,0
15526,3,0,152,73,16,1,0,2,0
15527,3,0,152,74,16,0,0,2,0
15528,3,0,152,75,16,0,0,2,0
15529,3,0,152,76,16,2,0,2,0
15530,3,0,152,77,16,0,0,2,1
15531,3,0,152,78,16,0,0,2,0
15532,3,0,152,79,16,2,0,2,0
15533,3,0,152,80,16,2,0,2,0
15534,3,0,152,81,16,0,0,2,0
15535,3,0,152,82,16,1,0,2,0
15536,3,0,152,83,16,2,0,2,0
15537,3,0,152,84,16,0,0,2,0
15538,3,0,152,85,16,0,0,2,0
15539,3,0,152,86,16,1,0,2,0
15540,3,0,152,87,16,0,0,2,0
15541,3,0,152,88,16,0,0,2,0
15542,3,0,152,89,16,2,0,2,0
15543,3,0,152,90,16,1,0,2,1
15544,3,0,152,91,16,0,0,2,0
15545,3,0,152,92,16,2,0,2,0
15546,3,0,152,93,16,2,0,2,0
15547,3,0,152,94,16,0,0,2,0
15548,3,0,152,95,16,0,0,2,0
15549,3,0,152,96,16,2,0,2,0
15550,3,0,152,97,16,0,0,2,0
15551,3,0,152,98,16,0,0,2,0
15552,3,0,152,99,16,1,0,2,0
15553,2,0,153,99,16,1,0,3,0
15554,3,0,153,0,16,2,0,3,0
15555,3,0,153,1,16,0,0,3,0
15556,3,0,153,2,16,2,0,3,0
15557,3,0,153,3,16,1,0,3,0
15558,3,0,153,4,16,0,0,3,0
15559,3,0,153,5,16,0,0,3,0
15560,3,0,153,6,16,2,0,3,0
15561,3,0,153,7,16,0,0,3,0
15562,3,0,153,8,16,0,0,3,0
15563,3,0,153,9,16,2,0,3,0
15564,3,0,153,10,16,2,0,3,1
15565,3,0,153,11,16,0,0,3,0
15566,3,0,153,12,16,1,0,3,0
15567,3,0,153,13,16,2,0,3,0
15568,3,0,153,14,16,0,0,3,0
15569,3,0,153,15,16,0,0,3,0
15570,3,0,153,16,16,1,0,3,0
15571,3,0,153,17,16,0,0,3,0
15572,3,0,153,18,16,0,0,3,0
15573,3,0,153,19,16,2,0,3,0
15574,3,0,153,20,16,1,0,3,0
15575,3,0,153,21,16,0,0,3,0
15576,3,0,153,22,16,2,0,3,0
15577,3,0,153,23,16,2,0,3,1
15578,3,0,153,24,16,0,0,3,0
15579,3,0,153,25,16,0,0,3,0
15580,3,0,153,26,16,2,0,3,0
15581,3,0,153,27,16,0,0,3,0
15582,3,0,153,28,16,0,0,3,0
15583,3,0,153,29,16,1,0,3,0
15584,3,0,153,30,16,1,0,3,0
15585,3,0,153,31,16,0,0,3,0
15586,3,0,153,32,16,2,0,3,0
15587,3,0,153,33,16,1,0,3,0
15588,3,0,153,34,16,0,0,3,0
15589,3,0,153,35,16,0,0,3,0
15590,3,0,153,36,16,2,0,3,0
15591,3,0,153,37,16,0,0,3,0
15592,3,0,153,38,16,0,0,3,0
15593,3,0,153,39,16,2,0,3,0
15594,3,0,153,40,16,2,0,3,0
15595,3,0,153,41,16,0,0,3,0
15596,3,0,153,42,16,1,0,3,0
15597,3,0,153,43,16,1,0,3,0
15598,3,0,153,44,16,0,0,3,0
15599,3,0,153,45,16,0,0,3,0
15600,3,0,153,46,16,1,0,3,0
15601,3,0,153,47,16,0,0,3,0
15602,3,0,153,48,16,0,0,3,0
15603,3,0,153,49,16,2,0,3,0
15604,3,0,153,50,16,2,0,3,0
15605,3,0,153,51,16,0,0,3,0
15606,3,0,153,52,16,2,0,3,0
15607,3,0,153,53,16,2,0,3,0
15608,3,0,153,54,16,0,0,3,0
15609,3,0,153,55,16,0,0,3,0
15610,3,0,153,56,16,1,0,3,0
15611,3,0,153,57,16,0,0,3,0
15612,3,0,153,58,16,0,0,3,0
15613,3,0,153,59,16,1,0,3,0
15614,3,0,153,60,16,1,0,3,0
15615,3,0,153,61,16,0,0,3,0
15616,3,0,153,62,16,2,0,3,0
15617,3,0,153,63,16,2,0,3,0
15618,3,0,153,64,16,0,0,3,0
15619,3,0,153,65,16,0,0,3,0
15620,3,0,153,66,16,2,0,3,0
15621,3,0,153,67,16,0,0,3,0
15622,3,0,153,68,16,0,0,3,0
15623,3,0,153,69,16,1,0,3,0
15624,3,0,153,70,16,2,0,3,0
15625,3,0,153,71,16,0,0,3,1
15626,3,0,153,72,16,1,0,3,0
15627,3,0,153,73,16,1,0,3,0
15628,3,0,153,74,16,0,0,3,0
15629,3,0,153,75,16,0,0,3,0
15630,3,0,153,76,16,2,0,3,0
15631,3,0,153,77,16,0,0,3,0
15632,3,0,153,78,16,0,0,3,0
15633,3,0,153,79,16,2,0,3,0
15634,3,0,153,80,16,2,0,3,0
15635,3,0,153,81,16,0,0,3,0
15636,3,0,153,82,16,1,0,3,0
15637,3,0,153,83,16,2,0,3,0
15638,3,0,153,84,16,0,0,3,1
15639,3,0,153,85,16,0,0,3,0
15640,3,0,153,86,16,1,0,3,0
15641,3,0,153,87,16,0,0,3,0
15642,3,0,153,88,16,0,0,3,0
15643,3,0,153,89,16,2,0,3,0
15644,3,0,153,90,16,1,0,3,0
15645,3,0,153,91,16,0,0,3,0
15646,3,0,153,92,16,2,0,3,0
15647,3,0,153,93,16,2,0,3,0
15648,3,0,153,94,16,0,0,3,0
15649,3,0,153,95,16,0,0,3,0
15650,3,0,153,96,16,2,0,3,0
15651,3,0,153,97,16,0,0,3,1
15652,3,0,153,98,16,0,0,3,0
15653,3,0,153,99,16,1,0,3,0
15654,2,0,154,99,16,1,0,4,0
15655,3,0,154,0,16,2,0,4,0
15656,3,0,154,1,16,0,0,4,0
15657,3,0,154,2,16,2,0,4,0
15658,3,0,154,3,16,1,0,4,0
15659,3,0,154,4,16,0,0,4,1
15660,3,0,154,5,16,0,0,4,0
15661,3,0,154,6,16,2,0,4,0
15662,3,0,154,7,16,0,0,4,0
15663,3,0,154,8,16,0,0,4,0
15664,3,0,154,9,16,2,0,4,0
15665,3,0,154,10,16,2,0,4,0
15666,3,0,154,11,16,0,0,4,0
15667,3,0,154,12,16,1,0,4,0
15668,3,0,154,13,16,2,0,4,0
15669,3,0,154,14,16,0,0,4,0
15670,3,0,154,15,16,0,0,4,0
15671,3,0,154,16,16,1,0,4,0
15672,3,0,154,17,16,0,0,4,1
15673,3,0,154,18,16,0,0,4,0
15674,3,0,154,19,16,2,0,4,0
15675,3,0,154,20,16,1,0,4,0
15676,3,0,154,21,16,0,0,4,0
15677,3,0,154,22,16,2,0,4,0
15678,3,0,154,23,16,2,0,4,0
15679,3,0,154,24,16,0,0,4,0
15680,3,0,154,25,16,0,0,4,0
15681,3,0,154,26,16,2,0,4,0
15682,3,0,154,27,16,0,0,4,0
15683,3,0,154,28,16,0,0,4,0
15684,3,0,154,29,16,1,0,4,0
15685,3,0,154,30,16,1,0,4,1
15686,3,0,154,31,16,0,0,4,0
15687,3,0,154,32,16,2,0,4,0
15688,3,0,154,33,16,1,0,4,0
15689,3,0,154,34,16,0,0,4,0
15690,3,0,154,35,16,0,0,4,0
15691,3,0,154,36,16,2,0,4,0
15692,3,0,154,37,16,0,0,4,0
15693,3,0,154,38,16,0,0,4,0
15694,3,0,154,39,16,2,0,4,0
15695,3,0,154,40,16,2,0,4,0
15696,3,0,154,41,16,0,0,4,0
15697,3,0,154,42,16,1,0,4,0
15698,3,0,154,43,16,1,0,4,0
15699,3,0,154,44,16,0,0,4,0
15700,3,0,154,45,16,0,0,4,0
15701,3,0,154,46,16,1,0,4,0
15702,3,0,154,47,16,0,0,4,0
15703,3,0,154,48,16,0,0,4,0
15704,3,0,154,49,16,2,0,4,0
15705,3,0,154,50,16,2,0,4,0
15706,3,0,154,51,16,0,0,4,0
15707,3,0,154,52,16,2,0,4,0
15708,3,0,154,53,16,2,0,4,0
15709,3,0,154,54,16,0,0,4,0
15710,3,0,154,55,16,0,0,4,0
15711,3,0,154,56,16,1,0,4,0
15712,3,0,154,57,16,0,0,4,0
15713,3,0,154,58,16,0,0,4,0
15714,3,0,154,59,16,1,0,4,0
15715,3,0,154,60,16,1,0,4,0
15716,3,0,154,61,16,0,0,4,0
15717,3,0,154,62,16,2,0,4,0
15718,3,0,154,63,16,2,0,4,0
15719,3,0,154,64,16,0,0,4,0
15720,3,0,154,65,16,0,0,4,0
15721,3,0,154,66,16,2,0,4,0
15722,3,0,154,67,16,0,0,4,0
15723,3,0,154,68,16,0,0,4,0
15724,3,0,154,69,16,1,0,4,0
15725,3,0,154,70,16,2,0,4,0
15726,3,0,154,71,16,0,0,4,0
15727,3,0,154,72,16,1,0,4,0
15728,3,0,154,73,16,1,0,4,0
15729,3,0,154,74,16,0,0,4,0
15730,3,0,154,75,16,0,0,4,0
15731,3,0,154,76,16,2,0,4,0
15732,3,0,154,77,16,0,0,4,0
15733,3,0,154,78,16,0,0,4,1
15734,3,0,154,79,16,2,0,4,0
15735,3,0,154,80,16,2,0,4,0
15736,3,0,154,81,16,0,0,4,0
15737,3,0,154,82,16,1,0,4,0
15738,3,0,154,83,16,2,0,4,0
15739,3,0,154,84,16,0,0,4,0
15740,3,0,154,85,16,0,0,4,0
15741,3,0,154,86,16,1,0,4,0
15742,3,0,154,87,16,0,0,4,0
15743,3,0,154,88,16,0,0,4,0
15744,3,0,154,89,16,2,0,4,0
15745,3,0,154,90,16,1,0,4,0
15746,3,0,154,91,16,0,0,4,1
15747,3,0,154,92,16,2,0,4,0
15748,3,0,154,93,16,2,0,4,0
15749,3,0,154,94,16,0,0,4,0
15750,3,0,154,95,16,0,0,4,0
15751,3,0,154,96,16,2,0,4,0
15752,3,0,154,97,16,0,0,4,0
15753,3,0,154,98,16,0,0,4,0
15754,3,0,154,99,16,1,0,4,0
15755,2,0,155,99,16,1,0,5,0
15756,3,0,155,0,16,2,0,5,0
15757,3,0,155,1,16,0,0,5,0
15758,3,0,155,2,16,2,0,5,0
15759,3,0,155,3,16,1,0,5,0
15760,3,0,155,4,16,0,0,5,0
15761,3,0,155,5,16,0,0,5,0
15762,3,0,155,6,16,2,0,5,0
15763,3,0,155,7,16,0,0,5,0
15764,3,0,155,8,16,0,0,5,0
15765,3,0,155,9,16,2,0,5,0
15766,3,0,155,10,16,2,0,5,0
15767,3,0,155,11,16,0,0,5,1
15768,3,0,155,12,16,1,0,5,0
15769,3,0,155,13,16,2,0,5,0
15770,3,0,155,14,16,0,0,5,0
15771,3,0,155,15,16,0,0,5,0
15772,3,0,155,16,16,1,0,5,0
15773,3,0,155,17,16,0,0,5,0
15774,3,0,155,18,16,0,0,5,0
15775,3,0,155,19,16,2,0,5,0
15776,3,0,155,20,16,1,0,5,0
15777,3,0,155,21,16,0,0,5,0
15778,3,0,155,22,16,2,0,5,0
15779,3,0,155,23,16,2,0,5,0
15780,3,0,155,24,16,0,0,5,1
15781,3,0,155,25,16,0,0,5,0
15782,3,0,155,26,16,2,0,5,0
15783,3,0,155,27,16,0,0,5,0
15784,3,0,155,28,16,0,0,5,0
15785,3,0,155,29,16,1,0,5,0
15786,3,0,155,30,16,1,0,5,0
15787,3,0,155,31,16,0,0,5,0
15788,3,0,155,32,16,2,0,5,0
15789,3,0,155,33,16,1,0,5,0
15790,3,0,155,34,16,0,0,5,0
15791,3,0,155,35,16,0,0,5,0
15792,3,0,155,36,16,2,0,5,0
15793,3,0,155,37,16,0,0,5,1
15794,3,0,155,38,16,0,0,5,0
15795,3,0,155,39,16,2,0,5,0
15796,3,0,155,40,16,2,0,5,0
15797,3,0,155,41,16,0,0,5,0
15798,3,0,155,42,16,1,0,5,0
15799,3,0,155,43,16,1,0,5,0
15800,3,0,155,44,16,0,0,5,0
15801,3,0,155,45,16,0,0,5,0
15802,3,0,155,46,16,1,0,5,0
15803,3,0,155,47,16,0,0,5,0
15804,3,0,155,48,16,0,0,5,0
15805,3,0,155,49,16,2,0,5,0
15806,3,0,155,50,16,2,0,5,0
15807,3,0,155,51,16,0,0,5,0
15808,3,0,155,52,16,2,0,5,0
15809,3,0,155,53,16,2,0,5,0
15810,3,0,155,54,16,0,0,5,0
15811,3,0,155,55,16,0,0,5,0
15812,3,0,155,56,16,1,0,5,0
15813,3,0,155,57,16,0,0,5,0
15814,3,0,155,58,16,0,0,5,0
15815,3,0,155,59,16,1,0,5,0
15816,3,0,155,60,16,1,0,5,0
15817,3,0,155,61,16,0,0,5,0
15818,3,0,155,62,16,2,0,5,0
15819,3,0,155,63,16,2,0,5,0
15820,3,0,155,64,16,0,0,5,0
15821,3,0,155,65,16,0,0,5,0
15822,3,0,155,66,16,2,0,5,0
15823,3,0,155,67,16,0,0,5,0
15824,3,0,155,68,16,0,0,5,0
15825,3,0,155,69,16,1,0,5,0
15826,3,0,155,70,16,2,0,5,0
15827,3,0,155,71,16,0,0,5,0
15828,3,0,155,72,16,1,0,5,0
15829,3,0,155,73,16,1,0,5,0
15830,3,0,155,74,16,0,0,5,0
15831,3,0,155,75,16,0,0,5,0
15832,3,0,155,76,16,2,0,5,0
15833,3,0,155,77,16,0,0,5,0
15834,3,0,155,78,16,0,0,5,0
15835,3,0,155,79,16,2,0,5,0
15836,3,0,155,80,16,2,0,5,0
15837,3,0,155,81,16,0,0,5,0
15838,3,0,155,82,16,1,0,5,0
15839,3,0,155,83,16,2,0,5,0
15840,3,0,155,84,16,0,0,5,0
15841,3,0,155,85,16,0,0,5,1
15842,3,0,155,86,16,1,0,5,0
15843,3,0,155,87,16,0,0,5,0
15844,3,0,155,88,16,0,0,5,0
15845,3,0,155,89,16,2,0,5,0
15846,3,0,155,90,16,1,0,5,0
15847,3,0,155,91,16,0,0,5,0
15848,3,0,155,92,16,2,0,5,0
15849,3,0,155,93,16,2,0,5,0
15850,3,0,155,94,16,0,0,5,0
15851,3,0,155,95,16,0,0,5,0
15852,3,0,155,96,16,2,0,5,0
15853,3,0,155,97,16,0,0,5,0
15854,3,0,155,98,16,0,0,5,1
15855,3,0,155,99,16,1,0,5,0
15856,2,0,156,99,16,1,0,6,0
15857,3,0,156,0,16,2,0,6,0
15858,3,0,156,1,16,0,0,6,0
15859,3,0,156,2,16,2,0,6,0
15860,3,0,156,3,16,1,0,6,0
15861,3,0,156,4,16,0,0,6,0
15862,3,0,156,5,16,0,0,6,1
15863,3,0,156,6,16,2,0,6,0
15864,3,0,156,7,16,0,0,6,0
15865,3,0,156,8,16,0,0,6,0
15866,3,0,156,9,16,2,0,6,0
15867,3,0,156,10,16,2,0,6,0
15868,3,0,156,11,16,0,0,6,0
15869,3,0,156,12,16,1,0,6,0
15870,3,0,156,13,16,2,0,6,0
15871,3,0,156,14,16,0,0,6,0
15872,3,0,156,15,16,0,0,6,0
15873,3,0,156,16,16,1,0,6,0
15874,3,0,156,17,16,0,0,6,0
15875,3,0,156,18,16,0,0,6,1
15876,3,0,156,19,16,2,0,6,0
15877,3,0,156,20,16,1,0,6,0
15878,3,0,156,21,16,0,0,6,0
15879,3,0,156,22,16,2,0,6,0
15880,3,0,156,23,16,2,0,6,0
15881,3,0,156,24,16,0,0,6,0
15882,3,0,156,25,16,0,0,6,0
15883,3,0,156,26,16,2,0,6,0
15884,3,0,156,27,16,0,0,6,0
15885,3,0,156,28,16,0,0,6,0
15886,3,0,156,29,16,1,0,6,0
15887,3,0,156,30,16,1,0,6,0
15888,3,0,156,31,16,0,0,6,1
15889,3,0,156,32,16,2,0,6,0
15890,3,0,156,33,16,1,0,6,0
15891,3,0,156,34,16,0,0,6,0
15892,3,0,156,35,16,0,0,6,0
15893,3,0,156,36,16,2,0,6,0
15894,3,0,156,37,16,0,0,6,0
15895,3,0,156,38,16,0,0,6,0
15896,3,0,156,39,16,2,0,6,0
15897,3,0,156,40,16,2,0,6,0
15898,3,0,156,41,16,0,0,6,0
15899,3,0,156,42,16,1,0,6,0
15900,3,0,156,43,16,1,0,6,0
15901,3,0,156,44,16,0,0,6,1
15902,3,0,156,45,16,0,0,6,0
15903,3,0,156,46,16,1,0,6,0
15904,3,0,156,47,16,0,0,6,0
15905,3,0,156,48,16,0,0,6,0
15906,3,0,156,49,16,2,0,6,0
15907,3,0,156,50,16,2,0,6,0
15908,3,0,156,51,16,0,0,6,0
15909,3,0,156,52,16,2,0,6,0
15910,3,0,156,53,16,2,0,6,0
15911,3,0,156,54,16,0,0,6,0
15912,3,0,156,55,16,0,0,6,0
15913,3,0,156,56,16,1,0,6,0
15914,3,0,156,57,16,0,0,6,0
15915,3,0,156,58,16,0,0,6,0
15916,3,0,156,59,16,1,0,6,0
15917,3,0,156,60,16,1,0,6,0
15918,3,0,156,61,16,0,0,6,0
15919,3,0,156,62,16,2,0,6,0
15920,3,0,156,63,16,2,0,6,0
15921,3,0,156,64,16,0,0,6,0
15922,3,0,156,65,16,0,0,6,0
15923,3,0,156,66,16,2,0,6,0
15924,3,0,156,67,16,0,0,6,0
15925,3,0,156,68,16,0,0,6,0
15926,3,0,156,69,16,1,0,6,0
15927,3,0,156,70,16,2,0,6,0
15928,3,0,156,71,16,0,0,6,0
15929,3,0,156,72,16,1,0,6,0
15930,3,0,156,73,16,1,0,6,0
15931,3,0,156,74,16,0,0,6,0
15932,3,0,156,75,16,0,0,6,0
15933,3,0,156,76,16,2,0,6,0
15934,3,0,156,77,16,0,0,6,0
15935,3,0,156,78,16,0,0,6,0
15936,3,0,156,79,16,2,0,6,0
15937,3,0,156,80,16,2,0,6,0
15938,3,0,156,81,16,0,0,6,0
15939,3,0,156,82,16,1,0,6,0
15940,3,0,156,83,16,2,0,6,0
15941,3,0,156,84,16,0,0,6,0
15942,3,0,156,85,16,0,0,6,0
15943,3,0,156,86,16,1,0,6,0
15944,3,0,156,87,16,0,0,6,0
15945,3,0,156,88,16,0,0,6,0
15946,3,0,156,89,16,2,0,6,0
15947,3,0,156,90,16,1,0,6,0
15948,3,0,156,91,16,0,0,6,0
15949,3,0,156,92,16,2,0,6,1
15950,3,0,156,93,16,2,0,6,0
15951,3,0,156,94,16,0,0,6,0
15952,3,0,156,95,16,0,0,6,0
15953,3,0,156,96,16,2,0,6,0
15954,3,0,156,97,16,0,0,6,0
15955,3,0,156,98,16,0,0,6,0
15956,3,0,156,99,16,1,0,6,0
15957,2,0,157,99,16,1,0,7,1
15958,3,0,157,0,16,2,0,7,0
15959,3,0,157,1,16,0,0,7,0
15960,3,0,157,2,16,2,0,7,0
15961,3,0,157,3,16,1,0,7,0
15962,3,0,157,4,16,0,0,7,0
15963,3,0,157,5,16,0,0,7,0
15964,3,0,157,6,16,2,0,7,0
15965,3,0,157,7,16,0,0,7,0
15966,3,0,157,8,16,0,0,7,0
15967,3,0,157,9,16,2,0,7,0
15968,3,0,157,10,16,2,0,7,0
15969,3,0,157,11,16,0,0,7,0
15970,3,0,157,12,16,1,0,7,1
15971,3,0,157,13,16,2,0,7,0
15972,3,0,157,14,16,0,0,7,0
15973,3,0,157,15,16,0,0,7,0
15974,3,0,157,16,16,1,0,7,0
15975,3,0,157,17,16,0,0,7,0
15976,3,0,157,18,16,0,0,7,0
15977,3,0,157,19,16,2,0,7,0
15978,3,0,157,20,16,1,0,7,0
15979,3,0,157,21,16,0,0,7,0
15980,3,0,157,22,16,2,0,7,0
15981,3,0,157,23,16,2,0,7,0
15982,3,0,157,24,16,0,0,7,0
15983,3,0,157,25,16,0,0,7,1
15984,3,0,157,26,16,2,0,7,0
15985,3,0,157,27,16,0,0,7,0
15986,3,0,157,28,16,0,0,7,0
15987,3,0,157,29,16,1,0,7,0
15988,3,0,157,30,16,1,0,7,0
15989,3,0,157,31,16,0,0,7,0
15990,3,0,157,32,16,2,0,7,0
15991,3,0,157,33,16,1,0,7,0
15992,3,0,157,34,16,0,0,7,0
15993,3,0,157,35,16,0,0,7,0
15994,3,0,157,36,16,2,0,7,0
15995,3,0,157,37,16,0,0,7,0
15996,3,0,157,38,16,0,0,7,1
15997,3,0,157,39,16,2,0,7,0
15998,3,0,157,40,16,2,0,7,0
15999,3,0,157,41,16,0,0,7,0
16000,3,0,157,42,16,1,0,7,0
16001,3,0,157,43,16,1,0,7,0
16002,3,0,157,44,16,0,0,7,0
16003,3,0,157,45,16,0,0,7,0
16004,3,0,157,46,16,1,0,7,0
16005,3,0,157,47,16,0,0,7,0
16006,3,0,157,48,16,0,0,7,0
16007,3,0,157,49,16,2,0,7,0
16008,3,0,157,50,16,2,0,7,0
16009,3,0,157,51,16,0,0,7,1
16010,3,0,157,52,16,2,0,7,0
16011,3,0,157,53,16,2,0,7,0
16012,3,0,157,54,16,0,0,7,0
16013,3,0,157,55,16,0,0,7,0
16014,3,0,157,56,16,1,0,7,0
16015,3,0,157,57,16,0,0,7,0
16016,3,0,157,58,16,0,0,7,0
16017,3,0,157,59,16,1,0,7,0
16018,3,0,157,60,16,1,0,7,0
16019,3,0,157,61,16,0,0,7,0
16020,3,0,157,62,16,2,0,7,0
16021,3,0,157,63,16,2,0,7,0
16022,3,0,157,64,16,0,0,7,0
16023,3,0,157,65,16,0,0,7,0
16024,3,0,157,66,16,2,0,7,0
16025,3,0,157,67,16,0,0,7,0
16026,3,0,157,68,16,0,0,7,0
16027,3,0,157,69,16,1,0,7,0
16028,3,0,157,70,16,2,0,7,0
16029,3,0,157,71,16,0,0,7,0
16030,3,0,157,72,16,1,0,7,0
16031,3,0,157,73,16,1,0,7,0
16032,3,0,157,74,16,0,0,7,0
16033,3,0,157,75,16,0,0,7,0
16034,3,0,157,76,16,2,0,7,0
16035,3,0,157,77,16,0,0,7,0
16036,3,0,157,78,16,0,0,7,0
16037,3,0,157,79,16,2,0,7,0
16038,3,0,157,80,16,2,0,7,0
16039,3,0,157,81,16,0,0,7,0
16040,3,0,157,82,16,1,0,7,0
16041,3,0,157,83,16,2,0,7,0
16042,3,0,157,84,16,0,0,7,0
16043,3,0,157,85,16,0,0,7,0
16044,3,0,157,86,16,1,0,7,0
16045,3,0,157,87,16,0,0,7,0
16046,3,0,157,88,16,0,0,7,0
16047,3,0,157,89,16,2,0,7,0
16048,3,0,157,90,16,1,0,7,0
16049,3,0,157,91,16,0,0,7,0
16050,3,0,157,92,16,2,0,7,0
16051,3,0,157,93,16,2,0,7,0
16052,3,0,157,94,16,0,0,7,0
16053,3,0,157,95,16,0,0,7,0
16054,3,0,157,96,16,2,0,7,0
16055,3,0,157,97,16,0,0,7,0
16056,3,0,157,98,16,0,0,7,0
16057,3,0,157,99,16,1,0,7,1
16058,2,0,158,99,16,1,0,8,0
16059,3,0,158,0,16,2,0,8,0
16060,3,0,158,1,16,0,0,8,0
16061,3,0,158,2,16,2,0,8,0
16062,3,0,158,3,16,1,0,8,0
16063,3,0,158,4,16,0,0,8,0
16064,3,0,158,5,16,0,0,8,0
16065,3,0,158,6,16,2,0,8,1
16066,3,0,158,7,16,0,0,8,0
16067,3,0,158,8,16,0,0,8,0
16068,3,0,158,9,16,2,0,8,0
16069,3,0,158,10,16,2,0,8,0
16070,3,0,158,11,16,0,0,8,0
16071,3,0,158,12,16,1,0,8,0
16072,3,0,158,13,16,2,0,8,0
16073,3,0,158,14,16,0,0,8,0
16074,3,0,158,15,16,0,0,8,0
16075,3,0,158,16,16,1,0,8,0
16076,3,0,158,17,16,0,0,8,0
16077,3,0,158,18,16,0,0,8,0
16078,3,0,158,19,16,2,0,8,1
16079,3,0,158,20,16,1,0,8,0
16080,3,0,158,21,16,0,0,8,0
16081,3,0,158,22,16,2,0,8,0
16082,3,0,158,23,16,2,0,8,0
16083,3,0,158,24,16,0,0,8,0
16084,3,0,158,25,16,0,0,8,0
16085,3,0,158,26,16,2,0,8,0
16086,3,0,158,27,16,0,0,8,0
16087,3,0,158,28,16,0,0,8,0
16088,3,0,158,29,16,1,0,8,0
16089,3,0,158,30,16,1,0,8,0
16090,3,0,158,31,16,0,0,8,0
16091,3,0,158,32,16,2,0,8,1
16092,3,0,158,33,16,1,0,8,0
16093,3,0,158,34,16,0,0,8,0
16094,3,0,158,35,16,0,0,8,0
16095,3,0,158,36,16,2,0,8,0
16096,3,0,158,37,16,0,0,8,0
16097,3,0,158,38,16,0,0,8,0
16098,3,0,158,39,16,2,0,8,0
16099,3,0,158,40,16,2,0,8,0
16100,3,0,158,41,16,0,0,8,0
16101,3,0,158,42,16,1,0,8,0
16102,3,0,158,43,16,1,0,8,0
16103,3,0,158,44,16,0,0,8,0
16104,3,0,158,45,16,0,0,8,1
16105,3,0,158,46,16,1,0,8,0
16106,3,0,158,47,16,0,0,8,0
16107,3,0,158,48,16,0,0,8,0
16108,3,0,158,49,16,2,0,8,0
16109,3,0,158,50,16,2,0,8,0
16110,3,0,158,51,16,0,0,8,0
16111,3,0,158,52,16,2,0,8,0
16112,3,0,158,53,16,2,0,8,0
16113,3,0,158,54,16,0,0,8,0
16114,3,0,158,55,16,0,0,8,0
16115,3,0,158,56,16,1,0,8,0
16116,3,0,158,57,16,0,0,8,0
16117,3,0,158,58,16,0,0,8,1
16118,3,0,158,59,16,1,0,8,0
16119,3,0,158,60,16,1,0,8,0
16120,3,0,158,61,16,0,0,8,0
16121,3,0,158,62,16,2,0,8,0
16122,3,0,158,63,16,2,0,8,0
16123,3,0,158,64,16,0,0,8,0
16124,3,0,158,65,16,0,0,8,0
16125,3,0,158,66,16,2,0,8,0
16126,3,0,158,67,16,0,0,8,0
16127,3,0,158,68,16,0,0,8,0
16128,3,0,158,69,16,1,0,8,0
16129,3,0,158,70,16,2,0,8,0
16130,3,0,158,71,16,0,0,8,0
16131,3,0,158,72,16,1,0,8,0
16132,3,0,158,73,16,1,0,8,0
16133,3,0,158,74,16,0,0,8,0
16134,3,0,158,75,16,0,0,8,0
16135,3,0,158,76,16,2,0,8,0
16136,3,0,158,77,16,0,0,8,0
16137,3,0,158,78,16,0,0,8,0
16138,3,0,158,79,16,2,0,8,0
16139,3,0,158,80,16,2,0,8,0
16140,3,0,158,81,16,0,0,8,0
16141,3,0,158,82,16,1,0,8,0
16142,3,0,158,83,16,2,0,8,0
16143,3,0,158,84,16,0,0,8,0
16144,3,0,158,85,16,0,0,8,0
16145,3,0,158,86,16,1,0,8,0
16146,3,0,158,87,16,0,0,8,0
16147,3,0,158,88,16,0,0,8,0
16148,3,0,158,89,16,2,0,8,0
16149,3,0,158,90,16,1,0,8,0
16150,3,0,158,91,16,0,0,8,0
16151,3,0,158,92,16,2,0,8,0
16152,3,0,158,93,16,2,0,8,0
16153,3,0,158,94,16,0,0,8,0
16154,3,0,158,95,16,0,0,8,0
16155,3,0,158,96,16,2,0,8,0
16156,3,0,158,97,16,0,0,8,0
16157,3,0,158,98,16,0,0,8,0
16158,3,0,158,99,16,1,0,8,0
16159,2,0,159,99,16,1,0,9,0
16160,3,0,159,0,16,2,0,9,0
16161,3,0,159,1,16,0,0,9,0
16162,3,0,159,2,16,2,0,9,0
16163,3,0,159,3,16,1,0,9,0
16164,3,0,159,4,16,0,0,9,0
16165,3,0,159,5,16,0,0,9,0
16166,3,0,159,6,16,2,0,9,0
16167,3,0,159,7,16,0,0,9,0
16168,3,0,159,8,16,0,0,9,0
16169,3,0,159,9,16,2,0,9,0
16170,3,0,159,10,16,2,0,9,0
16171,3,0,159,11,16,0,0,9,0
16172,3,0,159,12,16,1,0,9,0
16173,3,0,159,13,16,2,0,9,1
16174,3,0,159,14,16,0,0,9,0
16175,3,0,159,15,16,0,0,9,0
16176,3,0,159,16,16,1,0,9,0
16177,3,0,159,17,16,0,0,9,0
16178,3,0,159,18,16,0,0,9,0
16179,3,0,159,19,16,2,0,9,0
16180,3,0,159,20,16,1,0,9,0
16181,3,0,159,21,16,0,0,9,0
16182,3,0,159,22,16,2,0,9,0
16183,3,0,159,23,16,2,0,9,0
16184,3,0,159,24,16,0,0,9,0
16185,3,0,159,25,16,0,0,9,0
16186,3,0,159,26,16,2,0,9,1
16187,3,0,159,27,16,0,0,9,0
16188,3,0,159,28,16,0,0,9,0
16189,3,0,159,29,16,1,0,9,0
16190,3,0,159,30,16,1,0,9,0
16191,3,0,159,31,16,0,0,9,0
16192,3,0,159,32,16,2,0,9,0
16193,3,0,159,33,16,1,0,9,0
16194,3,0,159,34,16,0,0,9,0
16195,3,0,159,35,16,0,0,9,0
16196,3,0,159,36,16,2,0,9,0
16197,3,0,159,37,16,0,0,9,0
16198,3,0,159,38,16,0,0,9,0
16199,3,0,159,39,16,2,0,9,1
16200,3,0,159,40,16,2,0,9,0
16201,3,0,159,41,16,0,0,9,0
16202,3,0,159,42,16,1,0,9,0
16203,3,0,159,43,16,1,0,9,0
16204,3,0,159,44,16,0,0,9,0
16205,3,0,159,45,16,0,0,9,0
16206,3,0,159,46,16,1,0,9,0
16207,3,0,159,47,16,0,0,9,0
16208,3,0,159,48,16,0,0,9,0
16209,3,0,159,49,16,2,0,9,0
16210,3,0,159,50,16,2,0,9,0
16211,3,0,159,51,16,0,0,9,0
16212,3,0,159,52,16,2,0,9,1
16213,3,0,159,53,16,2,0,9,0
16214,3,0,159,54,16,0,0,9,0
16215,3,0,159,55,16,0,0,9,0
16216,3,0,159,56,16,1,0,9,0
16217,3,0,159,57,16,0,0,9,0
16218,3,0,159,58,16,0,0,9,0
16219,3,0,159,59,16,1,0,9,0
16220,3,0,159,60,16,1,0,9,0
16221,3,0,159,61,16,0,0,9,0
16222,3,0,159,62,16,2,0,9,0
16223,3,0,159,63,16,2,0,9,0
16224,3,0,159,64,16,0,0,9,0
16225,3,0,159,65,16,0,0,9,1
16226,3,0,159,66,16,2,0,9,0
16227,3,0,159,67,16,0,0,9,0
16228,3,0,159,68,16,0,0,9,0
16229,3,0,159,69,16,1,0,9,0
16230,3,0,159,70,16,2,0,9,0
16231,3,0,159,71,16,0,0,9,0
16232,3,0,159,72,16,1,0,9,0
16233,3,0,159,73,16,1,0,9,0
16234,3,0,159,74,16,0,0,9,0
16235,3,0,159,75,16,0,0,9,0
16236,3,0,159,76,16,2,0,9,0
16237,3,0,159,77,16,0,0,9,0
16238,3,0,159,78,16,0,0,9,0
16239,3,0,159,79,16,2,0,9,0
16240,3,0,159,80,16,2,0,9,0
16241,3,0,159,81,16,0,0,9,0
16242,3,0,159,82,16,1,0,9,0
16243,3,0,159,83,16,2,0,9,0
16244,3,0,159,84,16,0,0,9,0
16245,3,0,159,85,16,0,0,9,0
16246,3,0,159,86,16,1,0,9,0
16247,3,0,159,87,16,0,0,9,0
16248,3,0,159,88,16,0,0,9,0
16249,3,0,159,89,16,2,0,9,0
16250,3,0,159,90,16,1,0,9,0
16251,3,0,159,91,16,0,0,9,0
16252,3,0,159,92,16,2,0,9,0
16253,3,0,159,93,16,2,0,9,0
16254,3,0,159,94,16,0,0,9,0
16255,3,0,159,95,16,0,0,9,0
16256,3,0,159,96,16,2,0,9,0
16257,3,0,159,97,16,0,0,9,0
16258,3,0,159,98,16,0,0,9,0
16259,3,0,159,99,16,1,0,9,0
16260,2,0,160,99,16,1,0,0,0
16261,3,0,160,0,16,2,1,0,0
16262,3,0,160,1,16,0,1,0,0
16263,3,0,160,2,16,2,1,0,0
16264,3,0,160,3,16,1,1,0,0
16265,3,0,160,4,16,0,1,0,0
16266,3,0,160,5,16,0,1,0,0
16267,3,0,160,6,16,2,1,0,0
16268,3,0,160,7,16,0,1,0,0
16269,3,0,160,8,16,0,1,0,0
16270,3,0,160,9,16,2,1,0,0
16271,3,0,160,10,16,2,1,0,0
16272,3,0,160,11,16,0,1,0,0
16273,3,0,160,12,16,1,1,0,0
16274,3,0,160,13,16,2,1,0,0
16275,3,0,160,14,16,0,1,0,0
16276,3,0,160,15,16,0,1,0,0
16277,3,0,160,16,16,1,1,0,0
16278,3,0,160,17,16,0,1,0,0
16279,3,0,160,18,16,0,1,0,0
16280,3,0,160,19,16,2,1,0,0
16281,3,0,160,20,16,1,1,0,1
16282,3,0,160,21,16,0,1,0,0
16283,3,0,160,22,16,2,1,0,0
16284,3,0,160,23,16,2,1,0,0
16285,3,0,160,24,16,0,1,0,0
16286,3,0,160,25,16,0,1,0,0
16287,3,0,160,26,16,2,1,0,0
16288,3,0,160,27,16,0,1,0,0
16289,3,0,160,28,16,0,1,0,0
16290,3,0,160,29,16,1,1,0,0
16291,3,0,160,30,16,1,1,0,0
16292,3,0,160,31,16,0,1,0,0
16293,3,0,160,32,16,2,1,0,0
16294,3,0,160,33,16,1,1,0,1
16295,3,0,160,34,16,0,1,0,0
16296,3,0,160,35,16,0,1,0,0
16297,3,0,160,36,16,2,1,0,0
16298,3,0,160,37,16,0,1,0,0
16299,3,0,160,38,16,0,1,0,0
16300,3,0,160,39,16,2,1,0,0
16301,3,0,160,40,16,2,1,0,0
16302,3,0,160,41,16,0,1,0,0
16303,3,0,160,42,16,1,1,0,0
16304,3,0,160,43,16,1,1,0,0
16305,3,0,160,44,16,0,1,0,0
16306,3,0,160,45,16,0,1,0,0
16307,3,0,160,46,16,1,1,0,1
16308,3,0,160,47,16,0,1,0,0
16309,3,0,160,48,16,0,1,0,0
16310,3,0,160,49,16,2,1,0,0
16311,3,0,160,50,16,2,1,0,0
16312,3,0,160,51,16,0,1,0,0
16313,3,0,160,52,16,2,1,0,0
16314,3,0,160,53,16,2,1,0,0
16315,3,0,160,54,16,0,1,0,0
16316,3,0,160,55,16,0,1,0,0
16317,3,0,160,56,16,1,1,0,0
16318,3,0,160,57,16,0,1,0,0
16319,3,0,160,58,16,0,1,0,0
16320,3,0,160,59,16,1,1,0,1
16321,3,0,160,60,16,1,1,0,0
16322,3,0,160,61,16,0,1,0,0
16323,3,0,160,62,16,2,1,0,0
16324,3,0,160,63,16,2,1,0,0
16325,3,0,160,64,16,0,1,0,0
16326,3,0,160,65,16,0,1,0,0
16327,3,0,160,66,16,2,1,0,0
16328,3,0,160,67,16,0,1,0,0
16329,3,0,160,68,16,0,1,0,0
16330,3,0,160,69,16,1,1,0,0
16331,3,0,160,70,16,2,1,0,0
16332,3,0,160,71,16,0,1,0,0
16333,3,0,160,72,16,1,1,0,1
16334,3,0,160,73,16,1,1,0,0
16335,3,0,160,74,16,0,1,0,0
16336,3,0,160,75,16,0,1,0,0
16337,3,0,160,76,16,2,1,0,0
16338,3,0,160,77,16,0,1,0,0
16339,3,0,160,78,16,0,1,0,0
16340,3,0,160,79,16,2,1,0,0
16341,3,0,160,80,16,2,1,0,0
16342,3,0,160,81,16,0,1,0,0
16343,3,0,160,82,16,1,1,0,0
16344,3,0,160,83,16,2,1,0,0
16345,3,0,160,84,16,0,1,0,0
16346,3,0,160,85,16,0,1,0,0
16347,3,0,160,86,16,1,1,0,0
16348,3,0,160,87,16,0,1,0,0
16349,3,0,160,88,16,0,1,0,0
16350,3,0,160,89,16,2,1,0,0
16351,3,0,160,90,16,1,1,0,0
16352,3,0,160,91,16,0,1,0,0
16353,3,0,160,92,16,2,1,0,0
16354,3,0,160,93,16,2,1,0,0
16355,3,0,160,94,16,0,1,0,0
16356,3,0,160,95,16,0,1,0,0
16357,3,0,160,96,16,2,1,0,0
16358,3,0,160,97,16,0,1,0,0
16359,3,0,160,98,16,0,1,0,0
16360,3,0,160,99,16,1,1,0,0
16361,2,0,161,99,17,1,1,1,0
16362,3,0,161,0,17,2,0,1,0
16363,3,0,161,1,17,0,0,1,0
16364,3,0,161,2,17,2,0,1,0
16365,3,0,161,3,17,1,0,1,0
16366,3,0,161,4,17,0,0,1,0
16367,3,0,161,5,17,0,0,1,0
16368,3,0,161,6,17,2,0,1,0
16369,3,0,161,7,17,0,0,1,0
16370,3,0,161,8,17,0,0,1,0
16371,3,0,161,9,17,2,0,1,0
16372,3,0,161,10,17,2,0,1,0
16373,3,0,161,11,17,0,0,1,0
16374,3,0,161,12,17,1,0,1,0
16375,3,0,161,13,17,2,0,1,0
16376,3,0,161,14,17,0,0,1,0
16377,3,0,161,15,17,0,0,1,0
16378,3,0,161,16,17,1,0,1,0
16379,3,0,161,17,17,0,0,1,0
16380,3,0,161,18,17,0,0,1,0
16381,3,0,161,19,17,2,0,1,0
16382,3,0,161,20,17,2,0,1,0
16383,3,0,161,21,17,0,0,1,0
16384,3,0,161,22,17,2,0,1,0
16385,3,0,161,23,17,2,0,1,0
16386,3,0,161,24,17,0,0,1,0
16387,3,0,161,25,17,0,0,1,0
16388,3,0,161,26,17,2,0,1,0
16389,3,0,161,27,17,0,0,1,1
16390,3,0,161,28,17,0,0,1,0
16391,3,0,161,29,17,1,0,1,0
16392,3,0,161,30,17,1,0,1,0
16393,3,0,161,31,17,0,0,1,0
16394,3,0,161,32,17,2,0,1,0
16395,3,0,161,33,17,2,0,1,0
16396,3,0,161,34,17,0,0,1,0
16397,3,0,161,35,17,0,0,1,0
16398,3,0,161,36,17,2,0,1,0
16399,3,0,161,37,17,0,0,1,0
16400,3,0,161,38,17,0,0,1,0
16401,3,0,161,39,17,2,0,1,0
16402,3,0,161,40,17,2,0,1,1
16403,3,0,161,41,17,0,0,1,0
16404,3,0,161,42,17,1,0,1,0
16405,3,0,161,43,17,1,0,1,0
16406,3,0,161,44,17,0,0,1,0
16407,3,0,161,45,17,0,0,1,0
16408,3,0,161,46,17,2,0,1,0
16409,3,0,161,47,17,0,0,1,0
16410,3,0,161,48,17,0,0,1,0
16411,3,0,161,49,17,2,0,1,0
16412,3,0,161,50,17,2,0,1,0
16413,3,0,161,51,17,0,0,1,0
16414,3,0,161,52,17,2,0,1,0
16415,3,0,161,53,17,2,0,1,1
16416,3,0,161,54,17,0,0,1,0
16417,3,0,161,55,17,0,0,1,0
16418,3,0,161,56,17,1,0,1,0
16419,3,0,161,57,17,0,0,1,0
16420,3,0,161,58,17,0,0,1,0
16421,3,0,161,59,17,2,0,1,0
16422,3,0,161,60,17,1,0,1,0
16423,3,0,161,61,17,0,0,1,0
16424,3,0,161,62,17,2,0,1,0
16425,3,0,161,63,17,2,0,1,0
16426,3,0,161,64,17,0,0,1,0
16427,3,0,161,65,17,0,0,1,0
16428,3,0,161,66,17,2,0,1,1
16429,3,0,161,67,17,0,0,1,0
16430,3,0,161,68,17,0,0,1,0
16431,3,0,161,69,17,1,0,1,0
16432,3,0,161,70,17,2,0,1,0
16433,3,0,161,71,17,0,0,1,0
16434,3,0,161,72,17,2,0,1,0
16435,3,0,161,73,17,1,0,1,0
16436,3,0,161,74,17,0,0,1,0
16437,3,0,161,75,17,0,0,1,0
16438,3,0,161,76,17,2,0,1,0
16439,3,0,161,77,17,0,0,1,0
16440,3,0,161,78,17,0,0,1,0
16441,3,0,161,79,17,2,0,1,1
16442,3,0,161,80,17,2,0,1,0
16443,3,0,161,81,17,0,0,1,0
16444,3,0,161,82,17,1,0,1,0
16445,3,0,161,83,17,2,0,1,0
16446,3,0,161,84,17,0,0,1,0
16447,3,0,161,85,17,0,0,1,0
16448,3,0,161,86,17,1,0,1,0
16449,3,0,161,87,17,0,0,1,0
16450,3,0,161,88,17,0,0,1,0
16451,3,0,161,89,17,2,0,1,0
16452,3,0,161,90,17,1,0,1,0
16453,3,0,161,91,17,0,0,1,0
16454,3,0,161,92,17,2,0,1,0
16455,3,0,161,93,17,2,0,1,0
16456,3,0,161,94,17,0,0,1,0
16457,3,0,161,95,17,0,0,1,0
16458,3,0,161,96,17,2,0,1,0
16459,3,0,161,97,17,0,0,1,0
16460,3,0,161,98,17,0,0,1,0
16461,3,0,161,99,17,1,0,1,0
16462,2,0,162,99,17,1,0,2,0
16463,3,0,162,0,17,2,0,2,0
16464,3,0,162,1,17,0,0,2,0
16465,3,0,162,2,17,2,0,2,0
16466,3,0,162,3,17,1,0,2,0
16467,3,0,162,4,17,0,0,2,0
16468,3,0,162,5,17,0,0,2,0
16469,3,0,162,6,17,2,0,2,0
16470,3,0,162,7,17,0,0,2,0
16471,3,0,162,8,17,0,0,2,0
16472,3,0,162,9,17,2,0,2,0
16473,3,0,162,10,17,2,0,2,0
16474,3,0,162,11,17,0,0,2,0
16475,3,0,162,12,17,1,0,2,0
16476,3,0,162,13,17,2,0,2,0
16477,3,0,162,14,17,0,0,2,0
16478,3,0,162,15,17,0,0,2,0
16479,3,0,162,16,17,1,0,2,0
16480,3,0,162,17,17,0,0,2,0
16481,3,0,162,18,17,0,0,2,0
16482,3,0,162,19,17,2,0,2,0
16483,3,0,162,20,17,2,0,2,0
16484,3,0,162,21,17,0,0,2,0
16485,3,0,162,22,17,2,0,2,0
16486,3,0,162,23,17,2,0,2,0
16487,3,0,162,24,17,0,0,2,0
16488,3,0,162,25,17,0,0,2,0
16489,3,0,162,26,17,2,0,2,0
16490,3,0,162,27,17,0,0,2,0
16491,3,0,162,28,17,0,0,2,0
16492,3,0,162,29,17,1,0,2,0
16493,3,0,162,30,17,1,0,2,0
16494,3,0,162,31,17,0,0,2,0
16495,3,0,162,32,17,2,0,2,0
16496,3,0,162,33,17,2,0,2,0
16497,3,0,162,34,17,0,0,2,1
16498,3,0,162,35,17,0,0,2,0
16499,3,0,162,36,17,2,0,2,0
16500,3,0,162,37,17,0,0,2,0
16501,3,0,162,38,17,0,0,2,0
16502,3,0,162,39,17,2,0,2,0
16503,3,0,162,40,17,2,0,2,0
16504,3,0,162,41,17,0,0,2,0
16505,3,0,162,42,17,1,0,2,0
16506,3,0,162,43,17,1,0,2,0
16507,3,0,162,44,17,0,0,2,0
16508,3,0,162,45,17,0,0,2,0
16509,3,0,162,46,17,2,0,2,0
16510,3,0,162,47,17,0,0,2,1
16511,3,0,162,48,17,0,0,2,0
16512,3,0,162,49,17,2,0,2,0
16513,3,0,162,50,17,2,0,2,0
16514,3,0,162,51,17,0,0,2,0
16515,3,0,162,52,17,2,0,2,0
16516,3,0,162,53,17,2,0,2,0
16517,3,0,162,54,17,0,0,2,0
16518,3,0,162,55,17,0,0,2,0
16519,3,0,162,56,17,1,0,2,0
16520,3,0,162,57,17,0,0,2,0
16521,3,0,162,58,17,0,0,2,0
16522,3,0,162,59,17,2,0,2,0
16523,3,0,162,60,17,1,0,2,1
16524,3,0,162,61,17,0,0,2,0
16525,3,0,162,62,17,2,0,2,0
16526,3,0,162,63,17,2,0,2,0
16527,3,0,162,64,17,0,0,2,0
16528,3,0,162,65,17,0,0,2,0
16529,3,0,162,66,17,2,0,2,0
16530,3,0,162,67,17,0,0,2,0
16531,3,0,162,68,17,0,0,2,0
16532,3,0,162,69,17,1,0,2,0
16533,3,0,162,70,17,2,0,2,0
16534,3,0,162,71,17,0,0,2,0
16535,3,0,162,72,17,2,0,2,0
16536,3,0,162,73,17,1,0,2,1
16537,3,0,162,74,17,0,0,2,0
16538,3,0,162,75,17,0,0,2,0
16539,3,0,162,76,17,2,0,2,0
16540,3,0,162,77,17,0,0,2,0
16541,3,0,162,78,17,0,0,2,0
16542,3,0,162,79,17,2,0,2,0
16543,3,0,162,80,17,2,0,2,0
16544,3,0,162,81,17,0,0,2,0
16545,3,0,162,82,17,1,0,2,0
16546,3,0,162,83,17,2,0,2,0
16547,3,0,162,84,17,0,0,2,0
16548,3,0,162,85,17,0,0,2,0
16549,3,0,162,86,17,1,0,2,1
16550,3,0,162,87,17,0,0,2,0
16551,3,0,162,88,17,0,0,2,0
16552,3,0,162,89,17,2,0,2,0
16553,3,0,162,90,17,1,0,2,0
16554,3,0,162,91,17,0,0,2,0
16555,3,0,162,92,17,2,0,2,0
16556,3,0,162,93,17,2,0,2,0
16557,3,0,162,94,17,0,0,2,0
16558,3,0,162,95,17,0,0,2,0
16559,3,0,162,96,17,2,0,2,0
16560,3,0,162,97,17,0,0,2,0
16561,3,0,162,98,17,0,0,2,0
16562,3,0,162,99,17,1,0,2,0
16563,2,0,163,99,17,1,0,3,0
16564,3,0,163,0,17,2,0,3,0
16565,3,0,163,1,17,0,0,3,0
16566,3,0,163,2,17,2,0,3,0
16567,3,0,163,3,17,1,0,3,0
16568,3,0,163,4,17,0,0,3,0
16569,3,0,163,5,17,0,0,3,0
16570,3,0,163,6,17,2,0,3,0
16571,3,0,163,7,17,0,0,3,0
16572,3,0,163,8,17,0,0,3,0
16573,3,0,163,9,17,2,0,3,0
16574,3,0,163,10,17,2,0,3,0
16575,3,0,163,11,17,0,0,3,0
16576,3,0,163,12,17,1,0,3,0
16577,3,0,163,13,17,2,0,3,0
16578,3,0,163,14,17,0,0,3,0
16579,3,0,163,15,17,0,0,3,0
16580,3,0,163,16,17,1,0,3,0
16581,3,0,163,17,17,0,0,3,0
16582,3,0,163,18,17,0,0,3,0
16583,3,0,163,19,17,2,0,3,0
16584,3,0,163,20,17,2,0,3,0
16585,3,0,163,21,17,0,0,3,0
16586,3,0,163,22,17,2,0,3,0
16587,3,0,163,23,17,2,0,3,0
16588,3,0,163,24,17,0,0,3,0
16589,3,0,163,25,17,0,0,3,0
16590,3,0,163,26,17,2,0,3,0
16591,3,0,163,27,17,0,0,3,0
16592,3,0,163,28,17,0,0,3,0
16593,3,0,163,29,17,1,0,3,0
16594,3,0,163,30,17,1,0,3,0
16595,3,0,163,31,17,0,0,3,0
16596,3,0,163,32,17,2,0,3,0
16597,3,0,163,33,17,2,0,3,0
16598,3,0,163,34,17,0,0,3,0
16599,3,0,163,35,17,0,0,3,0
16600,3,0,163,36,17,2,0,3,0
16601,3,0,163,37,17,0,0,3,0
16602,3,0,163,38,17,0,0,3,0
16603,3,0,163,39,17,2,0,3,0
16604,3,0,163,40,17,2,0,3,0
16605,3,0,163,41,17,0,0,3,1
16606,3,0,163,42,17,1,0,3,0
16607,3,0,163,43,17,1,0,3,0
16608,3,0,163,44,17,0,0,3,0
16609,3,0,163,45,17,0,0,3,0
16610,3,0,163,46,17,2,0,3,0
16611,3,0,163,47,17,0,0,3,0
16612,3,0,163,48,17,0,0,3,0
16613,3,0,163,49,17,2,0,3,0
16614,3,0,163,50,17,2,0,3,0
16615,3,0,163,51,17,0,0,3,0
16616,3,0,163,52,17,2,0,3,0
16617,3,0,163,53,17,2,0,3,0
16618,3,0,163,54,17,0,0,3,1
16619,3,0,163,55,17,0,0,3,0
16620,3,0,163,56,17,1,0,3,0
16621,3,0,163,57,17,0,0,3,0
16622,3,0,163,58,17,0,0,3,0
16623,3,0,163,59,17,2,0,3,0
16624,3,0,163,60,17,1,0,3,0
16625,3,0,163,61,17,0,0,3,0
16626,3,0,163,62,17,2,0,3,0
16627,3,0,163,63,17,2,0,3,0
16628,3,0,163,64,17,0,0,3,0
16629,3,0,163,65,17,0,0,3,0
16630,3,0,163,66,17,2,0,3,0
16631,3,0,163,67,17,0,0,3,1
16632,3,0,163,68,17,0,0,3,0
16633,3,0,163,69,17,1,0,3,0
16634,3,0,163,70,17,2,0,3,0
16635,3,0,163,71,17,0,0,3,0
16636,3,0,163,72,17,2,0,3,0
16637,3,0,163,73,17,1,0,3,0
16638,3,0,163,74,17,0,0,3,0
16639,3,0,163,75,17,0,0,3,0
16640,3,0,163,76,17,2,0,3,0
16641,3,0,163,77,17,0,0,3,0
16642,3,0,163,78,17,0,0,3,0
16643,3,0,163,79,17,2,0,3,0
16644,3,0,163,80,17,2,0,3,1
16645,3,0,163,81,17,0,0,3,0
16646,3,0,163,82,17,1,0,3,0
16647,3,0,163,83,17,2,0,3,0
16648,3,0,163,84,17,0,0,3,0
16649,3,0,163,85,17,0,0,3,0
16650,3,0,163,86,17,1,0,3,0
16651,3,0,163,87,17,0,0,3,0
16652,3,0,163,88,17,0,0,3,0
16653,3,0,163,89,17,2,0,3,0
16654,3,0,163,90,17,1,0,3,0
16655,3,0,163,91,17,0,0,3,0
16656,3,0,163,92,17,2,0,3,0
16657,3,0,163,93,17,2,0,3,1
16658,3,0,163,94,17,0,0,3,0
16659,3,0,163,95,17,0,0,3,0
16660,3,0,163,96,17,2,0,3,0
16661,3,0,163,97,17,0,0,3,0
16662,3,0,163,98,17,0,0,3,0
16663,3,0,163,99,17,1,0,3,0
16664,2,0,164,99,17,1,0,4,0
16665,3,0,164,0,17,2,0,4,1
16666,3,0,164,1,17,0,0,4,0
16667,3,0,164,2,17,2,0,4,0
16668,3,0,164,3,17,1,0,4,0
16669,3,0,164,4,17,0,0,4,0
16670,3,0,164,5,17,0,0,4,0
16671,3,0,164,6,17,2,0,4,0
16672,3,0,164,7,17,0,0,4,0
16673,3,0,164,8,17,0,0,4,0
16674,3,0,164,9,17,2,0,4,0
16675,3,0,164,10,17,2,0,4,0
16676,3,0,164,11,17,0,0,4,0
16677,3,0,164,12,17,1,0,4,0
16678,3,0,164,13,17,2,0,4,0
16679,3,0,164,14,17,0,0,4,0
16680,3,0,164,15,17,0,0,4,0
16681,3,0,164,16,17,1,0,4,0
16682,3,0,164,17,17,0,0,4,0
16683,3,0,164,18,17,0,0,4,0
16684,3,0,164,19,17,2,0,4,0
16685,3,0,164,20,17,2,0,4,0
16686,3,0,164,21,17,0,0,4,0
16687,3,0,164,22,17,2,0,4,0
16688,3,0,164,23,17,2,0,4,0
16689,3,0,164,24,17,0,0,4,0
16690,3,0,164,25,17,0,0,4,0
16691,3,0,164,26,17,2,0,4,0
16692,3,0,164,27,17,0,0,4,0
16693,3,0,164,28,17,0,0,4,0
16694,3,0,164,29,17,1,0,4,0
16695,3,0,164,30,17,1,0,4,0
16696,3,0,164,31,17,0,0,4,0
16697,3,0,164,32,17,2,0,4,0
16698,3,0,164,33,17,2,0,4,0
16699,3,0,164,34,17,0,0,4,0
16700,3,0,164,35,17,0,0,4,0
16701,3,0,164,36,17,2,0,4,0
16702,3,0,164,37,17,0,0,4,0
16703,3,0,164,38,17,0,0,4,0
16704,3,0,164,39,17,2,0,4,0
16705,3,0,164,40,17,2,0,4,0
16706,3,0,164,41,17,0,0,4,0
16707,3,0,164,42,17,1,0,4,0
16708,3,0,164,43,17,1,0,4,0
16709,3,0,164,44,17,0,0,4,0
16710,3,0,164,45,17,0,0,4,0
16711,3,0,164,46,17,2,0,4,0
16712,3,0,164,47,17,0,0,4,0
16713,3,0,164,48,17,0,0,4,1
16714,3,0,164,49,17,2,0,4,0
16715,3,0,164,50,17,2,0,4,0
16716,3,0,164,51,17,0,0,4,0
16717,3,0,164,52,17,2,0,4,0
16718,3,0,164,53,17,2,0,4,0
16719,3,0,164,54,17,0,0,4,0
16720,3,0,164,55,17,0,0,4,0
16721,3,0,164,56,17,1,0,4,0
16722,3,0,164,57,17,0,0,4,0
16723,3,0,164,58,17,0,0,4,0
16724,3,0,164,59,17,2,0,4,0
16725,3,0,164,60,17,1,0,4,0
16726,3,0,164,61,17,0,0,4,1
16727,3,0,164,62,17,2,0,4,0
16728,3,0,164,63,17,2,0,4,0
16729,3,0,164,64,17,0,0,4,0
16730,3,0,164,65,17,0,0,4,0
16731,3,0,164,66,17,2,0,4,0
16732,3,0,164,67,17,0,0,4,0
16733,3,0,164,68,17,0,0,4,0
16734,3,0,164,69,17,1,0,4,0
16735,3,0,164,70,17,2,0,4,0
16736,3,0,164,71,17,0,0,4,0
16737,3,0,164,72,17,2,0,4,0
16738,3,0,164,73,17,1,0,4,0
16739,3,0,164,74,17,0,0,4,1
16740,3,0,164,75,17,0,0,4,0
16741,3,0,164,76,17,2,0,4,0
16742,3,0,164,77,17,0,0,4,0
16743,3,0,164,78,17,0,0,4,0
16744,3,0,164,79,17,2,0,4,0
16745,3,0,164,80,17,2,0,4,0
16746,3,0,164,81,17,0,0,4,0
16747,3,0,164,82,17,1,0,4,0
16748,3,0,164,83,17,2,0,4,0
16749,3,0,164,84,17,0,0,4,0
16750,3,0,164,85,17,0,0,4,0
16751,3,0,164,86,17,1,0,4,0
16752,3,0,164,87,17,0,0,4,1
16753,3,0,164,88,17,0,0,4,0
16754,3,0,164,89,17,2,0,4,0
16755,3,0,164,90,17,1,0,4,0
16756,3,0,164,91,17,0,0,4,0
16757,3,0,164,92,17,2,0,4,0
16758,3,0,164,93,17,2,0,4,0
16759,3,0,164,94,17,0,0,4,0
16760,3,0,164,95,17,0,0,4,0
16761,3,0,164,96,17,2,0,4,0
16762,3,0,164,97,17,0,0,4,0
16763,3,0,164,98,17,0,0,4,0
16764,3,0,164,99,17,1,0,4,0
16765,2,0,165,99,17,1,0,5,0
16766,3,0,165,0,17,2,0,5,0
16767,3,0,165,1,17,0,0,5,0
16768,3,0,165,2,17,2,0,5,0
16769,3,0,165,3,17,1,0,5,0
16770,3,0,165,4,17,0,0,5,0
16771,3,0,165,5,17,0,0,5,0
16772,3,0,165,6,17,2,0,5,0
16773,3,0,165,7,17,0,0,5,1
16774,3,0,165,8,17,0,0,5,0
16775,3,0,165,9,17,2,0,5,0
16776,3,0,165,10,17,2,0,5,0
16777,3,0,165,11,17,0,0,5,0
16778,3,0,165,12,17,1,0,5,0
16779,3,0,165,13,17,2,0,5,0
16780,3,0,165,14,17,0,0,5,0
16781,3,0,165,15,17,0,0,5,0
16782,3,0,165,16,17,1,0,5,0
16783,3,0,165,17,17,0,0,5,0
16784,3,0,165,18,17,0,0,5,0
16785,3,0,165,19,17,2,0,5,0
16786,3,0,165,20,17,2,0,5,0
16787,3,0,165,21,17,0,0,5,0
16788,3,0,165,22,17,2,0,5,0
16789,3,0,165,23,17,2,0,5,0
16790,3,0,165,24,17,0,0,5,0
16791,3,0,165,25,17,0,0,5,0
16792,3,0,165,26,17,2,0,5,0
16793,3,0,165,27,17,0,0,5,0
16794,3,0,165,28,17,0,0,5,0
16795,3,0,165,29,17,1,0,5,0
16796,3,0,165,30,17,1,0,5,0
16797,3,0,165,31,17,0,0,5,0
16798,3,0,165,32,17,2,0,5,0
16799,3,0,165,33,17,2,0,5,0
16800,3,0,165,34,17,0,0,5,0
16801,3,0,165,35,17,0,0,5,0
16802,3,0,165,36,17,2,0,5,0
16803,3,0,165,37,17,0,0,5,0
16804,3,0,165,38,17,0,0,5,0
16805,3,0,165,39,17,2,0,5,0
16806,3,0,165,40,17,2,0,5,0
16807,3,0,165,41,17,0,0,5,0
16808,3,0,165,42,17,1,0,5,0
16809,3,0,165,43,17,1,0,5,0
16810,3,0,165,44,17,0,0,5,0
16811,3,0,165,45,17,0,0,5,0
16812,3,0,165,46,17,2,0,5,0
16813,3,0,165,47,17,0,0,5,0
16814,3,0,165,48,17,0,0,5,0
16815,3,0,165,49,17,2,0,5,0
16816,3,0,165,50,17,2,0,5,0
16817,3,0,165,51,17,0,0,5,0
16818,3,0,165,52,17,2,0,5,0
16819,3,0,165,53,17,2,0,5,0
16820,3,0,165,54,17,0,0,5,0
16821,3,0,165,55,17,0,0,5,1
16822,3,0,165,56,17,1,0,5,0
16823,3,0,165,57,17,0,0,5,0
16824,3,0,165,58,17,0,0,5,0
16825,3,0,165,59,17,2,0,5,0
16826,3,0,165,60,17,1,0,5,0
16827,3,0,165,61,17,0,0,5,0
16828,3,0,165,62,17,2,0,5,0
16829,3,0,165,63,17,2,0,5,0
16830,3,0,165,64,17,0,0,5,0
16831,3,0,165,65,17,0,0,5,0
16832,3,0,165,66,17,2,0,5,0
16833,3,0,165,67,17,0,0,5,0
16834,3,0,165,68,17,0,0,5,1
16835,3,0,165,69,17,1,0,5,0
16836,3,0,165,70,17,2,0,5,0
16837,3,0,165,71,17,0,0,5,0
16838,3,0,165,72,17,2,0,5,0
16839,3,0,165,73,17,1,0,5,0
16840,3,0,165,74,17,0,0,5,0
16841,3,0,165,75,17,0,0,5,0
16842,3,0,165,76,17,2,0,5,0
16843,3,0,165,77,17,0,0,5,0
16844,3,0,165,78,17,0,0,5,0
16845,3,0,165,79,17,2,0,5,0
16846,3,0,165,80,17,2,0,5,0
16847,3,0,165,81,17,0,0,5,1
16848,3,0,165,82,17,1,0,5,0
16849,3,0,165,83,17,2,0,5,0
16850,3,0,165,84,17,0,0,5,0
16851,3,0,165,85,17,0,0,5,0
16852,3,0,165,86,17,1,0,5,0
16853,3,0,165,87,17,0,0,5,0
16854,3,0,165,88,17,0,0,5,0
16855,3,0,165,89,17,2,0,5,0
16856,3,0,165,90,17,1,0,5,0
16857,3,0,165,91,17,0,0,5,0
16858,3,0,165,92,17,2,0,5,0
16859,3,0,165,93,17,2,0,5,0
16860,3,0,165,94,17,0,0,5,1
16861,3,0,165,95,17,0,0,5,0
16862,3,0,165,96,17,2,0,5,0
16863,3,0,165,97,17,0,0,5,0
16864,3,0,165,98,17,0,0,5,0
16865,3,0,165,99,17,1,0,5,0
16866,2,0,166,99,17,1,0,6,0
16867,3,0,166,0,17,2,0,6,0
16868,3,0,166,1,17,0,0,6,1
16869,3,0,166,2,17,2,0,6,0
16870,3,0,166,3,17,1,0,6,0
16871,3,0,166,4,17,0,0,6,0
16872,3,0,166,5,17,0,0,6,0
16873,3,0,166,6,17,2,0,6,0
16874,3,0,166,7,17,0,0,6,0
16875,3,0,166,8,17,0,0,6,0
16876,3,0,166,9,17,2,0,6,0
16877,3,0,166,10,17,2,0,6,0
16878,3,0,166,11,17,0,0,6,0
16879,3,0,166,12,17,1,0,6,0
16880,3,0,166,13,17,2,0,6,0
16881,3,0,166,14,17,0,0,6,1
16882,3,0,166,15,17,0,0,6,0
16883,3,0,166,16,17,1,0,6,0
16884,3,0,166,17,17,0,0,6,0
16885,3,0,166,18,17,0,0,6,0
16886,3,0,166,19,17,2,0,6,0
16887,3,0,166,20,17,2,0,6,0
16888,3,0,166,21,17,0,0,6,0
16889,3,0,166,22,17,2,0,6,0
16890,3,0,166,23,17,2,0,6,0
16891,3,0,166,24,17,0,0,6,0
16892,3,0,166,25,17,0,0,6,0
16893,3,0,166,26,17,2,0,6,0
16894,3,0,166,27,17,0,0,6,0
16895,3,0,166,28,17,0,0,6,0
16896,3,0,166,29,17,1,0,6,0
16897,3,0,166,30,17,1,0,6,0
16898,3,0,166,31,17,0,0,6,0
16899,3,0,166,32,17,2,0,6,0
16900,3,0,166,33,17,2,0,6,0
16901,3,0,166,34,17,0,0,6,0
16902,3,0,166,35,17,0,0,6,0
16903,3,0,166,36,17,2,0,6,0
16904,3,0,166,37,17,0,0,6,0
16905,3,0,166,38,17,0,0,6,0
16906,3,0,166,39,17,2,0,6,0
16907,3,0,166,40,17,2,0,6,0
16908,3,0,166,41,17,0,0,6,0
16909,3,0,166,42,17,1,0,6,0
16910,3,0,166,43,17,1,0,6,0
16911,3,0,166,44,17,0,0,6,0
16912,3,0,166,45,17,0,0,6,0
16913,3,0,166,46,17,2,0,6,0
16914,3,0,166,47,17,0,0,6,0
16915,3,0,166,48,17,0,0,6,0
16916,3,0,166,49,17,2,0,6,0
16917,3,0,166,50,17,2,0,6,0
16918,3,0,166,51,17,0,0,6,0
16919,3,0,166,52,17,2,0,6,0
16920,3,0,166,53,17,2,0,6,0
16921,3,0,166,54,17,0,0,6,0
16922,3,0,166,55,17,0,0,6,0
16923,3,0,166,56,17,1,0,6,0
16924,3,0,166,57,17,0,0,6,0
16925,3,0,166,58,17,0,0,6,0
16926,3,0,166,59,17,2,0,6,0
16927,3,0,166,60,17,1,0,6,0
16928,3,0,166,61,17,0,0,6,0
16929,3,0,166,62,17,2,0,6,1
16930,3,0,166,63,17,2,0,6,0
16931,3,0,166,64,17,0,0,6,0
16932,3,0,166,65,17,0,0,6,0
16933,3,0,166,66,17,2,0,6,0
16934,3,0,166,67,17,0,0,6,0
16935,3,0,166,68,17,0,0,6,0
16936,3,0,166,69,17,1,0,6,0
16937,3,0,166,70,17,2,0,6,0
16938,3,0,166,71,17,0,0,6,0
16939,3,0,166,72,17,2,0,6,0
16940,3,0,166,73,17,1,0,6,0
16941,3,0,166,74,17,0,0,6,0
16942,3,0,166,75,17,0,0,6,1
16943,3,0,166,76,17,2,0,6,0
16944,3,0,166,77,17,0,0,6,0
16945,3,0,166,78,17,0,0,6,0
16946,3,0,166,79,17,2,0,6,0
16947,3,0,166,80,17,2,0,6,0
16948,3,0,166,81,17,0,0,6,0
16949,3,0,166,82,17,1,0,6,0
16950,3,0,166,83,17,2,0,6,0
16951,3,0,166,84,17,0,0,6,0
16952,3,0,166,85,17,0,0,6,0
16953,3,0,166,86,17,1,0,6,0
16954,3,0,166,87,17,0,0,6,0
16955,3,0,166,88,17,0,0,6,1
16956,3,0,166,89,17,2,0,6,0
16957,3,0,166,90,17,1,0,6,0
16958,3,0,166,91,17,0,0,6,0
16959,3,0,166,92,17,2,0,6,0
16960,3,0,166,93,17,2,0,6,0
16961,3,0,166,94,17,0,0,6,0
16962,3,0,166,95,17,0,0,6,0
16963,3,0,166,96,17,2,0,6,0
16964,3,0,166,97,17,0,0,6,0
16965,3,0,166,98,17,0,0,6,0
16966,3,0,166,99,17,1,0,6,0
16967,2,0,167,99,17,1,0,7,0
16968,3,0,167,0,17,2,0,7,0
16969,3,0,167,1,17,0,0,7,0
16970,3,0,167,2,17,2,0,7,0
16971,3,0,167,3,17,1,0,7,0
16972,3,0,167,4,17,0,0,7,0
16973,3,0,167,5,17,0,0,7,0
16974,3,0,167,6,17,2,0,7,0
16975,3,0,167,7,17,0,0,7,0
16976,3,0,167,8,17,0,0,7,1
16977,3,0,167,9,17,2,0,7,0
16978,3,0,167,10,17,2,0,7,0
16979,3,0,167,11,17,0,0,7,0
16980,3,0,167,12,17,1,0,7,0
16981,3,0,167,13,17,2,0,7,0
16982,3,0,167,14,17,0,0,7,0
16983,3,0,167,15,17,0,0,7,0
16984,3,0,167,16,17,1,0,7,0
16985,3,0,167,17,17,0,0,7,0
16986,3,0,167,18,17,0,0,7,0
16987,3,0,167,19,17,2,0,7,0
16988,3,0,167,20,17,2,0,7,0
16989,3,0,167,21,17,0,0,7,1
16990,3,0,167,22,17,2,0,7,0
16991,3,0,167,23,17,2,0,7,0
16992,3,0,167,24,17,0,0,7,0
16993,3,0,167,25,17,0,0,7,0
16994,3,0,167,26,17,2,0,7,0
16995,3,0,167,27,17,0,0,7,0
16996,3,0,167,28,17,0,0,7,0
16997,3,0,167,29,17,1,0,7,0
16998,3,0,167,30,17,1,0,7,0
16999,3,0,167,31,17,0,0,7,0
17000,3,0,167,32,17,2,0,7,0
17001,3,0,167,33,17,2,0,7,0
17002,3,0,167,34,17,0,0,7,0
17003,3,0,167,35,17,0,0,7,0
17004,3,0,167,36,17,2,0,7,0
17005,3,0,167,37,17,0,0,7,0
17006,3,0,167,38,17,0,0,7,0
17007,3,0,167,39,17,2,0,7,0
17008,3,0,167,40,17,2,0,7,0
17009,3,0,167,41,17,0,0,7,0
17010,3,0,167,42,17,1,0,7,0
17011,3,0,167,43,17,1,0,7,0
17012,3,0,167,44,17,0,0,7,0
17013,3,0,167,45,17,0,0,7,0
17014,3,0,167,46,17,2,0,7,0
17015,3,0,167,47,17,0,0,7,0
17016,3,0,167,48,17,0,0,7,0
17017,3,0,167,49,17,2,0,7,0
17018,3,0,167,50,17,2,0,7,0
17019,3,0,167,51,17,0,0,7,0
17020,3,0,167,52,17,2,0,7,0
17021,3,0,167,53,17,2,0,7,0
17022,3,0,167,54,17,0,0,7,0
17023,3,0,167,55,17,0,0,7,0
17024,3,0,167,56,17,1,0,7,0
17025,3,0,167,57,17,0,0,7,0
17026,3,0,167,58,17,0,0,7,0
17027,3,0,167,59,17,2,0,7,0
17028,3,0,167,60,17,1,0,7,0
17029,3,0,167,61,17,0,0,7,0
17030,3,0,167,62,17,2,0,7,0
17031,3,0,167,63,17,2,0,7,0
17032,3,0,167,64,17,0,0,7,0
17033,3,0,167,65,17,0,0,7,0
17034,3,0,167,66,17,2,0,7,0
17035,3,0,167,67,17,0,0,7,0
17036,3,0,167,68,17,0,0,7,0
17037,3,0,167,69,17,1,0,7,1
17038,3,0,167,70,17,2,0,7,0
17039,3,0,167,71,17,0,0,7,0
17040,3,0,167,72,17,2,0,7,0
17041,3,0,167,73,17,1,0,7,0
17042,3,0,167,74,17,0,0,7,0
17043,3,0,167,75,17,0,0,7,0
17044,3,0,167,76,17,2,0,7,0
17045,3,0,167,77,17,0,0,7,0
17046,3,0,167,78,17,0,0,7,0
17047,3,0,167,79,17,2,0,7,0
17048,3,0,167,80,17,2,0,7,0
17049,3,0,167,81,17,0,0,7,0
17050,3,0,167,82,17,1,0,7,1
17051,3,0,167,83,17,2,0,7,0
17052,3,0,167,84,17,0,0,7,0
17053,3,0,167,85,17,0,0,7,0
17054,3,0,167,86,17,1,0,7,0
17055,3,0,167,87,17,0,0,7,0
17056,3,0,167,88,17,0,0,7,0
17057,3,0,167,89,17,2,0,7,0
17058,3,0,167,90,17,1,0,7,0
17059,3,0,167,91,17,0,0,7,0
17060,3,0,167,92,17,2,0,7,0
17061,3,0,167,93,17,2,0,7,0
17062,3,0,167,94,17,0,0,7,0
17063,3,0,167,95,17,0,0,7,1
17064,3,0,167,96,17,2,0,7,0
17065,3,0,167,97,17,0,0,7,0
17066,3,0,167,98,17,0,0,7,0
17067,3,0,167,99,17,1,0,7,0
17068,2,0,168,99,17,1,0,8,0
17069,3,0,168,0,17,2,0,8,0
17070,3,0,168,1,17,0,0,8,0
17071,3,0,168,2,17,2,0,8,1
17072,3,0,168,3,17,1,0,8,0
17073,3,0,168,4,17,0,0,8,0
17074,3,0,168,5,17,0,0,8,0
17075,3,0,168,6,17,2,0,8,0
17076,3,0,168,7,17,0,0,8,0
17077,3,0,168,8,17,0,0,8,0
17078,3,0,168,9,17,2,0,8,0
17079,3,0,168,10,17,2,0,8,0
17080,3,0,168,11,17,0,0,8,0
17081,3,0,168,12,17,1,0,8,0
17082,3,0,168,13,17,2,0,8,0
17083,3,0,168,14,17,0,0,8,0
17084,3,0,168,15,17,0,0,8,1
17085,3,0,168,16,17,1,0,8,0
17086,3,0,168,17,17,0,0,8,0
17087,3,0,168,18,17,0,0,8,0
17088,3,0,168,19,17,2,0,8,0
17089,3,0,168,20,17,2,0,8,0
17090,3,0,168,21,17,0,0,8,0
17091,3,0,168,22,17,2,0,8,0
17092,3,0,168,23,17,2,0,8,0
17093,3,0,168,24,17,0,0,8,0
17094,3,0,168,25,17,0,0,8,0
17095,3,0,168,26,17,2,0,8,0
17096,3,0,168,27,17,0,0,8,0
17097,3,0,168,28,17,0,0,8,1
17098,3,0,168,29,17,1,0,8,0
17099,3,0,168,30,17,1,0,8,0
17100,3,0,168,31,17,0,0,8,0
17101,3,0,168,32,17,2,0,8,0
17102,3,0,168,33,17,2,0,8,0
17103,3,0,168,34,17,0,0,8,0
17104,3,0,168,35,17,0,0,8,0
17105,3,0,168,36,17,2,0,8,0
17106,3,0,168,37,17,0,0,8,0
17107,3,0,168,38,17,0,0,8,0
17108,3,0,168,39,17,2,0,8,0
17109,3,0,168,40,17,2,0,8,0
17110,3,0,168,41,17,0,0,8,0
17111,3,0,168,42,17,1,0,8,0
17112,3,0,168,43,17,1,0,8,0
17113,3,0,168,44,17,0,0,8,0
17114,3,0,168,45,17,0,0,8,0
17115,3,0,168,46,17,2,0,8,0
17116,3,0,168,47,17,0,0,8,0
17117,3,0,168,48,17,0,0,8,0
17118,3,0,168,49,17,2,0,8,0
17119,3,0,168,50,17,2,0,8,0
17120,3,0,168,51,17,0,0,8,0
17121,3,0,168,52,17,2,0,8,0
17122,3,0,168,53,17,2,0,8,0
17123,3,0,168,54,17,0,0,8,0
17124,3,0,168,55,17,0,0,8,0
17125,3,0,168,56,17,1,0,8,0
17126,3,0,168,57,17,0,0,8,0
17127,3,0,168,58,17,0,0,8,0
17128,3,0,168,59,17,2,0,8,0
17129,3,0,168,60,17,1,0,8,0
17130,3,0,168,61,17,0,0,8,0
17131,3,0,168,62,17,2,0,8,0
17132,3,0,168,63,17,2,0,8,0
17133,3,0,168,64,17,0,0,8,0
17134,3,0,168,65,17,0,0,8,0
17135,3,0,168,66,17,2,0,8,0
17136,3,0,168,67,17,0,0,8,0
17137,3,0,168,68,17,0,0,8,0
17138,3,0,168,69,17,1,0,8,0
17139,3,0,168,70,17,2,0,8,0
17140,3,0,168,71,17,0,0,8,0
17141,3,0,168,72,17,2,0,8,0
17142,3,0,168,73,17,1,0,8,0
17143,3,0,168,74,17,0,0,8,0
17144,3,0,168,75,17,0,0,8,0
17145,3,0,168,76,17,2,0,8,1
17146,3,0,168,77,17,0,0,8,0
17147,3,0,168,78,17,0,0,8,0
17148,3,0,168,79,17,2,0,8,0
17149,3,0,168,80,17,2,0,8,0
17150,3,0,168,81,17,0,0,8,0
17151,3,0,168,82,17,1,0,8,0
17152,3,0,168,83,17,2,0,8,0
17153,3,0,168,84,17,0,0,8,0
17154,3,0,168,85,17,0,0,8,0
17155,3,0,168,86,17,1,0,8,0
17156,3,0,168,87,17,0,0,8,0
17157,3,0,168,88,17,0,0,8,0
17158,3,0,168,89,17,2,0,8,1
17159,3,0,168,90,17,1,0,8,0
17160,3,0,168,91,17,0,0,8,0
17161,3,0,168,92,17,2,0,8,0
17162,3,0,168,93,17,2,0,8,0
17163,3,0,168,94,17,0,0,8,0
17164,3,0,168,95,17,0,0,8,0
17165,3,0,168,96,17,2,0,8,0
17166,3,0,168,97,17,0,0,8,0
17167,3,0,168,98,17,0,0,8,0
17168,3,0,168,99,17,1,0,8,0
17169,2,0,169,99,17,1,0,9,0
17170,3,0,169,0,17,2,0,9,0
17171,3,0,169,1,17,0,0,9,0
17172,3,0,169,2,17,2,0,9,0
17173,3,0,169,3,17,1,0,9,0
17174,3,0,169,4,17,0,0,9,0
17175,3,0,169,5,17,0,0,9,0
17176,3,0,169,6,17,2,0,9,0
17177,3,0,169,7,17,0,0,9,0
17178,3,0,169,8,17,0,0,9,0
17179,3,0,169,9,17,2,0,9,1
17180,3,0,169,10,17,2,0,9,0
17181,3,0,169,11,17,0,0,9,0
17182,3,0,169,12,17,1,0,9,0
17183,3,0,169,13,17,2,0,9,0
17184,3,0,169,14,17,0,0,9,0
17185,3,0,169,15,17,0,0,9,0
17186,3,0,169,16,17,1,0,9,0
17187,3,0,169,17,17,0,0,9,0
17188,3,0,169,18,17,0,0,9,0
17189,3,0,169,19,17,2,0,9,0
17190,3,0,169,20,17,2,0,9,0
17191,3,0,169,21,17,0,0,9,0
17192,3,0,169,22,17,2,0,9,1
17193,3,0,169,23,17,2,0,9,0
17194,3,0,169,24,17,0,0,9,0
17195,3,0,169,25,17,0,0,9,0
17196,3,0,169,26,17,2,0,9,0
17197,3,0,169,27,17,0,0,9,0
17198,3,0,169,28,17,0,0,9,0
17199,3,0,169,29,17,1,0,9,0
17200,3,0,169,30,17,1,0,9,0
17201,3,0,169,31,17,0,0,9,0
17202,3,0,169,32,17,2,0,9,0
17203,3,0,169,33,17,2,0,9,0
17204,3,0,169,34,17,0,0,9,0
17205,3,0,169,35,17,0,0,9,1
17206,3,0,169,36,17,2,0,9,0
17207,3,0,169,37,17,0,0,9,0
17208,3,0,169,38,17,0,0,9,0
17209,3,0,169,39,17,2,0,9,0
17210,3,0,169,40,17,2,0,9,0
17211,3,0,169,41,17,0,0,9,0
17212,3,0,169,42,17,1,0,9,0
17213,3,0,169,43,17,1,0,9,0
17214,3,0,169,44,17,0,0,9,0
17215,3,0,169,45,17,0,0,9,0
17216,3,0,169,46,17,2,0,9,0
17217,3,0,169,47,17,0,0,9,0
17218,3,0,169,48,17,0,0,9,0
17219,3,0,169,49,17,2,0,9,0
17220,3,0,169,50,17,2,0,9,0
17221,3,0,169,51,17,0,0,9,0
17222,3,0,169,52,17,2,0,9,0
17223,3,0,169,53,17,2,0,9,0
17224,3,0,169,54,17,0,0,9,0
17225,3,0,169,55,17,0,0,9,0
17226,3,0,169,56,17,1,0,9,0
17227,3,0,169,57,17,0,0,9,0
17228,3,0,169,58,17,0,0,9,0
17229,3,0,169,59,17,2,0,9,0
17230,3,0,169,60,17,1,0,9,0
17231,3,0,169,61,17,0,0,9,0
17232,3,0,169,62,17,2,0,9,0
17233,3,0,169,63,17,2,0,9,0
17234,3,0,169,64,17,0,0,9,0
17235,3,0,169,65,17,0,0,9,0
17236,3,0,169,66,17,2,0,9,0
17237,3,0,169,67,17,0,0,9,0
17238,3,0,169,68,17,0,0,9,0
17239,3,0,169,69,17,1,0,9,0
17240,3,0,169,70,17,2,0,9,0
17241,3,0,169,71,17,0,0,9,0
17242,3,0,169,72,17,2,0,9,0
17243,3,0,169,73,17,1,0,9,0
17244,3,0,169,74,17,0,0,9,0
17245,3,0,169,75,17,0,0,9,0
17246,3,0,169,76,17,2,0,9,0
17247,3,0,169,77,17,0,0,9,0
17248,3,0,169,78,17,0,0,9,0
17249,3,0,169,79,17,2,0,9,0
17250,3,0,169,80,17,2,0,9,0
17251,3,0,169,81,17,0,0,9,0
17252,3,0,169,82,17,1,0,9,0
17253,3,0,169,83,17,2,0,9,1
17254,3,0,169,84,17,0,0,9,0
17255,3,0,169,85,17,0,0,9,0
17256,3,0,169,86,17,1,0,9,0
17257,3,0,169,87,17,0,0,9,0
17258,3,0,169,88,17,0,0,9,0
17259,3,0,169,89,17,2,0,9,0
17260,3,0,169,90,17,1,0,9,0
17261,3,0,169,91,17,0,0,9,0
17262,3,0,169,92,17,2,0,9,0
17263,3,0,169,93,17,2,0,9,0
17264,3,0,169,94,17,0,0,9,0
17265,3,0,169,95,17,0,0,9,0
17266,3,0,169,96,17,2,0,9,1
17267,3,0,169,97,17,0,0,9,0
17268,3,0,169,98,17,0,0,9,0
17269,3,0,169,99,17,1,0,9,0
17270,2,0,170,99,17,1,0,0,0
17271,3,0,170,0,17,2,1,0,0
17272,3,0,170,1,17,0,1,0,0
17273,3,0,170,2,17,2,1,0,0
17274,3,0,170,3,17,1,1,0,1
17275,3,0,170,4,17,0,1,0,0
17276,3,0,170,5,17,0,1,0,0
17277,3,0,170,6,17,2,1,0,0
17278,3,0,170,7,17,0,1,0,0
17279,3,0,170,8,17,0,1,0,0
17280,3,0,170,9,17,2,1,0,0
17281,3,0,170,10,17,2,1,0,0
17282,3,0,170,11,17,0,1,0,0
17283,3,0,170,12,17,1,1,0,0
17284,3,0,170,13,17,2,1,0,0
17285,3,0,170,14,17,0,1,0,0
17286,3,0,170,15,17,0,1,0,0
17287,3,0,170,16,17,1,1,0,1
17288,3,0,170,17,17,0,1,0,0
17289,3,0,170,18,17,0,1,0,0
17290,3,0,170,19,17,2,1,0,0
17291,3,0,170,20,17,2,1,0,0
17292,3,0,170,21,17,0,1,0,0
17293,3,0,170,22,17,2,1,0,0
17294,3,0,170,23,17,2,1,0,0
17295,3,0,170,24,17,0,1,0,0
17296,3,0,170,25,17,0,1,0,0
17297,3,0,170,26,17,2,1,0,0
17298,3,0,170,27,17,0,1,0,0
17299,3,0,170,28,17,0,1,0,0
17300,3,0,170,29,17,1,1,0,1
17301,3,0,170,30,17,1,1,0,0
17302,3,0,170,31,17,0,1,0,0
17303,3,0,170,32,17,2,1,0,0
17304,3,0,170,33,17,2,1,0,0
17305,3,0,170,34,17,0,1,0,0
17306,3,0,170,35,17,0,1,0,0
17307,3,0,170,36,17,2,1,0,0
17308,3,0,170,37,17,0,1,0,0
17309,3,0,170,38,17,0,1,0,0
17310,3,0,170,39,17,2,1,0,0
17311,3,0,170,40,17,2,1,0,0
17312,3,0,170,41,17,0,1,0,0
17313,3,0,170,42,17,1,1,0,1
17314,3,0,170,43,17,1,1,0,0
17315,3,0,170,44,17,0,1,0,0
17316,3,0,170,45,17,0,1,0,0
17317,3,0,170,46,17,2,1,0,0
17318,3,0,170,47,17,0,1,0,0
17319,3,0,170,48,17,0,1,0,0
17320,3,0,170,49,17,2,1,0,0
17321,3,0,170,50,17,2,1,0,0
17322,3,0,170,51,17,0,1,0,0
17323,3,0,170,52,17,2,1,0,0
17324,3,0,170,53,17,2,1,0,0
17325,3,0,170,54,17,0,1,0,0
17326,3,0,170,55,17,0,1,0,0
17327,3,0,170,56,17,1,1,0,0
17328,3,0,170,57,17,0,1,0,0
17329,3,0,170,58,17,0,1,0,0
17330,3,0,170,59,17,2,1,0,0
17331,3,0,170,60,17,1,1,0,0
17332,3,0,170,61,17,0,1,0,0
17333,3,0,170,62,17,2,1,0,0
17334,3,0,170,63,17,2,1,0,0
17335,3,0,170,64,17,0,1,0,0
17336,3,0,170,65,17,0,1,0,0
17337,3,0,170,66,17,2,1,0,0
17338,3,0,170,67,17,0,1,0,0
17339,3,0,170,68,17,0,1,0,0
17340,3,0,170,69,17,1,1,0,0
17341,3,0,170,70,17,2,1,0,0
17342,3,0,170,71,17,0,1,0,0
17343,3,0,170,72,17,2,1,0,0
17344,3,0,170,73,17,1,1,0,0
17345,3,0,170,74,17,0,1,0,0
17346,3,0,170,75,17,0,1,0,0
17347,3,0,170,76,17,2,1,0,0
17348,3,0,170,77,17,0,1,0,0
17349,3,0,170,78,17,0,1,0,0
17350,3,0,170,79,17,2,1,0,0
17351,3,0,170,80,17,2,1,0,0
17352,3,0,170,81,17,0,1,0,0
17353,3,0,170,82,17,1,1,0,0
17354,3,0,170,83,17,2,1,0,0
17355,3,0,170,84,17,0,1,0,0
17356,3,0,170,85,17,0,1,0,0
17357,3,0,170,86,17,1,1,0,0
17358,3,0,170,87,17,0,1,0,0
17359,3,0,170,88,17,0,1,0,0
17360,3,0,170,89,17,2,1,0,0
17361,3,0,170,90,17,1,1,0,1
17362,3,0,170,91,17,0,1,0,0
17363,3,0,170,92,17,2,1,0,0
17364,3,0,170,93,17,2,1,0,0
17365,3,0,170,94,17,0,1,0,0
17366,3,0,170,95,17,0,1,0,0
17367,3,0,170,96,17,2,1,0,0
17368,3,0,170,97,17,0,1,0,0
17369,3,0,170,98,17,0,1,0,0
17370,3,0,170,99,17,1,1,0,0
17371,2,0,171,99,18,1,1,1,0
17372,3,0,171,0,18,2,0,1,0
17373,3,0,171,1,18,0,0,1,0
17374,3,0,171,2,18,2,0,1,0
17375,3,0,171,3,18,2,0,1,0
17376,3,0,171,4,18,0,0,1,0
17377,3,0,171,5,18,0,0,1,0
17378,3,0,171,6,18,2,0,1,0
17379,3,0,171,7,18,0,0,1,0
17380,3,0,171,8,18,0,0,1,0
17381,3,0,171,9,18,2,0,1,0
17382,3,0,171,10,18,2,0,1,1
17383,3,0,171,11,18,0,0,1,0
17384,3,0,171,12,18,1,0,1,0
17385,3,0,171,13,18,2,0,1,0
17386,3,0,171,14,18,0,0,1,0
17387,3,0,171,15,18,0,0,1,0
17388,3,0,171,16,18,2,0,1,0
17389,3,0,171,17,18,0,0,1,0
17390,3,0,171,18,18,0,0,1,0
17391,3,0,171,19,18,2,0,1,0
17392,3,0,171,20,18,2,0,1,0
17393,3,0,171,21,18,0,0,1,0
17394,3,0,171,22,18,2,0,1,0
17395,3,0,171,23,18,2,0,1,1
17396,3,0,171,24,18,0,0,1,0
17397,3,0,171,25,18,0,0,1,0
17398,3,0,171,26,18,2,0,1,0
17399,3,0,171,27,18,0,0,1,0
17400,3,0,171,28,18,0,0,1,0
17401,3,0,171,29,18,2,0,1,0
17402,3,0,171,30,18,1,0,1,0
17403,3,0,171,31,18,0,0,1,0
17404,3,0,171,32,18,2,0,1,0
17405,3,0,171,33,18,2,0,1,0
17406,3,0,171,34,18,0,0,1,0
17407,3,0,171,35,18,0,0,1,0
17408,3,0,171,36,18,2,0,1,1
17409,3,0,171,37,18,0,0,1,0
17410,3,0,171,38,18,0,0,1,0
17411,3,0,171,39,18,2,0,1,0
17412,3,0,171,40,18,2,0,1,0
17413,3,0,171,41,18,0,0,1,0
17414,3,0,171,42,18,2,0,1,0
17415,3,0,171,43,18,1,0,1,0
17416,3,0,171,44,18,0,0,1,0
17417,3,0,171,45,18,0,0,1,0
17418,3,0,171,46,18,2,0,1,0
17419,3,0,171,47,18,0,0,1,0
17420,3,0,171,48,18,0,0,1,0
17421,3,0,171,49,18,2,0,1,1
17422,3,0,171,50,18,2,0,1,0
17423,3,0,171,51,18,0,0,1,0
17424,3,0,171,52,18,2,0,1,0
17425,3,0,171,53,18,2,0,1,0
17426,3,0,171,54,18,0,0,1,0
17427,3,0,171,55,18,0,0,1,0
17428,3,0,171,56,18,1,0,1,0
17429,3,0,171,57,18,0,0,1,0
17430,3,0,171,58,18,0,0,1,0
17431,3,0,171,59,18,2,0,1,0
17432,3,0,171,60,18,1,0,1,0
17433,3,0,171,61,18,0,0,1,0
17434,3,0,171,62,18,2,0,1,0
17435,3,0,171,63,18,2,0,1,0
17436,3,0,171,64,18,0,0,1,0
17437,3,0,171,65,18,0,0,1,0
17438,3,0,171,66,18,2,0,1,0
17439,3,0,171,67,18,0,0,1,0
17440,3,0,171,68,18,0,0,1,0
17441,3,0,171,69,18,1,0,1,0
17442,3,0,171,70,18,2,0,1,0
17443,3,0,171,71,18,0,0,1,0
17444,3,0,171,72,18,2,0,1,0
17445,3,0,171,73,18,1,0,1,0
17446,3,0,171,74,18,0,0,1,0
17447,3,0,171,75,18,0,0,1,0
17448,3,0,171,76,18,2,0,1,0
17449,3,0,171,77,18,0,0,1,0
17450,3,0,171,78,18,0,0,1,0
17451,3,0,171,79,18,2,0,1,0
17452,3,0,171,80,18,2,0,1,0
17453,3,0,171,81,18,0,0,1,0
17454,3,0,171,82,18,1,0,1,0
17455,3,0,171,83,18,2,0,1,0
17456,3,0,171,84,18,0,0,1,0
17457,3,0,171,85,18,0,0,1,0
17458,3,0,171,86,18,1,0,1,0
17459,3,0,171,87,18,0,0,1,0
17460,3,0,171,88,18,0,0,1,0
17461,3,0,171,89,18,2,0,1,0
17462,3,0,171,90,18,2,0,1,0
17463,3,0,171,91,18,0,0,1,0
17464,3,0,171,92,18,2,0,1,0
17465,3,0,171,93,18,2,0,1,0
17466,3,0,171,94,18,0,0,1,0
17467,3,0,171,95,18,0,0,1,0
17468,3,0,171,96,18,2,0,1,0
17469,3,0,171,97,18,0,0,1,1
17470,3,0,171,98,18,0,0,1,0
17471,3,0,171,99,18,1,0,1,0
17472,2,0,172,99,18,1,0,2,0
17473,3,0,172,0,18,2,0,2,0
17474,3,0,172,1,18,0,0,2,0
17475,3,0,172,2,18,2,0,2,0
17476,3,0,172,3,18,2,0,2,0
17477,3,0,172,4,18,0,0,2,1
17478,3,0,172,5,18,0,0,2,0
17479,3,0,172,6,18,2,0,2,0
17480,3,0,172,7,18,0,0,2,0
17481,3,0,172,8,18,0,0,2,0
17482,3,0,172,9,18,2,0,2,0
17483,3,0,172,10,18,2,0,2,0
17484,3,0,172,11,18,0,0,2,0
17485,3,0,172,12,18,1,0,2,0
17486,3,0,172,13,18,2,0,2,0
17487,3,0,172,14,18,0,0,2,0
17488,3,0,172,15,18,0,0,2,0
17489,3,0,172,16,18,2,0,2,0
17490,3,0,172,17,18,0,0,2,1
17491,3,0,172,18,18,0,0,2,0
17492,3,0,172,19,18,2,0,2,0
17493,3,0,172,20,18,2,0,2,0
17494,3,0,172,21,18,0,0,2,0
17495,3,0,172,22,18,2,0,2,0
17496,3,0,172,23,18,2,0,2,0
17497,3,0,172,24,18,0,0,2,0
17498,3,0,172,25,18,0,0,2,0
17499,3,0,172,26,18,2,0,2,0
17500,3,0,172,27,18,0,0,2,0
17501,3,0,172,28,18,0,0,2,0
17502,3,0,172,29,18,2,0,2,0
17503,3,0,172,30,18,1,0,2,1
17504,3,0,172,31,18,0,0,2,0
17505,3,0,172,32,18,2,0,2,0
17506,3,0,172,33,18,2,0,2,0
17507,3,0,172,34,18,0,0,2,0
17508,3,0,172,35,18,0,0,2,0
17509,3,0,172,36,18,2,0,2,0
17510,3,0,172,37,18,0,0,2,0
17511,3,0,172,38,18,0,0,2,0
17512,3,0,172,39,18,2,0,2,0
17513,3,0,172,40,18,2,0,2,0
17514,3,0,172,41,18,0,0,2,0
17515,3,0,172,42,18,2,0,2,0
17516,3,0,172,43,18,1,0,2,1
17517,3,0,172,44,18,0,0,2,0
17518,3,0,172,45,18,0,0,2,0
17519,3,0,172,46,18,2,0,2,0
17520,3,0,172,47,18,0,0,2,0
17521,3,0,172,48,18,0,0,2,0
17522,3,0,172,49,18,2,0,2,0
17523,3,0,172,50,18,2,0,2,0
17524,3,0,172,51,18,0,0,2,0
17525,3,0,172,52,18,2,0,2,0
17526,3,0,172,53,18,2,0,2,0
17527,3,0,172,54,18,0,0,2,0
17528,3,0,172,55,18,0,0,2,0
17529,3,0,172,56,18,1,0,2,1
17530,3,0,172,57,18,0,0,2,0
17531,3,0,172,58,18,0,0,2,0
17532,3,0,172,59,18,2,0,2,0
17533,3,0,172,60,18,1,0,2,0
17534,3,0,172,61,18,0,0,2,0
17535,3,0,172,62,18,2,0,2,0
17536,3,0,172,63,18,2,0,2,0
17537,3,0,172,64,18,0,0,2,0
17538,3,0,172,65,18,0,0,2,0
17539,3,0,172,66,18,2,0,2,0
17540,3,0,172,67,18,0,0,2,0
17541,3,0,172,68,18,0,0,2,0
17542,3,0,172,69,18,1,0,2,0
17543,3,0,172,70,18,2,0,2,0
17544,3,0,172,71,18,0,0,2,0
17545,3,0,172,72,18,2,0,2,0
17546,3,0,172,73,18,1,0,2,0
17547,3,0,172,74,18,0,0,2,0
17548,3,0,172,75,18,0,0,2,0
17549,3,0,172,76,18,2,0,2,0
17550,3,0,172,77,18,0,0,2,0
17551,3,0,172,78,18,0,0,2,0
17552,3,0,172,79,18,2,0,2,0
17553,3,0,172,80,18,2,0,2,0
17554,3,0,172,81,18,0,0,2,0
17555,3,0,172,82,18,1,0,2,0
17556,3,0,172,83,18,2,0,2,0
17557,3,0,172,84,18,0,0,2,0
17558,3,0,172,85,18,0,0,2,0
17559,3,0,172,86,18,1,0,2,0
17560,3,0,172,87,18,0,0,2,0
17561,3,0,172,88,18,0,0,2,0
17562,3,0,172,89,18,2,0,2,0
17563,3,0,172,90,18,2,0,2,0
17564,3,0,172,91,18,0,0,2,0
17565,3,0,172,92,18,2,0,2,0
17566,3,0,172,93,18,2,0,2,0
17567,3,0,172,94,18,0,0,2,0
17568,3,0,172,95,18,0,0,2,0
17569,3,0,172,96,18,2,0,2,0
17570,3,0,172,97,18,0,0,2,0
17571,3,0,172,98,18,0,0,2,0
17572,3,0,172,99,18,1,0,2,0
17573,2,0,173,99,18,1,0,3,0
17574,3,0,173,0,18,2,0,3,0
17575,3,0,173,1,18,0,0,3,0
17576,3,0,173,2,18,2,0,3,0
17577,3,0,173,3,18,2,0,3,0
17578,3,0,173,4,18,0,0,3,0
17579,3,0,173,5,18,0,0,3,0
17580,3,0,173,6,18,2,0,3,0
17581,3,0,173,7,18,0,0,3,0
17582,3,0,173,8,18,0,0,3,0
17583,3,0,173,9,18,2,0,3,0
17584,3,0,173,10,18,2,0,3,0
17585,3,0,173,11,18,0,0,3,1
17586,3,0,173,12,18,1,0,3,0
17587,3,0,173,13,18,2,0,3,0
17588,3,0,173,14,18,0,0,3,0
17589,3,0,173,15,18,0,0,3,0
17590,3,0,173,16,18,2,0,3,0
17591,3,0,173,17,18,0,0,3,0
17592,3,0,173,18,18,0,0,3,0
17593,3,0,173,19,18,2,0,3,0
17594,3,0,173,20,18,2,0,3,0
17595,3,0,173,21,18,0,0,3,0
17596,3,0,173,22,18,2,0,3,0
17597,3,0,173,23,18,2,0,3,0
17598,3,0,173,24,18,0,0,3,1
17599,3,0,173,25,18,0,0,3,0
17600,3,0,173,26,18,2,0,3,0
17601,3,0,173,27,18,0,0,3,0
17602,3,0,173,28,18,0,0,3,0
17603,3,0,173,29,18,2,0,3,0
17604,3,0,173,30,18,1,0,3,0
17605,3,0,173,31,18,0,0,3,0
17606,3,0,173,32,18,2,0,3,0
17607,3,0,173,33,18,2,0,3,0
17608,3,0,173,34,18,0,0,3,0
17609,3,0,173,35,18,0,0,3,0
17610,3,0,173,36,18,2,0,3,0
17611,3,0,173,37,18,0,0,3,1
17612,3,0,173,38,18,0,0,3,0
17613,3,0,173,39,18,2,0,3,0
17614,3,0,173,40,18,2,0,3,0
17615,3,0,173,41,18,0,0,3,0
17616,3,0,173,42,18,2,0,3,0
17617,3,0,173,43,18,1,0,3,0
17618,3,0,173,44,18,0,0,3,0
17619,3,0,173,45,18,0,0,3,0
17620,3,0,173,46,18,2,0,3,0
17621,3,0,173,47,18,0,0,3,0
17622,3,0,173,48,18,0,0,3,0
17623,3,0,173,49,18,2,0,3,0
17624,3,0,173,50,18,2,0,3,1
17625,3,0,173,51,18,0,0,3,0
17626,3,0,173,52,18,2,0,3,0
17627,3,0,173,53,18,2,0,3,0
17628,3,0,173,54,18,0,0,3,0
17629,3,0,173,55,18,0,0,3,0
17630,3,0,173,56,18,1,0,3,0
17631,3,0,173,57,18,0,0,3,0
17632,3,0,173,58,18,0,0,3,0
17633,3,0,173,59,18,2,0,3,0
17634,3,0,173,60,18,1,0,3,0
17635,3,0,173,61,18,0,0,3,0
17636,3,0,173,62,18,2,0,3,0
17637,3,0,173,63,18,2,0,3,1
17638,3,0,173,64,18,0,0,3,0
17639,3,0,173,65,18,0,0,3,0
17640,3,0,173,66,18,2,0,3,0
17641,3,0,173,67,18,0,0,3,0
17642,3,0,173,68,18,0,0,3,0
17643,3,0,173,69,18,1,0,3,0
17644,3,0,173,70,18,2,0,3,0
17645,3,0,173,71,18,0,0,3,0
17646,3,0,173,72,18,2,0,3,0
17647,3,0,173,73,18,1,0,3,0
17648,3,0,173,74,18,0,0,3,0
17649,3,0,173,75,18,0,0,3,0
17650,3,0,173,76,18,2,0,3,0
17651,3,0,173,77,18,0,0,3,0
17652,3,0,173,78,18,0,0,3,0
17653,3,0,173,79,18,2,0,3,0
17654,3,0,173,80,18,2,0,3,0
17655,3,0,173,81,18,0,0,3,0
17656,3,0,173,82,18,1,0,3,0
17657,3,0,173,83,18,2,0,3,0
17658,3,0,173,84,18,0,0,3,0
17659,3,0,173,85,18,0,0,3,0
17660,3,0,173,86,18,1,0,3,0
17661,3,0,173,87,18,0,0,3,0
17662,3,0,173,88,18,0,0,3,0
17663,3,0,173,89,18,2,0,3,0
17664,3,0,173,90,18,2,0,3,0
17665,3,0,173,91,18,0,0,3,0
17666,3,0,173,92,18,2,0,3,0
17667,3,0,173,93,18,2,0,3,0
17668,3,0,173,94,18,0,0,3,0
17669,3,0,173,95,18,0,0,3,0
17670,3,0,173,96,18,2,0,3,0
17671,3,0,173,97,18,0,0,3,0
17672,3,0,173,98,18,0,0,3,0
17673,3,0,173,99,18,1,0,3,0
17674,2,0,174,99,18,1,0,4,0
17675,3,0,174,0,18,2,0,4,0
17676,3,0,174,1,18,0,0,4,0
17677,3,0,174,2,18,2,0,4,0
17678,3,0,174,3,18,2,0,4,0
17679,3,0,174,4,18,0,0,4,0
17680,3,0,174,5,18,0,0,4,0
17681,3,0,174,6,18,2,0,4,0
17682,3,0,174,7,18,0,0,4,0
17683,3,0,174,8,18,0,0,4,0
17684,3,0,174,9,18,2,0,4,0
17685,3,0,174,10,18,2,0,4,0
17686,3,0,174,11,18,0,0,4,0
17687,3,0,174,12,18,1,0,4,0
17688,3,0,174,13,18,2,0,4,0
17689,3,0,174,14,18,0,0,4,0
17690,3,0,174,15,18,0,0,4,0
17691,3,0,174,16,18,2,0,4,0
17692,3,0,174,17,18,0,0,4,0
17693,3,0,174,18,18,0,0,4,1
17694,3,0,174,19,18,2,0,4,0
17695,3,0,174,20,18,2,0,4,0
17696,3,0,174,21,18,0,0,4,0
17697,3,0,174,22,18,2,0,4,0
17698,3,0,174,23,18,2,0,4,0
17699,3,0,174,24,18,0,0,4,0
17700,3,0,174,25,18,0,0,4,0
17701,3,0,174,26,18,2,0,4,0
17702,3,0,174,27,18,0,0,4,0
17703,3,0,174,28,18,0,0,4,0
17704,3,0,174,29,18,2,0,4,0
17705,3,0,174,30,18,1,0,4,0
17706,3,0,174,31,18,0,0,4,1
17707,3,0,174,32,18,2,0,4,0
17708,3,0,174,33,18,2,0,4,0
17709,3,0,174,34,18,0,0,4,0
17710,3,0,174,35,18,0,0,4,0
17711,3,0,174,36,18,2,0,4,0
17712,3,0,174,37,18,0,0,4,0
17713,3,0,174,38,18,0,0,4,0
17714,3,0,174,39,18,2,0,4,0
17715,3,0,174,40,18,2,0,4,0
17716,3,0,174,41,18,0,0,4,0
17717,3,0,174,42,18,2,0,4,0
17718,3,0,174,43,18,1,0,4,0
17719,3,0,174,44,18,0,0,4,1
17720,3,0,174,45,18,0,0,4,0
17721,3,0,174,46,18,2,0,4,0
17722,3,0,174,47,18,0,0,4,0
17723,3,0,174,48,18,0,0,4,0
17724,3,0,174,49,18,2,0,4,0
17725,3,0,174,50,18,2,0,4,0
17726,3,0,174,51,18,0,0,4,0
17727,3,0,174,52,18,2,0,4,0
17728,3,0,174,53,18,2,0,4,0
17729,3,0,174,54,18,0,0,4,0
17730,3,0,174,55,18,0,0,4,0
17731,3,0,174,56,18,1,0,4,0
17732,3,0,174,57,18,0,0,4,1
17733,3,0,174,58,18,0,0,4,0
17734,3,0,174,59,18,2,0,4,0
17735,3,0,174,60,18,1,0,4,0
17736,3,0,174,61,18,0,0,4,0
17737,3,0,174,62,18,2,0,4,0
17738,3,0,174,63,18,2,0,4,0
17739,3,0,174,64,18,0,0,4,0
17740,3,0,174,65,18,0,0,4,0
17741,3,0,174,66,18,2,0,4,0
17742,3,0,174,67,18,0,0,4,0
17743,3,0,174,68,18,0,0,4,0
17744,3,0,174,69,18,1,0,4,0
17745,3,0,174,70,18,2,0,4,1
17746,3,0,174,71,18,0,0,4,0
17747,3,0,174,72,18,2,0,4,0
17748,3,0,174,73,18,1,0,4,0
17749,3,0,174,74,18,0,0,4,0
17750,3,0,174,75,18,0,0,4,0
17751,3,0,174,76,18,2,0,4,0
17752,3,0,174,77,18,0,0,4,0
17753,3,0,174,78,18,0,0,4,0
17754,3,0,174,79,18,2,0,4,0
17755,3,0,174,80,18,2,0,4,0
17756,3,0,174,81,18,0,0,4,0
17757,3,0,174,82,18,1,0,4,0
17758,3,0,174,83,18,2,0,4,0
17759,3,0,174,84,18,0,0,4,0
17760,3,0,174,85,18,0,0,4,0
17761,3,0,174,86,18,1,0,4,0
17762,3,0,174,87,18,0,0,4,0
17763,3,0,174,88,18,0,0,4,0
17764,3,0,174,89,18,2,0,4,0
17765,3,0,174,90,18,2,0,4,0
17766,3,0,174,91,18,0,0,4,0
17767,3,0,174,92,18,2,0,4,0
17768,3,0,174,93,18,2,0,4,0
17769,3,0,174,94,18,0,0,4,0
17770,3,0,174,95,18,0,0,4,0
17771,3,0,174,96,18,2,0,4,0
17772,3,0,174,97,18,0,0,4,0
17773,3,0,174,98,18,0,0,4,0
17774,3,0,174,99,18,1,0,4,0
17775,2,0,175,99,18,1,0,5,0
17776,3,0,175,0,18,2,0,5,0
17777,3,0,175,1,18,0,0,5,0
17778,3,0,175,2,18,2,0,5,0
17779,3,0,175,3,18,2,0,5,0
17780,3,0,175,4,18,0,0,5,0
17781,3,0,175,5,18,0,0,5,0
17782,3,0,175,6,18,2,0,5,0
17783,3,0,175,7,18,0,0,5,0
17784,3,0,175,8,18,0,0,5,0
17785,3,0,175,9,18,2,0,5,0
17786,3,0,175,10,18,2,0,5,0
17787,3,0,175,11,18,0,0,5,0
17788,3,0,175,12,18,1,0,5,0
17789,3,0,175,13,18,2,0,5,0
17790,3,0,175,14,18,0,0,5,0
17791,3,0,175,15,18,0,0,5,0
17792,3,0,175,16,18,2,0,5,0
17793,3,0,175,17,18,0,0,5,0
17794,3,0,175,18,18,0,0,5,0
17795,3,0,175,19,18,2,0,5,0
17796,3,0,175,20,18,2,0,5,0
17797,3,0,175,21,18,0,0,5,0
17798,3,0,175,22,18,2,0,5,0
17799,3,0,175,23,18,2,0,5,0
17800,3,0,175,24,18,0,0,5,0
17801,3,0,175,25,18,0,0,5,1
17802,3,0,175,26,18,2,0,5,0
17803,3,0,175,27,18,0,0,5,0
17804,3,0,175,28,18,0,0,5,0
17805,3,0,175,29,18,2,0,5,0
17806,3,0,175,30,18,1,0,5,0
17807,3,0,175,31,18,0,0,5,0
17808,3,0,175,32,18,2,0,5,0
17809,3,0,175,33,18,2,0,5,0
17810,3,0,175,34,18,0,0,5,0
17811,3,0,175,35,18,0,0,5,0
17812,3,0,175,36,18,2,0,5,0
17813,3,0,175,37,18,0,0,5,0
17814,3,0,175,38,18,0,0,5,1
17815,3,0,175,39,18,2,0,5,0
17816,3,0,175,40,18,2,0,5,0
17817,3,0,175,41,18,0,0,5,0
17818,3,0,175,42,18,2,0,5,0
17819,3,0,175,43,18,1,0,5,0
17820,3,0,175,44,18,0,0,5,0
17821,3,0,175,45,18,0,0,5,0
17822,3,0,175,46,18,2,0,5,0
17823,3,0,175,47,18,0,0,5,0
17824,3,0,175,48,18,0,0,5,0
17825,3,0,175,49,18,2,0,5,0
17826,3,0,175,50,18,2,0,5,0
17827,3,0,175,51,18,0,0,5,1
17828,3,0,175,52,18,2,0,5,0
17829,3,0,175,53,18,2,0,5,0
17830,3,0,175,54,18,0,0,5,0
17831,3,0,175,55,18,0,0,5,0
17832,3,0,175,56,18,1,0,5,0
17833,3,0,175,57,18,0,0,5,0
17834,3,0,175,58,18,0,0,5,0
17835,3,0,175,59,18,2,0,5,0
17836,3,0,175,60,18,1,0,5,0
17837,3,0,175,61,18,0,0,5,0
17838,3,0,175,62,18,2,0,5,0
17839,3,0,175,63,18,2,0,5,0
17840,3,0,175,64,18,0,0,5,1
17841,3,0,175,65,18,0,0,5,0
17842,3,0,175,66,18,2,0,5,0
17843,3,0,175,67,18,0,0,5,0
17844,3,0,175,68,18,0,0,5,0
17845,3,0,175,69,18,1,0,5,0
17846,3,0,175,70,18,2,0,5,0
17847,3,0,175,71,18,0,0,5,0
17848,3,0,175,72,18,2,0,5,0
17849,3,0,175,73,18,1,0,5,0
17850,3,0,175,74,18,0,0,5,0
17851,3,0,175,75,18,0,0,5,0
17852,3,0,175,76,18,2,0,5,0
17853,3,0,175,77,18,0,0,5,1
17854,3,0,175,78,18,0,0,5,0
17855,3,0,175,79,18,2,0,5,0
17856,3,0,175,80,18,2,0,5,0
17857,3,0,175,81,18,0,0,5,0
17858,3,0,175,82,18,1,0,5,0
17859,3,0,175,83,18,2,0,5,0
17860,3,0,175,84,18,0,0,5,0
17861,3,0,175,85,18,0,0,5,0
17862,3,0,175,86,18,1,0,5,0
17863,3,0,175,87,18,0,0,5,0
17864,3,0,175,88,18,0,0,5,0
17865,3,0,175,89,18,2,0,5,0
17866,3,0,175,90,18,2,0,5,0
17867,3,0,175,91,18,0,0,5,0
17868,3,0,175,92,18,2,0,5,0
17869,3,0,175,93,18,2,0,5,0
17870,3,0,175,94,18,0,0,5,0
17871,3,0,175,95,18,0,0,5,0
17872,3,0,175,96,18,2,0,5,0
17873,3,0,175,97,18,0,0,5,0
17874,3,0,175,98,18,0,0,5,0
17875,3,0,175,99,18,1,0,5,0
17876,2,0,176,99,18,1,0,6,0
17877,3,0,176,0,18,2,0,6,0
17878,3,0,176,1,18,0,0,6,0
17879,3,0,176,2,18,2,0,6,0
17880,3,0,176,3,18,2,0,6,0
17881,3,0,176,4,18,0,0,6,0
17882,3,0,176,5,18,0,0,6,0
17883,3,0,176,6,18,2,0,6,0
17884,3,0,176,7,18,0,0,6,0
17885,3,0,176,8,18,0,0,6,0
17886,3,0,176,9,18,2,0,6,0
17887,3,0,176,10,18,2,0,6,0
17888,3,0,176,11,18,0,0,6,0
17889,3,0,176,12,18,1,0,6,0
17890,3,0,176,13,18,2,0,6,0
17891,3,0,176,14,18,0,0,6,0
17892,3,0,176,15,18,0,0,6,0
17893,3,0,176,16,18,2,0,6,0
17894,3,0,176,17,18,0,0,6,0
17895,3,0,176,18,18,0,0,6,0
17896,3,0,176,19,18,2,0,6,0
17897,3,0,176,20,18,2,0,6,0
17898,3,0,176,21,18,0,0,6,0
17899,3,0,176,22,18,2,0,6,0
17900,3,0,176,23,18,2,0,6,0
17901,3,0,176,24,18,0,0,6,0
17902,3,0,176,25,18,0,0,6,0
17903,3,0,176,26,18,2,0,6,0
17904,3,0,176,27,18,0,0,6,0
17905,3,0,176,28,18,0,0,6,0
17906,3,0,176,29,18,2,0,6,0
17907,3,0,176,30,18,1,0,6,0
17908,3,0,176,31,18,0,0,6,0
17909,3,0,176,32,18,2,0,6,1
17910,3,0,176,33,18,2,0,6,0
17911,3,0,176,34,18,0,0,6,0
17912,3,0,176,35,18,0,0,6,0
17913,3,0,176,36,18,2,0,6,0
17914,3,0,176,37,18,0,0,6,0
17915,3,0,176,38,18,0,0,6,0
17916,3,0,176,39,18,2,0,6,0
17917,3,0,176,40,18,2,0,6,0
17918,3,0,176,41,18,0,0,6,0
17919,3,0,176,42,18,2,0,6,0
17920,3,0,176,43,18,1,0,6,0
17921,3,0,176,44,18,0,0,6,0
17922,3,0,176,45,18,0,0,6,1
17923,3,0,176,46,18,2,0,6,0
17924,3,0,176,47,18,0,0,6,0
17925,3,0,176,48,18,0,0,6,0
17926,3,0,176,49,18,2,0,6,0
17927,3,0,176,50,18,2,0,6,0
17928,3,0,176,51,18,0,0,6,0
17929,3,0,176,52,18,2,0,6,0
17930,3,0,176,53,18,2,0,6,0
17931,3,0,176,54,18,0,0,6,0
17932,3,0,176,55,18,0,0,6,0
17933,3,0,176,56,18,1,0,6,0
17934,3,0,176,57,18,0,0,6,0
17935,3,0,176,58,18,0,0,6,1
17936,3,0,176,59,18,2,0,6,0
17937,3,0,176,60,18,1,0,6,0
17938,3,0,176,61,18,0,0,6,0
17939,3,0,176,62,18,2,0,6,0
17940,3,0,176,63,18,2,0,6,0
17941,3,0,176,64,18,0,0,6,0
17942,3,0,176,65,18,0,0,6,0
17943,3,0,176,66,18,2,0,6,0
17944,3,0,176,67,18,0,0,6,0
17945,3,0,176,68,18,0,0,6,0
17946,3,0,176,69,18,1,0,6,0
17947,3,0,176,70,18,2,0,6,0
17948,3,0,176,71,18,0,0,6,1
17949,3,0,176,72,18,2,0,6,0
17950,3,0,176,73,18,1,0,6,0
17951,3,0,176,74,18,0,0,6,0
17952,3,0,176,75,18,0,0,6,0
17953,3,0,176,76,18,2,0,6,0
17954,3,0,176,77,18,0,0,6,0
17955,3,0,176,78,18,0,0,6,0
17956,3,0,176,79,18,2,0,6,0
17957,3,0,176,80,18,2,0,6,0
17958,3,0,176,81,18,0,0,6,0
17959,3,0,176,82,18,1,0,6,0
17960,3,0,176,83,18,2,0,6,0
17961,3,0,176,84,18,0,0,6,1
17962,3,0,176,85,18,0,0,6,0
17963,3,0,176,86,18,1,0,6,0
17964,3,0,176,87,18,0,0,6,0
17965,3,0,176,88,18,0,0,6,0
17966,3,0,176,89,18,2,0,6,0
17967,3,0,176,90,18,2,0,6,0
17968,3,0,176,91,18,0,0,6,0
17969,3,0,176,92,18,2,0,6,0
17970,3,0,176,93,18,2,0,6,0
17971,3,0,176,94,18,0,0,6,0
17972,3,0,176,95,18,0,0,6,0
17973,3,0,176,96,18,2,0,6,0
17974,3,0,176,97,18,0,0,6,0
17975,3,0,176,98,18,0,0,6,0
17976,3,0,176,99,18,1,0,6,0
17977,2,0,177,99,18,1,0,7,0
17978,3,0,177,0,18,2,0,7,0
17979,3,0,177,1,18,0,0,7,0
17980,3,0,177,2,18,2,0,7,0
17981,3,0,177,3,18,2,0,7,0
17982,3,0,177,4,18,0,0,7,0
17983,3,0,177,5,18,0,0,7,0
17984,3,0,177,6,18,2,0,7,0
17985,3,0,177,7,18,0,0,7,0
17986,3,0,177,8,18,0,0,7,0
17987,3,0,177,9,18,2,0,7,0
17988,3,0,177,10,18,2,0,7,0
17989,3,0,177,11,18,0,0,7,0
17990,3,0,177,12,18,1,0,7,0
17991,3,0,177,13,18,2,0,7,0
17992,3,0,177,14,18,0,0,7,0
17993,3,0,177,15,18,0,0,7,0
17994,3,0,177,16,18,2,0,7,0
17995,3,0,177,17,18,0,0,7,0
17996,3,0,177,18,18,0,0,7,0
17997,3,0,177,19,18,2,0,7,0
17998,3,0,177,20,18,2,0,7,0
17999,3,0,177,21,18,0,0,7,0
18000,3,0,177,22,18,2,0,7,0
18001,3,0,177,23,18,2,0,7,0
18002,3,0,177,24,18,0,0,7,0
18003,3,0,177,25,18,0,0,7,0
18004,3,0,177,26,18,2,0,7,0
18005,3,0,177,27,18,0,0,7,0
18006,3,0,177,28,18,0,0,7,0
18007,3,0,177,29,18,2,0,7,0
18008,3,0,177,30,18,1,0,7,0
18009,3,0,177,31,18,0,0,7,0
18010,3,0,177,32,18,2,0,7,0
18011,3,0,177,33,18,2,0,7,0
18012,3,0,177,34,18,0,0,7,0
18013,3,0,177,35,18,0,0,7,0
18014,3,0,177,36,18,2,0,7,0
18015,3,0,177,37,18,0,0,7,0
18016,3,0,177,38,18,0,0,7,0
18017,3,0,177,39,18,2,0,7,1
18018,3,0,177,40,18,2,0,7,0
18019,3,0,177,41,18,0,0,7,0
18020,3,0,177,42,18,2,0,7,0
18021,3,0,177,43,18,1,0,7,0
18022,3,0,177,44,18,0,0,7,0
18023,3,0,177,45,18,0,0,7,0
18024,3,0,177,46,18,2,0,7,0
18025,3,0,177,47,18,0,0,7,0
18026,3,0,177,48,18,0,0,7,0
18027,3,0,177,49,18,2,0,7,0
18028,3,0,177,50,18,2,0,7,0
18029,3,0,177,51,18,0,0,7,0
18030,3,0,177,52,18,2,0,7,1
18031,3,0,177,53,18,2,0,7,0
18032,3,0,177,54,18,0,0,7,0
18033,3,0,177,55,18,0,0,7,0
18034,3,0,177,56,18,1,0,7,0
18035,3,0,177,57,18,0,0,7,0
18036,3,0,177,58,18,0,0,7,0
18037,3,0,177,59,18,2,0,7,0
18038,3,0,177,60,18,1,0,7,0
18039,3,0,177,61,18,0,0,7,0
18040,3,0,177,62,18,2,0,7,0
18041,3,0,177,63,18,2,0,7,0
18042,3,0,177,64,18,0,0,7,0
18043,3,0,177,65,18,0,0,7,1
18044,3,0,177,66,18,2,0,7,0
18045,3,0,177,67,18,0,0,7,0
18046,3,0,177,68,18,0,0,7,0
18047,3,0,177,69,18,1,0,7,0
18048,3,0,177,70,18,2,0,7,0
18049,3,0,177,71,18,0,0,7,0
18050,3,0,177,72,18,2,0,7,0
18051,3,0,177,73,18,1,0,7,0
18052,3,0,177,74,18,0,0,7,0
18053,3,0,177,75,18,0,0,7,0
18054,3,0,177,76,18,2,0,7,0
18055,3,0,177,77,18,0,0,7,0
18056,3,0,177,78,18,0,0,7,1
18057,3,0,177,79,18,2,0,7,0
18058,3,0,177,80,18,2,0,7,0
18059,3,0,177,81,18,0,0,7,0
18060,3,0,177,82,18,1,0,7,0
18061,3,0,177,83,18,2,0,7,0
18062,3,0,177,84,18,0,0,7,0
18063,3,0,177,85,18,0,0,7,0
18064,3,0,177,86,18,1,0,7,0
18065,3,0,177,87,18,0,0,7,0
18066,3,0,177,88,18,0,0,7,0
18067,3,0,177,89,18,2,0,7,0
18068,3,0,177,90,18,2,0,7,0
18069,3,0,177,91,18,0,0,7,1
18070,3,0,177,92,18,2,0,7,0
18071,3,0,177,93,18,2,0,7,0
18072,3,0,177,94,18,0,0,7,0
18073,3,0,177,95,18,0,0,7,0
18074,3,0,177,96,18,2,0,7,0
18075,3,0,177,97,18,0,0,7,0
18076,3,0,177,98,18,0,0,7,0
18077,3,0,177,99,18,1,0,7,0
18078,2,0,178,99,18,1,0,8,0
18079,3,0,178,0,18,2,0,8,0
18080,3,0,178,1,18,0,0,8,0
18081,3,0,178,2,18,2,0,8,0
18082,3,0,178,3,18,2,0,8,0
18083,3,0,178,4,18,0,0,8,0
18084,3,0,178,5,18,0,0,8,0
18085,3,0,178,6,18,2,0,8,0
18086,3,0,178,7,18,0,0,8,0
18087,3,0,178,8,18,0,0,8,0
18088,3,0,178,9,18,2,0,8,0
18089,3,0,178,10,18,2,0,8,0
18090,3,0,178,11,18,0,0,8,0
18091,3,0,178,12,18,1,0,8,0
18092,3,0,178,13,18,2,0,8,0
18093,3,0,178,14,18,0,0,8,0
18094,3,0,178,15,18,0,0,8,0
18095,3,0,178,16,18,2,0,8,0
18096,3,0,178,17,18,0,0,8,0
18097,3,0,178,18,18,0,0,8,0
18098,3,0,178,19,18,2,0,8,0
18099,3,0,178,20,18,2,0,8,0
18100,3,0,178,21,18,0,0,8,0
18101,3,0,178,22,18,2,0,8,0
18102,3,0,178,23,18,2,0,8,0
18103,3,0,178,24,18,0,0,8,0
18104,3,0,178,25,18,0,0,8,0
18105,3,0,178,26,18,2,0,8,0
18106,3,0,178,27,18,0,0,8,0
18107,3,0,178,28,18,0,0,8,0
18108,3,0,178,29,18,2,0,8,0
18109,3,0,178,30,18,1,0,8,0
18110,3,0,178,31,18,0,0,8,0
18111,3,0,178,32,18,2,0,8,0
18112,3,0,178,33,18,2,0,8,0
18113,3,0,178,34,18,0,0,8,0
18114,3,0,178,35,18,0,0,8,0
18115,3,0,178,36,18,2,0,8,0
18116,3,0,178,37,18,0,0,8,0
18117,3,0,178,38,18,0,0,8,0
18118,3,0,178,39,18,2,0,8,0
18119,3,0,178,40,18,2,0,8,0
18120,3,0,178,41,18,0,0,8,0
18121,3,0,178,42,18,2,0,8,0
18122,3,0,178,43,18,1,0,8,0
18123,3,0,178,44,18,0,0,8,0
18124,3,0,178,45,18,0,0,8,0
18125,3,0,178,46,18,2,0,8,1
18126,3,0,178,47,18,0,0,8,0
18127,3,0,178,48,18,0,0,8,0
18128,3,0,178,49,18,2,0,8,0
18129,3,0,178,50,18,2,0,8,0
18130,3,0,178,51,18,0,0,8,0
18131,3,0,178,52,18,2,0,8,0
18132,3,0,178,53,18,2,0,8,0
18133,3,0,178,54,18,0,0,8,0
18134,3,0,178,55,18,0,0,8,0
18135,3,0,178,56,18,1,0,8,0
18136,3,0,178,57,18,0,0,8,0
18137,3,0,178,58,18,0,0,8,0
18138,3,0,178,59,18,2,0,8,1
18139,3,0,178,60,18,1,0,8,0
18140,3,0,178,61,18,0,0,8,0
18141,3,0,178,62,18,2,0,8,0
18142,3,0,178,63,18,2,0,8,0
18143,3,0,178,64,18,0,0,8,0
18144,3,0,178,65,18,0,0,8,0
18145,3,0,178,66,18,2,0,8,0
18146,3,0,178,67,18,0,0,8,0
18147,3,0,178,68,18,0,0,8,0
18148,3,0,178,69,18,1,0,8,0
18149,3,0,178,70,18,2,0,8,0
18150,3,0,178,71,18,0,0,8,0
18151,3,0,178,72,18,2,0,8,1
18152,3,0,178,73,18,1,0,8,0
18153,3,0,178,74,18,0,0,8,0
18154,3,0,178,75,18,0,0,8,0
18155,3,0,178,76,18,2,0,8,0
18156,3,0,178,77,18,0,0,8,0
18157,3,0,178,78,18,0,0,8,0
18158,3,0,178,79,18,2,0,8,0
18159,3,0,178,80,18,2,0,8,0
18160,3,0,178,81,18,0,0,8,0
18161,3,0,178,82,18,1,0,8,0
18162,3,0,178,83,18,2,0,8,0
18163,3,0,178,84,18,0,0,8,0
18164,3,0,178,85,18,0,0,8,1
18165,3,0,178,86,18,1,0,8,0
18166,3,0,178,87,18,0,0,8,0
18167,3,0,178,88,18,0,0,8,0
18168,3,0,178,89,18,2,0,8,0
18169,3,0,178,90,18,2,0,8,0
18170,3,0,178,91,18,0,0,8,0
18171,3,0,178,92,18,2,0,8,0
18172,3,0,178,93,18,2,0,8,0
18173,3,0,178,94,18,0,0,8,0
18174,3,0,178,95,18,0,0,8,0
18175,3,0,178,96,18,2,0,8,0
18176,3,0,178,97,18,0,0,8,0
18177,3,0,178,98,18,0,0,8,1
18178,3,0,178,99,18,1,0,8,0
18179,2,0,179,99,18,1,0,9,0
18180,3,0,179,0,18,2,0,9,0
18181,3,0,179,1,18,0,0,9,0
18182,3,0,179,2,18,2,0,9,0
18183,3,0,179,3,18,2,0,9,0
18184,3,0,179,4,18,0,0,9,0
18185,3,0,179,5,18,0,0,9,1
18186,3,0,179,6,18,2,0,9,0
18187,3,0,179,7,18,0,0,9,0
18188,3,0,179,8,18,0,0,9,0
18189,3,0,179,9,18,2,0,9,0
18190,3,0,179,10,18,2,0,9,0
18191,3,0,179,11,18,0,0,9,0
18192,3,0,179,12,18,1,0,9,0
18193,3,0,179,13,18,2,0,9,0
18194,3,0,179,14,18,0,0,9,0
18195,3,0,179,15,18,0,0,9,0
18196,3,0,179,16,18,2,0,9,0
18197,3,0,179,17,18,0,0,9,0
18198,3,0,179,18,18,0,0,9,0
18199,3,0,179,19,18,2,0,9,0
18200,3,0,179,20,18,2,0,9,0
18201,3,0,179,21,18,0,0,9,0
18202,3,0,179,22,18,2,0,9,0
18203,3,0,179,23,18,2,0,9,0
18204,3,0,179,24,18,0,0,9,0
18205,3,0,179,25,18,0,0,9,0
18206,3,0,179,26,18,2,0,9,0
18207,3,0,179,27,18,0,0,9,0
18208,3,0,179,28,18,0,0,9,0
18209,3,0,179,29,18,2,0,9,0
18210,3,0,179,30,18,1,0,9,0
18211,3,0,179,31,18,0,0,9,0
18212,3,0,179,32,18,2,0,9,0
18213,3,0,179,33,18,2,0,9,0
18214,3,0,179,34,18,0,0,9,0
18215,3,0,179,35,18,0,0,9,0
18216,3,0,179,36,18,2,0,9,0
18217,3,0,179,37,18,0,0,9,0
18218,3,0,179,38,18,0,0,9,0
18219,3,0,179,39,18,2,0,9,0
18220,3,0,179,40,18,2,0,9,0
18221,3,0,179,41,18,0,0,9,0
18222,3,0,179,42,18,2,0,9,0
18223,3,0,179,43,18,1,0,9,0
18224,3,0,179,44,18,0,0,9,0
18225,3,0,179,45,18,0,0,9,0
18226,3,0,179,46,18,2,0,9,0
18227,3,0,179,47,18,0,0,9,0
18228,3,0,179,48,18,0,0,9,0
18229,3,0,179,49,18,2,0,9,0
18230,3,0,179,50,18,2,0,9,0
18231,3,0,179,51,18,0,0,9,0
18232,3,0,179,52,18,2,0,9,0
18233,3,0,179,53,18,2,0,9,1
18234,3,0,179,54,18,0,0,9,0
18235,3,0,179,55,18,0,0,9,0
18236,3,0,179,56,18,1,0,9,0
18237,3,0,179,57,18,0,0,9,0
18238,3,0,179,58,18,0,0,9,0
18239,3,0,179,59,18,2,0,9,0
18240,3,0,179,60,18,1,0,9,0
18241,3,0,179,61,18,0,0,9,0
18242,3,0,179,62,18,2,0,9,0
18243,3,0,179,63,18,2,0,9,0
18244,3,0,179,64,18,0,0,9,0
18245,3,0,179,65,18,0,0,9,0
18246,3,0,179,66,18,2,0,9,1
18247,3,0,179,67,18,0,0,9,0
18248,3,0,179,68,18,0,0,9,0
18249,3,0,179,69,18,1,0,9,0
18250,3,0,179,70,18,2,0,9,0
18251,3,0,179,71,18,0,0,9,0
18252,3,0,179,72,18,2,0,9,0
18253,3,0,179,73,18,1,0,9,0
18254,3,0,179,74,18,0,0,9,0
18255,3,0,179,75,18,0,0,9,0
18256,3,0,179,76,18,2,0,9,0
18257,3,0,179,77,18,0,0,9,0
18258,3,0,179,78,18,0,0,9,0
18259,3,0,179,79,18,2,0,9,1
18260,3,0,179,80,18,2,0,9,0
18261,3,0,179,81,18,0,0,9,0
18262,3,0,179,82,18,1,0,9,0
18263,3,0,179,83,18,2,0,9,0
18264,3,0,179,84,18,0,0,9,0
18265,3,0,179,85,18,0,0,9,0
18266,3,0,179,86,18,1,0,9,0
18267,3,0,179,87,18,0,0,9,0
18268,3,0,179,88,18,0,0,9,0
18269,3,0,179,89,18,2,0,9,0
18270,3,0,179,90,18,2,0,9,0
18271,3,0,179,91,18,0,0,9,0
18272,3,0,179,92,18,2,0,9,1
18273,3,0,179,93,18,2,0,9,0
18274,3,0,179,94,18,0,0,9,0
18275,3,0,179,95,18,0,0,9,0
18276,3,0,179,96,18,2,0,9,0
18277,3,0,179,97,18,0,0,9,0
18278,3,0,179,98,18,0,0,9,0
18279,3,0,179,99,18,1,0,9,0
18280,2,0,180,99,18,1,0,0,1
18281,3,0,180,0,18,2,1,0,0
18282,3,0,180,1,18,0,1,0,0
18283,3,0,180,2,18,2,1,0,0
18284,3,0,180,3,18,2,1,0,0
18285,3,0,180,4,18,0,1,0,0
18286,3,0,180,5,18,0,1,0,0
18287,3,0,180,6,18,2,1,0,0
18288,3,0,180,7,18,0,1,0,0
18289,3,0,180,8,18,0,1,0,0
18290,3,0,180,9,18,2,1,0,0
18291,3,0,180,10,18,2,1,0,0
18292,3,0,180,11,18,0,1,0,0
18293,3,0,180,12,18,1,1,0,1
18294,3,0,180,13,18,2,1,0,0
18295,3,0,180,14,18,0,1,0,0
18296,3,0,180,15,18,0,1,0,0
18297,3,0,180,16,18,2,1,0,0
18298,3,0,180,17,18,0,1,0,0
18299,3,0,180,18,18,0,1,0,0
18300,3,0,180,19,18,2,1,0,0
18301,3,0,180,20,18,2,1,0,0
18302,3,0,180,21,18,0,1,0,0
18303,3,0,180,22,18,2,1,0,0
18304,3,0,180,23,18,2,1,0,0
18305,3,0,180,24,18,0,1,0,0
18306,3,0,180,25,18,0,1,0,0
18307,3,0,180,26,18,2,1,0,0
18308,3,0,180,27,18,0,1,0,0
18309,3,0,180,28,18,0,1,0,0
18310,3,0,180,29,18,2,1,0,0
18311,3,0,180,30,18,1,1,0,0
18312,3,0,180,31,18,0,1,0,0
18313,3,0,180,32,18,2,1,0,0
18314,3,0,180,33,18,2,1,0,0
18315,3,0,180,34,18,0,1,0,0
18316,3,0,180,35,18,0,1,0,0
18317,3,0,180,36,18,2,1,0,0
18318,3,0,180,37,18,0,1,0,0
18319,3,0,180,38,18,0,1,0,0
18320,3,0,180,39,18,2,1,0,0
18321,3,0,180,40,18,2,1,0,0
18322,3,0,180,41,18,0,1,0,0
18323,3,0,180,42,18,2,1,0,0
18324,3,0,180,43,18,1,1,0,0
18325,3,0,180,44,18,0,1,0,0
18326,3,0,180,45,18,0,1,0,0
18327,3,0,180,46,18,2,1,0,0
18328,3,0,180,47,18,0,1,0,0
18329,3,0,180,48,18,0,1,0,0
18330,3,0,180,49,18,2,1,0,0
18331,3,0,180,50,18,2,1,0,0
18332,3,0,180,51,18,0,1,0,0
18333,3,0,180,52,18,2,1,0,0
18334,3,0,180,53,18,2,1,0,0
18335,3,0,180,54,18,0,1,0,0
18336,3,0,180,55,18,0,1,0,0
18337,3,0,180,56,18,1,1,0,0
18338,3,0,180,57,18,0,1,0,0
18339,3,0,180,58,18,0,1,0,0
18340,3,0,180,59,18,2,1,0,0
18341,3,0,180,60,18,1,1,0,1
18342,3,0,180,61,18,0,1,0,0
18343,3,0,180,62,18,2,1,0,0
18344,3,0,180,63,18,2,1,0,0
18345,3,0,180,64,18,0,1,0,0
18346,3,0,180,65,18,0,1,0,0
18347,3,0,180,66,18,2,1,0,0
18348,3,0,180,67,18,0,1,0,0
18349,3,0,180,68,18,0,1,0,0
18350,3,0,180,69,18,1,1,0,0
18351,3,0,180,70,18,2,1,0,0
18352,3,0,180,71,18,0,1,0,0
18353,3,0,180,72,18,2,1,0,0
18354,3,0,180,73,18,1,1,0,1
18355,3,0,180,74,18,0,1,0,0
18356,3,0,180,75,18,0,1,0,0
18357,3,0,180,76,18,2,1,0,0
18358,3,0,180,77,18,0,1,0,0
18359,3,0,180,78,18,0,1,0,0
18360,3,0,180,79,18,2,1,0,0
18361,3,0,180,80,18,2,1,0,0
18362,3,0,180,81,18,0,1,0,0
18363,3,0,180,82,18,1,1,0,0
18364,3,0,180,83,18,2,1,0,0
18365,3,0,180,84,18,0,1,0,0
18366,3,0,180,85,18,0,1,0,0
18367,3,0,180,86,18,1,1,0,1
18368,3,0,180,87,18,0,1,0,0
18369,3,0,180,88,18,0,1,0,0
18370,3,0,180,89,18,2,1,0,0
18371,3,0,180,90,18,2,1,0,0
18372,3,0,180,91,18,0,1,0,0
18373,3,0,180,92,18,2,1,0,0
18374,3,0,180,93,18,2,1,0,0
18375,3,0,180,94,18,0,1,0,0
18376,3,0,180,95,18,0,1,0,0
18377,3,0,180,96,18,2,1,0,0
18378,3,0,180,97,18,0,1,0,0
18379,3,0,180,98,18,0,1,0,0
18380,3,0,180,99,18,1,1,0,1
18381,2,0,181,99,19,2,1,1,0
18382,3,0,181,0,19,2,0,1,0
18383,3,0,181,1,19,0,0,1,0
18384,3,0,181,2,19,2,0,1,0
18385,3,0,181,3,19,2,0,1,0
18386,3,0,181,4,19,0,0,1,0
18387,3,0,181,5,19,0,0,1,0
18388,3,0,181,6,19,2,0,1,1
18389,3,0,181,7,19,0,0,1,0
18390,3,0,181,8,19,0,0,1,0
18391,3,0,181,9,19,2,0,1,0
18392,3,0,181,10,19,2,0,1,0
18393,3,0,181,11,19,0,0,1,0
18394,3,0,181,12,19,2,0,1,0
18395,3,0,181,13,19,2,0,1,0
18396,3,0,181,14,19,0,0,1,0
18397,3,0,181,15,19,0,0,1,0
18398,3,0,181,16,19,2,0,1,0
18399,3,0,181,17,19,0,0,1,0
18400,3,0,181,18,19,0,0,1,0
18401,3,0,181,19,19,2,0,1,1
18402,3,0,181,20,19,2,0,1,0
18403,3,0,181,21,19,0,0,1,0
18404,3,0,181,22,19,2,0,1,0
18405,3,0,181,23,19,2,0,1,0
18406,3,0,181,24,19,0,0,1,0
18407,3,0,181,25,19,0,0,1,0
18408,3,0,181,26,19,2,0,1,0
18409,3,0,181,27,19,0,0,1,0
18410,3,0,181,28,19,0,0,1,0
18411,3,0,181,29,19,2,0,1,0
18412,3,0,181,30,19,1,0,1,0
18413,3,0,181,31,19,0,0,1,0
18414,3,0,181,32,19,2,0,1,0
18415,3,0,181,33,19,2,0,1,0
18416,3,0,181,34,19,0,0,1,0
18417,3,0,181,35,19,0,0,1,0
18418,3,0,181,36,19,2,0,1,0
18419,3,0,181,37,19,0,0,1,0
18420,3,0,181,38,19,0,0,1,0
18421,3,0,181,39,19,2,0,1,0
18422,3,0,181,40,19,2,0,1,0
18423,3,0,181,41,19,0,0,1,0
18424,3,0,181,42,19,2,0,1,0
18425,3,0,181,43,19,1,0,1,0
18426,3,0,181,44,19,0,0,1,0
18427,3,0,181,45,19,0,0,1,0
18428,3,0,181,46,19,2,0,1,0
18429,3,0,181,47,19,0,0,1,0
18430,3,0,181,48,19,0,0,1,0
18431,3,0,181,49,19,2,0,1,0
18432,3,0,181,50,19,2,0,1,0
18433,3,0,181,51,19,0,0,1,0
18434,3,0,181,52,19,2,0,1,0
18435,3,0,181,53,19,2,0,1,0
18436,3,0,181,54,19,0,0,1,0
18437,3,0,181,55,19,0,0,1,0
18438,3,0,181,56,19,1,0,1,0
18439,3,0,181,57,19,0,0,1,0
18440,3,0,181,58,19,0,0,1,0
18441,3,0,181,59,19,2,0,1,0
18442,3,0,181,60,19,2,0,1,0
18443,3,0,181,61,19,0,0,1,0
18444,3,0,181,62,19,2,0,1,0
18445,3,0,181,63,19,2,0,1,0
18446,3,0,181,64,19,0,0,1,0
18447,3,0,181,65,19,0,0,1,0
18448,3,0,181,66,19,2,0,1,0
18449,3,0,181,67,19,0,0,1,1
18450,3,0,181,68,19,0,0,1,0
18451,3,0,181,69,19,1,0,1,0
18452,3,0,181,70,19,2,0,1,0
18453,3,0,181,71,19,0,0,1,0
18454,3,0,181,72,19,2,0,1,0
18455,3,0,181,73,19,2,0,1,0
18456,3,0,181,74,19,0,0,1,0
18457,3,0,181,75,19,0,0,1,0
18458,3,0,181,76,19,2,0,1,0
18459,3,0,181,77,19,0,0,1,0
18460,3,0,181,78,19,0,0,1,0
18461,3,0,181,79,19,2,0,1,0
18462,3,0,181,80,19,2,0,1,1
18463,3,0,181,81,19,0,0,1,0
18464,3,0,181,82,19,1,0,1,0
18465,3,0,181,83,19,2,0,1,0
18466,3,0,181,84,19,0,0,1,0
18467,3,0,181,85,19,0,0,1,0
18468,3,0,181,86,19,2,0,1,0
18469,3,0,181,87,19,0,0,1,0
18470,3,0,181,88,19,0,0,1,0
18471,3,0,181,89,19,2,0,1,0
18472,3,0,181,90,19,2,0,1,0
18473,3,0,181,91,19,0,0,1,0
18474,3,0,181,92,19,2,0,1,0
18475,3,0,181,93,19,2,0,1,1
18476,3,0,181,94,19,0,0,1,0
18477,3,0,181,95,19,0,0,1,0
18478,3,0,181,96,19,2,0,1,0
18479,3,0,181,97,19,0,0,1,0
18480,3,0,181,98,19,0,0,1,0
18481,3,0,181,99,19,2,0,1,0
18482,2,0,182,99,19,2,0,2,0
18483,3,0,182,0,19,2,0,2,1
18484,3,0,182,1,19,0,0,2,0
18485,3,0,182,2,19,2,0,2,0
18486,3,0,182,3,19,2,0,2,0
18487,3,0,182,4,19,0,0,2,0
18488,3,0,182,5,19,0,0,2,0
18489,3,0,182,6,19,2,0,2,0
18490,3,0,182,7,19,0,0,2,0
18491,3,0,182,8,19,0,0,2,0
18492,3,0,182,9,19,2,0,2,0
18493,3,0,182,10,19,2,0,2,0
18494,3,0,182,11,19,0,0,2,0
18495,3,0,182,12,19,2,0,2,0
18496,3,0,182,13,19,2,0,2,1
18497,3,0,182,14,19,0,0,2,0
18498,3,0,182,15,19,0,0,2,0
18499,3,0,182,16,19,2,0,2,0
18500,3,0,182,17,19,0,0,2,0
18501,3,0,182,18,19,0,0,2,0
18502,3,0,182,19,19,2,0,2,0
18503,3,0,182,20,19,2,0,2,0
18504,3,0,182,21,19,0,0,2,0
18505,3,0,182,22,19,2,0,2,0
18506,3,0,182,23,19,2,0,2,0
18507,3,0,182,24,19,0,0,2,0
18508,3,0,182,25,19,0,0,2,0
18509,3,0,182,26,19,2,0,2,1
18510,3,0,182,27,19,0,0,2,0
18511,3,0,182,28,19,0,0,2,0
18512,3,0,182,29,19,2,0,2,0
18513,3,0,182,30,19,1,0,2,0
18514,3,0,182,31,19,0,0,2,0
18515,3,0,182,32,19,2,0,2,0
18516,3,0,182,33,19,2,0,2,0
18517,3,0,182,34,19,0,0,2,0
18518,3,0,182,35,19,0,0,2,0
18519,3,0,182,36,19,2,0,2,0
18520,3,0,182,37,19,0,0,2,0
18521,3,0,182,38,19,0,0,2,0
18522,3,0,182,39,19,2,0,2,0
18523,3,0,182,40,19,2,0,2,0
18524,3,0,182,41,19,0,0,2,0
18525,3,0,182,42,19,2,0,2,0
18526,3,0,182,43,19,1,0,2,0
18527,3,0,182,44,19,0,0,2,0
18528,3,0,182,45,19,0,0,2,0
18529,3,0,182,46,19,2,0,2,0
18530,3,0,182,47,19,0,0,2,0
18531,3,0,182,48,19,0,0,2,0
18532,3,0,182,49,19,2,0,2,0
18533,3,0,182,50,19,2,0,2,0
18534,3,0,182,51,19,0,0,2,0
18535,3,0,182,52,19,2,0,2,0
18536,3,0,182,53,19,2,0,2,0
18537,3,0,182,54,19,0,0,2,0
18538,3,0,182,55,19,0,0,2,0
18539,3,0,182,56,19,1,0,2,0
18540,3,0,182,57,19,0,0,2,0
18541,3,0,182,58,19,0,0,2,0
18542,3,0,182,59,19,2,0,2,0
18543,3,0,182,60,19,2,0,2,0
18544,3,0,182,61,19,0,0,2,0
18545,3,0,182,62,19,2,0,2,0
18546,3,0,182,63,19,2,0,2,0
18547,3,0,182,64,19,0,0,2,0
18548,3,0,182,65,19,0,0,2,0
18549,3,0,182,66,19,2,0,2,0
18550,3,0,182,67,19,0,0,2,0
18551,3,0,182,68,19,0,0,2,0
18552,3,0,182,69,19,1,0,2,0
18553,3,0,182,70,19,2,0,2,0
18554,3,0,182,71,19,0,0,2,0
18555,3,0,182,72,19,2,0,2,0
18556,3,0,182,73,19,2,0,2,0
18557,3,0,182,74,19,0,0,2,1
18558,3,0,182,75,19,0,0,2,0
18559,3,0,182,76,19,2,0,2,0
18560,3,0,182,77,19,0,0,2,0
18561,3,0,182,78,19,0,0,2,0
18562,3,0,182,79,19,2,0,2,0
18563,3,0,182,80,19,2,0,2,0
18564,3,0,182,81,19,0,0,2,0
18565,3,0,182,82,19,1,0,2,0
18566,3,0,182,83,19,2,0,2,0
18567,3,0,182,84,19,0,0,2,0
18568,3,0,182,85,19,0,0,2,0
18569,3,0,182,86,19,2,0,2,0
18570,3,0,182,87,19,0,0,2,1
18571,3,0,182,88,19,0,0,2,0
18572,3,0,182,89,19,2,0,2,0
18573,3,0,182,90,19,2,0,2,0
18574,3,0,182,91,19,0,0,2,0
18575,3,0,182,92,19,2,0,2,0
18576,3,0,182,93,19,2,0,2,0
18577,3,0,182,94,19,0,0,2,0
18578,3,0,182,95,19,0,0,2,0
18579,3,0,182,96,19,2,0,2,0
18580,3,0,182,97,19,0,0,2,0
18581,3,0,182,98,19,0,0,2,0
18582,3,0,182,99,19,2,0,2,0
18583,2,0,183,99,19,2,0,3,0
18584,3,0,183,0,19,2,0,3,0
18585,3,0,183,1,19,0,0,3,0
18586,3,0,183,2,19,2,0,3,0
18587,3,0,183,3,19,2,0,3,0
18588,3,0,183,4,19,0,0,3,0
18589,3,0,183,5,19,0,0,3,0
18590,3,0,183,6,19,2,0,3,0
18591,3,0,183,7,19,0,0,3,1
18592,3,0,183,8,19,0,0,3,0
18593,3,0,183,9,19,2,0,3,0
18594,3,0,183,10,19,2,0,3,0
18595,3,0,183,11,19,0,0,3,0
18596,3,0,183,12,19,2,0,3,0
18597,3,0,183,13,19,2,0,3,0
18598,3,0,183,14,19,0,0,3,0
18599,3,0,183,15,19,0,0,3,0
18600,3,0,183,16,19,2,0,3,0
18601,3,0,183,17,19,0,0,3,0
18602,3,0,183,18,19,0,0,3,0
18603,3,0,183,19,19,2,0,3,0
18604,3,0,183,20,19,2,0,3,1
18605,3,0,183,21,19,0,0,3,0
18606,3,0,183,22,19,2,0,3,0
18607,3,0,183,23,19,2,0,3,0
18608,3,0,183,24,19,0,0,3,0
18609,3,0,183,25,19,0,0,3,0
18610,3,0,183,26,19,2,0,3,0
18611,3,0,183,27,19,0,0,3,0
18612,3,0,183,28,19,0,0,3,0
18613,3,0,183,29,19,2,0,3,0
18614,3,0,183,30,19,1,0,3,0
18615,3,0,183,31,19,0,0,3,0
18616,3,0,183,32,19,2,0,3,0
18617,3,0,183,33,19,2,0,3,1
18618,3,0,183,34,19,0,0,3,0
18619,3,0,183,35,19,0,0,3,0
18620,3,0,183,36,19,2,0,3,0
18621,3,0,183,37,19,0,0,3,0
18622,3,0,183,38,19,0,0,3,0
18623,3,0,183,39,19,2,0,3,0
18624,3,0,183,40,19,2,0,3,0
18625,3,0,183,41,19,0,0,3,0
18626,3,0,183,42,19,2,0,3,0
18627,3,0,183,43,19,1,0,3,0
18628,3,0,183,44,19,0,0,3,0
18629,3,0,183,45,19,0,0,3,0
18630,3,0,183,46,19,2,0,3,0
18631,3,0,183,47,19,0,0,3,0
18632,3,0,183,48,19,0,0,3,0
18633,3,0,183,49,19,2,0,3,0
18634,3,0,183,50,19,2,0,3,0
18635,3,0,183,51,19,0,0,3,0
18636,3,0,183,52,19,2,0,3,0
18637,3,0,183,53,19,2,0,3,0
18638,3,0,183,54,19,0,0,3,0
18639,3,0,183,55,19,0,0,3,0
18640,3,0,183,56,19,1,0,3,0
18641,3,0,183,57,19,0,0,3,0
18642,3,0,183,58,19,0,0,3,0
18643,3,0,183,59,19,2,0,3,0
18644,3,0,183,60,19,2,0,3,0
18645,3,0,183,61,19,0,0,3,0
18646,3,0,183,62,19,2,0,3,0
18647,3,0,183,63,19,2,0,3,0
18648,3,0,183,64,19,0,0,3,0
18649,3,0,183,65,19,0,0,3,0
18650,3,0,183,66,19,2,0,3,0
18651,3,0,183,67,19,0,0,3,0
18652,3,0,183,68,19,0,0,3,0
18653,3,0,183,69,19,1,0,3,0
18654,3,0,183,70,19,2,0,3,0
18655,3,0,183,71,19,0,0,3,0
18656,3,0,183,72,19,2,0,3,0
18657,3,0,183,73,19,2,0,3,0
18658,3,0,183,74,19,0,0,3,0
18659,3,0,183,75,19,0,0,3,0
18660,3,0,183,76,19,2,0,3,0
18661,3,0,183,77,19,0,0,3,0
18662,3,0,183,78,19,0,0,3,0
18663,3,0,183,79,19,2,0,3,0
18664,3,0,183,80,19,2,0,3,0
18665,3,0,183,81,19,0,0,3,1
18666,3,0,183,82,19,1,0,3,0
18667,3,0,183,83,19,2,0,3,0
18668,3,0,183,84,19,0,0,3,0
18669,3,0,183,85,19,0,0,3,0
18670,3,0,183,86,19,2,0,3,0
18671,3,0,183,87,19,0,0,3,0
18672,3,0,183,88,19,0,0,3,0
18673,3,0,183,89,19,2,0,3,0
18674,3,0,183,90,19,2,0,3,0
18675,3,0,183,91,19,0,0,3,0
18676,3,0,183,92,19,2,0,3,0
18677,3,0,183,93,19,2,0,3,0
18678,3,0,183,94,19,0,0,3,1
18679,3,0,183,95,19,0,0,3,0
18680,3,0,183,96,19,2,0,3,0
18681,3,0,183,97,19,0,0,3,0
18682,3,0,183,98,19,0,0,3,0
18683,3,0,183,99,19,2,0,3,0
18684,2,0,184,99,19,2,0,4,0
18685,3,0,184,0,19,2,0,4,0
18686,3,0,184,1,19,0,0,4,1
18687,3,0,184,2,19,2,0,4,0
18688,3,0,184,3,19,2,0,4,0
18689,3,0,184,4,19,0,0,4,0
18690,3,0,184,5,19,0,0,4,0
18691,3,0,184,6,19,2,0,4,0
18692,3,0,184,7,19,0,0,4,0
18693,3,0,184,8,19,0,0,4,0
18694,3,0,184,9,19,2,0,4,0
18695,3,0,184,10,19,2,0,4,0
18696,3,0,184,11,19,0,0,4,0
18697,3,0,184,12,19,2,0,4,0
18698,3,0,184,13,19,2,0,4,0
18699,3,0,184,14,19,0,0,4,1
18700,3,0,184,15,19,0,0,4,0
18701,3,0,184,16,19,2,0,4,0
18702,3,0,184,17,19,0,0,4,0
18703,3,0,184,18,19,0,0,4,0
18704,3,0,184,19,19,2,0,4,0
18705,3,0,184,20,19,2,0,4,0
18706,3,0,184,21,19,0,0,4,0
18707,3,0,184,22,19,2,0,4,0
18708,3,0,184,23,19,2,0,4,0
18709,3,0,184,24,19,0,0,4,0
18710,3,0,184,25,19,0,0,4,0
18711,3,0,184,26,19,2,0,4,0
18712,3,0,184,27,19,0,0,4,1
18713,3,0,184,28,19,0,0,4,0
18714,3,0,184,29,19,2,0,4,0
18715,3,0,184,30,19,1,0,4,0
18716,3,0,184,31,19,0,0,4,0
18717,3,0,184,32,19,2,0,4,0
18718,3,0,184,33,19,2,0,4,0
18719,3,0,184,34,19,0,0,4,0
18720,3,0,184,35,19,0,0,4,0
18721,3,0,184,36,19,2,0,4,0
18722,3,0,184,37,19,0,0,4,0
18723,3,0,184,38,19,0,0,4,0
18724,3,0,184,39,19,2,0,4,0
18725,3,0,184,40,19,2,0,4,1
18726,3,0,184,41,19,0,0,4,0
18727,3,0,184,42,19,2,0,4,0
18728,3,0,184,43,19,1,0,4,0
18729,3,0,184,44,19,0,0,4,0
18730,3,0,184,45,19,0,0,4,0
18731,3,0,184,46,19,2,0,4,0
18732,3,0,184,47,19,0,0,4,0
18733,3,0,184,48,19,0,0,4,0
18734,3,0,184,49,19,2,0,4,0
18735,3,0,184,50,19,2,0,4,0
18736,3,0,184,51,19,0,0,4,0
18737,3,0,184,52,19,2,0,4,0
18738,3,0,184,53,19,2,0,4,0
18739,3,0,184,54,19,0,0,4,0
18740,3,0,184,55,19,0,0,4,0
18741,3,0,184,56,19,1,0,4,0
18742,3,0,184,57,19,0,0,4,0
18743,3,0,184,58,19,0,0,4,0
18744,3,0,184,59,19,2,0,4,0
18745,3,0,184,60,19,2,0,4,0
18746,3,0,184,61,19,0,0,4,0
18747,3,0,184,62,19,2,0,4,0
18748,3,0,184,63,19,2,0,4,0
18749,3,0,184,64,19,0,0,4,0
18750,3,0,184,65,19,0,0,4,0
18751,3,0,184,66,19,2,0,4,0
18752,3,0,184,67,19,0,0,4,0
18753,3,0,184,68,19,0,0,4,0
18754,3,0,184,69,19,1,0,4,0
18755,3,0,184,70,19,2,0,4,0
18756,3,0,184,71,19,0,0,4,0
18757,3,0,184,72,19,2,0,4,0
18758,3,0,184,73,19,2,0,4,0
18759,3,0,184,74,19,0,0,4,0
18760,3,0,184,75,19,0,0,4,0
18761,3,0,184,76,19,2,0,4,0
18762,3,0,184,77,19,0,0,4,0
18763,3,0,184,78,19,0,0,4,0
18764,3,0,184,79,19,2,0,4,0
18765,3,0,184,80,19,2,0,4,0
18766,3,0,184,81,19,0,0,4,0
18767,3,0,184,82,19,1,0,4,0
18768,3,0,184,83,19,2,0,4,0
18769,3,0,184,84,19,0,0,4,0
18770,3,0,184,85,19,0,0,4,0
18771,3,0,184,86,19,2,0,4,0
18772,3,0,184,87,19,0,0,4,0
18773,3,0,184,88,19,0,0,4,1
18774,3,0,184,89,19,2,0,4,0
18775,3,0,184,90,19,2,0,4,0
18776,3,0,184,91,19,0,0,4,0
18777,3,0,184,92,19,2,0,4,0
18778,3,0,184,93,19,2,0,4,0
18779,3,0,184,94,19,0,0,4,0
18780,3,0,184,95,19,0,0,4,0
18781,3,0,184,96,19,2,0,4,0
18782,3,0,184,97,19,0,0,4,0
18783,3,0,184,98,19,0,0,4,0
18784,3,0,184,99,19,2,0,4,0
18785,2,0,185,99,19,2,0,5,0
18786,3,0,185,0,19,2,0,5,0
18787,3,0,185,1,19,0,0,5,0
18788,3,0,185,2,19,2,0,5,0
18789,3,0,185,3,19,2,0,5,0
18790,3,0,185,4,19,0,0,5,0
18791,3,0,185,5,19,0,0,5,0
18792,3,0,185,6,19,2,0,5,0
18793,3,0,185,7,19,0,0,5,0
18794,3,0,185,8,19,0,0,5,1
18795,3,0,185,9,19,2,0,5,0
18796,3,0,185,10,19,2,0,5,0
18797,3,0,185,11,19,0,0,5,0
18798,3,0,185,12,19,2,0,5,0
18799,3,0,185,13,19,2,0,5,0
18800,3,0,185,14,19,0,0,5,0
18801,3,0,185,15,19,0,0,5,0
18802,3,0,185,16,19,2,0,5,0
18803,3,0,185,17,19,0,0,5,0
18804,3,0,185,18,19,0,0,5,0
18805,3,0,185,19,19,2,0,5,0
18806,3,0,185,20,19,2,0,5,0
18807,3,0,185,21,19,0,0,5,1
18808,3,0,185,22,19,2,0,5,0
18809,3,0,185,23,19,2,0,5,0
18810,3,0,185,24,19,0,0,5,0
18811,3,0,185,25,19,0,0,5,0
18812,3,0,185,26,19,2,0,5,0
18813,3,0,185,27,19,0,0,5,0
18814,3,0,185,28,19,0,0,5,0
18815,3,0,185,29,19,2,0,5,0
18816,3,0,185,30,19,1,0,5,0
18817,3,0,185,31,19,0,0,5,0
18818,3,0,185,32,19,2,0,5,0
18819,3,0,185,33,19,2,0,5,0
18820,3,0,185,34,19,0,0,5,1
18821,3,0,185,35,19,0,0,5,0
18822,3,0,185,36,19,2,0,5,0
18823,3,0,185,37,19,0,0,5,0
18824,3,0,185,38,19,0,0,5,0
18825,3,0,185,39,19,2,0,5,0
18826,3,0,185,40,19,2,0,5,0
18827,3,0,185,41,19,0,0,5,0
18828,3,0,185,42,19,2,0,5,0
18829,3,0,185,43,19,1,0,5,0
18830,3,0,185,44,19,0,0,5,0
18831,3,0,185,45,19,0,0,5,0
18832,3,0,185,46,19,2,0,5,0
18833,3,0,185,47,19,0,0,5,1
18834,3,0,185,48,19,0,0,5,0
18835,3,0,185,49,19,2,0,5,0
18836,3,0,185,50,19,2,0,5,0
18837,3,0,185,51,19,0,0,5,0
18838,3,0,185,52,19,2,0,5,0
18839,3,0,185,53,19,2,0,5,0
18840,3,0,185,54,19,0,0,5,0
18841,3,0,185,55,19,0,0,5,0
18842,3,0,185,56,19,1,0,5,0
18843,3,0,185,57,19,0,0,5,0
18844,3,0,185,58,19,0,0,5,0
18845,3,0,185,59,19,2,0,5,0
18846,3,0,185,60,19,2,0,5,0
18847,3,0,185,61,19,0,0,5,0
18848,3,0,185,62,19,2,0,5,0
18849,3,0,185,63,19,2,0,5,0
18850,3,0,185,64,19,0,0,5,0
18851,3,0,185,65,19,0,0,5,0
18852,3,0,185,66,19,2,0,5,0
18853,3,0,185,67,19,0,0,5,0
18854,3,0,185,68,19,0,0,5,0
18855,3,0,185,69,19,1,0,5,0
18856,3,0,185,70,19,2,0,5,0
18857,3,0,185,71,19,0,0,5,0
18858,3,0,185,72,19,2,0,5,0
18859,3,0,185,73,19,2,0,5,0
18860,3,0,185,74,19,0,0,5,0
18861,3,0,185,75,19,0,0,5,0
18862,3,0,185,76,19,2,0,5,0
18863,3,0,185,77,19,0,0,5,0
18864,3,0,185,78,19,0,0,5,0
18865,3,0,185,79,19,2,0,5,0
18866,3,0,185,80,19,2,0,5,0
18867,3,0,185,81,19,0,0,5,0
18868,3,0,185,82,19,1,0,5,0
18869,3,0,185,83,19,2,0,5,0
18870,3,0,185,84,19,0,0,5,0
18871,3,0,185,85,19,0,0,5,0
18872,3,0,185,86,19,2,0,5,0
18873,3,0,185,87,19,0,0,5,0
18874,3,0,185,88,19,0,0,5,0
18875,3,0,185,89,19,2,0,5,0
18876,3,0,185,90,19,2,0,5,0
18877,3,0,185,91,19,0,0,5,0
18878,3,0,185,92,19,2,0,5,0
18879,3,0,185,93,19,2,0,5,0
18880,3,0,185,94,19,0,0,5,0
18881,3,0,185,95,19,0,0,5,1
18882,3,0,185,96,19,2,0,5,0
18883,3,0,185,97,19,0,0,5,0
18884,3,0,185,98,19,0,0,5,0
18885,3,0,185,99,19,2,0,5,0
18886,2,0,186,99,19,2,0,6,0
18887,3,0,186,0,19,2,0,6,0
18888,3,0,186,1,19,0,0,6,0
18889,3,0,186,2,19,2,0,6,1
18890,3,0,186,3,19,2,0,6,0
18891,3,0,186,4,19,0,0,6,0
18892,3,0,186,5,19,0,0,6,0
18893,3,0,186,6,19,2,0,6,0
18894,3,0,186,7,19,0,0,6,0
18895,3,0,186,8,19,0,0,6,0
18896,3,0,186,9,19,2,0,6,0
18897,3,0,186,10,19,2,0,6,0
18898,3,0,186,11,19,0,0,6,0
18899,3,0,186,12,19,2,0,6,0
18900,3,0,186,13,19,2,0,6,0
18901,3,0,186,14,19,0,0,6,0
18902,3,0,186,15,19,0,0,6,1
18903,3,0,186,16,19,2,0,6,0
18904,3,0,186,17,19,0,0,6,0
18905,3,0,186,18,19,0,0,6,0
18906,3,0,186,19,19,2,0,6,0
18907,3,0,186,20,19,2,0,6,0
18908,3,0,186,21,19,0,0,6,0
18909,3,0,186,22,19,2,0,6,0
18910,3,0,186,23,19,2,0,6,0
18911,3,0,186,24,19,0,0,6,0
18912,3,0,186,25,19,0,0,6,0
18913,3,0,186,26,19,2,0,6,0
18914,3,0,186,27,19,0,0,6,0
18915,3,0,186,28,19,0,0,6,1
18916,3,0,186,29,19,2,0,6,0
18917,3,0,186,30,19,1,0,6,0
18918,3,0,186,31,19,0,0,6,0
18919,3,0,186,32,19,2,0,6,0
18920,3,0,186,33,19,2,0,6,0
18921,3,0,186,34,19,0,0,6,0
18922,3,0,186,35,19,0,0,6,0
18923,3,0,186,36,19,2,0,6,0
18924,3,0,186,37,19,0,0,6,0
18925,3,0,186,38,19,0,0,6,0
18926,3,0,186,39,19,2,0,6,0
18927,3,0,186,40,19,2,0,6,0
18928,3,0,186,41,19,0,0,6,1
18929,3,0,186,42,19,2,0,6,0
18930,3,0,186,43,19,1,0,6,0
18931,3,0,186,44,19,0,0,6,0
18932,3,0,186,45,19,0,0,6,0
18933,3,0,186,46,19,2,0,6,0
18934,3,0,186,47,19,0,0,6,0
18935,3,0,186,48,19,0,0,6,0
18936,3,0,186,49,19,2,0,6,0
18937,3,0,186,50,19,2,0,6,0
18938,3,0,186,51,19,0,0,6,0
18939,3,0,186,52,19,2,0,6,0
18940,3,0,186,53,19,2,0,6,0
18941,3,0,186,54,19,0,0,6,1
18942,3,0,186,55,19,0,0,6,0
18943,3,0,186,56,19,1,0,6,0
18944,3,0,186,57,19,0,0,6,0
18945,3,0,186,58,19,0,0,6,0
18946,3,0,186,59,19,2,0,6,0
18947,3,0,186,60,19,2,0,6,0
18948,3,0,186,61,19,0,0,6,0
18949,3,0,186,62,19,2,0,6,0
18950,3,0,186,63,19,2,0,6,0
18951,3,0,186,64,19,0,0,6,0
18952,3,0,186,65,19,0,0,6,0
18953,3,0,186,66,19,2,0,6,0
18954,3,0,186,67,19,0,0,6,0
18955,3,0,186,68,19,0,0,6,0
18956,3,0,186,69,19,1,0,6,0
18957,3,0,186,70,19,2,0,6,0
18958,3,0,186,71,19,0,0,6,0
18959,3,0,186,72,19,2,0,6,0
18960,3,0,186,73,19,2,0,6,0
18961,3,0,186,74,19,0,0,6,0
18962,3,0,186,75,19,0,0,6,0
18963,3,0,186,76,19,2,0,6,0
18964,3,0,186,77,19,0,0,6,0
18965,3,0,186,78,19,0,0,6,0
18966,3,0,186,79,19,2,0,6,0
18967,3,0,186,80,19,2,0,6,0
18968,3,0,186,81,19,0,0,6,0
18969,3,0,186,82,19,1,0,6,0
18970,3,0,186,83,19,2,0,6,0
18971,3,0,186,84,19,0,0,6,0
18972,3,0,186,85,19,0,0,6,0
18973,3,0,186,86,19,2,0,6,0
18974,3,0,186,87,19,0,0,6,0
18975,3,0,186,88,19,0,0,6,0
18976,3,0,186,89,19,2,0,6,0
18977,3,0,186,90,19,2,0,6,0
18978,3,0,186,91,19,0,0,6,0
18979,3,0,186,92,19,2,0,6,0
18980,3,0,186,93,19,2,0,6,0
18981,3,0,186,94,19,0,0,6,0
18982,3,0,186,95,19,0,0,6,0
18983,3,0,186,96,19,2,0,6,0
18984,3,0,186,97,19,0,0,6,0
18985,3,0,186,98,19,0,0,6,0
18986,3,0,186,99,19,2,0,6,0
18987,2,0,187,99,19,2,0,7,0
18988,3,0,187,0,19,2,0,7,0
18989,3,0,187,1,19,0,0,7,0
18990,3,0,187,2,19,2,0,7,0
18991,3,0,187,3,19,2,0,7,0
18992,3,0,187,4,19,0,0,7,0
18993,3,0,187,5,19,0,0,7,0
18994,3,0,187,6,19,2,0,7,0
18995,3,0,187,7,19,0,0,7,0
18996,3,0,187,8,19,0,0,7,0
18997,3,0,187,9,19,2,0,7,1
18998,3,0,187,10,19,2,0,7,0
18999,3,0,187,11,19,0,0,7,0
19000,3,0,187,12,19,2,0,7,0
19001,3,0,187,13,19,2,0,7,0
19002,3,0,187,14,19,0,0,7,0
19003,3,0,187,15,19,0,0,7,0
19004,3,0,187,16,19,2,0,7,0
19005,3,0,187,17,19,0,0,7,0
19006,3,0,187,18,19,0,0,7,0
19007,3,0,187,19,19,2,0,7,0
19008,3,0,187,20,19,2,0,7,0
19009,3,0,187,21,19,0,0,7,0
19010,3,0,187,22,19,2,0,7,1
19011,3,0,187,23,19,2,0,7,0
19012,3,0,187,24,19,0,0,7,0
19013,3,0,187,25,19,0,0,7,0
19014,3,0,187,26,19,2,0,7,0
19015,3,0,187,27,19,0,0,7,0
19016,3,0,187,28,19,0,0,7,0
19017,3,0,187,29,19,2,0,7,0
19018,3,0,187,30,19,1,0,7,0
19019,3,0,187,31,19,0,0,7,0
19020,3,0,187,32,19,2,0,7,0
19021,3,0,187,33,19,2,0,7,0
19022,3,0,187,34,19,0,0,7,0
19023,3,0,187,35,19,0,0,7,1
19024,3,0,187,36,19,2,0,7,0
19025,3,0,187,37,19,0,0,7,0
19026,3,0,187,38,19,0,0,7,0
19027,3,0,187,39,19,2,0,7,0
19028,3,0,187,40,19,2,0,7,0
19029,3,0,187,41,19,0,0,7,0
19030,3,0,187,42,19,2,0,7,0
19031,3,0,187,43,19,1,0,7,0
19032,3,0,187,44,19,0,0,7,0
19033,3,0,187,45,19,0,0,7,0
19034,3,0,187,46,19,2,0,7,0
19035,3,0,187,47,19,0,0,7,0
19036,3,0,187,48,19,0,0,7,1
19037,3,0,187,49,19,2,0,7,0
19038,3,0,187,50,19,2,0,7,0
19039,3,0,187,51,19,0,0,7,0
19040,3,0,187,52,19,2,0,7,0
19041,3,0,187,53,19,2,0,7,0
19042,3,0,187,54,19,0,0,7,0
19043,3,0,187,55,19,0,0,7,0
19044,3,0,187,56,19,1,0,7,0
19045,3,0,187,57,19,0,0,7,0
19046,3,0,187,58,19,0,0,7,0
19047,3,0,187,59,19,2,0,7,0
19048,3,0,187,60,19,2,0,7,0
19049,3,0,187,61,19,0,0,7,1
19050,3,0,187,62,19,2,0,7,0
19051,3,0,187,63,19,2,0,7,0
19052,3,0,187,64,19,0,0,7,0
19053,3,0,187,65,19,0,0,7,0
19054,3,0,187,66,19,2,0,7,0
19055,3,0,187,67,19,0,0,7,0
19056,3,0,187,68,19,0,0,7,0
19057,3,0,187,69,19,1,0,7,0
19058,3,0,187,70,19,2,0,7,0
19059,3,0,187,71,19,0,0,7,0
19060,3,0,187,72,19,2,0,7,0
19061,3,0,187,73,19,2,0,7,0
19062,3,0,187,74,19,0,0,7,0
19063,3,0,187,75,19,0,0,7,0
19064,3,0,187,76,19,2,0,7,0
19065,3,0,187,77,19,0,0,7,0
19066,3,0,187,78,19,0,0,7,0
19067,3,0,187,79,19,2,0,7,0
19068,3,0,187,80,19,2,0,7,0
19069,3,0,187,81,19,0,0,7,0
19070,3,0,187,82,19,1,0,7,0
19071,3,0,187,83,19,2,0,7,0
19072,3,0,187,84,19,0,0,7,0
19073,3,0,187,85,19,0,0,7,0
19074,3,0,187,86,19,2,0,7,0
19075,3,0,187,87,19,0,0,7,0
19076,3,0,187,88,19,0,0,7,0
19077,3,0,187,89,19,2,0,7,0
19078,3,0,187,90,19,2,0,7,0
19079,3,0,187,91,19,0,0,7,0
19080,3,0,187,92,19,2,0,7,0
19081,3,0,187,93,19,2,0,7,0
19082,3,0,187,94,19,0,0,7,0
19083,3,0,187,95,19,0,0,7,0
19084,3,0,187,96,19,2,0,7,0
19085,3,0,187,97,19,0,0,7,0
19086,3,0,187,98,19,0,0,7,0
19087,3,0,187,99,19,2,0,7,0
19088,2,0,188,99,19,2,0,8,0
19089,3,0,188,0,19,2,0,8,0
19090,3,0,188,1,19,0,0,8,0
19091,3,0,188,2,19,2,0,8,0
19092,3,0,188,3,19,2,0,8,0
19093,3,0,188,4,19,0,0,8,0
19094,3,0,188,5,19,0,0,8,0
19095,3,0,188,6,19,2,0,8,0
19096,3,0,188,7,19,0,0,8,0
19097,3,0,188,8,19,0,0,8,0
19098,3,0,188,9,19,2,0,8,0
19099,3,0,188,10,19,2,0,8,0
19100,3,0,188,11,19,0,0,8,0
19101,3,0,188,12,19,2,0,8,0
19102,3,0,188,13,19,2,0,8,0
19103,3,0,188,14,19,0,0,8,0
19104,3,0,188,15,19,0,0,8,0
19105,3,0,188,16,19,2,0,8,1
19106,3,0,188,17,19,0,0,8,0
19107,3,0,188,18,19,0,0,8,0
19108,3,0,188,19,19,2,0,8,0
19109,3,0,188,20,19,2,0,8,0
19110,3,0,188,21,19,0,0,8,0
19111,3,0,188,22,19,2,0,8,0
19112,3,0,188,23,19,2,0,8,0
19113,3,0,188,24,19,0,0,8,0
19114,3,0,188,25,19,0,0,8,0
19115,3,0,188,26,19,2,0,8,0
19116,3,0,188,27,19,0,0,8,0
19117,3,0,188,28,19,0,0,8,0
19118,3,0,188,29,19,2,0,8,1
19119,3,0,188,30,19,1,0,8,0
19120,3,0,188,31,19,0,0,8,0
19121,3,0,188,32,19,2,0,8,0
19122,3,0,188,33,19,2,0,8,0
19123,3,0,188,34,19,0,0,8,0
19124,3,0,188,35,19,0,0,8,0
19125,3,0,188,36,19,2,0,8,0
19126,3,0,188,37,19,0,0,8,0
19127,3,0,188,38,19,0,0,8,0
19128,3,0,188,39,19,2,0,8,0
19129,3,0,188,40,19,2,0,8,0
19130,3,0,188,41,19,0,0,8,0
19131,3,0,188,42,19,2,0,8,1
19132,3,0,188,43,19,1,0,8,0
19133,3,0,188,44,19,0,0,8,0
19134,3,0,188,45,19,0,0,8,0
19135,3,0,188,46,19,2,0,8,0
19136,3,0,188,47,19,0,0,8,0
19137,3,0,188,48,19,0,0,8,0
19138,3,0,188,49,19,2,0,8,0
19139,3,0,188,50,19,2,0,8,0
19140,3,0,188,51,19,0,0,8,0
19141,3,0,188,52,19,2,0,8,0
19142,3,0,188,53,19,2,0,8,0
19143,3,0,188,54,19,0,0,8,0
19144,3,0,188,55,19,0,0,8,1
19145,3,0,188,56,19,1,0,8,0
19146,3,0,188,57,19,0,0,8,0
19147,3,0,188,58,19,0,0,8,0
19148,3,0,188,59,19,2,0,8,0
19149,3,0,188,60,19,2,0,8,0
19150,3,0,188,61,19,0,0,8,0
19151,3,0,188,62,19,2,0,8,0
19152,3,0,188,63,19,2,0,8,0
19153,3,0,188,64,19,0,0,8,0
19154,3,0,188,65,19,0,0,8,0
19155,3,0,188,66,19,2,0,8,0
19156,3,0,188,67,19,0,0,8,0
19157,3,0,188,68,19,0,0,8,1
19158,3,0,188,69,19,1,0,8,0
19159,3,0,188,70,19,2,0,8,0
19160,3,0,188,71,19,0,0,8,0
19161,3,0,188,72,19,2,0,8,0
19162,3,0,188,73,19,2,0,8,0
19163,3,0,188,74,19,0,0,8,0
19164,3,0,188,75,19,0,0,8,0
19165,3,0,188,76,19,2,0,8,0
19166,3,0,188,77,19,0,0,8,0
19167,3,0,188,78,19,0,0,8,0
19168,3,0,188,79,19,2,0,8,0
19169,3,0,188,80,19,2,0,8,0
19170,3,0,188,81,19,0,0,8,0
19171,3,0,188,82,19,1,0,8,0
19172,3,0,188,83,19,2,0,8,0
19173,3,0,188,84,19,0,0,8,0
19174,3,0,188,85,19,0,0,8,0
19175,3,0,188,86,19,2,0,8,0
19176,3,0,188,87,19,0,0,8,0
19177,3,0,188,88,19,0,0,8,0
19178,3,0,188,89,19,2,0,8,0
19179,3,0,188,90,19,2,0,8,0
19180,3,0,188,91,19,0,0,8,0
19181,3,0,188,92,19,2,0,8,0
19182,3,0,188,93,19,2,0,8,0
19183,3,0,188,94,19,0,0,8,0
19184,3,0,188,95,19,0,0,8,0
19185,3,0,188,96,19,2,0,8,0
19186,3,0,188,97,19,0,0,8,0
19187,3,0,188,98,19,0,0,8,0
19188,3,0,188,99,19,2,0,8,0
19189,2,0,189,99,19,2,0,9,0
19190,3,0,189,0,19,2,0,9,0
19191,3,0,189,1,19,0,0,9,0
19192,3,0,189,2,19,2,0,9,0
19193,3,0,189,3,19,2,0,9,0
19194,3,0,189,4,19,0,0,9,0
19195,3,0,189,5,19,0,0,9,0
19196,3,0,189,6,19,2,0,9,0
19197,3,0,189,7,19,0,0,9,0
19198,3,0,189,8,19,0,0,9,0
19199,3,0,189,9,19,2,0,9,0
19200,3,0,189,10,19,2,0,9,0
19201,3,0,189,11,19,0,0,9,0
19202,3,0,189,12,19,2,0,9,0
19203,3,0,189,13,19,2,0,9,0
19204,3,0,189,14,19,0,0,9,0
19205,3,0,189,15,19,0,0,9,0
19206,3,0,189,16,19,2,0,9,0
19207,3,0,189,17,19,0,0,9,0
19208,3,0,189,18,19,0,0,9,0
19209,3,0,189,19,19,2,0,9,0
19210,3,0,189,20,19,2,0,9,0
19211,3,0,189,21,19,0,0,9,0
19212,3,0,189,22,19,2,0,9,0
19213,3,0,189,23,19,2,0,9,1
19214,3,0,189,24,19,0,0,9,0
19215,3,0,189,25,19,0,0,9,0
19216,3,0,189,26,19,2,0,9,0
19217,3,0,189,27,19,0,0,9,0
19218,3,0,189,28,19,0,0,9,0
19219,3,0,189,29,19,2,0,9,0
19220,3,0,189,30,19,1,0,9,0
19221,3,0,189,31,19,0,0,9,0
19222,3,0,189,32,19,2,0,9,0
19223,3,0,189,33,19,2,0,9,0
19224,3,0,189,34,19,0,0,9,0
19225,3,0,189,35,19,0,0,9,0
19226,3,0,189,36,19,2,0,9,1
19227,3,0,189,37,19,0,0,9,0
19228,3,0,189,38,19,0,0,9,0
19229,3,0,189,39,19,2,0,9,0
19230,3,0,189,40,19,2,0,9,0
19231,3,0,189,41,19,0,0,9,0
19232,3,0,189,42,19,2,0,9,0
19233,3,0,189,43,19,1,0,9,0
19234,3,0,189,44,19,0,0,9,0
19235,3,0,189,45,19,0,0,9,0
19236,3,0,189,46,19,2,0,9,0
19237,3,0,189,47,19,0,0,9,0
19238,3,0,189,48,19,0,0,9,0
19239,3,0,189,49,19,2,0,9,1
19240,3,0,189,50,19,2,0,9,0
19241,3,0,189,51,19,0,0,9,0
19242,3,0,189,52,19,2,0,9,0
19243,3,0,189,53,19,2,0,9,0
19244,3,0,189,54,19,0,0,9,0
19245,3,0,189,55,19,0,0,9,0
19246,3,0,189,56,19,1,0,9,0
19247,3,0,189,57,19,0,0,9,0
19248,3,0,189,58,19,0,0,9,0
19249,3,0,189,59,19,2,0,9,0
19250,3,0,189,60,19,2,0,9,0
19251,3,0,189,61,19,0,0,9,0
19252,3,0,189,62,19,2,0,9,1
19253,3,0,189,63,19,2,0,9,0
19254,3,0,189,64,19,0,0,9,0
19255,3,0,189,65,19,0,0,9,0
19256,3,0,189,66,19,2,0,9,0
19257,3,0,189,67,19,0,0,9,0
19258,3,0,189,68,19,0,0,9,0
19259,3,0,189,69,19,1,0,9,0
19260,3,0,189,70,19,2,0,9,0
19261,3,0,189,71,19,0,0,9,0
19262,3,0,189,72,19,2,0,9,0
19263,3,0,189,73,19,2,0,9,0
19264,3,0,189,74,19,0,0,9,0
19265,3,0,189,75,19,0,0,9,1
19266,3,0,189,76,19,2,0,9,0
19267,3,0,189,77,19,0,0,9,0
19268,3,0,189,78,19,0,0,9,0
19269,3,0,189,79,19,2,0,9,0
19270,3,0,189,80,19,2,0,9,0
19271,3,0,189,81,19,0,0,9,0
19272,3,0,189,82,19,1,0,9,0
19273,3,0,189,83,19,2,0,9,0
19274,3,0,189,84,19,0,0,9,0
19275,3,0,189,85,19,0,0,9,0
19276,3,0,189,86,19,2,0,9,0
19277,3,0,189,87,19,0,0,9,0
19278,3,0,189,88,19,0,0,9,0
19279,3,0,189,89,19,2,0,9,0
19280,3,0,189,90,19,2,0,9,0
19281,3,0,189,91,19,0,0,9,0
19282,3,0,189,92,19,2,0,9,0
19283,3,0,189,93,19,2,0,9,0
19284,3,0,189,94,19,0,0,9,0
19285,3,0,189,95,19,0,0,9,0
19286,3,0,189,96,19,2,0,9,0
19287,3,0,189,97,19,0,0,9,0
19288,3,0,189,98,19,0,0,9,0
19289,3,0,189,99,19,2,0,9,0
19290,2,0,190,99,19,2,0,0,0
19291,3,0,190,0,19,2,1,0,0
19292,3,0,190,1,19,0,1,0,0
19293,3,0,190,2,19,2,1,0,0
19294,3,0,190,3,19,2,1,0,0
19295,3,0,190,4,19,0,1,0,0
19296,3,0,190,5,19,0,1,0,0
19297,3,0,190,6,19,2,1,0,0
19298,3,0,190,7,19,0,1,0,0
19299,3,0,190,8,19,0,1,0,0
19300,3,0,190,9,19,2,1,0,0
19301,3,0,190,10,19,2,1,0,0
19302,3,0,190,11,19,0,1,0,0
19303,3,0,190,12,19,2,1,0,0
19304,3,0,190,13,19,2,1,0,0
19305,3,0,190,14,19,0,1,0,0
19306,3,0,190,15,19,0,1,0,0
19307,3,0,190,16,19,2,1,0,0
19308,3,0,190,17,19,0,1,0,0
19309,3,0,190,18,19,0,1,0,0
19310,3,0,190,19,19,2,1,0,0
19311,3,0,190,20,19,2,1,0,0
19312,3,0,190,21,19,0,1,0,0
19313,3,0,190,22,19,2,1,0,0
19314,3,0,190,23,19,2,1,0,0
19315,3,0,190,24,19,0,1,0,0
19316,3,0,190,25,19,0,1,0,0
19317,3,0,190,26,19,2,1,0,0
19318,3,0,190,27,19,0,1,0,0
19319,3,0,190,28,19,0,1,0,0
19320,3,0,190,29,19,2,1,0,0
19321,3,0,190,30,19,1,1,0,1
19322,3,0,190,31,19,0,1,0,0
19323,3,0,190,32,19,2,1,0,0
19324,3,0,190,33,19,2,1,0,0
19325,3,0,190,34,19,0,1,0,0
19326,3,0,190,35,19,0,1,0,0
19327,3,0,190,36,19,2,1,0,0
19328,3,0,190,37,19,0,1,0,0
19329,3,0,190,38,19,0,1,0,0
19330,3,0,190,39,19,2,1,0,0
19331,3,0,190,40,19,2,1,0,0
19332,3,0,190,41,19,0,1,0,0
19333,3,0,190,42,19,2,1,0,0
19334,3,0,190,43,19,1,1,0,1
19335,3,0,190,44,19,0,1,0,0
19336,3,0,190,45,19,0,1,0,0
19337,3,0,190,46,19,2,1,0,0
19338,3,0,190,47,19,0,1,0,0
19339,3,0,190,48,19,0,1,0,0
19340,3,0,190,49,19,2,1,0,0
19341,3,0,190,50,19,2,1,0,0
19342,3,0,190,51,19,0,1,0,0
19343,3,0,190,52,19,2,1,0,0
19344,3,0,190,53,19,2,1,0,0
19345,3,0,190,54,19,0,1,0,0
19346,3,0,190,55,19,0,1,0,0
19347,3,0,190,56,19,1,1,0,1
19348,3,0,190,57,19,0,1,0,0
19349,3,0,190,58,19,0,1,0,0
19350,3,0,190,59,19,2,1,0,0
19351,3,0,190,60,19,2,1,0,0
19352,3,0,190,61,19,0,1,0,0
19353,3,0,190,62,19,2,1,0,0
19354,3,0,190,63,19,2,1,0,0
19355,3,0,190,64,19,0,1,0,0
19356,3,0,190,65,19,0,1,0,0
19357,3,0,190,66,19,2,1,0,0
19358,3,0,190,67,19,0,1,0,0
19359,3,0,190,68,19,0,1,0,0
19360,3,0,190,69,19,1,1,0,1
19361,3,0,190,70,19,2,1,0,0
19362,3,0,190,71,19,0,1,0,0
19363,3,0,190,72,19,2,1,0,0
19364,3,0,190,73,19,2,1,0,0
19365,3,0,190,74,19,0,1,0,0
19366,3,0,190,75,19,0,1,0,0
19367,3,0,190,76,19,2,1,0,0
19368,3,0,190,77,19,0,1,0,0
19369,3,0,190,78,19,0,1,0,0
19370,3,0,190,79,19,2,1,0,0
19371,3,0,190,80,19,2,1,0,0
19372,3,0,190,81,19,0,1,0,0
19373,3,0,190,82,19,1,1,0,1
19374,3,0,190,83,19,2,1,0,0
19375,3,0,190,84,19,0,1,0,0
19376,3,0,190,85,19,0,1,0,0
19377,3,0,190,86,19,2,1,0,0
19378,3,0,190,87,19,0,1,0,0
19379,3,0,190,88,19,0,1,0,0
19380,3,0,190,89,19,2,1,0,0
19381,3,0,190,90,19,2,1,0,0
19382,3,0,190,91,19,0,1,0,0
19383,3,0,190,92,19,2,1,0,0
19384,3,0,190,93,19,2,1,0,0
19385,3,0,190,94,19,0,1,0,0
19386,3,0,190,95,19,0,1,0,0
19387,3,0,190,96,19,2,1,0,0
19388,3,0,190,97,19,0,1,0,0
19389,3,0,190,98,19,0,1,0,0
19390,3,0,190,99,19,2,1,0,0
19391,2,0,191,99,20,2,1,1,0
19392,3,0,191,0,20,2,0,1,0
19393,3,0,191,1,20,0,0,1,0
19394,3,0,191,2,20,2,0,1,0
19395,3,0,191,3,20,2,0,1,0
19396,3,0,191,4,20,0,0,1,0
19397,3,0,191,5,20,0,0,1,0
19398,3,0,191,6,20,2,0,1,0
19399,3,0,191,7,20,0,0,1,0
19400,3,0,191,8,20,0,0,1,0
19401,3,0,191,9,20,2,0,1,0
19402,3,0,191,10,20,2,0,1,0
19403,3,0,191,11,20,0,0,1,0
19404,3,0,191,12,20,2,0,1,0
19405,3,0,191,13,20,2,0,1,0
19406,3,0,191,14,20,0,0,1,0
19407,3,0,191,15,20,0,0,1,0
19408,3,0,191,16,20,2,0,1,0
19409,3,0,191,17,20,0,0,1,0
19410,3,0,191,18,20,0,0,1,0
19411,3,0,191,19,20,2,0,1,0
19412,3,0,191,20,20,2,0,1,0
19413,3,0,191,21,20,0,0,1,0
19414,3,0,191,22,20,2,0,1,0
19415,3,0,191,23,20,2,0,1,0
19416,3,0,191,24,20,0,0,1,0
19417,3,0,191,25,20,0,0,1,0
19418,3,0,191,26,20,2,0,1,0
19419,3,0,191,27,20,0,0,1,0
19420,3,0,191,28,20,0,0,1,0
19421,3,0,191,29,20,2,0,1,0
19422,3,0,191,30,20,2,0,1,0
19423,3,0,191,31,20,0,0,1,0
19424,3,0,191,32,20,2,0,1,0
19425,3,0,191,33,20,2,0,1,0
19426,3,0,191,34,20,0,0,1,0
19427,3,0,191,35,20,0,0,1,0
19428,3,0,191,36,20,2,0,1,0
19429,3,0,191,37,20,0,0,1,1
19430,3,0,191,38,20,0,0,1,0
19431,3,0,191,39,20,2,0,1,0
19432,3,0,191,40,20,2,0,1,0
19433,3,0,191,41,20,0,0,1,0
19434,3,0,191,42,20,2,0,1,0
19435,3,0,191,43,20,2,0,1,0
19436,3,0,191,44,20,0,0,1,0
19437,3,0,191,45,20,0,0,1,0
19438,3,0,191,46,20,2,0,1,0
19439,3,0,191,47,20,0,0,1,0
19440,3,0,191,48,20,0,0,1,0
19441,3,0,191,49,20,2,0,1,0
19442,3,0,191,50,20,2,0,1,1
19443,3,0,191,51,20,0,0,1,0
19444,3,0,191,52,20,2,0,1,0
19445,3,0,191,53,20,2,0,1,0
19446,3,0,191,54,20,0,0,1,0
19447,3,0,191,55,20,0,0,1,0
19448,3,0,191,56,20,2,0,1,0
19449,3,0,191,57,20,0,0,1,0
19450,3,0,191,58,20,0,0,1,0
19451,3,0,191,59,20,2,0,1,0
19452,3,0,191,60,20,2,0,1,0
19453,3,0,191,61,20,0,0,1,0
19454,3,0,191,62,20,2,0,1,0
19455,3,0,191,63,20,2,0,1,1
19456,3,0,191,64,20,0,0,1,0
19457,3,0,191,65,20,0,0,1,0
19458,3,0,191,66,20,2,0,1,0
19459,3,0,191,67,20,0,0,1,0
19460,3,0,191,68,20,0,0,1,0
19461,3,0,191,69,20,2,0,1,0
19462,3,0,191,70,20,2,0,1,0
19463,3,0,191,71,20,0,0,1,0
19464,3,0,191,72,20,2,0,1,0
19465,3,0,191,73,20,2,0,1,0
19466,3,0,191,74,20,0,0,1,0
19467,3,0,191,75,20,0,0,1,0
19468,3,0,191,76,20,2,0,1,1
19469,3,0,191,77,20,0,0,1,0
19470,3,0,191,78,20,0,0,1,0
19471,3,0,191,79,20,2,0,1,0
19472,3,0,191,80,20,2,0,1,0
19473,3,0,191,81,20,0,0,1,0
19474,3,0,191,82,20,2,0,1,0
19475,3,0,191,83,20,2,0,1,0
19476,3,0,191,84,20,0,0,1,0
19477,3,0,191,85,20,0,0,1,0
19478,3,0,191,86,20,2,0,1,0
19479,3,0,191,87,20,0,0,1,0
19480,3,0,191,88,20,0,0,1,0
19481,3,0,191,89,20,2,0,1,1
19482,3,0,191,90,20,2,0,1,0
19483,3,0,191,91,20,0,0,1,0
19484,3,0,191,92,20,2,0,1,0
19485,3,0,191,93,20,2,0,1,0
19486,3,0,191,94,20,0,0,1,0
19487,3,0,191,95,20,0,0,1,0
19488,3,0,191,96,20,2,0,1,0
19489,3,0,191,97,20,0,0,1,0
19490,3,0,191,98,20,0,0,1,0
19491,3,0,191,99,20,2,0,1,0
19492,2,0,192,99,20,2,0,2,0
19493,3,0,192,0,20,2,0,2,0
19494,3,0,192,1,20,0,0,2,0
19495,3,0,192,2,20,2,0,2,0
19496,3,0,192,3,20,2,0,2,0
19497,3,0,192,4,20,0,0,2,0
19498,3,0,192,5,20,0,0,2,0
19499,3,0,192,6,20,2,0,2,0
19500,3,0,192,7,20,0,0,2,0
19501,3,0,192,8,20,0,0,2,0
19502,3,0,192,9,20,2,0,2,0
19503,3,0,192,10,20,2,0,2,0
19504,3,0,192,11,20,0,0,2,0
19505,3,0,192,12,20,2,0,2,0
19506,3,0,192,13,20,2,0,2,0
19507,3,0,192,14,20,0,0,2,0
19508,3,0,192,15,20,0,0,2,0
19509,3,0,192,16,20,2,0,2,0
19510,3,0,192,17,20,0,0,2,0
19511,3,0,192,18,20,0,0,2,0
19512,3,0,192,19,20,2,0,2,0
19513,3,0,192,20,20,2,0,2,0
19514,3,0,192,21,20,0,0,2,0
19515,3,0,192,22,20,2,0,2,0
19516,3,0,192,23,20,2,0,2,0
19517,3,0,192,24,20,0,0,2,0
19518,3,0,192,25,20,0,0,2,0
19519,3,0,192,26,20,2,0,2,0
19520,3,0,192,27,20,0,0,2,0
19521,3,0,192,28,20,0,0,2,0
19522,3,0,192,29,20,2,0,2,0
19523,3,0,192,30,20,2,0,2,0
19524,3,0,192,31,20,0,0,2,0
19525,3,0,192,32,20,2,0,2,0
19526,3,0,192,33,20,2,0,2,0
19527,3,0,192,34,20,0,0,2,0
19528,3,0,192,35,20,0,0,2,0
19529,3,0,192,36,20,2,0,2,0
19530,3,0,192,37,20,0,0,2,0
19531,3,0,192,38,20,0,0,2,0
19532,3,0,192,39,20,2,0,2,0
19533,3,0,192,40,20,2,0,2,0
19534,3,0,192,41,20,0,0,2,0
19535,3,0,192,42,20,2,0,2,0
19536,3,0,192,43,20,2,0,2,0
19537,3,0,192,44,20,0,0,2,1
19538,3,0,192,45,20,0,0,2,0
19539,3,0,192,46,20,2,0,2,0
19540,3,0,192,47,20,0,0,2,0
19541,3,0,192,48,20,0,0,2,0
19542,3,0,192,49,20,2,0,2,0
19543,3,0,192,50,20,2,0,2,0
19544,3,0,192,51,20,0,0,2,0
19545,3,0,192,52,20,2,0,2,0
19546,3,0,192,53,20,2,0,2,0
19547,3,0,192,54,20,0,0,2,0
19548,3,0,192,55,20,0,0,2,0
19549,3,0,192,56,20,2,0,2,0
19550,3,0,192,57,20,0,0,2,1
19551,3,0,192,58,20,0,0,2,0
19552,3,0,192,59,20,2,0,2,0
19553,3,0,192,60,20,2,0,2,0
19554,3,0,192,61,20,0,0,2,0
19555,3,0,192,62,20,2,0,2,0
19556,3,0,192,63,20,2,0,2,0
19557,3,0,192,64,20,0,0,2,0
19558,3,0,192,65,20,0,0,2,0
19559,3,0,192,66,20,2,0,2,0
19560,3,0,192,67,20,0,0,2,0
19561,3,0,192,68,20,0,0,2,0
19562,3,0,192,69,20,2,0,2,0
19563,3,0,192,70,20,2,0,2,1
19564,3,0,192,71,20,0,0,2,0
19565,3,0,192,72,20,2,0,2,0
19566,3,0,192,73,20,2,0,2,0
19567,3,0,192,74,20,0,0,2,0
19568,3,0,192,75,20,0,0,2,0
19569,3,0,192,76,20,2,0,2,0
19570,3,0,192,77,20,0,0,2,0
19571,3,0,192,78,20,0,0,2,0
19572,3,0,192,79,20,2,0,2,0
19573,3,0,192,80,20,2,0,2,0
19574,3,0,192,81,20,0,0,2,0
19575,3,0,192,82,20,2,0,2,0
19576,3,0,192,83,20,2,0,2,1
19577,3,0,192,84,20,0,0,2,0
19578,3,0,192,85,20,0,0,2,0
19579,3,0,192,86,20,2,0,2,0
19580,3,0,192,87,20,0,0,2,0
19581,3,0,192,88,20,0,0,2,0
19582,3,0,192,89,20,2,0,2,0
19583,3,0,192,90,20,2,0,2,0
19584,3,0,192,91,20,0,0,2,0
19585,3,0,192,92,20,2,0,2,0
19586,3,0,192,93,20,2,0,2,0
19587,3,0,192,94,20,0,0,2,0
19588,3,0,192,95,20,0,0,2,0
19589,3,0,192,96,20,2,0,2,1
19590,3,0,192,97,20,0,0,2,0
19591,3,0,192,98,20,0,0,2,0
19592,3,0,192,99,20,2,0,2,0
19593,2,0,193,99,20,2,0,3,0
19594,3,0,193,0,20,2,0,3,0
19595,3,0,193,1,20,0,0,3,0
19596,3,0,193,2,20,2,0,3,0
19597,3,0,193,3,20,2,0,3,1
19598,3,0,193,4,20,0,0,3,0
19599,3,0,193,5,20,0,0,3,0
19600,3,0,193,6,20,2,0,3,0
19601,3,0,193,7,20,0,0,3,0
19602,3,0,193,8,20,0,0,3,0
19603,3,0,193,9,20,2,0,3,0
19604,3,0,193,10,20,2,0,3,0
19605,3,0,193,11,20,0,0,3,0
19606,3,0,193,12,20,2,0,3,0
19607,3,0,193,13,20,2,0,3,0
19608,3,0,193,14,20,0,0,3,0
19609,3,0,193,15,20,0,0,3,0
19610,3,0,193,16,20,2,0,3,0
19611,3,0,193,17,20,0,0,3,0
19612,3,0,193,18,20,0,0,3,0
19613,3,0,193,19,20,2,0,3,0
19614,3,0,193,20,20,2,0,3,0
19615,3,0,193,21,20,0,0,3,0
19616,3,0,193,22,20,2,0,3,0
19617,3,0,193,23,20,2,0,3,0
19618,3,0,193,24,20,0,0,3,0
19619,3,0,193,25,20,0,0,3,0
19620,3,0,193,26,20,2,0,3,0
19621,3,0,193,27,20,0,0,3,0
19622,3,0,193,28,20,0,0,3,0
19623,3,0,193,29,20,2,0,3,0
19624,3,0,193,30,20,2,0,3,0
19625,3,0,193,31,20,0,0,3,0
19626,3,0,193,32,20,2,0,3,0
19627,3,0,193,33,20,2,0,3,0
19628,3,0,193,34,20,0,0,3,0
19629,3,0,193,35,20,0,0,3,0
19630,3,0,193,36,20,2,0,3,0
19631,3,0,193,37,20,0,0,3,0
19632,3,0,193,38,20,0,0,3,0
19633,3,0,193,39,20,2,0,3,0
19634,3,0,193,40,20,2,0,3,0
19635,3,0,193,41,20,0,0,3,0
19636,3,0,193,42,20,2,0,3,0
19637,3,0,193,43,20,2,0,3,0
19638,3,0,193,44,20,0,0,3,0
19639,3,0,193,45,20,0,0,3,0
19640,3,0,193,46,20,2,0,3,0
19641,3,0,193,47,20,0,0,3,0
19642,3,0,193,48,20,0,0,3,0
19643,3,0,193,49,20,2,0,3,0
19644,3,0,193,50,20,2,0,3,0
19645,3,0,193,51,20,0,0,3,1
19646,3,0,193,52,20,2,0,3,0
19647,3,0,193,53,20,2,0,3,0
19648,3,0,193,54,20,0,0,3,0
19649,3,0,193,55,20,0,0,3,0
19650,3,0,193,56,20,2,0,3,0
19651,3,0,193,57,20,0,0,3,0
19652,3,0,193,58,20,0,0,3,0
19653,3,0,193,59,20,2,0,3,0
19654,3,0,193,60,20,2,0,3,0
19655,3,0,193,61,20,0,0,3,0
19656,3,0,193,62,20,2,0,3,0
19657,3,0,193,63,20,2,0,3,0
19658,3,0,193,64,20,0,0,3,1
19659,3,0,193,65,20,0,0,3,0
19660,3,0,193,66,20,2,0,3,0
19661,3,0,193,67,20,0,0,3,0
19662,3,0,193,68,20,0,0,3,0
19663,3,0,193,69,20,2,0,3,0
19664,3,0,193,70,20,2,0,3,0
19665,3,0,193,71,20,0,0,3,0
19666,3,0,193,72,20,2,0,3,0
19667,3,0,193,73,20,2,0,3,0
19668,3,0,193,74,20,0,0,3,0
19669,3,0,193,75,20,0,0,3,0
19670,3,0,193,76,20,2,0,3,0
19671,3,0,193,77,20,0,0,3,1
19672,3,0,193,78,20,0,0,3,0
19673,3,0,193,79,20,2,0,3,0
19674,3,0,193,80,20,2,0,3,0
19675,3,0,193,81,20,0,0,3,0
19676,3,0,193,82,20,2,0,3,0
19677,3,0,193,83,20,2,0,3,0
19678,3,0,193,84,20,0,0,3,0
19679,3,0,193,85,20,0,0,3,0
19680,3,0,193,86,20,2,0,3,0
19681,3,0,193,87,20,0,0,3,0
19682,3,0,193,88,20,0,0,3,0
19683,3,0,193,89,20,2,0,3,0
19684,3,0,193,90,20,2,0,3,1
19685,3,0,193,91,20,0,0,3,0
19686,3,0,193,92,20,2,0,3,0
19687,3,0,193,93,20,2,0,3,0
19688,3,0,193,94,20,0,0,3,0
19689,3,0,193,95,20,0,0,3,0
19690,3,0,193,96,20,2,0,3,0
19691,3,0,193,97,20,0,0,3,0
19692,3,0,193,98,20,0,0,3,0
19693,3,0,193,99,20,2,0,3,0
19694,2,0,194,99,20,2,0,4,0
19695,3,0,194,0,20,2,0,4,0
19696,3,0,194,1,20,0,0,4,0
19697,3,0,194,2,20,2,0,4,0
19698,3,0,194,3,20,2,0,4,0
19699,3,0,194,4,20,0,0,4,0
19700,3,0,194,5,20,0,0,4,0
19701,3,0,194,6,20,2,0,4,0
19702,3,0,194,7,20,0,0,4,0
19703,3,0,194,8,20,0,0,4,0
19704,3,0,194,9,20,2,0,4,0
19705,3,0,194,10,20,2,0,4,1
19706,3,0,194,11,20,0,0,4,0
19707,3,0,194,12,20,2,0,4,0
19708,3,0,194,13,20,2,0,4,0
19709,3,0,194,14,20,0,0,4,0
19710,3,0,194,15,20,0,0,4,0
19711,3,0,194,16,20,2,0,4,0
19712,3,0,194,17,20,0,0,4,0
19713,3,0,194,18,20,0,0,4,0
19714,3,0,194,19,20,2,0,4,0
19715,3,0,194,20,20,2,0,4,0
19716,3,0,194,21,20,0,0,4,0
19717,3,0,194,22,20,2,0,4,0
19718,3,0,194,23,20,2,0,4,0
19719,3,0,194,24,20,0,0,4,0
19720,3,0,194,25,20,0,0,4,0
19721,3,0,194,26,20,2,0,4,0
19722,3,0,194,27,20,0,0,4,0
19723,3,0,194,28,20,0,0,4,0
19724,3,0,194,29,20,2,0,4,0
19725,3,0,194,30,20,2,0,4,0
19726,3,0,194,31,20,0,0,4,0
19727,3,0,194,32,20,2,0,4,0
19728,3,0,194,33,20,2,0,4,0
19729,3,0,194,34,20,0,0,4,0
19730,3,0,194,35,20,0,0,4,0
19731,3,0,194,36,20,2,0,4,0
19732,3,0,194,37,20,0,0,4,0
19733,3,0,194,38,20,0,0,4,0
19734,3,0,194,39,20,2,0,4,0
19735,3,0,194,40,20,2,0,4,0
19736,3,0,194,41,20,0,0,4,0
19737,3,0,194,42,20,2,0,4,0
19738,3,0,194,43,20,2,0,4,0
19739,3,0,194,44,20,0,0,4,0
19740,3,0,194,45,20,0,0,4,0
19741,3,0,194,46,20,2,0,4,0
19742,3,0,194,47,20,0,0,4,0
19743,3,0,194,48,20,0,0,4,0
19744,3,0,194,49,20,2,0,4,0
19745,3,0,194,50,20,2,0,4,0
19746,3,0,194,51,20,0,0,4,0
19747,3,0,194,52,20,2,0,4,0
19748,3,0,194,53,20,2,0,4,0
19749,3,0,194,54,20,0,0,4,0
19750,3,0,194,55,20,0,0,4,0
19751,3,0,194,56,20,2,0,4,0
19752,3,0,194,57,20,0,0,4,0
19753,3,0,194,58,20,0,0,4,1
19754,3,0,194,59,20,2,0,4,0
19755,3,0,194,60,20,2,0,4,0
19756,3,0,194,61,20,0,0,4,0
19757,3,0,194,62,20,2,0,4,0
19758,3,0,194,63,20,2,0,4,0
19759,3,0,194,64,20,0,0,4,0
19760,3,0,194,65,20,0,0,4,0
19761,3,0,194,66,20,2,0,4,0
19762,3,0,194,67,20,0,0,4,0
19763,3,0,194,68,20,0,0,4,0
19764,3,0,194,69,20,2,0,4,0
19765,3,0,194,70,20,2,0,4,0
19766,3,0,194,71,20,0,0,4,1
19767,3,0,194,72,20,2,0,4,0
19768,3,0,194,73,20,2,0,4,0
19769,3,0,194,74,20,0,0,4,0
19770,3,0,194,75,20,0,0,4,0
19771,3,0,194,76,20,2,0,4,0
19772,3,0,194,77,20,0,0,4,0
19773,3,0,194,78,20,0,0,4,0
19774,3,0,194,79,20,2,0,4,0
19775,3,0,194,80,20,2,0,4,0
19776,3,0,194,81,20,0,0,4,0
19777,3,0,194,82,20,2,0,4,0
19778,3,0,194,83,20,2,0,4,0
19779,3,0,194,84,20,0,0,4,1
19780,3,0,194,85,20,0,0,4,0
19781,3,0,194,86,20,2,0,4,0
19782,3,0,194,87,20,0,0,4,0
19783,3,0,194,88,20,0,0,4,0
19784,3,0,194,89,20,2,0,4,0
19785,3,0,194,90,20,2,0,4,0
19786,3,0,194,91,20,0,0,4,0
19787,3,0,194,92,20,2,0,4,0
19788,3,0,194,93,20,2,0,4,0
19789,3,0,194,94,20,0,0,4,0
19790,3,0,194,95,20,0,0,4,0
19791,3,0,194,96,20,2,0,4,0
19792,3,0,194,97,20,0,0,4,1
19793,3,0,194,98,20,0,0,4,0
19794,3,0,194,99,20,2,0,4,0
19795,2,0,195,99,20,2,0,5,0
19796,3,0,195,0,20,2,0,5,0
19797,3,0,195,1,20,0,0,5,0
19798,3,0,195,2,20,2,0,5,0
19799,3,0,195,3,20,2,0,5,0
19800,3,0,195,4,20,0,0,5,1
19801,3,0,195,5,20,0,0,5,0
19802,3,0,195,6,20,2,0,5,0
19803,3,0,195,7,20,0,0,5,0
19804,3,0,195,8,20,0,0,5,0
19805,3,0,195,9,20,2,0,5,0
19806,3,0,195,10,20,2,0,5,0
19807,3,0,195,11,20,0,0,5,0
19808,3,0,195,12,20,2,0,5,0
19809,3,0,195,13,20,2,0,5,0
19810,3,0,195,14,20,0,0,5,0
19811,3,0,195,15,20,0,0,5,0
19812,3,0,195,16,20,2,0,5,0
19813,3,0,195,17,20,0,0,5,1
19814,3,0,195,18,20,0,0,5,0
19815,3,0,195,19,20,2,0,5,0
19816,3,0,195,20,20,2,0,5,0
19817,3,0,195,21,20,0,0,5,0
19818,3,0,195,22,20,2,0,5,0
19819,3,0,195,23,20,2,0,5,0
19820,3,0,195,24,20,0,0,5,0
19821,3,0,195,25,20,0,0,5,0
19822,3,0,195,26,20,2,0,5,0
19823,3,0,195,27,20,0,0,5,0
19824,3,0,195,28,20,0,0,5,0
19825,3,0,195,29,20,2,0,5,0
19826,3,0,195,30,20,2,0,5,0
19827,3,0,195,31,20,0,0,5,0
19828,3,0,195,32,20,2,0,5,0
19829,3,0,195,33,20,2,0,5,0
19830,3,0,195,34,20,0,0,5,0
19831,3,0,195,35,20,0,0,5,0
19832,3,0,195,36,20,2,0,5,0
19833,3,0,195,37,20,0,0,5,0
19834,3,0,195,38,20,0,0,5,0
19835,3,0,195,39,20,2,0,5,0
19836,3,0,195,40,20,2,0,5,0
19837,3,0,195,41,20,0,0,5,0
19838,3,0,195,42,20,2,0,5,0
19839,3,0,195,43,20,2,0,5,0
19840,3,0,195,44,20,0,0,5,0
19841,3,0,195,45,20,0,0,5,0
19842,3,0,195,46,20,2,0,5,0
19843,3,0,195,47,20,0,0,5,0
19844,3,0,195,48,20,0,0,5,0
19845,3,0,195,49,20,2,0,5,0
19846,3,0,195,50,20,2,0,5,0
19847,3,0,195,51,20,0,0,5,0
19848,3,0,195,52,20,2,0,5,0
19849,3,0,195,53,20,2,0,5,0
19850,3,0,195,54,20,0,0,5,0
19851,3,0,195,55,20,0,0,5,0
19852,3,0,195,56,20,2,0,5,0
19853,3,0,195,57,20,0,0,5,0
19854,3,0,195,58,20,0,0,5,0
19855,3,0,195,59,20,2,0,5,0
19856,3,0,195,60,20,2,0,5,0
19857,3,0,195,61,20,0,0,5,0
19858,3,0,195,62,20,2,0,5,0
19859,3,0,195,63,20,2,0,5,0
19860,3,0,195,64,20,0,0,5,0
19861,3,0,195,65,20,0,0,5,1
19862,3,0,195,66,20,2,0,5,0
19863,3,0,195,67,20,0,0,5,0
19864,3,0,195,68,20,0,0,5,0
19865,3,0,195,69,20,2,0,5,0
19866,3,0,195,70,20,2,0,5,0
19867,3,0,195,71,20,0,0,5,0
19868,3,0,195,72,20,2,0,5,0
19869,3,0,195,73,20,2,0,5,0
19870,3,0,195,74,20,0,0,5,0
19871,3,0,195,75,20,0,0,5,0
19872,3,0,195,76,20,2,0,5,0
19873,3,0,195,77,20,0,0,5,0
19874,3,0,195,78,20,0,0,5,1
19875,3,0,195,79,20,2,0,5,0
19876,3,0,195,80,20,2,0,5,0
19877,3,0,195,81,20,0,0,5,0
19878,3,0,195,82,20,2,0,5,0
19879,3,0,195,83,20,2,0,5,0
19880,3,0,195,84,20,0,0,5,0
19881,3,0,195,85,20,0,0,5,0
19882,3,0,195,86,20,2,0,5,0
19883,3,0,195,87,20,0,0,5,0
19884,3,0,195,88,20,0,0,5,0
19885,3,0,195,89,20,2,0,5,0
19886,3,0,195,90,20,2,0,5,0
19887,3,0,195,91,20,0,0,5,1
19888,3,0,195,92,20,2,0,5,0
19889,3,0,195,93,20,2,0,5,0
19890,3,0,195,94,20,0,0,5,0
19891,3,0,195,95,20,0,0,5,0
19892,3,0,195,96,20,2,0,5,0
19893,3,0,195,97,20,0,0,5,0
19894,3,0,195,98,20,0,0,5,0
19895,3,0,195,99,20,2,0,5,0
19896,2,0,196,99,20,2,0,6,0
19897,3,0,196,0,20,2,0,6,0
19898,3,0,196,1,20,0,0,6,0
19899,3,0,196,2,20,2,0,6,0
19900,3,0,196,3,20,2,0,6,0
19901,3,0,196,4,20,0,0,6,0
19902,3,0,196,5,20,0,0,6,0
19903,3,0,196,6,20,2,0,6,0
19904,3,0,196,7,20,0,0,6,0
19905,3,0,196,8,20,0,0,6,0
19906,3,0,196,9,20,2,0,6,0
19907,3,0,196,10,20,2,0,6,0
19908,3,0,196,11,20,0,0,6,1
19909,3,0,196,12,20,2,0,6,0
19910,3,0,196,13,20,2,0,6,0
19911,3,0,196,14,20,0,0,6,0
19912,3,0,196,15,20,0,0,6,0
19913,3,0,196,16,20,2,0,6,0
19914,3,0,196,17,20,0,0,6,0
19915,3,0,196,18,20,0,0,6,0
19916,3,0,196,19,20,2,0,6,0
19917,3,0,196,20,20,2,0,6,0
19918,3,0,196,21,20,0,0,6,0
19919,3,0,196,22,20,2,0,6,0
19920,3,0,196,23,20,2,0,6,0
19921,3,0,196,24,20,0,0,6,1
19922,3,0,196,25,20,0,0,6,0
19923,3,0,196,26,20,2,0,6,0
19924,3,0,196,27,20,0,0,6,0
19925,3,0,196,28,20,0,0,6,0
19926,3,0,196,29,20,2,0,6,0
19927,3,0,196,30,20,2,0,6,0
19928,3,0,196,31,20,0,0,6,0
19929,3,0,196,32,20,2,0,6,0
19930,3,0,196,33,20,2,0,6,0
19931,3,0,196,34,20,0,0,6,0
19932,3,0,196,35,20,0,0,6,0
19933,3,0,196,36,20,2,0,6,0
19934,3,0,196,37,20,0,0,6,0
19935,3,0,196,38,20,0,0,6,0
19936,3,0,196,39,20,2,0,6,0
19937,3,0,196,40,20,2,0,6,0
19938,3,0,196,41,20,0,0,6,0
19939,3,0,196,42,20,2,0,6,0
19940,3,0,196,43,20,2,0,6,0
19941,3,0,196,44,20,0,0,6,0
19942,3,0,196,45,20,0,0,6,0
19943,3,0,196,46,20,2,0,6,0
19944,3,0,196,47,20,0,0,6,0
19945,3,0,196,48,20,0,0,6,0
19946,3,0,196,49,20,2,0,6,0
19947,3,0,196,50,20,2,0,6,0
19948,3,0,196,51,20,0,0,6,0
19949,3,0,196,52,20,2,0,6,0
19950,3,0,196,53,20,2,0,6,0
19951,3,0,196,54,20,0,0,6,0
19952,3,0,196,55,20,0,0,6,0
19953,3,0,196,56,20,2,0,6,0
19954,3,0,196,57,20,0,0,6,0
19955,3,0,196,58,20,0,0,6,0
19956,3,0,196,59,20,2,0,6,0
19957,3,0,196,60,20,2,0,6,0
19958,3,0,196,61,20,0,0,6,0
19959,3,0,196,62,20,2,0,6,0
19960,3,0,196,63,20,2,0,6,0
19961,3,0,196,64,20,0,0,6,0
19962,3,0,196,65,20,0,0,6,0
19963,3,0,196,66,20,2,0,6,0
19964,3,0,196,67,20,0,0,6,0
19965,3,0,196,68,20,0,0,6,0
19966,3,0,196,69,20,2,0,6,0
19967,3,0,196,70,20,2,0,6,0
19968,3,0,196,71,20,0,0,6,0
19969,3,0,196,72,20,2,0,6,1
19970,3,0,196,73,20,2,0,6,0
19971,3,0,196,74,20,0,0,6,0
19972,3,0,196,75,20,0,0,6,0
19973,3,0,196,76,20,2,0,6,0
19974,3,0,196,77,20,0,0,6,0
19975,3,0,196,78,20,0,0,6,0
19976,3,0,196,79,20,2,0,6,0
19977,3,0,196,80,20,2,0,6,0
19978,3,0,196,81,20,0,0,6,0
19979,3,0,196,82,20,2,0,6,0
19980,3,0,196,83,20,2,0,6,0
19981,3,0,196,84,20,0,0,6,0
19982,3,0,196,85,20,0,0,6,1
19983,3,0,196,86,20,2,0,6,0
19984,3,0,196,87,20,0,0,6,0
19985,3,0,196,88,20,0,0,6,0
19986,3,0,196,89,20,2,0,6,0
19987,3,0,196,90,20,2,0,6,0
19988,3,0,196,91,20,0,0,6,0
19989,3,0,196,92,20,2,0,6,0
19990,3,0,196,93,20,2,0,6,0
19991,3,0,196,94,20,0,0,6,0
19992,3,0,196,95,20,0,0,6,0
19993,3,0,196,96,20,2,0,6,0
19994,3,0,196,97,20,0,0,6,0
19995,3,0,196,98,20,0,0,6,1
19996,3,0,196,99,20,2,0,6,0
19997,2,0,197,99,20,2,0,7,0
19998,3,0,197,0,20,2,0,7,0
19999,3,0,197,1,20,0,0,7,0
