#-----------------------------------------------------------
# Vivado v2025.1 (64-bit)
# SW Build 6140274 on Wed May 21 22:58:25 MDT 2025
# IP Build 6138677 on Thu May 22 03:10:11 MDT 2025
# SharedData Build 6139179 on Tue May 20 17:58:58 MDT 2025
# Start of session at: Wed Feb 25 07:37:08 2026
# Process ID         : 1985087
# Current directory  : /home/fpga/worker_place/temp/temp/2149e6250ea2416f9709528b5c2d76f6
# Command line       : vivado -mode batch -source build.tcl
# Log file           : /home/fpga/worker_place/temp/temp/2149e6250ea2416f9709528b5c2d76f6/vivado.log
# Journal file       : /home/fpga/worker_place/temp/temp/2149e6250ea2416f9709528b5c2d76f6/vivado.jou
# Running On         : eecs-digital-09
# Platform           : Ubuntu
# Operating System   : Ubuntu 24.04.3 LTS
# Processor Detail   : 13th Gen Intel(R) Core(TM) i7-13700
# CPU Frequency      : 800.000 MHz
# CPU Physical cores : 16
# CPU Logical cores  : 24
# Host memory        : 33325 MB
# Swap memory        : 8589 MB
# Total Virtual      : 41915 MB
# Available Virtual  : 40139 MB
#-----------------------------------------------------------
source build.tcl
# set_param general.maxThreads 4
# set partNum xc7s50csga324-1
# set outputDir obj
# file mkdir $outputDir
# set files [glob -nocomplain "$outputDir/*"]
# if {[llength $files] != 0} {
#     # clear folder contents
#     puts "deleting contents of $outputDir"
#     file delete -force {*}[glob -directory $outputDir *];
# } else {
#     puts "$outputDir is empty"
# }
obj is empty
# set sources_sv [ glob ./hdl/*.sv ]
# read_verilog -sv $sources_sv
# set sources_v [ glob -nocomplain ./hdl/*.v ]
# if {[llength $sources_v] > 0 } {
#     read_verilog $sources_v
# }
# read_xdc [ glob ./xdc/*.xdc ]
# set sources_mem [ glob -nocomplain ./data/*.mem ]
# if {[llength $sources_mem] > 0} {
#     read_mem $sources_mem
# }
# set_part $partNum
INFO: [Coretcl 2-1500] The part has been set to 'xc7s50csga324-1' for the current project only. Run set_part -help for more details. To evaluate different speed grades in the current design, use the set_speed_grade command, or use the open_checkpoint -part command to change the part used by an existing checkpoint design.
# set sources_ip [ glob -nocomplain -directory ./ip -tails * ]
# puts $sources_ip

# foreach ip_source $sources_ip {
#     if {[file isdirectory ./ip/$ip_source]} {
# 	read_ip ./ip/$ip_source/$ip_source.xci
#     }
# }
WARNING: [Coretcl 2-176] No IPs found
# generate_target all [get_ips]
WARNING: [Coretcl 2-176] No IPs found
# synth_ip [get_ips]
INFO: [Vivado 12-3441] generate_netlist_ip - operation complete
# synth_design -top top_level -part $partNum -verbose
Command: synth_design -top top_level -part xc7s50csga324-1 -verbose
Starting synth_design
Attempting to get a license for feature 'Synthesis' and/or device 'xc7s50'
INFO: [Common 17-349] Got license for feature 'Synthesis' and/or device 'xc7s50'
INFO: [Device 21-403] Loading part xc7s50csga324-1
INFO: [Synth 8-7079] Multithreading enabled for synth_design using a maximum of 4 processes.
INFO: [Synth 8-7078] Launching helper process for spawning children vivado processes
INFO: [Synth 8-7075] Helper process launched with PID 1985116
---------------------------------------------------------------------------------
Starting RTL Elaboration : Time (s): cpu = 00:00:02 ; elapsed = 00:00:02 . Memory (MB): peak = 2110.121 ; gain = 438.828 ; free physical = 18396 ; free virtual = 36976
---------------------------------------------------------------------------------
INFO: [Synth 8-6157] synthesizing module 'top_level' [/home/fpga/worker_place/temp/temp/2149e6250ea2416f9709528b5c2d76f6/hdl/top_level.sv:3]
WARNING: [Synth 8-7186] Applying attribute ram_style = "block" is ignored, object 'sd_sector_word_buf[0][0]' is not inferred as ram due to incorrect usage [/home/fpga/worker_place/temp/temp/2149e6250ea2416f9709528b5c2d76f6/hdl/top_level.sv:340]
WARNING: [Synth 8-7186] Applying attribute ram_style = "block" is ignored, object 'sd_sector_word_buf[0][1]' is not inferred as ram due to incorrect usage [/home/fpga/worker_place/temp/temp/2149e6250ea2416f9709528b5c2d76f6/hdl/top_level.sv:340]
WARNING: [Synth 8-7186] Applying attribute ram_style = "block" is ignored, object 'sd_sector_word_buf[0][2]' is not inferred as ram due to incorrect usage [/home/fpga/worker_place/temp/temp/2149e6250ea2416f9709528b5c2d76f6/hdl/top_level.sv:340]
WARNING: [Synth 8-7186] Applying attribute ram_style = "block" is ignored, object 'sd_sector_word_buf[0][3]' is not inferred as ram due to incorrect usage [/home/fpga/worker_place/temp/temp/2149e6250ea2416f9709528b5c2d76f6/hdl/top_level.sv:340]
WARNING: [Synth 8-7186] Applying attribute ram_style = "block" is ignored, object 'sd_sector_word_buf[0][4]' is not inferred as ram due to incorrect usage [/home/fpga/worker_place/temp/temp/2149e6250ea2416f9709528b5c2d76f6/hdl/top_level.sv:340]
WARNING: [Synth 8-7186] Applying attribute ram_style = "block" is ignored, object 'sd_sector_word_buf[0][5]' is not inferred as ram due to incorrect usage [/home/fpga/worker_place/temp/temp/2149e6250ea2416f9709528b5c2d76f6/hdl/top_level.sv:340]
WARNING: [Synth 8-7186] Applying attribute ram_style = "block" is ignored, object 'sd_sector_word_buf[0][6]' is not inferred as ram due to incorrect usage [/home/fpga/worker_place/temp/temp/2149e6250ea2416f9709528b5c2d76f6/hdl/top_level.sv:340]
WARNING: [Synth 8-7186] Applying attribute ram_style = "block" is ignored, object 'sd_sector_word_buf[0][7]' is not inferred as ram due to incorrect usage [/home/fpga/worker_place/temp/temp/2149e6250ea2416f9709528b5c2d76f6/hdl/top_level.sv:340]
WARNING: [Synth 8-7186] Applying attribute ram_style = "block" is ignored, object 'sd_sector_word_buf[0][8]' is not inferred as ram due to incorrect usage [/home/fpga/worker_place/temp/temp/2149e6250ea2416f9709528b5c2d76f6/hdl/top_level.sv:340]
WARNING: [Synth 8-7186] Applying attribute ram_style = "block" is ignored, object 'sd_sector_word_buf[0][9]' is not inferred as ram due to incorrect usage [/home/fpga/worker_place/temp/temp/2149e6250ea2416f9709528b5c2d76f6/hdl/top_level.sv:340]
WARNING: [Synth 8-7186] Applying attribute ram_style = "block" is ignored, object 'sd_sector_word_buf[0][10]' is not inferred as ram due to incorrect usage [/home/fpga/worker_place/temp/temp/2149e6250ea2416f9709528b5c2d76f6/hdl/top_level.sv:340]
WARNING: [Synth 8-7186] Applying attribute ram_style = "block" is ignored, object 'sd_sector_word_buf[0][11]' is not inferred as ram due to incorrect usage [/home/fpga/worker_place/temp/temp/2149e6250ea2416f9709528b5c2d76f6/hdl/top_level.sv:340]
WARNING: [Synth 8-7186] Applying attribute ram_style = "block" is ignored, object 'sd_sector_word_buf[0][12]' is not inferred as ram due to incorrect usage [/home/fpga/worker_place/temp/temp/2149e6250ea2416f9709528b5c2d76f6/hdl/top_level.sv:340]
WARNING: [Synth 8-7186] Applying attribute ram_style = "block" is ignored, object 'sd_sector_word_buf[0][13]' is not inferred as ram due to incorrect usage [/home/fpga/worker_place/temp/temp/2149e6250ea2416f9709528b5c2d76f6/hdl/top_level.sv:340]
WARNING: [Synth 8-7186] Applying attribute ram_style = "block" is ignored, object 'sd_sector_word_buf[0][14]' is not inferred as ram due to incorrect usage [/home/fpga/worker_place/temp/temp/2149e6250ea2416f9709528b5c2d76f6/hdl/top_level.sv:340]
WARNING: [Synth 8-7186] Applying attribute ram_style = "block" is ignored, object 'sd_sector_word_buf[0][15]' is not inferred as ram due to incorrect usage [/home/fpga/worker_place/temp/temp/2149e6250ea2416f9709528b5c2d76f6/hdl/top_level.sv:340]
WARNING: [Synth 8-7186] Applying attribute ram_style = "block" is ignored, object 'sd_sector_word_buf[0][16]' is not inferred as ram due to incorrect usage [/home/fpga/worker_place/temp/temp/2149e6250ea2416f9709528b5c2d76f6/hdl/top_level.sv:340]
WARNING: [Synth 8-7186] Applying attribute ram_style = "block" is ignored, object 'sd_sector_word_buf[0][17]' is not inferred as ram due to incorrect usage [/home/fpga/worker_place/temp/temp/2149e6250ea2416f9709528b5c2d76f6/hdl/top_level.sv:340]
WARNING: [Synth 8-7186] Applying attribute ram_style = "block" is ignored, object 'sd_sector_word_buf[0][18]' is not inferred as ram due to incorrect usage [/home/fpga/worker_place/temp/temp/2149e6250ea2416f9709528b5c2d76f6/hdl/top_level.sv:340]
WARNING: [Synth 8-7186] Applying attribute ram_style = "block" is ignored, object 'sd_sector_word_buf[0][19]' is not inferred as ram due to incorrect usage [/home/fpga/worker_place/temp/temp/2149e6250ea2416f9709528b5c2d76f6/hdl/top_level.sv:340]
WARNING: [Synth 8-7186] Applying attribute ram_style = "block" is ignored, object 'sd_sector_word_buf[0][20]' is not inferred as ram due to incorrect usage [/home/fpga/worker_place/temp/temp/2149e6250ea2416f9709528b5c2d76f6/hdl/top_level.sv:340]
WARNING: [Synth 8-7186] Applying attribute ram_style = "block" is ignored, object 'sd_sector_word_buf[0][21]' is not inferred as ram due to incorrect usage [/home/fpga/worker_place/temp/temp/2149e6250ea2416f9709528b5c2d76f6/hdl/top_level.sv:340]
WARNING: [Synth 8-7186] Applying attribute ram_style = "block" is ignored, object 'sd_sector_word_buf[0][22]' is not inferred as ram due to incorrect usage [/home/fpga/worker_place/temp/temp/2149e6250ea2416f9709528b5c2d76f6/hdl/top_level.sv:340]
WARNING: [Synth 8-7186] Applying attribute ram_style = "block" is ignored, object 'sd_sector_word_buf[0][23]' is not inferred as ram due to incorrect usage [/home/fpga/worker_place/temp/temp/2149e6250ea2416f9709528b5c2d76f6/hdl/top_level.sv:340]
WARNING: [Synth 8-7186] Applying attribute ram_style = "block" is ignored, object 'sd_sector_word_buf[0][24]' is not inferred as ram due to incorrect usage [/home/fpga/worker_place/temp/temp/2149e6250ea2416f9709528b5c2d76f6/hdl/top_level.sv:340]
WARNING: [Synth 8-7186] Applying attribute ram_style = "block" is ignored, object 'sd_sector_word_buf[0][25]' is not inferred as ram due to incorrect usage [/home/fpga/worker_place/temp/temp/2149e6250ea2416f9709528b5c2d76f6/hdl/top_level.sv:340]
WARNING: [Synth 8-7186] Applying attribute ram_style = "block" is ignored, object 'sd_sector_word_buf[0][26]' is not inferred as ram due to incorrect usage [/home/fpga/worker_place/temp/temp/2149e6250ea2416f9709528b5c2d76f6/hdl/top_level.sv:340]
WARNING: [Synth 8-7186] Applying attribute ram_style = "block" is ignored, object 'sd_sector_word_buf[0][27]' is not inferred as ram due to incorrect usage [/home/fpga/worker_place/temp/temp/2149e6250ea2416f9709528b5c2d76f6/hdl/top_level.sv:340]
WARNING: [Synth 8-7186] Applying attribute ram_style = "block" is ignored, object 'sd_sector_word_buf[0][28]' is not inferred as ram due to incorrect usage [/home/fpga/worker_place/temp/temp/2149e6250ea2416f9709528b5c2d76f6/hdl/top_level.sv:340]
WARNING: [Synth 8-7186] Applying attribute ram_style = "block" is ignored, object 'sd_sector_word_buf[0][29]' is not inferred as ram due to incorrect usage [/home/fpga/worker_place/temp/temp/2149e6250ea2416f9709528b5c2d76f6/hdl/top_level.sv:340]
WARNING: [Synth 8-7186] Applying attribute ram_style = "block" is ignored, object 'sd_sector_word_buf[0][30]' is not inferred as ram due to incorrect usage [/home/fpga/worker_place/temp/temp/2149e6250ea2416f9709528b5c2d76f6/hdl/top_level.sv:340]
WARNING: [Synth 8-7186] Applying attribute ram_style = "block" is ignored, object 'sd_sector_word_buf[0][31]' is not inferred as ram due to incorrect usage [/home/fpga/worker_place/temp/temp/2149e6250ea2416f9709528b5c2d76f6/hdl/top_level.sv:340]
WARNING: [Synth 8-7186] Applying attribute ram_style = "block" is ignored, object 'sd_sector_word_buf[0][32]' is not inferred as ram due to incorrect usage [/home/fpga/worker_place/temp/temp/2149e6250ea2416f9709528b5c2d76f6/hdl/top_level.sv:340]
WARNING: [Synth 8-7186] Applying attribute ram_style = "block" is ignored, object 'sd_sector_word_buf[0][33]' is not inferred as ram due to incorrect usage [/home/fpga/worker_place/temp/temp/2149e6250ea2416f9709528b5c2d76f6/hdl/top_level.sv:340]
WARNING: [Synth 8-7186] Applying attribute ram_style = "block" is ignored, object 'sd_sector_word_buf[0][34]' is not inferred as ram due to incorrect usage [/home/fpga/worker_place/temp/temp/2149e6250ea2416f9709528b5c2d76f6/hdl/top_level.sv:340]
WARNING: [Synth 8-7186] Applying attribute ram_style = "block" is ignored, object 'sd_sector_word_buf[0][35]' is not inferred as ram due to incorrect usage [/home/fpga/worker_place/temp/temp/2149e6250ea2416f9709528b5c2d76f6/hdl/top_level.sv:340]
WARNING: [Synth 8-7186] Applying attribute ram_style = "block" is ignored, object 'sd_sector_word_buf[0][36]' is not inferred as ram due to incorrect usage [/home/fpga/worker_place/temp/temp/2149e6250ea2416f9709528b5c2d76f6/hdl/top_level.sv:340]
WARNING: [Synth 8-7186] Applying attribute ram_style = "block" is ignored, object 'sd_sector_word_buf[0][37]' is not inferred as ram due to incorrect usage [/home/fpga/worker_place/temp/temp/2149e6250ea2416f9709528b5c2d76f6/hdl/top_level.sv:340]
WARNING: [Synth 8-7186] Applying attribute ram_style = "block" is ignored, object 'sd_sector_word_buf[0][38]' is not inferred as ram due to incorrect usage [/home/fpga/worker_place/temp/temp/2149e6250ea2416f9709528b5c2d76f6/hdl/top_level.sv:340]
WARNING: [Synth 8-7186] Applying attribute ram_style = "block" is ignored, object 'sd_sector_word_buf[0][39]' is not inferred as ram due to incorrect usage [/home/fpga/worker_place/temp/temp/2149e6250ea2416f9709528b5c2d76f6/hdl/top_level.sv:340]
WARNING: [Synth 8-7186] Applying attribute ram_style = "block" is ignored, object 'sd_sector_word_buf[0][40]' is not inferred as ram due to incorrect usage [/home/fpga/worker_place/temp/temp/2149e6250ea2416f9709528b5c2d76f6/hdl/top_level.sv:340]
WARNING: [Synth 8-7186] Applying attribute ram_style = "block" is ignored, object 'sd_sector_word_buf[0][41]' is not inferred as ram due to incorrect usage [/home/fpga/worker_place/temp/temp/2149e6250ea2416f9709528b5c2d76f6/hdl/top_level.sv:340]
WARNING: [Synth 8-7186] Applying attribute ram_style = "block" is ignored, object 'sd_sector_word_buf[0][42]' is not inferred as ram due to incorrect usage [/home/fpga/worker_place/temp/temp/2149e6250ea2416f9709528b5c2d76f6/hdl/top_level.sv:340]
WARNING: [Synth 8-7186] Applying attribute ram_style = "block" is ignored, object 'sd_sector_word_buf[0][43]' is not inferred as ram due to incorrect usage [/home/fpga/worker_place/temp/temp/2149e6250ea2416f9709528b5c2d76f6/hdl/top_level.sv:340]
WARNING: [Synth 8-7186] Applying attribute ram_style = "block" is ignored, object 'sd_sector_word_buf[0][44]' is not inferred as ram due to incorrect usage [/home/fpga/worker_place/temp/temp/2149e6250ea2416f9709528b5c2d76f6/hdl/top_level.sv:340]
WARNING: [Synth 8-7186] Applying attribute ram_style = "block" is ignored, object 'sd_sector_word_buf[0][45]' is not inferred as ram due to incorrect usage [/home/fpga/worker_place/temp/temp/2149e6250ea2416f9709528b5c2d76f6/hdl/top_level.sv:340]
WARNING: [Synth 8-7186] Applying attribute ram_style = "block" is ignored, object 'sd_sector_word_buf[0][46]' is not inferred as ram due to incorrect usage [/home/fpga/worker_place/temp/temp/2149e6250ea2416f9709528b5c2d76f6/hdl/top_level.sv:340]
WARNING: [Synth 8-7186] Applying attribute ram_style = "block" is ignored, object 'sd_sector_word_buf[0][47]' is not inferred as ram due to incorrect usage [/home/fpga/worker_place/temp/temp/2149e6250ea2416f9709528b5c2d76f6/hdl/top_level.sv:340]
WARNING: [Synth 8-7186] Applying attribute ram_style = "block" is ignored, object 'sd_sector_word_buf[0][48]' is not inferred as ram due to incorrect usage [/home/fpga/worker_place/temp/temp/2149e6250ea2416f9709528b5c2d76f6/hdl/top_level.sv:340]
WARNING: [Synth 8-7186] Applying attribute ram_style = "block" is ignored, object 'sd_sector_word_buf[0][49]' is not inferred as ram due to incorrect usage [/home/fpga/worker_place/temp/temp/2149e6250ea2416f9709528b5c2d76f6/hdl/top_level.sv:340]
WARNING: [Synth 8-7186] Applying attribute ram_style = "block" is ignored, object 'sd_sector_word_buf[0][50]' is not inferred as ram due to incorrect usage [/home/fpga/worker_place/temp/temp/2149e6250ea2416f9709528b5c2d76f6/hdl/top_level.sv:340]
WARNING: [Synth 8-7186] Applying attribute ram_style = "block" is ignored, object 'sd_sector_word_buf[0][51]' is not inferred as ram due to incorrect usage [/home/fpga/worker_place/temp/temp/2149e6250ea2416f9709528b5c2d76f6/hdl/top_level.sv:340]
WARNING: [Synth 8-7186] Applying attribute ram_style = "block" is ignored, object 'sd_sector_word_buf[0][52]' is not inferred as ram due to incorrect usage [/home/fpga/worker_place/temp/temp/2149e6250ea2416f9709528b5c2d76f6/hdl/top_level.sv:340]
WARNING: [Synth 8-7186] Applying attribute ram_style = "block" is ignored, object 'sd_sector_word_buf[0][53]' is not inferred as ram due to incorrect usage [/home/fpga/worker_place/temp/temp/2149e6250ea2416f9709528b5c2d76f6/hdl/top_level.sv:340]
WARNING: [Synth 8-7186] Applying attribute ram_style = "block" is ignored, object 'sd_sector_word_buf[0][54]' is not inferred as ram due to incorrect usage [/home/fpga/worker_place/temp/temp/2149e6250ea2416f9709528b5c2d76f6/hdl/top_level.sv:340]
WARNING: [Synth 8-7186] Applying attribute ram_style = "block" is ignored, object 'sd_sector_word_buf[0][55]' is not inferred as ram due to incorrect usage [/home/fpga/worker_place/temp/temp/2149e6250ea2416f9709528b5c2d76f6/hdl/top_level.sv:340]
WARNING: [Synth 8-7186] Applying attribute ram_style = "block" is ignored, object 'sd_sector_word_buf[0][56]' is not inferred as ram due to incorrect usage [/home/fpga/worker_place/temp/temp/2149e6250ea2416f9709528b5c2d76f6/hdl/top_level.sv:340]
WARNING: [Synth 8-7186] Applying attribute ram_style = "block" is ignored, object 'sd_sector_word_buf[0][57]' is not inferred as ram due to incorrect usage [/home/fpga/worker_place/temp/temp/2149e6250ea2416f9709528b5c2d76f6/hdl/top_level.sv:340]
WARNING: [Synth 8-7186] Applying attribute ram_style = "block" is ignored, object 'sd_sector_word_buf[0][58]' is not inferred as ram due to incorrect usage [/home/fpga/worker_place/temp/temp/2149e6250ea2416f9709528b5c2d76f6/hdl/top_level.sv:340]
WARNING: [Synth 8-7186] Applying attribute ram_style = "block" is ignored, object 'sd_sector_word_buf[0][59]' is not inferred as ram due to incorrect usage [/home/fpga/worker_place/temp/temp/2149e6250ea2416f9709528b5c2d76f6/hdl/top_level.sv:340]
WARNING: [Synth 8-7186] Applying attribute ram_style = "block" is ignored, object 'sd_sector_word_buf[0][60]' is not inferred as ram due to incorrect usage [/home/fpga/worker_place/temp/temp/2149e6250ea2416f9709528b5c2d76f6/hdl/top_level.sv:340]
WARNING: [Synth 8-7186] Applying attribute ram_style = "block" is ignored, object 'sd_sector_word_buf[0][61]' is not inferred as ram due to incorrect usage [/home/fpga/worker_place/temp/temp/2149e6250ea2416f9709528b5c2d76f6/hdl/top_level.sv:340]
WARNING: [Synth 8-7186] Applying attribute ram_style = "block" is ignored, object 'sd_sector_word_buf[0][62]' is not inferred as ram due to incorrect usage [/home/fpga/worker_place/temp/temp/2149e6250ea2416f9709528b5c2d76f6/hdl/top_level.sv:340]
WARNING: [Synth 8-7186] Applying attribute ram_style = "block" is ignored, object 'sd_sector_word_buf[0][63]' is not inferred as ram due to incorrect usage [/home/fpga/worker_place/temp/temp/2149e6250ea2416f9709528b5c2d76f6/hdl/top_level.sv:340]
WARNING: [Synth 8-7186] Applying attribute ram_style = "block" is ignored, object 'sd_sector_word_buf[0][64]' is not inferred as ram due to incorrect usage [/home/fpga/worker_place/temp/temp/2149e6250ea2416f9709528b5c2d76f6/hdl/top_level.sv:340]
WARNING: [Synth 8-7186] Applying attribute ram_style = "block" is ignored, object 'sd_sector_word_buf[0][65]' is not inferred as ram due to incorrect usage [/home/fpga/worker_place/temp/temp/2149e6250ea2416f9709528b5c2d76f6/hdl/top_level.sv:340]
WARNING: [Synth 8-7186] Applying attribute ram_style = "block" is ignored, object 'sd_sector_word_buf[0][66]' is not inferred as ram due to incorrect usage [/home/fpga/worker_place/temp/temp/2149e6250ea2416f9709528b5c2d76f6/hdl/top_level.sv:340]
WARNING: [Synth 8-7186] Applying attribute ram_style = "block" is ignored, object 'sd_sector_word_buf[0][67]' is not inferred as ram due to incorrect usage [/home/fpga/worker_place/temp/temp/2149e6250ea2416f9709528b5c2d76f6/hdl/top_level.sv:340]
WARNING: [Synth 8-7186] Applying attribute ram_style = "block" is ignored, object 'sd_sector_word_buf[0][68]' is not inferred as ram due to incorrect usage [/home/fpga/worker_place/temp/temp/2149e6250ea2416f9709528b5c2d76f6/hdl/top_level.sv:340]
WARNING: [Synth 8-7186] Applying attribute ram_style = "block" is ignored, object 'sd_sector_word_buf[0][69]' is not inferred as ram due to incorrect usage [/home/fpga/worker_place/temp/temp/2149e6250ea2416f9709528b5c2d76f6/hdl/top_level.sv:340]
WARNING: [Synth 8-7186] Applying attribute ram_style = "block" is ignored, object 'sd_sector_word_buf[0][70]' is not inferred as ram due to incorrect usage [/home/fpga/worker_place/temp/temp/2149e6250ea2416f9709528b5c2d76f6/hdl/top_level.sv:340]
WARNING: [Synth 8-7186] Applying attribute ram_style = "block" is ignored, object 'sd_sector_word_buf[0][71]' is not inferred as ram due to incorrect usage [/home/fpga/worker_place/temp/temp/2149e6250ea2416f9709528b5c2d76f6/hdl/top_level.sv:340]
WARNING: [Synth 8-7186] Applying attribute ram_style = "block" is ignored, object 'sd_sector_word_buf[0][72]' is not inferred as ram due to incorrect usage [/home/fpga/worker_place/temp/temp/2149e6250ea2416f9709528b5c2d76f6/hdl/top_level.sv:340]
WARNING: [Synth 8-7186] Applying attribute ram_style = "block" is ignored, object 'sd_sector_word_buf[0][73]' is not inferred as ram due to incorrect usage [/home/fpga/worker_place/temp/temp/2149e6250ea2416f9709528b5c2d76f6/hdl/top_level.sv:340]
WARNING: [Synth 8-7186] Applying attribute ram_style = "block" is ignored, object 'sd_sector_word_buf[0][74]' is not inferred as ram due to incorrect usage [/home/fpga/worker_place/temp/temp/2149e6250ea2416f9709528b5c2d76f6/hdl/top_level.sv:340]
WARNING: [Synth 8-7186] Applying attribute ram_style = "block" is ignored, object 'sd_sector_word_buf[0][75]' is not inferred as ram due to incorrect usage [/home/fpga/worker_place/temp/temp/2149e6250ea2416f9709528b5c2d76f6/hdl/top_level.sv:340]
WARNING: [Synth 8-7186] Applying attribute ram_style = "block" is ignored, object 'sd_sector_word_buf[0][76]' is not inferred as ram due to incorrect usage [/home/fpga/worker_place/temp/temp/2149e6250ea2416f9709528b5c2d76f6/hdl/top_level.sv:340]
WARNING: [Synth 8-7186] Applying attribute ram_style = "block" is ignored, object 'sd_sector_word_buf[0][77]' is not inferred as ram due to incorrect usage [/home/fpga/worker_place/temp/temp/2149e6250ea2416f9709528b5c2d76f6/hdl/top_level.sv:340]
WARNING: [Synth 8-7186] Applying attribute ram_style = "block" is ignored, object 'sd_sector_word_buf[0][78]' is not inferred as ram due to incorrect usage [/home/fpga/worker_place/temp/temp/2149e6250ea2416f9709528b5c2d76f6/hdl/top_level.sv:340]
WARNING: [Synth 8-7186] Applying attribute ram_style = "block" is ignored, object 'sd_sector_word_buf[0][79]' is not inferred as ram due to incorrect usage [/home/fpga/worker_place/temp/temp/2149e6250ea2416f9709528b5c2d76f6/hdl/top_level.sv:340]
WARNING: [Synth 8-7186] Applying attribute ram_style = "block" is ignored, object 'sd_sector_word_buf[0][80]' is not inferred as ram due to incorrect usage [/home/fpga/worker_place/temp/temp/2149e6250ea2416f9709528b5c2d76f6/hdl/top_level.sv:340]
WARNING: [Synth 8-7186] Applying attribute ram_style = "block" is ignored, object 'sd_sector_word_buf[0][81]' is not inferred as ram due to incorrect usage [/home/fpga/worker_place/temp/temp/2149e6250ea2416f9709528b5c2d76f6/hdl/top_level.sv:340]
WARNING: [Synth 8-7186] Applying attribute ram_style = "block" is ignored, object 'sd_sector_word_buf[0][82]' is not inferred as ram due to incorrect usage [/home/fpga/worker_place/temp/temp/2149e6250ea2416f9709528b5c2d76f6/hdl/top_level.sv:340]
WARNING: [Synth 8-7186] Applying attribute ram_style = "block" is ignored, object 'sd_sector_word_buf[0][83]' is not inferred as ram due to incorrect usage [/home/fpga/worker_place/temp/temp/2149e6250ea2416f9709528b5c2d76f6/hdl/top_level.sv:340]
WARNING: [Synth 8-7186] Applying attribute ram_style = "block" is ignored, object 'sd_sector_word_buf[0][84]' is not inferred as ram due to incorrect usage [/home/fpga/worker_place/temp/temp/2149e6250ea2416f9709528b5c2d76f6/hdl/top_level.sv:340]
WARNING: [Synth 8-7186] Applying attribute ram_style = "block" is ignored, object 'sd_sector_word_buf[0][85]' is not inferred as ram due to incorrect usage [/home/fpga/worker_place/temp/temp/2149e6250ea2416f9709528b5c2d76f6/hdl/top_level.sv:340]
WARNING: [Synth 8-7186] Applying attribute ram_style = "block" is ignored, object 'sd_sector_word_buf[0][86]' is not inferred as ram due to incorrect usage [/home/fpga/worker_place/temp/temp/2149e6250ea2416f9709528b5c2d76f6/hdl/top_level.sv:340]
WARNING: [Synth 8-7186] Applying attribute ram_style = "block" is ignored, object 'sd_sector_word_buf[0][87]' is not inferred as ram due to incorrect usage [/home/fpga/worker_place/temp/temp/2149e6250ea2416f9709528b5c2d76f6/hdl/top_level.sv:340]
WARNING: [Synth 8-7186] Applying attribute ram_style = "block" is ignored, object 'sd_sector_word_buf[0][88]' is not inferred as ram due to incorrect usage [/home/fpga/worker_place/temp/temp/2149e6250ea2416f9709528b5c2d76f6/hdl/top_level.sv:340]
WARNING: [Synth 8-7186] Applying attribute ram_style = "block" is ignored, object 'sd_sector_word_buf[0][89]' is not inferred as ram due to incorrect usage [/home/fpga/worker_place/temp/temp/2149e6250ea2416f9709528b5c2d76f6/hdl/top_level.sv:340]
WARNING: [Synth 8-7186] Applying attribute ram_style = "block" is ignored, object 'sd_sector_word_buf[0][90]' is not inferred as ram due to incorrect usage [/home/fpga/worker_place/temp/temp/2149e6250ea2416f9709528b5c2d76f6/hdl/top_level.sv:340]
WARNING: [Synth 8-7186] Applying attribute ram_style = "block" is ignored, object 'sd_sector_word_buf[0][91]' is not inferred as ram due to incorrect usage [/home/fpga/worker_place/temp/temp/2149e6250ea2416f9709528b5c2d76f6/hdl/top_level.sv:340]
WARNING: [Synth 8-7186] Applying attribute ram_style = "block" is ignored, object 'sd_sector_word_buf[0][92]' is not inferred as ram due to incorrect usage [/home/fpga/worker_place/temp/temp/2149e6250ea2416f9709528b5c2d76f6/hdl/top_level.sv:340]
WARNING: [Synth 8-7186] Applying attribute ram_style = "block" is ignored, object 'sd_sector_word_buf[0][93]' is not inferred as ram due to incorrect usage [/home/fpga/worker_place/temp/temp/2149e6250ea2416f9709528b5c2d76f6/hdl/top_level.sv:340]
WARNING: [Synth 8-7186] Applying attribute ram_style = "block" is ignored, object 'sd_sector_word_buf[0][94]' is not inferred as ram due to incorrect usage [/home/fpga/worker_place/temp/temp/2149e6250ea2416f9709528b5c2d76f6/hdl/top_level.sv:340]
WARNING: [Synth 8-7186] Applying attribute ram_style = "block" is ignored, object 'sd_sector_word_buf[0][95]' is not inferred as ram due to incorrect usage [/home/fpga/worker_place/temp/temp/2149e6250ea2416f9709528b5c2d76f6/hdl/top_level.sv:340]
WARNING: [Synth 8-7186] Applying attribute ram_style = "block" is ignored, object 'sd_sector_word_buf[0][96]' is not inferred as ram due to incorrect usage [/home/fpga/worker_place/temp/temp/2149e6250ea2416f9709528b5c2d76f6/hdl/top_level.sv:340]
WARNING: [Synth 8-7186] Applying attribute ram_style = "block" is ignored, object 'sd_sector_word_buf[0][97]' is not inferred as ram due to incorrect usage [/home/fpga/worker_place/temp/temp/2149e6250ea2416f9709528b5c2d76f6/hdl/top_level.sv:340]
WARNING: [Synth 8-7186] Applying attribute ram_style = "block" is ignored, object 'sd_sector_word_buf[0][98]' is not inferred as ram due to incorrect usage [/home/fpga/worker_place/temp/temp/2149e6250ea2416f9709528b5c2d76f6/hdl/top_level.sv:340]
WARNING: [Synth 8-7186] Applying attribute ram_style = "block" is ignored, object 'sd_sector_word_buf[0][99]' is not inferred as ram due to incorrect usage [/home/fpga/worker_place/temp/temp/2149e6250ea2416f9709528b5c2d76f6/hdl/top_level.sv:340]
WARNING: [Synth 8-7186] Applying attribute ram_style = "block" is ignored, object 'sd_sector_word_buf[0][100]' is not inferred as ram due to incorrect usage [/home/fpga/worker_place/temp/temp/2149e6250ea2416f9709528b5c2d76f6/hdl/top_level.sv:340]
WARNING: [Synth 8-7186] Applying attribute ram_style = "block" is ignored, object 'sd_sector_word_buf[0][101]' is not inferred as ram due to incorrect usage [/home/fpga/worker_place/temp/temp/2149e6250ea2416f9709528b5c2d76f6/hdl/top_level.sv:340]
WARNING: [Synth 8-7186] Applying attribute ram_style = "block" is ignored, object 'sd_sector_word_buf[0][102]' is not inferred as ram due to incorrect usage [/home/fpga/worker_place/temp/temp/2149e6250ea2416f9709528b5c2d76f6/hdl/top_level.sv:340]
WARNING: [Synth 8-7186] Applying attribute ram_style = "block" is ignored, object 'sd_sector_word_buf[0][103]' is not inferred as ram due to incorrect usage [/home/fpga/worker_place/temp/temp/2149e6250ea2416f9709528b5c2d76f6/hdl/top_level.sv:340]
WARNING: [Synth 8-7186] Applying attribute ram_style = "block" is ignored, object 'sd_sector_word_buf[0][104]' is not inferred as ram due to incorrect usage [/home/fpga/worker_place/temp/temp/2149e6250ea2416f9709528b5c2d76f6/hdl/top_level.sv:340]
WARNING: [Synth 8-7186] Applying attribute ram_style = "block" is ignored, object 'sd_sector_word_buf[0][105]' is not inferred as ram due to incorrect usage [/home/fpga/worker_place/temp/temp/2149e6250ea2416f9709528b5c2d76f6/hdl/top_level.sv:340]
WARNING: [Synth 8-7186] Applying attribute ram_style = "block" is ignored, object 'sd_sector_word_buf[0][106]' is not inferred as ram due to incorrect usage [/home/fpga/worker_place/temp/temp/2149e6250ea2416f9709528b5c2d76f6/hdl/top_level.sv:340]
WARNING: [Synth 8-7186] Applying attribute ram_style = "block" is ignored, object 'sd_sector_word_buf[0][107]' is not inferred as ram due to incorrect usage [/home/fpga/worker_place/temp/temp/2149e6250ea2416f9709528b5c2d76f6/hdl/top_level.sv:340]
WARNING: [Synth 8-7186] Applying attribute ram_style = "block" is ignored, object 'sd_sector_word_buf[0][108]' is not inferred as ram due to incorrect usage [/home/fpga/worker_place/temp/temp/2149e6250ea2416f9709528b5c2d76f6/hdl/top_level.sv:340]
WARNING: [Synth 8-7186] Applying attribute ram_style = "block" is ignored, object 'sd_sector_word_buf[0][109]' is not inferred as ram due to incorrect usage [/home/fpga/worker_place/temp/temp/2149e6250ea2416f9709528b5c2d76f6/hdl/top_level.sv:340]
WARNING: [Synth 8-7186] Applying attribute ram_style = "block" is ignored, object 'sd_sector_word_buf[0][110]' is not inferred as ram due to incorrect usage [/home/fpga/worker_place/temp/temp/2149e6250ea2416f9709528b5c2d76f6/hdl/top_level.sv:340]
WARNING: [Synth 8-7186] Applying attribute ram_style = "block" is ignored, object 'sd_sector_word_buf[0][111]' is not inferred as ram due to incorrect usage [/home/fpga/worker_place/temp/temp/2149e6250ea2416f9709528b5c2d76f6/hdl/top_level.sv:340]
WARNING: [Synth 8-7186] Applying attribute ram_style = "block" is ignored, object 'sd_sector_word_buf[0][112]' is not inferred as ram due to incorrect usage [/home/fpga/worker_place/temp/temp/2149e6250ea2416f9709528b5c2d76f6/hdl/top_level.sv:340]
WARNING: [Synth 8-7186] Applying attribute ram_style = "block" is ignored, object 'sd_sector_word_buf[0][113]' is not inferred as ram due to incorrect usage [/home/fpga/worker_place/temp/temp/2149e6250ea2416f9709528b5c2d76f6/hdl/top_level.sv:340]
WARNING: [Synth 8-7186] Applying attribute ram_style = "block" is ignored, object 'sd_sector_word_buf[0][114]' is not inferred as ram due to incorrect usage [/home/fpga/worker_place/temp/temp/2149e6250ea2416f9709528b5c2d76f6/hdl/top_level.sv:340]
WARNING: [Synth 8-7186] Applying attribute ram_style = "block" is ignored, object 'sd_sector_word_buf[0][115]' is not inferred as ram due to incorrect usage [/home/fpga/worker_place/temp/temp/2149e6250ea2416f9709528b5c2d76f6/hdl/top_level.sv:340]
WARNING: [Synth 8-7186] Applying attribute ram_style = "block" is ignored, object 'sd_sector_word_buf[0][116]' is not inferred as ram due to incorrect usage [/home/fpga/worker_place/temp/temp/2149e6250ea2416f9709528b5c2d76f6/hdl/top_level.sv:340]
WARNING: [Synth 8-7186] Applying attribute ram_style = "block" is ignored, object 'sd_sector_word_buf[0][117]' is not inferred as ram due to incorrect usage [/home/fpga/worker_place/temp/temp/2149e6250ea2416f9709528b5c2d76f6/hdl/top_level.sv:340]
WARNING: [Synth 8-7186] Applying attribute ram_style = "block" is ignored, object 'sd_sector_word_buf[0][118]' is not inferred as ram due to incorrect usage [/home/fpga/worker_place/temp/temp/2149e6250ea2416f9709528b5c2d76f6/hdl/top_level.sv:340]
WARNING: [Synth 8-7186] Applying attribute ram_style = "block" is ignored, object 'sd_sector_word_buf[0][119]' is not inferred as ram due to incorrect usage [/home/fpga/worker_place/temp/temp/2149e6250ea2416f9709528b5c2d76f6/hdl/top_level.sv:340]
WARNING: [Synth 8-7186] Applying attribute ram_style = "block" is ignored, object 'sd_sector_word_buf[0][120]' is not inferred as ram due to incorrect usage [/home/fpga/worker_place/temp/temp/2149e6250ea2416f9709528b5c2d76f6/hdl/top_level.sv:340]
WARNING: [Synth 8-7186] Applying attribute ram_style = "block" is ignored, object 'sd_sector_word_buf[0][121]' is not inferred as ram due to incorrect usage [/home/fpga/worker_place/temp/temp/2149e6250ea2416f9709528b5c2d76f6/hdl/top_level.sv:340]
WARNING: [Synth 8-7186] Applying attribute ram_style = "block" is ignored, object 'sd_sector_word_buf[0][122]' is not inferred as ram due to incorrect usage [/home/fpga/worker_place/temp/temp/2149e6250ea2416f9709528b5c2d76f6/hdl/top_level.sv:340]
WARNING: [Synth 8-7186] Applying attribute ram_style = "block" is ignored, object 'sd_sector_word_buf[0][123]' is not inferred as ram due to incorrect usage [/home/fpga/worker_place/temp/temp/2149e6250ea2416f9709528b5c2d76f6/hdl/top_level.sv:340]
WARNING: [Synth 8-7186] Applying attribute ram_style = "block" is ignored, object 'sd_sector_word_buf[0][124]' is not inferred as ram due to incorrect usage [/home/fpga/worker_place/temp/temp/2149e6250ea2416f9709528b5c2d76f6/hdl/top_level.sv:340]
WARNING: [Synth 8-7186] Applying attribute ram_style = "block" is ignored, object 'sd_sector_word_buf[0][125]' is not inferred as ram due to incorrect usage [/home/fpga/worker_place/temp/temp/2149e6250ea2416f9709528b5c2d76f6/hdl/top_level.sv:340]
WARNING: [Synth 8-7186] Applying attribute ram_style = "block" is ignored, object 'sd_sector_word_buf[0][126]' is not inferred as ram due to incorrect usage [/home/fpga/worker_place/temp/temp/2149e6250ea2416f9709528b5c2d76f6/hdl/top_level.sv:340]
WARNING: [Synth 8-7186] Applying attribute ram_style = "block" is ignored, object 'sd_sector_word_buf[0][127]' is not inferred as ram due to incorrect usage [/home/fpga/worker_place/temp/temp/2149e6250ea2416f9709528b5c2d76f6/hdl/top_level.sv:340]
WARNING: [Synth 8-7186] Applying attribute ram_style = "block" is ignored, object 'sd_sector_word_buf[1][0]' is not inferred as ram due to incorrect usage [/home/fpga/worker_place/temp/temp/2149e6250ea2416f9709528b5c2d76f6/hdl/top_level.sv:340]
WARNING: [Synth 8-7186] Applying attribute ram_style = "block" is ignored, object 'sd_sector_word_buf[1][1]' is not inferred as ram due to incorrect usage [/home/fpga/worker_place/temp/temp/2149e6250ea2416f9709528b5c2d76f6/hdl/top_level.sv:340]
WARNING: [Synth 8-7186] Applying attribute ram_style = "block" is ignored, object 'sd_sector_word_buf[1][2]' is not inferred as ram due to incorrect usage [/home/fpga/worker_place/temp/temp/2149e6250ea2416f9709528b5c2d76f6/hdl/top_level.sv:340]
WARNING: [Synth 8-7186] Applying attribute ram_style = "block" is ignored, object 'sd_sector_word_buf[1][3]' is not inferred as ram due to incorrect usage [/home/fpga/worker_place/temp/temp/2149e6250ea2416f9709528b5c2d76f6/hdl/top_level.sv:340]
WARNING: [Synth 8-7186] Applying attribute ram_style = "block" is ignored, object 'sd_sector_word_buf[1][4]' is not inferred as ram due to incorrect usage [/home/fpga/worker_place/temp/temp/2149e6250ea2416f9709528b5c2d76f6/hdl/top_level.sv:340]
WARNING: [Synth 8-7186] Applying attribute ram_style = "block" is ignored, object 'sd_sector_word_buf[1][5]' is not inferred as ram due to incorrect usage [/home/fpga/worker_place/temp/temp/2149e6250ea2416f9709528b5c2d76f6/hdl/top_level.sv:340]
WARNING: [Synth 8-7186] Applying attribute ram_style = "block" is ignored, object 'sd_sector_word_buf[1][6]' is not inferred as ram due to incorrect usage [/home/fpga/worker_place/temp/temp/2149e6250ea2416f9709528b5c2d76f6/hdl/top_level.sv:340]
WARNING: [Synth 8-7186] Applying attribute ram_style = "block" is ignored, object 'sd_sector_word_buf[1][7]' is not inferred as ram due to incorrect usage [/home/fpga/worker_place/temp/temp/2149e6250ea2416f9709528b5c2d76f6/hdl/top_level.sv:340]
WARNING: [Synth 8-7186] Applying attribute ram_style = "block" is ignored, object 'sd_sector_word_buf[1][8]' is not inferred as ram due to incorrect usage [/home/fpga/worker_place/temp/temp/2149e6250ea2416f9709528b5c2d76f6/hdl/top_level.sv:340]
WARNING: [Synth 8-7186] Applying attribute ram_style = "block" is ignored, object 'sd_sector_word_buf[1][9]' is not inferred as ram due to incorrect usage [/home/fpga/worker_place/temp/temp/2149e6250ea2416f9709528b5c2d76f6/hdl/top_level.sv:340]
WARNING: [Synth 8-7186] Applying attribute ram_style = "block" is ignored, object 'sd_sector_word_buf[1][10]' is not inferred as ram due to incorrect usage [/home/fpga/worker_place/temp/temp/2149e6250ea2416f9709528b5c2d76f6/hdl/top_level.sv:340]
WARNING: [Synth 8-7186] Applying attribute ram_style = "block" is ignored, object 'sd_sector_word_buf[1][11]' is not inferred as ram due to incorrect usage [/home/fpga/worker_place/temp/temp/2149e6250ea2416f9709528b5c2d76f6/hdl/top_level.sv:340]
WARNING: [Synth 8-7186] Applying attribute ram_style = "block" is ignored, object 'sd_sector_word_buf[1][12]' is not inferred as ram due to incorrect usage [/home/fpga/worker_place/temp/temp/2149e6250ea2416f9709528b5c2d76f6/hdl/top_level.sv:340]
WARNING: [Synth 8-7186] Applying attribute ram_style = "block" is ignored, object 'sd_sector_word_buf[1][13]' is not inferred as ram due to incorrect usage [/home/fpga/worker_place/temp/temp/2149e6250ea2416f9709528b5c2d76f6/hdl/top_level.sv:340]
WARNING: [Synth 8-7186] Applying attribute ram_style = "block" is ignored, object 'sd_sector_word_buf[1][14]' is not inferred as ram due to incorrect usage [/home/fpga/worker_place/temp/temp/2149e6250ea2416f9709528b5c2d76f6/hdl/top_level.sv:340]
WARNING: [Synth 8-7186] Applying attribute ram_style = "block" is ignored, object 'sd_sector_word_buf[1][15]' is not inferred as ram due to incorrect usage [/home/fpga/worker_place/temp/temp/2149e6250ea2416f9709528b5c2d76f6/hdl/top_level.sv:340]
WARNING: [Synth 8-7186] Applying attribute ram_style = "block" is ignored, object 'sd_sector_word_buf[1][16]' is not inferred as ram due to incorrect usage [/home/fpga/worker_place/temp/temp/2149e6250ea2416f9709528b5c2d76f6/hdl/top_level.sv:340]
WARNING: [Synth 8-7186] Applying attribute ram_style = "block" is ignored, object 'sd_sector_word_buf[1][17]' is not inferred as ram due to incorrect usage [/home/fpga/worker_place/temp/temp/2149e6250ea2416f9709528b5c2d76f6/hdl/top_level.sv:340]
WARNING: [Synth 8-7186] Applying attribute ram_style = "block" is ignored, object 'sd_sector_word_buf[1][18]' is not inferred as ram due to incorrect usage [/home/fpga/worker_place/temp/temp/2149e6250ea2416f9709528b5c2d76f6/hdl/top_level.sv:340]
WARNING: [Synth 8-7186] Applying attribute ram_style = "block" is ignored, object 'sd_sector_word_buf[1][19]' is not inferred as ram due to incorrect usage [/home/fpga/worker_place/temp/temp/2149e6250ea2416f9709528b5c2d76f6/hdl/top_level.sv:340]
WARNING: [Synth 8-7186] Applying attribute ram_style = "block" is ignored, object 'sd_sector_word_buf[1][20]' is not inferred as ram due to incorrect usage [/home/fpga/worker_place/temp/temp/2149e6250ea2416f9709528b5c2d76f6/hdl/top_level.sv:340]
WARNING: [Synth 8-7186] Applying attribute ram_style = "block" is ignored, object 'sd_sector_word_buf[1][21]' is not inferred as ram due to incorrect usage [/home/fpga/worker_place/temp/temp/2149e6250ea2416f9709528b5c2d76f6/hdl/top_level.sv:340]
WARNING: [Synth 8-7186] Applying attribute ram_style = "block" is ignored, object 'sd_sector_word_buf[1][22]' is not inferred as ram due to incorrect usage [/home/fpga/worker_place/temp/temp/2149e6250ea2416f9709528b5c2d76f6/hdl/top_level.sv:340]
WARNING: [Synth 8-7186] Applying attribute ram_style = "block" is ignored, object 'sd_sector_word_buf[1][23]' is not inferred as ram due to incorrect usage [/home/fpga/worker_place/temp/temp/2149e6250ea2416f9709528b5c2d76f6/hdl/top_level.sv:340]
WARNING: [Synth 8-7186] Applying attribute ram_style = "block" is ignored, object 'sd_sector_word_buf[1][24]' is not inferred as ram due to incorrect usage [/home/fpga/worker_place/temp/temp/2149e6250ea2416f9709528b5c2d76f6/hdl/top_level.sv:340]
WARNING: [Synth 8-7186] Applying attribute ram_style = "block" is ignored, object 'sd_sector_word_buf[1][25]' is not inferred as ram due to incorrect usage [/home/fpga/worker_place/temp/temp/2149e6250ea2416f9709528b5c2d76f6/hdl/top_level.sv:340]
WARNING: [Synth 8-7186] Applying attribute ram_style = "block" is ignored, object 'sd_sector_word_buf[1][26]' is not inferred as ram due to incorrect usage [/home/fpga/worker_place/temp/temp/2149e6250ea2416f9709528b5c2d76f6/hdl/top_level.sv:340]
WARNING: [Synth 8-7186] Applying attribute ram_style = "block" is ignored, object 'sd_sector_word_buf[1][27]' is not inferred as ram due to incorrect usage [/home/fpga/worker_place/temp/temp/2149e6250ea2416f9709528b5c2d76f6/hdl/top_level.sv:340]
WARNING: [Synth 8-7186] Applying attribute ram_style = "block" is ignored, object 'sd_sector_word_buf[1][28]' is not inferred as ram due to incorrect usage [/home/fpga/worker_place/temp/temp/2149e6250ea2416f9709528b5c2d76f6/hdl/top_level.sv:340]
WARNING: [Synth 8-7186] Applying attribute ram_style = "block" is ignored, object 'sd_sector_word_buf[1][29]' is not inferred as ram due to incorrect usage [/home/fpga/worker_place/temp/temp/2149e6250ea2416f9709528b5c2d76f6/hdl/top_level.sv:340]
WARNING: [Synth 8-7186] Applying attribute ram_style = "block" is ignored, object 'sd_sector_word_buf[1][30]' is not inferred as ram due to incorrect usage [/home/fpga/worker_place/temp/temp/2149e6250ea2416f9709528b5c2d76f6/hdl/top_level.sv:340]
WARNING: [Synth 8-7186] Applying attribute ram_style = "block" is ignored, object 'sd_sector_word_buf[1][31]' is not inferred as ram due to incorrect usage [/home/fpga/worker_place/temp/temp/2149e6250ea2416f9709528b5c2d76f6/hdl/top_level.sv:340]
WARNING: [Synth 8-7186] Applying attribute ram_style = "block" is ignored, object 'sd_sector_word_buf[1][32]' is not inferred as ram due to incorrect usage [/home/fpga/worker_place/temp/temp/2149e6250ea2416f9709528b5c2d76f6/hdl/top_level.sv:340]
WARNING: [Synth 8-7186] Applying attribute ram_style = "block" is ignored, object 'sd_sector_word_buf[1][33]' is not inferred as ram due to incorrect usage [/home/fpga/worker_place/temp/temp/2149e6250ea2416f9709528b5c2d76f6/hdl/top_level.sv:340]
WARNING: [Synth 8-7186] Applying attribute ram_style = "block" is ignored, object 'sd_sector_word_buf[1][34]' is not inferred as ram due to incorrect usage [/home/fpga/worker_place/temp/temp/2149e6250ea2416f9709528b5c2d76f6/hdl/top_level.sv:340]
WARNING: [Synth 8-7186] Applying attribute ram_style = "block" is ignored, object 'sd_sector_word_buf[1][35]' is not inferred as ram due to incorrect usage [/home/fpga/worker_place/temp/temp/2149e6250ea2416f9709528b5c2d76f6/hdl/top_level.sv:340]
WARNING: [Synth 8-7186] Applying attribute ram_style = "block" is ignored, object 'sd_sector_word_buf[1][36]' is not inferred as ram due to incorrect usage [/home/fpga/worker_place/temp/temp/2149e6250ea2416f9709528b5c2d76f6/hdl/top_level.sv:340]
WARNING: [Synth 8-7186] Applying attribute ram_style = "block" is ignored, object 'sd_sector_word_buf[1][37]' is not inferred as ram due to incorrect usage [/home/fpga/worker_place/temp/temp/2149e6250ea2416f9709528b5c2d76f6/hdl/top_level.sv:340]
WARNING: [Synth 8-7186] Applying attribute ram_style = "block" is ignored, object 'sd_sector_word_buf[1][38]' is not inferred as ram due to incorrect usage [/home/fpga/worker_place/temp/temp/2149e6250ea2416f9709528b5c2d76f6/hdl/top_level.sv:340]
WARNING: [Synth 8-7186] Applying attribute ram_style = "block" is ignored, object 'sd_sector_word_buf[1][39]' is not inferred as ram due to incorrect usage [/home/fpga/worker_place/temp/temp/2149e6250ea2416f9709528b5c2d76f6/hdl/top_level.sv:340]
WARNING: [Synth 8-7186] Applying attribute ram_style = "block" is ignored, object 'sd_sector_word_buf[1][40]' is not inferred as ram due to incorrect usage [/home/fpga/worker_place/temp/temp/2149e6250ea2416f9709528b5c2d76f6/hdl/top_level.sv:340]
WARNING: [Synth 8-7186] Applying attribute ram_style = "block" is ignored, object 'sd_sector_word_buf[1][41]' is not inferred as ram due to incorrect usage [/home/fpga/worker_place/temp/temp/2149e6250ea2416f9709528b5c2d76f6/hdl/top_level.sv:340]
WARNING: [Synth 8-7186] Applying attribute ram_style = "block" is ignored, object 'sd_sector_word_buf[1][42]' is not inferred as ram due to incorrect usage [/home/fpga/worker_place/temp/temp/2149e6250ea2416f9709528b5c2d76f6/hdl/top_level.sv:340]
WARNING: [Synth 8-7186] Applying attribute ram_style = "block" is ignored, object 'sd_sector_word_buf[1][43]' is not inferred as ram due to incorrect usage [/home/fpga/worker_place/temp/temp/2149e6250ea2416f9709528b5c2d76f6/hdl/top_level.sv:340]
WARNING: [Synth 8-7186] Applying attribute ram_style = "block" is ignored, object 'sd_sector_word_buf[1][44]' is not inferred as ram due to incorrect usage [/home/fpga/worker_place/temp/temp/2149e6250ea2416f9709528b5c2d76f6/hdl/top_level.sv:340]
WARNING: [Synth 8-7186] Applying attribute ram_style = "block" is ignored, object 'sd_sector_word_buf[1][45]' is not inferred as ram due to incorrect usage [/home/fpga/worker_place/temp/temp/2149e6250ea2416f9709528b5c2d76f6/hdl/top_level.sv:340]
WARNING: [Synth 8-7186] Applying attribute ram_style = "block" is ignored, object 'sd_sector_word_buf[1][46]' is not inferred as ram due to incorrect usage [/home/fpga/worker_place/temp/temp/2149e6250ea2416f9709528b5c2d76f6/hdl/top_level.sv:340]
WARNING: [Synth 8-7186] Applying attribute ram_style = "block" is ignored, object 'sd_sector_word_buf[1][47]' is not inferred as ram due to incorrect usage [/home/fpga/worker_place/temp/temp/2149e6250ea2416f9709528b5c2d76f6/hdl/top_level.sv:340]
WARNING: [Synth 8-7186] Applying attribute ram_style = "block" is ignored, object 'sd_sector_word_buf[1][48]' is not inferred as ram due to incorrect usage [/home/fpga/worker_place/temp/temp/2149e6250ea2416f9709528b5c2d76f6/hdl/top_level.sv:340]
WARNING: [Synth 8-7186] Applying attribute ram_style = "block" is ignored, object 'sd_sector_word_buf[1][49]' is not inferred as ram due to incorrect usage [/home/fpga/worker_place/temp/temp/2149e6250ea2416f9709528b5c2d76f6/hdl/top_level.sv:340]
WARNING: [Synth 8-7186] Applying attribute ram_style = "block" is ignored, object 'sd_sector_word_buf[1][50]' is not inferred as ram due to incorrect usage [/home/fpga/worker_place/temp/temp/2149e6250ea2416f9709528b5c2d76f6/hdl/top_level.sv:340]
WARNING: [Synth 8-7186] Applying attribute ram_style = "block" is ignored, object 'sd_sector_word_buf[1][51]' is not inferred as ram due to incorrect usage [/home/fpga/worker_place/temp/temp/2149e6250ea2416f9709528b5c2d76f6/hdl/top_level.sv:340]
WARNING: [Synth 8-7186] Applying attribute ram_style = "block" is ignored, object 'sd_sector_word_buf[1][52]' is not inferred as ram due to incorrect usage [/home/fpga/worker_place/temp/temp/2149e6250ea2416f9709528b5c2d76f6/hdl/top_level.sv:340]
WARNING: [Synth 8-7186] Applying attribute ram_style = "block" is ignored, object 'sd_sector_word_buf[1][53]' is not inferred as ram due to incorrect usage [/home/fpga/worker_place/temp/temp/2149e6250ea2416f9709528b5c2d76f6/hdl/top_level.sv:340]
WARNING: [Synth 8-7186] Applying attribute ram_style = "block" is ignored, object 'sd_sector_word_buf[1][54]' is not inferred as ram due to incorrect usage [/home/fpga/worker_place/temp/temp/2149e6250ea2416f9709528b5c2d76f6/hdl/top_level.sv:340]
WARNING: [Synth 8-7186] Applying attribute ram_style = "block" is ignored, object 'sd_sector_word_buf[1][55]' is not inferred as ram due to incorrect usage [/home/fpga/worker_place/temp/temp/2149e6250ea2416f9709528b5c2d76f6/hdl/top_level.sv:340]
WARNING: [Synth 8-7186] Applying attribute ram_style = "block" is ignored, object 'sd_sector_word_buf[1][56]' is not inferred as ram due to incorrect usage [/home/fpga/worker_place/temp/temp/2149e6250ea2416f9709528b5c2d76f6/hdl/top_level.sv:340]
WARNING: [Synth 8-7186] Applying attribute ram_style = "block" is ignored, object 'sd_sector_word_buf[1][57]' is not inferred as ram due to incorrect usage [/home/fpga/worker_place/temp/temp/2149e6250ea2416f9709528b5c2d76f6/hdl/top_level.sv:340]
WARNING: [Synth 8-7186] Applying attribute ram_style = "block" is ignored, object 'sd_sector_word_buf[1][58]' is not inferred as ram due to incorrect usage [/home/fpga/worker_place/temp/temp/2149e6250ea2416f9709528b5c2d76f6/hdl/top_level.sv:340]
WARNING: [Synth 8-7186] Applying attribute ram_style = "block" is ignored, object 'sd_sector_word_buf[1][59]' is not inferred as ram due to incorrect usage [/home/fpga/worker_place/temp/temp/2149e6250ea2416f9709528b5c2d76f6/hdl/top_level.sv:340]
WARNING: [Synth 8-7186] Applying attribute ram_style = "block" is ignored, object 'sd_sector_word_buf[1][60]' is not inferred as ram due to incorrect usage [/home/fpga/worker_place/temp/temp/2149e6250ea2416f9709528b5c2d76f6/hdl/top_level.sv:340]
WARNING: [Synth 8-7186] Applying attribute ram_style = "block" is ignored, object 'sd_sector_word_buf[1][61]' is not inferred as ram due to incorrect usage [/home/fpga/worker_place/temp/temp/2149e6250ea2416f9709528b5c2d76f6/hdl/top_level.sv:340]
WARNING: [Synth 8-7186] Applying attribute ram_style = "block" is ignored, object 'sd_sector_word_buf[1][62]' is not inferred as ram due to incorrect usage [/home/fpga/worker_place/temp/temp/2149e6250ea2416f9709528b5c2d76f6/hdl/top_level.sv:340]
WARNING: [Synth 8-7186] Applying attribute ram_style = "block" is ignored, object 'sd_sector_word_buf[1][63]' is not inferred as ram due to incorrect usage [/home/fpga/worker_place/temp/temp/2149e6250ea2416f9709528b5c2d76f6/hdl/top_level.sv:340]
WARNING: [Synth 8-7186] Applying attribute ram_style = "block" is ignored, object 'sd_sector_word_buf[1][64]' is not inferred as ram due to incorrect usage [/home/fpga/worker_place/temp/temp/2149e6250ea2416f9709528b5c2d76f6/hdl/top_level.sv:340]
WARNING: [Synth 8-7186] Applying attribute ram_style = "block" is ignored, object 'sd_sector_word_buf[1][65]' is not inferred as ram due to incorrect usage [/home/fpga/worker_place/temp/temp/2149e6250ea2416f9709528b5c2d76f6/hdl/top_level.sv:340]
WARNING: [Synth 8-7186] Applying attribute ram_style = "block" is ignored, object 'sd_sector_word_buf[1][66]' is not inferred as ram due to incorrect usage [/home/fpga/worker_place/temp/temp/2149e6250ea2416f9709528b5c2d76f6/hdl/top_level.sv:340]
WARNING: [Synth 8-7186] Applying attribute ram_style = "block" is ignored, object 'sd_sector_word_buf[1][67]' is not inferred as ram due to incorrect usage [/home/fpga/worker_place/temp/temp/2149e6250ea2416f9709528b5c2d76f6/hdl/top_level.sv:340]
WARNING: [Synth 8-7186] Applying attribute ram_style = "block" is ignored, object 'sd_sector_word_buf[1][68]' is not inferred as ram due to incorrect usage [/home/fpga/worker_place/temp/temp/2149e6250ea2416f9709528b5c2d76f6/hdl/top_level.sv:340]
WARNING: [Synth 8-7186] Applying attribute ram_style = "block" is ignored, object 'sd_sector_word_buf[1][69]' is not inferred as ram due to incorrect usage [/home/fpga/worker_place/temp/temp/2149e6250ea2416f9709528b5c2d76f6/hdl/top_level.sv:340]
WARNING: [Synth 8-7186] Applying attribute ram_style = "block" is ignored, object 'sd_sector_word_buf[1][70]' is not inferred as ram due to incorrect usage [/home/fpga/worker_place/temp/temp/2149e6250ea2416f9709528b5c2d76f6/hdl/top_level.sv:340]
WARNING: [Synth 8-7186] Applying attribute ram_style = "block" is ignored, object 'sd_sector_word_buf[1][71]' is not inferred as ram due to incorrect usage [/home/fpga/worker_place/temp/temp/2149e6250ea2416f9709528b5c2d76f6/hdl/top_level.sv:340]
WARNING: [Synth 8-7186] Applying attribute ram_style = "block" is ignored, object 'sd_sector_word_buf[1][72]' is not inferred as ram due to incorrect usage [/home/fpga/worker_place/temp/temp/2149e6250ea2416f9709528b5c2d76f6/hdl/top_level.sv:340]
WARNING: [Synth 8-7186] Applying attribute ram_style = "block" is ignored, object 'sd_sector_word_buf[1][73]' is not inferred as ram due to incorrect usage [/home/fpga/worker_place/temp/temp/2149e6250ea2416f9709528b5c2d76f6/hdl/top_level.sv:340]
WARNING: [Synth 8-7186] Applying attribute ram_style = "block" is ignored, object 'sd_sector_word_buf[1][74]' is not inferred as ram due to incorrect usage [/home/fpga/worker_place/temp/temp/2149e6250ea2416f9709528b5c2d76f6/hdl/top_level.sv:340]
WARNING: [Synth 8-7186] Applying attribute ram_style = "block" is ignored, object 'sd_sector_word_buf[1][75]' is not inferred as ram due to incorrect usage [/home/fpga/worker_place/temp/temp/2149e6250ea2416f9709528b5c2d76f6/hdl/top_level.sv:340]
WARNING: [Synth 8-7186] Applying attribute ram_style = "block" is ignored, object 'sd_sector_word_buf[1][76]' is not inferred as ram due to incorrect usage [/home/fpga/worker_place/temp/temp/2149e6250ea2416f9709528b5c2d76f6/hdl/top_level.sv:340]
WARNING: [Synth 8-7186] Applying attribute ram_style = "block" is ignored, object 'sd_sector_word_buf[1][77]' is not inferred as ram due to incorrect usage [/home/fpga/worker_place/temp/temp/2149e6250ea2416f9709528b5c2d76f6/hdl/top_level.sv:340]
WARNING: [Synth 8-7186] Applying attribute ram_style = "block" is ignored, object 'sd_sector_word_buf[1][78]' is not inferred as ram due to incorrect usage [/home/fpga/worker_place/temp/temp/2149e6250ea2416f9709528b5c2d76f6/hdl/top_level.sv:340]
WARNING: [Synth 8-7186] Applying attribute ram_style = "block" is ignored, object 'sd_sector_word_buf[1][79]' is not inferred as ram due to incorrect usage [/home/fpga/worker_place/temp/temp/2149e6250ea2416f9709528b5c2d76f6/hdl/top_level.sv:340]
WARNING: [Synth 8-7186] Applying attribute ram_style = "block" is ignored, object 'sd_sector_word_buf[1][80]' is not inferred as ram due to incorrect usage [/home/fpga/worker_place/temp/temp/2149e6250ea2416f9709528b5c2d76f6/hdl/top_level.sv:340]
WARNING: [Synth 8-7186] Applying attribute ram_style = "block" is ignored, object 'sd_sector_word_buf[1][81]' is not inferred as ram due to incorrect usage [/home/fpga/worker_place/temp/temp/2149e6250ea2416f9709528b5c2d76f6/hdl/top_level.sv:340]
WARNING: [Synth 8-7186] Applying attribute ram_style = "block" is ignored, object 'sd_sector_word_buf[1][82]' is not inferred as ram due to incorrect usage [/home/fpga/worker_place/temp/temp/2149e6250ea2416f9709528b5c2d76f6/hdl/top_level.sv:340]
WARNING: [Synth 8-7186] Applying attribute ram_style = "block" is ignored, object 'sd_sector_word_buf[1][83]' is not inferred as ram due to incorrect usage [/home/fpga/worker_place/temp/temp/2149e6250ea2416f9709528b5c2d76f6/hdl/top_level.sv:340]
WARNING: [Synth 8-7186] Applying attribute ram_style = "block" is ignored, object 'sd_sector_word_buf[1][84]' is not inferred as ram due to incorrect usage [/home/fpga/worker_place/temp/temp/2149e6250ea2416f9709528b5c2d76f6/hdl/top_level.sv:340]
WARNING: [Synth 8-7186] Applying attribute ram_style = "block" is ignored, object 'sd_sector_word_buf[1][85]' is not inferred as ram due to incorrect usage [/home/fpga/worker_place/temp/temp/2149e6250ea2416f9709528b5c2d76f6/hdl/top_level.sv:340]
WARNING: [Synth 8-7186] Applying attribute ram_style = "block" is ignored, object 'sd_sector_word_buf[1][86]' is not inferred as ram due to incorrect usage [/home/fpga/worker_place/temp/temp/2149e6250ea2416f9709528b5c2d76f6/hdl/top_level.sv:340]
WARNING: [Synth 8-7186] Applying attribute ram_style = "block" is ignored, object 'sd_sector_word_buf[1][87]' is not inferred as ram due to incorrect usage [/home/fpga/worker_place/temp/temp/2149e6250ea2416f9709528b5c2d76f6/hdl/top_level.sv:340]
WARNING: [Synth 8-7186] Applying attribute ram_style = "block" is ignored, object 'sd_sector_word_buf[1][88]' is not inferred as ram due to incorrect usage [/home/fpga/worker_place/temp/temp/2149e6250ea2416f9709528b5c2d76f6/hdl/top_level.sv:340]
WARNING: [Synth 8-7186] Applying attribute ram_style = "block" is ignored, object 'sd_sector_word_buf[1][89]' is not inferred as ram due to incorrect usage [/home/fpga/worker_place/temp/temp/2149e6250ea2416f9709528b5c2d76f6/hdl/top_level.sv:340]
WARNING: [Synth 8-7186] Applying attribute ram_style = "block" is ignored, object 'sd_sector_word_buf[1][90]' is not inferred as ram due to incorrect usage [/home/fpga/worker_place/temp/temp/2149e6250ea2416f9709528b5c2d76f6/hdl/top_level.sv:340]
WARNING: [Synth 8-7186] Applying attribute ram_style = "block" is ignored, object 'sd_sector_word_buf[1][91]' is not inferred as ram due to incorrect usage [/home/fpga/worker_place/temp/temp/2149e6250ea2416f9709528b5c2d76f6/hdl/top_level.sv:340]
WARNING: [Synth 8-7186] Applying attribute ram_style = "block" is ignored, object 'sd_sector_word_buf[1][92]' is not inferred as ram due to incorrect usage [/home/fpga/worker_place/temp/temp/2149e6250ea2416f9709528b5c2d76f6/hdl/top_level.sv:340]
WARNING: [Synth 8-7186] Applying attribute ram_style = "block" is ignored, object 'sd_sector_word_buf[1][93]' is not inferred as ram due to incorrect usage [/home/fpga/worker_place/temp/temp/2149e6250ea2416f9709528b5c2d76f6/hdl/top_level.sv:340]
WARNING: [Synth 8-7186] Applying attribute ram_style = "block" is ignored, object 'sd_sector_word_buf[1][94]' is not inferred as ram due to incorrect usage [/home/fpga/worker_place/temp/temp/2149e6250ea2416f9709528b5c2d76f6/hdl/top_level.sv:340]
WARNING: [Synth 8-7186] Applying attribute ram_style = "block" is ignored, object 'sd_sector_word_buf[1][95]' is not inferred as ram due to incorrect usage [/home/fpga/worker_place/temp/temp/2149e6250ea2416f9709528b5c2d76f6/hdl/top_level.sv:340]
WARNING: [Synth 8-7186] Applying attribute ram_style = "block" is ignored, object 'sd_sector_word_buf[1][96]' is not inferred as ram due to incorrect usage [/home/fpga/worker_place/temp/temp/2149e6250ea2416f9709528b5c2d76f6/hdl/top_level.sv:340]
WARNING: [Synth 8-7186] Applying attribute ram_style = "block" is ignored, object 'sd_sector_word_buf[1][97]' is not inferred as ram due to incorrect usage [/home/fpga/worker_place/temp/temp/2149e6250ea2416f9709528b5c2d76f6/hdl/top_level.sv:340]
WARNING: [Synth 8-7186] Applying attribute ram_style = "block" is ignored, object 'sd_sector_word_buf[1][98]' is not inferred as ram due to incorrect usage [/home/fpga/worker_place/temp/temp/2149e6250ea2416f9709528b5c2d76f6/hdl/top_level.sv:340]
WARNING: [Synth 8-7186] Applying attribute ram_style = "block" is ignored, object 'sd_sector_word_buf[1][99]' is not inferred as ram due to incorrect usage [/home/fpga/worker_place/temp/temp/2149e6250ea2416f9709528b5c2d76f6/hdl/top_level.sv:340]
WARNING: [Synth 8-7186] Applying attribute ram_style = "block" is ignored, object 'sd_sector_word_buf[1][100]' is not inferred as ram due to incorrect usage [/home/fpga/worker_place/temp/temp/2149e6250ea2416f9709528b5c2d76f6/hdl/top_level.sv:340]
WARNING: [Synth 8-7186] Applying attribute ram_style = "block" is ignored, object 'sd_sector_word_buf[1][101]' is not inferred as ram due to incorrect usage [/home/fpga/worker_place/temp/temp/2149e6250ea2416f9709528b5c2d76f6/hdl/top_level.sv:340]
WARNING: [Synth 8-7186] Applying attribute ram_style = "block" is ignored, object 'sd_sector_word_buf[1][102]' is not inferred as ram due to incorrect usage [/home/fpga/worker_place/temp/temp/2149e6250ea2416f9709528b5c2d76f6/hdl/top_level.sv:340]
WARNING: [Synth 8-7186] Applying attribute ram_style = "block" is ignored, object 'sd_sector_word_buf[1][103]' is not inferred as ram due to incorrect usage [/home/fpga/worker_place/temp/temp/2149e6250ea2416f9709528b5c2d76f6/hdl/top_level.sv:340]
WARNING: [Synth 8-7186] Applying attribute ram_style = "block" is ignored, object 'sd_sector_word_buf[1][104]' is not inferred as ram due to incorrect usage [/home/fpga/worker_place/temp/temp/2149e6250ea2416f9709528b5c2d76f6/hdl/top_level.sv:340]
WARNING: [Synth 8-7186] Applying attribute ram_style = "block" is ignored, object 'sd_sector_word_buf[1][105]' is not inferred as ram due to incorrect usage [/home/fpga/worker_place/temp/temp/2149e6250ea2416f9709528b5c2d76f6/hdl/top_level.sv:340]
WARNING: [Synth 8-7186] Applying attribute ram_style = "block" is ignored, object 'sd_sector_word_buf[1][106]' is not inferred as ram due to incorrect usage [/home/fpga/worker_place/temp/temp/2149e6250ea2416f9709528b5c2d76f6/hdl/top_level.sv:340]
WARNING: [Synth 8-7186] Applying attribute ram_style = "block" is ignored, object 'sd_sector_word_buf[1][107]' is not inferred as ram due to incorrect usage [/home/fpga/worker_place/temp/temp/2149e6250ea2416f9709528b5c2d76f6/hdl/top_level.sv:340]
WARNING: [Synth 8-7186] Applying attribute ram_style = "block" is ignored, object 'sd_sector_word_buf[1][108]' is not inferred as ram due to incorrect usage [/home/fpga/worker_place/temp/temp/2149e6250ea2416f9709528b5c2d76f6/hdl/top_level.sv:340]
WARNING: [Synth 8-7186] Applying attribute ram_style = "block" is ignored, object 'sd_sector_word_buf[1][109]' is not inferred as ram due to incorrect usage [/home/fpga/worker_place/temp/temp/2149e6250ea2416f9709528b5c2d76f6/hdl/top_level.sv:340]
WARNING: [Synth 8-7186] Applying attribute ram_style = "block" is ignored, object 'sd_sector_word_buf[1][110]' is not inferred as ram due to incorrect usage [/home/fpga/worker_place/temp/temp/2149e6250ea2416f9709528b5c2d76f6/hdl/top_level.sv:340]
WARNING: [Synth 8-7186] Applying attribute ram_style = "block" is ignored, object 'sd_sector_word_buf[1][111]' is not inferred as ram due to incorrect usage [/home/fpga/worker_place/temp/temp/2149e6250ea2416f9709528b5c2d76f6/hdl/top_level.sv:340]
WARNING: [Synth 8-7186] Applying attribute ram_style = "block" is ignored, object 'sd_sector_word_buf[1][112]' is not inferred as ram due to incorrect usage [/home/fpga/worker_place/temp/temp/2149e6250ea2416f9709528b5c2d76f6/hdl/top_level.sv:340]
WARNING: [Synth 8-7186] Applying attribute ram_style = "block" is ignored, object 'sd_sector_word_buf[1][113]' is not inferred as ram due to incorrect usage [/home/fpga/worker_place/temp/temp/2149e6250ea2416f9709528b5c2d76f6/hdl/top_level.sv:340]
WARNING: [Synth 8-7186] Applying attribute ram_style = "block" is ignored, object 'sd_sector_word_buf[1][114]' is not inferred as ram due to incorrect usage [/home/fpga/worker_place/temp/temp/2149e6250ea2416f9709528b5c2d76f6/hdl/top_level.sv:340]
WARNING: [Synth 8-7186] Applying attribute ram_style = "block" is ignored, object 'sd_sector_word_buf[1][115]' is not inferred as ram due to incorrect usage [/home/fpga/worker_place/temp/temp/2149e6250ea2416f9709528b5c2d76f6/hdl/top_level.sv:340]
WARNING: [Synth 8-7186] Applying attribute ram_style = "block" is ignored, object 'sd_sector_word_buf[1][116]' is not inferred as ram due to incorrect usage [/home/fpga/worker_place/temp/temp/2149e6250ea2416f9709528b5c2d76f6/hdl/top_level.sv:340]
WARNING: [Synth 8-7186] Applying attribute ram_style = "block" is ignored, object 'sd_sector_word_buf[1][117]' is not inferred as ram due to incorrect usage [/home/fpga/worker_place/temp/temp/2149e6250ea2416f9709528b5c2d76f6/hdl/top_level.sv:340]
WARNING: [Synth 8-7186] Applying attribute ram_style = "block" is ignored, object 'sd_sector_word_buf[1][118]' is not inferred as ram due to incorrect usage [/home/fpga/worker_place/temp/temp/2149e6250ea2416f9709528b5c2d76f6/hdl/top_level.sv:340]
WARNING: [Synth 8-7186] Applying attribute ram_style = "block" is ignored, object 'sd_sector_word_buf[1][119]' is not inferred as ram due to incorrect usage [/home/fpga/worker_place/temp/temp/2149e6250ea2416f9709528b5c2d76f6/hdl/top_level.sv:340]
WARNING: [Synth 8-7186] Applying attribute ram_style = "block" is ignored, object 'sd_sector_word_buf[1][120]' is not inferred as ram due to incorrect usage [/home/fpga/worker_place/temp/temp/2149e6250ea2416f9709528b5c2d76f6/hdl/top_level.sv:340]
WARNING: [Synth 8-7186] Applying attribute ram_style = "block" is ignored, object 'sd_sector_word_buf[1][121]' is not inferred as ram due to incorrect usage [/home/fpga/worker_place/temp/temp/2149e6250ea2416f9709528b5c2d76f6/hdl/top_level.sv:340]
WARNING: [Synth 8-7186] Applying attribute ram_style = "block" is ignored, object 'sd_sector_word_buf[1][122]' is not inferred as ram due to incorrect usage [/home/fpga/worker_place/temp/temp/2149e6250ea2416f9709528b5c2d76f6/hdl/top_level.sv:340]
WARNING: [Synth 8-7186] Applying attribute ram_style = "block" is ignored, object 'sd_sector_word_buf[1][123]' is not inferred as ram due to incorrect usage [/home/fpga/worker_place/temp/temp/2149e6250ea2416f9709528b5c2d76f6/hdl/top_level.sv:340]
WARNING: [Synth 8-7186] Applying attribute ram_style = "block" is ignored, object 'sd_sector_word_buf[1][124]' is not inferred as ram due to incorrect usage [/home/fpga/worker_place/temp/temp/2149e6250ea2416f9709528b5c2d76f6/hdl/top_level.sv:340]
WARNING: [Synth 8-7186] Applying attribute ram_style = "block" is ignored, object 'sd_sector_word_buf[1][125]' is not inferred as ram due to incorrect usage [/home/fpga/worker_place/temp/temp/2149e6250ea2416f9709528b5c2d76f6/hdl/top_level.sv:340]
WARNING: [Synth 8-7186] Applying attribute ram_style = "block" is ignored, object 'sd_sector_word_buf[1][126]' is not inferred as ram due to incorrect usage [/home/fpga/worker_place/temp/temp/2149e6250ea2416f9709528b5c2d76f6/hdl/top_level.sv:340]
WARNING: [Synth 8-7186] Applying attribute ram_style = "block" is ignored, object 'sd_sector_word_buf[1][127]' is not inferred as ram due to incorrect usage [/home/fpga/worker_place/temp/temp/2149e6250ea2416f9709528b5c2d76f6/hdl/top_level.sv:340]
INFO: [Synth 8-6157] synthesizing module 'uart_rx' [/home/fpga/worker_place/temp/temp/2149e6250ea2416f9709528b5c2d76f6/hdl/top_level.sv:3050]
	Parameter CLKS_PER_BIT bound to: 217 - type: integer 
INFO: [Synth 8-6155] done synthesizing module 'uart_rx' (0#1) [/home/fpga/worker_place/temp/temp/2149e6250ea2416f9709528b5c2d76f6/hdl/top_level.sv:3050]
INFO: [Synth 8-6157] synthesizing module 'uart_tx' [/home/fpga/worker_place/temp/temp/2149e6250ea2416f9709528b5c2d76f6/hdl/top_level.sv:3142]
	Parameter CLKS_PER_BIT bound to: 217 - type: integer 
INFO: [Synth 8-6155] done synthesizing module 'uart_tx' (0#1) [/home/fpga/worker_place/temp/temp/2149e6250ea2416f9709528b5c2d76f6/hdl/top_level.sv:3142]
INFO: [Synth 8-6157] synthesizing module 'lab06_clk_wiz' [/home/fpga/worker_place/temp/temp/2149e6250ea2416f9709528b5c2d76f6/hdl/lab06_clk_wiz.v:70]
INFO: [Synth 8-6157] synthesizing module 'IBUF' [/tools/Xilinx/2025.1/Vivado/scripts/rt/data/unisim_comp.v:76868]
INFO: [Synth 8-6155] done synthesizing module 'IBUF' (0#1) [/tools/Xilinx/2025.1/Vivado/scripts/rt/data/unisim_comp.v:76868]
INFO: [Synth 8-6157] synthesizing module 'MMCME2_ADV' [/tools/Xilinx/2025.1/Vivado/scripts/rt/data/unisim_comp.v:89421]
	Parameter BANDWIDTH bound to: OPTIMIZED - type: string 
	Parameter CLKFBOUT_MULT_F bound to: 10.000000 - type: double 
	Parameter CLKFBOUT_PHASE bound to: 0.000000 - type: double 
	Parameter CLKFBOUT_USE_FINE_PS bound to: FALSE - type: string 
	Parameter CLKIN1_PERIOD bound to: 10.000000 - type: double 
	Parameter CLKOUT0_DIVIDE_F bound to: 12.000000 - type: double 
	Parameter CLKOUT0_DUTY_CYCLE bound to: 0.500000 - type: double 
	Parameter CLKOUT0_PHASE bound to: 0.000000 - type: double 
	Parameter CLKOUT0_USE_FINE_PS bound to: FALSE - type: string 
	Parameter CLKOUT1_DIVIDE bound to: 3 - type: integer 
	Parameter CLKOUT1_DUTY_CYCLE bound to: 0.500000 - type: double 
	Parameter CLKOUT1_PHASE bound to: 0.000000 - type: double 
	Parameter CLKOUT1_USE_FINE_PS bound to: FALSE - type: string 
	Parameter CLKOUT2_DIVIDE bound to: 3 - type: integer 
	Parameter CLKOUT2_DUTY_CYCLE bound to: 0.500000 - type: double 
	Parameter CLKOUT2_PHASE bound to: 90.000000 - type: double 
	Parameter CLKOUT2_USE_FINE_PS bound to: FALSE - type: string 
	Parameter CLKOUT3_DIVIDE bound to: 5 - type: integer 
	Parameter CLKOUT3_DUTY_CYCLE bound to: 0.500000 - type: double 
	Parameter CLKOUT3_PHASE bound to: 0.000000 - type: double 
	Parameter CLKOUT3_USE_FINE_PS bound to: FALSE - type: string 
	Parameter CLKOUT4_CASCADE bound to: FALSE - type: string 
	Parameter CLKOUT4_DIVIDE bound to: 40 - type: integer 
	Parameter CLKOUT4_DUTY_CYCLE bound to: 0.500000 - type: double 
	Parameter CLKOUT4_PHASE bound to: 0.000000 - type: double 
	Parameter CLKOUT4_USE_FINE_PS bound to: FALSE - type: string 
	Parameter CLKOUT5_DIVIDE bound to: 10 - type: integer 
	Parameter CLKOUT5_DUTY_CYCLE bound to: 0.500000 - type: double 
	Parameter CLKOUT5_PHASE bound to: 0.000000 - type: double 
	Parameter CLKOUT5_USE_FINE_PS bound to: FALSE - type: string 
	Parameter COMPENSATION bound to: ZHOLD - type: string 
	Parameter DIVCLK_DIVIDE bound to: 1 - type: integer 
	Parameter STARTUP_WAIT bound to: FALSE - type: string 
INFO: [Synth 8-6155] done synthesizing module 'MMCME2_ADV' (0#1) [/tools/Xilinx/2025.1/Vivado/scripts/rt/data/unisim_comp.v:89421]
INFO: [Synth 8-6157] synthesizing module 'BUFG' [/tools/Xilinx/2025.1/Vivado/scripts/rt/data/unisim_comp.v:2678]
INFO: [Synth 8-6155] done synthesizing module 'BUFG' (0#1) [/tools/Xilinx/2025.1/Vivado/scripts/rt/data/unisim_comp.v:2678]
INFO: [Synth 8-6155] done synthesizing module 'lab06_clk_wiz' (0#1) [/home/fpga/worker_place/temp/temp/2149e6250ea2416f9709528b5c2d76f6/hdl/lab06_clk_wiz.v:70]
INFO: [Synth 8-6157] synthesizing module 'ddr3_top' [/home/fpga/worker_place/temp/temp/2149e6250ea2416f9709528b5c2d76f6/hdl/ddr3_top.sv:33]
	Parameter CONTROLLER_CLK_PERIOD bound to: 12000 - type: integer 
	Parameter DDR3_CLK_PERIOD bound to: 3000 - type: integer 
	Parameter ROW_BITS bound to: 14 - type: integer 
	Parameter COL_BITS bound to: 10 - type: integer 
	Parameter BA_BITS bound to: 3 - type: integer 
	Parameter BYTE_LANES bound to: 2 - type: integer 
	Parameter AUX_WIDTH bound to: 16 - type: integer 
	Parameter WB2_ADDR_BITS bound to: 32 - type: integer 
	Parameter WB2_DATA_BITS bound to: 32 - type: integer 
	Parameter MICRON_SIM bound to: 1'b0 
	Parameter ODELAY_SUPPORTED bound to: 1'b0 
	Parameter SECOND_WISHBONE bound to: 1'b0 
	Parameter WB_ERROR bound to: 1'b0 
	Parameter ECC_ENABLE bound to: 2'b00 
INFO: [Synth 8-6157] synthesizing module 'ddr3_controller' [/home/fpga/worker_place/temp/temp/2149e6250ea2416f9709528b5c2d76f6/hdl/ddr3_controller.sv:63]
	Parameter CONTROLLER_CLK_PERIOD bound to: 12000 - type: integer 
	Parameter DDR3_CLK_PERIOD bound to: 3000 - type: integer 
	Parameter ROW_BITS bound to: 14 - type: integer 
	Parameter COL_BITS bound to: 10 - type: integer 
	Parameter BA_BITS bound to: 3 - type: integer 
	Parameter DQ_BITS bound to: 8 - type: integer 
	Parameter LANES bound to: 2 - type: integer 
	Parameter AUX_WIDTH bound to: 16 - type: integer 
	Parameter WB2_ADDR_BITS bound to: 32 - type: integer 
	Parameter WB2_DATA_BITS bound to: 32 - type: integer 
	Parameter DUAL_RANK_DIMM bound to: 0 - type: integer 
	Parameter SPEED_BIN bound to: 3 - type: integer 
	Parameter SDRAM_CAPACITY bound to: 5 - type: integer 
	Parameter TRCD bound to: 13750 - type: integer 
	Parameter TRP bound to: 13750 - type: integer 
	Parameter TRAS bound to: 35000 - type: integer 
	Parameter MICRON_SIM bound to: 1'b0 
	Parameter ODELAY_SUPPORTED bound to: 1'b0 
	Parameter SECOND_WISHBONE bound to: 1'b0 
	Parameter DLL_OFF bound to: 1'b0 
	Parameter WB_ERROR bound to: 1'b0 
	Parameter BIST_MODE bound to: 2'b01 
	Parameter ECC_ENABLE bound to: 2'b00 
	Parameter DIC bound to: 2'b00 
	Parameter RTT_NOM bound to: 3'b011 
INFO: [Synth 8-251] 
CONTROLLER PARAMETERS:
----------------------------- [/home/fpga/worker_place/temp/temp/2149e6250ea2416f9709528b5c2d76f6/hdl/ddr3_controller.sv:4072]
INFO: [Synth 8-251] CONTROLLER_CLK_PERIOD = 12000 [/home/fpga/worker_place/temp/temp/2149e6250ea2416f9709528b5c2d76f6/hdl/ddr3_controller.sv:4074]
INFO: [Synth 8-251] DDR3_CLK_PERIOD = 3000 [/home/fpga/worker_place/temp/temp/2149e6250ea2416f9709528b5c2d76f6/hdl/ddr3_controller.sv:4075]
INFO: [Synth 8-251] ROW_BITS = 14 [/home/fpga/worker_place/temp/temp/2149e6250ea2416f9709528b5c2d76f6/hdl/ddr3_controller.sv:4076]
INFO: [Synth 8-251] COL_BITS = 10 [/home/fpga/worker_place/temp/temp/2149e6250ea2416f9709528b5c2d76f6/hdl/ddr3_controller.sv:4077]
INFO: [Synth 8-251] BA_BITS = 3 [/home/fpga/worker_place/temp/temp/2149e6250ea2416f9709528b5c2d76f6/hdl/ddr3_controller.sv:4078]
INFO: [Synth 8-251] BYTE_LANES = 2 [/home/fpga/worker_place/temp/temp/2149e6250ea2416f9709528b5c2d76f6/hdl/ddr3_controller.sv:4079]
INFO: [Synth 8-251] AUX_WIDTH = 16 [/home/fpga/worker_place/temp/temp/2149e6250ea2416f9709528b5c2d76f6/hdl/ddr3_controller.sv:4080]
INFO: [Synth 8-251] MICRON_SIM = 0 [/home/fpga/worker_place/temp/temp/2149e6250ea2416f9709528b5c2d76f6/hdl/ddr3_controller.sv:4081]
INFO: [Synth 8-251] ODELAY_SUPPORTED = 0 [/home/fpga/worker_place/temp/temp/2149e6250ea2416f9709528b5c2d76f6/hdl/ddr3_controller.sv:4082]
INFO: [Synth 8-251] SECOND_WISHBONE = 0 [/home/fpga/worker_place/temp/temp/2149e6250ea2416f9709528b5c2d76f6/hdl/ddr3_controller.sv:4083]
INFO: [Synth 8-251] WB2_ADDR_BITS = 32 [/home/fpga/worker_place/temp/temp/2149e6250ea2416f9709528b5c2d76f6/hdl/ddr3_controller.sv:4084]
INFO: [Synth 8-251] WB2_DATA_BITS = 32 [/home/fpga/worker_place/temp/temp/2149e6250ea2416f9709528b5c2d76f6/hdl/ddr3_controller.sv:4085]
INFO: [Synth 8-251] ECC_ENABLE = 0 [/home/fpga/worker_place/temp/temp/2149e6250ea2416f9709528b5c2d76f6/hdl/ddr3_controller.sv:4086]
INFO: [Synth 8-251] ECC_INFORMATION_BITS = 11 [/home/fpga/worker_place/temp/temp/2149e6250ea2416f9709528b5c2d76f6/hdl/ddr3_controller.sv:4087]
INFO: [Synth 8-251] WB_ERROR = 0 [/home/fpga/worker_place/temp/temp/2149e6250ea2416f9709528b5c2d76f6/hdl/ddr3_controller.sv:4088]
INFO: [Synth 8-251] 
CONTROLLER LOCALPARAMS:
----------------------------- [/home/fpga/worker_place/temp/temp/2149e6250ea2416f9709528b5c2d76f6/hdl/ddr3_controller.sv:4090]
INFO: [Synth 8-251] wb_addr_bits = 24 [/home/fpga/worker_place/temp/temp/2149e6250ea2416f9709528b5c2d76f6/hdl/ddr3_controller.sv:4091]
INFO: [Synth 8-251] wb_data_bits = 128 [/home/fpga/worker_place/temp/temp/2149e6250ea2416f9709528b5c2d76f6/hdl/ddr3_controller.sv:4092]
INFO: [Synth 8-251] wb_sel_bits  = 16 [/home/fpga/worker_place/temp/temp/2149e6250ea2416f9709528b5c2d76f6/hdl/ddr3_controller.sv:4093]
INFO: [Synth 8-251] wb2_sel_bits = 4 [/home/fpga/worker_place/temp/temp/2149e6250ea2416f9709528b5c2d76f6/hdl/ddr3_controller.sv:4094]
INFO: [Synth 8-251] DQ_BITS = 8 [/home/fpga/worker_place/temp/temp/2149e6250ea2416f9709528b5c2d76f6/hdl/ddr3_controller.sv:4095]
INFO: [Synth 8-251] row_bank_col = 1 [/home/fpga/worker_place/temp/temp/2149e6250ea2416f9709528b5c2d76f6/hdl/ddr3_controller.sv:4096]
INFO: [Synth 8-251] 
COMMAND SLOTS:
----------------------------- [/home/fpga/worker_place/temp/temp/2149e6250ea2416f9709528b5c2d76f6/hdl/ddr3_controller.sv:4098]
INFO: [Synth 8-251] READ_SLOT = 3 [/home/fpga/worker_place/temp/temp/2149e6250ea2416f9709528b5c2d76f6/hdl/ddr3_controller.sv:4099]
INFO: [Synth 8-251] WRITE_SLOT = 3 [/home/fpga/worker_place/temp/temp/2149e6250ea2416f9709528b5c2d76f6/hdl/ddr3_controller.sv:4100]
INFO: [Synth 8-251] ACTIVATE_SLOT = 2 [/home/fpga/worker_place/temp/temp/2149e6250ea2416f9709528b5c2d76f6/hdl/ddr3_controller.sv:4101]
INFO: [Synth 8-251] PRECHARGE_SLOT = 0 [/home/fpga/worker_place/temp/temp/2149e6250ea2416f9709528b5c2d76f6/hdl/ddr3_controller.sv:4102]
INFO: [Synth 8-251] REMAINING_SLOT = 1 [/home/fpga/worker_place/temp/temp/2149e6250ea2416f9709528b5c2d76f6/hdl/ddr3_controller.sv:4103]
INFO: [Synth 8-251] 
DELAYS:
----------------------------- [/home/fpga/worker_place/temp/temp/2149e6250ea2416f9709528b5c2d76f6/hdl/ddr3_controller.sv:4105]
INFO: [Synth 8-251] CL = 5 [/home/fpga/worker_place/temp/temp/2149e6250ea2416f9709528b5c2d76f6/hdl/ddr3_controller.sv:4106]
INFO: [Synth 8-251] CWL = 5 [/home/fpga/worker_place/temp/temp/2149e6250ea2416f9709528b5c2d76f6/hdl/ddr3_controller.sv:4107]
INFO: [Synth 8-251] PRECHARGE_TO_ACTIVATE_DELAY = 0 [/home/fpga/worker_place/temp/temp/2149e6250ea2416f9709528b5c2d76f6/hdl/ddr3_controller.sv:4108]
INFO: [Synth 8-251] ACTIVATE_TO_WRITE_DELAY = 0 [/home/fpga/worker_place/temp/temp/2149e6250ea2416f9709528b5c2d76f6/hdl/ddr3_controller.sv:4109]
INFO: [Synth 8-251] ACTIVATE_TO_READ_DELAY =  0 [/home/fpga/worker_place/temp/temp/2149e6250ea2416f9709528b5c2d76f6/hdl/ddr3_controller.sv:4110]
INFO: [Synth 8-251] ACTIVATE_TO_PRECHARGE_DELAY =  3 [/home/fpga/worker_place/temp/temp/2149e6250ea2416f9709528b5c2d76f6/hdl/ddr3_controller.sv:4111]
INFO: [Synth 8-251] ACTIVATE_TO_ACTIVATE_DELAY =  0 [/home/fpga/worker_place/temp/temp/2149e6250ea2416f9709528b5c2d76f6/hdl/ddr3_controller.sv:4112]
INFO: [Synth 8-251] READ_TO_WRITE_DELAY = 1 [/home/fpga/worker_place/temp/temp/2149e6250ea2416f9709528b5c2d76f6/hdl/ddr3_controller.sv:4113]
INFO: [Synth 8-251] READ_TO_READ_DELAY = 0 [/home/fpga/worker_place/temp/temp/2149e6250ea2416f9709528b5c2d76f6/hdl/ddr3_controller.sv:4114]
INFO: [Synth 8-251] READ_TO_PRECHARGE_DELAY = 1 [/home/fpga/worker_place/temp/temp/2149e6250ea2416f9709528b5c2d76f6/hdl/ddr3_controller.sv:4115]
INFO: [Synth 8-251] WRITE_TO_WRITE_DELAY = 0 [/home/fpga/worker_place/temp/temp/2149e6250ea2416f9709528b5c2d76f6/hdl/ddr3_controller.sv:4116]
INFO: [Synth 8-251] WRITE_TO_READ_DELAY = 3 [/home/fpga/worker_place/temp/temp/2149e6250ea2416f9709528b5c2d76f6/hdl/ddr3_controller.sv:4117]
INFO: [Synth 8-251] WRITE_TO_PRECHARGE_DELAY = 4 [/home/fpga/worker_place/temp/temp/2149e6250ea2416f9709528b5c2d76f6/hdl/ddr3_controller.sv:4118]
INFO: [Synth 8-251] STAGE2_DATA_DEPTH = 2 [/home/fpga/worker_place/temp/temp/2149e6250ea2416f9709528b5c2d76f6/hdl/ddr3_controller.sv:4119]
INFO: [Synth 8-251] READ_ACK_PIPE_WIDTH = 6
 [/home/fpga/worker_place/temp/temp/2149e6250ea2416f9709528b5c2d76f6/hdl/ddr3_controller.sv:4120]
INFO: [Synth 8-251] 
DDR3 TOP PARAMETERS:
----------------------------- [/home/fpga/worker_place/temp/temp/2149e6250ea2416f9709528b5c2d76f6/hdl/ddr3_controller.sv:4122]
INFO: [Synth 8-251] CONTROLLER_CLK_PERIOD = 12000 [/home/fpga/worker_place/temp/temp/2149e6250ea2416f9709528b5c2d76f6/hdl/ddr3_controller.sv:4123]
INFO: [Synth 8-251] DDR3_CLK_PERIOD = 3000 [/home/fpga/worker_place/temp/temp/2149e6250ea2416f9709528b5c2d76f6/hdl/ddr3_controller.sv:4124]
INFO: [Synth 8-251] ROW_BITS = 14 [/home/fpga/worker_place/temp/temp/2149e6250ea2416f9709528b5c2d76f6/hdl/ddr3_controller.sv:4125]
INFO: [Synth 8-251] COL_BITS = 10 [/home/fpga/worker_place/temp/temp/2149e6250ea2416f9709528b5c2d76f6/hdl/ddr3_controller.sv:4126]
INFO: [Synth 8-251] BA_BITS = 3 [/home/fpga/worker_place/temp/temp/2149e6250ea2416f9709528b5c2d76f6/hdl/ddr3_controller.sv:4127]
INFO: [Synth 8-251] BYTE_LANES = 2 [/home/fpga/worker_place/temp/temp/2149e6250ea2416f9709528b5c2d76f6/hdl/ddr3_controller.sv:4128]
INFO: [Synth 8-251] AUX_WIDTH = 16 [/home/fpga/worker_place/temp/temp/2149e6250ea2416f9709528b5c2d76f6/hdl/ddr3_controller.sv:4129]
INFO: [Synth 8-251] WB2_ADDR_BITS = 32 [/home/fpga/worker_place/temp/temp/2149e6250ea2416f9709528b5c2d76f6/hdl/ddr3_controller.sv:4130]
INFO: [Synth 8-251] WB2_DATA_BITS = 32 [/home/fpga/worker_place/temp/temp/2149e6250ea2416f9709528b5c2d76f6/hdl/ddr3_controller.sv:4131]
INFO: [Synth 8-251] MICRON_SIM = 0 [/home/fpga/worker_place/temp/temp/2149e6250ea2416f9709528b5c2d76f6/hdl/ddr3_controller.sv:4132]
INFO: [Synth 8-251] ODELAY_SUPPORTED = 0 [/home/fpga/worker_place/temp/temp/2149e6250ea2416f9709528b5c2d76f6/hdl/ddr3_controller.sv:4133]
INFO: [Synth 8-251] SECOND_WISHBONE = 0 [/home/fpga/worker_place/temp/temp/2149e6250ea2416f9709528b5c2d76f6/hdl/ddr3_controller.sv:4134]
INFO: [Synth 8-251] WB_ERROR = 0 [/home/fpga/worker_place/temp/temp/2149e6250ea2416f9709528b5c2d76f6/hdl/ddr3_controller.sv:4135]
INFO: [Synth 8-251] BIST_MODE = 1 [/home/fpga/worker_place/temp/temp/2149e6250ea2416f9709528b5c2d76f6/hdl/ddr3_controller.sv:4136]
INFO: [Synth 8-251] ECC_ENABLE = 0 [/home/fpga/worker_place/temp/temp/2149e6250ea2416f9709528b5c2d76f6/hdl/ddr3_controller.sv:4137]
INFO: [Synth 8-251] DIC = 0 [/home/fpga/worker_place/temp/temp/2149e6250ea2416f9709528b5c2d76f6/hdl/ddr3_controller.sv:4138]
INFO: [Synth 8-251] RTT_NOM = 3 [/home/fpga/worker_place/temp/temp/2149e6250ea2416f9709528b5c2d76f6/hdl/ddr3_controller.sv:4139]
INFO: [Synth 8-251] DUAL_RANK_DIMM = 0 [/home/fpga/worker_place/temp/temp/2149e6250ea2416f9709528b5c2d76f6/hdl/ddr3_controller.sv:4140]
INFO: [Synth 8-251] End of DDR3 TOP PARAMETERS
----------------------------- [/home/fpga/worker_place/temp/temp/2149e6250ea2416f9709528b5c2d76f6/hdl/ddr3_controller.sv:4141]
INFO: [Synth 8-155] case statement is not full and has no default [/home/fpga/worker_place/temp/temp/2149e6250ea2416f9709528b5c2d76f6/hdl/ddr3_controller.sv:2345]
INFO: [Synth 8-6155] done synthesizing module 'ddr3_controller' (0#1) [/home/fpga/worker_place/temp/temp/2149e6250ea2416f9709528b5c2d76f6/hdl/ddr3_controller.sv:63]
INFO: [Synth 8-6157] synthesizing module 'ddr3_phy' [/home/fpga/worker_place/temp/temp/2149e6250ea2416f9709528b5c2d76f6/hdl/ddr3_phy.sv:35]
	Parameter CONTROLLER_CLK_PERIOD bound to: 12000 - type: integer 
	Parameter DDR3_CLK_PERIOD bound to: 3000 - type: integer 
	Parameter ROW_BITS bound to: 14 - type: integer 
	Parameter BA_BITS bound to: 3 - type: integer 
	Parameter DQ_BITS bound to: 8 - type: integer 
	Parameter LANES bound to: 2 - type: integer 
	Parameter DUAL_RANK_DIMM bound to: 0 - type: integer 
	Parameter ODELAY_SUPPORTED bound to: 1'b0 
INFO: [Synth 8-6157] synthesizing module 'OSERDESE2' [/tools/Xilinx/2025.1/Vivado/scripts/rt/data/unisim_comp.v:108512]
	Parameter DATA_RATE_OQ bound to: SDR - type: string 
	Parameter DATA_RATE_TQ bound to: SDR - type: string 
	Parameter DATA_WIDTH bound to: 4 - type: integer 
	Parameter INIT_OQ bound to: 1'b0 
	Parameter TRISTATE_WIDTH bound to: 1 - type: integer 
INFO: [Synth 8-6155] done synthesizing module 'OSERDESE2' (0#1) [/tools/Xilinx/2025.1/Vivado/scripts/rt/data/unisim_comp.v:108512]
INFO: [Synth 8-6157] synthesizing module 'OBUFDS' [/tools/Xilinx/2025.1/Vivado/scripts/rt/data/unisim_comp.v:104275]
INFO: [Synth 8-6155] done synthesizing module 'OBUFDS' (0#1) [/tools/Xilinx/2025.1/Vivado/scripts/rt/data/unisim_comp.v:104275]
INFO: [Synth 8-6157] synthesizing module 'OSERDESE2__parameterized0' [/tools/Xilinx/2025.1/Vivado/scripts/rt/data/unisim_comp.v:108512]
	Parameter DATA_RATE_OQ bound to: DDR - type: string 
	Parameter DATA_RATE_TQ bound to: BUF - type: string 
	Parameter DATA_WIDTH bound to: 8 - type: integer 
	Parameter INIT_OQ bound to: 1'b0 
	Parameter TRISTATE_WIDTH bound to: 1 - type: integer 
INFO: [Synth 8-6155] done synthesizing module 'OSERDESE2__parameterized0' (0#1) [/tools/Xilinx/2025.1/Vivado/scripts/rt/data/unisim_comp.v:108512]
INFO: [Synth 8-6157] synthesizing module 'IOBUF' [/tools/Xilinx/2025.1/Vivado/scripts/rt/data/unisim_comp.v:81434]
	Parameter IBUF_LOW_PWR bound to: FALSE - type: string 
	Parameter SLEW bound to: FAST - type: string 
INFO: [Synth 8-6155] done synthesizing module 'IOBUF' (0#1) [/tools/Xilinx/2025.1/Vivado/scripts/rt/data/unisim_comp.v:81434]
INFO: [Synth 8-6157] synthesizing module 'IDELAYE2' [/tools/Xilinx/2025.1/Vivado/scripts/rt/data/unisim_comp.v:78977]
	Parameter DELAY_SRC bound to: IDATAIN - type: string 
	Parameter HIGH_PERFORMANCE_MODE bound to: TRUE - type: string 
	Parameter IDELAY_TYPE bound to: VAR_LOAD - type: string 
	Parameter IDELAY_VALUE bound to: 0 - type: integer 
	Parameter PIPE_SEL bound to: FALSE - type: string 
	Parameter REFCLK_FREQUENCY bound to: 200.000000 - type: double 
	Parameter SIGNAL_PATTERN bound to: DATA - type: string 
INFO: [Synth 8-6155] done synthesizing module 'IDELAYE2' (0#1) [/tools/Xilinx/2025.1/Vivado/scripts/rt/data/unisim_comp.v:78977]
INFO: [Synth 8-6157] synthesizing module 'ISERDESE2' [/tools/Xilinx/2025.1/Vivado/scripts/rt/data/unisim_comp.v:83998]
	Parameter DATA_RATE bound to: DDR - type: string 
	Parameter DATA_WIDTH bound to: 8 - type: integer 
	Parameter INIT_Q1 bound to: 1'b0 
	Parameter INIT_Q2 bound to: 1'b0 
	Parameter INIT_Q3 bound to: 1'b0 
	Parameter INIT_Q4 bound to: 1'b0 
	Parameter INTERFACE_TYPE bound to: NETWORKING - type: string 
	Parameter IOBDELAY bound to: IFD - type: string 
	Parameter NUM_CE bound to: 1 - type: integer 
	Parameter OFB_USED bound to: FALSE - type: string 
	Parameter SRVAL_Q1 bound to: 1'b0 
	Parameter SRVAL_Q2 bound to: 1'b0 
	Parameter SRVAL_Q3 bound to: 1'b0 
	Parameter SRVAL_Q4 bound to: 1'b0 
INFO: [Synth 8-6155] done synthesizing module 'ISERDESE2' (0#1) [/tools/Xilinx/2025.1/Vivado/scripts/rt/data/unisim_comp.v:83998]
INFO: [Synth 8-6157] synthesizing module 'OBUF' [/tools/Xilinx/2025.1/Vivado/scripts/rt/data/unisim_comp.v:104261]
	Parameter SLEW bound to: FAST - type: string 
INFO: [Synth 8-6155] done synthesizing module 'OBUF' (0#1) [/tools/Xilinx/2025.1/Vivado/scripts/rt/data/unisim_comp.v:104261]
INFO: [Synth 8-6157] synthesizing module 'OSERDESE2__parameterized1' [/tools/Xilinx/2025.1/Vivado/scripts/rt/data/unisim_comp.v:108512]
	Parameter DATA_RATE_OQ bound to: DDR - type: string 
	Parameter DATA_RATE_TQ bound to: BUF - type: string 
	Parameter DATA_WIDTH bound to: 8 - type: integer 
	Parameter INIT_OQ bound to: 1'b1 
	Parameter TRISTATE_WIDTH bound to: 1 - type: integer 
INFO: [Synth 8-6155] done synthesizing module 'OSERDESE2__parameterized1' (0#1) [/tools/Xilinx/2025.1/Vivado/scripts/rt/data/unisim_comp.v:108512]
INFO: [Synth 8-6157] synthesizing module 'IOBUFDS' [/tools/Xilinx/2025.1/Vivado/scripts/rt/data/unisim_comp.v:81451]
	Parameter IBUF_LOW_PWR bound to: FALSE - type: string 
INFO: [Synth 8-6155] done synthesizing module 'IOBUFDS' (0#1) [/tools/Xilinx/2025.1/Vivado/scripts/rt/data/unisim_comp.v:81451]
INFO: [Synth 8-6157] synthesizing module 'IDELAYE2__parameterized0' [/tools/Xilinx/2025.1/Vivado/scripts/rt/data/unisim_comp.v:78977]
	Parameter DELAY_SRC bound to: IDATAIN - type: string 
	Parameter HIGH_PERFORMANCE_MODE bound to: TRUE - type: string 
	Parameter IDELAY_TYPE bound to: VAR_LOAD - type: string 
	Parameter IDELAY_VALUE bound to: 10 - type: integer 
	Parameter PIPE_SEL bound to: FALSE - type: string 
	Parameter REFCLK_FREQUENCY bound to: 200.000000 - type: double 
	Parameter SIGNAL_PATTERN bound to: CLOCK - type: string 
INFO: [Synth 8-6155] done synthesizing module 'IDELAYE2__parameterized0' (0#1) [/tools/Xilinx/2025.1/Vivado/scripts/rt/data/unisim_comp.v:78977]
INFO: [Synth 8-6157] synthesizing module 'IDELAYCTRL' [/tools/Xilinx/2025.1/Vivado/scripts/rt/data/unisim_comp.v:78964]
INFO: [Synth 8-6155] done synthesizing module 'IDELAYCTRL' (0#1) [/tools/Xilinx/2025.1/Vivado/scripts/rt/data/unisim_comp.v:78964]
INFO: [Synth 8-6155] done synthesizing module 'ddr3_phy' (0#1) [/home/fpga/worker_place/temp/temp/2149e6250ea2416f9709528b5c2d76f6/hdl/ddr3_phy.sv:35]
INFO: [Synth 8-6155] done synthesizing module 'ddr3_top' (0#1) [/home/fpga/worker_place/temp/temp/2149e6250ea2416f9709528b5c2d76f6/hdl/ddr3_top.sv:33]
INFO: [Synth 8-6157] synthesizing module 'sd_controller' [/home/fpga/worker_place/temp/temp/2149e6250ea2416f9709528b5c2d76f6/hdl/sd_controller.sv:6]
INFO: [Synth 8-155] case statement is not full and has no default [/home/fpga/worker_place/temp/temp/2149e6250ea2416f9709528b5c2d76f6/hdl/sd_controller.sv:90]
INFO: [Synth 8-6155] done synthesizing module 'sd_controller' (0#1) [/home/fpga/worker_place/temp/temp/2149e6250ea2416f9709528b5c2d76f6/hdl/sd_controller.sv:6]
WARNING: [Synth 8-4446] all outputs are unconnected for this instance and logic may be removed [/home/fpga/worker_place/temp/temp/2149e6250ea2416f9709528b5c2d76f6/hdl/top_level.sv:679]
INFO: [Synth 8-6157] synthesizing module 'rgb_controller' [/home/fpga/worker_place/temp/temp/2149e6250ea2416f9709528b5c2d76f6/hdl/rgb_controller.sv:2]
INFO: [Synth 8-6157] synthesizing module 'pwm' [/home/fpga/worker_place/temp/temp/2149e6250ea2416f9709528b5c2d76f6/hdl/pwm.sv:1]
INFO: [Synth 8-6157] synthesizing module 'counter' [/home/fpga/worker_place/temp/temp/2149e6250ea2416f9709528b5c2d76f6/hdl/counter.sv:1]
INFO: [Synth 8-6155] done synthesizing module 'counter' (0#1) [/home/fpga/worker_place/temp/temp/2149e6250ea2416f9709528b5c2d76f6/hdl/counter.sv:1]
INFO: [Synth 8-6155] done synthesizing module 'pwm' (0#1) [/home/fpga/worker_place/temp/temp/2149e6250ea2416f9709528b5c2d76f6/hdl/pwm.sv:1]
INFO: [Synth 8-6155] done synthesizing module 'rgb_controller' (0#1) [/home/fpga/worker_place/temp/temp/2149e6250ea2416f9709528b5c2d76f6/hdl/rgb_controller.sv:2]
INFO: [Synth 8-6157] synthesizing module 'divider2b' [/home/fpga/worker_place/temp/temp/2149e6250ea2416f9709528b5c2d76f6/hdl/divider.sv:1]
	Parameter WIDTH bound to: 32 - type: integer 
INFO: [Synth 8-6155] done synthesizing module 'divider2b' (0#1) [/home/fpga/worker_place/temp/temp/2149e6250ea2416f9709528b5c2d76f6/hdl/divider.sv:1]
INFO: [Synth 8-6155] done synthesizing module 'top_level' (0#1) [/home/fpga/worker_place/temp/temp/2149e6250ea2416f9709528b5c2d76f6/hdl/top_level.sv:3]
INFO: [Synth 8-6071] Mark debug on the nets applies keep_hierarchy on instance 'ddr3_controller_inst'. This will prevent further optimization [/home/fpga/worker_place/temp/temp/2149e6250ea2416f9709528b5c2d76f6/hdl/ddr3_top.sv:274]
WARNING: [Synth 8-6014] Unused sequential element sync_rst_wb2_reg was removed.  [/home/fpga/worker_place/temp/temp/2149e6250ea2416f9709528b5c2d76f6/hdl/ddr3_controller.sv:835]
WARNING: [Synth 8-6014] Unused sequential element prev_cmd_ck_en_reg was removed.  [/home/fpga/worker_place/temp/temp/2149e6250ea2416f9709528b5c2d76f6/hdl/ddr3_controller.sv:1963]
WARNING: [Synth 8-6014] Unused sequential element initial_calibration_done_reg was removed.  [/home/fpga/worker_place/temp/temp/2149e6250ea2416f9709528b5c2d76f6/hdl/ddr3_controller.sv:2267]
WARNING: [Synth 8-6014] Unused sequential element wrong_data_reg was removed.  [/home/fpga/worker_place/temp/temp/2149e6250ea2416f9709528b5c2d76f6/hdl/ddr3_controller.sv:3465]
WARNING: [Synth 8-6014] Unused sequential element expected_data_reg was removed.  [/home/fpga/worker_place/temp/temp/2149e6250ea2416f9709528b5c2d76f6/hdl/ddr3_controller.sv:3466]
WARNING: [Synth 8-6014] Unused sequential element reset_after_rank_1_reg was removed.  [/home/fpga/worker_place/temp/temp/2149e6250ea2416f9709528b5c2d76f6/hdl/ddr3_controller.sv:2269]
WARNING: [Synth 8-6014] Unused sequential element refresh_counter_reg was removed.  [/home/fpga/worker_place/temp/temp/2149e6250ea2416f9709528b5c2d76f6/hdl/ddr3_top.sv:229]
WARNING: [Synth 8-3936] Found unconnected internal register 'p_temp_reg' and it is trimmed from '32' to '31' bits. [/home/fpga/worker_place/temp/temp/2149e6250ea2416f9709528b5c2d76f6/hdl/divider.sv:30]
WARNING: [Synth 8-6014] Unused sequential element ddr_req_word_count_ddr_reg was removed.  [/home/fpga/worker_place/temp/temp/2149e6250ea2416f9709528b5c2d76f6/hdl/top_level.sv:829]
WARNING: [Synth 8-6014] Unused sequential element ddr_rsp_rdata_ddr_reg was removed.  [/home/fpga/worker_place/temp/temp/2149e6250ea2416f9709528b5c2d76f6/hdl/top_level.sv:830]
WARNING: [Synth 8-6014] Unused sequential element ddr_rsp_status_ddr_reg was removed.  [/home/fpga/worker_place/temp/temp/2149e6250ea2416f9709528b5c2d76f6/hdl/top_level.sv:831]
WARNING: [Synth 8-6014] Unused sequential element req_checksum_reg was removed.  [/home/fpga/worker_place/temp/temp/2149e6250ea2416f9709528b5c2d76f6/hdl/top_level.sv:923]
WARNING: [Synth 8-6014] Unused sequential element ddr_last_addr_reg was removed.  [/home/fpga/worker_place/temp/temp/2149e6250ea2416f9709528b5c2d76f6/hdl/top_level.sv:937]
WARNING: [Synth 8-6014] Unused sequential element ddr_last_data_reg was removed.  [/home/fpga/worker_place/temp/temp/2149e6250ea2416f9709528b5c2d76f6/hdl/top_level.sv:938]
WARNING: [Synth 8-6014] Unused sequential element rx_timeout_counter_reg was removed.  [/home/fpga/worker_place/temp/temp/2149e6250ea2416f9709528b5c2d76f6/hdl/top_level.sv:954]
WARNING: [Synth 8-6014] Unused sequential element sd_header_done_reg was removed.  [/home/fpga/worker_place/temp/temp/2149e6250ea2416f9709528b5c2d76f6/hdl/top_level.sv:976]
WARNING: [Synth 8-6014] Unused sequential element sd_file_total_bytes_reg was removed.  [/home/fpga/worker_place/temp/temp/2149e6250ea2416f9709528b5c2d76f6/hdl/top_level.sv:977]
WARNING: [Synth 8-6014] Unused sequential element sd_file_bytes_seen_reg was removed.  [/home/fpga/worker_place/temp/temp/2149e6250ea2416f9709528b5c2d76f6/hdl/top_level.sv:978]
WARNING: [Synth 8-6014] Unused sequential element sd_copy_raw1_mode_reg was removed.  [/home/fpga/worker_place/temp/temp/2149e6250ea2416f9709528b5c2d76f6/hdl/top_level.sv:981]
WARNING: [Synth 8-6014] Unused sequential element raw_num_images_reg was removed.  [/home/fpga/worker_place/temp/temp/2149e6250ea2416f9709528b5c2d76f6/hdl/top_level.sv:984]
WARNING: [Synth 8-6014] Unused sequential element raw_image0_capture_idx_reg was removed.  [/home/fpga/worker_place/temp/temp/2149e6250ea2416f9709528b5c2d76f6/hdl/top_level.sv:986]
WARNING: [Synth 8-6014] Unused sequential element train_stdp_bt_val_reg was removed.  [/home/fpga/worker_place/temp/temp/2149e6250ea2416f9709528b5c2d76f6/hdl/top_level.sv:1016]
WARNING: [Synth 8-6014] Unused sequential element train_stdp_batch_next_row0_reg was removed.  [/home/fpga/worker_place/temp/temp/2149e6250ea2416f9709528b5c2d76f6/hdl/top_level.sv:1021]
WARNING: [Synth 8-6014] Unused sequential element memrd_idx_reg was removed.  [/home/fpga/worker_place/temp/temp/2149e6250ea2416f9709528b5c2d76f6/hdl/top_level.sv:1074]
WARNING: [Synth 8-6014] Unused sequential element words_left_reg was removed.  [/home/fpga/worker_place/temp/temp/2149e6250ea2416f9709528b5c2d76f6/hdl/top_level.sv:1373]
WARNING: [Synth 8-6014] Unused sequential element words_this_req_reg was removed.  [/home/fpga/worker_place/temp/temp/2149e6250ea2416f9709528b5c2d76f6/hdl/top_level.sv:1374]
WARNING: [Synth 8-6014] Unused sequential element wide_wdata_reg was removed.  [/home/fpga/worker_place/temp/temp/2149e6250ea2416f9709528b5c2d76f6/hdl/top_level.sv:1375]
WARNING: [Synth 8-6014] Unused sequential element sel_mask16_reg was removed.  [/home/fpga/worker_place/temp/temp/2149e6250ea2416f9709528b5c2d76f6/hdl/top_level.sv:1376]
WARNING: [Synth 8-6014] Unused sequential element next_row_tmp_reg was removed.  [/home/fpga/worker_place/temp/temp/2149e6250ea2416f9709528b5c2d76f6/hdl/top_level.sv:1676]
WARNING: [Synth 8-6014] Unused sequential element next_end_tmp_reg was removed.  [/home/fpga/worker_place/temp/temp/2149e6250ea2416f9709528b5c2d76f6/hdl/top_level.sv:1723]
WARNING: [Synth 8-6014] Unused sequential element dbg_value_reg was removed.  [/home/fpga/worker_place/temp/temp/2149e6250ea2416f9709528b5c2d76f6/hdl/top_level.sv:2318]
WARNING: [Synth 8-6014] Unused sequential element train_dbg_value_reg was removed.  [/home/fpga/worker_place/temp/temp/2149e6250ea2416f9709528b5c2d76f6/hdl/top_level.sv:2549]
WARNING: [Synth 8-6014] Unused sequential element infer_g_in_state_reg was removed. 
WARNING: [Synth 8-6014] Unused sequential element rng_next_reg was removed.  [/home/fpga/worker_place/temp/temp/2149e6250ea2416f9709528b5c2d76f6/hdl/top_level.sv:2789]
WARNING: [Synth 8-6014] Unused sequential element spike_in_now_reg was removed.  [/home/fpga/worker_place/temp/temp/2149e6250ea2416f9709528b5c2d76f6/hdl/top_level.sv:2790]
WARNING: [Synth 8-6014] Unused sequential element w_idx_reg was removed.  [/home/fpga/worker_place/temp/temp/2149e6250ea2416f9709528b5c2d76f6/hdl/top_level.sv:2816]
WARNING: [Synth 8-6014] Unused sequential element g_in_state_next_reg was removed.  [/home/fpga/worker_place/temp/temp/2149e6250ea2416f9709528b5c2d76f6/hdl/top_level.sv:2857]
WARNING: [Synth 8-6014] Unused sequential element g_in_curr_reg was removed.  [/home/fpga/worker_place/temp/temp/2149e6250ea2416f9709528b5c2d76f6/hdl/top_level.sv:2860]
WARNING: [Synth 8-6014] Unused sequential element delayed_g_in_reg was removed.  [/home/fpga/worker_place/temp/temp/2149e6250ea2416f9709528b5c2d76f6/hdl/top_level.sv:2861]
WARNING: [Synth 8-6014] Unused sequential element exc_refractory_ok_reg was removed.  [/home/fpga/worker_place/temp/temp/2149e6250ea2416f9709528b5c2d76f6/hdl/top_level.sv:2867]
WARNING: [Synth 8-6014] Unused sequential element exc_drive_dt_reg was removed.  [/home/fpga/worker_place/temp/temp/2149e6250ea2416f9709528b5c2d76f6/hdl/top_level.sv:2868]
WARNING: [Synth 8-6014] Unused sequential element inh_drive_dt_reg was removed.  [/home/fpga/worker_place/temp/temp/2149e6250ea2416f9709528b5c2d76f6/hdl/top_level.sv:2869]
WARNING: [Synth 8-6014] Unused sequential element leak_dt_reg was removed.  [/home/fpga/worker_place/temp/temp/2149e6250ea2416f9709528b5c2d76f6/hdl/top_level.sv:2870]
WARNING: [Synth 8-6014] Unused sequential element i_syn_exc_step_reg was removed.  [/home/fpga/worker_place/temp/temp/2149e6250ea2416f9709528b5c2d76f6/hdl/top_level.sv:2871]
WARNING: [Synth 8-6014] Unused sequential element i_syn_inh_step_reg was removed.  [/home/fpga/worker_place/temp/temp/2149e6250ea2416f9709528b5c2d76f6/hdl/top_level.sv:2872]
WARNING: [Synth 8-6014] Unused sequential element dv_exc_step_reg was removed.  [/home/fpga/worker_place/temp/temp/2149e6250ea2416f9709528b5c2d76f6/hdl/top_level.sv:2873]
WARNING: [Synth 8-6014] Unused sequential element v_prop_reg was removed.  [/home/fpga/worker_place/temp/temp/2149e6250ea2416f9709528b5c2d76f6/hdl/top_level.sv:2874]
WARNING: [Synth 8-6014] Unused sequential element v_next_reg was removed.  [/home/fpga/worker_place/temp/temp/2149e6250ea2416f9709528b5c2d76f6/hdl/top_level.sv:2875]
WARNING: [Synth 8-6014] Unused sequential element exc_thresh_now_reg was removed.  [/home/fpga/worker_place/temp/temp/2149e6250ea2416f9709528b5c2d76f6/hdl/top_level.sv:2876]
WARNING: [Synth 8-6014] Unused sequential element spike_now_reg was removed.  [/home/fpga/worker_place/temp/temp/2149e6250ea2416f9709528b5c2d76f6/hdl/top_level.sv:2877]
WARNING: [Synth 8-6014] Unused sequential element theta_next_reg was removed.  [/home/fpga/worker_place/temp/temp/2149e6250ea2416f9709528b5c2d76f6/hdl/top_level.sv:2878]
WARNING: [Synth 8-6014] Unused sequential element g_exc_new_reg was removed.  [/home/fpga/worker_place/temp/temp/2149e6250ea2416f9709528b5c2d76f6/hdl/top_level.sv:2929]
WARNING: [Synth 8-6014] Unused sequential element delayed_g_exc_reg was removed.  [/home/fpga/worker_place/temp/temp/2149e6250ea2416f9709528b5c2d76f6/hdl/top_level.sv:2930]
WARNING: [Synth 8-6014] Unused sequential element inh_refractory_ok_reg was removed.  [/home/fpga/worker_place/temp/temp/2149e6250ea2416f9709528b5c2d76f6/hdl/top_level.sv:2933]
WARNING: [Synth 8-6014] Unused sequential element exc_drive_dt_inh_reg was removed.  [/home/fpga/worker_place/temp/temp/2149e6250ea2416f9709528b5c2d76f6/hdl/top_level.sv:2934]
WARNING: [Synth 8-6014] Unused sequential element leak_dt_inh_reg was removed.  [/home/fpga/worker_place/temp/temp/2149e6250ea2416f9709528b5c2d76f6/hdl/top_level.sv:2935]
WARNING: [Synth 8-6014] Unused sequential element i_syn_exc_step_inh_reg was removed.  [/home/fpga/worker_place/temp/temp/2149e6250ea2416f9709528b5c2d76f6/hdl/top_level.sv:2936]
WARNING: [Synth 8-6014] Unused sequential element dv_inh_step_reg was removed.  [/home/fpga/worker_place/temp/temp/2149e6250ea2416f9709528b5c2d76f6/hdl/top_level.sv:2937]
WARNING: [Synth 8-6014] Unused sequential element v_inh_prop_reg was removed.  [/home/fpga/worker_place/temp/temp/2149e6250ea2416f9709528b5c2d76f6/hdl/top_level.sv:2938]
WARNING: [Synth 8-6014] Unused sequential element v_inh_next_reg was removed.  [/home/fpga/worker_place/temp/temp/2149e6250ea2416f9709528b5c2d76f6/hdl/top_level.sv:2939]
WARNING: [Synth 8-6014] Unused sequential element s_inh_now_reg was removed.  [/home/fpga/worker_place/temp/temp/2149e6250ea2416f9709528b5c2d76f6/hdl/top_level.sv:2940]
WARNING: [Synth 8-6014] Unused sequential element c_inh_next_reg was removed.  [/home/fpga/worker_place/temp/temp/2149e6250ea2416f9709528b5c2d76f6/hdl/top_level.sv:2948]
WARNING: [Synth 8-6014] Unused sequential element diff_c_inh_reg was removed.  [/home/fpga/worker_place/temp/temp/2149e6250ea2416f9709528b5c2d76f6/hdl/top_level.sv:2965]
WARNING: [Synth 8-3917] design top_level has port SD_DQ1 driven by constant 1
WARNING: [Synth 8-3917] design top_level has port SD_DQ2 driven by constant 1
WARNING: [Synth 8-3917] design top_level has port led[13] driven by constant 0
WARNING: [Synth 8-3917] design top_level has port led[12] driven by constant 0
WARNING: [Synth 8-3917] design top_level has port led[11] driven by constant 0
WARNING: [Synth 8-3917] design top_level has port led[10] driven by constant 0
WARNING: [Synth 8-3917] design top_level has port led[9] driven by constant 0
WARNING: [Synth 8-3917] design top_level has port led[8] driven by constant 0
WARNING: [Synth 8-3917] design top_level has port rgb1[2] driven by constant 0
WARNING: [Synth 8-3917] design top_level has port rgb1[1] driven by constant 0
WARNING: [Synth 8-3917] design top_level has port rgb1[0] driven by constant 0
WARNING: [Synth 8-7129] Port i_controller_odelay_data_cntvaluein[4] in module ddr3_phy is either unconnected or has no load
WARNING: [Synth 8-7129] Port i_controller_odelay_data_cntvaluein[3] in module ddr3_phy is either unconnected or has no load
WARNING: [Synth 8-7129] Port i_controller_odelay_data_cntvaluein[2] in module ddr3_phy is either unconnected or has no load
WARNING: [Synth 8-7129] Port i_controller_odelay_data_cntvaluein[1] in module ddr3_phy is either unconnected or has no load
WARNING: [Synth 8-7129] Port i_controller_odelay_data_cntvaluein[0] in module ddr3_phy is either unconnected or has no load
WARNING: [Synth 8-7129] Port i_controller_odelay_dqs_cntvaluein[4] in module ddr3_phy is either unconnected or has no load
WARNING: [Synth 8-7129] Port i_controller_odelay_dqs_cntvaluein[3] in module ddr3_phy is either unconnected or has no load
WARNING: [Synth 8-7129] Port i_controller_odelay_dqs_cntvaluein[2] in module ddr3_phy is either unconnected or has no load
WARNING: [Synth 8-7129] Port i_controller_odelay_dqs_cntvaluein[1] in module ddr3_phy is either unconnected or has no load
WARNING: [Synth 8-7129] Port i_controller_odelay_dqs_cntvaluein[0] in module ddr3_phy is either unconnected or has no load
WARNING: [Synth 8-7129] Port i_controller_odelay_data_ld[1] in module ddr3_phy is either unconnected or has no load
WARNING: [Synth 8-7129] Port i_controller_odelay_data_ld[0] in module ddr3_phy is either unconnected or has no load
WARNING: [Synth 8-7129] Port i_controller_odelay_dqs_ld[1] in module ddr3_phy is either unconnected or has no load
WARNING: [Synth 8-7129] Port i_controller_odelay_dqs_ld[0] in module ddr3_phy is either unconnected or has no load
WARNING: [Synth 8-7129] Port i_wb2_cyc in module ddr3_controller is either unconnected or has no load
WARNING: [Synth 8-7129] Port i_wb2_stb in module ddr3_controller is either unconnected or has no load
WARNING: [Synth 8-7129] Port i_wb2_we in module ddr3_controller is either unconnected or has no load
WARNING: [Synth 8-7129] Port i_wb2_addr[31] in module ddr3_controller is either unconnected or has no load
WARNING: [Synth 8-7129] Port i_wb2_addr[30] in module ddr3_controller is either unconnected or has no load
WARNING: [Synth 8-7129] Port i_wb2_addr[29] in module ddr3_controller is either unconnected or has no load
WARNING: [Synth 8-7129] Port i_wb2_addr[28] in module ddr3_controller is either unconnected or has no load
WARNING: [Synth 8-7129] Port i_wb2_addr[27] in module ddr3_controller is either unconnected or has no load
WARNING: [Synth 8-7129] Port i_wb2_addr[26] in module ddr3_controller is either unconnected or has no load
WARNING: [Synth 8-7129] Port i_wb2_addr[25] in module ddr3_controller is either unconnected or has no load
WARNING: [Synth 8-7129] Port i_wb2_addr[24] in module ddr3_controller is either unconnected or has no load
WARNING: [Synth 8-7129] Port i_wb2_addr[23] in module ddr3_controller is either unconnected or has no load
WARNING: [Synth 8-7129] Port i_wb2_addr[22] in module ddr3_controller is either unconnected or has no load
WARNING: [Synth 8-7129] Port i_wb2_addr[21] in module ddr3_controller is either unconnected or has no load
WARNING: [Synth 8-7129] Port i_wb2_addr[20] in module ddr3_controller is either unconnected or has no load
WARNING: [Synth 8-7129] Port i_wb2_addr[19] in module ddr3_controller is either unconnected or has no load
WARNING: [Synth 8-7129] Port i_wb2_addr[18] in module ddr3_controller is either unconnected or has no load
WARNING: [Synth 8-7129] Port i_wb2_addr[17] in module ddr3_controller is either unconnected or has no load
WARNING: [Synth 8-7129] Port i_wb2_addr[16] in module ddr3_controller is either unconnected or has no load
WARNING: [Synth 8-7129] Port i_wb2_addr[15] in module ddr3_controller is either unconnected or has no load
WARNING: [Synth 8-7129] Port i_wb2_addr[14] in module ddr3_controller is either unconnected or has no load
WARNING: [Synth 8-7129] Port i_wb2_addr[13] in module ddr3_controller is either unconnected or has no load
WARNING: [Synth 8-7129] Port i_wb2_addr[12] in module ddr3_controller is either unconnected or has no load
WARNING: [Synth 8-7129] Port i_wb2_addr[11] in module ddr3_controller is either unconnected or has no load
WARNING: [Synth 8-7129] Port i_wb2_addr[10] in module ddr3_controller is either unconnected or has no load
WARNING: [Synth 8-7129] Port i_wb2_addr[9] in module ddr3_controller is either unconnected or has no load
WARNING: [Synth 8-7129] Port i_wb2_addr[8] in module ddr3_controller is either unconnected or has no load
WARNING: [Synth 8-7129] Port i_wb2_addr[7] in module ddr3_controller is either unconnected or has no load
WARNING: [Synth 8-7129] Port i_wb2_addr[6] in module ddr3_controller is either unconnected or has no load
WARNING: [Synth 8-7129] Port i_wb2_addr[5] in module ddr3_controller is either unconnected or has no load
WARNING: [Synth 8-7129] Port i_wb2_addr[4] in module ddr3_controller is either unconnected or has no load
WARNING: [Synth 8-7129] Port i_wb2_addr[3] in module ddr3_controller is either unconnected or has no load
WARNING: [Synth 8-7129] Port i_wb2_addr[2] in module ddr3_controller is either unconnected or has no load
WARNING: [Synth 8-7129] Port i_wb2_addr[1] in module ddr3_controller is either unconnected or has no load
WARNING: [Synth 8-7129] Port i_wb2_addr[0] in module ddr3_controller is either unconnected or has no load
WARNING: [Synth 8-7129] Port i_wb2_sel[3] in module ddr3_controller is either unconnected or has no load
WARNING: [Synth 8-7129] Port i_wb2_sel[2] in module ddr3_controller is either unconnected or has no load
WARNING: [Synth 8-7129] Port i_wb2_sel[1] in module ddr3_controller is either unconnected or has no load
WARNING: [Synth 8-7129] Port i_wb2_sel[0] in module ddr3_controller is either unconnected or has no load
WARNING: [Synth 8-7129] Port i_wb2_data[31] in module ddr3_controller is either unconnected or has no load
WARNING: [Synth 8-7129] Port i_wb2_data[30] in module ddr3_controller is either unconnected or has no load
WARNING: [Synth 8-7129] Port i_wb2_data[29] in module ddr3_controller is either unconnected or has no load
WARNING: [Synth 8-7129] Port i_wb2_data[28] in module ddr3_controller is either unconnected or has no load
WARNING: [Synth 8-7129] Port i_wb2_data[27] in module ddr3_controller is either unconnected or has no load
WARNING: [Synth 8-7129] Port i_wb2_data[26] in module ddr3_controller is either unconnected or has no load
WARNING: [Synth 8-7129] Port i_wb2_data[25] in module ddr3_controller is either unconnected or has no load
WARNING: [Synth 8-7129] Port i_wb2_data[24] in module ddr3_controller is either unconnected or has no load
WARNING: [Synth 8-7129] Port i_wb2_data[23] in module ddr3_controller is either unconnected or has no load
WARNING: [Synth 8-7129] Port i_wb2_data[22] in module ddr3_controller is either unconnected or has no load
WARNING: [Synth 8-7129] Port i_wb2_data[21] in module ddr3_controller is either unconnected or has no load
WARNING: [Synth 8-7129] Port i_wb2_data[20] in module ddr3_controller is either unconnected or has no load
WARNING: [Synth 8-7129] Port i_wb2_data[19] in module ddr3_controller is either unconnected or has no load
WARNING: [Synth 8-7129] Port i_wb2_data[18] in module ddr3_controller is either unconnected or has no load
WARNING: [Synth 8-7129] Port i_wb2_data[17] in module ddr3_controller is either unconnected or has no load
WARNING: [Synth 8-7129] Port i_wb2_data[16] in module ddr3_controller is either unconnected or has no load
WARNING: [Synth 8-7129] Port i_wb2_data[15] in module ddr3_controller is either unconnected or has no load
WARNING: [Synth 8-7129] Port i_wb2_data[14] in module ddr3_controller is either unconnected or has no load
WARNING: [Synth 8-7129] Port i_wb2_data[13] in module ddr3_controller is either unconnected or has no load
WARNING: [Synth 8-7129] Port i_wb2_data[12] in module ddr3_controller is either unconnected or has no load
WARNING: [Synth 8-7129] Port i_wb2_data[11] in module ddr3_controller is either unconnected or has no load
WARNING: [Synth 8-7129] Port i_wb2_data[10] in module ddr3_controller is either unconnected or has no load
WARNING: [Synth 8-7129] Port i_wb2_data[9] in module ddr3_controller is either unconnected or has no load
WARNING: [Synth 8-7129] Port i_wb2_data[8] in module ddr3_controller is either unconnected or has no load
WARNING: [Synth 8-7129] Port i_wb2_data[7] in module ddr3_controller is either unconnected or has no load
WARNING: [Synth 8-7129] Port i_wb2_data[6] in module ddr3_controller is either unconnected or has no load
WARNING: [Synth 8-7129] Port i_wb2_data[5] in module ddr3_controller is either unconnected or has no load
WARNING: [Synth 8-7129] Port i_wb2_data[4] in module ddr3_controller is either unconnected or has no load
WARNING: [Synth 8-7129] Port i_wb2_data[3] in module ddr3_controller is either unconnected or has no load
WARNING: [Synth 8-7129] Port i_wb2_data[2] in module ddr3_controller is either unconnected or has no load
WARNING: [Synth 8-7129] Port i_wb2_data[1] in module ddr3_controller is either unconnected or has no load
WARNING: [Synth 8-7129] Port i_wb2_data[0] in module ddr3_controller is either unconnected or has no load
WARNING: [Synth 8-7129] Port btn[3] in module top_level is either unconnected or has no load
WARNING: [Synth 8-7129] Port btn[2] in module top_level is either unconnected or has no load
WARNING: [Synth 8-7129] Port btn[1] in module top_level is either unconnected or has no load
---------------------------------------------------------------------------------
Finished RTL Elaboration : Time (s): cpu = 00:00:07 ; elapsed = 00:00:07 . Memory (MB): peak = 2488.605 ; gain = 817.312 ; free physical = 17978 ; free virtual = 36565
---------------------------------------------------------------------------------
---------------------------------------------------------------------------------
Start Handling Custom Attributes
---------------------------------------------------------------------------------
---------------------------------------------------------------------------------
Finished Handling Custom Attributes : Time (s): cpu = 00:00:07 ; elapsed = 00:00:08 . Memory (MB): peak = 2488.605 ; gain = 817.312 ; free physical = 17986 ; free virtual = 36573
---------------------------------------------------------------------------------
---------------------------------------------------------------------------------
Finished RTL Optimization Phase 1 : Time (s): cpu = 00:00:07 ; elapsed = 00:00:08 . Memory (MB): peak = 2488.605 ; gain = 817.312 ; free physical = 17986 ; free virtual = 36573
---------------------------------------------------------------------------------
Netlist sorting complete. Time (s): cpu = 00:00:00.22 ; elapsed = 00:00:00.22 . Memory (MB): peak = 2488.605 ; gain = 0.000 ; free physical = 17994 ; free virtual = 36580
INFO: [Netlist 29-17] Analyzing 56 Unisim elements for replacement
INFO: [Netlist 29-28] Unisim Transformation completed in 0 CPU seconds
INFO: [Project 1-570] Preparing netlist for logic optimization

Processing XDC Constraints
Initializing timing engine
Parsing XDC File [/home/fpga/worker_place/temp/temp/2149e6250ea2416f9709528b5c2d76f6/xdc/top_level.xdc]
WARNING: [Vivado 12-584] No ports matched 'ss0_an[0]'. [/home/fpga/worker_place/temp/temp/2149e6250ea2416f9709528b5c2d76f6/xdc/top_level.xdc:63]
CRITICAL WARNING: [Common 17-55] 'set_property' expects at least one object. [/home/fpga/worker_place/temp/temp/2149e6250ea2416f9709528b5c2d76f6/xdc/top_level.xdc:63]
Resolution: If [get_<value>] was used to populate the object, check to make sure this command returns at least one valid object.
WARNING: [Vivado 12-584] No ports matched 'ss0_an[1]'. [/home/fpga/worker_place/temp/temp/2149e6250ea2416f9709528b5c2d76f6/xdc/top_level.xdc:64]
CRITICAL WARNING: [Common 17-55] 'set_property' expects at least one object. [/home/fpga/worker_place/temp/temp/2149e6250ea2416f9709528b5c2d76f6/xdc/top_level.xdc:64]
Resolution: If [get_<value>] was used to populate the object, check to make sure this command returns at least one valid object.
WARNING: [Vivado 12-584] No ports matched 'ss0_an[2]'. [/home/fpga/worker_place/temp/temp/2149e6250ea2416f9709528b5c2d76f6/xdc/top_level.xdc:65]
CRITICAL WARNING: [Common 17-55] 'set_property' expects at least one object. [/home/fpga/worker_place/temp/temp/2149e6250ea2416f9709528b5c2d76f6/xdc/top_level.xdc:65]
Resolution: If [get_<value>] was used to populate the object, check to make sure this command returns at least one valid object.
WARNING: [Vivado 12-584] No ports matched 'ss0_an[3]'. [/home/fpga/worker_place/temp/temp/2149e6250ea2416f9709528b5c2d76f6/xdc/top_level.xdc:66]
CRITICAL WARNING: [Common 17-55] 'set_property' expects at least one object. [/home/fpga/worker_place/temp/temp/2149e6250ea2416f9709528b5c2d76f6/xdc/top_level.xdc:66]
Resolution: If [get_<value>] was used to populate the object, check to make sure this command returns at least one valid object.
WARNING: [Vivado 12-584] No ports matched 'ss1_an[0]'. [/home/fpga/worker_place/temp/temp/2149e6250ea2416f9709528b5c2d76f6/xdc/top_level.xdc:68]
CRITICAL WARNING: [Common 17-55] 'set_property' expects at least one object. [/home/fpga/worker_place/temp/temp/2149e6250ea2416f9709528b5c2d76f6/xdc/top_level.xdc:68]
Resolution: If [get_<value>] was used to populate the object, check to make sure this command returns at least one valid object.
WARNING: [Vivado 12-584] No ports matched 'ss1_an[1]'. [/home/fpga/worker_place/temp/temp/2149e6250ea2416f9709528b5c2d76f6/xdc/top_level.xdc:69]
CRITICAL WARNING: [Common 17-55] 'set_property' expects at least one object. [/home/fpga/worker_place/temp/temp/2149e6250ea2416f9709528b5c2d76f6/xdc/top_level.xdc:69]
Resolution: If [get_<value>] was used to populate the object, check to make sure this command returns at least one valid object.
WARNING: [Vivado 12-584] No ports matched 'ss1_an[2]'. [/home/fpga/worker_place/temp/temp/2149e6250ea2416f9709528b5c2d76f6/xdc/top_level.xdc:70]
CRITICAL WARNING: [Common 17-55] 'set_property' expects at least one object. [/home/fpga/worker_place/temp/temp/2149e6250ea2416f9709528b5c2d76f6/xdc/top_level.xdc:70]
Resolution: If [get_<value>] was used to populate the object, check to make sure this command returns at least one valid object.
WARNING: [Vivado 12-584] No ports matched 'ss1_an[3]'. [/home/fpga/worker_place/temp/temp/2149e6250ea2416f9709528b5c2d76f6/xdc/top_level.xdc:71]
CRITICAL WARNING: [Common 17-55] 'set_property' expects at least one object. [/home/fpga/worker_place/temp/temp/2149e6250ea2416f9709528b5c2d76f6/xdc/top_level.xdc:71]
Resolution: If [get_<value>] was used to populate the object, check to make sure this command returns at least one valid object.
WARNING: [Vivado 12-584] No ports matched 'ss0_c[0]'. [/home/fpga/worker_place/temp/temp/2149e6250ea2416f9709528b5c2d76f6/xdc/top_level.xdc:74]
CRITICAL WARNING: [Common 17-55] 'set_property' expects at least one object. [/home/fpga/worker_place/temp/temp/2149e6250ea2416f9709528b5c2d76f6/xdc/top_level.xdc:74]
Resolution: If [get_<value>] was used to populate the object, check to make sure this command returns at least one valid object.
WARNING: [Vivado 12-584] No ports matched 'ss0_c[1]'. [/home/fpga/worker_place/temp/temp/2149e6250ea2416f9709528b5c2d76f6/xdc/top_level.xdc:75]
CRITICAL WARNING: [Common 17-55] 'set_property' expects at least one object. [/home/fpga/worker_place/temp/temp/2149e6250ea2416f9709528b5c2d76f6/xdc/top_level.xdc:75]
Resolution: If [get_<value>] was used to populate the object, check to make sure this command returns at least one valid object.
WARNING: [Vivado 12-584] No ports matched 'ss0_c[2]'. [/home/fpga/worker_place/temp/temp/2149e6250ea2416f9709528b5c2d76f6/xdc/top_level.xdc:76]
CRITICAL WARNING: [Common 17-55] 'set_property' expects at least one object. [/home/fpga/worker_place/temp/temp/2149e6250ea2416f9709528b5c2d76f6/xdc/top_level.xdc:76]
Resolution: If [get_<value>] was used to populate the object, check to make sure this command returns at least one valid object.
WARNING: [Vivado 12-584] No ports matched 'ss0_c[3]'. [/home/fpga/worker_place/temp/temp/2149e6250ea2416f9709528b5c2d76f6/xdc/top_level.xdc:77]
CRITICAL WARNING: [Common 17-55] 'set_property' expects at least one object. [/home/fpga/worker_place/temp/temp/2149e6250ea2416f9709528b5c2d76f6/xdc/top_level.xdc:77]
Resolution: If [get_<value>] was used to populate the object, check to make sure this command returns at least one valid object.
WARNING: [Vivado 12-584] No ports matched 'ss0_c[4]'. [/home/fpga/worker_place/temp/temp/2149e6250ea2416f9709528b5c2d76f6/xdc/top_level.xdc:78]
CRITICAL WARNING: [Common 17-55] 'set_property' expects at least one object. [/home/fpga/worker_place/temp/temp/2149e6250ea2416f9709528b5c2d76f6/xdc/top_level.xdc:78]
Resolution: If [get_<value>] was used to populate the object, check to make sure this command returns at least one valid object.
WARNING: [Vivado 12-584] No ports matched 'ss0_c[5]'. [/home/fpga/worker_place/temp/temp/2149e6250ea2416f9709528b5c2d76f6/xdc/top_level.xdc:79]
CRITICAL WARNING: [Common 17-55] 'set_property' expects at least one object. [/home/fpga/worker_place/temp/temp/2149e6250ea2416f9709528b5c2d76f6/xdc/top_level.xdc:79]
Resolution: If [get_<value>] was used to populate the object, check to make sure this command returns at least one valid object.
WARNING: [Vivado 12-584] No ports matched 'ss0_c[6]'. [/home/fpga/worker_place/temp/temp/2149e6250ea2416f9709528b5c2d76f6/xdc/top_level.xdc:80]
CRITICAL WARNING: [Common 17-55] 'set_property' expects at least one object. [/home/fpga/worker_place/temp/temp/2149e6250ea2416f9709528b5c2d76f6/xdc/top_level.xdc:80]
Resolution: If [get_<value>] was used to populate the object, check to make sure this command returns at least one valid object.
WARNING: [Vivado 12-584] No ports matched 'ss1_c[0]'. [/home/fpga/worker_place/temp/temp/2149e6250ea2416f9709528b5c2d76f6/xdc/top_level.xdc:83]
CRITICAL WARNING: [Common 17-55] 'set_property' expects at least one object. [/home/fpga/worker_place/temp/temp/2149e6250ea2416f9709528b5c2d76f6/xdc/top_level.xdc:83]
Resolution: If [get_<value>] was used to populate the object, check to make sure this command returns at least one valid object.
WARNING: [Vivado 12-584] No ports matched 'ss1_c[1]'. [/home/fpga/worker_place/temp/temp/2149e6250ea2416f9709528b5c2d76f6/xdc/top_level.xdc:84]
CRITICAL WARNING: [Common 17-55] 'set_property' expects at least one object. [/home/fpga/worker_place/temp/temp/2149e6250ea2416f9709528b5c2d76f6/xdc/top_level.xdc:84]
Resolution: If [get_<value>] was used to populate the object, check to make sure this command returns at least one valid object.
WARNING: [Vivado 12-584] No ports matched 'ss1_c[2]'. [/home/fpga/worker_place/temp/temp/2149e6250ea2416f9709528b5c2d76f6/xdc/top_level.xdc:85]
CRITICAL WARNING: [Common 17-55] 'set_property' expects at least one object. [/home/fpga/worker_place/temp/temp/2149e6250ea2416f9709528b5c2d76f6/xdc/top_level.xdc:85]
Resolution: If [get_<value>] was used to populate the object, check to make sure this command returns at least one valid object.
WARNING: [Vivado 12-584] No ports matched 'ss1_c[3]'. [/home/fpga/worker_place/temp/temp/2149e6250ea2416f9709528b5c2d76f6/xdc/top_level.xdc:86]
CRITICAL WARNING: [Common 17-55] 'set_property' expects at least one object. [/home/fpga/worker_place/temp/temp/2149e6250ea2416f9709528b5c2d76f6/xdc/top_level.xdc:86]
Resolution: If [get_<value>] was used to populate the object, check to make sure this command returns at least one valid object.
WARNING: [Vivado 12-584] No ports matched 'ss1_c[4]'. [/home/fpga/worker_place/temp/temp/2149e6250ea2416f9709528b5c2d76f6/xdc/top_level.xdc:87]
CRITICAL WARNING: [Common 17-55] 'set_property' expects at least one object. [/home/fpga/worker_place/temp/temp/2149e6250ea2416f9709528b5c2d76f6/xdc/top_level.xdc:87]
Resolution: If [get_<value>] was used to populate the object, check to make sure this command returns at least one valid object.
WARNING: [Vivado 12-584] No ports matched 'ss1_c[5]'. [/home/fpga/worker_place/temp/temp/2149e6250ea2416f9709528b5c2d76f6/xdc/top_level.xdc:88]
CRITICAL WARNING: [Common 17-55] 'set_property' expects at least one object. [/home/fpga/worker_place/temp/temp/2149e6250ea2416f9709528b5c2d76f6/xdc/top_level.xdc:88]
Resolution: If [get_<value>] was used to populate the object, check to make sure this command returns at least one valid object.
WARNING: [Vivado 12-584] No ports matched 'ss1_c[6]'. [/home/fpga/worker_place/temp/temp/2149e6250ea2416f9709528b5c2d76f6/xdc/top_level.xdc:89]
CRITICAL WARNING: [Common 17-55] 'set_property' expects at least one object. [/home/fpga/worker_place/temp/temp/2149e6250ea2416f9709528b5c2d76f6/xdc/top_level.xdc:89]
Resolution: If [get_<value>] was used to populate the object, check to make sure this command returns at least one valid object.
Finished Parsing XDC File [/home/fpga/worker_place/temp/temp/2149e6250ea2416f9709528b5c2d76f6/xdc/top_level.xdc]
INFO: [Project 1-236] Implementation specific constraints were found while reading constraint file [/home/fpga/worker_place/temp/temp/2149e6250ea2416f9709528b5c2d76f6/xdc/top_level.xdc]. These constraints will be ignored for synthesis but will be used in implementation. Impacted constraints are listed in the file [.Xil/top_level_propImpl.xdc].
Resolution: To avoid this warning, move constraints listed in [.Xil/top_level_propImpl.xdc] to another XDC file and exclude this new file from synthesis with the used_in_synthesis property (File Properties dialog in GUI) and re-run elaboration/synthesis.
INFO: [Timing 38-2] Deriving generated clocks
Completed Processing XDC Constraints

Netlist sorting complete. Time (s): cpu = 00:00:00 ; elapsed = 00:00:00.01 . Memory (MB): peak = 2617.438 ; gain = 0.000 ; free physical = 17974 ; free virtual = 36561
INFO: [Project 1-111] Unisim Transformation Summary:
  A total of 19 instances were transformed.
  IOBUF => IOBUF (IBUF, OBUFT): 16 instances
  IOBUFDS => IOBUFDS (IBUFDS, INV, OBUFTDS(x2)): 2 instances
  OBUFDS => OBUFDS_DUAL_BUF (INV, OBUFDS(x2)): 1 instance 

Constraint Validation Runtime : Time (s): cpu = 00:00:00.04 ; elapsed = 00:00:00.04 . Memory (MB): peak = 2629.359 ; gain = 0.000 ; free physical = 17978 ; free virtual = 36564
---------------------------------------------------------------------------------
Finished Constraint Validation : Time (s): cpu = 00:00:14 ; elapsed = 00:00:14 . Memory (MB): peak = 2629.359 ; gain = 958.066 ; free physical = 17226 ; free virtual = 35813
---------------------------------------------------------------------------------
---------------------------------------------------------------------------------
Start Loading Part and Timing Information
---------------------------------------------------------------------------------
Loading part: xc7s50csga324-1
---------------------------------------------------------------------------------
Finished Loading Part and Timing Information : Time (s): cpu = 00:00:14 ; elapsed = 00:00:14 . Memory (MB): peak = 2637.363 ; gain = 966.070 ; free physical = 17226 ; free virtual = 35813
---------------------------------------------------------------------------------
---------------------------------------------------------------------------------
Start Applying 'set_property' XDC Constraints
---------------------------------------------------------------------------------
---------------------------------------------------------------------------------
Finished applying 'set_property' XDC Constraints : Time (s): cpu = 00:00:14 ; elapsed = 00:00:14 . Memory (MB): peak = 2637.363 ; gain = 966.070 ; free physical = 17163 ; free virtual = 35750
---------------------------------------------------------------------------------
INFO: [Synth 8-802] inferred FSM for state register 'state_reg' in module 'uart_rx'
INFO: [Synth 8-802] inferred FSM for state register 'state_reg' in module 'uart_tx'
INFO: [Synth 8-802] inferred FSM for state register 'ddr_bridge_state_reg' in module 'top_level'
INFO: [Synth 8-802] inferred FSM for state register 'rx_state_reg' in module 'top_level'
INFO: [Synth 8-802] inferred FSM for state register 'tx_state_reg' in module 'top_level'
INFO: [Synth 8-802] inferred FSM for state register 'infer_state_reg' in module 'top_level'
---------------------------------------------------------------------------------------------------
                   State |                     New Encoding |                Previous Encoding 
---------------------------------------------------------------------------------------------------
                  S_IDLE |                            00001 |                              000
                 S_START |                            00010 |                              001
                  S_DATA |                            00100 |                              010
                  S_STOP |                            01000 |                              011
                  S_DONE |                            10000 |                              100
---------------------------------------------------------------------------------------------------
INFO: [Synth 8-3354] encoded FSM with state register 'state_reg' using encoding 'one-hot' in module 'uart_rx'
---------------------------------------------------------------------------------------------------
                   State |                     New Encoding |                Previous Encoding 
---------------------------------------------------------------------------------------------------
                  S_IDLE |                              000 |                              000
                 S_START |                              001 |                              001
                  S_DATA |                              010 |                              010
                  S_STOP |                              011 |                              011
                  S_DONE |                              100 |                              100
---------------------------------------------------------------------------------------------------
INFO: [Synth 8-3354] encoded FSM with state register 'state_reg' using encoding 'sequential' in module 'uart_tx'
---------------------------------------------------------------------------------------------------
                   State |                     New Encoding |                Previous Encoding 
---------------------------------------------------------------------------------------------------
              DDRBR_IDLE |                              001 |                               00
             DDRBR_ISSUE |                              010 |                               01
          DDRBR_WAIT_ACK |                              100 |                               10
---------------------------------------------------------------------------------------------------
INFO: [Synth 8-3354] encoded FSM with state register 'ddr_bridge_state_reg' using encoding 'one-hot' in module 'top_level'
---------------------------------------------------------------------------------------------------
                   State |                     New Encoding |                Previous Encoding 
---------------------------------------------------------------------------------------------------
                 TX_IDLE |                              001 |                               00
                 TX_SEND |                              010 |                               01
            TX_WAIT_DONE |                              100 |                               10
---------------------------------------------------------------------------------------------------
INFO: [Synth 8-3354] encoded FSM with state register 'tx_state_reg' using encoding 'one-hot' in module 'top_level'
---------------------------------------------------------------------------------
Finished RTL Optimization Phase 2 : Time (s): cpu = 00:00:25 ; elapsed = 00:00:25 . Memory (MB): peak = 2641.449 ; gain = 970.156 ; free physical = 14992 ; free virtual = 33585
---------------------------------------------------------------------------------
---------------------------------------------------------------------------------
Start RTL Component Statistics 
---------------------------------------------------------------------------------
Detailed RTL Component Info : 
+---Adders : 
	   2 Input   64 Bit       Adders := 17    
	   2 Input   59 Bit       Adders := 1     
	   2 Input   58 Bit       Adders := 2     
	   2 Input   48 Bit       Adders := 2     
	   2 Input   45 Bit       Adders := 4     
	   2 Input   42 Bit       Adders := 10    
	   2 Input   35 Bit       Adders := 2     
	   2 Input   32 Bit       Adders := 41    
	   3 Input   32 Bit       Adders := 5     
	   4 Input   32 Bit       Adders := 1     
	   3 Input   31 Bit       Adders := 1     
	   2 Input   24 Bit       Adders := 6     
	   2 Input   23 Bit       Adders := 1     
	   2 Input   18 Bit       Adders := 3     
	   2 Input   16 Bit       Adders := 8     
	   3 Input   16 Bit       Adders := 2     
	   2 Input   11 Bit       Adders := 1     
	   2 Input   10 Bit       Adders := 9     
	   2 Input    9 Bit       Adders := 1     
	   2 Input    8 Bit       Adders := 4     
	   3 Input    8 Bit       Adders := 1     
	   2 Input    7 Bit       Adders := 12    
	   3 Input    7 Bit       Adders := 1     
	   2 Input    6 Bit       Adders := 5     
	   2 Input    5 Bit       Adders := 10    
	   2 Input    4 Bit       Adders := 38    
	   2 Input    3 Bit       Adders := 9     
	   2 Input    2 Bit       Adders := 5     
	   2 Input    1 Bit       Adders := 2     
+---XORs : 
	   2 Input      8 Bit         XORs := 9     
	   4 Input      8 Bit         XORs := 12    
	   5 Input      8 Bit         XORs := 9     
+---Registers : 
	              128 Bit    Registers := 12    
	               64 Bit    Registers := 3     
	               56 Bit    Registers := 1     
	               40 Bit    Registers := 1     
	               32 Bit    Registers := 306   
	               28 Bit    Registers := 1     
	               24 Bit    Registers := 8     
	               18 Bit    Registers := 6     
	               17 Bit    Registers := 22    
	               16 Bit    Registers := 24    
	               15 Bit    Registers := 6     
	               14 Bit    Registers := 11    
	               11 Bit    Registers := 1     
	               10 Bit    Registers := 14    
	                8 Bit    Registers := 25    
	                7 Bit    Registers := 14    
	                6 Bit    Registers := 6     
	                5 Bit    Registers := 16    
	                4 Bit    Registers := 40    
	                3 Bit    Registers := 16    
	                2 Bit    Registers := 20    
	                1 Bit    Registers := 92    
+---Multipliers : 
	              17x32  Multipliers := 1     
	              14x32  Multipliers := 3     
	              11x32  Multipliers := 5     
	               4x32  Multipliers := 1     
	              21x32  Multipliers := 4     
+---RAMs : 
	            1225K Bit	(78400 X 16 bit)          RAMs := 1     
	              24K Bit	(784 X 32 bit)          RAMs := 1     
	               8K Bit	(784 X 11 bit)          RAMs := 1     
	               6K Bit	(784 X 8 bit)          RAMs := 1     
	               3K Bit	(100 X 32 bit)          RAMs := 13    
	               1K Bit	(100 X 16 bit)          RAMs := 3     
	              784 Bit	(784 X 1 bit)          RAMs := 1     
	              100 Bit	(100 X 1 bit)          RAMs := 1     
+---Muxes : 
	   2 Input  128 Bit        Muxes := 28    
	   4 Input  128 Bit        Muxes := 1     
	   7 Input  128 Bit        Muxes := 2     
	   3 Input  128 Bit        Muxes := 1     
	  14 Input  128 Bit        Muxes := 1     
	   2 Input  120 Bit        Muxes := 3     
	   2 Input   64 Bit        Muxes := 4     
	   4 Input   32 Bit        Muxes := 8     
	   2 Input   32 Bit        Muxes := 966   
	   3 Input   32 Bit        Muxes := 4     
	  14 Input   32 Bit        Muxes := 9     
	   7 Input   32 Bit        Muxes := 28    
	   9 Input   32 Bit        Muxes := 1     
	   6 Input   32 Bit        Muxes := 1     
	  26 Input   32 Bit        Muxes := 1     
	   8 Input   32 Bit        Muxes := 25    
	   2 Input   31 Bit        Muxes := 1     
	   3 Input   28 Bit        Muxes := 1     
	   2 Input   24 Bit        Muxes := 25    
	   4 Input   24 Bit        Muxes := 1     
	   2 Input   17 Bit        Muxes := 38    
	   3 Input   16 Bit        Muxes := 2     
	  25 Input   16 Bit        Muxes := 1     
	   2 Input   16 Bit        Muxes := 62    
	   5 Input   16 Bit        Muxes := 2     
	  14 Input   16 Bit        Muxes := 3     
	   6 Input   16 Bit        Muxes := 1     
	   7 Input   16 Bit        Muxes := 6     
	   8 Input   16 Bit        Muxes := 4     
	   2 Input   15 Bit        Muxes := 8     
	   7 Input   15 Bit        Muxes := 1     
	   2 Input   14 Bit        Muxes := 170   
	   2 Input   11 Bit        Muxes := 1     
	   2 Input   10 Bit        Muxes := 53    
	  14 Input   10 Bit        Muxes := 4     
	   8 Input   10 Bit        Muxes := 3     
	   7 Input   10 Bit        Muxes := 8     
	  26 Input   10 Bit        Muxes := 2     
	   2 Input    9 Bit        Muxes := 3     
	   2 Input    8 Bit        Muxes := 168   
	   4 Input    8 Bit        Muxes := 7     
	   5 Input    8 Bit        Muxes := 2     
	   3 Input    8 Bit        Muxes := 3     
	  14 Input    8 Bit        Muxes := 2     
	   7 Input    8 Bit        Muxes := 6     
	   9 Input    8 Bit        Muxes := 2     
	   8 Input    8 Bit        Muxes := 2     
	   2 Input    7 Bit        Muxes := 89    
	  14 Input    7 Bit        Muxes := 4     
	   8 Input    7 Bit        Muxes := 4     
	   7 Input    7 Bit        Muxes := 8     
	  25 Input    6 Bit        Muxes := 3     
	   2 Input    6 Bit        Muxes := 2     
	   2 Input    5 Bit        Muxes := 78    
	   3 Input    5 Bit        Muxes := 1     
	   5 Input    5 Bit        Muxes := 1     
	  14 Input    5 Bit        Muxes := 12    
	   7 Input    5 Bit        Muxes := 3     
	   2 Input    4 Bit        Muxes := 726   
	   4 Input    4 Bit        Muxes := 1     
	   6 Input    4 Bit        Muxes := 1     
	   8 Input    4 Bit        Muxes := 1     
	   7 Input    4 Bit        Muxes := 1     
	  25 Input    3 Bit        Muxes := 1     
	   2 Input    3 Bit        Muxes := 42    
	   4 Input    3 Bit        Muxes := 1     
	   5 Input    3 Bit        Muxes := 3     
	   3 Input    3 Bit        Muxes := 4     
	  14 Input    3 Bit        Muxes := 1     
	   7 Input    3 Bit        Muxes := 5     
	   6 Input    3 Bit        Muxes := 1     
	   8 Input    3 Bit        Muxes := 1     
	   2 Input    2 Bit        Muxes := 104   
	  25 Input    2 Bit        Muxes := 2     
	  14 Input    2 Bit        Muxes := 2     
	   3 Input    2 Bit        Muxes := 6     
	   7 Input    2 Bit        Muxes := 7     
	   4 Input    2 Bit        Muxes := 1     
	  26 Input    2 Bit        Muxes := 1     
	   8 Input    2 Bit        Muxes := 1     
	  25 Input    1 Bit        Muxes := 11    
	   2 Input    1 Bit        Muxes := 1715  
	   3 Input    1 Bit        Muxes := 47    
	   4 Input    1 Bit        Muxes := 260   
	   5 Input    1 Bit        Muxes := 12    
	  14 Input    1 Bit        Muxes := 55    
	   8 Input    1 Bit        Muxes := 56    
	   7 Input    1 Bit        Muxes := 129   
	   9 Input    1 Bit        Muxes := 6     
	   6 Input    1 Bit        Muxes := 8     
	  21 Input    1 Bit        Muxes := 1     
	  26 Input    1 Bit        Muxes := 11    
---------------------------------------------------------------------------------
Finished RTL Component Statistics 
---------------------------------------------------------------------------------
---------------------------------------------------------------------------------
Start Part Resource Summary
---------------------------------------------------------------------------------
Part Resources:
DSPs: 120 (col length:60)
BRAMs: 150 (col length: RAMB18 60 RAMB36 30)
---------------------------------------------------------------------------------
Finished Part Resource Summary
---------------------------------------------------------------------------------
---------------------------------------------------------------------------------
Start Cross Boundary and Area Optimization
---------------------------------------------------------------------------------
DSP Report: Generating DSP train_gen_lcg_state1, operation Mode is: (A:0x19660d)*B2.
DSP Report: register train_gen_lcg_state1 is absorbed into DSP train_gen_lcg_state1.
DSP Report: operator train_gen_lcg_state1 is absorbed into DSP train_gen_lcg_state1.
DSP Report: operator train_gen_lcg_state1 is absorbed into DSP train_gen_lcg_state1.
DSP Report: Generating DSP train_gen_lcg_state1, operation Mode is: (PCIN>>17)+(A:0x19660d)*B2.
DSP Report: register train_gen_lcg_state_reg is absorbed into DSP train_gen_lcg_state1.
DSP Report: operator train_gen_lcg_state1 is absorbed into DSP train_gen_lcg_state1.
DSP Report: operator train_gen_lcg_state1 is absorbed into DSP train_gen_lcg_state1.
DSP Report: Generating DSP lcg_state_in0, operation Mode is: A2*(B:0x1660d).
DSP Report: register lcg_state_in0 is absorbed into DSP lcg_state_in0.
DSP Report: operator lcg_state_in0 is absorbed into DSP lcg_state_in0.
DSP Report: operator lcg_state_in0 is absorbed into DSP lcg_state_in0.
DSP Report: Generating DSP fxp_mul_s16_162, operation Mode is: A2*B.
DSP Report: register fxp_mul_s16_162 is absorbed into DSP fxp_mul_s16_162.
DSP Report: operator fxp_mul_s16_162 is absorbed into DSP fxp_mul_s16_162.
DSP Report: Generating DSP fxp_mul_s16_162, operation Mode is: (PCIN>>17)+A*B2.
DSP Report: register ddr_resp_rdata_async_reg is absorbed into DSP fxp_mul_s16_162.
DSP Report: operator fxp_mul_s16_162 is absorbed into DSP fxp_mul_s16_162.
DSP Report: operator fxp_mul_s16_162 is absorbed into DSP fxp_mul_s16_162.
DSP Report: Generating DSP fxp_mul_s16_162, operation Mode is: A*B2.
DSP Report: register fxp_mul_s16_162 is absorbed into DSP fxp_mul_s16_162.
DSP Report: operator fxp_mul_s16_162 is absorbed into DSP fxp_mul_s16_162.
DSP Report: Generating DSP fxp_mul_s16_162, operation Mode is: (PCIN>>17)+A*B2.
DSP Report: register ddr_resp_rdata_async_reg is absorbed into DSP fxp_mul_s16_162.
DSP Report: operator fxp_mul_s16_162 is absorbed into DSP fxp_mul_s16_162.
DSP Report: operator fxp_mul_s16_162 is absorbed into DSP fxp_mul_s16_162.
DSP Report: Generating DSP fxp_mul_s16_162, operation Mode is: A2*B.
DSP Report: register fxp_mul_s16_162 is absorbed into DSP fxp_mul_s16_162.
DSP Report: operator fxp_mul_s16_162 is absorbed into DSP fxp_mul_s16_162.
DSP Report: Generating DSP fxp_mul_s16_162, operation Mode is: (PCIN>>17)+A*B2.
DSP Report: register train_stdp_a_val_reg is absorbed into DSP fxp_mul_s16_162.
DSP Report: operator fxp_mul_s16_162 is absorbed into DSP fxp_mul_s16_162.
DSP Report: operator fxp_mul_s16_162 is absorbed into DSP fxp_mul_s16_162.
DSP Report: Generating DSP fxp_mul_s16_162, operation Mode is: A*B2.
DSP Report: register fxp_mul_s16_162 is absorbed into DSP fxp_mul_s16_162.
DSP Report: operator fxp_mul_s16_162 is absorbed into DSP fxp_mul_s16_162.
DSP Report: Generating DSP fxp_mul_s16_162, operation Mode is: (PCIN>>17)+A*B2.
DSP Report: register train_stdp_a_val_reg is absorbed into DSP fxp_mul_s16_162.
DSP Report: operator fxp_mul_s16_162 is absorbed into DSP fxp_mul_s16_162.
DSP Report: operator fxp_mul_s16_162 is absorbed into DSP fxp_mul_s16_162.
DSP Report: Generating DSP fxp_mul_s16_162, operation Mode is: A*B.
DSP Report: operator fxp_mul_s16_162 is absorbed into DSP fxp_mul_s16_162.
DSP Report: operator fxp_mul_s16_162 is absorbed into DSP fxp_mul_s16_162.
DSP Report: Generating DSP fxp_mul_s16_162, operation Mode is: (PCIN>>17)+A*B.
DSP Report: operator fxp_mul_s16_162 is absorbed into DSP fxp_mul_s16_162.
DSP Report: operator fxp_mul_s16_162 is absorbed into DSP fxp_mul_s16_162.
DSP Report: Generating DSP fxp_mul_s16_162, operation Mode is: A*B.
DSP Report: operator fxp_mul_s16_162 is absorbed into DSP fxp_mul_s16_162.
DSP Report: operator fxp_mul_s16_162 is absorbed into DSP fxp_mul_s16_162.
DSP Report: Generating DSP fxp_mul_s16_162, operation Mode is: (PCIN>>17)+A*B.
DSP Report: operator fxp_mul_s16_162 is absorbed into DSP fxp_mul_s16_162.
DSP Report: operator fxp_mul_s16_162 is absorbed into DSP fxp_mul_s16_162.
DSP Report: Generating DSP fxp_mul_s16_162, operation Mode is: A*B.
DSP Report: operator fxp_mul_s16_162 is absorbed into DSP fxp_mul_s16_162.
DSP Report: operator fxp_mul_s16_162 is absorbed into DSP fxp_mul_s16_162.
DSP Report: Generating DSP fxp_mul_s16_162, operation Mode is: (PCIN>>17)+A*B.
DSP Report: operator fxp_mul_s16_162 is absorbed into DSP fxp_mul_s16_162.
DSP Report: operator fxp_mul_s16_162 is absorbed into DSP fxp_mul_s16_162.
DSP Report: Generating DSP fxp_mul_s16_162, operation Mode is: A*B.
DSP Report: operator fxp_mul_s16_162 is absorbed into DSP fxp_mul_s16_162.
DSP Report: operator fxp_mul_s16_162 is absorbed into DSP fxp_mul_s16_162.
DSP Report: Generating DSP fxp_mul_s16_162, operation Mode is: (PCIN>>17)+A*B.
DSP Report: operator fxp_mul_s16_162 is absorbed into DSP fxp_mul_s16_162.
DSP Report: operator fxp_mul_s16_162 is absorbed into DSP fxp_mul_s16_162.
WARNING: [Synth 8-3917] design top_level has port SD_DQ1 driven by constant 1
WARNING: [Synth 8-3917] design top_level has port SD_DQ2 driven by constant 1
WARNING: [Synth 8-3917] design top_level has port led[13] driven by constant 0
WARNING: [Synth 8-3917] design top_level has port led[12] driven by constant 0
WARNING: [Synth 8-3917] design top_level has port led[11] driven by constant 0
WARNING: [Synth 8-3917] design top_level has port led[10] driven by constant 0
WARNING: [Synth 8-3917] design top_level has port led[9] driven by constant 0
WARNING: [Synth 8-3917] design top_level has port led[8] driven by constant 0
WARNING: [Synth 8-3917] design top_level has port rgb1[2] driven by constant 0
WARNING: [Synth 8-3917] design top_level has port rgb1[1] driven by constant 0
WARNING: [Synth 8-3917] design top_level has port rgb1[0] driven by constant 0
WARNING: [Synth 8-7129] Port btn[3] in module top_level is either unconnected or has no load
WARNING: [Synth 8-7129] Port btn[2] in module top_level is either unconnected or has no load
WARNING: [Synth 8-7129] Port btn[1] in module top_level is either unconnected or has no load
INFO: [Synth 8-5546] ROM "read_rom_instruction" won't be mapped to RAM because it is too sparse
WARNING: [Synth 8-3917] design ddr3_controller has port o_wb_err driven by constant 0
WARNING: [Synth 8-3917] design ddr3_controller has port o_wb2_stall driven by constant 1
WARNING: [Synth 8-3917] design ddr3_controller has port o_wb2_ack driven by constant 0
WARNING: [Synth 8-3917] design ddr3_controller has port o_wb2_data[31] driven by constant 0
WARNING: [Synth 8-3917] design ddr3_controller has port o_wb2_data[30] driven by constant 0
WARNING: [Synth 8-3917] design ddr3_controller has port o_wb2_data[29] driven by constant 0
WARNING: [Synth 8-3917] design ddr3_controller has port o_wb2_data[28] driven by constant 0
WARNING: [Synth 8-3917] design ddr3_controller has port o_wb2_data[27] driven by constant 0
WARNING: [Synth 8-3917] design ddr3_controller has port o_wb2_data[26] driven by constant 0
WARNING: [Synth 8-3917] design ddr3_controller has port o_wb2_data[25] driven by constant 0
WARNING: [Synth 8-3917] design ddr3_controller has port o_wb2_data[24] driven by constant 0
WARNING: [Synth 8-3917] design ddr3_controller has port o_wb2_data[23] driven by constant 0
WARNING: [Synth 8-3917] design ddr3_controller has port o_wb2_data[22] driven by constant 0
WARNING: [Synth 8-3917] design ddr3_controller has port o_wb2_data[21] driven by constant 0
WARNING: [Synth 8-3917] design ddr3_controller has port o_wb2_data[20] driven by constant 0
WARNING: [Synth 8-3917] design ddr3_controller has port o_wb2_data[19] driven by constant 0
WARNING: [Synth 8-3917] design ddr3_controller has port o_wb2_data[18] driven by constant 0
WARNING: [Synth 8-3917] design ddr3_controller has port o_wb2_data[17] driven by constant 0
WARNING: [Synth 8-3917] design ddr3_controller has port o_wb2_data[16] driven by constant 0
WARNING: [Synth 8-3917] design ddr3_controller has port o_wb2_data[15] driven by constant 0
WARNING: [Synth 8-3917] design ddr3_controller has port o_wb2_data[14] driven by constant 0
WARNING: [Synth 8-3917] design ddr3_controller has port o_wb2_data[13] driven by constant 0
WARNING: [Synth 8-3917] design ddr3_controller has port o_wb2_data[12] driven by constant 0
WARNING: [Synth 8-3917] design ddr3_controller has port o_wb2_data[11] driven by constant 0
WARNING: [Synth 8-3917] design ddr3_controller has port o_wb2_data[10] driven by constant 0
WARNING: [Synth 8-3917] design ddr3_controller has port o_wb2_data[9] driven by constant 0
WARNING: [Synth 8-3917] design ddr3_controller has port o_wb2_data[8] driven by constant 0
WARNING: [Synth 8-3917] design ddr3_controller has port o_wb2_data[7] driven by constant 0
WARNING: [Synth 8-3917] design ddr3_controller has port o_wb2_data[6] driven by constant 0
WARNING: [Synth 8-3917] design ddr3_controller has port o_wb2_data[5] driven by constant 0
WARNING: [Synth 8-3917] design ddr3_controller has port o_wb2_data[4] driven by constant 0
WARNING: [Synth 8-3917] design ddr3_controller has port o_wb2_data[3] driven by constant 0
WARNING: [Synth 8-3917] design ddr3_controller has port o_wb2_data[2] driven by constant 0
WARNING: [Synth 8-3917] design ddr3_controller has port o_wb2_data[1] driven by constant 0
WARNING: [Synth 8-3917] design ddr3_controller has port o_wb2_data[0] driven by constant 0
WARNING: [Synth 8-3917] design ddr3_controller has port o_phy_cmd[47] driven by constant 0
WARNING: [Synth 8-3917] design ddr3_controller has port o_phy_cmd[46] driven by constant 1
WARNING: [Synth 8-3917] design ddr3_controller has port o_phy_cmd[45] driven by constant 1
WARNING: [Synth 8-3917] design ddr3_controller has port o_phy_cmd[44] driven by constant 1
WARNING: [Synth 8-3917] design ddr3_controller has port o_phy_cmd[40] driven by constant 0
WARNING: [Synth 8-3917] design ddr3_controller has port o_phy_cmd[39] driven by constant 0
WARNING: [Synth 8-3917] design ddr3_controller has port o_phy_cmd[38] driven by constant 0
WARNING: [Synth 8-3917] design ddr3_controller has port o_phy_cmd[37] driven by constant 0
WARNING: [Synth 8-3917] design ddr3_controller has port o_phy_cmd[36] driven by constant 0
WARNING: [Synth 8-3917] design ddr3_controller has port o_phy_cmd[35] driven by constant 0
WARNING: [Synth 8-3917] design ddr3_controller has port o_phy_cmd[34] driven by constant 0
WARNING: [Synth 8-3917] design ddr3_controller has port o_phy_cmd[33] driven by constant 0
WARNING: [Synth 8-3917] design ddr3_controller has port o_phy_cmd[32] driven by constant 0
WARNING: [Synth 8-3917] design ddr3_controller has port o_phy_cmd[31] driven by constant 0
WARNING: [Synth 8-3917] design ddr3_controller has port o_phy_cmd[30] driven by constant 0
WARNING: [Synth 8-3917] design ddr3_controller has port o_phy_cmd[29] driven by constant 0
WARNING: [Synth 8-3917] design ddr3_controller has port o_phy_cmd[28] driven by constant 0
WARNING: [Synth 8-3917] design ddr3_controller has port o_phy_cmd[27] driven by constant 0
WARNING: [Synth 8-3917] design ddr3_controller has port o_phy_cmd[26] driven by constant 0
WARNING: [Synth 8-3917] design ddr3_controller has port o_phy_cmd[25] driven by constant 0
WARNING: [Synth 8-3917] design ddr3_controller has port o_phy_cmd[24] driven by constant 0
WARNING: [Synth 8-3917] design ddr3_controller has port o_debug1[31] driven by constant 0
WARNING: [Synth 8-3917] design ddr3_controller has port o_debug1[30] driven by constant 0
WARNING: [Synth 8-3917] design ddr3_controller has port o_debug1[29] driven by constant 0
WARNING: [Synth 8-3917] design ddr3_controller has port o_debug1[28] driven by constant 0
WARNING: [Synth 8-3917] design ddr3_controller has port o_debug1[27] driven by constant 0
WARNING: [Synth 8-3917] design ddr3_controller has port o_debug1[26] driven by constant 0
WARNING: [Synth 8-3917] design ddr3_controller has port o_debug1[25] driven by constant 0
WARNING: [Synth 8-3917] design ddr3_controller has port o_debug1[24] driven by constant 0
WARNING: [Synth 8-3917] design ddr3_controller has port o_debug1[23] driven by constant 0
WARNING: [Synth 8-3917] design ddr3_controller has port o_debug1[22] driven by constant 0
WARNING: [Synth 8-3917] design ddr3_controller has port o_debug1[21] driven by constant 0
WARNING: [Synth 8-3917] design ddr3_controller has port o_debug1[20] driven by constant 0
WARNING: [Synth 8-3917] design ddr3_controller has port o_debug1[19] driven by constant 0
WARNING: [Synth 8-3917] design ddr3_controller has port o_debug1[18] driven by constant 0
WARNING: [Synth 8-3917] design ddr3_controller has port o_debug1[17] driven by constant 0
WARNING: [Synth 8-3917] design ddr3_controller has port o_debug1[16] driven by constant 0
WARNING: [Synth 8-3917] design ddr3_controller has port o_debug1[15] driven by constant 0
WARNING: [Synth 8-3917] design ddr3_controller has port o_debug1[14] driven by constant 0
WARNING: [Synth 8-3917] design ddr3_controller has port o_debug1[13] driven by constant 0
WARNING: [Synth 8-3917] design ddr3_controller has port o_debug1[12] driven by constant 0
WARNING: [Synth 8-3917] design ddr3_controller has port o_debug1[11] driven by constant 0
WARNING: [Synth 8-3917] design ddr3_controller has port o_debug1[10] driven by constant 0
WARNING: [Synth 8-3917] design ddr3_controller has port o_debug1[9] driven by constant 0
WARNING: [Synth 8-3917] design ddr3_controller has port o_debug1[8] driven by constant 0
WARNING: [Synth 8-3917] design ddr3_controller has port o_debug1[7] driven by constant 0
WARNING: [Synth 8-3917] design ddr3_controller has port o_debug1[6] driven by constant 0
WARNING: [Synth 8-3917] design ddr3_controller has port o_debug1[5] driven by constant 0
WARNING: [Synth 8-3917] design ddr3_controller has port uart_tx driven by constant 1
WARNING: [Synth 8-7129] Port i_wb2_cyc in module ddr3_controller is either unconnected or has no load
WARNING: [Synth 8-7129] Port i_wb2_stb in module ddr3_controller is either unconnected or has no load
WARNING: [Synth 8-7129] Port i_wb2_we in module ddr3_controller is either unconnected or has no load
WARNING: [Synth 8-7129] Port i_wb2_addr[31] in module ddr3_controller is either unconnected or has no load
WARNING: [Synth 8-7129] Port i_wb2_addr[30] in module ddr3_controller is either unconnected or has no load
WARNING: [Synth 8-7129] Port i_wb2_addr[29] in module ddr3_controller is either unconnected or has no load
WARNING: [Synth 8-7129] Port i_wb2_addr[28] in module ddr3_controller is either unconnected or has no load
WARNING: [Synth 8-7129] Port i_wb2_addr[27] in module ddr3_controller is either unconnected or has no load
WARNING: [Synth 8-7129] Port i_wb2_addr[26] in module ddr3_controller is either unconnected or has no load
WARNING: [Synth 8-7129] Port i_wb2_addr[25] in module ddr3_controller is either unconnected or has no load
WARNING: [Synth 8-7129] Port i_wb2_addr[24] in module ddr3_controller is either unconnected or has no load
WARNING: [Synth 8-7129] Port i_wb2_addr[23] in module ddr3_controller is either unconnected or has no load
WARNING: [Synth 8-7129] Port i_wb2_addr[22] in module ddr3_controller is either unconnected or has no load
WARNING: [Synth 8-7129] Port i_wb2_addr[21] in module ddr3_controller is either unconnected or has no load
WARNING: [Synth 8-7129] Port i_wb2_addr[20] in module ddr3_controller is either unconnected or has no load
WARNING: [Synth 8-7129] Port i_wb2_addr[19] in module ddr3_controller is either unconnected or has no load
WARNING: [Synth 8-7129] Port i_wb2_addr[18] in module ddr3_controller is either unconnected or has no load
WARNING: [Synth 8-7129] Port i_wb2_addr[17] in module ddr3_controller is either unconnected or has no load
WARNING: [Synth 8-7129] Port i_wb2_addr[16] in module ddr3_controller is either unconnected or has no load
WARNING: [Synth 8-7129] Port i_wb2_addr[15] in module ddr3_controller is either unconnected or has no load
WARNING: [Synth 8-7129] Port i_wb2_addr[14] in module ddr3_controller is either unconnected or has no load
WARNING: [Synth 8-7129] Port i_wb2_addr[13] in module ddr3_controller is either unconnected or has no load
WARNING: [Synth 8-7129] Port i_wb2_addr[12] in module ddr3_controller is either unconnected or has no load
WARNING: [Synth 8-7129] Port i_wb2_addr[11] in module ddr3_controller is either unconnected or has no load
WARNING: [Synth 8-7129] Port i_wb2_addr[10] in module ddr3_controller is either unconnected or has no load
WARNING: [Synth 8-7129] Port i_wb2_addr[9] in module ddr3_controller is either unconnected or has no load
WARNING: [Synth 8-7129] Port i_wb2_addr[8] in module ddr3_controller is either unconnected or has no load
WARNING: [Synth 8-7129] Port i_wb2_addr[7] in module ddr3_controller is either unconnected or has no load
WARNING: [Synth 8-7129] Port i_wb2_addr[6] in module ddr3_controller is either unconnected or has no load
WARNING: [Synth 8-7129] Port i_wb2_addr[5] in module ddr3_controller is either unconnected or has no load
WARNING: [Synth 8-7129] Port i_wb2_addr[4] in module ddr3_controller is either unconnected or has no load
WARNING: [Synth 8-7129] Port i_wb2_addr[3] in module ddr3_controller is either unconnected or has no load
WARNING: [Synth 8-7129] Port i_wb2_addr[2] in module ddr3_controller is either unconnected or has no load
WARNING: [Synth 8-7129] Port i_wb2_addr[1] in module ddr3_controller is either unconnected or has no load
WARNING: [Synth 8-7129] Port i_wb2_addr[0] in module ddr3_controller is either unconnected or has no load
WARNING: [Synth 8-7129] Port i_wb2_sel[3] in module ddr3_controller is either unconnected or has no load
WARNING: [Synth 8-7129] Port i_wb2_sel[2] in module ddr3_controller is either unconnected or has no load
WARNING: [Synth 8-7129] Port i_wb2_sel[1] in module ddr3_controller is either unconnected or has no load
WARNING: [Synth 8-7129] Port i_wb2_sel[0] in module ddr3_controller is either unconnected or has no load
WARNING: [Synth 8-7129] Port i_wb2_data[31] in module ddr3_controller is either unconnected or has no load
WARNING: [Synth 8-7129] Port i_wb2_data[30] in module ddr3_controller is either unconnected or has no load
WARNING: [Synth 8-7129] Port i_wb2_data[29] in module ddr3_controller is either unconnected or has no load
WARNING: [Synth 8-7129] Port i_wb2_data[28] in module ddr3_controller is either unconnected or has no load
WARNING: [Synth 8-7129] Port i_wb2_data[27] in module ddr3_controller is either unconnected or has no load
WARNING: [Synth 8-7129] Port i_wb2_data[26] in module ddr3_controller is either unconnected or has no load
WARNING: [Synth 8-7129] Port i_wb2_data[25] in module ddr3_controller is either unconnected or has no load
WARNING: [Synth 8-7129] Port i_wb2_data[24] in module ddr3_controller is either unconnected or has no load
WARNING: [Synth 8-7129] Port i_wb2_data[23] in module ddr3_controller is either unconnected or has no load
WARNING: [Synth 8-7129] Port i_wb2_data[22] in module ddr3_controller is either unconnected or has no load
WARNING: [Synth 8-7129] Port i_wb2_data[21] in module ddr3_controller is either unconnected or has no load
WARNING: [Synth 8-7129] Port i_wb2_data[20] in module ddr3_controller is either unconnected or has no load
WARNING: [Synth 8-7129] Port i_wb2_data[19] in module ddr3_controller is either unconnected or has no load
WARNING: [Synth 8-7129] Port i_wb2_data[18] in module ddr3_controller is either unconnected or has no load
WARNING: [Synth 8-7129] Port i_wb2_data[17] in module ddr3_controller is either unconnected or has no load
WARNING: [Synth 8-7129] Port i_wb2_data[16] in module ddr3_controller is either unconnected or has no load
WARNING: [Synth 8-7129] Port i_wb2_data[15] in module ddr3_controller is either unconnected or has no load
WARNING: [Synth 8-7129] Port i_wb2_data[14] in module ddr3_controller is either unconnected or has no load
WARNING: [Synth 8-7129] Port i_wb2_data[13] in module ddr3_controller is either unconnected or has no load
WARNING: [Synth 8-7129] Port i_wb2_data[12] in module ddr3_controller is either unconnected or has no load
WARNING: [Synth 8-7129] Port i_wb2_data[11] in module ddr3_controller is either unconnected or has no load
WARNING: [Synth 8-7129] Port i_wb2_data[10] in module ddr3_controller is either unconnected or has no load
WARNING: [Synth 8-7129] Port i_wb2_data[9] in module ddr3_controller is either unconnected or has no load
WARNING: [Synth 8-7129] Port i_wb2_data[8] in module ddr3_controller is either unconnected or has no load
WARNING: [Synth 8-7129] Port i_wb2_data[7] in module ddr3_controller is either unconnected or has no load
WARNING: [Synth 8-7129] Port i_wb2_data[6] in module ddr3_controller is either unconnected or has no load
WARNING: [Synth 8-7129] Port i_wb2_data[5] in module ddr3_controller is either unconnected or has no load
WARNING: [Synth 8-7129] Port i_wb2_data[4] in module ddr3_controller is either unconnected or has no load
WARNING: [Synth 8-7129] Port i_wb2_data[3] in module ddr3_controller is either unconnected or has no load
WARNING: [Synth 8-7129] Port i_wb2_data[2] in module ddr3_controller is either unconnected or has no load
WARNING: [Synth 8-7129] Port i_wb2_data[1] in module ddr3_controller is either unconnected or has no load
WARNING: [Synth 8-7129] Port i_wb2_data[0] in module ddr3_controller is either unconnected or has no load
INFO: [Synth 8-3886] merging instance 'delay_read_pipe_reg[1][15]' (FDR) to 'delay_read_pipe_reg[0][15]'
INFO: [Synth 8-3886] merging instance 'delay_read_pipe_reg[1][14]' (FDR) to 'delay_read_pipe_reg[0][14]'
INFO: [Synth 8-3886] merging instance 'delay_read_pipe_reg[1][13]' (FDR) to 'delay_read_pipe_reg[0][13]'
INFO: [Synth 8-3886] merging instance 'delay_read_pipe_reg[1][12]' (FDR) to 'delay_read_pipe_reg[0][12]'
INFO: [Synth 8-3886] merging instance 'delay_read_pipe_reg[1][11]' (FDR) to 'delay_read_pipe_reg[0][11]'
INFO: [Synth 8-3886] merging instance 'delay_read_pipe_reg[1][10]' (FDR) to 'delay_read_pipe_reg[0][10]'
INFO: [Synth 8-3886] merging instance 'delay_read_pipe_reg[1][9]' (FDR) to 'delay_read_pipe_reg[0][9]'
INFO: [Synth 8-3886] merging instance 'delay_read_pipe_reg[1][8]' (FDR) to 'delay_read_pipe_reg[0][8]'
INFO: [Synth 8-3333] propagating constant 0 across sequential element (\delay_read_pipe_reg[0][15] )
INFO: [Synth 8-3886] merging instance 'delay_read_pipe_reg[0][14]' (FDR) to 'delay_read_pipe_reg[0][15]'
INFO: [Synth 8-3886] merging instance 'calib_data_reg[16]' (FDRE) to 'calib_data_reg[22]'
INFO: [Synth 8-3886] merging instance 'calib_data_reg[82]' (FDRE) to 'calib_data_reg[86]'
INFO: [Synth 8-3886] merging instance 'calib_data_reg[17]' (FDRE) to 'calib_data_reg[23]'
INFO: [Synth 8-3886] merging instance 'calib_data_reg[23]' (FDRE) to 'calib_data_reg[49]'
INFO: [Synth 8-3886] merging instance 'calib_data_reg[49]' (FDRE) to 'calib_data_reg[51]'
INFO: [Synth 8-3886] merging instance 'calib_data_reg[51]' (FDRE) to 'calib_data_reg[113]'
INFO: [Synth 8-3886] merging instance 'calib_data_reg[81]' (FDRE) to 'calib_data_reg[87]'
INFO: [Synth 8-3886] merging instance 'calib_data_reg[113]' (FDRE) to 'calib_data_reg[115]'
INFO: [Synth 8-3886] merging instance 'calib_data_reg[26]' (FDRE) to 'calib_data_reg[46]'
INFO: [Synth 8-3886] merging instance 'calib_data_reg[28]' (FDRE) to 'calib_data_reg[30]'
INFO: [Synth 8-3886] merging instance 'calib_data_reg[30]' (FDRE) to 'calib_data_reg[42]'
INFO: [Synth 8-3886] merging instance 'calib_data_reg[42]' (FDRE) to 'calib_data_reg[106]'
INFO: [Synth 8-3886] merging instance 'calib_data_reg[46]' (FDRE) to 'calib_data_reg[90]'
INFO: [Synth 8-3886] merging instance 'calib_data_reg[90]' (FDRE) to 'calib_data_reg[94]'
INFO: [Synth 8-3333] propagating constant 0 across sequential element (\calib_data_reg[92] )
INFO: [Synth 8-3886] merging instance 'calib_data_reg[25]' (FDRE) to 'calib_data_reg[31]'
INFO: [Synth 8-3886] merging instance 'calib_data_reg[89]' (FDRE) to 'calib_data_reg[95]'
INFO: [Synth 8-3886] merging instance 'write_pattern_reg[127]' (FDRE) to 'write_pattern_reg[119]'
INFO: [Synth 8-3886] merging instance 'write_pattern_reg[126]' (FDRE) to 'write_pattern_reg[125]'
INFO: [Synth 8-3886] merging instance 'write_pattern_reg[125]' (FDRE) to 'write_pattern_reg[124]'
INFO: [Synth 8-3886] merging instance 'write_pattern_reg[124]' (FDRE) to 'write_pattern_reg[123]'
INFO: [Synth 8-3886] merging instance 'write_pattern_reg[123]' (FDRE) to 'write_pattern_reg[122]'
INFO: [Synth 8-3886] merging instance 'write_pattern_reg[122]' (FDRE) to 'write_pattern_reg[121]'
INFO: [Synth 8-3886] merging instance 'write_pattern_reg[121]' (FDRE) to 'write_pattern_reg[120]'
INFO: [Synth 8-3886] merging instance 'write_pattern_reg[120]' (FDRE) to 'write_pattern_reg[117]'
INFO: [Synth 8-3886] merging instance 'write_pattern_reg[119]' (FDRE) to 'write_pattern_reg[118]'
INFO: [Synth 8-3886] merging instance 'write_pattern_reg[118]' (FDRE) to 'write_pattern_reg[116]'
INFO: [Synth 8-3886] merging instance 'write_pattern_reg[117]' (FDRE) to 'write_pattern_reg[114]'
INFO: [Synth 8-3886] merging instance 'write_pattern_reg[116]' (FDRE) to 'write_pattern_reg[115]'
INFO: [Synth 8-3886] merging instance 'write_pattern_reg[115]' (FDRE) to 'write_pattern_reg[113]'
INFO: [Synth 8-3886] merging instance 'write_pattern_reg[114]' (FDRE) to 'write_pattern_reg[109]'
INFO: [Synth 8-3886] merging instance 'write_pattern_reg[113]' (FDRE) to 'write_pattern_reg[112]'
INFO: [Synth 8-3886] merging instance 'write_pattern_reg[112]' (FDRE) to 'write_pattern_reg[111]'
INFO: [Synth 8-3886] merging instance 'write_pattern_reg[111]' (FDRE) to 'write_pattern_reg[110]'
INFO: [Synth 8-3886] merging instance 'write_pattern_reg[110]' (FDRE) to 'write_pattern_reg[107]'
INFO: [Synth 8-3886] merging instance 'write_pattern_reg[109]' (FDRE) to 'write_pattern_reg[108]'
INFO: [Synth 8-3886] merging instance 'write_pattern_reg[108]' (FDRE) to 'write_pattern_reg[101]'
INFO: [Synth 8-3886] merging instance 'write_pattern_reg[107]' (FDRE) to 'write_pattern_reg[106]'
INFO: [Synth 8-3886] merging instance 'write_pattern_reg[106]' (FDRE) to 'write_pattern_reg[105]'
INFO: [Synth 8-3886] merging instance 'write_pattern_reg[105]' (FDRE) to 'write_pattern_reg[104]'
INFO: [Synth 8-3886] merging instance 'write_pattern_reg[104]' (FDRE) to 'write_pattern_reg[103]'
INFO: [Synth 8-3886] merging instance 'write_pattern_reg[103]' (FDRE) to 'write_pattern_reg[102]'
INFO: [Synth 8-3886] merging instance 'write_pattern_reg[102]' (FDRE) to 'write_pattern_reg[100]'
INFO: [Synth 8-3886] merging instance 'write_pattern_reg[101]' (FDRE) to 'write_pattern_reg[99]'
INFO: [Synth 8-3886] merging instance 'write_pattern_reg[100]' (FDRE) to 'write_pattern_reg[97]'
INFO: [Synth 8-3886] merging instance 'write_pattern_reg[99]' (FDRE) to 'write_pattern_reg[98]'
INFO: [Synth 8-3886] merging instance 'write_pattern_reg[98]' (FDRE) to 'write_pattern_reg[96]'
INFO: [Synth 8-3886] merging instance 'write_pattern_reg[97]' (FDRE) to 'write_pattern_reg[94]'
INFO: [Synth 8-3886] merging instance 'write_pattern_reg[96]' (FDRE) to 'write_pattern_reg[95]'
INFO: [Synth 8-3886] merging instance 'write_pattern_reg[95]' (FDRE) to 'write_pattern_reg[91]'
INFO: [Synth 8-3886] merging instance 'write_pattern_reg[94]' (FDRE) to 'write_pattern_reg[93]'
INFO: [Synth 8-3886] merging instance 'write_pattern_reg[93]' (FDRE) to 'write_pattern_reg[92]'
INFO: [Synth 8-3886] merging instance 'write_pattern_reg[92]' (FDRE) to 'write_pattern_reg[90]'
INFO: [Synth 8-3886] merging instance 'write_pattern_reg[91]' (FDRE) to 'write_pattern_reg[89]'
INFO: [Synth 8-3886] merging instance 'write_pattern_reg[90]' (FDRE) to 'write_pattern_reg[88]'
INFO: [Synth 8-3886] merging instance 'write_pattern_reg[89]' (FDRE) to 'write_pattern_reg[83]'
INFO: [Synth 8-3886] merging instance 'write_pattern_reg[88]' (FDRE) to 'write_pattern_reg[87]'
INFO: [Synth 8-3886] merging instance 'write_pattern_reg[87]' (FDRE) to 'write_pattern_reg[86]'
INFO: [Synth 8-3886] merging instance 'write_pattern_reg[86]' (FDRE) to 'write_pattern_reg[85]'
INFO: [Synth 8-3886] merging instance 'write_pattern_reg[85]' (FDRE) to 'write_pattern_reg[84]'
INFO: [Synth 8-3886] merging instance 'write_pattern_reg[84]' (FDRE) to 'write_pattern_reg[80]'
INFO: [Synth 8-3886] merging instance 'write_pattern_reg[83]' (FDRE) to 'write_pattern_reg[82]'
INFO: [Synth 8-3886] merging instance 'write_pattern_reg[82]' (FDRE) to 'write_pattern_reg[81]'
INFO: [Synth 8-3886] merging instance 'write_pattern_reg[81]' (FDRE) to 'write_pattern_reg[79]'
INFO: [Synth 8-3886] merging instance 'write_pattern_reg[80]' (FDRE) to 'write_pattern_reg[77]'
INFO: [Synth 8-3886] merging instance 'write_pattern_reg[79]' (FDRE) to 'write_pattern_reg[78]'
INFO: [Synth 8-3886] merging instance 'write_pattern_reg[78]' (FDRE) to 'write_pattern_reg[76]'
INFO: [Synth 8-3886] merging instance 'write_pattern_reg[77]' (FDRE) to 'write_pattern_reg[75]'
INFO: [Synth 8-3886] merging instance 'write_pattern_reg[76]' (FDRE) to 'write_pattern_reg[73]'
INFO: [Synth 8-3886] merging instance 'write_pattern_reg[75]' (FDRE) to 'write_pattern_reg[74]'
INFO: [Synth 8-3886] merging instance 'write_pattern_reg[74]' (FDRE) to 'write_pattern_reg[69]'
INFO: [Synth 8-3886] merging instance 'write_pattern_reg[73]' (FDRE) to 'write_pattern_reg[72]'
INFO: [Synth 8-3886] merging instance 'write_pattern_reg[72]' (FDRE) to 'write_pattern_reg[71]'
INFO: [Synth 8-3886] merging instance 'write_pattern_reg[71]' (FDRE) to 'write_pattern_reg[70]'
INFO: [Synth 8-3886] merging instance 'write_pattern_reg[70]' (FDRE) to 'write_pattern_reg[65]'
INFO: [Synth 8-3886] merging instance 'write_pattern_reg[69]' (FDRE) to 'write_pattern_reg[68]'
INFO: [Synth 8-3886] merging instance 'write_pattern_reg[68]' (FDRE) to 'write_pattern_reg[67]'
INFO: [Synth 8-3886] merging instance 'write_pattern_reg[67]' (FDRE) to 'write_pattern_reg[66]'
INFO: [Synth 8-3886] merging instance 'write_pattern_reg[66]' (FDRE) to 'write_pattern_reg[64]'
INFO: [Synth 8-3886] merging instance 'write_pattern_reg[65]' (FDRE) to 'write_pattern_reg[62]'
INFO: [Synth 8-3886] merging instance 'write_pattern_reg[64]' (FDRE) to 'write_pattern_reg[63]'
INFO: [Synth 8-3886] merging instance 'write_dqs_reg[0]' (FDR) to 'write_dqs_val_reg[0]'
INFO: [Synth 8-3886] merging instance 'instruction_reg[15]' (FDRE) to 'instruction_reg[13]'
INFO: [Synth 8-3886] merging instance 'lane_times_8_reg[0]' (FDR) to 'lane_times_8_reg[1]'
INFO: [Synth 8-3886] merging instance 'lane_times_8_reg[1]' (FDR) to 'lane_times_8_reg[2]'
INFO: [Synth 8-3333] propagating constant 0 across sequential element (\lane_times_8_reg[2] )
INFO: [Synth 8-3333] propagating constant 0 across sequential element (write_calib_dq_reg)
INFO: [Synth 8-3886] merging instance 'write_pattern_reg[63]' (FDRE) to 'write_pattern_reg[60]'
INFO: [Synth 8-3886] merging instance 'write_pattern_reg[60]' (FDRE) to 'write_pattern_reg[56]'
INFO: [Synth 8-3886] merging instance 'write_pattern_reg[61]' (FDRE) to 'write_pattern_reg[62]'
INFO: [Synth 8-3886] merging instance 'write_pattern_reg[62]' (FDRE) to 'write_pattern_reg[59]'
INFO: [Synth 8-3886] merging instance 'write_pattern_reg[57]' (FDRE) to 'write_pattern_reg[59]'
INFO: [Synth 8-3886] merging instance 'write_pattern_reg[58]' (FDRE) to 'write_pattern_reg[59]'
INFO: [Synth 8-3886] merging instance 'write_pattern_reg[59]' (FDRE) to 'write_pattern_reg[55]'
INFO: [Synth 8-3886] merging instance 'write_pattern_reg[54]' (FDRE) to 'write_pattern_reg[56]'
INFO: [Synth 8-3886] merging instance 'write_pattern_reg[55]' (FDRE) to 'write_pattern_reg[51]'
INFO: [Synth 8-3886] merging instance 'write_pattern_reg[56]' (FDRE) to 'write_pattern_reg[53]'
INFO: [Synth 8-3886] merging instance 'write_pattern_reg[51]' (FDRE) to 'write_pattern_reg[47]'
INFO: [Synth 8-3886] merging instance 'write_pattern_reg[52]' (FDRE) to 'write_pattern_reg[53]'
INFO: [Synth 8-3886] merging instance 'write_pattern_reg[53]' (FDRE) to 'write_pattern_reg[50]'
INFO: [Synth 8-3886] merging instance 'write_pattern_reg[48]' (FDRE) to 'write_pattern_reg[50]'
INFO: [Synth 8-3886] merging instance 'write_pattern_reg[49]' (FDRE) to 'write_pattern_reg[50]'
INFO: [Synth 8-3886] merging instance 'write_pattern_reg[50]' (FDRE) to 'write_pattern_reg[45]'
INFO: [Synth 8-3886] merging instance 'write_pattern_reg[45]' (FDRE) to 'write_pattern_reg[43]'
INFO: [Synth 8-3886] merging instance 'write_pattern_reg[46]' (FDRE) to 'write_pattern_reg[47]'
INFO: [Synth 8-3886] merging instance 'write_pattern_reg[47]' (FDRE) to 'write_pattern_reg[44]'
INFO: [Synth 8-3886] merging instance 'write_pattern_reg[42]' (FDRE) to 'write_pattern_reg[44]'
INFO: [Synth 8-3886] merging instance 'write_pattern_reg[43]' (FDRE) to 'write_pattern_reg[40]'
INFO: [Synth 8-3886] merging instance 'write_pattern_reg[44]' (FDRE) to 'write_pattern_reg[41]'
INFO: [Synth 8-3886] merging instance 'write_pattern_reg[39]' (FDRE) to 'write_pattern_reg[40]'
INFO: [Synth 8-3886] merging instance 'write_pattern_reg[40]' (FDRE) to 'write_pattern_reg[35]'
INFO: [Synth 8-3886] merging instance 'write_pattern_reg[41]' (FDRE) to 'write_pattern_reg[38]'
INFO: [Synth 8-3886] merging instance 'write_pattern_reg[36]' (FDRE) to 'write_pattern_reg[38]'
INFO: [Synth 8-3886] merging instance 'write_pattern_reg[37]' (FDRE) to 'write_pattern_reg[38]'
INFO: [Synth 8-3886] merging instance 'write_pattern_reg[38]' (FDRE) to 'write_pattern_reg[33]'
INFO: [Synth 8-3886] merging instance 'write_pattern_reg[33]' (FDRE) to 'write_pattern_reg[32]'
INFO: [Synth 8-3886] merging instance 'write_pattern_reg[34]' (FDRE) to 'write_pattern_reg[35]'
INFO: [Synth 8-3886] merging instance 'write_pattern_reg[35]' (FDRE) to 'write_pattern_reg[31]'
INFO: [Synth 8-3886] merging instance 'write_pattern_reg[30]' (FDRE) to 'write_pattern_reg[31]'
INFO: [Synth 8-3886] merging instance 'write_pattern_reg[31]' (FDRE) to 'write_pattern_reg[28]'
INFO: [Synth 8-3886] merging instance 'write_pattern_reg[32]' (FDRE) to 'write_pattern_reg[29]'
INFO: [Synth 8-3886] merging instance 'write_pattern_reg[27]' (FDRE) to 'write_pattern_reg[29]'
INFO: [Synth 8-3886] merging instance 'write_pattern_reg[28]' (FDRE) to 'write_pattern_reg[23]'
INFO: [Synth 8-3886] merging instance 'write_pattern_reg[29]' (FDRE) to 'write_pattern_reg[26]'
INFO: [Synth 8-3886] merging instance 'write_pattern_reg[24]' (FDRE) to 'write_pattern_reg[26]'
INFO: [Synth 8-3886] merging instance 'write_pattern_reg[25]' (FDRE) to 'write_pattern_reg[26]'
INFO: [Synth 8-3886] merging instance 'write_pattern_reg[26]' (FDRE) to 'write_pattern_reg[22]'
INFO: [Synth 8-3886] merging instance 'write_pattern_reg[21]' (FDRE) to 'write_pattern_reg[23]'
INFO: [Synth 8-3886] merging instance 'write_pattern_reg[22]' (FDRE) to 'write_pattern_reg[20]'
INFO: [Synth 8-3886] merging instance 'write_pattern_reg[23]' (FDRE) to 'write_pattern_reg[19]'
INFO: [Synth 8-3886] merging instance 'write_pattern_reg[18]' (FDRE) to 'write_pattern_reg[19]'
INFO: [Synth 8-3886] merging instance 'write_pattern_reg[19]' (FDRE) to 'write_pattern_reg[16]'
INFO: [Synth 8-3886] merging instance 'write_pattern_reg[20]' (FDRE) to 'write_pattern_reg[17]'
INFO: [Synth 8-3886] merging instance 'write_pattern_reg[15]' (FDRE) to 'write_pattern_reg[17]'
INFO: [Synth 8-3886] merging instance 'write_pattern_reg[16]' (FDRE) to 'write_pattern_reg[14]'
INFO: [Synth 8-3886] merging instance 'write_pattern_reg[17]' (FDRE) to 'write_pattern_reg[13]'
INFO: [Synth 8-3886] merging instance 'write_pattern_reg[12]' (FDRE) to 'write_pattern_reg[14]'
INFO: [Synth 8-3886] merging instance 'write_pattern_reg[13]' (FDRE) to 'write_pattern_reg[11]'
INFO: [Synth 8-3886] merging instance 'write_pattern_reg[14]' (FDRE) to 'write_pattern_reg[8]'
INFO: [Synth 8-3886] merging instance 'write_pattern_reg[9]' (FDRE) to 'write_pattern_reg[11]'
INFO: [Synth 8-3886] merging instance 'write_pattern_reg[10]' (FDRE) to 'write_pattern_reg[11]'
INFO: [Synth 8-3886] merging instance 'write_pattern_reg[11]' (FDRE) to 'write_pattern_reg[5]'
INFO: [Synth 8-3886] merging instance 'write_pattern_reg[6]' (FDRE) to 'write_pattern_reg[8]'
INFO: [Synth 8-3886] merging instance 'write_pattern_reg[7]' (FDRE) to 'write_pattern_reg[8]'
INFO: [Synth 8-3886] merging instance 'write_pattern_reg[8]' (FDRE) to 'write_pattern_reg[0]'
INFO: [Synth 8-3886] merging instance 'write_pattern_reg[3]' (FDRE) to 'write_pattern_reg[5]'
INFO: [Synth 8-3886] merging instance 'write_pattern_reg[4]' (FDRE) to 'write_pattern_reg[5]'
INFO: [Synth 8-3886] merging instance 'write_pattern_reg[5]' (FDRE) to 'write_pattern_reg[2]'
INFO: [Synth 8-3886] merging instance 'write_pattern_reg[1]' (FDRE) to 'write_pattern_reg[2]'
INFO: [Synth 8-3333] propagating constant 0 across sequential element (\write_pattern_reg[2] )
INFO: [Synth 8-3333] propagating constant 0 across sequential element (write_calib_dqs_reg)
INFO: [Synth 8-3886] merging instance 'stage1_col_reg[0]' (FDRE) to 'stage1_col_reg[1]'
INFO: [Synth 8-3886] merging instance 'stage2_col_reg[0]' (FDRE) to 'stage2_col_reg[1]'
INFO: [Synth 8-3886] merging instance 'stage1_col_reg[1]' (FDRE) to 'stage1_col_reg[2]'
INFO: [Synth 8-3886] merging instance 'stage2_col_reg[1]' (FDRE) to 'stage2_col_reg[2]'
INFO: [Synth 8-3333] propagating constant 0 across sequential element (\stage1_col_reg[2] )
INFO: [Synth 8-3333] propagating constant 0 across sequential element (\o_wb_ack_read_q_reg[15][1] )
INFO: [Synth 8-3333] propagating constant 0 across sequential element (\o_wb_ack_read_q_reg[15][2] )
INFO: [Synth 8-3886] merging instance 'o_wb_ack_read_q_reg[14][2]' (FDR) to 'o_wb_ack_read_q_reg[14][1]'
INFO: [Synth 8-3886] merging instance 'o_wb_ack_read_q_reg[13][2]' (FDR) to 'o_wb_ack_read_q_reg[13][1]'
INFO: [Synth 8-3886] merging instance 'o_wb_ack_read_q_reg[12][2]' (FDR) to 'o_wb_ack_read_q_reg[12][1]'
INFO: [Synth 8-3886] merging instance 'o_wb_ack_read_q_reg[11][2]' (FDR) to 'o_wb_ack_read_q_reg[11][1]'
INFO: [Synth 8-3886] merging instance 'o_wb_ack_read_q_reg[10][2]' (FDR) to 'o_wb_ack_read_q_reg[10][1]'
INFO: [Synth 8-3886] merging instance 'o_wb_ack_read_q_reg[9][2]' (FDR) to 'o_wb_ack_read_q_reg[9][1]'
INFO: [Synth 8-3886] merging instance 'o_wb_ack_read_q_reg[8][2]' (FDR) to 'o_wb_ack_read_q_reg[8][1]'
INFO: [Synth 8-3333] propagating constant 0 across sequential element (\o_wb_ack_read_q_reg[15][3] )
INFO: [Synth 8-3886] merging instance 'o_wb_ack_read_q_reg[14][3]' (FDR) to 'o_wb_ack_read_q_reg[14][1]'
INFO: [Synth 8-3886] merging instance 'o_wb_ack_read_q_reg[13][3]' (FDR) to 'o_wb_ack_read_q_reg[13][1]'
INFO: [Synth 8-3886] merging instance 'o_wb_ack_read_q_reg[12][3]' (FDR) to 'o_wb_ack_read_q_reg[12][1]'
INFO: [Synth 8-3886] merging instance 'o_wb_ack_read_q_reg[11][3]' (FDR) to 'o_wb_ack_read_q_reg[11][1]'
INFO: [Synth 8-3886] merging instance 'o_wb_ack_read_q_reg[10][3]' (FDR) to 'o_wb_ack_read_q_reg[10][1]'
INFO: [Synth 8-3886] merging instance 'o_wb_ack_read_q_reg[9][3]' (FDR) to 'o_wb_ack_read_q_reg[9][1]'
INFO: [Synth 8-3886] merging instance 'o_wb_ack_read_q_reg[8][3]' (FDR) to 'o_wb_ack_read_q_reg[8][1]'
INFO: [Synth 8-3333] propagating constant 0 across sequential element (\o_wb_ack_read_q_reg[15][4] )
INFO: [Synth 8-3886] merging instance 'o_wb_ack_read_q_reg[14][4]' (FDR) to 'o_wb_ack_read_q_reg[14][1]'
INFO: [Synth 8-3886] merging instance 'o_wb_ack_read_q_reg[13][4]' (FDR) to 'o_wb_ack_read_q_reg[13][1]'
INFO: [Synth 8-3886] merging instance 'o_wb_ack_read_q_reg[12][4]' (FDR) to 'o_wb_ack_read_q_reg[12][1]'
INFO: [Synth 8-3886] merging instance 'o_wb_ack_read_q_reg[11][4]' (FDR) to 'o_wb_ack_read_q_reg[11][1]'
INFO: [Synth 8-3886] merging instance 'o_wb_ack_read_q_reg[10][4]' (FDR) to 'o_wb_ack_read_q_reg[10][1]'
INFO: [Synth 8-3886] merging instance 'o_wb_ack_read_q_reg[9][4]' (FDR) to 'o_wb_ack_read_q_reg[9][1]'
INFO: [Synth 8-3886] merging instance 'o_wb_ack_read_q_reg[8][4]' (FDR) to 'o_wb_ack_read_q_reg[8][1]'
INFO: [Synth 8-3333] propagating constant 0 across sequential element (\o_wb_ack_read_q_reg[15][5] )
INFO: [Synth 8-3886] merging instance 'o_wb_ack_read_q_reg[14][5]' (FDR) to 'o_wb_ack_read_q_reg[14][1]'
INFO: [Synth 8-3886] merging instance 'o_wb_ack_read_q_reg[13][5]' (FDR) to 'o_wb_ack_read_q_reg[13][1]'
INFO: [Synth 8-3886] merging instance 'o_wb_ack_read_q_reg[12][5]' (FDR) to 'o_wb_ack_read_q_reg[12][1]'
INFO: [Synth 8-3886] merging instance 'o_wb_ack_read_q_reg[11][5]' (FDR) to 'o_wb_ack_read_q_reg[11][1]'
INFO: [Synth 8-3886] merging instance 'o_wb_ack_read_q_reg[10][5]' (FDR) to 'o_wb_ack_read_q_reg[10][1]'
INFO: [Synth 8-3886] merging instance 'o_wb_ack_read_q_reg[9][5]' (FDR) to 'o_wb_ack_read_q_reg[9][1]'
INFO: [Synth 8-3886] merging instance 'o_wb_ack_read_q_reg[8][5]' (FDR) to 'o_wb_ack_read_q_reg[8][1]'
INFO: [Synth 8-3333] propagating constant 0 across sequential element (\o_wb_ack_read_q_reg[15][6] )
INFO: [Synth 8-3886] merging instance 'o_wb_ack_read_q_reg[14][6]' (FDR) to 'o_wb_ack_read_q_reg[14][1]'
INFO: [Synth 8-3886] merging instance 'o_wb_ack_read_q_reg[13][6]' (FDR) to 'o_wb_ack_read_q_reg[13][1]'
INFO: [Synth 8-3886] merging instance 'o_wb_ack_read_q_reg[12][6]' (FDR) to 'o_wb_ack_read_q_reg[12][1]'
INFO: [Synth 8-3886] merging instance 'o_wb_ack_read_q_reg[11][6]' (FDR) to 'o_wb_ack_read_q_reg[11][1]'
INFO: [Synth 8-3886] merging instance 'o_wb_ack_read_q_reg[10][6]' (FDR) to 'o_wb_ack_read_q_reg[10][1]'
INFO: [Synth 8-3886] merging instance 'o_wb_ack_read_q_reg[9][6]' (FDR) to 'o_wb_ack_read_q_reg[9][1]'
INFO: [Synth 8-3886] merging instance 'o_wb_ack_read_q_reg[8][6]' (FDR) to 'o_wb_ack_read_q_reg[8][1]'
INFO: [Synth 8-3333] propagating constant 0 across sequential element (\o_wb_ack_read_q_reg[15][7] )
INFO: [Synth 8-3886] merging instance 'o_wb_ack_read_q_reg[14][7]' (FDR) to 'o_wb_ack_read_q_reg[14][1]'
INFO: [Synth 8-3886] merging instance 'o_wb_ack_read_q_reg[13][7]' (FDR) to 'o_wb_ack_read_q_reg[13][1]'
INFO: [Synth 8-3886] merging instance 'o_wb_ack_read_q_reg[12][7]' (FDR) to 'o_wb_ack_read_q_reg[12][1]'
INFO: [Synth 8-3886] merging instance 'o_wb_ack_read_q_reg[11][7]' (FDR) to 'o_wb_ack_read_q_reg[11][1]'
INFO: [Synth 8-3886] merging instance 'o_wb_ack_read_q_reg[10][7]' (FDR) to 'o_wb_ack_read_q_reg[10][1]'
INFO: [Synth 8-3886] merging instance 'o_wb_ack_read_q_reg[9][7]' (FDR) to 'o_wb_ack_read_q_reg[9][1]'
INFO: [Synth 8-3886] merging instance 'o_wb_ack_read_q_reg[8][7]' (FDR) to 'o_wb_ack_read_q_reg[8][1]'
INFO: [Synth 8-3333] propagating constant 0 across sequential element (\o_wb_ack_read_q_reg[15][8] )
INFO: [Synth 8-3886] merging instance 'o_wb_ack_read_q_reg[14][8]' (FDR) to 'o_wb_ack_read_q_reg[14][1]'
INFO: [Synth 8-3886] merging instance 'o_wb_ack_read_q_reg[13][8]' (FDR) to 'o_wb_ack_read_q_reg[13][1]'
INFO: [Synth 8-3886] merging instance 'o_wb_ack_read_q_reg[12][8]' (FDR) to 'o_wb_ack_read_q_reg[12][1]'
INFO: [Synth 8-3886] merging instance 'o_wb_ack_read_q_reg[11][8]' (FDR) to 'o_wb_ack_read_q_reg[11][1]'
INFO: [Synth 8-3886] merging instance 'o_wb_ack_read_q_reg[10][8]' (FDR) to 'o_wb_ack_read_q_reg[10][1]'
INFO: [Synth 8-3886] merging instance 'o_wb_ack_read_q_reg[9][8]' (FDR) to 'o_wb_ack_read_q_reg[9][1]'
INFO: [Synth 8-3886] merging instance 'o_wb_ack_read_q_reg[8][8]' (FDR) to 'o_wb_ack_read_q_reg[8][1]'
INFO: [Synth 8-3333] propagating constant 0 across sequential element (\o_wb_ack_read_q_reg[15][9] )
INFO: [Synth 8-3886] merging instance 'o_wb_ack_read_q_reg[14][9]' (FDR) to 'o_wb_ack_read_q_reg[14][1]'
INFO: [Synth 8-3886] merging instance 'o_wb_ack_read_q_reg[13][9]' (FDR) to 'o_wb_ack_read_q_reg[13][1]'
INFO: [Synth 8-3886] merging instance 'o_wb_ack_read_q_reg[12][9]' (FDR) to 'o_wb_ack_read_q_reg[12][1]'
INFO: [Synth 8-3886] merging instance 'o_wb_ack_read_q_reg[11][9]' (FDR) to 'o_wb_ack_read_q_reg[11][1]'
INFO: [Synth 8-3886] merging instance 'o_wb_ack_read_q_reg[10][9]' (FDR) to 'o_wb_ack_read_q_reg[10][1]'
INFO: [Synth 8-3886] merging instance 'o_wb_ack_read_q_reg[9][9]' (FDR) to 'o_wb_ack_read_q_reg[9][1]'
INFO: [Synth 8-3886] merging instance 'o_wb_ack_read_q_reg[8][9]' (FDR) to 'o_wb_ack_read_q_reg[8][1]'
INFO: [Synth 8-3333] propagating constant 0 across sequential element (\o_wb_ack_read_q_reg[15][10] )
INFO: [Synth 8-3886] merging instance 'o_wb_ack_read_q_reg[14][10]' (FDR) to 'o_wb_ack_read_q_reg[14][1]'
INFO: [Synth 8-3886] merging instance 'o_wb_ack_read_q_reg[13][10]' (FDR) to 'o_wb_ack_read_q_reg[13][1]'
INFO: [Synth 8-3886] merging instance 'o_wb_ack_read_q_reg[12][10]' (FDR) to 'o_wb_ack_read_q_reg[12][1]'
INFO: [Synth 8-3886] merging instance 'o_wb_ack_read_q_reg[11][10]' (FDR) to 'o_wb_ack_read_q_reg[11][1]'
INFO: [Synth 8-3886] merging instance 'o_wb_ack_read_q_reg[10][10]' (FDR) to 'o_wb_ack_read_q_reg[10][1]'
INFO: [Synth 8-3886] merging instance 'o_wb_ack_read_q_reg[9][10]' (FDR) to 'o_wb_ack_read_q_reg[9][1]'
INFO: [Synth 8-3886] merging instance 'o_wb_ack_read_q_reg[8][10]' (FDR) to 'o_wb_ack_read_q_reg[8][1]'
INFO: [Synth 8-3333] propagating constant 0 across sequential element (\o_wb_ack_read_q_reg[15][11] )
INFO: [Synth 8-3886] merging instance 'o_wb_ack_read_q_reg[14][11]' (FDR) to 'o_wb_ack_read_q_reg[14][1]'
INFO: [Synth 8-3886] merging instance 'o_wb_ack_read_q_reg[13][11]' (FDR) to 'o_wb_ack_read_q_reg[13][1]'
INFO: [Synth 8-3886] merging instance 'o_wb_ack_read_q_reg[12][11]' (FDR) to 'o_wb_ack_read_q_reg[12][1]'
INFO: [Synth 8-3886] merging instance 'o_wb_ack_read_q_reg[11][11]' (FDR) to 'o_wb_ack_read_q_reg[11][1]'
INFO: [Synth 8-3886] merging instance 'o_wb_ack_read_q_reg[10][11]' (FDR) to 'o_wb_ack_read_q_reg[10][1]'
INFO: [Synth 8-3886] merging instance 'o_wb_ack_read_q_reg[9][11]' (FDR) to 'o_wb_ack_read_q_reg[9][1]'
INFO: [Synth 8-3886] merging instance 'o_wb_ack_read_q_reg[8][11]' (FDR) to 'o_wb_ack_read_q_reg[8][1]'
INFO: [Synth 8-3333] propagating constant 0 across sequential element (\o_wb_ack_read_q_reg[15][12] )
INFO: [Synth 8-3886] merging instance 'o_wb_ack_read_q_reg[14][12]' (FDR) to 'o_wb_ack_read_q_reg[14][1]'
INFO: [Synth 8-3886] merging instance 'o_wb_ack_read_q_reg[13][12]' (FDR) to 'o_wb_ack_read_q_reg[13][1]'
INFO: [Synth 8-3886] merging instance 'o_wb_ack_read_q_reg[12][12]' (FDR) to 'o_wb_ack_read_q_reg[12][1]'
INFO: [Synth 8-3886] merging instance 'o_wb_ack_read_q_reg[11][12]' (FDR) to 'o_wb_ack_read_q_reg[11][1]'
INFO: [Synth 8-3886] merging instance 'o_wb_ack_read_q_reg[10][12]' (FDR) to 'o_wb_ack_read_q_reg[10][1]'
INFO: [Synth 8-3886] merging instance 'o_wb_ack_read_q_reg[9][12]' (FDR) to 'o_wb_ack_read_q_reg[9][1]'
INFO: [Synth 8-3886] merging instance 'o_wb_ack_read_q_reg[8][12]' (FDR) to 'o_wb_ack_read_q_reg[8][1]'
INFO: [Synth 8-3333] propagating constant 0 across sequential element (\o_wb_ack_read_q_reg[15][13] )
INFO: [Synth 8-3886] merging instance 'o_wb_ack_read_q_reg[14][13]' (FDR) to 'o_wb_ack_read_q_reg[14][1]'
INFO: [Synth 8-3886] merging instance 'o_wb_ack_read_q_reg[13][13]' (FDR) to 'o_wb_ack_read_q_reg[13][1]'
INFO: [Synth 8-3886] merging instance 'o_wb_ack_read_q_reg[12][13]' (FDR) to 'o_wb_ack_read_q_reg[12][1]'
INFO: [Synth 8-3886] merging instance 'o_wb_ack_read_q_reg[11][13]' (FDR) to 'o_wb_ack_read_q_reg[11][1]'
INFO: [Synth 8-3886] merging instance 'o_wb_ack_read_q_reg[10][13]' (FDR) to 'o_wb_ack_read_q_reg[10][1]'
INFO: [Synth 8-3886] merging instance 'o_wb_ack_read_q_reg[9][13]' (FDR) to 'o_wb_ack_read_q_reg[9][1]'
INFO: [Synth 8-3886] merging instance 'o_wb_ack_read_q_reg[8][13]' (FDR) to 'o_wb_ack_read_q_reg[8][1]'
INFO: [Synth 8-3333] propagating constant 0 across sequential element (\o_wb_ack_read_q_reg[15][14] )
INFO: [Synth 8-3886] merging instance 'o_wb_ack_read_q_reg[14][14]' (FDR) to 'o_wb_ack_read_q_reg[14][1]'
INFO: [Synth 8-3886] merging instance 'o_wb_ack_read_q_reg[13][14]' (FDR) to 'o_wb_ack_read_q_reg[13][1]'
INFO: [Synth 8-3886] merging instance 'o_wb_ack_read_q_reg[12][14]' (FDR) to 'o_wb_ack_read_q_reg[12][1]'
INFO: [Synth 8-3886] merging instance 'o_wb_ack_read_q_reg[11][14]' (FDR) to 'o_wb_ack_read_q_reg[11][1]'
INFO: [Synth 8-3886] merging instance 'o_wb_ack_read_q_reg[10][14]' (FDR) to 'o_wb_ack_read_q_reg[10][1]'
INFO: [Synth 8-3886] merging instance 'o_wb_ack_read_q_reg[9][14]' (FDR) to 'o_wb_ack_read_q_reg[9][1]'
INFO: [Synth 8-3886] merging instance 'o_wb_ack_read_q_reg[8][14]' (FDR) to 'o_wb_ack_read_q_reg[8][1]'
INFO: [Synth 8-3333] propagating constant 0 across sequential element (\o_wb_ack_read_q_reg[15][15] )
INFO: [Synth 8-3886] merging instance 'o_wb_ack_read_q_reg[14][15]' (FDR) to 'o_wb_ack_read_q_reg[14][1]'
INFO: [Synth 8-3886] merging instance 'o_wb_ack_read_q_reg[13][15]' (FDR) to 'o_wb_ack_read_q_reg[13][1]'
INFO: [Synth 8-3886] merging instance 'o_wb_ack_read_q_reg[12][15]' (FDR) to 'o_wb_ack_read_q_reg[12][1]'
INFO: [Synth 8-3886] merging instance 'o_wb_ack_read_q_reg[11][15]' (FDR) to 'o_wb_ack_read_q_reg[11][1]'
INFO: [Synth 8-3886] merging instance 'o_wb_ack_read_q_reg[10][15]' (FDR) to 'o_wb_ack_read_q_reg[10][1]'
INFO: [Synth 8-3886] merging instance 'o_wb_ack_read_q_reg[9][15]' (FDR) to 'o_wb_ack_read_q_reg[9][1]'
INFO: [Synth 8-3886] merging instance 'o_wb_ack_read_q_reg[8][15]' (FDR) to 'o_wb_ack_read_q_reg[8][1]'
INFO: [Synth 8-3333] propagating constant 0 across sequential element (\o_wb_ack_read_q_reg[15][16] )
INFO: [Synth 8-3886] merging instance 'o_wb_ack_read_q_reg[14][16]' (FDR) to 'o_wb_ack_read_q_reg[14][1]'
INFO: [Synth 8-3886] merging instance 'o_wb_ack_read_q_reg[13][16]' (FDR) to 'o_wb_ack_read_q_reg[13][1]'
INFO: [Synth 8-3886] merging instance 'o_wb_ack_read_q_reg[12][16]' (FDR) to 'o_wb_ack_read_q_reg[12][1]'
INFO: [Synth 8-3886] merging instance 'o_wb_ack_read_q_reg[11][16]' (FDR) to 'o_wb_ack_read_q_reg[11][1]'
INFO: [Synth 8-3886] merging instance 'o_wb_ack_read_q_reg[10][16]' (FDR) to 'o_wb_ack_read_q_reg[10][1]'
INFO: [Synth 8-3886] merging instance 'o_wb_ack_read_q_reg[9][16]' (FDR) to 'o_wb_ack_read_q_reg[9][1]'
INFO: [Synth 8-3886] merging instance 'o_wb_ack_read_q_reg[8][16]' (FDR) to 'o_wb_ack_read_q_reg[8][1]'
INFO: [Synth 8-3333] propagating constant 0 across sequential element (\o_wb_ack_read_q_reg[15][0] )
INFO: [Synth 8-3886] merging instance 'o_wb_ack_read_q_reg[14][0]' (FDR) to 'o_wb_ack_read_q_reg[14][1]'
INFO: [Synth 8-3886] merging instance 'o_wb_ack_read_q_reg[13][0]' (FDR) to 'o_wb_ack_read_q_reg[13][1]'
INFO: [Synth 8-3886] merging instance 'o_wb_ack_read_q_reg[12][0]' (FDR) to 'o_wb_ack_read_q_reg[12][1]'
INFO: [Synth 8-3886] merging instance 'o_wb_ack_read_q_reg[11][0]' (FDR) to 'o_wb_ack_read_q_reg[11][1]'
INFO: [Synth 8-3886] merging instance 'o_wb_ack_read_q_reg[10][0]' (FDR) to 'o_wb_ack_read_q_reg[10][1]'
INFO: [Synth 8-3886] merging instance 'o_wb_ack_read_q_reg[9][0]' (FDR) to 'o_wb_ack_read_q_reg[9][1]'
INFO: [Synth 8-3886] merging instance 'o_wb_ack_read_q_reg[8][0]' (FDR) to 'o_wb_ack_read_q_reg[8][1]'
INFO: [Synth 8-3333] propagating constant 0 across sequential element (write_calib_odt_reg)
INFO: [Synth 8-3886] merging instance 'instruction_reg[11]' (FDRE) to 'instruction_reg[12]'
INFO: [Synth 8-3886] merging instance 'instruction_reg[12]' (FDRE) to 'instruction_reg[18]'
INFO: [Synth 8-3333] propagating constant 0 across sequential element (\instruction_reg[18] )
INFO: [Synth 8-3333] propagating constant 0 across sequential element (\delay_read_pipe_reg[0][15] )
INFO: [Synth 8-3886] merging instance 'delay_read_pipe_reg[0][13]' (FDR) to 'delay_read_pipe_reg[0][15]'
INFO: [Synth 8-3333] propagating constant 0 across sequential element (\o_wb_ack_read_q_reg[14][1] )
INFO: [Synth 8-3886] merging instance 'o_wb_ack_read_q_reg[13][1]' (FDR) to 'o_wb_ack_read_q_reg[14][1]'
INFO: [Synth 8-3886] merging instance 'calib_data_reg[107]' (FDRE) to 'calib_data_reg[111]'
INFO: [Synth 8-3886] merging instance 'sync_rst_controller_reg' (FD) to 'current_rank_rst_reg'
INFO: [Synth 8-3333] propagating constant 0 across sequential element (\stage2_col_reg[2] )
INFO: [Synth 8-3333] propagating constant 0 across sequential element (\delay_read_pipe_reg[0][15] )
INFO: [Synth 8-3886] merging instance 'delay_read_pipe_reg[0][12]' (FDR) to 'delay_read_pipe_reg[0][15]'
INFO: [Synth 8-3333] propagating constant 0 across sequential element (\o_wb_ack_read_q_reg[14][1] )
INFO: [Synth 8-3886] merging instance 'o_wb_ack_read_q_reg[12][1]' (FDR) to 'o_wb_ack_read_q_reg[14][1]'
INFO: [Synth 8-3333] propagating constant 0 across sequential element (\delay_read_pipe_reg[0][15] )
INFO: [Synth 8-3886] merging instance 'delay_read_pipe_reg[0][11]' (FDR) to 'delay_read_pipe_reg[0][15]'
INFO: [Synth 8-3333] propagating constant 0 across sequential element (\o_wb_ack_read_q_reg[14][1] )
INFO: [Synth 8-3886] merging instance 'o_wb_ack_read_q_reg[11][1]' (FDR) to 'o_wb_ack_read_q_reg[14][1]'
INFO: [Synth 8-3333] propagating constant 0 across sequential element (\delay_read_pipe_reg[0][15] )
INFO: [Synth 8-3886] merging instance 'delay_read_pipe_reg[0][10]' (FDR) to 'delay_read_pipe_reg[0][15]'
INFO: [Synth 8-3333] propagating constant 0 across sequential element (\o_wb_ack_read_q_reg[14][1] )
INFO: [Synth 8-3886] merging instance 'o_wb_ack_read_q_reg[10][1]' (FDR) to 'o_wb_ack_read_q_reg[14][1]'
INFO: [Synth 8-3333] propagating constant 0 across sequential element (\delay_read_pipe_reg[0][15] )
INFO: [Synth 8-3886] merging instance 'delay_read_pipe_reg[0][9]' (FDR) to 'delay_read_pipe_reg[0][15]'
INFO: [Synth 8-3333] propagating constant 0 across sequential element (\o_wb_ack_read_q_reg[14][1] )
INFO: [Synth 8-3886] merging instance 'o_wb_ack_read_q_reg[9][1]' (FDR) to 'o_wb_ack_read_q_reg[14][1]'
INFO: [Synth 8-3333] propagating constant 0 across sequential element (\delay_read_pipe_reg[0][15] )
INFO: [Synth 8-3886] merging instance 'delay_read_pipe_reg[0][8]' (FDR) to 'delay_read_pipe_reg[0][15]'
INFO: [Synth 8-3333] propagating constant 0 across sequential element (\o_wb_ack_read_q_reg[14][1] )
INFO: [Synth 8-3886] merging instance 'o_wb_ack_read_q_reg[8][1]' (FDR) to 'o_wb_ack_read_q_reg[14][1]'
INFO: [Synth 8-3333] propagating constant 0 across sequential element (\delay_read_pipe_reg[0][15] )
INFO: [Synth 8-3333] propagating constant 0 across sequential element (\o_wb_ack_read_q_reg[14][1] )
INFO: [Synth 8-3886] merging instance 'write_dq_q_reg[0]' (FDR) to 'write_dqs_q_reg[0]'
INFO: [Synth 8-3886] merging instance 'write_dq_q_reg[1]' (FDR) to 'write_dqs_q_reg[1]'
INFO: [Synth 8-3886] merging instance 'write_dq_reg[0]' (FDR) to 'write_dqs_val_reg[0]'
INFO: [Synth 8-3886] merging instance 'write_dq_reg[1]' (FDR) to 'write_dqs_reg[1]'
INFO: [Synth 8-3886] merging instance 'o_phy_dq_tri_control_reg' (FD) to 'o_phy_dqs_tri_control_reg'
INFO: [Synth 8-4471] merging register 'train_a_idx_reg[9:0]' into 'train_a_idx_reg[9:0]' [/home/fpga/worker_place/temp/temp/2149e6250ea2416f9709528b5c2d76f6/hdl/top_level.sv:1002]
INFO: [Synth 8-4471] merging register 'train_b_col_idx_reg[6:0]' into 'train_b_col_idx_reg[6:0]' [/home/fpga/worker_place/temp/temp/2149e6250ea2416f9709528b5c2d76f6/hdl/top_level.sv:1004]
INFO: [Synth 8-4471] merging register 'train_stdp_col_idx_reg[9:0]' into 'train_stdp_col_idx_reg[9:0]' [/home/fpga/worker_place/temp/temp/2149e6250ea2416f9709528b5c2d76f6/hdl/top_level.sv:1013]
INFO: [Synth 8-4471] merging register 'train_stdp_col_idx_reg[9:0]' into 'train_stdp_col_idx_reg[9:0]' [/home/fpga/worker_place/temp/temp/2149e6250ea2416f9709528b5c2d76f6/hdl/top_level.sv:1013]
INFO: [Synth 8-4471] merging register 'train_stdp_row_idx_reg[6:0]' into 'train_stdp_row_idx_reg[6:0]' [/home/fpga/worker_place/temp/temp/2149e6250ea2416f9709528b5c2d76f6/hdl/top_level.sv:1012]
INFO: [Synth 8-4471] merging register 'train_stdp_row_idx_reg[6:0]' into 'train_stdp_row_idx_reg[6:0]' [/home/fpga/worker_place/temp/temp/2149e6250ea2416f9709528b5c2d76f6/hdl/top_level.sv:1012]
INFO: [Synth 8-4471] merging register 'train_stdp_row_idx_reg[6:0]' into 'train_stdp_row_idx_reg[6:0]' [/home/fpga/worker_place/temp/temp/2149e6250ea2416f9709528b5c2d76f6/hdl/top_level.sv:1012]
INFO: [Synth 8-4471] merging register 'train_stdp_col_idx_reg[9:0]' into 'train_stdp_col_idx_reg[9:0]' [/home/fpga/worker_place/temp/temp/2149e6250ea2416f9709528b5c2d76f6/hdl/top_level.sv:1013]
INFO: [Synth 8-12192] Not enough pipeline registers after wide multiplier. Pipeline registers present is 0. Recommended levels of pipeline registers is 2. [/home/fpga/worker_place/temp/temp/2149e6250ea2416f9709528b5c2d76f6/hdl/top_level.sv:1814]
INFO: [Synth 8-12192] Not enough pipeline registers after wide multiplier. Pipeline registers present is 0. Recommended levels of pipeline registers is 2. [/home/fpga/worker_place/temp/temp/2149e6250ea2416f9709528b5c2d76f6/hdl/top_level.sv:1833]
INFO: [Synth 8-5544] ROM "arg0" won't be mapped to Block RAM because address size (2) smaller than threshold (5)
DSP Report: Generating DSP ddr_req_addr_word_core2, operation Mode is: (A:0x310)*B2.
DSP Report: register train_winner_idx_reg is absorbed into DSP ddr_req_addr_word_core2.
DSP Report: operator ddr_req_addr_word_core2 is absorbed into DSP ddr_req_addr_word_core2.
DSP Report: Generating DSP ddr_req_addr_word_core0, operation Mode is: PCIN+(A:0x0):B2+(C:0x13240).
DSP Report: register train_a_idx_reg is absorbed into DSP ddr_req_addr_word_core0.
DSP Report: operator ddr_req_addr_word_core0 is absorbed into DSP ddr_req_addr_word_core0.
DSP Report: Generating DSP ddr_req_addr_word_core2, operation Mode is: A2*(B:0x64).
DSP Report: register train_curr_pre_reg is absorbed into DSP ddr_req_addr_word_core2.
DSP Report: operator ddr_req_addr_word_core2 is absorbed into DSP ddr_req_addr_word_core2.
DSP Report: Generating DSP ddr_req_addr_word_core0, operation Mode is: PCIN+(A:0x0):B2+(C:0x26480).
DSP Report: register train_b_col_idx_reg is absorbed into DSP ddr_req_addr_word_core0.
DSP Report: operator ddr_req_addr_word_core0 is absorbed into DSP ddr_req_addr_word_core0.
DSP Report: Generating DSP ddr_req_addr_word_core0, operation Mode is: C'+(A:0x310)*B2.
DSP Report: register train_stdp_row_idx_reg is absorbed into DSP ddr_req_addr_word_core0.
DSP Report: register train_stdp_col_idx_reg is absorbed into DSP ddr_req_addr_word_core0.
DSP Report: operator ddr_req_addr_word_core0 is absorbed into DSP ddr_req_addr_word_core0.
DSP Report: operator ddr_req_addr_word_core1 is absorbed into DSP ddr_req_addr_word_core0.
DSP Report: Generating DSP ddr_req_addr_word_core1, operation Mode is: (A:0x310)*B2.
DSP Report: register train_stdp_row_idx_reg is absorbed into DSP ddr_req_addr_word_core1.
DSP Report: operator ddr_req_addr_word_core1 is absorbed into DSP ddr_req_addr_word_core1.
DSP Report: Generating DSP ddr_req_addr_word_core0, operation Mode is: PCIN+(A:0x0):B2+(C:0x13240).
DSP Report: register train_stdp_col_idx_reg is absorbed into DSP ddr_req_addr_word_core0.
DSP Report: operator ddr_req_addr_word_core0 is absorbed into DSP ddr_req_addr_word_core0.
DSP Report: Generating DSP ddr_req_addr_word_core2, operation Mode is: A2*(B:0x64).
DSP Report: register train_stdp_col_idx_reg is absorbed into DSP ddr_req_addr_word_core2.
DSP Report: operator ddr_req_addr_word_core2 is absorbed into DSP ddr_req_addr_word_core2.
DSP Report: Generating DSP ddr_req_addr_word_core0, operation Mode is: PCIN+(A:0x0):B2+(C:0x26480).
DSP Report: register train_stdp_row_idx_reg is absorbed into DSP ddr_req_addr_word_core0.
DSP Report: operator ddr_req_addr_word_core0 is absorbed into DSP ddr_req_addr_word_core0.
DSP Report: Generating DSP train_chunk_seed_xin1, operation Mode is: (A:0x19660d)*B.
DSP Report: operator train_chunk_seed_xin1 is absorbed into DSP train_chunk_seed_xin1.
DSP Report: operator train_chunk_seed_xin1 is absorbed into DSP train_chunk_seed_xin1.
DSP Report: Generating DSP train_chunk_seed_xin1, operation Mode is: (PCIN>>17)+(A:0x19660d)*B.
DSP Report: operator train_chunk_seed_xin1 is absorbed into DSP train_chunk_seed_xin1.
DSP Report: operator train_chunk_seed_xin1 is absorbed into DSP train_chunk_seed_xin1.
DSP Report: Generating DSP train_chunk_seed_xexc1, operation Mode is: (A:0x19660d)*B.
DSP Report: operator train_chunk_seed_xexc1 is absorbed into DSP train_chunk_seed_xexc1.
DSP Report: operator train_chunk_seed_xexc1 is absorbed into DSP train_chunk_seed_xexc1.
DSP Report: Generating DSP train_chunk_seed_xexc1, operation Mode is: (PCIN>>17)+(A:0x19660d)*B.
DSP Report: operator train_chunk_seed_xexc1 is absorbed into DSP train_chunk_seed_xexc1.
DSP Report: operator train_chunk_seed_xexc1 is absorbed into DSP train_chunk_seed_xexc1.
DSP Report: Generating DSP infer_dividend_reg, operation Mode is: ((A:0x23d7)*B)'.
DSP Report: register infer_dividend_reg is absorbed into DSP infer_dividend_reg.
DSP Report: operator infer_dividend0 is absorbed into DSP infer_dividend_reg.
WARNING: [Synth 8-6849] Infeasible attribute ram_style = "block" set for RAM "top_level__GCB0/infer_poisson_thresh_reg",trying to implement using LUTRAM
WARNING: [Synth 8-6849] Infeasible attribute ram_style = "block" set for RAM "top_level__GCB0/infer_poisson_thresh_reg",trying to implement using LUTRAM
WARNING: [Synth 8-6849] Infeasible attribute ram_style = "block" set for RAM "top_level__GCB0/infer_poisson_thresh_reg",trying to implement using LUTRAM
WARNING: [Synth 8-6849] Infeasible attribute ram_style = "block" set for RAM "top_level__GCB0/infer_poisson_thresh_reg",trying to implement using LUTRAM
WARNING: [Synth 8-6849] Infeasible attribute ram_style = "block" set for RAM "top_level__GCB0/infer_poisson_thresh_reg",trying to implement using LUTRAM
WARNING: [Synth 8-6849] Infeasible attribute ram_style = "block" set for RAM "top_level__GCB0/infer_poisson_thresh_reg",trying to implement using LUTRAM
WARNING: [Synth 8-6849] Infeasible attribute ram_style = "block" set for RAM "top_level__GCB0/raw_image0_u8_reg",trying to implement using LUTRAM
WARNING: [Synth 8-6849] Infeasible attribute ram_style = "block" set for RAM "top_level__GCB0/raw_image0_u8_reg",trying to implement using LUTRAM
WARNING: [Synth 8-6849] Infeasible attribute ram_style = "block" set for RAM "top_level__GCB0/raw_image0_u8_reg",trying to implement using LUTRAM
WARNING: [Synth 8-6849] Infeasible attribute ram_style = "block" set for RAM "top_level__GCB0/raw_image0_u8_reg",trying to implement using LUTRAM
WARNING: [Synth 8-6849] Infeasible attribute ram_style = "block" set for RAM "top_level__GCB0/raw_image0_u8_reg",trying to implement using LUTRAM
WARNING: [Synth 8-6849] Infeasible attribute ram_style = "block" set for RAM "top_level__GCB0/raw_image0_u8_reg",trying to implement using LUTRAM
WARNING: [Synth 8-6849] Infeasible attribute ram_style = "block" set for RAM "top_level__GCB0/train_xin_cache_reg",trying to implement using LUTRAM
WARNING: [Synth 8-6849] Infeasible attribute ram_style = "block" set for RAM "top_level__GCB0/train_xin_cache_reg",trying to implement using LUTRAM
WARNING: [Synth 8-6849] Infeasible attribute ram_style = "block" set for RAM "top_level__GCB0/train_xin_cache_reg",trying to implement using LUTRAM
WARNING: [Synth 8-6849] Infeasible attribute ram_style = "block" set for RAM "top_level__GCB0/train_xin_cache_reg",trying to implement using LUTRAM
WARNING: [Synth 8-6849] Infeasible attribute ram_style = "block" set for RAM "top_level__GCB0/train_xexc_cache_reg",trying to implement using LUTRAM
WARNING: [Synth 8-6849] Infeasible attribute ram_style = "block" set for RAM "top_level__GCB0/train_xexc_cache_reg",trying to implement using LUTRAM
WARNING: [Synth 8-6849] Infeasible attribute ram_style = "block" set for RAM "top_level__GCB0/train_xexc_cache_reg",trying to implement using LUTRAM
WARNING: [Synth 8-6849] Infeasible attribute ram_style = "block" set for RAM "top_level__GCB0/train_xexc_cache_reg",trying to implement using LUTRAM
INFO: [Synth 8-7067] Removed DRAM instance i_2/i_0/train_xin_cache_reg_0_63_30_31 from module extram__9 due to constant propagation
INFO: [Synth 8-7067] Removed DRAM instance i_2/i_0/train_xin_cache_reg_64_127_30_31 from module extram__9 due to constant propagation
INFO: [Synth 8-7067] Removed DRAM instance i_2/i_0/train_xin_cache_reg_128_191_30_31 from module extram__9 due to constant propagation
INFO: [Synth 8-7067] Removed DRAM instance i_2/i_0/train_xin_cache_reg_192_255_30_31 from module extram__9 due to constant propagation
INFO: [Synth 8-7067] Removed DRAM instance i_2/i_0/train_xin_cache_reg_256_319_30_31 from module extram__9 due to constant propagation
INFO: [Synth 8-7067] Removed DRAM instance i_2/i_0/train_xin_cache_reg_320_383_30_31 from module extram__9 due to constant propagation
INFO: [Synth 8-7067] Removed DRAM instance i_2/i_0/train_xin_cache_reg_384_447_30_31 from module extram__9 due to constant propagation
INFO: [Synth 8-7067] Removed DRAM instance i_2/i_0/train_xin_cache_reg_448_511_30_31 from module extram__9 due to constant propagation
INFO: [Synth 8-7067] Removed DRAM instance i_2/i_0/train_xin_cache_reg_512_575_30_31 from module extram__9 due to constant propagation
INFO: [Synth 8-7067] Removed DRAM instance i_2/i_0/train_xin_cache_reg_576_639_30_31 from module extram__9 due to constant propagation
INFO: [Synth 8-7067] Removed DRAM instance i_2/i_0/train_xin_cache_reg_640_703_30_31 from module extram__9 due to constant propagation
INFO: [Synth 8-7067] Removed DRAM instance i_2/i_0/train_xin_cache_reg_704_767_30_31 from module extram__9 due to constant propagation
INFO: [Synth 8-7067] Removed DRAM instance i_2/i_0/train_xin_cache_reg_768_831_30_31 from module extram__9 due to constant propagation
INFO: [Synth 8-7067] Removed DRAM instance i_3/i_0/train_xexc_cache_reg_0_63_30_31 from module extram__11 due to constant propagation
INFO: [Synth 8-7067] Removed DRAM instance i_3/i_0/train_xexc_cache_reg_64_127_30_31 from module extram__11 due to constant propagation
INFO: [Synth 8-7067] Removed DRAM instance i_2/i_0/train_xin_cache_reg_0_63_27_29 from module extram__9 due to constant propagation
INFO: [Synth 8-7067] Removed DRAM instance i_2/i_0/train_xin_cache_reg_64_127_27_29 from module extram__9 due to constant propagation
INFO: [Synth 8-7067] Removed DRAM instance i_2/i_0/train_xin_cache_reg_128_191_27_29 from module extram__9 due to constant propagation
INFO: [Synth 8-7067] Removed DRAM instance i_2/i_0/train_xin_cache_reg_192_255_27_29 from module extram__9 due to constant propagation
INFO: [Synth 8-7067] Removed DRAM instance i_2/i_0/train_xin_cache_reg_256_319_27_29 from module extram__9 due to constant propagation
INFO: [Synth 8-7067] Removed DRAM instance i_2/i_0/train_xin_cache_reg_320_383_27_29 from module extram__9 due to constant propagation
INFO: [Synth 8-7067] Removed DRAM instance i_2/i_0/train_xin_cache_reg_384_447_27_29 from module extram__9 due to constant propagation
INFO: [Synth 8-7067] Removed DRAM instance i_2/i_0/train_xin_cache_reg_448_511_27_29 from module extram__9 due to constant propagation
INFO: [Synth 8-7067] Removed DRAM instance i_2/i_0/train_xin_cache_reg_512_575_27_29 from module extram__9 due to constant propagation
INFO: [Synth 8-7067] Removed DRAM instance i_2/i_0/train_xin_cache_reg_576_639_27_29 from module extram__9 due to constant propagation
INFO: [Synth 8-7067] Removed DRAM instance i_2/i_0/train_xin_cache_reg_640_703_27_29 from module extram__9 due to constant propagation
INFO: [Synth 8-7067] Removed DRAM instance i_2/i_0/train_xin_cache_reg_704_767_27_29 from module extram__9 due to constant propagation
INFO: [Synth 8-7067] Removed DRAM instance i_2/i_0/train_xin_cache_reg_768_831_27_29 from module extram__9 due to constant propagation
INFO: [Synth 8-7067] Removed DRAM instance i_3/i_0/train_xexc_cache_reg_0_63_27_29 from module extram__11 due to constant propagation
INFO: [Synth 8-7067] Removed DRAM instance i_3/i_0/train_xexc_cache_reg_64_127_27_29 from module extram__11 due to constant propagation
INFO: [Synth 8-7067] Removed DRAM instance i_2/i_0/train_xin_cache_reg_0_63_24_26 from module extram__9 due to constant propagation
INFO: [Synth 8-7067] Removed DRAM instance i_2/i_0/train_xin_cache_reg_64_127_24_26 from module extram__9 due to constant propagation
INFO: [Synth 8-7067] Removed DRAM instance i_2/i_0/train_xin_cache_reg_128_191_24_26 from module extram__9 due to constant propagation
INFO: [Synth 8-7067] Removed DRAM instance i_2/i_0/train_xin_cache_reg_192_255_24_26 from module extram__9 due to constant propagation
INFO: [Synth 8-7067] Removed DRAM instance i_2/i_0/train_xin_cache_reg_256_319_24_26 from module extram__9 due to constant propagation
INFO: [Synth 8-7067] Removed DRAM instance i_2/i_0/train_xin_cache_reg_320_383_24_26 from module extram__9 due to constant propagation
INFO: [Synth 8-7067] Removed DRAM instance i_2/i_0/train_xin_cache_reg_384_447_24_26 from module extram__9 due to constant propagation
INFO: [Synth 8-7067] Removed DRAM instance i_2/i_0/train_xin_cache_reg_448_511_24_26 from module extram__9 due to constant propagation
INFO: [Synth 8-7067] Removed DRAM instance i_2/i_0/train_xin_cache_reg_512_575_24_26 from module extram__9 due to constant propagation
INFO: [Synth 8-7067] Removed DRAM instance i_2/i_0/train_xin_cache_reg_576_639_24_26 from module extram__9 due to constant propagation
INFO: [Synth 8-7067] Removed DRAM instance i_2/i_0/train_xin_cache_reg_640_703_24_26 from module extram__9 due to constant propagation
INFO: [Synth 8-7067] Removed DRAM instance i_2/i_0/train_xin_cache_reg_704_767_24_26 from module extram__9 due to constant propagation
INFO: [Synth 8-7067] Removed DRAM instance i_2/i_0/train_xin_cache_reg_768_831_24_26 from module extram__9 due to constant propagation
INFO: [Synth 8-7067] Removed DRAM instance i_3/i_0/train_xexc_cache_reg_0_63_24_26 from module extram__11 due to constant propagation
INFO: [Synth 8-7067] Removed DRAM instance i_3/i_0/train_xexc_cache_reg_64_127_24_26 from module extram__11 due to constant propagation
INFO: [Synth 8-7067] Removed DRAM instance i_2/i_0/train_xin_cache_reg_0_63_21_23 from module extram__9 due to constant propagation
INFO: [Synth 8-7067] Removed DRAM instance i_2/i_0/train_xin_cache_reg_64_127_21_23 from module extram__9 due to constant propagation
INFO: [Synth 8-7067] Removed DRAM instance i_2/i_0/train_xin_cache_reg_128_191_21_23 from module extram__9 due to constant propagation
INFO: [Synth 8-7067] Removed DRAM instance i_2/i_0/train_xin_cache_reg_192_255_21_23 from module extram__9 due to constant propagation
INFO: [Synth 8-7067] Removed DRAM instance i_2/i_0/train_xin_cache_reg_256_319_21_23 from module extram__9 due to constant propagation
INFO: [Synth 8-7067] Removed DRAM instance i_2/i_0/train_xin_cache_reg_320_383_21_23 from module extram__9 due to constant propagation
INFO: [Synth 8-7067] Removed DRAM instance i_2/i_0/train_xin_cache_reg_384_447_21_23 from module extram__9 due to constant propagation
INFO: [Synth 8-7067] Removed DRAM instance i_2/i_0/train_xin_cache_reg_448_511_21_23 from module extram__9 due to constant propagation
INFO: [Synth 8-7067] Removed DRAM instance i_2/i_0/train_xin_cache_reg_512_575_21_23 from module extram__9 due to constant propagation
INFO: [Synth 8-7067] Removed DRAM instance i_2/i_0/train_xin_cache_reg_576_639_21_23 from module extram__9 due to constant propagation
INFO: [Synth 8-7067] Removed DRAM instance i_2/i_0/train_xin_cache_reg_640_703_21_23 from module extram__9 due to constant propagation
INFO: [Synth 8-7067] Removed DRAM instance i_2/i_0/train_xin_cache_reg_704_767_21_23 from module extram__9 due to constant propagation
INFO: [Synth 8-7067] Removed DRAM instance i_2/i_0/train_xin_cache_reg_768_831_21_23 from module extram__9 due to constant propagation
INFO: [Synth 8-7067] Removed DRAM instance i_3/i_0/train_xexc_cache_reg_0_63_21_23 from module extram__11 due to constant propagation
INFO: [Synth 8-7067] Removed DRAM instance i_3/i_0/train_xexc_cache_reg_64_127_21_23 from module extram__11 due to constant propagation
INFO: [Synth 8-7067] Removed DRAM instance i_2/i_0/train_xin_cache_reg_0_63_18_20 from module extram__9 due to constant propagation
INFO: [Synth 8-7067] Removed DRAM instance i_2/i_0/train_xin_cache_reg_64_127_18_20 from module extram__9 due to constant propagation
INFO: [Synth 8-7067] Removed DRAM instance i_2/i_0/train_xin_cache_reg_128_191_18_20 from module extram__9 due to constant propagation
INFO: [Synth 8-7067] Removed DRAM instance i_2/i_0/train_xin_cache_reg_192_255_18_20 from module extram__9 due to constant propagation
INFO: [Synth 8-7067] Removed DRAM instance i_2/i_0/train_xin_cache_reg_256_319_18_20 from module extram__9 due to constant propagation
INFO: [Synth 8-7067] Removed DRAM instance i_2/i_0/train_xin_cache_reg_320_383_18_20 from module extram__9 due to constant propagation
INFO: [Synth 8-7067] Removed DRAM instance i_2/i_0/train_xin_cache_reg_384_447_18_20 from module extram__9 due to constant propagation
INFO: [Synth 8-7067] Removed DRAM instance i_2/i_0/train_xin_cache_reg_448_511_18_20 from module extram__9 due to constant propagation
INFO: [Synth 8-7067] Removed DRAM instance i_2/i_0/train_xin_cache_reg_512_575_18_20 from module extram__9 due to constant propagation
INFO: [Synth 8-7067] Removed DRAM instance i_2/i_0/train_xin_cache_reg_576_639_18_20 from module extram__9 due to constant propagation
INFO: [Synth 8-7067] Removed DRAM instance i_2/i_0/train_xin_cache_reg_640_703_18_20 from module extram__9 due to constant propagation
INFO: [Synth 8-7067] Removed DRAM instance i_2/i_0/train_xin_cache_reg_704_767_18_20 from module extram__9 due to constant propagation
INFO: [Synth 8-7067] Removed DRAM instance i_2/i_0/train_xin_cache_reg_768_831_18_20 from module extram__9 due to constant propagation
INFO: [Synth 8-7067] Removed DRAM instance i_3/i_0/train_xexc_cache_reg_0_63_18_20 from module extram__11 due to constant propagation
INFO: [Synth 8-7067] Removed DRAM instance i_3/i_0/train_xexc_cache_reg_64_127_18_20 from module extram__11 due to constant propagation
INFO: [Synth 8-7067] Removed DRAM instance i_2/i_0/train_xin_cache_reg_0_63_15_17 from module extram__9 due to constant propagation
INFO: [Synth 8-7067] Removed DRAM instance i_2/i_0/train_xin_cache_reg_64_127_15_17 from module extram__9 due to constant propagation
INFO: [Synth 8-7067] Removed DRAM instance i_2/i_0/train_xin_cache_reg_128_191_15_17 from module extram__9 due to constant propagation
INFO: [Synth 8-7067] Removed DRAM instance i_2/i_0/train_xin_cache_reg_192_255_15_17 from module extram__9 due to constant propagation
INFO: [Synth 8-7067] Removed DRAM instance i_2/i_0/train_xin_cache_reg_256_319_15_17 from module extram__9 due to constant propagation
INFO: [Synth 8-7067] Removed DRAM instance i_2/i_0/train_xin_cache_reg_320_383_15_17 from module extram__9 due to constant propagation
INFO: [Synth 8-7067] Removed DRAM instance i_2/i_0/train_xin_cache_reg_384_447_15_17 from module extram__9 due to constant propagation
INFO: [Synth 8-7067] Removed DRAM instance i_2/i_0/train_xin_cache_reg_448_511_15_17 from module extram__9 due to constant propagation
INFO: [Synth 8-7067] Removed DRAM instance i_2/i_0/train_xin_cache_reg_512_575_15_17 from module extram__9 due to constant propagation
INFO: [Synth 8-7067] Removed DRAM instance i_2/i_0/train_xin_cache_reg_576_639_15_17 from module extram__9 due to constant propagation
INFO: [Synth 8-7067] Removed DRAM instance i_2/i_0/train_xin_cache_reg_640_703_15_17 from module extram__9 due to constant propagation
INFO: [Synth 8-7067] Removed DRAM instance i_2/i_0/train_xin_cache_reg_704_767_15_17 from module extram__9 due to constant propagation
INFO: [Synth 8-7067] Removed DRAM instance i_2/i_0/train_xin_cache_reg_768_831_15_17 from module extram__9 due to constant propagation
INFO: [Synth 8-7067] Removed DRAM instance i_3/i_0/train_xexc_cache_reg_0_63_15_17 from module extram__11 due to constant propagation
INFO: [Synth 8-7067] Removed DRAM instance i_3/i_0/train_xexc_cache_reg_64_127_15_17 from module extram__11 due to constant propagation
INFO: [Synth 8-3886] merging instance 'train_b_col_idx_reg_rep[0]' (FDRE) to 'train_b_col_idx_reg[0]'
INFO: [Synth 8-3886] merging instance 'train_b_col_idx_reg_rep[1]' (FDRE) to 'train_b_col_idx_reg[1]'
INFO: [Synth 8-3886] merging instance 'train_b_col_idx_reg_rep[2]' (FDRE) to 'train_b_col_idx_reg[2]'
INFO: [Synth 8-3886] merging instance 'train_b_col_idx_reg_rep[3]' (FDRE) to 'train_b_col_idx_reg[3]'
INFO: [Synth 8-3886] merging instance 'train_b_col_idx_reg_rep[4]' (FDRE) to 'train_b_col_idx_reg[4]'
INFO: [Synth 8-3886] merging instance 'train_b_col_idx_reg_rep[5]' (FDRE) to 'train_b_col_idx_reg[5]'
INFO: [Synth 8-3886] merging instance 'train_a_idx_reg_rep[0]' (FDRE) to 'train_a_idx_reg[0]'
INFO: [Synth 8-3886] merging instance 'train_a_idx_reg_rep[1]' (FDRE) to 'train_a_idx_reg[1]'
INFO: [Synth 8-3886] merging instance 'train_a_idx_reg_rep[2]' (FDRE) to 'train_a_idx_reg[2]'
INFO: [Synth 8-3886] merging instance 'train_a_idx_reg_rep[3]' (FDRE) to 'train_a_idx_reg[3]'
INFO: [Synth 8-3886] merging instance 'train_a_idx_reg_rep[4]' (FDRE) to 'train_a_idx_reg[4]'
INFO: [Synth 8-3886] merging instance 'train_a_idx_reg_rep[5]' (FDRE) to 'train_a_idx_reg[5]'
INFO: [Synth 8-3886] merging instance 'train_b_col_idx_reg_rep[6]' (FDRE) to 'train_b_col_idx_reg[6]'
INFO: [Synth 8-3886] merging instance 'train_a_idx_reg_rep[6]' (FDRE) to 'train_a_idx_reg[6]'
INFO: [Synth 8-3886] merging instance 'train_a_idx_reg_rep[7]' (FDRE) to 'train_a_idx_reg[7]'
INFO: [Synth 8-3886] merging instance 'train_a_idx_reg_rep[8]' (FDRE) to 'train_a_idx_reg[8]'
INFO: [Synth 8-3886] merging instance 'train_a_idx_reg_rep[9]' (FDRE) to 'train_a_idx_reg[9]'
INFO: [Synth 8-3886] merging instance 'ddr_lane_sel_ddr_reg[0]' (FDRE) to 'ddr_req_addr_word_ddr_reg[0]'
INFO: [Synth 8-3886] merging instance 'ddr_lane_sel_ddr_reg[1]' (FDRE) to 'ddr_req_addr_word_ddr_reg[1]'
INFO: [Synth 8-3886] merging instance 'imgload_total_bytes_reg[0]' (FDRE) to 'raw_bytes_per_image_reg[0]'
INFO: [Synth 8-3886] merging instance 'imgload_total_bytes_reg[1]' (FDRE) to 'raw_bytes_per_image_reg[1]'
INFO: [Synth 8-3886] merging instance 'imgload_total_bytes_reg[2]' (FDRE) to 'raw_bytes_per_image_reg[2]'
INFO: [Synth 8-3886] merging instance 'imgload_total_bytes_reg[3]' (FDRE) to 'raw_bytes_per_image_reg[3]'
INFO: [Synth 8-3886] merging instance 'imgload_total_bytes_reg[4]' (FDRE) to 'raw_bytes_per_image_reg[4]'
INFO: [Synth 8-3886] merging instance 'imgload_total_bytes_reg[5]' (FDRE) to 'raw_bytes_per_image_reg[5]'
INFO: [Synth 8-3886] merging instance 'imgload_total_bytes_reg[6]' (FDRE) to 'raw_bytes_per_image_reg[6]'
INFO: [Synth 8-3886] merging instance 'imgload_total_bytes_reg[7]' (FDRE) to 'raw_bytes_per_image_reg[7]'
INFO: [Synth 8-3886] merging instance 'imgload_total_bytes_reg[8]' (FDRE) to 'raw_bytes_per_image_reg[8]'
INFO: [Synth 8-3886] merging instance 'imgload_total_bytes_reg[9]' (FDRE) to 'raw_bytes_per_image_reg[9]'
INFO: [Synth 8-3886] merging instance 'ddr_resp_status_async_reg[0]' (FDSE) to 'ddr_resp_status_async_reg[5]'
INFO: [Synth 8-3886] merging instance 'ddr_resp_status_async_reg[5]' (FDSE) to 'ddr_resp_status_async_reg[6]'
INFO: [Synth 8-3886] merging instance 'ddr_resp_status_async_reg[6]' (FDSE) to 'ddr_resp_status_async_reg[7]'
INFO: [Synth 8-3333] propagating constant 0 across sequential element (\train_stdp_state_reg[4] )
INFO: [Synth 8-3333] propagating constant 0 across sequential element (\train_trace_state_reg[4] )
INFO: [Synth 8-3886] merging instance 'ddr_resp_status_async_reg[2]' (FDRE) to 'ddr_resp_status_async_reg[1]'
INFO: [Synth 8-3886] merging instance 'ddr_resp_status_async_reg[3]' (FDRE) to 'ddr_resp_status_async_reg[1]'
INFO: [Synth 8-3886] merging instance 'ddr_resp_status_async_reg[1]' (FDRE) to 'ddr_resp_status_async_reg[4]'
INFO: [Synth 8-3333] propagating constant 0 across sequential element (\ddr_resp_status_async_reg[4] )
INFO: [Synth 8-7067] Removed DRAM instance i_2/i_0/train_xin_cache_reg_0_63_30_31 from module extram__9 due to constant propagation
INFO: [Synth 8-3333] propagating constant 1 across sequential element (u_sd_controller/\cmd_out_reg[0] )
INFO: [Synth 8-3886] merging instance 'u_sd_controller/extra_next_state_reg[1]' (FDE) to 'u_sd_controller/extra_next_state_reg[0]'
INFO: [Synth 8-3886] merging instance 'u_sd_controller/extra_next_state_reg[4]' (FDE) to 'u_sd_controller/extra_next_state_reg[2]'
INFO: [Synth 8-3333] propagating constant 0 across sequential element (u_sd_controller/\extra_next_state_reg[2] )
INFO: [Synth 8-3333] propagating constant 0 across sequential element (sd_wr_reg)
INFO: [Synth 8-3333] propagating constant 1 across sequential element (u_sd_controller/\extra_next_state_reg[0] )
INFO: [Synth 8-3886] merging instance 'ddr_wb_addr_reg[22]' (FDRE) to 'ddr_wb_addr_reg[23]'
INFO: [Synth 8-3333] propagating constant 0 across sequential element (\ddr_wb_addr_reg[23] )
INFO: [Synth 8-4471] merging register 'infer_neuron_idx_reg[6:0]' into 'infer_neuron_idx_reg[6:0]' [/home/fpga/worker_place/temp/temp/2149e6250ea2416f9709528b5c2d76f6/hdl/top_level.sv:1048]
INFO: [Synth 8-12192] Not enough pipeline registers after wide multiplier. Pipeline registers present is 0. Recommended levels of pipeline registers is 2. [/home/fpga/worker_place/temp/temp/2149e6250ea2416f9709528b5c2d76f6/hdl/top_level.sv:2789]
DSP Report: Generating DSP p_0_in, operation Mode is: A2*(B:0x0).
DSP Report: register infer_accum_reg is absorbed into DSP p_0_in.
DSP Report: operator p_0_in is absorbed into DSP p_0_in.
DSP Report: operator p_0_in is absorbed into DSP p_0_in.
DSP Report: Generating DSP p_0_in, operation Mode is: (PCIN>>17)+A2*(B:0x1f4).
DSP Report: register infer_accum_reg is absorbed into DSP p_0_in.
DSP Report: operator p_0_in is absorbed into DSP p_0_in.
DSP Report: operator p_0_in is absorbed into DSP p_0_in.
DSP Report: Generating DSP p_0_in, operation Mode is: A2*(B:0x0).
DSP Report: register p_0_in is absorbed into DSP p_0_in.
DSP Report: operator p_0_in is absorbed into DSP p_0_in.
DSP Report: operator p_0_in is absorbed into DSP p_0_in.
DSP Report: Generating DSP p_0_in, operation Mode is: (PCIN>>17)+A2*(B:0x1f4).
DSP Report: register p_0_in is absorbed into DSP p_0_in.
DSP Report: operator p_0_in is absorbed into DSP p_0_in.
DSP Report: operator p_0_in is absorbed into DSP p_0_in.
DSP Report: Generating DSP fxp_mul_s16_162, operation Mode is: A*B.
DSP Report: operator fxp_mul_s16_162 is absorbed into DSP fxp_mul_s16_162.
DSP Report: operator fxp_mul_s16_162 is absorbed into DSP fxp_mul_s16_162.
DSP Report: Generating DSP fxp_mul_s16_162, operation Mode is: (PCIN>>17)+A*B.
DSP Report: operator fxp_mul_s16_162 is absorbed into DSP fxp_mul_s16_162.
DSP Report: operator fxp_mul_s16_162 is absorbed into DSP fxp_mul_s16_162.
DSP Report: Generating DSP fxp_mul_s16_162, operation Mode is: A*B.
DSP Report: operator fxp_mul_s16_162 is absorbed into DSP fxp_mul_s16_162.
DSP Report: operator fxp_mul_s16_162 is absorbed into DSP fxp_mul_s16_162.
DSP Report: Generating DSP fxp_mul_s16_162, operation Mode is: (PCIN>>17)+A*B.
DSP Report: operator fxp_mul_s16_162 is absorbed into DSP fxp_mul_s16_162.
DSP Report: operator fxp_mul_s16_162 is absorbed into DSP fxp_mul_s16_162.
DSP Report: Generating DSP infer_rng_state1, operation Mode is: (A:0x19660d)*B2.
DSP Report: register infer_rng_state1 is absorbed into DSP infer_rng_state1.
DSP Report: operator infer_rng_state1 is absorbed into DSP infer_rng_state1.
DSP Report: operator infer_rng_state1 is absorbed into DSP infer_rng_state1.
DSP Report: Generating DSP infer_rng_state1, operation Mode is: (PCIN>>17)+(A:0x19660d)*B2.
DSP Report: register infer_rng_state_reg is absorbed into DSP infer_rng_state1.
DSP Report: operator infer_rng_state1 is absorbed into DSP infer_rng_state1.
DSP Report: operator infer_rng_state1 is absorbed into DSP infer_rng_state1.
DSP Report: Generating DSP infer_w_rd_addr_reg, operation Mode is: (C'+(A:0x310)*B2)'.
DSP Report: register infer_neuron_idx_reg is absorbed into DSP infer_w_rd_addr_reg.
DSP Report: register infer_input_idx_reg is absorbed into DSP infer_w_rd_addr_reg.
DSP Report: register infer_w_rd_addr_reg is absorbed into DSP infer_w_rd_addr_reg.
DSP Report: operator infer_w_rd_addr0 is absorbed into DSP infer_w_rd_addr_reg.
DSP Report: operator infer_w_rd_addr1 is absorbed into DSP infer_w_rd_addr_reg.
WARNING: [Synth 8-6849] Infeasible attribute ram_style = "block" set for RAM "top_level__GCB10/infer_exc_theta_reg",trying to implement using LUTRAM
WARNING: [Synth 8-6849] Infeasible attribute ram_style = "block" set for RAM "top_level__GCB10/infer_exc_theta_reg",trying to implement using LUTRAM
WARNING: [Synth 8-6849] Infeasible attribute ram_style = "block" set for RAM "top_level__GCB10/infer_exc_theta_reg",trying to implement using LUTRAM
WARNING: [Synth 8-6849] Infeasible attribute ram_style = "block" set for RAM "top_level__GCB10/infer_exc_theta_reg",trying to implement using LUTRAM
WARNING: [Synth 8-6849] Infeasible attribute ram_style = "block" set for RAM "top_level__GCB10/infer_g_in_delay0_reg",trying to implement using LUTRAM
WARNING: [Synth 8-6849] Infeasible attribute ram_style = "block" set for RAM "top_level__GCB10/infer_g_in_delay0_reg",trying to implement using LUTRAM
WARNING: [Synth 8-6849] Infeasible attribute ram_style = "block" set for RAM "top_level__GCB10/infer_g_in_delay0_reg",trying to implement using LUTRAM
WARNING: [Synth 8-6849] Infeasible attribute ram_style = "block" set for RAM "top_level__GCB10/infer_g_in_delay0_reg",trying to implement using LUTRAM
WARNING: [Synth 8-6849] Infeasible attribute ram_style = "block" set for RAM "top_level__GCB10/infer_g_in_delay1_reg",trying to implement using LUTRAM
WARNING: [Synth 8-6849] Infeasible attribute ram_style = "block" set for RAM "top_level__GCB10/infer_g_in_delay1_reg",trying to implement using LUTRAM
WARNING: [Synth 8-6849] Infeasible attribute ram_style = "block" set for RAM "top_level__GCB10/infer_g_in_delay1_reg",trying to implement using LUTRAM
WARNING: [Synth 8-6849] Infeasible attribute ram_style = "block" set for RAM "top_level__GCB10/infer_g_in_delay1_reg",trying to implement using LUTRAM
WARNING: [Synth 8-6849] Infeasible attribute ram_style = "block" set for RAM "top_level__GCB10/infer_g_in_delay2_reg",trying to implement using LUTRAM
WARNING: [Synth 8-6849] Infeasible attribute ram_style = "block" set for RAM "top_level__GCB10/infer_g_in_delay2_reg",trying to implement using LUTRAM
WARNING: [Synth 8-6849] Infeasible attribute ram_style = "block" set for RAM "top_level__GCB10/infer_g_in_delay2_reg",trying to implement using LUTRAM
WARNING: [Synth 8-6849] Infeasible attribute ram_style = "block" set for RAM "top_level__GCB10/infer_g_in_delay2_reg",trying to implement using LUTRAM
WARNING: [Synth 8-6849] Infeasible attribute ram_style = "block" set for RAM "top_level__GCB10/infer_g_in_delay3_reg",trying to implement using LUTRAM
WARNING: [Synth 8-6849] Infeasible attribute ram_style = "block" set for RAM "top_level__GCB10/infer_g_in_delay3_reg",trying to implement using LUTRAM
WARNING: [Synth 8-6849] Infeasible attribute ram_style = "block" set for RAM "top_level__GCB10/infer_g_in_delay3_reg",trying to implement using LUTRAM
WARNING: [Synth 8-6849] Infeasible attribute ram_style = "block" set for RAM "top_level__GCB10/infer_g_in_delay3_reg",trying to implement using LUTRAM
WARNING: [Synth 8-6849] Infeasible attribute ram_style = "block" set for RAM "top_level__GCB10/infer_g_in_delay4_reg",trying to implement using LUTRAM
WARNING: [Synth 8-6849] Infeasible attribute ram_style = "block" set for RAM "top_level__GCB10/infer_g_in_delay4_reg",trying to implement using LUTRAM
WARNING: [Synth 8-6849] Infeasible attribute ram_style = "block" set for RAM "top_level__GCB10/infer_g_in_delay4_reg",trying to implement using LUTRAM
WARNING: [Synth 8-6849] Infeasible attribute ram_style = "block" set for RAM "top_level__GCB10/infer_g_in_delay4_reg",trying to implement using LUTRAM
WARNING: [Synth 8-6849] Infeasible attribute ram_style = "block" set for RAM "top_level__GCB10/infer_v_state_reg",trying to implement using LUTRAM
WARNING: [Synth 8-6849] Infeasible attribute ram_style = "block" set for RAM "top_level__GCB10/infer_v_state_reg",trying to implement using LUTRAM
WARNING: [Synth 8-6849] Infeasible attribute ram_style = "block" set for RAM "top_level__GCB10/infer_v_state_reg",trying to implement using LUTRAM
WARNING: [Synth 8-6849] Infeasible attribute ram_style = "block" set for RAM "top_level__GCB10/infer_v_state_reg",trying to implement using LUTRAM
WARNING: [Synth 8-6849] Infeasible attribute ram_style = "block" set for RAM "top_level__GCB10/infer_exc_last_spike_step_reg",trying to implement using LUTRAM
WARNING: [Synth 8-6849] Infeasible attribute ram_style = "block" set for RAM "top_level__GCB10/infer_exc_last_spike_step_reg",trying to implement using LUTRAM
WARNING: [Synth 8-6849] Infeasible attribute ram_style = "block" set for RAM "top_level__GCB10/infer_exc_last_spike_step_reg",trying to implement using LUTRAM
WARNING: [Synth 8-6849] Infeasible attribute ram_style = "block" set for RAM "top_level__GCB10/infer_exc_last_spike_step_reg",trying to implement using LUTRAM
WARNING: [Synth 8-6849] Infeasible attribute ram_style = "block" set for RAM "top_level__GCB10/infer_inh_last_spike_step_reg",trying to implement using LUTRAM
WARNING: [Synth 8-6849] Infeasible attribute ram_style = "block" set for RAM "top_level__GCB10/infer_inh_last_spike_step_reg",trying to implement using LUTRAM
WARNING: [Synth 8-6849] Infeasible attribute ram_style = "block" set for RAM "top_level__GCB10/infer_v_inh_state_reg",trying to implement using LUTRAM
WARNING: [Synth 8-6849] Infeasible attribute ram_style = "block" set for RAM "top_level__GCB10/infer_v_inh_state_reg",trying to implement using LUTRAM
WARNING: [Synth 8-6849] Infeasible attribute ram_style = "block" set for RAM "top_level__GCB10/infer_g_exc_delay0_reg",trying to implement using LUTRAM
WARNING: [Synth 8-6849] Infeasible attribute ram_style = "block" set for RAM "top_level__GCB10/infer_g_exc_delay0_reg",trying to implement using LUTRAM
WARNING: [Synth 8-6849] Infeasible attribute ram_style = "block" set for RAM "top_level__GCB10/infer_g_exc_delay1_reg",trying to implement using LUTRAM
WARNING: [Synth 8-6849] Infeasible attribute ram_style = "block" set for RAM "top_level__GCB10/infer_g_exc_delay1_reg",trying to implement using LUTRAM
WARNING: [Synth 8-6849] Infeasible attribute ram_style = "block" set for RAM "top_level__GCB10/infer_spike_count_reg",trying to implement using LUTRAM
WARNING: [Synth 8-6849] Infeasible attribute ram_style = "block" set for RAM "top_level__GCB10/infer_spike_count_reg",trying to implement using LUTRAM
WARNING: [Synth 8-6849] Infeasible attribute ram_style = "block" set for RAM "top_level__GCB10/infer_spike_count_reg",trying to implement using LUTRAM
WARNING: [Synth 8-6849] Infeasible attribute ram_style = "block" set for RAM "top_level__GCB10/infer_spike_count_reg",trying to implement using LUTRAM
WARNING: [Synth 8-6849] Infeasible attribute ram_style = "block" set for RAM "top_level__GCB10/infer_spike_count_reg",trying to implement using LUTRAM
WARNING: [Synth 8-6849] Infeasible attribute ram_style = "block" set for RAM "top_level__GCB10/infer_spike_count_reg",trying to implement using LUTRAM
WARNING: [Synth 8-6849] Infeasible attribute ram_style = "block" set for RAM "top_level__GCB10/infer_c_inh_state_reg",trying to implement using LUTRAM
WARNING: [Synth 8-6849] Infeasible attribute ram_style = "block" set for RAM "top_level__GCB10/infer_c_inh_state_reg",trying to implement using LUTRAM
WARNING: [Synth 8-6849] Infeasible attribute ram_style = "block" set for RAM "top_level__GCB10/infer_g_inh_state_reg",trying to implement using LUTRAM
WARNING: [Synth 8-6849] Infeasible attribute ram_style = "block" set for RAM "top_level__GCB10/infer_g_inh_state_reg",trying to implement using LUTRAM
WARNING: [Synth 8-6849] Infeasible attribute ram_style = "block" set for RAM "top_level__GCB10/infer_g_inh_state_reg",trying to implement using LUTRAM
WARNING: [Synth 8-6849] Infeasible attribute ram_style = "block" set for RAM "top_level__GCB10/infer_g_inh_state_reg",trying to implement using LUTRAM
INFO: [Synth 8-7067] Removed DRAM instance i_14/i_0/infer_g_exc_delay0_reg_0_63_0_0__30 from module extram__45 due to constant propagation
INFO: [Synth 8-7067] Removed DRAM instance i_14/i_0/infer_g_exc_delay0_reg_0_31_0_0__30 from module extram__45 due to constant propagation
INFO: [Synth 8-7067] Removed DRAM instance i_14/i_0/infer_g_exc_delay0_reg_0_15_0_0__30 from module extram__45 due to constant propagation
INFO: [Synth 8-7067] Removed DRAM instance i_14/i_0/infer_g_exc_delay0_reg_0_63_0_0__29 from module extram__45 due to constant propagation
INFO: [Synth 8-7067] Removed DRAM instance i_14/i_0/infer_g_exc_delay0_reg_0_31_0_0__29 from module extram__45 due to constant propagation
INFO: [Synth 8-7067] Removed DRAM instance i_14/i_0/infer_g_exc_delay0_reg_0_15_0_0__29 from module extram__45 due to constant propagation
INFO: [Synth 8-7067] Removed DRAM instance i_14/i_0/infer_g_exc_delay0_reg_0_63_0_0__28 from module extram__45 due to constant propagation
INFO: [Synth 8-7067] Removed DRAM instance i_14/i_0/infer_g_exc_delay0_reg_0_31_0_0__28 from module extram__45 due to constant propagation
INFO: [Synth 8-7067] Removed DRAM instance i_14/i_0/infer_g_exc_delay0_reg_0_15_0_0__28 from module extram__45 due to constant propagation
INFO: [Synth 8-7067] Removed DRAM instance i_14/i_0/infer_g_exc_delay0_reg_0_63_0_0__27 from module extram__45 due to constant propagation
INFO: [Synth 8-7067] Removed DRAM instance i_14/i_0/infer_g_exc_delay0_reg_0_31_0_0__27 from module extram__45 due to constant propagation
INFO: [Synth 8-7067] Removed DRAM instance i_14/i_0/infer_g_exc_delay0_reg_0_15_0_0__27 from module extram__45 due to constant propagation
INFO: [Synth 8-7067] Removed DRAM instance i_14/i_0/infer_g_exc_delay0_reg_0_63_0_0__25 from module extram__45 due to constant propagation
INFO: [Synth 8-7067] Removed DRAM instance i_14/i_0/infer_g_exc_delay0_reg_0_31_0_0__25 from module extram__45 due to constant propagation
INFO: [Synth 8-7067] Removed DRAM instance i_14/i_0/infer_g_exc_delay0_reg_0_15_0_0__25 from module extram__45 due to constant propagation
INFO: [Synth 8-7067] Removed DRAM instance i_14/i_0/infer_g_exc_delay0_reg_0_63_0_0__24 from module extram__45 due to constant propagation
INFO: [Synth 8-7067] Removed DRAM instance i_14/i_0/infer_g_exc_delay0_reg_0_31_0_0__24 from module extram__45 due to constant propagation
INFO: [Synth 8-7067] Removed DRAM instance i_14/i_0/infer_g_exc_delay0_reg_0_15_0_0__24 from module extram__45 due to constant propagation
INFO: [Synth 8-7067] Removed DRAM instance i_14/i_0/infer_g_exc_delay0_reg_0_63_0_0__23 from module extram__45 due to constant propagation
INFO: [Synth 8-7067] Removed DRAM instance i_14/i_0/infer_g_exc_delay0_reg_0_31_0_0__23 from module extram__45 due to constant propagation
INFO: [Synth 8-7067] Removed DRAM instance i_14/i_0/infer_g_exc_delay0_reg_0_15_0_0__23 from module extram__45 due to constant propagation
INFO: [Synth 8-7067] Removed DRAM instance i_14/i_0/infer_g_exc_delay0_reg_0_63_0_0__20 from module extram__45 due to constant propagation
INFO: [Synth 8-7067] Removed DRAM instance i_14/i_0/infer_g_exc_delay0_reg_0_31_0_0__20 from module extram__45 due to constant propagation
INFO: [Synth 8-7067] Removed DRAM instance i_14/i_0/infer_g_exc_delay0_reg_0_15_0_0__20 from module extram__45 due to constant propagation
INFO: [Synth 8-7067] Removed DRAM instance i_14/i_0/infer_g_exc_delay0_reg_0_63_0_0__19 from module extram__45 due to constant propagation
INFO: [Synth 8-7067] Removed DRAM instance i_14/i_0/infer_g_exc_delay0_reg_0_31_0_0__19 from module extram__45 due to constant propagation
INFO: [Synth 8-7067] Removed DRAM instance i_14/i_0/infer_g_exc_delay0_reg_0_15_0_0__19 from module extram__45 due to constant propagation
INFO: [Synth 8-7067] Removed DRAM instance i_14/i_0/infer_g_exc_delay0_reg_0_63_0_0__17 from module extram__45 due to constant propagation
INFO: [Synth 8-7067] Removed DRAM instance i_14/i_0/infer_g_exc_delay0_reg_0_31_0_0__17 from module extram__45 due to constant propagation
INFO: [Synth 8-7067] Removed DRAM instance i_14/i_0/infer_g_exc_delay0_reg_0_15_0_0__17 from module extram__45 due to constant propagation
INFO: [Synth 8-7067] Removed DRAM instance i_14/i_0/infer_g_exc_delay0_reg_0_63_0_0__15 from module extram__45 due to constant propagation
INFO: [Synth 8-7067] Removed DRAM instance i_14/i_0/infer_g_exc_delay0_reg_0_31_0_0__15 from module extram__45 due to constant propagation
INFO: [Synth 8-7067] Removed DRAM instance i_14/i_0/infer_g_exc_delay0_reg_0_15_0_0__15 from module extram__45 due to constant propagation
INFO: [Synth 8-7067] Removed DRAM instance i_14/i_0/infer_g_exc_delay0_reg_0_63_0_0__14 from module extram__45 due to constant propagation
INFO: [Synth 8-7067] Removed DRAM instance i_14/i_0/infer_g_exc_delay0_reg_0_31_0_0__14 from module extram__45 due to constant propagation
INFO: [Synth 8-7067] Removed DRAM instance i_14/i_0/infer_g_exc_delay0_reg_0_15_0_0__14 from module extram__45 due to constant propagation
INFO: [Synth 8-7067] Removed DRAM instance i_14/i_0/infer_g_exc_delay0_reg_0_63_0_0__13 from module extram__45 due to constant propagation
INFO: [Synth 8-7067] Removed DRAM instance i_14/i_0/infer_g_exc_delay0_reg_0_31_0_0__13 from module extram__45 due to constant propagation
INFO: [Synth 8-7067] Removed DRAM instance i_14/i_0/infer_g_exc_delay0_reg_0_15_0_0__13 from module extram__45 due to constant propagation
INFO: [Synth 8-7067] Removed DRAM instance i_14/i_0/infer_g_exc_delay0_reg_0_63_0_0__12 from module extram__45 due to constant propagation
INFO: [Synth 8-7067] Removed DRAM instance i_14/i_0/infer_g_exc_delay0_reg_0_31_0_0__12 from module extram__45 due to constant propagation
INFO: [Synth 8-7067] Removed DRAM instance i_14/i_0/infer_g_exc_delay0_reg_0_15_0_0__12 from module extram__45 due to constant propagation
INFO: [Synth 8-7067] Removed DRAM instance i_14/i_0/infer_g_exc_delay0_reg_0_63_0_0__11 from module extram__45 due to constant propagation
INFO: [Synth 8-7067] Removed DRAM instance i_14/i_0/infer_g_exc_delay0_reg_0_31_0_0__11 from module extram__45 due to constant propagation
INFO: [Synth 8-7067] Removed DRAM instance i_14/i_0/infer_g_exc_delay0_reg_0_15_0_0__11 from module extram__45 due to constant propagation
INFO: [Synth 8-7067] Removed DRAM instance i_14/i_0/infer_g_exc_delay0_reg_0_63_0_0__10 from module extram__45 due to constant propagation
INFO: [Synth 8-7067] Removed DRAM instance i_14/i_0/infer_g_exc_delay0_reg_0_31_0_0__10 from module extram__45 due to constant propagation
INFO: [Synth 8-7067] Removed DRAM instance i_14/i_0/infer_g_exc_delay0_reg_0_15_0_0__10 from module extram__45 due to constant propagation
INFO: [Synth 8-7067] Removed DRAM instance i_14/i_0/infer_g_exc_delay0_reg_0_63_0_0__9 from module extram__45 due to constant propagation
INFO: [Synth 8-7067] Removed DRAM instance i_14/i_0/infer_g_exc_delay0_reg_0_31_0_0__9 from module extram__45 due to constant propagation
INFO: [Synth 8-7067] Removed DRAM instance i_14/i_0/infer_g_exc_delay0_reg_0_15_0_0__9 from module extram__45 due to constant propagation
INFO: [Synth 8-7067] Removed DRAM instance i_14/i_0/infer_g_exc_delay0_reg_0_63_0_0__8 from module extram__45 due to constant propagation
INFO: [Synth 8-7067] Removed DRAM instance i_14/i_0/infer_g_exc_delay0_reg_0_31_0_0__8 from module extram__45 due to constant propagation
INFO: [Synth 8-7067] Removed DRAM instance i_14/i_0/infer_g_exc_delay0_reg_0_15_0_0__8 from module extram__45 due to constant propagation
INFO: [Synth 8-7067] Removed DRAM instance i_14/i_0/infer_g_exc_delay0_reg_0_63_0_0__7 from module extram__45 due to constant propagation
INFO: [Synth 8-7067] Removed DRAM instance i_14/i_0/infer_g_exc_delay0_reg_0_31_0_0__7 from module extram__45 due to constant propagation
INFO: [Synth 8-7067] Removed DRAM instance i_14/i_0/infer_g_exc_delay0_reg_0_15_0_0__7 from module extram__45 due to constant propagation
INFO: [Synth 8-7067] Removed DRAM instance i_14/i_0/infer_g_exc_delay0_reg_0_63_0_0__6 from module extram__45 due to constant propagation
INFO: [Synth 8-7067] Removed DRAM instance i_14/i_0/infer_g_exc_delay0_reg_0_31_0_0__6 from module extram__45 due to constant propagation
INFO: [Synth 8-7067] Removed DRAM instance i_14/i_0/infer_g_exc_delay0_reg_0_15_0_0__6 from module extram__45 due to constant propagation
INFO: [Synth 8-7067] Removed DRAM instance i_14/i_0/infer_g_exc_delay0_reg_0_63_0_0__5 from module extram__45 due to constant propagation
INFO: [Synth 8-7067] Removed DRAM instance i_14/i_0/infer_g_exc_delay0_reg_0_31_0_0__5 from module extram__45 due to constant propagation
INFO: [Synth 8-7067] Removed DRAM instance i_14/i_0/infer_g_exc_delay0_reg_0_15_0_0__5 from module extram__45 due to constant propagation
INFO: [Synth 8-7067] Removed DRAM instance i_14/i_0/infer_g_exc_delay0_reg_0_63_0_0__4 from module extram__45 due to constant propagation
INFO: [Synth 8-7067] Removed DRAM instance i_14/i_0/infer_g_exc_delay0_reg_0_31_0_0__4 from module extram__45 due to constant propagation
INFO: [Synth 8-7067] Removed DRAM instance i_14/i_0/infer_g_exc_delay0_reg_0_15_0_0__4 from module extram__45 due to constant propagation
INFO: [Synth 8-7067] Removed DRAM instance i_14/i_0/infer_g_exc_delay0_reg_0_63_0_0__3 from module extram__45 due to constant propagation
INFO: [Synth 8-7067] Removed DRAM instance i_14/i_0/infer_g_exc_delay0_reg_0_31_0_0__3 from module extram__45 due to constant propagation
INFO: [Synth 8-7067] Removed DRAM instance i_14/i_0/infer_g_exc_delay0_reg_0_15_0_0__3 from module extram__45 due to constant propagation
INFO: [Synth 8-7067] Removed DRAM instance i_14/i_0/infer_g_exc_delay0_reg_0_63_0_0__2 from module extram__45 due to constant propagation
INFO: [Synth 8-7067] Removed DRAM instance i_14/i_0/infer_g_exc_delay0_reg_0_31_0_0__2 from module extram__45 due to constant propagation
INFO: [Synth 8-7067] Removed DRAM instance i_14/i_0/infer_g_exc_delay0_reg_0_15_0_0__2 from module extram__45 due to constant propagation
INFO: [Synth 8-7067] Removed DRAM instance i_14/i_0/infer_g_exc_delay0_reg_0_63_0_0__1 from module extram__45 due to constant propagation
INFO: [Synth 8-7067] Removed DRAM instance i_14/i_0/infer_g_exc_delay0_reg_0_31_0_0__1 from module extram__45 due to constant propagation
INFO: [Synth 8-7067] Removed DRAM instance i_14/i_0/infer_g_exc_delay0_reg_0_15_0_0__1 from module extram__45 due to constant propagation
INFO: [Synth 8-7067] Removed DRAM instance i_14/i_0/infer_g_exc_delay0_reg_0_63_0_0__0 from module extram__45 due to constant propagation
INFO: [Synth 8-7067] Removed DRAM instance i_14/i_0/infer_g_exc_delay0_reg_0_31_0_0__0 from module extram__45 due to constant propagation
INFO: [Synth 8-7067] Removed DRAM instance i_14/i_0/infer_g_exc_delay0_reg_0_15_0_0__0 from module extram__45 due to constant propagation
INFO: [Synth 8-7067] Removed DRAM instance i_14/i_0/infer_g_exc_delay0_reg_0_63_0_0 from module extram__45 due to constant propagation
INFO: [Synth 8-7067] Removed DRAM instance i_14/i_0/infer_g_exc_delay0_reg_0_31_0_0 from module extram__45 due to constant propagation
INFO: [Synth 8-7067] Removed DRAM instance i_14/i_0/infer_g_exc_delay0_reg_0_15_0_0 from module extram__45 due to constant propagation
INFO: [Synth 8-3886] merging instance 'infer_neuron_idx_reg_rep[0]' (FDRE) to 'infer_neuron_idx_reg[0]'
INFO: [Synth 8-3886] merging instance 'infer_neuron_idx_reg_rep[1]' (FDRE) to 'infer_neuron_idx_reg[1]'
INFO: [Synth 8-3886] merging instance 'infer_neuron_idx_reg_rep[2]' (FDRE) to 'infer_neuron_idx_reg[2]'
INFO: [Synth 8-3886] merging instance 'infer_neuron_idx_reg_rep[3]' (FDRE) to 'infer_neuron_idx_reg[3]'
INFO: [Synth 8-3886] merging instance 'infer_neuron_idx_reg_rep[4]' (FDRE) to 'infer_neuron_idx_reg[4]'
INFO: [Synth 8-3886] merging instance 'infer_neuron_idx_reg_rep[5]' (FDRE) to 'infer_neuron_idx_reg[5]'
INFO: [Synth 8-3886] merging instance 'i_0/infer_w_q16_reg_mux_sel_b_pos_1__13' (FD) to 'i_0/infer_w_q16_reg_mux_sel_b_pos_1__14'
INFO: [Synth 8-3886] merging instance 'i_0/infer_w_q16_reg_mux_sel_b_pos_0__13' (FD) to 'i_0/infer_w_q16_reg_mux_sel_b_pos_0__14'
INFO: [Synth 8-3886] merging instance 'i_0/infer_w_q16_reg_mux_sel_b_pos_1__14' (FD) to 'i_0/infer_w_q16_reg_mux_sel_b_pos_1__12'
INFO: [Synth 8-3886] merging instance 'i_0/infer_w_q16_reg_mux_sel_b_pos_0__14' (FD) to 'i_0/infer_w_q16_reg_mux_sel_b_pos_0__12'
INFO: [Synth 8-3886] merging instance 'i_0/infer_w_q16_reg_mux_sel_b_pos_1__12' (FD) to 'i_0/infer_w_q16_reg_mux_sel_b_pos_1__11'
INFO: [Synth 8-3886] merging instance 'i_0/infer_w_q16_reg_mux_sel_b_pos_0__12' (FD) to 'i_0/infer_w_q16_reg_mux_sel_b_pos_0__11'
INFO: [Synth 8-3886] merging instance 'i_0/infer_w_q16_reg_mux_sel_b_pos_1__11' (FD) to 'i_0/infer_w_q16_reg_mux_sel_b_pos_1__10'
INFO: [Synth 8-3886] merging instance 'i_0/infer_w_q16_reg_mux_sel_b_pos_0__11' (FD) to 'i_0/infer_w_q16_reg_mux_sel_b_pos_0__10'
INFO: [Synth 8-3886] merging instance 'i_0/infer_w_q16_reg_mux_sel_b_pos_1__10' (FD) to 'i_0/infer_w_q16_reg_mux_sel_b_pos_1__9'
INFO: [Synth 8-3886] merging instance 'i_0/infer_w_q16_reg_mux_sel_b_pos_0__10' (FD) to 'i_0/infer_w_q16_reg_mux_sel_b_pos_0__9'
INFO: [Synth 8-3886] merging instance 'i_0/infer_w_q16_reg_mux_sel_b_pos_1__9' (FD) to 'i_0/infer_w_q16_reg_mux_sel_b_pos_1__8'
INFO: [Synth 8-3886] merging instance 'i_0/infer_w_q16_reg_mux_sel_b_pos_0__9' (FD) to 'i_0/infer_w_q16_reg_mux_sel_b_pos_0__8'
INFO: [Synth 8-3886] merging instance 'i_0/infer_w_q16_reg_mux_sel_b_pos_1__8' (FD) to 'i_0/infer_w_q16_reg_mux_sel_b_pos_1__7'
INFO: [Synth 8-3886] merging instance 'i_0/infer_w_q16_reg_mux_sel_b_pos_0__8' (FD) to 'i_0/infer_w_q16_reg_mux_sel_b_pos_0__7'
INFO: [Synth 8-3886] merging instance 'i_0/infer_w_q16_reg_mux_sel_b_pos_1__7' (FD) to 'i_0/infer_w_q16_reg_mux_sel_b_pos_1__6'
INFO: [Synth 8-3886] merging instance 'i_0/infer_w_q16_reg_mux_sel_b_pos_0__7' (FD) to 'i_0/infer_w_q16_reg_mux_sel_b_pos_0__6'
INFO: [Synth 8-3886] merging instance 'i_0/infer_w_q16_reg_mux_sel_b_pos_1__6' (FD) to 'i_0/infer_w_q16_reg_mux_sel_b_pos_1__5'
INFO: [Synth 8-3886] merging instance 'i_0/infer_w_q16_reg_mux_sel_b_pos_0__6' (FD) to 'i_0/infer_w_q16_reg_mux_sel_b_pos_0__5'
INFO: [Synth 8-3886] merging instance 'i_0/infer_w_q16_reg_mux_sel_b_pos_1__5' (FD) to 'i_0/infer_w_q16_reg_mux_sel_b_pos_1__4'
INFO: [Synth 8-3886] merging instance 'i_0/infer_w_q16_reg_mux_sel_b_pos_0__5' (FD) to 'i_0/infer_w_q16_reg_mux_sel_b_pos_0__4'
INFO: [Synth 8-3886] merging instance 'i_0/infer_w_q16_reg_mux_sel_b_pos_1__4' (FD) to 'i_0/infer_w_q16_reg_mux_sel_b_pos_1__3'
INFO: [Synth 8-3886] merging instance 'i_0/infer_w_q16_reg_mux_sel_b_pos_0__4' (FD) to 'i_0/infer_w_q16_reg_mux_sel_b_pos_0__3'
INFO: [Synth 8-3886] merging instance 'i_0/infer_w_q16_reg_mux_sel_b_pos_1__3' (FD) to 'i_0/infer_w_q16_reg_mux_sel_b_pos_1__2'
INFO: [Synth 8-3886] merging instance 'i_0/infer_w_q16_reg_mux_sel_b_pos_0__3' (FD) to 'i_0/infer_w_q16_reg_mux_sel_b_pos_0__2'
INFO: [Synth 8-3886] merging instance 'i_0/infer_w_q16_reg_mux_sel_b_pos_1__2' (FD) to 'i_0/infer_w_q16_reg_mux_sel_b_pos_1__1'
INFO: [Synth 8-3886] merging instance 'i_0/infer_w_q16_reg_mux_sel_b_pos_0__2' (FD) to 'i_0/infer_w_q16_reg_mux_sel_b_pos_0__1'
INFO: [Synth 8-3886] merging instance 'i_0/infer_w_q16_reg_mux_sel_b_pos_1__1' (FD) to 'i_0/infer_w_q16_reg_mux_sel_b_pos_1__0'
INFO: [Synth 8-3886] merging instance 'i_0/infer_w_q16_reg_mux_sel_b_pos_0__1' (FD) to 'i_0/infer_w_q16_reg_mux_sel_b_pos_0__0'
INFO: [Synth 8-3886] merging instance 'i_0/infer_w_q16_reg_mux_sel_b_pos_1__0' (FD) to 'i_0/infer_w_q16_reg_mux_sel_b_pos_1'
INFO: [Synth 8-3886] merging instance 'i_0/infer_w_q16_reg_mux_sel_b_pos_0__0' (FD) to 'i_0/infer_w_q16_reg_mux_sel_b_pos_0'
INFO: [Synth 8-3886] merging instance 'infer_neuron_idx_reg_rep[6]' (FDRE) to 'infer_neuron_idx_reg[6]'
INFO: [Synth 8-7067] Removed DRAM instance i_15/i_0/infer_g_exc_delay1_reg_0_63_0_0__30 from module extram__47 due to constant propagation
INFO: [Synth 8-7067] Removed DRAM instance i_15/i_0/infer_g_exc_delay1_reg_0_31_0_0__30 from module extram__47 due to constant propagation
INFO: [Synth 8-7067] Removed DRAM instance i_15/i_0/infer_g_exc_delay1_reg_0_15_0_0__30 from module extram__47 due to constant propagation
INFO: [Synth 8-7067] Removed DRAM instance i_15/i_0/infer_g_exc_delay1_reg_0_63_0_0__29 from module extram__47 due to constant propagation
INFO: [Synth 8-7067] Removed DRAM instance i_15/i_0/infer_g_exc_delay1_reg_0_31_0_0__29 from module extram__47 due to constant propagation
INFO: [Synth 8-7067] Removed DRAM instance i_15/i_0/infer_g_exc_delay1_reg_0_15_0_0__29 from module extram__47 due to constant propagation
INFO: [Synth 8-7067] Removed DRAM instance i_15/i_0/infer_g_exc_delay1_reg_0_63_0_0__28 from module extram__47 due to constant propagation
INFO: [Synth 8-7067] Removed DRAM instance i_15/i_0/infer_g_exc_delay1_reg_0_31_0_0__28 from module extram__47 due to constant propagation
INFO: [Synth 8-7067] Removed DRAM instance i_15/i_0/infer_g_exc_delay1_reg_0_15_0_0__28 from module extram__47 due to constant propagation
INFO: [Synth 8-7067] Removed DRAM instance i_15/i_0/infer_g_exc_delay1_reg_0_63_0_0__27 from module extram__47 due to constant propagation
INFO: [Synth 8-7067] Removed DRAM instance i_15/i_0/infer_g_exc_delay1_reg_0_31_0_0__27 from module extram__47 due to constant propagation
INFO: [Synth 8-7067] Removed DRAM instance i_15/i_0/infer_g_exc_delay1_reg_0_15_0_0__27 from module extram__47 due to constant propagation
INFO: [Synth 8-7067] Removed DRAM instance i_15/i_0/infer_g_exc_delay1_reg_0_63_0_0__25 from module extram__47 due to constant propagation
INFO: [Synth 8-7067] Removed DRAM instance i_15/i_0/infer_g_exc_delay1_reg_0_31_0_0__25 from module extram__47 due to constant propagation
INFO: [Synth 8-7067] Removed DRAM instance i_15/i_0/infer_g_exc_delay1_reg_0_15_0_0__25 from module extram__47 due to constant propagation
INFO: [Synth 8-7067] Removed DRAM instance i_15/i_0/infer_g_exc_delay1_reg_0_63_0_0__24 from module extram__47 due to constant propagation
INFO: [Synth 8-7067] Removed DRAM instance i_15/i_0/infer_g_exc_delay1_reg_0_31_0_0__24 from module extram__47 due to constant propagation
INFO: [Synth 8-7067] Removed DRAM instance i_15/i_0/infer_g_exc_delay1_reg_0_15_0_0__24 from module extram__47 due to constant propagation
INFO: [Synth 8-7067] Removed DRAM instance i_15/i_0/infer_g_exc_delay1_reg_0_63_0_0__23 from module extram__47 due to constant propagation
INFO: [Synth 8-7067] Removed DRAM instance i_15/i_0/infer_g_exc_delay1_reg_0_31_0_0__23 from module extram__47 due to constant propagation
INFO: [Synth 8-7067] Removed DRAM instance i_15/i_0/infer_g_exc_delay1_reg_0_15_0_0__23 from module extram__47 due to constant propagation
INFO: [Synth 8-7067] Removed DRAM instance i_15/i_0/infer_g_exc_delay1_reg_0_63_0_0__20 from module extram__47 due to constant propagation
INFO: [Synth 8-7067] Removed DRAM instance i_15/i_0/infer_g_exc_delay1_reg_0_31_0_0__20 from module extram__47 due to constant propagation
INFO: [Synth 8-7067] Removed DRAM instance i_15/i_0/infer_g_exc_delay1_reg_0_15_0_0__20 from module extram__47 due to constant propagation
INFO: [Synth 8-7067] Removed DRAM instance i_15/i_0/infer_g_exc_delay1_reg_0_63_0_0__19 from module extram__47 due to constant propagation
INFO: [Synth 8-7067] Removed DRAM instance i_15/i_0/infer_g_exc_delay1_reg_0_31_0_0__19 from module extram__47 due to constant propagation
INFO: [Synth 8-7067] Removed DRAM instance i_15/i_0/infer_g_exc_delay1_reg_0_15_0_0__19 from module extram__47 due to constant propagation
INFO: [Synth 8-7067] Removed DRAM instance i_15/i_0/infer_g_exc_delay1_reg_0_63_0_0__17 from module extram__47 due to constant propagation
INFO: [Synth 8-7067] Removed DRAM instance i_15/i_0/infer_g_exc_delay1_reg_0_31_0_0__17 from module extram__47 due to constant propagation
INFO: [Synth 8-7067] Removed DRAM instance i_15/i_0/infer_g_exc_delay1_reg_0_15_0_0__17 from module extram__47 due to constant propagation
INFO: [Synth 8-7067] Removed DRAM instance i_15/i_0/infer_g_exc_delay1_reg_0_63_0_0__15 from module extram__47 due to constant propagation
INFO: [Synth 8-7067] Removed DRAM instance i_15/i_0/infer_g_exc_delay1_reg_0_31_0_0__15 from module extram__47 due to constant propagation
INFO: [Synth 8-7067] Removed DRAM instance i_15/i_0/infer_g_exc_delay1_reg_0_15_0_0__15 from module extram__47 due to constant propagation
INFO: [Synth 8-7067] Removed DRAM instance i_15/i_0/infer_g_exc_delay1_reg_0_63_0_0__14 from module extram__47 due to constant propagation
INFO: [Synth 8-7067] Removed DRAM instance i_15/i_0/infer_g_exc_delay1_reg_0_31_0_0__14 from module extram__47 due to constant propagation
INFO: [Synth 8-7067] Removed DRAM instance i_15/i_0/infer_g_exc_delay1_reg_0_15_0_0__14 from module extram__47 due to constant propagation
INFO: [Synth 8-7067] Removed DRAM instance i_15/i_0/infer_g_exc_delay1_reg_0_63_0_0__13 from module extram__47 due to constant propagation
INFO: [Synth 8-7067] Removed DRAM instance i_15/i_0/infer_g_exc_delay1_reg_0_31_0_0__13 from module extram__47 due to constant propagation
INFO: [Synth 8-7067] Removed DRAM instance i_15/i_0/infer_g_exc_delay1_reg_0_15_0_0__13 from module extram__47 due to constant propagation
INFO: [Synth 8-7067] Removed DRAM instance i_15/i_0/infer_g_exc_delay1_reg_0_63_0_0__12 from module extram__47 due to constant propagation
INFO: [Synth 8-7067] Removed DRAM instance i_15/i_0/infer_g_exc_delay1_reg_0_31_0_0__12 from module extram__47 due to constant propagation
INFO: [Synth 8-7067] Removed DRAM instance i_15/i_0/infer_g_exc_delay1_reg_0_15_0_0__12 from module extram__47 due to constant propagation
INFO: [Synth 8-7067] Removed DRAM instance i_15/i_0/infer_g_exc_delay1_reg_0_63_0_0__11 from module extram__47 due to constant propagation
INFO: [Synth 8-7067] Removed DRAM instance i_15/i_0/infer_g_exc_delay1_reg_0_31_0_0__11 from module extram__47 due to constant propagation
INFO: [Synth 8-7067] Removed DRAM instance i_15/i_0/infer_g_exc_delay1_reg_0_15_0_0__11 from module extram__47 due to constant propagation
INFO: [Synth 8-7067] Removed DRAM instance i_15/i_0/infer_g_exc_delay1_reg_0_63_0_0__10 from module extram__47 due to constant propagation
INFO: [Synth 8-7067] Removed DRAM instance i_15/i_0/infer_g_exc_delay1_reg_0_31_0_0__10 from module extram__47 due to constant propagation
INFO: [Synth 8-7067] Removed DRAM instance i_15/i_0/infer_g_exc_delay1_reg_0_15_0_0__10 from module extram__47 due to constant propagation
INFO: [Synth 8-7067] Removed DRAM instance i_15/i_0/infer_g_exc_delay1_reg_0_63_0_0__9 from module extram__47 due to constant propagation
INFO: [Synth 8-7067] Removed DRAM instance i_15/i_0/infer_g_exc_delay1_reg_0_31_0_0__9 from module extram__47 due to constant propagation
INFO: [Synth 8-7067] Removed DRAM instance i_15/i_0/infer_g_exc_delay1_reg_0_15_0_0__9 from module extram__47 due to constant propagation
INFO: [Synth 8-7067] Removed DRAM instance i_15/i_0/infer_g_exc_delay1_reg_0_63_0_0__8 from module extram__47 due to constant propagation
INFO: [Synth 8-7067] Removed DRAM instance i_15/i_0/infer_g_exc_delay1_reg_0_31_0_0__8 from module extram__47 due to constant propagation
INFO: [Synth 8-7067] Removed DRAM instance i_15/i_0/infer_g_exc_delay1_reg_0_15_0_0__8 from module extram__47 due to constant propagation
INFO: [Synth 8-7067] Removed DRAM instance i_15/i_0/infer_g_exc_delay1_reg_0_63_0_0__7 from module extram__47 due to constant propagation
INFO: [Synth 8-7067] Removed DRAM instance i_15/i_0/infer_g_exc_delay1_reg_0_31_0_0__7 from module extram__47 due to constant propagation
INFO: [Synth 8-7067] Removed DRAM instance i_15/i_0/infer_g_exc_delay1_reg_0_15_0_0__7 from module extram__47 due to constant propagation
INFO: [Synth 8-7067] Removed DRAM instance i_15/i_0/infer_g_exc_delay1_reg_0_63_0_0__6 from module extram__47 due to constant propagation
INFO: [Synth 8-7067] Removed DRAM instance i_15/i_0/infer_g_exc_delay1_reg_0_31_0_0__6 from module extram__47 due to constant propagation
INFO: [Synth 8-7067] Removed DRAM instance i_15/i_0/infer_g_exc_delay1_reg_0_15_0_0__6 from module extram__47 due to constant propagation
INFO: [Synth 8-7067] Removed DRAM instance i_15/i_0/infer_g_exc_delay1_reg_0_63_0_0__5 from module extram__47 due to constant propagation
INFO: [Synth 8-7067] Removed DRAM instance i_15/i_0/infer_g_exc_delay1_reg_0_31_0_0__5 from module extram__47 due to constant propagation
INFO: [Synth 8-7067] Removed DRAM instance i_15/i_0/infer_g_exc_delay1_reg_0_15_0_0__5 from module extram__47 due to constant propagation
INFO: [Synth 8-7067] Removed DRAM instance i_15/i_0/infer_g_exc_delay1_reg_0_63_0_0__4 from module extram__47 due to constant propagation
INFO: [Synth 8-7067] Removed DRAM instance i_15/i_0/infer_g_exc_delay1_reg_0_31_0_0__4 from module extram__47 due to constant propagation
INFO: [Synth 8-7067] Removed DRAM instance i_15/i_0/infer_g_exc_delay1_reg_0_15_0_0__4 from module extram__47 due to constant propagation
INFO: [Synth 8-7067] Removed DRAM instance i_15/i_0/infer_g_exc_delay1_reg_0_63_0_0__3 from module extram__47 due to constant propagation
INFO: [Synth 8-7067] Removed DRAM instance i_15/i_0/infer_g_exc_delay1_reg_0_31_0_0__3 from module extram__47 due to constant propagation
INFO: [Synth 8-7067] Removed DRAM instance i_15/i_0/infer_g_exc_delay1_reg_0_15_0_0__3 from module extram__47 due to constant propagation
INFO: [Synth 8-7067] Removed DRAM instance i_15/i_0/infer_g_exc_delay1_reg_0_63_0_0__2 from module extram__47 due to constant propagation
INFO: [Synth 8-7067] Removed DRAM instance i_15/i_0/infer_g_exc_delay1_reg_0_31_0_0__2 from module extram__47 due to constant propagation
INFO: [Synth 8-7067] Removed DRAM instance i_15/i_0/infer_g_exc_delay1_reg_0_15_0_0__2 from module extram__47 due to constant propagation
INFO: [Synth 8-7067] Removed DRAM instance i_15/i_0/infer_g_exc_delay1_reg_0_63_0_0__1 from module extram__47 due to constant propagation
INFO: [Synth 8-7067] Removed DRAM instance i_15/i_0/infer_g_exc_delay1_reg_0_31_0_0__1 from module extram__47 due to constant propagation
INFO: [Synth 8-7067] Removed DRAM instance i_15/i_0/infer_g_exc_delay1_reg_0_15_0_0__1 from module extram__47 due to constant propagation
INFO: [Synth 8-7067] Removed DRAM instance i_15/i_0/infer_g_exc_delay1_reg_0_63_0_0__0 from module extram__47 due to constant propagation
INFO: [Synth 8-7067] Removed DRAM instance i_15/i_0/infer_g_exc_delay1_reg_0_31_0_0__0 from module extram__47 due to constant propagation
INFO: [Synth 8-7067] Removed DRAM instance i_15/i_0/infer_g_exc_delay1_reg_0_15_0_0__0 from module extram__47 due to constant propagation
INFO: [Synth 8-7067] Removed DRAM instance i_15/i_0/infer_g_exc_delay1_reg_0_63_0_0 from module extram__47 due to constant propagation
INFO: [Synth 8-7067] Removed DRAM instance i_15/i_0/infer_g_exc_delay1_reg_0_31_0_0 from module extram__47 due to constant propagation
INFO: [Synth 8-7067] Removed DRAM instance i_15/i_0/infer_g_exc_delay1_reg_0_15_0_0 from module extram__47 due to constant propagation
INFO: [Synth 8-7067] Removed DRAM instance i_15/i_0/infer_g_exc_delay1_reg_0_31_0_0__30 from module extram__47 due to constant propagation
---------------------------------------------------------------------------------
Finished Cross Boundary and Area Optimization : Time (s): cpu = 00:00:40 ; elapsed = 00:00:40 . Memory (MB): peak = 2653.375 ; gain = 982.082 ; free physical = 13760 ; free virtual = 32416
---------------------------------------------------------------------------------
 Sort Area is top_level__GCB11 fxp_mul_s16_162_13 : 0 0 : 2701 4861 : Used 1 time 0
 Sort Area is top_level__GCB11 fxp_mul_s16_162_13 : 0 1 : 2160 4861 : Used 1 time 0
 Sort Area is top_level__GCB10 fxp_mul_s16_162_6 : 0 0 : 2701 4861 : Used 1 time 0
 Sort Area is top_level__GCB10 fxp_mul_s16_162_6 : 0 1 : 2160 4861 : Used 1 time 0
 Sort Area is top_level__GCB11 fxp_mul_s16_162_d : 0 0 : 2701 4861 : Used 1 time 0
 Sort Area is top_level__GCB11 fxp_mul_s16_162_d : 0 1 : 2160 4861 : Used 1 time 0
 Sort Area is top_level__GCB1 fxp_mul_s16_162_5 : 0 0 : 2576 4761 : Used 1 time 0
 Sort Area is top_level__GCB1 fxp_mul_s16_162_5 : 0 1 : 2185 4761 : Used 1 time 0
 Sort Area is top_level__GCB1 fxp_mul_s16_162_b : 0 0 : 2576 4761 : Used 1 time 0
 Sort Area is top_level__GCB1 fxp_mul_s16_162_b : 0 1 : 2185 4761 : Used 1 time 0
 Sort Area is top_level__GCB10 infer_rng_state1_c : 0 0 : 2143 4305 : Used 1 time 0
 Sort Area is top_level__GCB10 infer_rng_state1_c : 0 1 : 2162 4305 : Used 1 time 0
 Sort Area is top_level__GCB1 train_gen_lcg_state1_0 : 0 0 : 2143 4305 : Used 1 time 0
 Sort Area is top_level__GCB1 train_gen_lcg_state1_0 : 0 1 : 2162 4305 : Used 1 time 0
 Sort Area is top_level__GCB0 train_chunk_seed_xexc1_d : 0 0 : 2125 4271 : Used 1 time 0
 Sort Area is top_level__GCB0 train_chunk_seed_xexc1_d : 0 1 : 2146 4271 : Used 1 time 0
 Sort Area is top_level__GCB0 train_chunk_seed_xin1_a : 0 0 : 2125 4271 : Used 1 time 0
 Sort Area is top_level__GCB0 train_chunk_seed_xin1_a : 0 1 : 2146 4271 : Used 1 time 0
 Sort Area is top_level__GCB11 fxp_mul_s16_162_10 : 0 0 : 2158 3958 : Used 1 time 0
 Sort Area is top_level__GCB11 fxp_mul_s16_162_10 : 0 1 : 1800 3958 : Used 1 time 0
 Sort Area is top_level__GCB11 fxp_mul_s16_162_14 : 0 0 : 2158 3958 : Used 1 time 0
 Sort Area is top_level__GCB11 fxp_mul_s16_162_14 : 0 1 : 1800 3958 : Used 1 time 0
 Sort Area is top_level__GCB10 fxp_mul_s16_162_9 : 0 0 : 2158 3958 : Used 1 time 0
 Sort Area is top_level__GCB10 fxp_mul_s16_162_9 : 0 1 : 1800 3958 : Used 1 time 0
 Sort Area is top_level__GCB1 fxp_mul_s16_162_8 : 0 0 : 2033 3863 : Used 1 time 0
 Sort Area is top_level__GCB1 fxp_mul_s16_162_8 : 0 1 : 1830 3863 : Used 1 time 0
 Sort Area is top_level__GCB1 fxp_mul_s16_162_c : 0 0 : 2033 3863 : Used 1 time 0
 Sort Area is top_level__GCB1 fxp_mul_s16_162_c : 0 1 : 1830 3863 : Used 1 time 0
 Sort Area is top_level__GCB1 lcg_state_in0_3 : 0 0 : 1547 1547 : Used 1 time 0
 Sort Area is top_level__GCB10 p_0_in_0 : 0 0 : 18 758 : Used 1 time 0
 Sort Area is top_level__GCB10 p_0_in_0 : 0 1 : 740 758 : Used 1 time 0
 Sort Area is top_level__GCB10 p_0_in_3 : 0 0 : 15 615 : Used 1 time 0
 Sort Area is top_level__GCB10 p_0_in_3 : 0 1 : 600 615 : Used 1 time 0
 Sort Area is top_level__GCB0 infer_dividend_reg_e : 0 0 : 327 327 : Used 1 time 0
 Sort Area is top_level__GCB0 ddr_req_addr_word_core2_0 : 0 0 : 131 191 : Used 1 time 0
 Sort Area is top_level__GCB0 ddr_req_addr_word_core2_0 : 0 1 : 60 191 : Used 1 time 0
 Sort Area is top_level__GCB0 ddr_req_addr_word_core2_6 : 0 0 : 131 191 : Used 1 time 0
 Sort Area is top_level__GCB0 ddr_req_addr_word_core2_6 : 0 1 : 60 191 : Used 1 time 0
 Sort Area is top_level__GCB10 infer_w_rd_addr_reg_f : 0 0 : 169 169 : Used 1 time 0
 Sort Area is top_level__GCB0 ddr_req_addr_word_core1_7 : 0 0 : 92 163 : Used 1 time 0
 Sort Area is top_level__GCB0 ddr_req_addr_word_core1_7 : 0 1 : 71 163 : Used 1 time 0
 Sort Area is top_level__GCB0 ddr_req_addr_word_core2_3 : 0 0 : 92 163 : Used 1 time 0
 Sort Area is top_level__GCB0 ddr_req_addr_word_core2_3 : 0 1 : 71 163 : Used 1 time 0
 Sort Area is top_level__GCB0 ddr_req_addr_word_core0_8 : 0 0 : 152 152 : Used 1 time 0
---------------------------------------------------------------------------------
Start ROM, RAM, DSP, Shift Register and Retiming Reporting
---------------------------------------------------------------------------------

Block RAM: Preliminary Mapping Report (see note below)
+-----------------+-----------------+------------------------+---+---+------------------------+---+---+------------------+--------+--------+
|Module Name      | RTL Object      | PORT A (Depth x Width) | W | R | PORT B (Depth x Width) | W | R | Ports driving FF | RAMB18 | RAMB36 | 
+-----------------+-----------------+------------------------+---+---+------------------------+---+---+------------------+--------+--------+
|top_level__GCB10 | infer_w_q16_reg | 76 K x 16(READ_FIRST)  | W |   | 76 K x 16(WRITE_FIRST) |   | R | Port A and B     | 0      | 48     | 
+-----------------+-----------------+------------------------+---+---+------------------------+---+---+------------------+--------+--------+

Note: The table above is a preliminary report that shows the Block RAMs at the current stage of the synthesis flow. Some Block RAMs may be reimplemented as non Block RAM primitives later in the synthesis flow. Multiple instantiated Block RAMs are reported only once. 

Distributed RAM: Preliminary Mapping Report (see note below)
+-----------------+-------------------------------+-----------+----------------------+--------------------------------------------+
|Module Name      | RTL Object                    | Inference | Size (Depth x Width) | Primitives                                 | 
+-----------------+-------------------------------+-----------+----------------------+--------------------------------------------+
|top_level__GCB0  | infer_poisson_thresh_reg      | Implied   | 1 K x 11             | RAM64M x 104                               | 
|top_level__GCB0  | raw_image0_u8_reg             | Implied   | 1 K x 8              | RAM64M x 78                                | 
|top_level__GCB0  | train_xin_cache_reg           | Implied   | 1 K x 15             | RAM64M x 143                               | 
|top_level__GCB0  | train_xexc_cache_reg          | Implied   | 128 x 15             | RAM64M x 22                                | 
|top_level__GCB10 | infer_exc_theta_reg           | Implied   | 128 x 32             | RAM64M x 22                                | 
|top_level__GCB10 | infer_g_in_delay0_reg         | Implied   | 128 x 32             | RAM64M x 22                                | 
|top_level__GCB10 | infer_g_in_delay1_reg         | Implied   | 128 x 32             | RAM64M x 22                                | 
|top_level__GCB10 | infer_g_in_delay2_reg         | Implied   | 128 x 32             | RAM64M x 22                                | 
|top_level__GCB10 | infer_g_in_delay3_reg         | Implied   | 128 x 32             | RAM64M x 22                                | 
|top_level__GCB10 | infer_g_in_delay4_reg         | Implied   | 128 x 32             | RAM64M x 22                                | 
|top_level__GCB10 | infer_v_state_reg             | Implied   | 128 x 32             | RAM64M x 22                                | 
|top_level__GCB10 | infer_exc_last_spike_step_reg | Implied   | 128 x 16             | RAM64M x 12                                | 
|top_level__GCB10 | infer_inh_last_spike_step_reg | Implied   | 128 x 16             | RAM16X1S x 16 RAM32X1S x 16 RAM64X1S x 16  | 
|top_level__GCB10 | infer_input_spike_reg         | Implied   | 1 K x 1              | RAM16X1S x 1 RAM256X1S x 3                 | 
|top_level__GCB10 | infer_v_inh_state_reg         | Implied   | 128 x 32             | RAM16X1S x 32 RAM32X1S x 32 RAM64X1S x 32  | 
|top_level__GCB10 | infer_s_exc_reg               | Implied   | 128 x 1              | RAM16X1D x 2 RAM32X1D x 2 RAM64X1D x 2     | 
|top_level__GCB10 | infer_g_exc_delay0_reg        | Implied   | 128 x 32             | RAM16X1S x 32 RAM32X1S x 32 RAM64X1S x 32  | 
|top_level__GCB10 | infer_g_exc_delay1_reg        | Implied   | 128 x 32             | RAM16X1S x 32 RAM32X1S x 32 RAM64X1S x 32  | 
|top_level__GCB10 | infer_spike_count_reg         | Implied   | 128 x 16             | RAM64M x 24                                | 
|top_level__GCB10 | infer_c_inh_state_reg         | Implied   | 128 x 32             | RAM16X1S x 32 RAM32X1S x 32 RAM64X1S x 32  | 
|top_level__GCB10 | infer_g_inh_state_reg         | Implied   | 128 x 32             | RAM64M x 22                                | 
+-----------------+-------------------------------+-----------+----------------------+--------------------------------------------+

Note: The table above is a preliminary report that shows the Distributed RAMs at the current stage of the synthesis flow. Some Distributed RAMs may be reimplemented as non Distributed RAM primitives later in the synthesis flow. Multiple instantiated RAMs are reported only once.

DSP: Preliminary Mapping Report (see note below. The ' indicates corresponding REG is set)
+-----------------+-----------------------------+--------+--------+--------+--------+--------+------+------+------+------+-------+------+------+
|Module Name      | DSP Mapping                 | A Size | B Size | C Size | D Size | P Size | AREG | BREG | CREG | DREG | ADREG | MREG | PREG | 
+-----------------+-----------------------------+--------+--------+--------+--------+--------+------+------+------+------+-------+------+------+
|top_level        | (A:0x19660d)*B2             | 22     | 18     | -      | -      | 48     | 0    | 1    | -    | -    | -     | 0    | 0    | 
|top_level        | (PCIN>>17)+(A:0x19660d)*B2  | 22     | 16     | -      | -      | 48     | 0    | 1    | -    | -    | -     | 0    | 0    | 
|top_level        | A2*(B:0x1660d)              | 24     | 18     | -      | -      | 48     | 1    | 0    | -    | -    | -     | 0    | 0    | 
|top_level        | A2*B                        | 18     | 15     | -      | -      | 34     | 1    | 0    | -    | -    | -     | 0    | 0    | 
|top_level        | (PCIN>>17)+A*B2             | 15     | 15     | -      | -      | 30     | 0    | 1    | -    | -    | -     | 0    | 0    | 
|top_level        | A*B2                        | 18     | 18     | -      | -      | 38     | 0    | 1    | -    | -    | -     | 0    | 0    | 
|top_level        | (PCIN>>17)+A*B2             | 18     | 15     | -      | -      | 47     | 0    | 1    | -    | -    | -     | 0    | 0    | 
|top_level        | A2*B                        | 18     | 15     | -      | -      | 34     | 1    | 0    | -    | -    | -     | 0    | 0    | 
|top_level        | (PCIN>>17)+A*B2             | 15     | 15     | -      | -      | 30     | 0    | 1    | -    | -    | -     | 0    | 0    | 
|top_level        | A*B2                        | 18     | 18     | -      | -      | 38     | 0    | 1    | -    | -    | -     | 0    | 0    | 
|top_level        | (PCIN>>17)+A*B2             | 18     | 15     | -      | -      | 47     | 0    | 1    | -    | -    | -     | 0    | 0    | 
|top_level        | A*B                         | 18     | 15     | -      | -      | 48     | 0    | 0    | -    | -    | -     | 0    | 0    | 
|top_level        | (PCIN>>17)+A*B              | 15     | 15     | -      | -      | 30     | 0    | 0    | -    | -    | -     | 0    | 0    | 
|top_level        | A*B                         | 18     | 18     | -      | -      | 48     | 0    | 0    | -    | -    | -     | 0    | 0    | 
|top_level        | (PCIN>>17)+A*B              | 18     | 15     | -      | -      | 47     | 0    | 0    | -    | -    | -     | 0    | 0    | 
|top_level        | A*B                         | 18     | 15     | -      | -      | 48     | 0    | 0    | -    | -    | -     | 0    | 0    | 
|top_level        | (PCIN>>17)+A*B              | 15     | 15     | -      | -      | 30     | 0    | 0    | -    | -    | -     | 0    | 0    | 
|top_level        | A*B                         | 18     | 18     | -      | -      | 48     | 0    | 0    | -    | -    | -     | 0    | 0    | 
|top_level        | (PCIN>>17)+A*B              | 18     | 15     | -      | -      | 47     | 0    | 0    | -    | -    | -     | 0    | 0    | 
|top_level        | (A:0x310)*B2                | 7      | 10     | -      | -      | 17     | 1    | 0    | -    | -    | -     | 0    | 0    | 
|top_level__GCB0  | PCIN+(A:0x0):B2+(C:0x13240) | 30     | 10     | 17     | -      | -1     | 0    | 1    | 0    | -    | -     | 0    | 0    | 
|top_level        | A2*(B:0x64)                 | 10     | 7      | -      | -      | 17     | 1    | 0    | -    | -    | -     | 0    | 0    | 
|top_level__GCB0  | PCIN+(A:0x0):B2+(C:0x26480) | 30     | 7      | 18     | -      | -1     | 0    | 1    | 0    | -    | -     | 0    | 0    | 
|top_level__GCB0  | C'+(A:0x310)*B2             | 7      | 10     | 10     | -      | 17     | 1    | 0    | 1    | -    | -     | 0    | 0    | 
|top_level__GCB0  | (A:0x310)*B2                | 7      | 10     | -      | -      | 17     | 1    | 0    | -    | -    | -     | 0    | 0    | 
|top_level__GCB0  | PCIN+(A:0x0):B2+(C:0x13240) | 30     | 10     | 17     | -      | -1     | 0    | 1    | 0    | -    | -     | 0    | 0    | 
|top_level__GCB0  | A2*(B:0x64)                 | 10     | 7      | -      | -      | 17     | 1    | 0    | -    | -    | -     | 0    | 0    | 
|top_level__GCB0  | PCIN+(A:0x0):B2+(C:0x26480) | 30     | 7      | 18     | -      | -1     | 0    | 1    | 0    | -    | -     | 0    | 0    | 
|top_level__GCB0  | (A:0x19660d)*B              | 22     | 18     | -      | -      | 48     | 0    | 0    | -    | -    | -     | 0    | 0    | 
|top_level__GCB0  | (PCIN>>17)+(A:0x19660d)*B   | 22     | 16     | -      | -      | 48     | 0    | 0    | -    | -    | -     | 0    | 0    | 
|top_level__GCB0  | (A:0x19660d)*B              | 22     | 18     | -      | -      | 48     | 0    | 0    | -    | -    | -     | 0    | 0    | 
|top_level__GCB0  | (PCIN>>17)+(A:0x19660d)*B   | 22     | 16     | -      | -      | 48     | 0    | 0    | -    | -    | -     | 0    | 0    | 
|top_level        | ((A:0x23d7)*B)'             | 8      | 14     | -      | -      | 22     | 0    | 0    | -    | -    | -     | 1    | 0    | 
|top_level        | A2*(B:0x0)                  | 15     | 2      | -      | -      | 48     | 1    | 0    | -    | -    | -     | 0    | 0    | 
|top_level        | (PCIN>>17)+A2*(B:0x1f4)     | 15     | 10     | -      | -      | 25     | 1    | 0    | -    | -    | -     | 0    | 0    | 
|top_level__GCB10 | A2*(B:0x0)                  | 18     | 2      | -      | -      | 48     | 1    | 0    | -    | -    | -     | 0    | 0    | 
|top_level__GCB10 | (PCIN>>17)+A2*(B:0x1f4)     | 18     | 10     | -      | -      | 42     | 1    | 0    | -    | -    | -     | 0    | 0    | 
|top_level        | A*B                         | 18     | 15     | -      | -      | 48     | 0    | 0    | -    | -    | -     | 0    | 0    | 
|top_level        | (PCIN>>17)+A*B              | 15     | 15     | -      | -      | 30     | 0    | 0    | -    | -    | -     | 0    | 0    | 
|top_level        | A*B                         | 18     | 18     | -      | -      | 48     | 0    | 0    | -    | -    | -     | 0    | 0    | 
|top_level        | (PCIN>>17)+A*B              | 18     | 15     | -      | -      | 47     | 0    | 0    | -    | -    | -     | 0    | 0    | 
|top_level__GCB10 | (A:0x19660d)*B2             | 22     | 18     | -      | -      | 48     | 0    | 1    | -    | -    | -     | 0    | 0    | 
|top_level__GCB10 | (PCIN>>17)+(A:0x19660d)*B2  | 22     | 16     | -      | -      | 48     | 0    | 1    | -    | -    | -     | 0    | 0    | 
|top_level__GCB10 | (C'+(A:0x310)*B2)'          | 7      | 10     | 10     | -      | 17     | 1    | 0    | 1    | -    | -     | 0    | 1    | 
+-----------------+-----------------------------+--------+--------+--------+--------+--------+------+------+------+------+-------+------+------+

Note: The table above is a preliminary report that shows the DSPs inferred at the current stage of the synthesis flow. Some DSP may be reimplemented as non DSP primitives later in the synthesis flow. Multiple instantiated DSPs are reported only once.
---------------------------------------------------------------------------------
Finished ROM, RAM, DSP, Shift Register and Retiming Reporting
---------------------------------------------------------------------------------
---------------------------------------------------------------------------------
Start Applying XDC Timing Constraints
---------------------------------------------------------------------------------
---------------------------------------------------------------------------------
Finished Applying XDC Timing Constraints : Time (s): cpu = 00:00:45 ; elapsed = 00:00:45 . Memory (MB): peak = 2653.375 ; gain = 982.082 ; free physical = 12959 ; free virtual = 31655
---------------------------------------------------------------------------------
---------------------------------------------------------------------------------
Start Timing Optimization
---------------------------------------------------------------------------------
---------------------------------------------------------------------------------
Finished Timing Optimization : Time (s): cpu = 00:00:52 ; elapsed = 00:00:53 . Memory (MB): peak = 2908.273 ; gain = 1236.980 ; free physical = 12673 ; free virtual = 31374
---------------------------------------------------------------------------------
---------------------------------------------------------------------------------
Start ROM, RAM, DSP, Shift Register and Retiming Reporting
---------------------------------------------------------------------------------

Block RAM: Final Mapping Report
+-----------------+-----------------+------------------------+---+---+------------------------+---+---+------------------+--------+--------+
|Module Name      | RTL Object      | PORT A (Depth x Width) | W | R | PORT B (Depth x Width) | W | R | Ports driving FF | RAMB18 | RAMB36 | 
+-----------------+-----------------+------------------------+---+---+------------------------+---+---+------------------+--------+--------+
|top_level__GCB10 | infer_w_q16_reg | 76 K x 16(READ_FIRST)  | W |   | 76 K x 16(WRITE_FIRST) |   | R | Port A and B     | 0      | 48     | 
+-----------------+-----------------+------------------------+---+---+------------------------+---+---+------------------+--------+--------+


Distributed RAM: Final Mapping Report
+-----------------+-------------------------------+-----------+----------------------+--------------------------------------------+
|Module Name      | RTL Object                    | Inference | Size (Depth x Width) | Primitives                                 | 
+-----------------+-------------------------------+-----------+----------------------+--------------------------------------------+
|top_level__GCB0  | infer_poisson_thresh_reg      | Implied   | 1 K x 11             | RAM64M x 104                               | 
|top_level__GCB0  | raw_image0_u8_reg             | Implied   | 1 K x 8              | RAM64M x 78                                | 
|top_level__GCB0  | train_xin_cache_reg           | Implied   | 1 K x 15             | RAM64M x 143                               | 
|top_level__GCB0  | train_xexc_cache_reg          | Implied   | 128 x 15             | RAM64M x 22                                | 
|top_level__GCB10 | infer_exc_theta_reg           | Implied   | 128 x 32             | RAM64M x 22                                | 
|top_level__GCB10 | infer_g_in_delay0_reg         | Implied   | 128 x 32             | RAM64M x 22                                | 
|top_level__GCB10 | infer_g_in_delay1_reg         | Implied   | 128 x 32             | RAM64M x 22                                | 
|top_level__GCB10 | infer_g_in_delay2_reg         | Implied   | 128 x 32             | RAM64M x 22                                | 
|top_level__GCB10 | infer_g_in_delay3_reg         | Implied   | 128 x 32             | RAM64M x 22                                | 
|top_level__GCB10 | infer_g_in_delay4_reg         | Implied   | 128 x 32             | RAM64M x 22                                | 
|top_level__GCB10 | infer_v_state_reg             | Implied   | 128 x 32             | RAM64M x 22                                | 
|top_level__GCB10 | infer_exc_last_spike_step_reg | Implied   | 128 x 16             | RAM64M x 12                                | 
|top_level__GCB10 | infer_inh_last_spike_step_reg | Implied   | 128 x 16             | RAM16X1S x 16 RAM32X1S x 16 RAM64X1S x 16  | 
|top_level__GCB10 | infer_input_spike_reg         | Implied   | 1 K x 1              | RAM16X1S x 1 RAM256X1S x 3                 | 
|top_level__GCB10 | infer_v_inh_state_reg         | Implied   | 128 x 32             | RAM16X1S x 32 RAM32X1S x 32 RAM64X1S x 32  | 
|top_level__GCB10 | infer_s_exc_reg               | Implied   | 128 x 1              | RAM16X1D x 2 RAM32X1D x 2 RAM64X1D x 2     | 
|top_level__GCB10 | infer_g_exc_delay0_reg        | Implied   | 128 x 32             | RAM16X1S x 32 RAM32X1S x 32 RAM64X1S x 32  | 
|top_level__GCB10 | infer_g_exc_delay1_reg        | Implied   | 128 x 32             | RAM16X1S x 32 RAM32X1S x 32 RAM64X1S x 32  | 
|top_level__GCB10 | infer_spike_count_reg         | Implied   | 128 x 16             | RAM64M x 24                                | 
|top_level__GCB10 | infer_c_inh_state_reg         | Implied   | 128 x 32             | RAM16X1S x 32 RAM32X1S x 32 RAM64X1S x 32  | 
|top_level__GCB10 | infer_g_inh_state_reg         | Implied   | 128 x 32             | RAM64M x 22                                | 
+-----------------+-------------------------------+-----------+----------------------+--------------------------------------------+

---------------------------------------------------------------------------------
Finished ROM, RAM, DSP, Shift Register and Retiming Reporting
---------------------------------------------------------------------------------
---------------------------------------------------------------------------------
Start Technology Mapping
---------------------------------------------------------------------------------
INFO: [Synth 8-7052] The timing for the instance i_10/infer_w_q16_reg_1_0 (implemented as a Block RAM) might be sub-optimal as no optional output register could be merged into the ram block. Providing additional output register may help in improving timing.
INFO: [Synth 8-7052] The timing for the instance i_10/infer_w_q16_reg_1_1 (implemented as a Block RAM) might be sub-optimal as no optional output register could be merged into the ram block. Providing additional output register may help in improving timing.
INFO: [Synth 8-7052] The timing for the instance i_10/infer_w_q16_reg_1_2 (implemented as a Block RAM) might be sub-optimal as no optional output register could be merged into the ram block. Providing additional output register may help in improving timing.
INFO: [Synth 8-7052] The timing for the instance i_10/infer_w_q16_reg_1_3 (implemented as a Block RAM) might be sub-optimal as no optional output register could be merged into the ram block. Providing additional output register may help in improving timing.
INFO: [Synth 8-7052] The timing for the instance i_10/infer_w_q16_reg_1_4 (implemented as a Block RAM) might be sub-optimal as no optional output register could be merged into the ram block. Providing additional output register may help in improving timing.
INFO: [Synth 8-7052] The timing for the instance i_10/infer_w_q16_reg_1_5 (implemented as a Block RAM) might be sub-optimal as no optional output register could be merged into the ram block. Providing additional output register may help in improving timing.
INFO: [Synth 8-7052] The timing for the instance i_10/infer_w_q16_reg_1_6 (implemented as a Block RAM) might be sub-optimal as no optional output register could be merged into the ram block. Providing additional output register may help in improving timing.
INFO: [Synth 8-7052] The timing for the instance i_10/infer_w_q16_reg_1_7 (implemented as a Block RAM) might be sub-optimal as no optional output register could be merged into the ram block. Providing additional output register may help in improving timing.
INFO: [Synth 8-7052] The timing for the instance i_10/infer_w_q16_reg_1_8 (implemented as a Block RAM) might be sub-optimal as no optional output register could be merged into the ram block. Providing additional output register may help in improving timing.
INFO: [Synth 8-7052] The timing for the instance i_10/infer_w_q16_reg_1_9 (implemented as a Block RAM) might be sub-optimal as no optional output register could be merged into the ram block. Providing additional output register may help in improving timing.
INFO: [Synth 8-7052] The timing for the instance i_10/infer_w_q16_reg_1_10 (implemented as a Block RAM) might be sub-optimal as no optional output register could be merged into the ram block. Providing additional output register may help in improving timing.
INFO: [Synth 8-7052] The timing for the instance i_10/infer_w_q16_reg_1_11 (implemented as a Block RAM) might be sub-optimal as no optional output register could be merged into the ram block. Providing additional output register may help in improving timing.
INFO: [Synth 8-7052] The timing for the instance i_10/infer_w_q16_reg_1_12 (implemented as a Block RAM) might be sub-optimal as no optional output register could be merged into the ram block. Providing additional output register may help in improving timing.
INFO: [Synth 8-7052] The timing for the instance i_10/infer_w_q16_reg_1_13 (implemented as a Block RAM) might be sub-optimal as no optional output register could be merged into the ram block. Providing additional output register may help in improving timing.
INFO: [Synth 8-7052] The timing for the instance i_10/infer_w_q16_reg_1_14 (implemented as a Block RAM) might be sub-optimal as no optional output register could be merged into the ram block. Providing additional output register may help in improving timing.
INFO: [Synth 8-7052] The timing for the instance i_10/infer_w_q16_reg_1_15 (implemented as a Block RAM) might be sub-optimal as no optional output register could be merged into the ram block. Providing additional output register may help in improving timing.
INFO: [Synth 8-7052] The timing for the instance i_10/infer_w_q16_reg_1_0__0 (implemented as a Block RAM) might be sub-optimal as no optional output register could be merged into the ram block. Providing additional output register may help in improving timing.
INFO: [Synth 8-7052] The timing for the instance i_10/infer_w_q16_reg_1_1__0 (implemented as a Block RAM) might be sub-optimal as no optional output register could be merged into the ram block. Providing additional output register may help in improving timing.
INFO: [Synth 8-7052] The timing for the instance i_10/infer_w_q16_reg_1_2__0 (implemented as a Block RAM) might be sub-optimal as no optional output register could be merged into the ram block. Providing additional output register may help in improving timing.
INFO: [Synth 8-7052] The timing for the instance i_10/infer_w_q16_reg_1_3__0 (implemented as a Block RAM) might be sub-optimal as no optional output register could be merged into the ram block. Providing additional output register may help in improving timing.
INFO: [Synth 8-7052] The timing for the instance i_10/infer_w_q16_reg_1_4__0 (implemented as a Block RAM) might be sub-optimal as no optional output register could be merged into the ram block. Providing additional output register may help in improving timing.
INFO: [Synth 8-7052] The timing for the instance i_10/infer_w_q16_reg_1_5__0 (implemented as a Block RAM) might be sub-optimal as no optional output register could be merged into the ram block. Providing additional output register may help in improving timing.
INFO: [Synth 8-7052] The timing for the instance i_10/infer_w_q16_reg_1_6__0 (implemented as a Block RAM) might be sub-optimal as no optional output register could be merged into the ram block. Providing additional output register may help in improving timing.
INFO: [Synth 8-7052] The timing for the instance i_10/infer_w_q16_reg_1_7__0 (implemented as a Block RAM) might be sub-optimal as no optional output register could be merged into the ram block. Providing additional output register may help in improving timing.
INFO: [Synth 8-7052] The timing for the instance i_10/infer_w_q16_reg_1_8__0 (implemented as a Block RAM) might be sub-optimal as no optional output register could be merged into the ram block. Providing additional output register may help in improving timing.
INFO: [Synth 8-7052] The timing for the instance i_10/infer_w_q16_reg_1_9__0 (implemented as a Block RAM) might be sub-optimal as no optional output register could be merged into the ram block. Providing additional output register may help in improving timing.
INFO: [Synth 8-7052] The timing for the instance i_10/infer_w_q16_reg_1_10__0 (implemented as a Block RAM) might be sub-optimal as no optional output register could be merged into the ram block. Providing additional output register may help in improving timing.
INFO: [Synth 8-7052] The timing for the instance i_10/infer_w_q16_reg_1_11__0 (implemented as a Block RAM) might be sub-optimal as no optional output register could be merged into the ram block. Providing additional output register may help in improving timing.
INFO: [Synth 8-7052] The timing for the instance i_10/infer_w_q16_reg_1_12__0 (implemented as a Block RAM) might be sub-optimal as no optional output register could be merged into the ram block. Providing additional output register may help in improving timing.
INFO: [Synth 8-7052] The timing for the instance i_10/infer_w_q16_reg_1_13__0 (implemented as a Block RAM) might be sub-optimal as no optional output register could be merged into the ram block. Providing additional output register may help in improving timing.
INFO: [Synth 8-7052] The timing for the instance i_10/infer_w_q16_reg_1_14__0 (implemented as a Block RAM) might be sub-optimal as no optional output register could be merged into the ram block. Providing additional output register may help in improving timing.
INFO: [Synth 8-7052] The timing for the instance i_10/infer_w_q16_reg_1_15__0 (implemented as a Block RAM) might be sub-optimal as no optional output register could be merged into the ram block. Providing additional output register may help in improving timing.
---------------------------------------------------------------------------------
Finished Technology Mapping : Time (s): cpu = 00:00:56 ; elapsed = 00:00:58 . Memory (MB): peak = 2920.199 ; gain = 1248.906 ; free physical = 11428 ; free virtual = 30128
---------------------------------------------------------------------------------
---------------------------------------------------------------------------------
Start IO Insertion
---------------------------------------------------------------------------------
---------------------------------------------------------------------------------
Start Flattening Before IO Insertion
---------------------------------------------------------------------------------
---------------------------------------------------------------------------------
Finished Flattening Before IO Insertion
---------------------------------------------------------------------------------
---------------------------------------------------------------------------------
Start Final Netlist Cleanup
---------------------------------------------------------------------------------
INFO: [Synth 8-7052] The timing for the instance infer_w_q16_reg_1_0 (implemented as a Block RAM) might be sub-optimal as no optional output register could be merged into the ram block. Providing additional output register may help in improving timing.
INFO: [Synth 8-7052] The timing for the instance infer_w_q16_reg_1_1 (implemented as a Block RAM) might be sub-optimal as no optional output register could be merged into the ram block. Providing additional output register may help in improving timing.
INFO: [Synth 8-7052] The timing for the instance infer_w_q16_reg_1_2 (implemented as a Block RAM) might be sub-optimal as no optional output register could be merged into the ram block. Providing additional output register may help in improving timing.
INFO: [Synth 8-7052] The timing for the instance infer_w_q16_reg_1_3 (implemented as a Block RAM) might be sub-optimal as no optional output register could be merged into the ram block. Providing additional output register may help in improving timing.
INFO: [Synth 8-7052] The timing for the instance infer_w_q16_reg_1_4 (implemented as a Block RAM) might be sub-optimal as no optional output register could be merged into the ram block. Providing additional output register may help in improving timing.
INFO: [Synth 8-7052] The timing for the instance infer_w_q16_reg_1_5 (implemented as a Block RAM) might be sub-optimal as no optional output register could be merged into the ram block. Providing additional output register may help in improving timing.
INFO: [Synth 8-7052] The timing for the instance infer_w_q16_reg_1_6 (implemented as a Block RAM) might be sub-optimal as no optional output register could be merged into the ram block. Providing additional output register may help in improving timing.
INFO: [Synth 8-7052] The timing for the instance infer_w_q16_reg_1_7 (implemented as a Block RAM) might be sub-optimal as no optional output register could be merged into the ram block. Providing additional output register may help in improving timing.
INFO: [Synth 8-7052] The timing for the instance infer_w_q16_reg_1_8 (implemented as a Block RAM) might be sub-optimal as no optional output register could be merged into the ram block. Providing additional output register may help in improving timing.
INFO: [Synth 8-7052] The timing for the instance infer_w_q16_reg_1_9 (implemented as a Block RAM) might be sub-optimal as no optional output register could be merged into the ram block. Providing additional output register may help in improving timing.
INFO: [Synth 8-7052] The timing for the instance infer_w_q16_reg_1_10 (implemented as a Block RAM) might be sub-optimal as no optional output register could be merged into the ram block. Providing additional output register may help in improving timing.
INFO: [Synth 8-7052] The timing for the instance infer_w_q16_reg_1_11 (implemented as a Block RAM) might be sub-optimal as no optional output register could be merged into the ram block. Providing additional output register may help in improving timing.
INFO: [Synth 8-7052] The timing for the instance infer_w_q16_reg_1_12 (implemented as a Block RAM) might be sub-optimal as no optional output register could be merged into the ram block. Providing additional output register may help in improving timing.
INFO: [Synth 8-7052] The timing for the instance infer_w_q16_reg_1_13 (implemented as a Block RAM) might be sub-optimal as no optional output register could be merged into the ram block. Providing additional output register may help in improving timing.
INFO: [Synth 8-7052] The timing for the instance infer_w_q16_reg_1_14 (implemented as a Block RAM) might be sub-optimal as no optional output register could be merged into the ram block. Providing additional output register may help in improving timing.
INFO: [Synth 8-7052] The timing for the instance infer_w_q16_reg_1_15 (implemented as a Block RAM) might be sub-optimal as no optional output register could be merged into the ram block. Providing additional output register may help in improving timing.
INFO: [Synth 8-7052] The timing for the instance infer_w_q16_reg_1_0__0 (implemented as a Block RAM) might be sub-optimal as no optional output register could be merged into the ram block. Providing additional output register may help in improving timing.
INFO: [Synth 8-7052] The timing for the instance infer_w_q16_reg_1_1__0 (implemented as a Block RAM) might be sub-optimal as no optional output register could be merged into the ram block. Providing additional output register may help in improving timing.
INFO: [Synth 8-7052] The timing for the instance infer_w_q16_reg_1_2__0 (implemented as a Block RAM) might be sub-optimal as no optional output register could be merged into the ram block. Providing additional output register may help in improving timing.
INFO: [Synth 8-7052] The timing for the instance infer_w_q16_reg_1_3__0 (implemented as a Block RAM) might be sub-optimal as no optional output register could be merged into the ram block. Providing additional output register may help in improving timing.
INFO: [Synth 8-7052] The timing for the instance infer_w_q16_reg_1_4__0 (implemented as a Block RAM) might be sub-optimal as no optional output register could be merged into the ram block. Providing additional output register may help in improving timing.
INFO: [Synth 8-7052] The timing for the instance infer_w_q16_reg_1_5__0 (implemented as a Block RAM) might be sub-optimal as no optional output register could be merged into the ram block. Providing additional output register may help in improving timing.
INFO: [Synth 8-7052] The timing for the instance infer_w_q16_reg_1_6__0 (implemented as a Block RAM) might be sub-optimal as no optional output register could be merged into the ram block. Providing additional output register may help in improving timing.
INFO: [Synth 8-7052] The timing for the instance infer_w_q16_reg_1_7__0 (implemented as a Block RAM) might be sub-optimal as no optional output register could be merged into the ram block. Providing additional output register may help in improving timing.
INFO: [Synth 8-7052] The timing for the instance infer_w_q16_reg_1_8__0 (implemented as a Block RAM) might be sub-optimal as no optional output register could be merged into the ram block. Providing additional output register may help in improving timing.
INFO: [Synth 8-7052] The timing for the instance infer_w_q16_reg_1_9__0 (implemented as a Block RAM) might be sub-optimal as no optional output register could be merged into the ram block. Providing additional output register may help in improving timing.
INFO: [Synth 8-7052] The timing for the instance infer_w_q16_reg_1_10__0 (implemented as a Block RAM) might be sub-optimal as no optional output register could be merged into the ram block. Providing additional output register may help in improving timing.
INFO: [Synth 8-7052] The timing for the instance infer_w_q16_reg_1_11__0 (implemented as a Block RAM) might be sub-optimal as no optional output register could be merged into the ram block. Providing additional output register may help in improving timing.
INFO: [Synth 8-7052] The timing for the instance infer_w_q16_reg_1_12__0 (implemented as a Block RAM) might be sub-optimal as no optional output register could be merged into the ram block. Providing additional output register may help in improving timing.
INFO: [Synth 8-7052] The timing for the instance infer_w_q16_reg_1_13__0 (implemented as a Block RAM) might be sub-optimal as no optional output register could be merged into the ram block. Providing additional output register may help in improving timing.
INFO: [Synth 8-7052] The timing for the instance infer_w_q16_reg_1_14__0 (implemented as a Block RAM) might be sub-optimal as no optional output register could be merged into the ram block. Providing additional output register may help in improving timing.
INFO: [Synth 8-7052] The timing for the instance infer_w_q16_reg_1_15__0 (implemented as a Block RAM) might be sub-optimal as no optional output register could be merged into the ram block. Providing additional output register may help in improving timing.
---------------------------------------------------------------------------------
Finished Final Netlist Cleanup
---------------------------------------------------------------------------------
---------------------------------------------------------------------------------
Finished IO Insertion : Time (s): cpu = 00:01:00 ; elapsed = 00:01:02 . Memory (MB): peak = 2920.199 ; gain = 1248.906 ; free physical = 11385 ; free virtual = 30135
---------------------------------------------------------------------------------
---------------------------------------------------------------------------------
Start Renaming Generated Instances
---------------------------------------------------------------------------------
---------------------------------------------------------------------------------
Finished Renaming Generated Instances : Time (s): cpu = 00:01:00 ; elapsed = 00:01:02 . Memory (MB): peak = 2920.199 ; gain = 1248.906 ; free physical = 11385 ; free virtual = 30135
---------------------------------------------------------------------------------
---------------------------------------------------------------------------------
Start Rebuilding User Hierarchy
---------------------------------------------------------------------------------
---------------------------------------------------------------------------------
Finished Rebuilding User Hierarchy : Time (s): cpu = 00:01:01 ; elapsed = 00:01:03 . Memory (MB): peak = 2920.199 ; gain = 1248.906 ; free physical = 11386 ; free virtual = 30135
---------------------------------------------------------------------------------
---------------------------------------------------------------------------------
Start Renaming Generated Ports
---------------------------------------------------------------------------------
---------------------------------------------------------------------------------
Finished Renaming Generated Ports : Time (s): cpu = 00:01:01 ; elapsed = 00:01:04 . Memory (MB): peak = 2920.199 ; gain = 1248.906 ; free physical = 11386 ; free virtual = 30135
---------------------------------------------------------------------------------
---------------------------------------------------------------------------------
Start Handling Custom Attributes
---------------------------------------------------------------------------------
---------------------------------------------------------------------------------
Finished Handling Custom Attributes : Time (s): cpu = 00:01:02 ; elapsed = 00:01:04 . Memory (MB): peak = 2920.199 ; gain = 1248.906 ; free physical = 11386 ; free virtual = 30135
---------------------------------------------------------------------------------
---------------------------------------------------------------------------------
Start Renaming Generated Nets
---------------------------------------------------------------------------------
---------------------------------------------------------------------------------
Finished Renaming Generated Nets : Time (s): cpu = 00:01:02 ; elapsed = 00:01:04 . Memory (MB): peak = 2920.199 ; gain = 1248.906 ; free physical = 11386 ; free virtual = 30135
---------------------------------------------------------------------------------
---------------------------------------------------------------------------------
Start Writing Synthesis Report
---------------------------------------------------------------------------------

DSP Final Report (the ' indicates corresponding REG is set)
+-----------------+---------------+--------+--------+--------+--------+--------+------+------+------+------+-------+------+------+
|Module Name      | DSP Mapping   | A Size | B Size | C Size | D Size | P Size | AREG | BREG | CREG | DREG | ADREG | MREG | PREG | 
+-----------------+---------------+--------+--------+--------+--------+--------+------+------+------+------+-------+------+------+
|top_level        | A'*B          | 7      | 10     | -      | -      | 0      | 1    | 0    | -    | -    | -     | 0    | 0    | 
|top_level__GCB0  | PCIN+A:B'+C   | 0      | 10     | -      | -      | 18     | 0    | 1    | -    | -    | -     | 0    | 0    | 
|top_level        | A'*B          | 10     | 7      | -      | -      | 0      | 1    | 0    | -    | -    | -     | 0    | 0    | 
|top_level__GCB0  | PCIN+A:B'+C   | 0      | 7      | -      | -      | 18     | 0    | 1    | -    | -    | -     | 0    | 0    | 
|top_level__GCB0  | C'+A'*B       | 7      | 10     | 10     | -      | 17     | 1    | 0    | 1    | -    | -     | 0    | 0    | 
|top_level__GCB0  | A'*B          | 7      | 10     | -      | -      | 0      | 1    | 0    | -    | -    | -     | 0    | 0    | 
|top_level__GCB0  | PCIN+A:B'+C   | 0      | 10     | -      | -      | 18     | 0    | 1    | -    | -    | -     | 0    | 0    | 
|top_level__GCB0  | A'*B          | 10     | 7      | -      | -      | 0      | 1    | 0    | -    | -    | -     | 0    | 0    | 
|top_level__GCB0  | PCIN+A:B'+C   | 0      | 7      | -      | -      | 18     | 0    | 1    | -    | -    | -     | 0    | 0    | 
|top_level__GCB0  | A*B           | 21     | 17     | -      | -      | 48     | 0    | 0    | -    | -    | -     | 0    | 0    | 
|top_level__GCB0  | PCIN>>17+A*B  | 0      | 15     | -      | -      | 48     | 0    | 0    | -    | -    | -     | 0    | 0    | 
|top_level__GCB0  | A*B           | 21     | 17     | -      | -      | 48     | 0    | 0    | -    | -    | -     | 0    | 0    | 
|top_level__GCB0  | PCIN>>17+A*B  | 0      | 15     | -      | -      | 48     | 0    | 0    | -    | -    | -     | 0    | 0    | 
|top_level        | (A*B)'        | 8      | 14     | -      | -      | 22     | 0    | 0    | -    | -    | -     | 0    | 1    | 
|top_level        | A*B'          | 21     | 17     | -      | -      | 48     | 0    | 1    | -    | -    | -     | 0    | 0    | 
|top_level        | PCIN>>17+A*B' | 0      | 15     | -      | -      | 48     | 0    | 1    | -    | -    | -     | 0    | 0    | 
|top_level        | A'*B          | 23     | 17     | -      | -      | 48     | 1    | 0    | -    | -    | -     | 0    | 0    | 
|top_level        | A'*B          | 17     | 18     | -      | -      | 34     | 1    | 0    | -    | -    | -     | 0    | 0    | 
|top_level        | PCIN>>17+A*B' | 30     | 18     | -      | -      | 30     | 0    | 1    | -    | -    | -     | 0    | 0    | 
|top_level        | A*B'          | 17     | 17     | -      | -      | 38     | 0    | 1    | -    | -    | -     | 0    | 0    | 
|top_level        | PCIN>>17+A*B' | 0      | 18     | -      | -      | 47     | 0    | 1    | -    | -    | -     | 0    | 0    | 
|top_level        | A'*B          | 17     | 18     | -      | -      | 34     | 1    | 0    | -    | -    | -     | 0    | 0    | 
|top_level        | PCIN>>17+A*B' | 30     | 18     | -      | -      | 30     | 0    | 1    | -    | -    | -     | 0    | 0    | 
|top_level        | A*B'          | 17     | 17     | -      | -      | 38     | 0    | 1    | -    | -    | -     | 0    | 0    | 
|top_level        | PCIN>>17+A*B' | 0      | 18     | -      | -      | 47     | 0    | 1    | -    | -    | -     | 0    | 0    | 
|top_level        | A'*B          | 30     | 0      | -      | -      | 48     | 1    | 0    | -    | -    | -     | 0    | 0    | 
|top_level        | PCIN>>17+A'*B | 30     | 9      | -      | -      | 25     | 1    | 0    | -    | -    | -     | 0    | 0    | 
|top_level__GCB10 | A'*B          | 17     | 0      | -      | -      | 48     | 1    | 0    | -    | -    | -     | 0    | 0    | 
|top_level__GCB10 | PCIN>>17+A'*B | 17     | 9      | -      | -      | 42     | 1    | 0    | -    | -    | -     | 0    | 0    | 
|top_level        | A*B           | 17     | 18     | -      | -      | 48     | 0    | 0    | -    | -    | -     | 0    | 0    | 
|top_level        | PCIN>>17+A*B  | 30     | 18     | -      | -      | 30     | 0    | 0    | -    | -    | -     | 0    | 0    | 
|top_level        | A*B           | 17     | 17     | -      | -      | 48     | 0    | 0    | -    | -    | -     | 0    | 0    | 
|top_level        | PCIN>>17+A*B  | 17     | 18     | -      | -      | 47     | 0    | 0    | -    | -    | -     | 0    | 0    | 
|top_level__GCB10 | A*B'          | 21     | 17     | -      | -      | 48     | 0    | 1    | -    | -    | -     | 0    | 0    | 
|top_level__GCB10 | PCIN>>17+A*B' | 0      | 15     | -      | -      | 48     | 0    | 1    | -    | -    | -     | 0    | 0    | 
|top_level__GCB10 | (C'+A'*B)'    | 7      | 10     | 10     | -      | 17     | 1    | 0    | 1    | -    | -     | 0    | 1    | 
|top_level        | A*B           | 17     | 18     | -      | -      | 48     | 0    | 0    | -    | -    | -     | 0    | 0    | 
|top_level        | PCIN>>17+A*B  | 30     | 18     | -      | -      | 30     | 0    | 0    | -    | -    | -     | 0    | 0    | 
|top_level        | A*B           | 17     | 17     | -      | -      | 48     | 0    | 0    | -    | -    | -     | 0    | 0    | 
|top_level        | PCIN>>17+A*B  | 0      | 18     | -      | -      | 47     | 0    | 0    | -    | -    | -     | 0    | 0    | 
|top_level        | A*B           | 17     | 11     | -      | -      | 48     | 0    | 0    | -    | -    | -     | 0    | 0    | 
|top_level        | PCIN>>17+A*B  | 11     | 18     | -      | -      | 30     | 0    | 0    | -    | -    | -     | 0    | 0    | 
|top_level        | A*B           | 0      | 17     | -      | -      | 48     | 0    | 0    | -    | -    | -     | 0    | 0    | 
|top_level        | PCIN>>17+A*B  | 0      | 18     | -      | -      | 47     | 0    | 0    | -    | -    | -     | 0    | 0    | 
+-----------------+---------------+--------+--------+--------+--------+--------+------+------+------+------+-------+------+------+


Report BlackBoxes: 
+-+--------------+----------+
| |BlackBox name |Instances |
+-+--------------+----------+
+-+--------------+----------+

Report Cell Usage: 
+------+-----------+------+
|      |Cell       |Count |
+------+-----------+------+
|1     |BUFG       |     8|
|2     |CARRY4     |  2300|
|3     |DSP48E1    |    44|
|11    |IDELAYCTRL |     1|
|12    |IDELAYE2   |    18|
|14    |ISERDESE2  |    18|
|15    |LUT1       |  1061|
|16    |LUT2       |  3788|
|17    |LUT3       |  8924|
|18    |LUT4       |  1799|
|19    |LUT5       |  3493|
|20    |LUT6       | 11357|
|21    |MMCME2_ADV |     1|
|22    |MUXF7      |  1426|
|23    |MUXF8      |   249|
|24    |OSERDESE2  |    44|
|27    |RAM16X1D   |     2|
|28    |RAM16X1S   |    83|
|29    |RAM256X1S  |     3|
|30    |RAM32X1D   |     2|
|31    |RAM32X1S   |    82|
|32    |RAM64M     |   463|
|33    |RAM64X1D   |     6|
|34    |RAM64X1S   |    82|
|35    |RAMB36E1   |    48|
|41    |FDRE       | 13168|
|42    |FDSE       |   106|
|43    |IBUF       |     5|
|44    |IOBUF      |    16|
|45    |IOBUFDS    |     2|
|46    |OBUF       |    56|
|47    |OBUFDS     |     1|
+------+-----------+------+
---------------------------------------------------------------------------------
Finished Writing Synthesis Report : Time (s): cpu = 00:01:02 ; elapsed = 00:01:04 . Memory (MB): peak = 2920.199 ; gain = 1248.906 ; free physical = 11386 ; free virtual = 30135
---------------------------------------------------------------------------------
Synthesis finished with 0 errors, 0 critical warnings and 241 warnings.
Synthesis Optimization Runtime : Time (s): cpu = 00:01:00 ; elapsed = 00:01:03 . Memory (MB): peak = 2920.199 ; gain = 1108.152 ; free physical = 17680 ; free virtual = 36429
Synthesis Optimization Complete : Time (s): cpu = 00:01:04 ; elapsed = 00:01:06 . Memory (MB): peak = 2920.199 ; gain = 1248.906 ; free physical = 17687 ; free virtual = 36428
INFO: [Project 1-571] Translating synthesized netlist
Netlist sorting complete. Time (s): cpu = 00:00:00.19 ; elapsed = 00:00:00.18 . Memory (MB): peak = 2920.199 ; gain = 0.000 ; free physical = 17688 ; free virtual = 36428
INFO: [Netlist 29-17] Analyzing 4846 Unisim elements for replacement
INFO: [Netlist 29-28] Unisim Transformation completed in 0 CPU seconds
INFO: [Project 1-570] Preparing netlist for logic optimization
Parsing XDC File [/home/fpga/worker_place/temp/temp/2149e6250ea2416f9709528b5c2d76f6/xdc/top_level.xdc]
WARNING: [Vivado 12-584] No ports matched 'ss0_an[0]'. [/home/fpga/worker_place/temp/temp/2149e6250ea2416f9709528b5c2d76f6/xdc/top_level.xdc:63]
CRITICAL WARNING: [Common 17-55] 'set_property' expects at least one object. [/home/fpga/worker_place/temp/temp/2149e6250ea2416f9709528b5c2d76f6/xdc/top_level.xdc:63]
Resolution: If [get_<value>] was used to populate the object, check to make sure this command returns at least one valid object.
WARNING: [Vivado 12-584] No ports matched 'ss0_an[1]'. [/home/fpga/worker_place/temp/temp/2149e6250ea2416f9709528b5c2d76f6/xdc/top_level.xdc:64]
CRITICAL WARNING: [Common 17-55] 'set_property' expects at least one object. [/home/fpga/worker_place/temp/temp/2149e6250ea2416f9709528b5c2d76f6/xdc/top_level.xdc:64]
Resolution: If [get_<value>] was used to populate the object, check to make sure this command returns at least one valid object.
WARNING: [Vivado 12-584] No ports matched 'ss0_an[2]'. [/home/fpga/worker_place/temp/temp/2149e6250ea2416f9709528b5c2d76f6/xdc/top_level.xdc:65]
CRITICAL WARNING: [Common 17-55] 'set_property' expects at least one object. [/home/fpga/worker_place/temp/temp/2149e6250ea2416f9709528b5c2d76f6/xdc/top_level.xdc:65]
Resolution: If [get_<value>] was used to populate the object, check to make sure this command returns at least one valid object.
WARNING: [Vivado 12-584] No ports matched 'ss0_an[3]'. [/home/fpga/worker_place/temp/temp/2149e6250ea2416f9709528b5c2d76f6/xdc/top_level.xdc:66]
CRITICAL WARNING: [Common 17-55] 'set_property' expects at least one object. [/home/fpga/worker_place/temp/temp/2149e6250ea2416f9709528b5c2d76f6/xdc/top_level.xdc:66]
Resolution: If [get_<value>] was used to populate the object, check to make sure this command returns at least one valid object.
WARNING: [Vivado 12-584] No ports matched 'ss1_an[0]'. [/home/fpga/worker_place/temp/temp/2149e6250ea2416f9709528b5c2d76f6/xdc/top_level.xdc:68]
CRITICAL WARNING: [Common 17-55] 'set_property' expects at least one object. [/home/fpga/worker_place/temp/temp/2149e6250ea2416f9709528b5c2d76f6/xdc/top_level.xdc:68]
Resolution: If [get_<value>] was used to populate the object, check to make sure this command returns at least one valid object.
WARNING: [Vivado 12-584] No ports matched 'ss1_an[1]'. [/home/fpga/worker_place/temp/temp/2149e6250ea2416f9709528b5c2d76f6/xdc/top_level.xdc:69]
CRITICAL WARNING: [Common 17-55] 'set_property' expects at least one object. [/home/fpga/worker_place/temp/temp/2149e6250ea2416f9709528b5c2d76f6/xdc/top_level.xdc:69]
Resolution: If [get_<value>] was used to populate the object, check to make sure this command returns at least one valid object.
WARNING: [Vivado 12-584] No ports matched 'ss1_an[2]'. [/home/fpga/worker_place/temp/temp/2149e6250ea2416f9709528b5c2d76f6/xdc/top_level.xdc:70]
CRITICAL WARNING: [Common 17-55] 'set_property' expects at least one object. [/home/fpga/worker_place/temp/temp/2149e6250ea2416f9709528b5c2d76f6/xdc/top_level.xdc:70]
Resolution: If [get_<value>] was used to populate the object, check to make sure this command returns at least one valid object.
WARNING: [Vivado 12-584] No ports matched 'ss1_an[3]'. [/home/fpga/worker_place/temp/temp/2149e6250ea2416f9709528b5c2d76f6/xdc/top_level.xdc:71]
CRITICAL WARNING: [Common 17-55] 'set_property' expects at least one object. [/home/fpga/worker_place/temp/temp/2149e6250ea2416f9709528b5c2d76f6/xdc/top_level.xdc:71]
Resolution: If [get_<value>] was used to populate the object, check to make sure this command returns at least one valid object.
WARNING: [Vivado 12-584] No ports matched 'ss0_c[0]'. [/home/fpga/worker_place/temp/temp/2149e6250ea2416f9709528b5c2d76f6/xdc/top_level.xdc:74]
CRITICAL WARNING: [Common 17-55] 'set_property' expects at least one object. [/home/fpga/worker_place/temp/temp/2149e6250ea2416f9709528b5c2d76f6/xdc/top_level.xdc:74]
Resolution: If [get_<value>] was used to populate the object, check to make sure this command returns at least one valid object.
WARNING: [Vivado 12-584] No ports matched 'ss0_c[1]'. [/home/fpga/worker_place/temp/temp/2149e6250ea2416f9709528b5c2d76f6/xdc/top_level.xdc:75]
CRITICAL WARNING: [Common 17-55] 'set_property' expects at least one object. [/home/fpga/worker_place/temp/temp/2149e6250ea2416f9709528b5c2d76f6/xdc/top_level.xdc:75]
Resolution: If [get_<value>] was used to populate the object, check to make sure this command returns at least one valid object.
WARNING: [Vivado 12-584] No ports matched 'ss0_c[2]'. [/home/fpga/worker_place/temp/temp/2149e6250ea2416f9709528b5c2d76f6/xdc/top_level.xdc:76]
CRITICAL WARNING: [Common 17-55] 'set_property' expects at least one object. [/home/fpga/worker_place/temp/temp/2149e6250ea2416f9709528b5c2d76f6/xdc/top_level.xdc:76]
Resolution: If [get_<value>] was used to populate the object, check to make sure this command returns at least one valid object.
WARNING: [Vivado 12-584] No ports matched 'ss0_c[3]'. [/home/fpga/worker_place/temp/temp/2149e6250ea2416f9709528b5c2d76f6/xdc/top_level.xdc:77]
CRITICAL WARNING: [Common 17-55] 'set_property' expects at least one object. [/home/fpga/worker_place/temp/temp/2149e6250ea2416f9709528b5c2d76f6/xdc/top_level.xdc:77]
Resolution: If [get_<value>] was used to populate the object, check to make sure this command returns at least one valid object.
WARNING: [Vivado 12-584] No ports matched 'ss0_c[4]'. [/home/fpga/worker_place/temp/temp/2149e6250ea2416f9709528b5c2d76f6/xdc/top_level.xdc:78]
CRITICAL WARNING: [Common 17-55] 'set_property' expects at least one object. [/home/fpga/worker_place/temp/temp/2149e6250ea2416f9709528b5c2d76f6/xdc/top_level.xdc:78]
Resolution: If [get_<value>] was used to populate the object, check to make sure this command returns at least one valid object.
WARNING: [Vivado 12-584] No ports matched 'ss0_c[5]'. [/home/fpga/worker_place/temp/temp/2149e6250ea2416f9709528b5c2d76f6/xdc/top_level.xdc:79]
CRITICAL WARNING: [Common 17-55] 'set_property' expects at least one object. [/home/fpga/worker_place/temp/temp/2149e6250ea2416f9709528b5c2d76f6/xdc/top_level.xdc:79]
Resolution: If [get_<value>] was used to populate the object, check to make sure this command returns at least one valid object.
WARNING: [Vivado 12-584] No ports matched 'ss0_c[6]'. [/home/fpga/worker_place/temp/temp/2149e6250ea2416f9709528b5c2d76f6/xdc/top_level.xdc:80]
CRITICAL WARNING: [Common 17-55] 'set_property' expects at least one object. [/home/fpga/worker_place/temp/temp/2149e6250ea2416f9709528b5c2d76f6/xdc/top_level.xdc:80]
Resolution: If [get_<value>] was used to populate the object, check to make sure this command returns at least one valid object.
WARNING: [Vivado 12-584] No ports matched 'ss1_c[0]'. [/home/fpga/worker_place/temp/temp/2149e6250ea2416f9709528b5c2d76f6/xdc/top_level.xdc:83]
CRITICAL WARNING: [Common 17-55] 'set_property' expects at least one object. [/home/fpga/worker_place/temp/temp/2149e6250ea2416f9709528b5c2d76f6/xdc/top_level.xdc:83]
Resolution: If [get_<value>] was used to populate the object, check to make sure this command returns at least one valid object.
WARNING: [Vivado 12-584] No ports matched 'ss1_c[1]'. [/home/fpga/worker_place/temp/temp/2149e6250ea2416f9709528b5c2d76f6/xdc/top_level.xdc:84]
CRITICAL WARNING: [Common 17-55] 'set_property' expects at least one object. [/home/fpga/worker_place/temp/temp/2149e6250ea2416f9709528b5c2d76f6/xdc/top_level.xdc:84]
Resolution: If [get_<value>] was used to populate the object, check to make sure this command returns at least one valid object.
WARNING: [Vivado 12-584] No ports matched 'ss1_c[2]'. [/home/fpga/worker_place/temp/temp/2149e6250ea2416f9709528b5c2d76f6/xdc/top_level.xdc:85]
CRITICAL WARNING: [Common 17-55] 'set_property' expects at least one object. [/home/fpga/worker_place/temp/temp/2149e6250ea2416f9709528b5c2d76f6/xdc/top_level.xdc:85]
Resolution: If [get_<value>] was used to populate the object, check to make sure this command returns at least one valid object.
WARNING: [Vivado 12-584] No ports matched 'ss1_c[3]'. [/home/fpga/worker_place/temp/temp/2149e6250ea2416f9709528b5c2d76f6/xdc/top_level.xdc:86]
CRITICAL WARNING: [Common 17-55] 'set_property' expects at least one object. [/home/fpga/worker_place/temp/temp/2149e6250ea2416f9709528b5c2d76f6/xdc/top_level.xdc:86]
Resolution: If [get_<value>] was used to populate the object, check to make sure this command returns at least one valid object.
WARNING: [Vivado 12-584] No ports matched 'ss1_c[4]'. [/home/fpga/worker_place/temp/temp/2149e6250ea2416f9709528b5c2d76f6/xdc/top_level.xdc:87]
CRITICAL WARNING: [Common 17-55] 'set_property' expects at least one object. [/home/fpga/worker_place/temp/temp/2149e6250ea2416f9709528b5c2d76f6/xdc/top_level.xdc:87]
Resolution: If [get_<value>] was used to populate the object, check to make sure this command returns at least one valid object.
WARNING: [Vivado 12-584] No ports matched 'ss1_c[5]'. [/home/fpga/worker_place/temp/temp/2149e6250ea2416f9709528b5c2d76f6/xdc/top_level.xdc:88]
CRITICAL WARNING: [Common 17-55] 'set_property' expects at least one object. [/home/fpga/worker_place/temp/temp/2149e6250ea2416f9709528b5c2d76f6/xdc/top_level.xdc:88]
Resolution: If [get_<value>] was used to populate the object, check to make sure this command returns at least one valid object.
WARNING: [Vivado 12-584] No ports matched 'ss1_c[6]'. [/home/fpga/worker_place/temp/temp/2149e6250ea2416f9709528b5c2d76f6/xdc/top_level.xdc:89]
CRITICAL WARNING: [Common 17-55] 'set_property' expects at least one object. [/home/fpga/worker_place/temp/temp/2149e6250ea2416f9709528b5c2d76f6/xdc/top_level.xdc:89]
Resolution: If [get_<value>] was used to populate the object, check to make sure this command returns at least one valid object.
Finished Parsing XDC File [/home/fpga/worker_place/temp/temp/2149e6250ea2416f9709528b5c2d76f6/xdc/top_level.xdc]
INFO: [Opt 31-47] Cell absorbed into downstream logic: LUT1 cell OBUFDS_inst_i_1 driving pin u_ddr3_top/ddr3_phy_inst/genblk7[0].OSERDESE2_dqs/CLK of u_ddr3_top/ddr3_phy_inst/genblk7[0].OSERDESE2_dqs.
INFO: [Opt 31-47] Cell absorbed into downstream logic: LUT1 cell OBUFDS_inst_i_1 driving pin u_ddr3_top/ddr3_phy_inst/genblk7[1].OSERDESE2_dqs/CLK of u_ddr3_top/ddr3_phy_inst/genblk7[1].OSERDESE2_dqs.
INFO: [Opt 31-47] Cell absorbed into downstream logic: LUT1 cell OBUFDS_inst_i_1 driving pin u_ddr3_top/ddr3_phy_inst/genblk5[0].ISERDESE2_data/CLKB of u_ddr3_top/ddr3_phy_inst/genblk5[0].ISERDESE2_data.
INFO: [Opt 31-47] Cell absorbed into downstream logic: LUT1 cell OBUFDS_inst_i_1 driving pin u_ddr3_top/ddr3_phy_inst/genblk5[10].ISERDESE2_data/CLKB of u_ddr3_top/ddr3_phy_inst/genblk5[10].ISERDESE2_data.
INFO: [Opt 31-47] Cell absorbed into downstream logic: LUT1 cell OBUFDS_inst_i_1 driving pin u_ddr3_top/ddr3_phy_inst/genblk5[11].ISERDESE2_data/CLKB of u_ddr3_top/ddr3_phy_inst/genblk5[11].ISERDESE2_data.
INFO: [Opt 31-47] Cell absorbed into downstream logic: LUT1 cell OBUFDS_inst_i_1 driving pin u_ddr3_top/ddr3_phy_inst/genblk5[12].ISERDESE2_data/CLKB of u_ddr3_top/ddr3_phy_inst/genblk5[12].ISERDESE2_data.
INFO: [Opt 31-47] Cell absorbed into downstream logic: LUT1 cell OBUFDS_inst_i_1 driving pin u_ddr3_top/ddr3_phy_inst/genblk5[13].ISERDESE2_data/CLKB of u_ddr3_top/ddr3_phy_inst/genblk5[13].ISERDESE2_data.
INFO: [Opt 31-47] Cell absorbed into downstream logic: LUT1 cell OBUFDS_inst_i_1 driving pin u_ddr3_top/ddr3_phy_inst/genblk5[14].ISERDESE2_data/CLKB of u_ddr3_top/ddr3_phy_inst/genblk5[14].ISERDESE2_data.
INFO: [Opt 31-47] Cell absorbed into downstream logic: LUT1 cell OBUFDS_inst_i_1 driving pin u_ddr3_top/ddr3_phy_inst/genblk5[15].ISERDESE2_data/CLKB of u_ddr3_top/ddr3_phy_inst/genblk5[15].ISERDESE2_data.
INFO: [Opt 31-47] Cell absorbed into downstream logic: LUT1 cell OBUFDS_inst_i_1 driving pin u_ddr3_top/ddr3_phy_inst/genblk5[1].ISERDESE2_data/CLKB of u_ddr3_top/ddr3_phy_inst/genblk5[1].ISERDESE2_data.
INFO: [Opt 31-47] Cell absorbed into downstream logic: LUT1 cell OBUFDS_inst_i_1 driving pin u_ddr3_top/ddr3_phy_inst/genblk5[2].ISERDESE2_data/CLKB of u_ddr3_top/ddr3_phy_inst/genblk5[2].ISERDESE2_data.
INFO: [Opt 31-47] Cell absorbed into downstream logic: LUT1 cell OBUFDS_inst_i_1 driving pin u_ddr3_top/ddr3_phy_inst/genblk5[3].ISERDESE2_data/CLKB of u_ddr3_top/ddr3_phy_inst/genblk5[3].ISERDESE2_data.
INFO: [Opt 31-47] Cell absorbed into downstream logic: LUT1 cell OBUFDS_inst_i_1 driving pin u_ddr3_top/ddr3_phy_inst/genblk5[4].ISERDESE2_data/CLKB of u_ddr3_top/ddr3_phy_inst/genblk5[4].ISERDESE2_data.
INFO: [Opt 31-47] Cell absorbed into downstream logic: LUT1 cell OBUFDS_inst_i_1 driving pin u_ddr3_top/ddr3_phy_inst/genblk5[5].ISERDESE2_data/CLKB of u_ddr3_top/ddr3_phy_inst/genblk5[5].ISERDESE2_data.
INFO: [Opt 31-47] Cell absorbed into downstream logic: LUT1 cell OBUFDS_inst_i_1 driving pin u_ddr3_top/ddr3_phy_inst/genblk5[6].ISERDESE2_data/CLKB of u_ddr3_top/ddr3_phy_inst/genblk5[6].ISERDESE2_data.
INFO: [Opt 31-47] Cell absorbed into downstream logic: LUT1 cell OBUFDS_inst_i_1 driving pin u_ddr3_top/ddr3_phy_inst/genblk5[7].ISERDESE2_data/CLKB of u_ddr3_top/ddr3_phy_inst/genblk5[7].ISERDESE2_data.
INFO: [Opt 31-47] Cell absorbed into downstream logic: LUT1 cell OBUFDS_inst_i_1 driving pin u_ddr3_top/ddr3_phy_inst/genblk5[8].ISERDESE2_data/CLKB of u_ddr3_top/ddr3_phy_inst/genblk5[8].ISERDESE2_data.
INFO: [Opt 31-47] Cell absorbed into downstream logic: LUT1 cell OBUFDS_inst_i_1 driving pin u_ddr3_top/ddr3_phy_inst/genblk5[9].ISERDESE2_data/CLKB of u_ddr3_top/ddr3_phy_inst/genblk5[9].ISERDESE2_data.
INFO: [Opt 31-47] Cell absorbed into downstream logic: LUT1 cell OBUFDS_inst_i_1 driving pin u_ddr3_top/ddr3_phy_inst/genblk7[0].ISERDESE2_dqs/CLKB of u_ddr3_top/ddr3_phy_inst/genblk7[0].ISERDESE2_dqs.
INFO: [Opt 31-47] Cell absorbed into downstream logic: LUT1 cell OBUFDS_inst_i_1 driving pin u_ddr3_top/ddr3_phy_inst/genblk7[1].ISERDESE2_dqs/CLKB of u_ddr3_top/ddr3_phy_inst/genblk7[1].ISERDESE2_dqs.
INFO: [Opt 31-47] Cell absorbed into downstream logic: LUT1 cell u_ddr3_top/ddr3_controller_inst/o_phy_cmd[92]_INST_0 driving pin u_ddr3_top/ddr3_phy_inst/genblk1[20].OSERDESE2_cmd/D4 of u_ddr3_top/ddr3_phy_inst/genblk1[20].OSERDESE2_cmd.
INFO: [Opt 31-138] Pushed 2 inverter(s) to 21 load pin(s).
INFO: [Opt 31-229] Successfully replaced instance u_ddr3_top/ddr3_phy_inst/genblk1[20].OSERDESE2_cmd at LOC OLOGIC_X1Y23,OSERDESE2.OSERDESE2
INFO: [Opt 31-229] Successfully replaced instance u_ddr3_top/ddr3_phy_inst/genblk5[0].ISERDESE2_data at LOC ILOGIC_X1Y45,ISERDESE2.ISERDESE2
INFO: [Opt 31-229] Successfully replaced instance u_ddr3_top/ddr3_phy_inst/genblk5[1].ISERDESE2_data at LOC ILOGIC_X1Y39,ISERDESE2.ISERDESE2
INFO: [Opt 31-229] Successfully replaced instance u_ddr3_top/ddr3_phy_inst/genblk5[2].ISERDESE2_data at LOC ILOGIC_X1Y46,ISERDESE2.ISERDESE2
INFO: [Opt 31-229] Successfully replaced instance u_ddr3_top/ddr3_phy_inst/genblk5[3].ISERDESE2_data at LOC ILOGIC_X1Y40,ISERDESE2.ISERDESE2
INFO: [Opt 31-229] Successfully replaced instance u_ddr3_top/ddr3_phy_inst/genblk5[4].ISERDESE2_data at LOC ILOGIC_X1Y41,ISERDESE2.ISERDESE2
INFO: [Opt 31-229] Successfully replaced instance u_ddr3_top/ddr3_phy_inst/genblk5[5].ISERDESE2_data at LOC ILOGIC_X1Y38,ISERDESE2.ISERDESE2
INFO: [Opt 31-229] Successfully replaced instance u_ddr3_top/ddr3_phy_inst/genblk5[6].ISERDESE2_data at LOC ILOGIC_X1Y47,ISERDESE2.ISERDESE2
INFO: [Opt 31-229] Successfully replaced instance u_ddr3_top/ddr3_phy_inst/genblk5[7].ISERDESE2_data at LOC ILOGIC_X1Y42,ISERDESE2.ISERDESE2
INFO: [Opt 31-229] Successfully replaced instance u_ddr3_top/ddr3_phy_inst/genblk5[8].ISERDESE2_data at LOC ILOGIC_X1Y30,ISERDESE2.ISERDESE2
INFO: [Opt 31-229] Successfully replaced instance u_ddr3_top/ddr3_phy_inst/genblk5[9].ISERDESE2_data at LOC ILOGIC_X1Y34,ISERDESE2.ISERDESE2
INFO: [Opt 31-229] Successfully replaced instance u_ddr3_top/ddr3_phy_inst/genblk5[10].ISERDESE2_data at LOC ILOGIC_X1Y27,ISERDESE2.ISERDESE2
INFO: [Opt 31-229] Successfully replaced instance u_ddr3_top/ddr3_phy_inst/genblk5[11].ISERDESE2_data at LOC ILOGIC_X1Y33,ISERDESE2.ISERDESE2
INFO: [Opt 31-229] Successfully replaced instance u_ddr3_top/ddr3_phy_inst/genblk7[0].OSERDESE2_dqs at LOC OLOGIC_X1Y44,OSERDESE2.OSERDESE2
INFO: [Opt 31-229] Successfully replaced instance u_ddr3_top/ddr3_phy_inst/genblk5[12].ISERDESE2_data at LOC ILOGIC_X1Y26,ISERDESE2.ISERDESE2
INFO: [Opt 31-229] Successfully replaced instance u_ddr3_top/ddr3_phy_inst/genblk5[13].ISERDESE2_data at LOC ILOGIC_X1Y29,ISERDESE2.ISERDESE2
INFO: [Opt 31-229] Successfully replaced instance u_ddr3_top/ddr3_phy_inst/genblk5[14].ISERDESE2_data at LOC ILOGIC_X1Y28,ISERDESE2.ISERDESE2
INFO: [Opt 31-229] Successfully replaced instance u_ddr3_top/ddr3_phy_inst/genblk7[0].ISERDESE2_dqs at LOC ILOGIC_X1Y44,ISERDESE2.ISERDESE2
INFO: [Opt 31-229] Successfully replaced instance u_ddr3_top/ddr3_phy_inst/genblk5[15].ISERDESE2_data at LOC ILOGIC_X1Y35,ISERDESE2.ISERDESE2
INFO: [Opt 31-229] Successfully replaced instance u_ddr3_top/ddr3_phy_inst/genblk7[1].OSERDESE2_dqs at LOC OLOGIC_X1Y32,OSERDESE2.OSERDESE2
INFO: [Opt 31-229] Successfully replaced instance u_ddr3_top/ddr3_phy_inst/genblk7[1].ISERDESE2_dqs at LOC ILOGIC_X1Y32,ISERDESE2.ISERDESE2
Netlist sorting complete. Time (s): cpu = 00:00:00.01 ; elapsed = 00:00:00.01 . Memory (MB): peak = 2932.285 ; gain = 0.000 ; free physical = 17710 ; free virtual = 36451
INFO: [Project 1-111] Unisim Transformation Summary:
  A total of 742 instances were transformed.
  IOBUF => IOBUF (IBUF, OBUFT): 16 instances
  IOBUFDS => IOBUFDS (IBUFDS, INV, OBUFTDS(x2)): 2 instances
  OBUFDS => OBUFDS_DUAL_BUF (INV, OBUFDS(x2)): 1 instance 
  RAM16X1D => RAM32X1D (RAMD32(x2)): 2 instances
  RAM16X1S => RAM32X1S (RAMS32): 83 instances
  RAM256X1S => RAM256X1S (MUXF7(x2), MUXF8, RAMS64E(x4)): 3 instances
  RAM32X1D => RAM32X1D (RAMD32(x2)): 2 instances
  RAM32X1S => RAM32X1S (RAMS32): 82 instances
  RAM64M => RAM64M (RAMD64E(x4)): 463 instances
  RAM64X1D => RAM64X1D (RAMD64E(x2)): 6 instances
  RAM64X1S => RAM64X1S (RAMS64E): 82 instances

Synth Design complete | Checksum: f3801620
INFO: [Common 17-83] Releasing license: Synthesis
938 Infos, 704 Warnings, 44 Critical Warnings and 0 Errors encountered.
synth_design completed successfully
synth_design: Time (s): cpu = 00:01:10 ; elapsed = 00:01:12 . Memory (MB): peak = 2932.320 ; gain = 1408.246 ; free physical = 17710 ; free virtual = 36451
INFO: [Common 17-2834] synth_design peak Physical Memory [PSS] (MB): overall = 8639.137; main = 2357.708; forked = 6719.067
INFO: [Common 17-2834] synth_design peak Virtual Memory [VSS] (MB): overall = 14292.414; main = 2932.289; forked = 11376.133
# report_timing_summary -file $outputDir/post_synth_timing_summary.rpt
INFO: [Timing 38-35] Done setting XDC timing constraints.
INFO: [Timing 38-2] Deriving generated clocks
INFO: [Timing 38-91] UpdateTimingParams: Speed grade: -1, Delay Type: min_max.
INFO: [Timing 38-191] Multithreading enabled for timing update using a maximum of 4 CPUs
# report_utilization -file $outputDir/post_synth_util.rpt -hierarchical -hierarchical_depth 4
# report_timing -file $outputDir/post_synth_timing.rpt
INFO: [Timing 38-91] UpdateTimingParams: Speed grade: -1, Delay Type: max.
INFO: [Timing 38-191] Multithreading enabled for timing update using a maximum of 4 CPUs
INFO: [Timing 38-78] ReportTimingParams: -max_paths 1 -nworst 1 -delay_type max -sort_by slack.
# opt_design
Command: opt_design
Attempting to get a license for feature 'Implementation' and/or device 'xc7s50'
INFO: [Common 17-349] Got license for feature 'Implementation' and/or device 'xc7s50'
Running DRC as a precondition to command opt_design

Starting DRC Task
INFO: [DRC 23-27] Running DRC with 4 threads
INFO: [Project 1-461] DRC finished with 0 Errors
INFO: [Project 1-462] Please refer to the DRC report (report_drc) for more information.

Time (s): cpu = 00:00:01 ; elapsed = 00:00:00.42 . Memory (MB): peak = 2983.816 ; gain = 51.496 ; free physical = 17701 ; free virtual = 36442

Starting Cache Timing Information Task
Ending Cache Timing Information Task | Checksum: 2ba32a81e

Time (s): cpu = 00:00:00.01 ; elapsed = 00:00:00 . Memory (MB): peak = 2983.816 ; gain = 0.000 ; free physical = 17701 ; free virtual = 36442

Starting Logic Optimization Task

Phase 1 Initialization

Phase 1.1 Core Generation And Design Setup
Phase 1.1 Core Generation And Design Setup | Checksum: 2ba32a81e

Time (s): cpu = 00:00:00.01 ; elapsed = 00:00:00.02 . Memory (MB): peak = 3226.754 ; gain = 0.000 ; free physical = 17446 ; free virtual = 36187

Phase 1.2 Setup Constraints And Sort Netlist
Phase 1.2 Setup Constraints And Sort Netlist | Checksum: 2ba32a81e

Time (s): cpu = 00:00:00.03 ; elapsed = 00:00:00.04 . Memory (MB): peak = 3226.754 ; gain = 0.000 ; free physical = 17446 ; free virtual = 36187
Phase 1 Initialization | Checksum: 2ba32a81e

Time (s): cpu = 00:00:00.03 ; elapsed = 00:00:00.04 . Memory (MB): peak = 3226.754 ; gain = 0.000 ; free physical = 17446 ; free virtual = 36187

Phase 2 Timer Update And Timing Data Collection

Phase 2.1 Timer Update
Phase 2.1 Timer Update | Checksum: 2ba32a81e

Time (s): cpu = 00:00:00.6 ; elapsed = 00:00:00.29 . Memory (MB): peak = 3226.754 ; gain = 0.000 ; free physical = 17446 ; free virtual = 36187

Phase 2.2 Timing Data Collection
Phase 2.2 Timing Data Collection | Checksum: 2ba32a81e

Time (s): cpu = 00:00:00.64 ; elapsed = 00:00:00.33 . Memory (MB): peak = 3226.754 ; gain = 0.000 ; free physical = 17446 ; free virtual = 36187
Phase 2 Timer Update And Timing Data Collection | Checksum: 2ba32a81e

Time (s): cpu = 00:00:00.64 ; elapsed = 00:00:00.33 . Memory (MB): peak = 3226.754 ; gain = 0.000 ; free physical = 17446 ; free virtual = 36187

Phase 3 Retarget
INFO: [Opt 31-1851] Number of loadless carry chains removed were: 0
INFO: [Opt 31-1834] Total Chains To Be Transformed Were: 0 AND Number of Transformed insts Created are: 0
INFO: [Opt 31-1566] Pulled 43 inverters resulting in an inversion of 192 pins
INFO: [Opt 31-138] Pushed 4 inverter(s) to 32 load pin(s).
INFO: [Opt 31-49] Retargeted 0 cell(s).
Phase 3 Retarget | Checksum: 23ba1e082

Time (s): cpu = 00:00:01 ; elapsed = 00:00:00.72 . Memory (MB): peak = 3226.754 ; gain = 0.000 ; free physical = 17446 ; free virtual = 36187
Retarget | Checksum: 23ba1e082
INFO: [Opt 31-389] Phase Retarget created 0 cells and removed 77 cells
INFO: [Opt 31-1021] In phase Retarget, 3 netlist objects are constrained preventing optimization. Please run opt_design with -debug_log to get more detail. 

Phase 4 Constant propagation
INFO: [Opt 31-138] Pushed 0 inverter(s) to 0 load pin(s).
Phase 4 Constant propagation | Checksum: 1eadc5b50

Time (s): cpu = 00:00:01 ; elapsed = 00:00:00.89 . Memory (MB): peak = 3226.754 ; gain = 0.000 ; free physical = 17447 ; free virtual = 36188
Constant propagation | Checksum: 1eadc5b50
INFO: [Opt 31-389] Phase Constant propagation created 1 cells and removed 1 cells
INFO: [Opt 31-1021] In phase Constant propagation, 2 netlist objects are constrained preventing optimization. Please run opt_design with -debug_log to get more detail. 

Phase 5 Sweep
INFO: [Constraints 18-11670] Building netlist checker database with flags, 0x8
Done building netlist checker database: Time (s): cpu = 00:00:00 ; elapsed = 00:00:00.01 . Memory (MB): peak = 3226.754 ; gain = 0.000 ; free physical = 17451 ; free virtual = 36192
INFO: [Constraints 18-11670] Building netlist checker database with flags, 0x8
Done building netlist checker database: Time (s): cpu = 00:00:00 ; elapsed = 00:00:00 . Memory (MB): peak = 3226.754 ; gain = 0.000 ; free physical = 17451 ; free virtual = 36192
Phase 5 Sweep | Checksum: 270817381

Time (s): cpu = 00:00:02 ; elapsed = 00:00:01 . Memory (MB): peak = 3226.754 ; gain = 0.000 ; free physical = 17451 ; free virtual = 36192
Sweep | Checksum: 270817381
INFO: [Opt 31-389] Phase Sweep created 2 cells and removed 3 cells
INFO: [Opt 31-1021] In phase Sweep, 150 netlist objects are constrained preventing optimization. Please run opt_design with -debug_log to get more detail. 

Phase 6 BUFG optimization
Phase 6 BUFG optimization | Checksum: 270817381

Time (s): cpu = 00:00:02 ; elapsed = 00:00:01 . Memory (MB): peak = 3258.770 ; gain = 32.016 ; free physical = 17455 ; free virtual = 36196
BUFG optimization | Checksum: 270817381
INFO: [Opt 31-662] Phase BUFG optimization created 0 cells of which 0 are BUFGs and removed 0 cells.

Phase 7 Shift Register Optimization
INFO: [Opt 31-1064] SRL Remap converted 0 SRLs to 0 registers and converted 0 registers of register chains to 0 SRLs
Phase 7 Shift Register Optimization | Checksum: 270817381

Time (s): cpu = 00:00:02 ; elapsed = 00:00:01 . Memory (MB): peak = 3258.770 ; gain = 32.016 ; free physical = 17455 ; free virtual = 36196
Shift Register Optimization | Checksum: 270817381
INFO: [Opt 31-389] Phase Shift Register Optimization created 0 cells and removed 0 cells

Phase 8 Post Processing Netlist
Phase 8 Post Processing Netlist | Checksum: 1f280dc61

Time (s): cpu = 00:00:02 ; elapsed = 00:00:01 . Memory (MB): peak = 3258.770 ; gain = 32.016 ; free physical = 17455 ; free virtual = 36196
Post Processing Netlist | Checksum: 1f280dc61
INFO: [Opt 31-389] Phase Post Processing Netlist created 0 cells and removed 0 cells

Phase 9 Finalization

Phase 9.1 Finalizing Design Cores and Updating Shapes
Phase 9.1 Finalizing Design Cores and Updating Shapes | Checksum: 2e7cbc61a

Time (s): cpu = 00:00:02 ; elapsed = 00:00:02 . Memory (MB): peak = 3258.770 ; gain = 32.016 ; free physical = 17457 ; free virtual = 36198

Phase 9.2 Verifying Netlist Connectivity

Starting Connectivity Check Task

Time (s): cpu = 00:00:00.04 ; elapsed = 00:00:00.03 . Memory (MB): peak = 3258.770 ; gain = 0.000 ; free physical = 17457 ; free virtual = 36198
Phase 9.2 Verifying Netlist Connectivity | Checksum: 2e7cbc61a

Time (s): cpu = 00:00:02 ; elapsed = 00:00:02 . Memory (MB): peak = 3258.770 ; gain = 32.016 ; free physical = 17457 ; free virtual = 36198
Phase 9 Finalization | Checksum: 2e7cbc61a

Time (s): cpu = 00:00:02 ; elapsed = 00:00:02 . Memory (MB): peak = 3258.770 ; gain = 32.016 ; free physical = 17457 ; free virtual = 36198
Opt_design Change Summary
=========================


-------------------------------------------------------------------------------------------------------------------------
|  Phase                        |  #Cells created  |  #Cells Removed  |  #Constrained objects preventing optimizations  |
-------------------------------------------------------------------------------------------------------------------------
|  Retarget                     |               0  |              77  |                                              3  |
|  Constant propagation         |               1  |               1  |                                              2  |
|  Sweep                        |               2  |               3  |                                            150  |
|  BUFG optimization            |               0  |               0  |                                              0  |
|  Shift Register Optimization  |               0  |               0  |                                              0  |
|  Post Processing Netlist      |               0  |               0  |                                              0  |
-------------------------------------------------------------------------------------------------------------------------


Ending Logic Optimization Task | Checksum: 2e7cbc61a

Time (s): cpu = 00:00:02 ; elapsed = 00:00:02 . Memory (MB): peak = 3258.770 ; gain = 32.016 ; free physical = 17457 ; free virtual = 36198

Starting Power Optimization Task
INFO: [Pwropt 34-132] Skipping clock gating for clocks with a period < 2.00 ns.
INFO: [Timing 38-35] Done setting XDC timing constraints.
Running Vector-less Activity Propagation...
INFO: [Pwropt 34-9] Applying IDT optimizations ...
INFO: [Pwropt 34-10] Applying ODC optimizations ...

Finished Running Vector-less Activity Propagation


Starting PowerOpt Patch Enables Task
INFO: [Pwropt 34-162] WRITE_MODE attribute of 0 BRAM(s) out of a total of 48 has been updated to save power. Run report_power_opt to get a complete listing of the BRAMs updated.
INFO: [Pwropt 34-201] Structural ODC has moved 0 WE to EN ports
Number of BRAM Ports augmented: 48 newly gated: 0 Total Ports: 96
Number of Flops added for Enable Generation: 1

Ending PowerOpt Patch Enables Task | Checksum: 284f8e8e5

Time (s): cpu = 00:00:00.2 ; elapsed = 00:00:00.16 . Memory (MB): peak = 3662.609 ; gain = 0.000 ; free physical = 17176 ; free virtual = 35917
Ending Power Optimization Task | Checksum: 284f8e8e5

Time (s): cpu = 00:00:07 ; elapsed = 00:00:03 . Memory (MB): peak = 3662.609 ; gain = 403.840 ; free physical = 17176 ; free virtual = 35917

Starting Final Cleanup Task

Starting Logic Optimization Task
INFO: [Timing 38-35] Done setting XDC timing constraints.
Ending Logic Optimization Task | Checksum: 21d7a2a2e

Time (s): cpu = 00:00:02 ; elapsed = 00:00:01 . Memory (MB): peak = 3662.609 ; gain = 0.000 ; free physical = 17182 ; free virtual = 35923
Ending Final Cleanup Task | Checksum: 21d7a2a2e

Time (s): cpu = 00:00:03 ; elapsed = 00:00:02 . Memory (MB): peak = 3662.609 ; gain = 0.000 ; free physical = 17182 ; free virtual = 35923

Starting Netlist Obfuscation Task
Netlist sorting complete. Time (s): cpu = 00:00:00.01 ; elapsed = 00:00:00.01 . Memory (MB): peak = 3662.609 ; gain = 0.000 ; free physical = 17182 ; free virtual = 35923
Ending Netlist Obfuscation Task | Checksum: 21d7a2a2e

Time (s): cpu = 00:00:00.01 ; elapsed = 00:00:00.01 . Memory (MB): peak = 3662.609 ; gain = 0.000 ; free physical = 17182 ; free virtual = 35923
INFO: [Common 17-83] Releasing license: Implementation
30 Infos, 0 Warnings, 0 Critical Warnings and 0 Errors encountered.
opt_design completed successfully
opt_design: Time (s): cpu = 00:00:15 ; elapsed = 00:00:09 . Memory (MB): peak = 3662.609 ; gain = 730.289 ; free physical = 17182 ; free virtual = 35923
# place_design
Command: place_design
Attempting to get a license for feature 'Implementation' and/or device 'xc7s50'
INFO: [Common 17-349] Got license for feature 'Implementation' and/or device 'xc7s50'
INFO: [Common 17-83] Releasing license: Implementation
INFO: [DRC 23-27] Running DRC with 4 threads
INFO: [Vivado_Tcl 4-198] DRC finished with 0 Errors
INFO: [Vivado_Tcl 4-199] Please refer to the DRC report (report_drc) for more information.
Running DRC as a precondition to command place_design
INFO: [DRC 23-27] Running DRC with 4 threads
INFO: [Vivado_Tcl 4-198] DRC finished with 0 Errors
INFO: [Vivado_Tcl 4-199] Please refer to the DRC report (report_drc) for more information.
INFO: [Place 30-611] Multithreading enabled for place_design using a maximum of 4 CPUs

Starting Placer Task

Phase 1 Placer Initialization

Phase 1.1 Placer Initialization Netlist Sorting
Netlist sorting complete. Time (s): cpu = 00:00:00.01 ; elapsed = 00:00:00.01 . Memory (MB): peak = 3662.609 ; gain = 0.000 ; free physical = 17187 ; free virtual = 35928
Phase 1.1 Placer Initialization Netlist Sorting | Checksum: 1cea3e6e3

Time (s): cpu = 00:00:00.01 ; elapsed = 00:00:00.01 . Memory (MB): peak = 3662.609 ; gain = 0.000 ; free physical = 17187 ; free virtual = 35928
Netlist sorting complete. Time (s): cpu = 00:00:00.01 ; elapsed = 00:00:00.01 . Memory (MB): peak = 3662.609 ; gain = 0.000 ; free physical = 17187 ; free virtual = 35928

Phase 1.2 IO Placement/ Clock Placement/ Build Placer Device
INFO: [Timing 38-35] Done setting XDC timing constraints.
Phase 1.2 IO Placement/ Clock Placement/ Build Placer Device | Checksum: 17d97df77

Time (s): cpu = 00:00:03 ; elapsed = 00:00:02 . Memory (MB): peak = 3662.609 ; gain = 0.000 ; free physical = 17190 ; free virtual = 35931

Phase 1.3 Build Placer Netlist Model
Phase 1.3 Build Placer Netlist Model | Checksum: 1f0ed0f79

Time (s): cpu = 00:00:08 ; elapsed = 00:00:04 . Memory (MB): peak = 3662.609 ; gain = 0.000 ; free physical = 17184 ; free virtual = 35925

Phase 1.4 Constrain Clocks/Macros
Phase 1.4 Constrain Clocks/Macros | Checksum: 1f0ed0f79

Time (s): cpu = 00:00:08 ; elapsed = 00:00:04 . Memory (MB): peak = 3662.609 ; gain = 0.000 ; free physical = 17184 ; free virtual = 35925
Phase 1 Placer Initialization | Checksum: 1f0ed0f79

Time (s): cpu = 00:00:08 ; elapsed = 00:00:04 . Memory (MB): peak = 3662.609 ; gain = 0.000 ; free physical = 17184 ; free virtual = 35925

Phase 2 Global Placement

Phase 2.1 Floorplanning
Phase 2.1 Floorplanning | Checksum: 18408a7bc

Time (s): cpu = 00:00:08 ; elapsed = 00:00:05 . Memory (MB): peak = 3662.609 ; gain = 0.000 ; free physical = 17186 ; free virtual = 35927

Phase 2.2 Update Timing before SLR Path Opt
Phase 2.2 Update Timing before SLR Path Opt | Checksum: 1f243282d

Time (s): cpu = 00:00:09 ; elapsed = 00:00:05 . Memory (MB): peak = 3662.609 ; gain = 0.000 ; free physical = 17186 ; free virtual = 35927

Phase 2.3 Post-Processing in Floorplanning
Phase 2.3 Post-Processing in Floorplanning | Checksum: 1f243282d

Time (s): cpu = 00:00:09 ; elapsed = 00:00:05 . Memory (MB): peak = 3662.609 ; gain = 0.000 ; free physical = 17186 ; free virtual = 35927

Phase 2.4 Global Place Phase1
Phase 2.4 Global Place Phase1 | Checksum: 18e8fbad9

Time (s): cpu = 00:00:23 ; elapsed = 00:00:12 . Memory (MB): peak = 3662.609 ; gain = 0.000 ; free physical = 17177 ; free virtual = 35918

Phase 2.5 Global Place Phase2

Phase 2.5.1 UpdateTiming Before Physical Synthesis
Phase 2.5.1 UpdateTiming Before Physical Synthesis | Checksum: 1f3e2322d

Time (s): cpu = 00:00:25 ; elapsed = 00:00:13 . Memory (MB): peak = 3662.609 ; gain = 0.000 ; free physical = 17178 ; free virtual = 35919

Phase 2.5.2 Physical Synthesis In Placer
INFO: [Physopt 32-1035] Found 0 LUTNM shape to break, 1164 LUT instances to create LUTNM shape
INFO: [Physopt 32-1044] Break lutnm for timing: one critical 0, two critical 0, total 0, new lutff created 0
INFO: [Physopt 32-1138] End 1 Pass. Optimized 532 nets or LUTs. Breaked 0 LUT, combined 532 existing LUTs and moved 0 existing LUT
INFO: [Physopt 32-65] No nets found for high-fanout optimization.
INFO: [Physopt 32-232] Optimized 0 net. Created 0 new instance.
INFO: [Physopt 32-775] End 1 Pass. Optimized 0 net or cell. Created 0 new cell, deleted 0 existing cell and moved 0 existing cell
INFO: [Physopt 32-670] No setup violation found.  DSP Register Optimization was not performed.
INFO: [Physopt 32-670] No setup violation found.  Shift Register to Pipeline Optimization was not performed.
INFO: [Physopt 32-670] No setup violation found.  Shift Register Optimization was not performed.
INFO: [Physopt 32-670] No setup violation found.  BRAM Register Optimization was not performed.
INFO: [Physopt 32-670] No setup violation found.  URAM Register Optimization was not performed.
INFO: [Physopt 32-949] No candidate nets found for dynamic/static region interface net replication
INFO: [Physopt 32-775] End 1 Pass. Optimized 0 net or cell. Created 0 new cell, deleted 0 existing cell and moved 0 existing cell
Netlist sorting complete. Time (s): cpu = 00:00:00.01 ; elapsed = 00:00:00.01 . Memory (MB): peak = 3662.609 ; gain = 0.000 ; free physical = 17178 ; free virtual = 35919

Summary of Physical Synthesis Optimizations
============================================


-----------------------------------------------------------------------------------------------------------------------------------------------------------
|  Optimization                                     |  Added Cells  |  Removed Cells  |  Optimized Cells/Nets  |  Dont Touch  |  Iterations  |  Elapsed   |
-----------------------------------------------------------------------------------------------------------------------------------------------------------
|  LUT Combining                                    |            0  |            532  |                   532  |           0  |           1  |  00:00:00  |
|  Retime                                           |            0  |              0  |                     0  |           0  |           1  |  00:00:00  |
|  Very High Fanout                                 |            0  |              0  |                     0  |           0  |           1  |  00:00:00  |
|  DSP Register                                     |            0  |              0  |                     0  |           0  |           0  |  00:00:00  |
|  Shift Register to Pipeline                       |            0  |              0  |                     0  |           0  |           0  |  00:00:00  |
|  Shift Register                                   |            0  |              0  |                     0  |           0  |           0  |  00:00:00  |
|  BRAM Register                                    |            0  |              0  |                     0  |           0  |           0  |  00:00:00  |
|  URAM Register                                    |            0  |              0  |                     0  |           0  |           0  |  00:00:00  |
|  Dynamic/Static Region Interface Net Replication  |            0  |              0  |                     0  |           0  |           1  |  00:00:00  |
|  Total                                            |            0  |            532  |                   532  |           0  |           4  |  00:00:00  |
-----------------------------------------------------------------------------------------------------------------------------------------------------------


Phase 2.5.2 Physical Synthesis In Placer | Checksum: 1c3add265

Time (s): cpu = 00:00:26 ; elapsed = 00:00:14 . Memory (MB): peak = 3662.609 ; gain = 0.000 ; free physical = 17178 ; free virtual = 35919
Phase 2.5 Global Place Phase2 | Checksum: 1789504b7

Time (s): cpu = 00:00:28 ; elapsed = 00:00:15 . Memory (MB): peak = 3662.609 ; gain = 0.000 ; free physical = 17179 ; free virtual = 35920
Phase 2 Global Placement | Checksum: 1789504b7

Time (s): cpu = 00:00:28 ; elapsed = 00:00:15 . Memory (MB): peak = 3662.609 ; gain = 0.000 ; free physical = 17179 ; free virtual = 35920

Phase 3 Detail Placement

Phase 3.1 Commit Multi Column Macros
Phase 3.1 Commit Multi Column Macros | Checksum: 1ebc98872

Time (s): cpu = 00:00:28 ; elapsed = 00:00:15 . Memory (MB): peak = 3662.609 ; gain = 0.000 ; free physical = 17181 ; free virtual = 35922

Phase 3.2 Commit Most Macros & LUTRAMs
Phase 3.2 Commit Most Macros & LUTRAMs | Checksum: 1067877c6

Time (s): cpu = 00:00:30 ; elapsed = 00:00:16 . Memory (MB): peak = 3662.609 ; gain = 0.000 ; free physical = 17183 ; free virtual = 35924

Phase 3.3 Area Swap Optimization
Phase 3.3 Area Swap Optimization | Checksum: 1116657df

Time (s): cpu = 00:00:30 ; elapsed = 00:00:16 . Memory (MB): peak = 3662.609 ; gain = 0.000 ; free physical = 17183 ; free virtual = 35924

Phase 3.4 Pipeline Register Optimization
Phase 3.4 Pipeline Register Optimization | Checksum: 11dfb271a

Time (s): cpu = 00:00:30 ; elapsed = 00:00:16 . Memory (MB): peak = 3662.609 ; gain = 0.000 ; free physical = 17183 ; free virtual = 35924

Phase 3.5 Fast Optimization
Phase 3.5 Fast Optimization | Checksum: 1e4e31c62

Time (s): cpu = 00:00:34 ; elapsed = 00:00:18 . Memory (MB): peak = 3662.609 ; gain = 0.000 ; free physical = 17188 ; free virtual = 35929

Phase 3.6 Small Shape Detail Placement
Phase 3.6 Small Shape Detail Placement | Checksum: 1c01693fd

Time (s): cpu = 00:00:39 ; elapsed = 00:00:22 . Memory (MB): peak = 3662.609 ; gain = 0.000 ; free physical = 17200 ; free virtual = 35941

Phase 3.7 Re-assign LUT pins
Phase 3.7 Re-assign LUT pins | Checksum: 1d995a28f

Time (s): cpu = 00:00:39 ; elapsed = 00:00:23 . Memory (MB): peak = 3662.609 ; gain = 0.000 ; free physical = 17200 ; free virtual = 35941

Phase 3.8 Pipeline Register Optimization
Phase 3.8 Pipeline Register Optimization | Checksum: 1a8ab55f8

Time (s): cpu = 00:00:40 ; elapsed = 00:00:23 . Memory (MB): peak = 3662.609 ; gain = 0.000 ; free physical = 17200 ; free virtual = 35941
Phase 3 Detail Placement | Checksum: 1a8ab55f8

Time (s): cpu = 00:00:40 ; elapsed = 00:00:23 . Memory (MB): peak = 3662.609 ; gain = 0.000 ; free physical = 17201 ; free virtual = 35942

Phase 4 Post Placement Optimization and Clean-Up

Phase 4.1 Post Commit Optimization
INFO: [Timing 38-35] Done setting XDC timing constraints.

Phase 4.1.1 Post Placement Optimization
Post Placement Optimization Initialization | Checksum: 32fc48e1c

Phase 4.1.1.1 BUFG Insertion

Starting Physical Synthesis Task

Phase 1 Physical Synthesis Initialization
INFO: [Physopt 32-721] Multithreading enabled for phys_opt_design using a maximum of 4 CPUs
INFO: [Physopt 32-619] Estimated Timing Summary | WNS=0.254 | TNS=0.000 |
Phase 1 Physical Synthesis Initialization | Checksum: 1fde8dbdb

Time (s): cpu = 00:00:00.49 ; elapsed = 00:00:00.2 . Memory (MB): peak = 3662.609 ; gain = 0.000 ; free physical = 17202 ; free virtual = 35944
INFO: [Place 46-33] Processed net u_ddr3_top/ddr3_controller_inst/o_phy_reset, BUFG insertion was skipped due to placement/routing conflicts.
INFO: [Place 46-56] BUFG insertion identified 1 candidate nets. Inserted BUFG: 0, Replicated BUFG Driver: 0, Skipped due to Placement/Routing Conflicts: 1, Skipped due to Timing Degradation: 0, Skipped due to netlist editing failed: 0.
Ending Physical Synthesis Task | Checksum: 2be8f732b

Time (s): cpu = 00:00:00.79 ; elapsed = 00:00:00.38 . Memory (MB): peak = 3662.609 ; gain = 0.000 ; free physical = 17202 ; free virtual = 35944
Phase 4.1.1.1 BUFG Insertion | Checksum: 32fc48e1c

Time (s): cpu = 00:00:46 ; elapsed = 00:00:25 . Memory (MB): peak = 3662.609 ; gain = 0.000 ; free physical = 17202 ; free virtual = 35944

Phase 4.1.1.2 Post Placement Timing Optimization
INFO: [Place 30-746] Post Placement Timing Summary WNS=0.506. For the most accurate timing information please run report_timing.
Phase 4.1.1.2 Post Placement Timing Optimization | Checksum: 27e949125

Time (s): cpu = 00:00:46 ; elapsed = 00:00:26 . Memory (MB): peak = 3662.609 ; gain = 0.000 ; free physical = 17203 ; free virtual = 35944

Time (s): cpu = 00:00:46 ; elapsed = 00:00:26 . Memory (MB): peak = 3662.609 ; gain = 0.000 ; free physical = 17203 ; free virtual = 35944
Phase 4.1 Post Commit Optimization | Checksum: 27e949125

Time (s): cpu = 00:00:46 ; elapsed = 00:00:26 . Memory (MB): peak = 3662.609 ; gain = 0.000 ; free physical = 17204 ; free virtual = 35945

Phase 4.2 Post Placement Cleanup
Phase 4.2 Post Placement Cleanup | Checksum: 27e949125

Time (s): cpu = 00:00:47 ; elapsed = 00:00:26 . Memory (MB): peak = 3662.609 ; gain = 0.000 ; free physical = 17204 ; free virtual = 35946

Phase 4.3 Placer Reporting

Phase 4.3.1 Print Estimated Congestion
INFO: [Place 30-612] Post-Placement Estimated Congestion 
 ____________________________________________________
|           | Global Congestion | Short Congestion  |
| Direction | Region Size       | Region Size       |
|___________|___________________|___________________|
|      North|                4x4|                8x8|
|___________|___________________|___________________|
|      South|                2x2|                4x4|
|___________|___________________|___________________|
|       East|                8x8|                4x4|
|___________|___________________|___________________|
|       West|                1x1|                1x1|
|___________|___________________|___________________|

Phase 4.3.1 Print Estimated Congestion | Checksum: 27e949125

Time (s): cpu = 00:00:47 ; elapsed = 00:00:26 . Memory (MB): peak = 3662.609 ; gain = 0.000 ; free physical = 17204 ; free virtual = 35945
Phase 4.3 Placer Reporting | Checksum: 27e949125

Time (s): cpu = 00:00:47 ; elapsed = 00:00:26 . Memory (MB): peak = 3662.609 ; gain = 0.000 ; free physical = 17204 ; free virtual = 35945

Phase 4.4 Final Placement Cleanup
Netlist sorting complete. Time (s): cpu = 00:00:00.01 ; elapsed = 00:00:00.01 . Memory (MB): peak = 3662.609 ; gain = 0.000 ; free physical = 17204 ; free virtual = 35945

Time (s): cpu = 00:00:47 ; elapsed = 00:00:26 . Memory (MB): peak = 3662.609 ; gain = 0.000 ; free physical = 17204 ; free virtual = 35945
Phase 4 Post Placement Optimization and Clean-Up | Checksum: 19887ddd4

Time (s): cpu = 00:00:47 ; elapsed = 00:00:26 . Memory (MB): peak = 3662.609 ; gain = 0.000 ; free physical = 17204 ; free virtual = 35945
Ending Placer Task | Checksum: 119ed8089

Time (s): cpu = 00:00:47 ; elapsed = 00:00:26 . Memory (MB): peak = 3662.609 ; gain = 0.000 ; free physical = 17204 ; free virtual = 35945
30 Infos, 0 Warnings, 0 Critical Warnings and 0 Errors encountered.
place_design completed successfully
place_design: Time (s): cpu = 00:00:50 ; elapsed = 00:00:27 . Memory (MB): peak = 3662.609 ; gain = 0.000 ; free physical = 17204 ; free virtual = 35945
# report_clock_utilization -file $outputDir/clock_util.rpt
# set worst_path [get_timing_paths -max_paths 1 -nworst 1 -setup]
# if {[llength $worst_path] > 0} {
#     if {[get_property SLACK $worst_path] < 0} {
#         puts "Found setup timing violations => running physical optimization"
#         phys_opt_design
#     }
# } else {
#     puts "WARNING: No timing paths found for setup analysis; skipping phys_opt_design check."
# }
# report_utilization -file $outputDir/post_place_util.rpt
# report_timing_summary -file $outputDir/post_place_timing_summary.rpt
# report_timing -file $outputDir/post_place_timing.rpt
INFO: [Timing 38-78] ReportTimingParams: -max_paths 1 -nworst 1 -delay_type max -sort_by slack.
# route_design -directive Explore
Command: route_design -directive Explore
Attempting to get a license for feature 'Implementation' and/or device 'xc7s50'
INFO: [Common 17-349] Got license for feature 'Implementation' and/or device 'xc7s50'


Starting Routing Task
INFO: [Route 35-270] Using Router directive 'Explore'.
INFO: [Route 35-254] Multithreading enabled for route_design using a maximum of 4 CPUs

Phase 1 Build RT Design
Checksum: PlaceDB: 6661c650 ConstDB: 0 ShapeSum: 8fa8703 RouteDB: aa913336
Post Restoration Checksum: NetGraph: 210f9ff7 | NumContArr: 277882e4 | Constraints: c2a8fa9d | Timing: c2a8fa9d
Phase 1 Build RT Design | Checksum: 1cdda1815

Time (s): cpu = 00:00:11 ; elapsed = 00:00:07 . Memory (MB): peak = 3662.609 ; gain = 0.000 ; free physical = 17206 ; free virtual = 35947

Phase 2 Router Initialization

Phase 2.1 Fix Topology Constraints
Phase 2.1 Fix Topology Constraints | Checksum: 1cdda1815

Time (s): cpu = 00:00:12 ; elapsed = 00:00:07 . Memory (MB): peak = 3662.609 ; gain = 0.000 ; free physical = 17206 ; free virtual = 35948

Phase 2.2 Pre Route Cleanup
Phase 2.2 Pre Route Cleanup | Checksum: 1cdda1815

Time (s): cpu = 00:00:12 ; elapsed = 00:00:07 . Memory (MB): peak = 3662.609 ; gain = 0.000 ; free physical = 17206 ; free virtual = 35948
 Number of Nodes with overlaps = 0

Phase 2.3 Update Timing
Phase 2.3 Update Timing | Checksum: 339e10792

Time (s): cpu = 00:00:18 ; elapsed = 00:00:09 . Memory (MB): peak = 3662.609 ; gain = 0.000 ; free physical = 17211 ; free virtual = 35952
INFO: [Route 35-416] Intermediate Timing Summary | WNS=0.740  | TNS=0.000  | WHS=-0.384 | THS=-36.216|


Phase 2.4 Soft Constraint Pins - Fast Budgeting
Phase 2.4 Soft Constraint Pins - Fast Budgeting | Checksum: 2d3e2a6b1

Time (s): cpu = 00:00:20 ; elapsed = 00:00:10 . Memory (MB): peak = 3662.609 ; gain = 0.000 ; free physical = 17213 ; free virtual = 35954

Router Utilization Summary
  Global Vertical Routing Utilization    = 0.000159451 %
  Global Horizontal Routing Utilization  = 0.000130141 %
  Routable Net Status*
  *Does not include unroutable nets such as driverless and loadless.
  Run report_route_status for detailed report.
  Number of Failed Nets               = 43139
    (Failed Nets is the sum of unrouted and partially routed nets)
  Number of Unrouted Nets             = 43137
  Number of Partially Routed Nets     = 2
  Number of Node Overlaps             = 0

Phase 2 Router Initialization | Checksum: 3137f16fe

Time (s): cpu = 00:00:20 ; elapsed = 00:00:10 . Memory (MB): peak = 3662.609 ; gain = 0.000 ; free physical = 17213 ; free virtual = 35954

Phase 3 Global Routing
Phase 3 Global Routing | Checksum: 3137f16fe

Time (s): cpu = 00:00:20 ; elapsed = 00:00:10 . Memory (MB): peak = 3662.609 ; gain = 0.000 ; free physical = 17213 ; free virtual = 35954

Phase 4 Initial Routing

Phase 4.1 Initial Net Routing Pass
Phase 4.1 Initial Net Routing Pass | Checksum: 1786dc77a

Time (s): cpu = 00:00:25 ; elapsed = 00:00:12 . Memory (MB): peak = 3662.609 ; gain = 0.000 ; free physical = 17215 ; free virtual = 35957
Phase 4 Initial Routing | Checksum: 1786dc77a

Time (s): cpu = 00:00:25 ; elapsed = 00:00:12 . Memory (MB): peak = 3662.609 ; gain = 0.000 ; free physical = 17215 ; free virtual = 35957

Phase 5 Rip-up And Reroute

Phase 5.1 Global Iteration 0
 Number of Nodes with overlaps = 6457
 Number of Nodes with overlaps = 474
 Number of Nodes with overlaps = 175
 Number of Nodes with overlaps = 82
 Number of Nodes with overlaps = 27
 Number of Nodes with overlaps = 10
 Number of Nodes with overlaps = 3
 Number of Nodes with overlaps = 0
INFO: [Route 35-416] Intermediate Timing Summary | WNS=0.604  | TNS=0.000  | WHS=N/A    | THS=N/A    |

Phase 5.1 Global Iteration 0 | Checksum: 21ebe6eb5

Time (s): cpu = 00:00:43 ; elapsed = 00:00:23 . Memory (MB): peak = 3662.609 ; gain = 0.000 ; free physical = 17222 ; free virtual = 35963

Phase 5.2 Global Iteration 1
 Number of Nodes with overlaps = 1
 Number of Nodes with overlaps = 0
INFO: [Route 35-416] Intermediate Timing Summary | WNS=0.604  | TNS=0.000  | WHS=N/A    | THS=N/A    |

Phase 5.2 Global Iteration 1 | Checksum: 1c83abbd0

Time (s): cpu = 00:00:43 ; elapsed = 00:00:23 . Memory (MB): peak = 3662.609 ; gain = 0.000 ; free physical = 17222 ; free virtual = 35963
Phase 5 Rip-up And Reroute | Checksum: 1c83abbd0

Time (s): cpu = 00:00:43 ; elapsed = 00:00:23 . Memory (MB): peak = 3662.609 ; gain = 0.000 ; free physical = 17222 ; free virtual = 35963

Phase 6 Delay and Skew Optimization

Phase 6.1 Delay CleanUp
Phase 6.1 Delay CleanUp | Checksum: 1c83abbd0

Time (s): cpu = 00:00:44 ; elapsed = 00:00:23 . Memory (MB): peak = 3662.609 ; gain = 0.000 ; free physical = 17222 ; free virtual = 35963

Phase 6.2 Clock Skew Optimization
Phase 6.2 Clock Skew Optimization | Checksum: 1c83abbd0

Time (s): cpu = 00:00:44 ; elapsed = 00:00:23 . Memory (MB): peak = 3662.609 ; gain = 0.000 ; free physical = 17222 ; free virtual = 35963
Phase 6 Delay and Skew Optimization | Checksum: 1c83abbd0

Time (s): cpu = 00:00:44 ; elapsed = 00:00:23 . Memory (MB): peak = 3662.609 ; gain = 0.000 ; free physical = 17222 ; free virtual = 35963

Phase 7 Post Hold Fix

Phase 7.1 Hold Fix Iter
INFO: [Route 35-416] Intermediate Timing Summary | WNS=0.683  | TNS=0.000  | WHS=0.031  | THS=0.000  |

Phase 7.1 Hold Fix Iter | Checksum: 232ed28d2

Time (s): cpu = 00:00:45 ; elapsed = 00:00:23 . Memory (MB): peak = 3662.609 ; gain = 0.000 ; free physical = 17222 ; free virtual = 35963
Phase 7 Post Hold Fix | Checksum: 232ed28d2

Time (s): cpu = 00:00:45 ; elapsed = 00:00:23 . Memory (MB): peak = 3662.609 ; gain = 0.000 ; free physical = 17222 ; free virtual = 35963

Phase 8 Route finalize

Router Utilization Summary
  Global Vertical Routing Utilization    = 25.0089 %
  Global Horizontal Routing Utilization  = 28.2488 %
  Routable Net Status*
  *Does not include unroutable nets such as driverless and loadless.
  Run report_route_status for detailed report.
  Number of Failed Nets               = 0
    (Failed Nets is the sum of unrouted and partially routed nets)
  Number of Unrouted Nets             = 0
  Number of Partially Routed Nets     = 0
  Number of Node Overlaps             = 0

Phase 8 Route finalize | Checksum: 232ed28d2

Time (s): cpu = 00:00:45 ; elapsed = 00:00:23 . Memory (MB): peak = 3662.609 ; gain = 0.000 ; free physical = 17222 ; free virtual = 35963

Phase 9 Verifying routed nets

 Verification completed successfully
Phase 9 Verifying routed nets | Checksum: 232ed28d2

Time (s): cpu = 00:00:45 ; elapsed = 00:00:23 . Memory (MB): peak = 3662.609 ; gain = 0.000 ; free physical = 17222 ; free virtual = 35963

Phase 10 Depositing Routes
Phase 10 Depositing Routes | Checksum: 2c281ce5c

Time (s): cpu = 00:00:47 ; elapsed = 00:00:24 . Memory (MB): peak = 3662.609 ; gain = 0.000 ; free physical = 17222 ; free virtual = 35963

Phase 11 Post Process Routing
Phase 11 Post Process Routing | Checksum: 2c281ce5c

Time (s): cpu = 00:00:47 ; elapsed = 00:00:24 . Memory (MB): peak = 3662.609 ; gain = 0.000 ; free physical = 17226 ; free virtual = 35967

Phase 12 Post Router Timing
INFO: [Route 35-20] Post Routing Timing Summary | WNS=0.654  | TNS=0.000  | WHS=0.031  | THS=0.000  |

Phase 12 Post Router Timing | Checksum: 2bab89eb7

Time (s): cpu = 00:00:52 ; elapsed = 00:00:26 . Memory (MB): peak = 3662.609 ; gain = 0.000 ; free physical = 17224 ; free virtual = 35966
INFO: [Route 35-61] The design met the timing requirement.
Total Elapsed time in route_design: 25.85 secs

Phase 13 Post-Route Event Processing
Phase 13 Post-Route Event Processing | Checksum: 124d7e499

Time (s): cpu = 00:00:52 ; elapsed = 00:00:26 . Memory (MB): peak = 3662.609 ; gain = 0.000 ; free physical = 17224 ; free virtual = 35966
INFO: [Route 35-16] Router Completed Successfully
Ending Routing Task | Checksum: 124d7e499

Time (s): cpu = 00:00:52 ; elapsed = 00:00:26 . Memory (MB): peak = 3662.609 ; gain = 0.000 ; free physical = 17224 ; free virtual = 35966

Routing Is Done.
INFO: [Common 17-83] Releasing license: Implementation
11 Infos, 0 Warnings, 0 Critical Warnings and 0 Errors encountered.
route_design completed successfully
route_design: Time (s): cpu = 00:00:52 ; elapsed = 00:00:26 . Memory (MB): peak = 3662.609 ; gain = 0.000 ; free physical = 17224 ; free virtual = 35966
# report_route_status -file $outputDir/post_route_status.rpt
# report_timing_summary -file $outputDir/post_route_timing_summary.rpt
# report_timing -file $outputDir/post_route_timing.rpt
INFO: [Timing 38-78] ReportTimingParams: -max_paths 1 -nworst 1 -delay_type max -sort_by slack.
# report_power -file $outputDir/post_route_power.rpt
Command: report_power -file obj/post_route_power.rpt
Running Vector-less Activity Propagation...

Finished Running Vector-less Activity Propagation
0 Infos, 0 Warnings, 0 Critical Warnings and 0 Errors encountered.
report_power completed successfully
# report_drc -file $outputDir/post_imp_drc.rpt
Command: report_drc -file obj/post_imp_drc.rpt
INFO: [IP_Flow 19-234] Refreshing IP repositories
INFO: [IP_Flow 19-1704] No user IP repositories specified
INFO: [IP_Flow 19-2313] Loaded Vivado IP repository '/tools/Xilinx/2025.1/Vivado/data/ip'.
INFO: [DRC 23-27] Running DRC with 4 threads
INFO: [Vivado_Tcl 2-168] The results of DRC are in file /home/fpga/worker_place/temp/temp/2149e6250ea2416f9709528b5c2d76f6/obj/post_imp_drc.rpt.
report_drc completed successfully
# write_bitstream -force $outputDir/final.bit
Command: write_bitstream -force obj/final.bit
Attempting to get a license for feature 'Implementation' and/or device 'xc7s50'
INFO: [Common 17-349] Got license for feature 'Implementation' and/or device 'xc7s50'
Running DRC as a precondition to command write_bitstream
INFO: [IP_Flow 19-1839] IP Catalog is up to date.
INFO: [DRC 23-27] Running DRC with 4 threads
INFO: [Vivado 12-3199] DRC finished with 0 Errors
INFO: [Vivado 12-3200] Please refer to the DRC report (report_drc) for more information.
INFO: [Designutils 20-2272] Running write_bitstream with 4 threads.
Loading data files...
Loading site data...
Loading route data...
Processing options...
Creating bitmap...
Creating bitstream...
Writing bitstream obj/final.bit...
INFO: [Vivado 12-1842] Bitgen Completed Successfully.
INFO: [Common 17-83] Releasing license: Implementation
8 Infos, 0 Warnings, 0 Critical Warnings and 0 Errors encountered.
write_bitstream completed successfully
write_bitstream: Time (s): cpu = 00:00:19 ; elapsed = 00:00:27 . Memory (MB): peak = 3667.680 ; gain = 5.070 ; free physical = 17136 ; free virtual = 35879
INFO: [Common 17-206] Exiting Vivado at Wed Feb 25 07:40:09 2026...
