0
310
620
930
C40
F50
1260
1570
1880
1B90
1EA0
21B0
24C0
27D0
2AE0
2DF0
3100
3410
3720
3A30
3D40
4050
4360
4670
4980
4C90
4FA0
52B0
55C0
58D0
5BE0
5EF0
6200
6510
6820
6B30
6E40
7150
7460
7770
7A80
7D90
80A0
83B0
86C0
89D0
8CE0
8FF0
9300
9610
1
311
621
931
C41
F51
1261
1571
1881
1B91
1EA1
21B1
24C1
27D1
2AE1
2DF1
3101
3411
3721
3A31
3D41
4051
4361
4671
4981
4C91
4FA1
52B1
55C1
58D1
5BE1
5EF1
6201
6511
6821
6B31
6E41
7151
7461
7771
7A81
7D91
80A1
83B1
86C1
89D1
8CE1
8FF1
9301
9611
2
312
622
932
C42
F52
1262
1572
1882
1B92
1EA2
21B2
24C2
27D2
2AE2
2DF2
3102
3412
3722
3A32
3D42
4052
4362
4672
4982
4C92
4FA2
52B2
55C2
58D2
5BE2
5EF2
6202
6512
6822
6B32
6E42
7152
7462
7772
7A82
7D92
80A2
83B2
86C2
89D2
8CE2
8FF2
9302
9612
3
313
623
933
C43
F53
1263
1573
1883
1B93
1EA3
21B3
24C3
27D3
2AE3
2DF3
3103
3413
3723
3A33
3D43
4053
4363
4673
4983
4C93
4FA3
52B3
55C3
58D3
5BE3
5EF3
6203
6513
6823
6B33
6E43
7153
7463
7773
7A83
7D93
80A3
83B3
86C3
89D3
8CE3
8FF3
9303
9613
4
314
624
934
C44
F54
1264
1574
1884
1B94
1EA4
21B4
24C4
27D4
2AE4
2DF4
3104
3414
3724
3A34
3D44
4054
4364
4674
4984
4C94
4FA4
52B4
55C4
58D4
5BE4
5EF4
6204
6514
6824
6B34
6E44
7154
7464
7774
7A84
7D94
80A4
83B4
86C4
89D4
8CE4
8FF4
9304
9614
5
315
625
935
C45
F55
1265
1575
1885
1B95
1EA5
21B5
24C5
27D5
2AE5
2DF5
3105
3415
3725
3A35
3D45
4055
4365
4675
4985
4C95
4FA5
52B5
55C5
58D5
5BE5
5EF5
6205
6515
6825
6B35
6E45
7155
7465
7775
7A85
7D95
80A5
83B5
86C5
89D5
8CE5
8FF5
9305
9615
6
316
626
936
C46
F56
1266
1576
1886
1B96
1EA6
21B6
24C6
27D6
2AE6
2DF6
3106
3416
3726
3A36
3D46
4056
4366
4676
4986
4C96
4FA6
52B6
55C6
58D6
5BE6
5EF6
6206
6516
6826
6B36
6E46
7156
7466
7776
7A86
7D96
80A6
83B6
86C6
89D6
8CE6
8FF6
9306
9616
7
317
627
937
C47
F57
1267
1577
1887
1B97
1EA7
21B7
24C7
27D7
2AE7
2DF7
3107
3417
3727
3A37
3D47
4057
4367
4677
4987
4C97
4FA7
52B7
55C7
58D7
5BE7
5EF7
6207
6517
6827
6B37
6E47
7157
7467
7777
7A87
7D97
80A7
83B7
86C7
89D7
8CE7
8FF7
9307
9617
8
318
628
938
C48
F58
1268
1578
1888
1B98
1EA8
21B8
24C8
27D8
2AE8
2DF8
3108
3418
3728
3A38
3D48
4058
4368
4678
4988
4C98
4FA8
52B8
55C8
58D8
5BE8
5EF8
6208
6518
6828
6B38
6E48
7158
7468
7778
7A88
7D98
80A8
83B8
86C8
89D8
8CE8
8FF8
9308
9618
9
319
629
939
C49
F59
1269
1579
1889
1B99
1EA9
21B9
24C9
27D9
2AE9
2DF9
3109
3419
3729
3A39
3D49
4059
4369
4679
4989
4C99
4FA9
52B9
55C9
58D9
5BE9
5EF9
6209
6519
6829
6B39
6E49
7159
7469
7779
7A89
7D99
80A9
83B9
86C9
89D9
8CE9
8FF9
9309
9619
A
31A
62A
93A
C4A
F5A
126A
157A
188A
1B9A
1EAA
21BA
24CA
27DA
2AEA
2DFA
310A
341A
372A
3A3A
3D4A
405A
436A
467A
498A
4C9A
4FAA
52BA
55CA
58DA
5BEA
5EFA
620A
651A
682A
6B3A
6E4A
715A
746A
777A
7A8A
7D9A
80AA
83BA
86CA
89DA
8CEA
8FFA
930A
961A
B
31B
62B
93B
C4B
F5B
126B
157B
188B
1B9B
1EAB
21BB
24CB
27DB
2AEB
2DFB
310B
341B
372B
3A3B
3D4B
405B
436B
467B
498B
4C9B
4FAB
52BB
55CB
58DB
5BEB
5EFB
620B
651B
682B
6B3B
6E4B
715B
746B
777B
7A8B
7D9B
80AB
83BB
86CB
89DB
8CEB
8FFB
930B
961B
C
31C
62C
93C
C4C
F5C
126C
157C
188C
1B9C
1EAC
21BC
24CC
27DC
2AEC
2DFC
310C
341C
372C
3A3C
3D4C
405C
436C
467C
498C
4C9C
4FAC
52BC
55CC
58DC
5BEC
5EFC
620C
651C
682C
6B3C
6E4C
715C
746C
777C
7A8C
7D9C
80AC
83BC
86CC
89DC
8CEC
8FFC
930C
961C
D
31D
62D
93D
C4D
F5D
126D
157D
188D
1B9D
1EAD
21BD
24CD
27DD
2AED
2DFD
310D
341D
372D
3A3D
3D4D
405D
436D
467D
498D
4C9D
4FAD
52BD
55CD
58DD
5BED
5EFD
620D
651D
682D
6B3D
6E4D
715D
746D
777D
7A8D
7D9D
80AD
83BD
86CD
89DD
8CED
8FFD
930D
961D
E
31E
62E
93E
C4E
F5E
126E
157E
188E
1B9E
1EAE
21BE
24CE
27DE
2AEE
2DFE
310E
341E
372E
3A3E
3D4E
405E
436E
467E
498E
4C9E
4FAE
52BE
55CE
58DE
5BEE
5EFE
620E
651E
682E
6B3E
6E4E
715E
746E
777E
7A8E
7D9E
80AE
83BE
86CE
89DE
8CEE
8FFE
930E
961E
F
31F
62F
93F
C4F
F5F
126F
157F
188F
1B9F
1EAF
21BF
24CF
27DF
2AEF
2DFF
310F
341F
372F
3A3F
3D4F
405F
436F
467F
498F
4C9F
4FAF
52BF
55CF
58DF
5BEF
5EFF
620F
651F
682F
6B3F
6E4F
715F
746F
777F
7A8F
7D9F
80AF
83BF
86CF
89DF
8CEF
8FFF
930F
961F
10
320
630
940
C50
F60
1270
1580
1890
1BA0
1EB0
21C0
24D0
27E0
2AF0
2E00
3110
3420
3730
3A40
3D50
4060
4370
4680
4990
4CA0
4FB0
52C0
55D0
58E0
5BF0
5F00
6210
6520
6830
6B40
6E50
7160
7470
7780
7A90
7DA0
80B0
83C0
86D0
89E0
8CF0
9000
9310
9620
11
321
631
941
C51
F61
1271
1581
1891
1BA1
1EB1
21C1
24D1
27E1
2AF1
2E01
3111
3421
3731
3A41
3D51
4061
4371
4681
4991
4CA1
4FB1
52C1
55D1
58E1
5BF1
5F01
6211
6521
6831
6B41
6E51
7161
7471
7781
7A91
7DA1
80B1
83C1
86D1
89E1
8CF1
9001
9311
9621
12
322
632
942
C52
F62
1272
1582
1892
1BA2
1EB2
21C2
24D2
27E2
2AF2
2E02
3112
3422
3732
3A42
3D52
4062
4372
4682
4992
4CA2
4FB2
52C2
55D2
58E2
5BF2
5F02
6212
6522
6832
6B42
6E52
7162
7472
7782
7A92
7DA2
80B2
83C2
86D2
89E2
8CF2
9002
9312
9622
13
323
633
943
C53
F63
1273
1583
1893
1BA3
1EB3
21C3
24D3
27E3
2AF3
2E03
3113
3423
3733
3A43
3D53
4063
4373
4683
4993
4CA3
4FB3
52C3
55D3
58E3
5BF3
5F03
6213
6523
6833
6B43
6E53
7163
7473
7783
7A93
7DA3
80B3
83C3
86D3
89E3
8CF3
9003
9313
9623
14
324
634
944
C54
F64
1274
1584
1894
1BA4
1EB4
21C4
24D4
27E4
2AF4
2E04
3114
3424
3734
3A44
3D54
4064
4374
4684
4994
4CA4
4FB4
52C4
55D4
58E4
5BF4
5F04
6214
6524
6834
6B44
6E54
7164
7474
7784
7A94
7DA4
80B4
83C4
86D4
89E4
8CF4
9004
9314
9624
15
325
635
945
C55
F65
1275
1585
1895
1BA5
1EB5
21C5
24D5
27E5
2AF5
2E05
3115
3425
3735
3A45
3D55
4065
4375
4685
4995
4CA5
4FB5
52C5
55D5
58E5
5BF5
5F05
6215
6525
6835
6B45
6E55
7165
7475
7785
7A95
7DA5
80B5
83C5
86D5
89E5
8CF5
9005
9315
9625
16
326
636
946
C56
F66
1276
1586
1896
1BA6
1EB6
21C6
24D6
27E6
2AF6
2E06
3116
3426
3736
3A46
3D56
4066
4376
4686
4996
4CA6
4FB6
52C6
55D6
58E6
5BF6
5F06
6216
6526
6836
6B46
6E56
7166
7476
7786
7A96
7DA6
80B6
83C6
86D6
89E6
8CF6
9006
9316
9626
17
327
637
947
C57
F67
1277
1587
1897
1BA7
1EB7
21C7
24D7
27E7
2AF7
2E07
3117
3427
3737
3A47
3D57
4067
4377
4687
4997
4CA7
4FB7
52C7
55D7
58E7
5BF7
5F07
6217
6527
6837
6B47
6E57
7167
7477
7787
7A97
7DA7
80B7
83C7
86D7
89E7
8CF7
9007
9317
9627
18
328
638
948
C58
F68
1278
1588
1898
1BA8
1EB8
21C8
24D8
27E8
2AF8
2E08
3118
3428
3738
3A48
3D58
4068
4378
4688
4998
4CA8
4FB8
52C8
55D8
58E8
5BF8
5F08
6218
6528
6838
6B48
6E58
7168
7478
7788
7A98
7DA8
80B8
83C8
86D8
89E8
8CF8
9008
9318
9628
19
329
639
949
C59
F69
1279
1589
1899
1BA9
1EB9
21C9
24D9
27E9
2AF9
2E09
3119
3429
3739
3A49
3D59
4069
4379
4689
4999
4CA9
4FB9
52C9
55D9
58E9
5BF9
5F09
6219
6529
6839
6B49
6E59
7169
7479
7789
7A99
7DA9
80B9
83C9
86D9
89E9
8CF9
9009
9319
9629
1A
32A
63A
94A
C5A
F6A
127A
158A
189A
1BAA
1EBA
21CA
24DA
27EA
2AFA
2E0A
311A
342A
373A
3A4A
3D5A
406A
437A
468A
499A
4CAA
4FBA
52CA
55DA
58EA
5BFA
5F0A
621A
652A
683A
6B4A
6E5A
716A
747A
778A
7A9A
7DAA
80BA
83CA
86DA
89EA
8CFA
900A
931A
962A
1B
32B
63B
94B
C5B
F6B
127B
158B
189B
1BAB
1EBB
21CB
24DB
27EB
2AFB
2E0B
311B
342B
373B
3A4B
3D5B
406B
437B
468B
499B
4CAB
4FBB
52CB
55DB
58EB
5BFB
5F0B
621B
652B
683B
6B4B
6E5B
716B
747B
778B
7A9B
7DAB
80BB
83CB
86DB
89EB
8CFB
900B
931B
962B
1C
32C
63C
94C
C5C
F6C
127C
158C
189C
1BAC
1EBC
21CC
24DC
27EC
2AFC
2E0C
311C
342C
373C
3A4C
3D5C
406C
437C
468C
499C
4CAC
4FBC
52CC
55DC
58EC
5BFC
5F0C
621C
652C
683C
6B4C
6E5C
716C
747C
778C
7A9C
7DAC
80BC
83CC
86DC
89EC
8CFC
900C
931C
962C
1D
32D
63D
94D
C5D
F6D
127D
158D
189D
1BAD
1EBD
21CD
24DD
27ED
2AFD
2E0D
311D
342D
373D
3A4D
3D5D
406D
437D
468D
499D
4CAD
4FBD
52CD
55DD
58ED
5BFD
5F0D
621D
652D
683D
6B4D
6E5D
716D
747D
778D
7A9D
7DAD
80BD
83CD
86DD
89ED
8CFD
900D
931D
962D
1E
32E
63E
94E
C5E
F6E
127E
158E
189E
1BAE
1EBE
21CE
24DE
27EE
2AFE
2E0E
311E
342E
373E
3A4E
3D5E
406E
437E
468E
499E
4CAE
4FBE
52CE
55DE
58EE
5BFE
5F0E
621E
652E
683E
6B4E
6E5E
716E
747E
778E
7A9E
7DAE
80BE
83CE
86DE
89EE
8CFE
900E
931E
962E
1F
32F
63F
94F
C5F
F6F
127F
158F
189F
1BAF
1EBF
21CF
24DF
27EF
2AFF
2E0F
311F
342F
373F
3A4F
3D5F
406F
437F
468F
499F
4CAF
4FBF
52CF
55DF
58EF
5BFF
5F0F
621F
652F
683F
6B4F
6E5F
716F
747F
778F
7A9F
7DAF
80BF
83CF
86DF
89EF
8CFF
900F
931F
962F
20
330
640
950
C60
F70
1280
1590
18A0
1BB0
1EC0
21D0
24E0
27F0
2B00
2E10
3120
3430
3740
3A50
3D60
4070
4380
4690
49A0
4CB0
4FC0
52D0
55E0
58F0
5C00
5F10
6220
6530
6840
6B50
6E60
7170
7480
7790
7AA0
7DB0
80C0
83D0
86E0
89F0
8D00
9010
9320
9630
21
331
641
951
C61
F71
1281
1591
18A1
1BB1
1EC1
21D1
24E1
27F1
2B01
2E11
3121
3431
3741
3A51
3D61
4071
4381
4691
49A1
4CB1
4FC1
52D1
55E1
58F1
5C01
5F11
6221
6531
6841
6B51
6E61
7171
7481
7791
7AA1
7DB1
80C1
83D1
86E1
89F1
8D01
9011
9321
9631
22
332
642
952
C62
F72
1282
1592
18A2
1BB2
1EC2
21D2
24E2
27F2
2B02
2E12
3122
3432
3742
3A52
3D62
4072
4382
4692
49A2
4CB2
4FC2
52D2
55E2
58F2
5C02
5F12
6222
6532
6842
6B52
6E62
7172
7482
7792
7AA2
7DB2
80C2
83D2
86E2
89F2
8D02
9012
9322
9632
23
333
643
953
C63
F73
1283
1593
18A3
1BB3
1EC3
21D3
24E3
27F3
2B03
2E13
3123
3433
3743
3A53
3D63
4073
4383
4693
49A3
4CB3
4FC3
52D3
55E3
58F3
5C03
5F13
6223
6533
6843
6B53
6E63
7173
7483
7793
7AA3
7DB3
80C3
83D3
86E3
89F3
8D03
9013
9323
9633
24
334
644
954
C64
F74
1284
1594
18A4
1BB4
1EC4
21D4
24E4
27F4
2B04
2E14
3124
3434
3744
3A54
3D64
4074
4384
4694
49A4
4CB4
4FC4
52D4
55E4
58F4
5C04
5F14
6224
6534
6844
6B54
6E64
7174
7484
7794
7AA4
7DB4
80C4
83D4
86E4
89F4
8D04
9014
9324
9634
25
335
645
955
C65
F75
1285
1595
18A5
1BB5
1EC5
21D5
24E5
27F5
2B05
2E15
3125
3435
3745
3A55
3D65
4075
4385
4695
49A5
4CB5
4FC5
52D5
55E5
58F5
5C05
5F15
6225
6535
6845
6B55
6E65
7175
7485
7795
7AA5
7DB5
80C5
83D5
86E5
89F5
8D05
9015
9325
9635
26
336
646
956
C66
F76
1286
1596
18A6
1BB6
1EC6
21D6
24E6
27F6
2B06
2E16
3126
3436
3746
3A56
3D66
4076
4386
4696
49A6
4CB6
4FC6
52D6
55E6
58F6
5C06
5F16
6226
6536
6846
6B56
6E66
7176
7486
7796
7AA6
7DB6
80C6
83D6
86E6
89F6
8D06
9016
9326
9636
27
337
647
957
C67
F77
1287
1597
18A7
1BB7
1EC7
21D7
24E7
27F7
2B07
2E17
3127
3437
3747
3A57
3D67
4077
4387
4697
49A7
4CB7
4FC7
52D7
55E7
58F7
5C07
5F17
6227
6537
6847
6B57
6E67
7177
7487
7797
7AA7
7DB7
80C7
83D7
86E7
89F7
8D07
9017
9327
9637
28
338
648
958
C68
F78
1288
1598
18A8
1BB8
1EC8
21D8
24E8
27F8
2B08
2E18
3128
3438
3748
3A58
3D68
4078
4388
4698
49A8
4CB8
4FC8
52D8
55E8
58F8
5C08
5F18
6228
6538
6848
6B58
6E68
7178
7488
7798
7AA8
7DB8
80C8
83D8
86E8
89F8
8D08
9018
9328
9638
29
339
649
959
C69
F79
1289
1599
18A9
1BB9
1EC9
21D9
24E9
27F9
2B09
2E19
3129
3439
3749
3A59
3D69
4079
4389
4699
49A9
4CB9
4FC9
52D9
55E9
58F9
5C09
5F19
6229
6539
6849
6B59
6E69
7179
7489
7799
7AA9
7DB9
80C9
83D9
86E9
89F9
8D09
9019
9329
9639
2A
33A
64A
95A
C6A
F7A
128A
159A
18AA
1BBA
1ECA
21DA
24EA
27FA
2B0A
2E1A
312A
343A
374A
3A5A
3D6A
407A
438A
469A
49AA
4CBA
4FCA
52DA
55EA
58FA
5C0A
5F1A
622A
653A
684A
6B5A
6E6A
717A
748A
779A
7AAA
7DBA
80CA
83DA
86EA
89FA
8D0A
901A
932A
963A
2B
33B
64B
95B
C6B
F7B
128B
159B
18AB
1BBB
1ECB
21DB
24EB
27FB
2B0B
2E1B
312B
343B
374B
3A5B
3D6B
407B
438B
469B
49AB
4CBB
4FCB
52DB
55EB
58FB
5C0B
5F1B
622B
653B
684B
6B5B
6E6B
717B
748B
779B
7AAB
7DBB
80CB
83DB
86EB
89FB
8D0B
901B
932B
963B
2C
33C
64C
95C
C6C
F7C
128C
159C
18AC
1BBC
1ECC
21DC
24EC
27FC
2B0C
2E1C
312C
343C
374C
3A5C
3D6C
407C
438C
469C
49AC
4CBC
4FCC
52DC
55EC
58FC
5C0C
5F1C
622C
653C
684C
6B5C
6E6C
717C
748C
779C
7AAC
7DBC
80CC
83DC
86EC
89FC
8D0C
901C
932C
963C
2D
33D
64D
95D
C6D
F7D
128D
159D
18AD
1BBD
1ECD
21DD
24ED
27FD
2B0D
2E1D
312D
343D
374D
3A5D
3D6D
407D
438D
469D
49AD
4CBD
4FCD
52DD
55ED
58FD
5C0D
5F1D
622D
653D
684D
6B5D
6E6D
717D
748D
779D
7AAD
7DBD
80CD
83DD
86ED
89FD
8D0D
901D
932D
963D
2E
33E
64E
95E
C6E
F7E
128E
159E
18AE
1BBE
1ECE
21DE
24EE
27FE
2B0E
2E1E
312E
343E
374E
3A5E
3D6E
407E
438E
469E
49AE
4CBE
4FCE
52DE
55EE
58FE
5C0E
5F1E
622E
653E
684E
6B5E
6E6E
717E
748E
779E
7AAE
7DBE
80CE
83DE
86EE
89FE
8D0E
901E
932E
963E
2F
33F
64F
95F
C6F
F7F
128F
159F
18AF
1BBF
1ECF
21DF
24EF
27FF
2B0F
2E1F
312F
343F
374F
3A5F
3D6F
407F
438F
469F
49AF
4CBF
4FCF
52DF
55EF
58FF
5C0F
5F1F
622F
653F
684F
6B5F
6E6F
717F
748F
779F
7AAF
7DBF
80CF
83DF
86EF
89FF
8D0F
901F
932F
963F
30
340
650
960
C70
F80
1290
15A0
18B0
1BC0
1ED0
21E0
24F0
2800
2B10
2E20
3130
3440
3750
3A60
3D70
4080
4390
46A0
49B0
4CC0
4FD0
52E0
55F0
5900
5C10
5F20
6230
6540
6850
6B60
6E70
7180
7490
77A0
7AB0
7DC0
80D0
83E0
86F0
8A00
8D10
9020
9330
9640
31
341
651
961
C71
F81
1291
15A1
18B1
1BC1
1ED1
21E1
24F1
2801
2B11
2E21
3131
3441
3751
3A61
3D71
4081
4391
46A1
49B1
4CC1
4FD1
52E1
55F1
5901
5C11
5F21
6231
6541
6851
6B61
6E71
7181
7491
77A1
7AB1
7DC1
80D1
83E1
86F1
8A01
8D11
9021
9331
9641
32
342
652
962
C72
F82
1292
15A2
18B2
1BC2
1ED2
21E2
24F2
2802
2B12
2E22
3132
3442
3752
3A62
3D72
4082
4392
46A2
49B2
4CC2
4FD2
52E2
55F2
5902
5C12
5F22
6232
6542
6852
6B62
6E72
7182
7492
77A2
7AB2
7DC2
80D2
83E2
86F2
8A02
8D12
9022
9332
9642
33
343
653
963
C73
F83
1293
15A3
18B3
1BC3
1ED3
21E3
24F3
2803
2B13
2E23
3133
3443
3753
3A63
3D73
4083
4393
46A3
49B3
4CC3
4FD3
52E3
55F3
5903
5C13
5F23
6233
6543
6853
6B63
6E73
7183
7493
77A3
7AB3
7DC3
80D3
83E3
86F3
8A03
8D13
9023
9333
9643
34
344
654
964
C74
F84
1294
15A4
18B4
1BC4
1ED4
21E4
24F4
2804
2B14
2E24
3134
3444
3754
3A64
3D74
4084
4394
46A4
49B4
4CC4
4FD4
52E4
55F4
5904
5C14
5F24
6234
6544
6854
6B64
6E74
7184
7494
77A4
7AB4
7DC4
80D4
83E4
86F4
8A04
8D14
9024
9334
9644
35
345
655
965
C75
F85
1295
15A5
18B5
1BC5
1ED5
21E5
24F5
2805
2B15
2E25
3135
3445
3755
3A65
3D75
4085
4395
46A5
49B5
4CC5
4FD5
52E5
55F5
5905
5C15
5F25
6235
6545
6855
6B65
6E75
7185
7495
77A5
7AB5
7DC5
80D5
83E5
86F5
8A05
8D15
9025
9335
9645
36
346
656
966
C76
F86
1296
15A6
18B6
1BC6
1ED6
21E6
24F6
2806
2B16
2E26
3136
3446
3756
3A66
3D76
4086
4396
46A6
49B6
4CC6
4FD6
52E6
55F6
5906
5C16
5F26
6236
6546
6856
6B66
6E76
7186
7496
77A6
7AB6
7DC6
80D6
83E6
86F6
8A06
8D16
9026
9336
9646
37
347
657
967
C77
F87
1297
15A7
18B7
1BC7
1ED7
21E7
24F7
2807
2B17
2E27
3137
3447
3757
3A67
3D77
4087
4397
46A7
49B7
4CC7
4FD7
52E7
55F7
5907
5C17
5F27
6237
6547
6857
6B67
6E77
7187
7497
77A7
7AB7
7DC7
80D7
83E7
86F7
8A07
8D17
9027
9337
9647
38
348
658
968
C78
F88
1298
15A8
18B8
1BC8
1ED8
21E8
24F8
2808
2B18
2E28
3138
3448
3758
3A68
3D78
4088
4398
46A8
49B8
4CC8
4FD8
52E8
55F8
5908
5C18
5F28
6238
6548
6858
6B68
6E78
7188
7498
77A8
7AB8
7DC8
80D8
83E8
86F8
8A08
8D18
9028
9338
9648
39
349
659
969
C79
F89
1299
15A9
18B9
1BC9
1ED9
21E9
24F9
2809
2B19
2E29
3139
3449
3759
3A69
3D79
4089
4399
46A9
49B9
4CC9
4FD9
52E9
55F9
5909
5C19
5F29
6239
6549
6859
6B69
6E79
7189
7499
77A9
7AB9
7DC9
80D9
83E9
86F9
8A09
8D19
9029
9339
9649
3A
34A
65A
96A
C7A
F8A
129A
15AA
18BA
1BCA
1EDA
21EA
24FA
280A
2B1A
2E2A
313A
344A
375A
3A6A
3D7A
408A
439A
46AA
49BA
4CCA
4FDA
52EA
55FA
590A
5C1A
5F2A
623A
654A
685A
6B6A
6E7A
718A
749A
77AA
7ABA
7DCA
80DA
83EA
86FA
8A0A
8D1A
902A
933A
964A
3B
34B
65B
96B
C7B
F8B
129B
15AB
18BB
1BCB
1EDB
21EB
24FB
280B
2B1B
2E2B
313B
344B
375B
3A6B
3D7B
408B
439B
46AB
49BB
4CCB
4FDB
52EB
55FB
590B
5C1B
5F2B
623B
654B
685B
6B6B
6E7B
718B
749B
77AB
7ABB
7DCB
80DB
83EB
86FB
8A0B
8D1B
902B
933B
964B
3C
34C
65C
96C
C7C
F8C
129C
15AC
18BC
1BCC
1EDC
21EC
24FC
280C
2B1C
2E2C
313C
344C
375C
3A6C
3D7C
408C
439C
46AC
49BC
4CCC
4FDC
52EC
55FC
590C
5C1C
5F2C
623C
654C
685C
6B6C
6E7C
718C
749C
77AC
7ABC
7DCC
80DC
83EC
86FC
8A0C
8D1C
902C
933C
964C
3D
34D
65D
96D
C7D
F8D
129D
15AD
18BD
1BCD
1EDD
21ED
24FD
280D
2B1D
2E2D
313D
344D
375D
3A6D
3D7D
408D
439D
46AD
49BD
4CCD
4FDD
52ED
55FD
590D
5C1D
5F2D
623D
654D
685D
6B6D
6E7D
718D
749D
77AD
7ABD
7DCD
80DD
83ED
86FD
8A0D
8D1D
902D
933D
964D
3E
34E
65E
96E
C7E
F8E
129E
15AE
18BE
1BCE
1EDE
21EE
24FE
280E
2B1E
2E2E
313E
344E
375E
3A6E
3D7E
408E
439E
46AE
49BE
4CCE
4FDE
52EE
55FE
590E
5C1E
5F2E
623E
654E
685E
6B6E
6E7E
718E
749E
77AE
7ABE
7DCE
80DE
83EE
86FE
8A0E
8D1E
902E
933E
964E
3F
34F
65F
96F
C7F
F8F
129F
15AF
18BF
1BCF
1EDF
21EF
24FF
280F
2B1F
2E2F
313F
344F
375F
3A6F
3D7F
408F
439F
46AF
49BF
4CCF
4FDF
52EF
55FF
590F
5C1F
5F2F
623F
654F
685F
6B6F
6E7F
718F
749F
77AF
7ABF
7DCF
80DF
83EF
86FF
8A0F
8D1F
902F
933F
964F
40
350
660
970
C80
F90
12A0
15B0
18C0
1BD0
1EE0
21F0
2500
2810
2B20
2E30
3140
3450
3760
3A70
3D80
4090
43A0
46B0
49C0
4CD0
4FE0
52F0
5600
5910
5C20
5F30
6240
6550
6860
6B70
6E80
7190
74A0
77B0
7AC0
7DD0
80E0
83F0
8700
8A10
8D20
9030
9340
9650
41
351
661
971
C81
F91
12A1
15B1
18C1
1BD1
1EE1
21F1
2501
2811
2B21
2E31
3141
3451
3761
3A71
3D81
4091
43A1
46B1
49C1
4CD1
4FE1
52F1
5601
5911
5C21
5F31
6241
6551
6861
6B71
6E81
7191
74A1
77B1
7AC1
7DD1
80E1
83F1
8701
8A11
8D21
9031
9341
9651
42
352
662
972
C82
F92
12A2
15B2
18C2
1BD2
1EE2
21F2
2502
2812
2B22
2E32
3142
3452
3762
3A72
3D82
4092
43A2
46B2
49C2
4CD2
4FE2
52F2
5602
5912
5C22
5F32
6242
6552
6862
6B72
6E82
7192
74A2
77B2
7AC2
7DD2
80E2
83F2
8702
8A12
8D22
9032
9342
9652
43
353
663
973
C83
F93
12A3
15B3
18C3
1BD3
1EE3
21F3
2503
2813
2B23
2E33
3143
3453
3763
3A73
3D83
4093
43A3
46B3
49C3
4CD3
4FE3
52F3
5603
5913
5C23
5F33
6243
6553
6863
6B73
6E83
7193
74A3
77B3
7AC3
7DD3
80E3
83F3
8703
8A13
8D23
9033
9343
9653
44
354
664
974
C84
F94
12A4
15B4
18C4
1BD4
1EE4
21F4
2504
2814
2B24
2E34
3144
3454
3764
3A74
3D84
4094
43A4
46B4
49C4
4CD4
4FE4
52F4
5604
5914
5C24
5F34
6244
6554
6864
6B74
6E84
7194
74A4
77B4
7AC4
7DD4
80E4
83F4
8704
8A14
8D24
9034
9344
9654
45
355
665
975
C85
F95
12A5
15B5
18C5
1BD5
1EE5
21F5
2505
2815
2B25
2E35
3145
3455
3765
3A75
3D85
4095
43A5
46B5
49C5
4CD5
4FE5
52F5
5605
5915
5C25
5F35
6245
6555
6865
6B75
6E85
7195
74A5
77B5
7AC5
7DD5
80E5
83F5
8705
8A15
8D25
9035
9345
9655
46
356
666
976
C86
F96
12A6
15B6
18C6
1BD6
1EE6
21F6
2506
2816
2B26
2E36
3146
3456
3766
3A76
3D86
4096
43A6
46B6
49C6
4CD6
4FE6
52F6
5606
5916
5C26
5F36
6246
6556
6866
6B76
6E86
7196
74A6
77B6
7AC6
7DD6
80E6
83F6
8706
8A16
8D26
9036
9346
9656
47
357
667
977
C87
F97
12A7
15B7
18C7
1BD7
1EE7
21F7
2507
2817
2B27
2E37
3147
3457
3767
3A77
3D87
4097
43A7
46B7
49C7
4CD7
4FE7
52F7
5607
5917
5C27
5F37
6247
6557
6867
6B77
6E87
7197
74A7
77B7
7AC7
7DD7
80E7
83F7
8707
8A17
8D27
9037
9347
9657
48
358
668
978
C88
F98
12A8
15B8
18C8
1BD8
1EE8
21F8
2508
2818
2B28
2E38
3148
3458
3768
3A78
3D88
4098
43A8
46B8
49C8
4CD8
4FE8
52F8
5608
5918
5C28
5F38
6248
6558
6868
6B78
6E88
7198
74A8
77B8
7AC8
7DD8
80E8
83F8
8708
8A18
8D28
9038
9348
9658
49
359
669
979
C89
F99
12A9
15B9
18C9
1BD9
1EE9
21F9
2509
2819
2B29
2E39
3149
3459
3769
3A79
3D89
4099
43A9
46B9
49C9
4CD9
4FE9
52F9
5609
5919
5C29
5F39
6249
6559
6869
6B79
6E89
7199
74A9
77B9
7AC9
7DD9
80E9
83F9
8709
8A19
8D29
9039
9349
9659
4A
35A
66A
97A
C8A
F9A
12AA
15BA
18CA
1BDA
1EEA
21FA
250A
281A
2B2A
2E3A
314A
345A
376A
3A7A
3D8A
409A
43AA
46BA
49CA
4CDA
4FEA
52FA
560A
591A
5C2A
5F3A
624A
655A
686A
6B7A
6E8A
719A
74AA
77BA
7ACA
7DDA
80EA
83FA
870A
8A1A
8D2A
903A
934A
965A
4B
35B
66B
97B
C8B
F9B
12AB
15BB
18CB
1BDB
1EEB
21FB
250B
281B
2B2B
2E3B
314B
345B
376B
3A7B
3D8B
409B
43AB
46BB
49CB
4CDB
4FEB
52FB
560B
591B
5C2B
5F3B
624B
655B
686B
6B7B
6E8B
719B
74AB
77BB
7ACB
7DDB
80EB
83FB
870B
8A1B
8D2B
903B
934B
965B
4C
35C
66C
97C
C8C
F9C
12AC
15BC
18CC
1BDC
1EEC
21FC
250C
281C
2B2C
2E3C
314C
345C
376C
3A7C
3D8C
409C
43AC
46BC
49CC
4CDC
4FEC
52FC
560C
591C
5C2C
5F3C
624C
655C
686C
6B7C
6E8C
719C
74AC
77BC
7ACC
7DDC
80EC
83FC
870C
8A1C
8D2C
903C
934C
965C
4D
35D
66D
97D
C8D
F9D
12AD
15BD
18CD
1BDD
1EED
21FD
250D
281D
2B2D
2E3D
314D
345D
376D
3A7D
3D8D
409D
43AD
46BD
49CD
4CDD
4FED
52FD
560D
591D
5C2D
5F3D
624D
655D
686D
6B7D
6E8D
719D
74AD
77BD
7ACD
7DDD
80ED
83FD
870D
8A1D
8D2D
903D
934D
965D
4E
35E
66E
97E
C8E
F9E
12AE
15BE
18CE
1BDE
1EEE
21FE
250E
281E
2B2E
2E3E
314E
345E
376E
3A7E
3D8E
409E
43AE
46BE
49CE
4CDE
4FEE
52FE
560E
591E
5C2E
5F3E
624E
655E
686E
6B7E
6E8E
719E
74AE
77BE
7ACE
7DDE
80EE
83FE
870E
8A1E
8D2E
903E
934E
965E
4F
35F
66F
97F
C8F
F9F
12AF
15BF
18CF
1BDF
1EEF
21FF
250F
281F
2B2F
2E3F
314F
345F
376F
3A7F
3D8F
409F
43AF
46BF
49CF
4CDF
4FEF
52FF
560F
591F
5C2F
5F3F
624F
655F
686F
6B7F
6E8F
719F
74AF
77BF
7ACF
7DDF
80EF
83FF
870F
8A1F
8D2F
903F
934F
965F
50
360
670
980
C90
FA0
12B0
15C0
18D0
1BE0
1EF0
2200
2510
2820
2B30
2E40
3150
3460
3770
3A80
3D90
40A0
43B0
46C0
49D0
4CE0
4FF0
5300
5610
5920
5C30
5F40
6250
6560
6870
6B80
6E90
71A0
74B0
77C0
7AD0
7DE0
80F0
8400
8710
8A20
8D30
9040
9350
9660
51
361
671
981
C91
FA1
12B1
15C1
18D1
1BE1
1EF1
2201
2511
2821
2B31
2E41
3151
3461
3771
3A81
3D91
40A1
43B1
46C1
49D1
4CE1
4FF1
5301
5611
5921
5C31
5F41
6251
6561
6871
6B81
6E91
71A1
74B1
77C1
7AD1
7DE1
80F1
8401
8711
8A21
8D31
9041
9351
9661
52
362
672
982
C92
FA2
12B2
15C2
18D2
1BE2
1EF2
2202
2512
2822
2B32
2E42
3152
3462
3772
3A82
3D92
40A2
43B2
46C2
49D2
4CE2
4FF2
5302
5612
5922
5C32
5F42
6252
6562
6872
6B82
6E92
71A2
74B2
77C2
7AD2
7DE2
80F2
8402
8712
8A22
8D32
9042
9352
9662
53
363
673
983
C93
FA3
12B3
15C3
18D3
1BE3
1EF3
2203
2513
2823
2B33
2E43
3153
3463
3773
3A83
3D93
40A3
43B3
46C3
49D3
4CE3
4FF3
5303
5613
5923
5C33
5F43
6253
6563
6873
6B83
6E93
71A3
74B3
77C3
7AD3
7DE3
80F3
8403
8713
8A23
8D33
9043
9353
9663
54
364
674
984
C94
FA4
12B4
15C4
18D4
1BE4
1EF4
2204
2514
2824
2B34
2E44
3154
3464
3774
3A84
3D94
40A4
43B4
46C4
49D4
4CE4
4FF4
5304
5614
5924
5C34
5F44
6254
6564
6874
6B84
6E94
71A4
74B4
77C4
7AD4
7DE4
80F4
8404
8714
8A24
8D34
9044
9354
9664
55
365
675
985
C95
FA5
12B5
15C5
18D5
1BE5
1EF5
2205
2515
2825
2B35
2E45
3155
3465
3775
3A85
3D95
40A5
43B5
46C5
49D5
4CE5
4FF5
5305
5615
5925
5C35
5F45
6255
6565
6875
6B85
6E95
71A5
74B5
77C5
7AD5
7DE5
80F5
8405
8715
8A25
8D35
9045
9355
9665
56
366
676
986
C96
FA6
12B6
15C6
18D6
1BE6
1EF6
2206
2516
2826
2B36
2E46
3156
3466
3776
3A86
3D96
40A6
43B6
46C6
49D6
4CE6
4FF6
5306
5616
5926
5C36
5F46
6256
6566
6876
6B86
6E96
71A6
74B6
77C6
7AD6
7DE6
80F6
8406
8716
8A26
8D36
9046
9356
9666
57
367
677
987
C97
FA7
12B7
15C7
18D7
1BE7
1EF7
2207
2517
2827
2B37
2E47
3157
3467
3777
3A87
3D97
40A7
43B7
46C7
49D7
4CE7
4FF7
5307
5617
5927
5C37
5F47
6257
6567
6877
6B87
6E97
71A7
74B7
77C7
7AD7
7DE7
80F7
8407
8717
8A27
8D37
9047
9357
9667
58
368
678
988
C98
FA8
12B8
15C8
18D8
1BE8
1EF8
2208
2518
2828
2B38
2E48
3158
3468
3778
3A88
3D98
40A8
43B8
46C8
49D8
4CE8
4FF8
5308
5618
5928
5C38
5F48
6258
6568
6878
6B88
6E98
71A8
74B8
77C8
7AD8
7DE8
80F8
8408
8718
8A28
8D38
9048
9358
9668
59
369
679
989
C99
FA9
12B9
15C9
18D9
1BE9
1EF9
2209
2519
2829
2B39
2E49
3159
3469
3779
3A89
3D99
40A9
43B9
46C9
49D9
4CE9
4FF9
5309
5619
5929
5C39
5F49
6259
6569
6879
6B89
6E99
71A9
74B9
77C9
7AD9
7DE9
80F9
8409
8719
8A29
8D39
9049
9359
9669
5A
36A
67A
98A
C9A
FAA
12BA
15CA
18DA
1BEA
1EFA
220A
251A
282A
2B3A
2E4A
315A
346A
377A
3A8A
3D9A
40AA
43BA
46CA
49DA
4CEA
4FFA
530A
561A
592A
5C3A
5F4A
625A
656A
687A
6B8A
6E9A
71AA
74BA
77CA
7ADA
7DEA
80FA
840A
871A
8A2A
8D3A
904A
935A
966A
5B
36B
67B
98B
C9B
FAB
12BB
15CB
18DB
1BEB
1EFB
220B
251B
282B
2B3B
2E4B
315B
346B
377B
3A8B
3D9B
40AB
43BB
46CB
49DB
4CEB
4FFB
530B
561B
592B
5C3B
5F4B
625B
656B
687B
6B8B
6E9B
71AB
74BB
77CB
7ADB
7DEB
80FB
840B
871B
8A2B
8D3B
904B
935B
966B
5C
36C
67C
98C
C9C
FAC
12BC
15CC
18DC
1BEC
1EFC
220C
251C
282C
2B3C
2E4C
315C
346C
377C
3A8C
3D9C
40AC
43BC
46CC
49DC
4CEC
4FFC
530C
561C
592C
5C3C
5F4C
625C
656C
687C
6B8C
6E9C
71AC
74BC
77CC
7ADC
7DEC
80FC
840C
871C
8A2C
8D3C
904C
935C
966C
5D
36D
67D
98D
C9D
FAD
12BD
15CD
18DD
1BED
1EFD
220D
251D
282D
2B3D
2E4D
315D
346D
377D
3A8D
3D9D
40AD
43BD
46CD
49DD
4CED
4FFD
530D
561D
592D
5C3D
5F4D
625D
656D
687D
6B8D
6E9D
71AD
74BD
77CD
7ADD
7DED
80FD
840D
871D
8A2D
8D3D
904D
935D
966D
5E
36E
67E
98E
C9E
FAE
12BE
15CE
18DE
1BEE
1EFE
220E
251E
282E
2B3E
2E4E
315E
346E
377E
3A8E
3D9E
40AE
43BE
46CE
49DE
4CEE
4FFE
530E
561E
592E
5C3E
5F4E
625E
656E
687E
6B8E
6E9E
71AE
74BE
77CE
7ADE
7DEE
80FE
840E
871E
8A2E
8D3E
904E
935E
966E
5F
36F
67F
98F
C9F
FAF
12BF
15CF
18DF
1BEF
1EFF
220F
251F
282F
2B3F
2E4F
315F
346F
377F
3A8F
3D9F
40AF
43BF
46CF
49DF
4CEF
4FFF
530F
561F
592F
5C3F
5F4F
625F
656F
687F
6B8F
6E9F
71AF
74BF
77CF
7ADF
7DEF
80FF
840F
871F
8A2F
8D3F
904F
935F
966F
60
370
680
990
CA0
FB0
12C0
15D0
18E0
1BF0
1F00
2210
2520
2830
2B40
2E50
3160
3470
3780
3A90
3DA0
40B0
43C0
46D0
49E0
4CF0
5000
5310
5620
5930
5C40
5F50
6260
6570
6880
6B90
6EA0
71B0
74C0
77D0
7AE0
7DF0
8100
8410
8720
8A30
8D40
9050
9360
9670
61
371
681
991
CA1
FB1
12C1
15D1
18E1
1BF1
1F01
2211
2521
2831
2B41
2E51
3161
3471
3781
3A91
3DA1
40B1
43C1
46D1
49E1
4CF1
5001
5311
5621
5931
5C41
5F51
6261
6571
6881
6B91
6EA1
71B1
74C1
77D1
7AE1
7DF1
8101
8411
8721
8A31
8D41
9051
9361
9671
62
372
682
992
CA2
FB2
12C2
15D2
18E2
1BF2
1F02
2212
2522
2832
2B42
2E52
3162
3472
3782
3A92
3DA2
40B2
43C2
46D2
49E2
4CF2
5002
5312
5622
5932
5C42
5F52
6262
6572
6882
6B92
6EA2
71B2
74C2
77D2
7AE2
7DF2
8102
8412
8722
8A32
8D42
9052
9362
9672
63
373
683
993
CA3
FB3
12C3
15D3
18E3
1BF3
1F03
2213
2523
2833
2B43
2E53
3163
3473
3783
3A93
3DA3
40B3
43C3
46D3
49E3
4CF3
5003
5313
5623
5933
5C43
5F53
6263
6573
6883
6B93
6EA3
71B3
74C3
77D3
7AE3
7DF3
8103
8413
8723
8A33
8D43
9053
9363
9673
64
374
684
994
CA4
FB4
12C4
15D4
18E4
1BF4
1F04
2214
2524
2834
2B44
2E54
3164
3474
3784
3A94
3DA4
40B4
43C4
46D4
49E4
4CF4
5004
5314
5624
5934
5C44
5F54
6264
6574
6884
6B94
6EA4
71B4
74C4
77D4
7AE4
7DF4
8104
8414
8724
8A34
8D44
9054
9364
9674
65
375
685
995
CA5
FB5
12C5
15D5
18E5
1BF5
1F05
2215
2525
2835
2B45
2E55
3165
3475
3785
3A95
3DA5
40B5
43C5
46D5
49E5
4CF5
5005
5315
5625
5935
5C45
5F55
6265
6575
6885
6B95
6EA5
71B5
74C5
77D5
7AE5
7DF5
8105
8415
8725
8A35
8D45
9055
9365
9675
66
376
686
996
CA6
FB6
12C6
15D6
18E6
1BF6
1F06
2216
2526
2836
2B46
2E56
3166
3476
3786
3A96
3DA6
40B6
43C6
46D6
49E6
4CF6
5006
5316
5626
5936
5C46
5F56
6266
6576
6886
6B96
6EA6
71B6
74C6
77D6
7AE6
7DF6
8106
8416
8726
8A36
8D46
9056
9366
9676
67
377
687
997
CA7
FB7
12C7
15D7
18E7
1BF7
1F07
2217
2527
2837
2B47
2E57
3167
3477
3787
3A97
3DA7
40B7
43C7
46D7
49E7
4CF7
5007
5317
5627
5937
5C47
5F57
6267
6577
6887
6B97
6EA7
71B7
74C7
77D7
7AE7
7DF7
8107
8417
8727
8A37
8D47
9057
9367
9677
68
378
688
998
CA8
FB8
12C8
15D8
18E8
1BF8
1F08
2218
2528
2838
2B48
2E58
3168
3478
3788
3A98
3DA8
40B8
43C8
46D8
49E8
4CF8
5008
5318
5628
5938
5C48
5F58
6268
6578
6888
6B98
6EA8
71B8
74C8
77D8
7AE8
7DF8
8108
8418
8728
8A38
8D48
9058
9368
9678
69
379
689
999
CA9
FB9
12C9
15D9
18E9
1BF9
1F09
2219
2529
2839
2B49
2E59
3169
3479
3789
3A99
3DA9
40B9
43C9
46D9
49E9
4CF9
5009
5319
5629
5939
5C49
5F59
6269
6579
6889
6B99
6EA9
71B9
74C9
77D9
7AE9
7DF9
8109
8419
8729
8A39
8D49
9059
9369
9679
6A
37A
68A
99A
CAA
FBA
12CA
15DA
18EA
1BFA
1F0A
221A
252A
283A
2B4A
2E5A
316A
347A
378A
3A9A
3DAA
40BA
43CA
46DA
49EA
4CFA
500A
531A
562A
593A
5C4A
5F5A
626A
657A
688A
6B9A
6EAA
71BA
74CA
77DA
7AEA
7DFA
810A
841A
872A
8A3A
8D4A
905A
936A
967A
6B
37B
68B
99B
CAB
FBB
12CB
15DB
18EB
1BFB
1F0B
221B
252B
283B
2B4B
2E5B
316B
347B
378B
3A9B
3DAB
40BB
43CB
46DB
49EB
4CFB
500B
531B
562B
593B
5C4B
5F5B
626B
657B
688B
6B9B
6EAB
71BB
74CB
77DB
7AEB
7DFB
810B
841B
872B
8A3B
8D4B
905B
936B
967B
6C
37C
68C
99C
CAC
FBC
12CC
15DC
18EC
1BFC
1F0C
221C
252C
283C
2B4C
2E5C
316C
347C
378C
3A9C
3DAC
40BC
43CC
46DC
49EC
4CFC
500C
531C
562C
593C
5C4C
5F5C
626C
657C
688C
6B9C
6EAC
71BC
74CC
77DC
7AEC
7DFC
810C
841C
872C
8A3C
8D4C
905C
936C
967C
6D
37D
68D
99D
CAD
FBD
12CD
15DD
18ED
1BFD
1F0D
221D
252D
283D
2B4D
2E5D
316D
347D
378D
3A9D
3DAD
40BD
43CD
46DD
49ED
4CFD
500D
531D
562D
593D
5C4D
5F5D
626D
657D
688D
6B9D
6EAD
71BD
74CD
77DD
7AED
7DFD
810D
841D
872D
8A3D
8D4D
905D
936D
967D
6E
37E
68E
99E
CAE
FBE
12CE
15DE
18EE
1BFE
1F0E
221E
252E
283E
2B4E
2E5E
316E
347E
378E
3A9E
3DAE
40BE
43CE
46DE
49EE
4CFE
500E
531E
562E
593E
5C4E
5F5E
626E
657E
688E
6B9E
6EAE
71BE
74CE
77DE
7AEE
7DFE
810E
841E
872E
8A3E
8D4E
905E
936E
967E
6F
37F
68F
99F
CAF
FBF
12CF
15DF
18EF
1BFF
1F0F
221F
252F
283F
2B4F
2E5F
316F
347F
378F
3A9F
3DAF
40BF
43CF
46DF
49EF
4CFF
500F
531F
562F
593F
5C4F
5F5F
626F
657F
688F
6B9F
6EAF
71BF
74CF
77DF
7AEF
7DFF
810F
841F
872F
8A3F
8D4F
905F
936F
967F
70
380
690
9A0
CB0
FC0
12D0
15E0
18F0
1C00
1F10
2220
2530
2840
2B50
2E60
3170
3480
3790
3AA0
3DB0
40C0
43D0
46E0
49F0
4D00
5010
5320
5630
5940
5C50
5F60
6270
6580
6890
6BA0
6EB0
71C0
74D0
77E0
7AF0
7E00
8110
8420
8730
8A40
8D50
9060
9370
9680
71
381
691
9A1
CB1
FC1
12D1
15E1
18F1
1C01
1F11
2221
2531
2841
2B51
2E61
3171
3481
3791
3AA1
3DB1
40C1
43D1
46E1
49F1
4D01
5011
5321
5631
5941
5C51
5F61
6271
6581
6891
6BA1
6EB1
71C1
74D1
77E1
7AF1
7E01
8111
8421
8731
8A41
8D51
9061
9371
9681
72
382
692
9A2
CB2
FC2
12D2
15E2
18F2
1C02
1F12
2222
2532
2842
2B52
2E62
3172
3482
3792
3AA2
3DB2
40C2
43D2
46E2
49F2
4D02
5012
5322
5632
5942
5C52
5F62
6272
6582
6892
6BA2
6EB2
71C2
74D2
77E2
7AF2
7E02
8112
8422
8732
8A42
8D52
9062
9372
9682
73
383
693
9A3
CB3
FC3
12D3
15E3
18F3
1C03
1F13
2223
2533
2843
2B53
2E63
3173
3483
3793
3AA3
3DB3
40C3
43D3
46E3
49F3
4D03
5013
5323
5633
5943
5C53
5F63
6273
6583
6893
6BA3
6EB3
71C3
74D3
77E3
7AF3
7E03
8113
8423
8733
8A43
8D53
9063
9373
9683
74
384
694
9A4
CB4
FC4
12D4
15E4
18F4
1C04
1F14
2224
2534
2844
2B54
2E64
3174
3484
3794
3AA4
3DB4
40C4
43D4
46E4
49F4
4D04
5014
5324
5634
5944
5C54
5F64
6274
6584
6894
6BA4
6EB4
71C4
74D4
77E4
7AF4
7E04
8114
8424
8734
8A44
8D54
9064
9374
9684
75
385
695
9A5
CB5
FC5
12D5
15E5
18F5
1C05
1F15
2225
2535
2845
2B55
2E65
3175
3485
3795
3AA5
3DB5
40C5
43D5
46E5
49F5
4D05
5015
5325
5635
5945
5C55
5F65
6275
6585
6895
6BA5
6EB5
71C5
74D5
77E5
7AF5
7E05
8115
8425
8735
8A45
8D55
9065
9375
9685
76
386
696
9A6
CB6
FC6
12D6
15E6
18F6
1C06
1F16
2226
2536
2846
2B56
2E66
3176
3486
3796
3AA6
3DB6
40C6
43D6
46E6
49F6
4D06
5016
5326
5636
5946
5C56
5F66
6276
6586
6896
6BA6
6EB6
71C6
74D6
77E6
7AF6
7E06
8116
8426
8736
8A46
8D56
9066
9376
9686
77
387
697
9A7
CB7
FC7
12D7
15E7
18F7
1C07
1F17
2227
2537
2847
2B57
2E67
3177
3487
3797
3AA7
3DB7
40C7
43D7
46E7
49F7
4D07
5017
5327
5637
5947
5C57
5F67
6277
6587
6897
6BA7
6EB7
71C7
74D7
77E7
7AF7
7E07
8117
8427
8737
8A47
8D57
9067
9377
9687
78
388
698
9A8
CB8
FC8
12D8
15E8
18F8
1C08
1F18
2228
2538
2848
2B58
2E68
3178
3488
3798
3AA8
3DB8
40C8
43D8
46E8
49F8
4D08
5018
5328
5638
5948
5C58
5F68
6278
6588
6898
6BA8
6EB8
71C8
74D8
77E8
7AF8
7E08
8118
8428
8738
8A48
8D58
9068
9378
9688
79
389
699
9A9
CB9
FC9
12D9
15E9
18F9
1C09
1F19
2229
2539
2849
2B59
2E69
3179
3489
3799
3AA9
3DB9
40C9
43D9
46E9
49F9
4D09
5019
5329
5639
5949
5C59
5F69
6279
6589
6899
6BA9
6EB9
71C9
74D9
77E9
7AF9
7E09
8119
8429
8739
8A49
8D59
9069
9379
9689
7A
38A
69A
9AA
CBA
FCA
12DA
15EA
18FA
1C0A
1F1A
222A
253A
284A
2B5A
2E6A
317A
348A
379A
3AAA
3DBA
40CA
43DA
46EA
49FA
4D0A
501A
532A
563A
594A
5C5A
5F6A
627A
658A
689A
6BAA
6EBA
71CA
74DA
77EA
7AFA
7E0A
811A
842A
873A
8A4A
8D5A
906A
937A
968A
7B
38B
69B
9AB
CBB
FCB
12DB
15EB
18FB
1C0B
1F1B
222B
253B
284B
2B5B
2E6B
317B
348B
379B
3AAB
3DBB
40CB
43DB
46EB
49FB
4D0B
501B
532B
563B
594B
5C5B
5F6B
627B
658B
689B
6BAB
6EBB
71CB
74DB
77EB
7AFB
7E0B
811B
842B
873B
8A4B
8D5B
906B
937B
968B
7C
38C
69C
9AC
CBC
FCC
12DC
15EC
18FC
1C0C
1F1C
222C
253C
284C
2B5C
2E6C
317C
348C
379C
3AAC
3DBC
40CC
43DC
46EC
49FC
4D0C
501C
532C
563C
594C
5C5C
5F6C
627C
658C
689C
6BAC
6EBC
71CC
74DC
77EC
7AFC
7E0C
811C
842C
873C
8A4C
8D5C
906C
937C
968C
7D
38D
69D
9AD
CBD
FCD
12DD
15ED
18FD
1C0D
1F1D
222D
253D
284D
2B5D
2E6D
317D
348D
379D
3AAD
3DBD
40CD
43DD
46ED
49FD
4D0D
501D
532D
563D
594D
5C5D
5F6D
627D
658D
689D
6BAD
6EBD
71CD
74DD
77ED
7AFD
7E0D
811D
842D
873D
8A4D
8D5D
906D
937D
968D
7E
38E
69E
9AE
CBE
FCE
12DE
15EE
18FE
1C0E
1F1E
222E
253E
284E
2B5E
2E6E
317E
348E
379E
3AAE
3DBE
40CE
43DE
46EE
49FE
4D0E
501E
532E
563E
594E
5C5E
5F6E
627E
658E
689E
6BAE
6EBE
71CE
74DE
77EE
7AFE
7E0E
811E
842E
873E
8A4E
8D5E
906E
937E
968E
7F
38F
69F
9AF
CBF
FCF
12DF
15EF
18FF
1C0F
1F1F
222F
253F
284F
2B5F
2E6F
317F
348F
379F
3AAF
3DBF
40CF
43DF
46EF
49FF
4D0F
501F
532F
563F
594F
5C5F
5F6F
627F
658F
689F
6BAF
6EBF
71CF
74DF
77EF
7AFF
7E0F
811F
842F
873F
8A4F
8D5F
906F
937F
968F
80
390
6A0
9B0
CC0
FD0
12E0
15F0
1900
1C10
1F20
2230
2540
2850
2B60
2E70
3180
3490
37A0
3AB0
3DC0
40D0
43E0
46F0
4A00
4D10
5020
5330
5640
5950
5C60
5F70
6280
6590
68A0
6BB0
6EC0
71D0
74E0
77F0
7B00
7E10
8120
8430
8740
8A50
8D60
9070
9380
9690
81
391
6A1
9B1
CC1
FD1
12E1
15F1
1901
1C11
1F21
2231
2541
2851
2B61
2E71
3181
3491
37A1
3AB1
3DC1
40D1
43E1
46F1
4A01
4D11
5021
5331
5641
5951
5C61
5F71
6281
6591
68A1
6BB1
6EC1
71D1
74E1
77F1
7B01
7E11
8121
8431
8741
8A51
8D61
9071
9381
9691
82
392
6A2
9B2
CC2
FD2
12E2
15F2
1902
1C12
1F22
2232
2542
2852
2B62
2E72
3182
3492
37A2
3AB2
3DC2
40D2
43E2
46F2
4A02
4D12
5022
5332
5642
5952
5C62
5F72
6282
6592
68A2
6BB2
6EC2
71D2
74E2
77F2
7B02
7E12
8122
8432
8742
8A52
8D62
9072
9382
9692
83
393
6A3
9B3
CC3
FD3
12E3
15F3
1903
1C13
1F23
2233
2543
2853
2B63
2E73
3183
3493
37A3
3AB3
3DC3
40D3
43E3
46F3
4A03
4D13
5023
5333
5643
5953
5C63
5F73
6283
6593
68A3
6BB3
6EC3
71D3
74E3
77F3
7B03
7E13
8123
8433
8743
8A53
8D63
9073
9383
9693
84
394
6A4
9B4
CC4
FD4
12E4
15F4
1904
1C14
1F24
2234
2544
2854
2B64
2E74
3184
3494
37A4
3AB4
3DC4
40D4
43E4
46F4
4A04
4D14
5024
5334
5644
5954
5C64
5F74
6284
6594
68A4
6BB4
6EC4
71D4
74E4
77F4
7B04
7E14
8124
8434
8744
8A54
8D64
9074
9384
9694
85
395
6A5
9B5
CC5
FD5
12E5
15F5
1905
1C15
1F25
2235
2545
2855
2B65
2E75
3185
3495
37A5
3AB5
3DC5
40D5
43E5
46F5
4A05
4D15
5025
5335
5645
5955
5C65
5F75
6285
6595
68A5
6BB5
6EC5
71D5
74E5
77F5
7B05
7E15
8125
8435
8745
8A55
8D65
9075
9385
9695
86
396
6A6
9B6
CC6
FD6
12E6
15F6
1906
1C16
1F26
2236
2546
2856
2B66
2E76
3186
3496
37A6
3AB6
3DC6
40D6
43E6
46F6
4A06
4D16
5026
5336
5646
5956
5C66
5F76
6286
6596
68A6
6BB6
6EC6
71D6
74E6
77F6
7B06
7E16
8126
8436
8746
8A56
8D66
9076
9386
9696
87
397
6A7
9B7
CC7
FD7
12E7
15F7
1907
1C17
1F27
2237
2547
2857
2B67
2E77
3187
3497
37A7
3AB7
3DC7
40D7
43E7
46F7
4A07
4D17
5027
5337
5647
5957
5C67
5F77
6287
6597
68A7
6BB7
6EC7
71D7
74E7
77F7
7B07
7E17
8127
8437
8747
8A57
8D67
9077
9387
9697
88
398
6A8
9B8
CC8
FD8
12E8
15F8
1908
1C18
1F28
2238
2548
2858
2B68
2E78
3188
3498
37A8
3AB8
3DC8
40D8
43E8
46F8
4A08
4D18
5028
5338
5648
5958
5C68
5F78
6288
6598
68A8
6BB8
6EC8
71D8
74E8
77F8
7B08
7E18
8128
8438
8748
8A58
8D68
9078
9388
9698
89
399
6A9
9B9
CC9
FD9
12E9
15F9
1909
1C19
1F29
2239
2549
2859
2B69
2E79
3189
3499
37A9
3AB9
3DC9
40D9
43E9
46F9
4A09
4D19
5029
5339
5649
5959
5C69
5F79
6289
6599
68A9
6BB9
6EC9
71D9
74E9
77F9
7B09
7E19
8129
8439
8749
8A59
8D69
9079
9389
9699
8A
39A
6AA
9BA
CCA
FDA
12EA
15FA
190A
1C1A
1F2A
223A
254A
285A
2B6A
2E7A
318A
349A
37AA
3ABA
3DCA
40DA
43EA
46FA
4A0A
4D1A
502A
533A
564A
595A
5C6A
5F7A
628A
659A
68AA
6BBA
6ECA
71DA
74EA
77FA
7B0A
7E1A
812A
843A
874A
8A5A
8D6A
907A
938A
969A
8B
39B
6AB
9BB
CCB
FDB
12EB
15FB
190B
1C1B
1F2B
223B
254B
285B
2B6B
2E7B
318B
349B
37AB
3ABB
3DCB
40DB
43EB
46FB
4A0B
4D1B
502B
533B
564B
595B
5C6B
5F7B
628B
659B
68AB
6BBB
6ECB
71DB
74EB
77FB
7B0B
7E1B
812B
843B
874B
8A5B
8D6B
907B
938B
969B
8C
39C
6AC
9BC
CCC
FDC
12EC
15FC
190C
1C1C
1F2C
223C
254C
285C
2B6C
2E7C
318C
349C
37AC
3ABC
3DCC
40DC
43EC
46FC
4A0C
4D1C
502C
533C
564C
595C
5C6C
5F7C
628C
659C
68AC
6BBC
6ECC
71DC
74EC
77FC
7B0C
7E1C
812C
843C
874C
8A5C
8D6C
907C
938C
969C
8D
39D
6AD
9BD
CCD
FDD
12ED
15FD
190D
1C1D
1F2D
223D
254D
285D
2B6D
2E7D
318D
349D
37AD
3ABD
3DCD
40DD
43ED
46FD
4A0D
4D1D
502D
533D
564D
595D
5C6D
5F7D
628D
659D
68AD
6BBD
6ECD
71DD
74ED
77FD
7B0D
7E1D
812D
843D
874D
8A5D
8D6D
907D
938D
969D
8E
39E
6AE
9BE
CCE
FDE
12EE
15FE
190E
1C1E
1F2E
223E
254E
285E
2B6E
2E7E
318E
349E
37AE
3ABE
3DCE
40DE
43EE
46FE
4A0E
4D1E
502E
533E
564E
595E
5C6E
5F7E
628E
659E
68AE
6BBE
6ECE
71DE
74EE
77FE
7B0E
7E1E
812E
843E
874E
8A5E
8D6E
907E
938E
969E
8F
39F
6AF
9BF
CCF
FDF
12EF
15FF
190F
1C1F
1F2F
223F
254F
285F
2B6F
2E7F
318F
349F
37AF
3ABF
3DCF
40DF
43EF
46FF
4A0F
4D1F
502F
533F
564F
595F
5C6F
5F7F
628F
659F
68AF
6BBF
6ECF
71DF
74EF
77FF
7B0F
7E1F
812F
843F
874F
8A5F
8D6F
907F
938F
969F
90
3A0
6B0
9C0
CD0
FE0
12F0
1600
1910
1C20
1F30
2240
2550
2860
2B70
2E80
3190
34A0
37B0
3AC0
3DD0
40E0
43F0
4700
4A10
4D20
5030
5340
5650
5960
5C70
5F80
6290
65A0
68B0
6BC0
6ED0
71E0
74F0
7800
7B10
7E20
8130
8440
8750
8A60
8D70
9080
9390
96A0
91
3A1
6B1
9C1
CD1
FE1
12F1
1601
1911
1C21
1F31
2241
2551
2861
2B71
2E81
3191
34A1
37B1
3AC1
3DD1
40E1
43F1
4701
4A11
4D21
5031
5341
5651
5961
5C71
5F81
6291
65A1
68B1
6BC1
6ED1
71E1
74F1
7801
7B11
7E21
8131
8441
8751
8A61
8D71
9081
9391
96A1
92
3A2
6B2
9C2
CD2
FE2
12F2
1602
1912
1C22
1F32
2242
2552
2862
2B72
2E82
3192
34A2
37B2
3AC2
3DD2
40E2
43F2
4702
4A12
4D22
5032
5342
5652
5962
5C72
5F82
6292
65A2
68B2
6BC2
6ED2
71E2
74F2
7802
7B12
7E22
8132
8442
8752
8A62
8D72
9082
9392
96A2
93
3A3
6B3
9C3
CD3
FE3
12F3
1603
1913
1C23
1F33
2243
2553
2863
2B73
2E83
3193
34A3
37B3
3AC3
3DD3
40E3
43F3
4703
4A13
4D23
5033
5343
5653
5963
5C73
5F83
6293
65A3
68B3
6BC3
6ED3
71E3
74F3
7803
7B13
7E23
8133
8443
8753
8A63
8D73
9083
9393
96A3
94
3A4
6B4
9C4
CD4
FE4
12F4
1604
1914
1C24
1F34
2244
2554
2864
2B74
2E84
3194
34A4
37B4
3AC4
3DD4
40E4
43F4
4704
4A14
4D24
5034
5344
5654
5964
5C74
5F84
6294
65A4
68B4
6BC4
6ED4
71E4
74F4
7804
7B14
7E24
8134
8444
8754
8A64
8D74
9084
9394
96A4
95
3A5
6B5
9C5
CD5
FE5
12F5
1605
1915
1C25
1F35
2245
2555
2865
2B75
2E85
3195
34A5
37B5
3AC5
3DD5
40E5
43F5
4705
4A15
4D25
5035
5345
5655
5965
5C75
5F85
6295
65A5
68B5
6BC5
6ED5
71E5
74F5
7805
7B15
7E25
8135
8445
8755
8A65
8D75
9085
9395
96A5
96
3A6
6B6
9C6
CD6
FE6
12F6
1606
1916
1C26
1F36
2246
2556
2866
2B76
2E86
3196
34A6
37B6
3AC6
3DD6
40E6
43F6
4706
4A16
4D26
5036
5346
5656
5966
5C76
5F86
6296
65A6
68B6
6BC6
6ED6
71E6
74F6
7806
7B16
7E26
8136
8446
8756
8A66
8D76
9086
9396
96A6
97
3A7
6B7
9C7
CD7
FE7
12F7
1607
1917
1C27
1F37
2247
2557
2867
2B77
2E87
3197
34A7
37B7
3AC7
3DD7
40E7
43F7
4707
4A17
4D27
5037
5347
5657
5967
5C77
5F87
6297
65A7
68B7
6BC7
6ED7
71E7
74F7
7807
7B17
7E27
8137
8447
8757
8A67
8D77
9087
9397
96A7
98
3A8
6B8
9C8
CD8
FE8
12F8
1608
1918
1C28
1F38
2248
2558
2868
2B78
2E88
3198
34A8
37B8
3AC8
3DD8
40E8
43F8
4708
4A18
4D28
5038
5348
5658
5968
5C78
5F88
6298
65A8
68B8
6BC8
6ED8
71E8
74F8
7808
7B18
7E28
8138
8448
8758
8A68
8D78
9088
9398
96A8
99
3A9
6B9
9C9
CD9
FE9
12F9
1609
1919
1C29
1F39
2249
2559
2869
2B79
2E89
3199
34A9
37B9
3AC9
3DD9
40E9
43F9
4709
4A19
4D29
5039
5349
5659
5969
5C79
5F89
6299
65A9
68B9
6BC9
6ED9
71E9
74F9
7809
7B19
7E29
8139
8449
8759
8A69
8D79
9089
9399
96A9
9A
3AA
6BA
9CA
CDA
FEA
12FA
160A
191A
1C2A
1F3A
224A
255A
286A
2B7A
2E8A
319A
34AA
37BA
3ACA
3DDA
40EA
43FA
470A
4A1A
4D2A
503A
534A
565A
596A
5C7A
5F8A
629A
65AA
68BA
6BCA
6EDA
71EA
74FA
780A
7B1A
7E2A
813A
844A
875A
8A6A
8D7A
908A
939A
96AA
9B
3AB
6BB
9CB
CDB
FEB
12FB
160B
191B
1C2B
1F3B
224B
255B
286B
2B7B
2E8B
319B
34AB
37BB
3ACB
3DDB
40EB
43FB
470B
4A1B
4D2B
503B
534B
565B
596B
5C7B
5F8B
629B
65AB
68BB
6BCB
6EDB
71EB
74FB
780B
7B1B
7E2B
813B
844B
875B
8A6B
8D7B
908B
939B
96AB
9C
3AC
6BC
9CC
CDC
FEC
12FC
160C
191C
1C2C
1F3C
224C
255C
286C
2B7C
2E8C
319C
34AC
37BC
3ACC
3DDC
40EC
43FC
470C
4A1C
4D2C
503C
534C
565C
596C
5C7C
5F8C
629C
65AC
68BC
6BCC
6EDC
71EC
74FC
780C
7B1C
7E2C
813C
844C
875C
8A6C
8D7C
908C
939C
96AC
9D
3AD
6BD
9CD
CDD
FED
12FD
160D
191D
1C2D
1F3D
224D
255D
286D
2B7D
2E8D
319D
34AD
37BD
3ACD
3DDD
40ED
43FD
470D
4A1D
4D2D
503D
534D
565D
596D
5C7D
5F8D
629D
65AD
68BD
6BCD
6EDD
71ED
74FD
780D
7B1D
7E2D
813D
844D
875D
8A6D
8D7D
908D
939D
96AD
9E
3AE
6BE
9CE
CDE
FEE
12FE
160E
191E
1C2E
1F3E
224E
255E
286E
2B7E
2E8E
319E
34AE
37BE
3ACE
3DDE
40EE
43FE
470E
4A1E
4D2E
503E
534E
565E
596E
5C7E
5F8E
629E
65AE
68BE
6BCE
6EDE
71EE
74FE
780E
7B1E
7E2E
813E
844E
875E
8A6E
8D7E
908E
939E
96AE
9F
3AF
6BF
9CF
CDF
FEF
12FF
160F
191F
1C2F
1F3F
224F
255F
286F
2B7F
2E8F
319F
34AF
37BF
3ACF
3DDF
40EF
43FF
470F
4A1F
4D2F
503F
534F
565F
596F
5C7F
5F8F
629F
65AF
68BF
6BCF
6EDF
71EF
74FF
780F
7B1F
7E2F
813F
844F
875F
8A6F
8D7F
908F
939F
96AF
A0
3B0
6C0
9D0
CE0
FF0
1300
1610
1920
1C30
1F40
2250
2560
2870
2B80
2E90
31A0
34B0
37C0
3AD0
3DE0
40F0
4400
4710
4A20
4D30
5040
5350
5660
5970
5C80
5F90
62A0
65B0
68C0
6BD0
6EE0
71F0
7500
7810
7B20
7E30
8140
8450
8760
8A70
8D80
9090
93A0
96B0
A1
3B1
6C1
9D1
CE1
FF1
1301
1611
1921
1C31
1F41
2251
2561
2871
2B81
2E91
31A1
34B1
37C1
3AD1
3DE1
40F1
4401
4711
4A21
4D31
5041
5351
5661
5971
5C81
5F91
62A1
65B1
68C1
6BD1
6EE1
71F1
7501
7811
7B21
7E31
8141
8451
8761
8A71
8D81
9091
93A1
96B1
A2
3B2
6C2
9D2
CE2
FF2
1302
1612
1922
1C32
1F42
2252
2562
2872
2B82
2E92
31A2
34B2
37C2
3AD2
3DE2
40F2
4402
4712
4A22
4D32
5042
5352
5662
5972
5C82
5F92
62A2
65B2
68C2
6BD2
6EE2
71F2
7502
7812
7B22
7E32
8142
8452
8762
8A72
8D82
9092
93A2
96B2
A3
3B3
6C3
9D3
CE3
FF3
1303
1613
1923
1C33
1F43
2253
2563
2873
2B83
2E93
31A3
34B3
37C3
3AD3
3DE3
40F3
4403
4713
4A23
4D33
5043
5353
5663
5973
5C83
5F93
62A3
65B3
68C3
6BD3
6EE3
71F3
7503
7813
7B23
7E33
8143
8453
8763
8A73
8D83
9093
93A3
96B3
A4
3B4
6C4
9D4
CE4
FF4
1304
1614
1924
1C34
1F44
2254
2564
2874
2B84
2E94
31A4
34B4
37C4
3AD4
3DE4
40F4
4404
4714
4A24
4D34
5044
5354
5664
5974
5C84
5F94
62A4
65B4
68C4
6BD4
6EE4
71F4
7504
7814
7B24
7E34
8144
8454
8764
8A74
8D84
9094
93A4
96B4
A5
3B5
6C5
9D5
CE5
FF5
1305
1615
1925
1C35
1F45
2255
2565
2875
2B85
2E95
31A5
34B5
37C5
3AD5
3DE5
40F5
4405
4715
4A25
4D35
5045
5355
5665
5975
5C85
5F95
62A5
65B5
68C5
6BD5
6EE5
71F5
7505
7815
7B25
7E35
8145
8455
8765
8A75
8D85
9095
93A5
96B5
A6
3B6
6C6
9D6
CE6
FF6
1306
1616
1926
1C36
1F46
2256
2566
2876
2B86
2E96
31A6
34B6
37C6
3AD6
3DE6
40F6
4406
4716
4A26
4D36
5046
5356
5666
5976
5C86
5F96
62A6
65B6
68C6
6BD6
6EE6
71F6
7506
7816
7B26
7E36
8146
8456
8766
8A76
8D86
9096
93A6
96B6
A7
3B7
6C7
9D7
CE7
FF7
1307
1617
1927
1C37
1F47
2257
2567
2877
2B87
2E97
31A7
34B7
37C7
3AD7
3DE7
40F7
4407
4717
4A27
4D37
5047
5357
5667
5977
5C87
5F97
62A7
65B7
68C7
6BD7
6EE7
71F7
7507
7817
7B27
7E37
8147
8457
8767
8A77
8D87
9097
93A7
96B7
A8
3B8
6C8
9D8
CE8
FF8
1308
1618
1928
1C38
1F48
2258
2568
2878
2B88
2E98
31A8
34B8
37C8
3AD8
3DE8
40F8
4408
4718
4A28
4D38
5048
5358
5668
5978
5C88
5F98
62A8
65B8
68C8
6BD8
6EE8
71F8
7508
7818
7B28
7E38
8148
8458
8768
8A78
8D88
9098
93A8
96B8
A9
3B9
6C9
9D9
CE9
FF9
1309
1619
1929
1C39
1F49
2259
2569
2879
2B89
2E99
31A9
34B9
37C9
3AD9
3DE9
40F9
4409
4719
4A29
4D39
5049
5359
5669
5979
5C89
5F99
62A9
65B9
68C9
6BD9
6EE9
71F9
7509
7819
7B29
7E39
8149
8459
8769
8A79
8D89
9099
93A9
96B9
AA
3BA
6CA
9DA
CEA
FFA
130A
161A
192A
1C3A
1F4A
225A
256A
287A
2B8A
2E9A
31AA
34BA
37CA
3ADA
3DEA
40FA
440A
471A
4A2A
4D3A
504A
535A
566A
597A
5C8A
5F9A
62AA
65BA
68CA
6BDA
6EEA
71FA
750A
781A
7B2A
7E3A
814A
845A
876A
8A7A
8D8A
909A
93AA
96BA
AB
3BB
6CB
9DB
CEB
FFB
130B
161B
192B
1C3B
1F4B
225B
256B
287B
2B8B
2E9B
31AB
34BB
37CB
3ADB
3DEB
40FB
440B
471B
4A2B
4D3B
504B
535B
566B
597B
5C8B
5F9B
62AB
65BB
68CB
6BDB
6EEB
71FB
750B
781B
7B2B
7E3B
814B
845B
876B
8A7B
8D8B
909B
93AB
96BB
AC
3BC
6CC
9DC
CEC
FFC
130C
161C
192C
1C3C
1F4C
225C
256C
287C
2B8C
2E9C
31AC
34BC
37CC
3ADC
3DEC
40FC
440C
471C
4A2C
4D3C
504C
535C
566C
597C
5C8C
5F9C
62AC
65BC
68CC
6BDC
6EEC
71FC
750C
781C
7B2C
7E3C
814C
845C
876C
8A7C
8D8C
909C
93AC
96BC
AD
3BD
6CD
9DD
CED
FFD
130D
161D
192D
1C3D
1F4D
225D
256D
287D
2B8D
2E9D
31AD
34BD
37CD
3ADD
3DED
40FD
440D
471D
4A2D
4D3D
504D
535D
566D
597D
5C8D
5F9D
62AD
65BD
68CD
6BDD
6EED
71FD
750D
781D
7B2D
7E3D
814D
845D
876D
8A7D
8D8D
909D
93AD
96BD
AE
3BE
6CE
9DE
CEE
FFE
130E
161E
192E
1C3E
1F4E
225E
256E
287E
2B8E
2E9E
31AE
34BE
37CE
3ADE
3DEE
40FE
440E
471E
4A2E
4D3E
504E
535E
566E
597E
5C8E
5F9E
62AE
65BE
68CE
6BDE
6EEE
71FE
750E
781E
7B2E
7E3E
814E
845E
876E
8A7E
8D8E
909E
93AE
96BE
AF
3BF
6CF
9DF
CEF
FFF
130F
161F
192F
1C3F
1F4F
225F
256F
287F
2B8F
2E9F
31AF
34BF
37CF
3ADF
3DEF
40FF
440F
471F
4A2F
4D3F
504F
535F
566F
597F
5C8F
5F9F
62AF
65BF
68CF
6BDF
6EEF
71FF
750F
781F
7B2F
7E3F
814F
845F
876F
8A7F
8D8F
909F
93AF
96BF
B0
3C0
6D0
9E0
CF0
1000
1310
1620
1930
1C40
1F50
2260
2570
2880
2B90
2EA0
31B0
34C0
37D0
3AE0
3DF0
4100
4410
4720
4A30
4D40
5050
5360
5670
5980
5C90
5FA0
62B0
65C0
68D0
6BE0
6EF0
7200
7510
7820
7B30
7E40
8150
8460
8770
8A80
8D90
90A0
93B0
96C0
B1
3C1
6D1
9E1
CF1
1001
1311
1621
1931
1C41
1F51
2261
2571
2881
2B91
2EA1
31B1
34C1
37D1
3AE1
3DF1
4101
4411
4721
4A31
4D41
5051
5361
5671
5981
5C91
5FA1
62B1
65C1
68D1
6BE1
6EF1
7201
7511
7821
7B31
7E41
8151
8461
8771
8A81
8D91
90A1
93B1
96C1
B2
3C2
6D2
9E2
CF2
1002
1312
1622
1932
1C42
1F52
2262
2572
2882
2B92
2EA2
31B2
34C2
37D2
3AE2
3DF2
4102
4412
4722
4A32
4D42
5052
5362
5672
5982
5C92
5FA2
62B2
65C2
68D2
6BE2
6EF2
7202
7512
7822
7B32
7E42
8152
8462
8772
8A82
8D92
90A2
93B2
96C2
B3
3C3
6D3
9E3
CF3
1003
1313
1623
1933
1C43
1F53
2263
2573
2883
2B93
2EA3
31B3
34C3
37D3
3AE3
3DF3
4103
4413
4723
4A33
4D43
5053
5363
5673
5983
5C93
5FA3
62B3
65C3
68D3
6BE3
6EF3
7203
7513
7823
7B33
7E43
8153
8463
8773
8A83
8D93
90A3
93B3
96C3
B4
3C4
6D4
9E4
CF4
1004
1314
1624
1934
1C44
1F54
2264
2574
2884
2B94
2EA4
31B4
34C4
37D4
3AE4
3DF4
4104
4414
4724
4A34
4D44
5054
5364
5674
5984
5C94
5FA4
62B4
65C4
68D4
6BE4
6EF4
7204
7514
7824
7B34
7E44
8154
8464
8774
8A84
8D94
90A4
93B4
96C4
B5
3C5
6D5
9E5
CF5
1005
1315
1625
1935
1C45
1F55
2265
2575
2885
2B95
2EA5
31B5
34C5
37D5
3AE5
3DF5
4105
4415
4725
4A35
4D45
5055
5365
5675
5985
5C95
5FA5
62B5
65C5
68D5
6BE5
6EF5
7205
7515
7825
7B35
7E45
8155
8465
8775
8A85
8D95
90A5
93B5
96C5
B6
3C6
6D6
9E6
CF6
1006
1316
1626
1936
1C46
1F56
2266
2576
2886
2B96
2EA6
31B6
34C6
37D6
3AE6
3DF6
4106
4416
4726
4A36
4D46
5056
5366
5676
5986
5C96
5FA6
62B6
65C6
68D6
6BE6
6EF6
7206
7516
7826
7B36
7E46
8156
8466
8776
8A86
8D96
90A6
93B6
96C6
B7
3C7
6D7
9E7
CF7
1007
1317
1627
1937
1C47
1F57
2267
2577
2887
2B97
2EA7
31B7
34C7
37D7
3AE7
3DF7
4107
4417
4727
4A37
4D47
5057
5367
5677
5987
5C97
5FA7
62B7
65C7
68D7
6BE7
6EF7
7207
7517
7827
7B37
7E47
8157
8467
8777
8A87
8D97
90A7
93B7
96C7
B8
3C8
6D8
9E8
CF8
1008
1318
1628
1938
1C48
1F58
2268
2578
2888
2B98
2EA8
31B8
34C8
37D8
3AE8
3DF8
4108
4418
4728
4A38
4D48
5058
5368
5678
5988
5C98
5FA8
62B8
65C8
68D8
6BE8
6EF8
7208
7518
7828
7B38
7E48
8158
8468
8778
8A88
8D98
90A8
93B8
96C8
B9
3C9
6D9
9E9
CF9
1009
1319
1629
1939
1C49
1F59
2269
2579
2889
2B99
2EA9
31B9
34C9
37D9
3AE9
3DF9
4109
4419
4729
4A39
4D49
5059
5369
5679
5989
5C99
5FA9
62B9
65C9
68D9
6BE9
6EF9
7209
7519
7829
7B39
7E49
8159
8469
8779
8A89
8D99
90A9
93B9
96C9
BA
3CA
6DA
9EA
CFA
100A
131A
162A
193A
1C4A
1F5A
226A
257A
288A
2B9A
2EAA
31BA
34CA
37DA
3AEA
3DFA
410A
441A
472A
4A3A
4D4A
505A
536A
567A
598A
5C9A
5FAA
62BA
65CA
68DA
6BEA
6EFA
720A
751A
782A
7B3A
7E4A
815A
846A
877A
8A8A
8D9A
90AA
93BA
96CA
BB
3CB
6DB
9EB
CFB
100B
131B
162B
193B
1C4B
1F5B
226B
257B
288B
2B9B
2EAB
31BB
34CB
37DB
3AEB
3DFB
410B
441B
472B
4A3B
4D4B
505B
536B
567B
598B
5C9B
5FAB
62BB
65CB
68DB
6BEB
6EFB
720B
751B
782B
7B3B
7E4B
815B
846B
877B
8A8B
8D9B
90AB
93BB
96CB
BC
3CC
6DC
9EC
CFC
100C
131C
162C
193C
1C4C
1F5C
226C
257C
288C
2B9C
2EAC
31BC
34CC
37DC
3AEC
3DFC
410C
441C
472C
4A3C
4D4C
505C
536C
567C
598C
5C9C
5FAC
62BC
65CC
68DC
6BEC
6EFC
720C
751C
782C
7B3C
7E4C
815C
846C
877C
8A8C
8D9C
90AC
93BC
96CC
BD
3CD
6DD
9ED
CFD
100D
131D
162D
193D
1C4D
1F5D
226D
257D
288D
2B9D
2EAD
31BD
34CD
37DD
3AED
3DFD
410D
441D
472D
4A3D
4D4D
505D
536D
567D
598D
5C9D
5FAD
62BD
65CD
68DD
6BED
6EFD
720D
751D
782D
7B3D
7E4D
815D
846D
877D
8A8D
8D9D
90AD
93BD
96CD
BE
3CE
6DE
9EE
CFE
100E
131E
162E
193E
1C4E
1F5E
226E
257E
288E
2B9E
2EAE
31BE
34CE
37DE
3AEE
3DFE
410E
441E
472E
4A3E
4D4E
505E
536E
567E
598E
5C9E
5FAE
62BE
65CE
68DE
6BEE
6EFE
720E
751E
782E
7B3E
7E4E
815E
846E
877E
8A8E
8D9E
90AE
93BE
96CE
BF
3CF
6DF
9EF
CFF
100F
131F
162F
193F
1C4F
1F5F
226F
257F
288F
2B9F
2EAF
31BF
34CF
37DF
3AEF
3DFF
410F
441F
472F
4A3F
4D4F
505F
536F
567F
598F
5C9F
5FAF
62BF
65CF
68DF
6BEF
6EFF
720F
751F
782F
7B3F
7E4F
815F
846F
877F
8A8F
8D9F
90AF
93BF
96CF
C0
3D0
6E0
9F0
D00
1010
1320
1630
1940
1C50
1F60
2270
2580
2890
2BA0
2EB0
31C0
34D0
37E0
3AF0
3E00
4110
4420
4730
4A40
4D50
5060
5370
5680
5990
5CA0
5FB0
62C0
65D0
68E0
6BF0
6F00
7210
7520
7830
7B40
7E50
8160
8470
8780
8A90
8DA0
90B0
93C0
96D0
C1
3D1
6E1
9F1
D01
1011
1321
1631
1941
1C51
1F61
2271
2581
2891
2BA1
2EB1
31C1
34D1
37E1
3AF1
3E01
4111
4421
4731
4A41
4D51
5061
5371
5681
5991
5CA1
5FB1
62C1
65D1
68E1
6BF1
6F01
7211
7521
7831
7B41
7E51
8161
8471
8781
8A91
8DA1
90B1
93C1
96D1
C2
3D2
6E2
9F2
D02
1012
1322
1632
1942
1C52
1F62
2272
2582
2892
2BA2
2EB2
31C2
34D2
37E2
3AF2
3E02
4112
4422
4732
4A42
4D52
5062
5372
5682
5992
5CA2
5FB2
62C2
65D2
68E2
6BF2
6F02
7212
7522
7832
7B42
7E52
8162
8472
8782
8A92
8DA2
90B2
93C2
96D2
C3
3D3
6E3
9F3
D03
1013
1323
1633
1943
1C53
1F63
2273
2583
2893
2BA3
2EB3
31C3
34D3
37E3
3AF3
3E03
4113
4423
4733
4A43
4D53
5063
5373
5683
5993
5CA3
5FB3
62C3
65D3
68E3
6BF3
6F03
7213
7523
7833
7B43
7E53
8163
8473
8783
8A93
8DA3
90B3
93C3
96D3
C4
3D4
6E4
9F4
D04
1014
1324
1634
1944
1C54
1F64
2274
2584
2894
2BA4
2EB4
31C4
34D4
37E4
3AF4
3E04
4114
4424
4734
4A44
4D54
5064
5374
5684
5994
5CA4
5FB4
62C4
65D4
68E4
6BF4
6F04
7214
7524
7834
7B44
7E54
8164
8474
8784
8A94
8DA4
90B4
93C4
96D4
C5
3D5
6E5
9F5
D05
1015
1325
1635
1945
1C55
1F65
2275
2585
2895
2BA5
2EB5
31C5
34D5
37E5
3AF5
3E05
4115
4425
4735
4A45
4D55
5065
5375
5685
5995
5CA5
5FB5
62C5
65D5
68E5
6BF5
6F05
7215
7525
7835
7B45
7E55
8165
8475
8785
8A95
8DA5
90B5
93C5
96D5
C6
3D6
6E6
9F6
D06
1016
1326
1636
1946
1C56
1F66
2276
2586
2896
2BA6
2EB6
31C6
34D6
37E6
3AF6
3E06
4116
4426
4736
4A46
4D56
5066
5376
5686
5996
5CA6
5FB6
62C6
65D6
68E6
6BF6
6F06
7216
7526
7836
7B46
7E56
8166
8476
8786
8A96
8DA6
90B6
93C6
96D6
C7
3D7
6E7
9F7
D07
1017
1327
1637
1947
1C57
1F67
2277
2587
2897
2BA7
2EB7
31C7
34D7
37E7
3AF7
3E07
4117
4427
4737
4A47
4D57
5067
5377
5687
5997
5CA7
5FB7
62C7
65D7
68E7
6BF7
6F07
7217
7527
7837
7B47
7E57
8167
8477
8787
8A97
8DA7
90B7
93C7
96D7
C8
3D8
6E8
9F8
D08
1018
1328
1638
1948
1C58
1F68
2278
2588
2898
2BA8
2EB8
31C8
34D8
37E8
3AF8
3E08
4118
4428
4738
4A48
4D58
5068
5378
5688
5998
5CA8
5FB8
62C8
65D8
68E8
6BF8
6F08
7218
7528
7838
7B48
7E58
8168
8478
8788
8A98
8DA8
90B8
93C8
96D8
C9
3D9
6E9
9F9
D09
1019
1329
1639
1949
1C59
1F69
2279
2589
2899
2BA9
2EB9
31C9
34D9
37E9
3AF9
3E09
4119
4429
4739
4A49
4D59
5069
5379
5689
5999
5CA9
5FB9
62C9
65D9
68E9
6BF9
6F09
7219
7529
7839
7B49
7E59
8169
8479
8789
8A99
8DA9
90B9
93C9
96D9
CA
3DA
6EA
9FA
D0A
101A
132A
163A
194A
1C5A
1F6A
227A
258A
289A
2BAA
2EBA
31CA
34DA
37EA
3AFA
3E0A
411A
442A
473A
4A4A
4D5A
506A
537A
568A
599A
5CAA
5FBA
62CA
65DA
68EA
6BFA
6F0A
721A
752A
783A
7B4A
7E5A
816A
847A
878A
8A9A
8DAA
90BA
93CA
96DA
CB
3DB
6EB
9FB
D0B
101B
132B
163B
194B
1C5B
1F6B
227B
258B
289B
2BAB
2EBB
31CB
34DB
37EB
3AFB
3E0B
411B
442B
473B
4A4B
4D5B
506B
537B
568B
599B
5CAB
5FBB
62CB
65DB
68EB
6BFB
6F0B
721B
752B
783B
7B4B
7E5B
816B
847B
878B
8A9B
8DAB
90BB
93CB
96DB
CC
3DC
6EC
9FC
D0C
101C
132C
163C
194C
1C5C
1F6C
227C
258C
289C
2BAC
2EBC
31CC
34DC
37EC
3AFC
3E0C
411C
442C
473C
4A4C
4D5C
506C
537C
568C
599C
5CAC
5FBC
62CC
65DC
68EC
6BFC
6F0C
721C
752C
783C
7B4C
7E5C
816C
847C
878C
8A9C
8DAC
90BC
93CC
96DC
CD
3DD
6ED
9FD
D0D
101D
132D
163D
194D
1C5D
1F6D
227D
258D
289D
2BAD
2EBD
31CD
34DD
37ED
3AFD
3E0D
411D
442D
473D
4A4D
4D5D
506D
537D
568D
599D
5CAD
5FBD
62CD
65DD
68ED
6BFD
6F0D
721D
752D
783D
7B4D
7E5D
816D
847D
878D
8A9D
8DAD
90BD
93CD
96DD
CE
3DE
6EE
9FE
D0E
101E
132E
163E
194E
1C5E
1F6E
227E
258E
289E
2BAE
2EBE
31CE
34DE
37EE
3AFE
3E0E
411E
442E
473E
4A4E
4D5E
506E
537E
568E
599E
5CAE
5FBE
62CE
65DE
68EE
6BFE
6F0E
721E
752E
783E
7B4E
7E5E
816E
847E
878E
8A9E
8DAE
90BE
93CE
96DE
CF
3DF
6EF
9FF
D0F
101F
132F
163F
194F
1C5F
1F6F
227F
258F
289F
2BAF
2EBF
31CF
34DF
37EF
3AFF
3E0F
411F
442F
473F
4A4F
4D5F
506F
537F
568F
599F
5CAF
5FBF
62CF
65DF
68EF
6BFF
6F0F
721F
752F
783F
7B4F
7E5F
816F
847F
878F
8A9F
8DAF
90BF
93CF
96DF
D0
3E0
6F0
A00
D10
1020
1330
1640
1950
1C60
1F70
2280
2590
28A0
2BB0
2EC0
31D0
34E0
37F0
3B00
3E10
4120
4430
4740
4A50
4D60
5070
5380
5690
59A0
5CB0
5FC0
62D0
65E0
68F0
6C00
6F10
7220
7530
7840
7B50
7E60
8170
8480
8790
8AA0
8DB0
90C0
93D0
96E0
D1
3E1
6F1
A01
D11
1021
1331
1641
1951
1C61
1F71
2281
2591
28A1
2BB1
2EC1
31D1
34E1
37F1
3B01
3E11
4121
4431
4741
4A51
4D61
5071
5381
5691
59A1
5CB1
5FC1
62D1
65E1
68F1
6C01
6F11
7221
7531
7841
7B51
7E61
8171
8481
8791
8AA1
8DB1
90C1
93D1
96E1
D2
3E2
6F2
A02
D12
1022
1332
1642
1952
1C62
1F72
2282
2592
28A2
2BB2
2EC2
31D2
34E2
37F2
3B02
3E12
4122
4432
4742
4A52
4D62
5072
5382
5692
59A2
5CB2
5FC2
62D2
65E2
68F2
6C02
6F12
7222
7532
7842
7B52
7E62
8172
8482
8792
8AA2
8DB2
90C2
93D2
96E2
D3
3E3
6F3
A03
D13
1023
1333
1643
1953
1C63
1F73
2283
2593
28A3
2BB3
2EC3
31D3
34E3
37F3
3B03
3E13
4123
4433
4743
4A53
4D63
5073
5383
5693
59A3
5CB3
5FC3
62D3
65E3
68F3
6C03
6F13
7223
7533
7843
7B53
7E63
8173
8483
8793
8AA3
8DB3
90C3
93D3
96E3
D4
3E4
6F4
A04
D14
1024
1334
1644
1954
1C64
1F74
2284
2594
28A4
2BB4
2EC4
31D4
34E4
37F4
3B04
3E14
4124
4434
4744
4A54
4D64
5074
5384
5694
59A4
5CB4
5FC4
62D4
65E4
68F4
6C04
6F14
7224
7534
7844
7B54
7E64
8174
8484
8794
8AA4
8DB4
90C4
93D4
96E4
D5
3E5
6F5
A05
D15
1025
1335
1645
1955
1C65
1F75
2285
2595
28A5
2BB5
2EC5
31D5
34E5
37F5
3B05
3E15
4125
4435
4745
4A55
4D65
5075
5385
5695
59A5
5CB5
5FC5
62D5
65E5
68F5
6C05
6F15
7225
7535
7845
7B55
7E65
8175
8485
8795
8AA5
8DB5
90C5
93D5
96E5
D6
3E6
6F6
A06
D16
1026
1336
1646
1956
1C66
1F76
2286
2596
28A6
2BB6
2EC6
31D6
34E6
37F6
3B06
3E16
4126
4436
4746
4A56
4D66
5076
5386
5696
59A6
5CB6
5FC6
62D6
65E6
68F6
6C06
6F16
7226
7536
7846
7B56
7E66
8176
8486
8796
8AA6
8DB6
90C6
93D6
96E6
D7
3E7
6F7
A07
D17
1027
1337
1647
1957
1C67
1F77
2287
2597
28A7
2BB7
2EC7
31D7
34E7
37F7
3B07
3E17
4127
4437
4747
4A57
4D67
5077
5387
5697
59A7
5CB7
5FC7
62D7
65E7
68F7
6C07
6F17
7227
7537
7847
7B57
7E67
8177
8487
8797
8AA7
8DB7
90C7
93D7
96E7
D8
3E8
6F8
A08
D18
1028
1338
1648
1958
1C68
1F78
2288
2598
28A8
2BB8
2EC8
31D8
34E8
37F8
3B08
3E18
4128
4438
4748
4A58
4D68
5078
5388
5698
59A8
5CB8
5FC8
62D8
65E8
68F8
6C08
6F18
7228
7538
7848
7B58
7E68
8178
8488
8798
8AA8
8DB8
90C8
93D8
96E8
D9
3E9
6F9
A09
D19
1029
1339
1649
1959
1C69
1F79
2289
2599
28A9
2BB9
2EC9
31D9
34E9
37F9
3B09
3E19
4129
4439
4749
4A59
4D69
5079
5389
5699
59A9
5CB9
5FC9
62D9
65E9
68F9
6C09
6F19
7229
7539
7849
7B59
7E69
8179
8489
8799
8AA9
8DB9
90C9
93D9
96E9
DA
3EA
6FA
A0A
D1A
102A
133A
164A
195A
1C6A
1F7A
228A
259A
28AA
2BBA
2ECA
31DA
34EA
37FA
3B0A
3E1A
412A
443A
474A
4A5A
4D6A
507A
538A
569A
59AA
5CBA
5FCA
62DA
65EA
68FA
6C0A
6F1A
722A
753A
784A
7B5A
7E6A
817A
848A
879A
8AAA
8DBA
90CA
93DA
96EA
DB
3EB
6FB
A0B
D1B
102B
133B
164B
195B
1C6B
1F7B
228B
259B
28AB
2BBB
2ECB
31DB
34EB
37FB
3B0B
3E1B
412B
443B
474B
4A5B
4D6B
507B
538B
569B
59AB
5CBB
5FCB
62DB
65EB
68FB
6C0B
6F1B
722B
753B
784B
7B5B
7E6B
817B
848B
879B
8AAB
8DBB
90CB
93DB
96EB
DC
3EC
6FC
A0C
D1C
102C
133C
164C
195C
1C6C
1F7C
228C
259C
28AC
2BBC
2ECC
31DC
34EC
37FC
3B0C
3E1C
412C
443C
474C
4A5C
4D6C
507C
538C
569C
59AC
5CBC
5FCC
62DC
65EC
68FC
6C0C
6F1C
722C
753C
784C
7B5C
7E6C
817C
848C
879C
8AAC
8DBC
90CC
93DC
96EC
DD
3ED
6FD
A0D
D1D
102D
133D
164D
195D
1C6D
1F7D
228D
259D
28AD
2BBD
2ECD
31DD
34ED
37FD
3B0D
3E1D
412D
443D
474D
4A5D
4D6D
507D
538D
569D
59AD
5CBD
5FCD
62DD
65ED
68FD
6C0D
6F1D
722D
753D
784D
7B5D
7E6D
817D
848D
879D
8AAD
8DBD
90CD
93DD
96ED
DE
3EE
6FE
A0E
D1E
102E
133E
164E
195E
1C6E
1F7E
228E
259E
28AE
2BBE
2ECE
31DE
34EE
37FE
3B0E
3E1E
412E
443E
474E
4A5E
4D6E
507E
538E
569E
59AE
5CBE
5FCE
62DE
65EE
68FE
6C0E
6F1E
722E
753E
784E
7B5E
7E6E
817E
848E
879E
8AAE
8DBE
90CE
93DE
96EE
DF
3EF
6FF
A0F
D1F
102F
133F
164F
195F
1C6F
1F7F
228F
259F
28AF
2BBF
2ECF
31DF
34EF
37FF
3B0F
3E1F
412F
443F
474F
4A5F
4D6F
507F
538F
569F
59AF
5CBF
5FCF
62DF
65EF
68FF
6C0F
6F1F
722F
753F
784F
7B5F
7E6F
817F
848F
879F
8AAF
8DBF
90CF
93DF
96EF
E0
3F0
700
A10
D20
1030
1340
1650
1960
1C70
1F80
2290
25A0
28B0
2BC0
2ED0
31E0
34F0
3800
3B10
3E20
4130
4440
4750
4A60
4D70
5080
5390
56A0
59B0
5CC0
5FD0
62E0
65F0
6900
6C10
6F20
7230
7540
7850
7B60
7E70
8180
8490
87A0
8AB0
8DC0
90D0
93E0
96F0
E1
3F1
701
A11
D21
1031
1341
1651
1961
1C71
1F81
2291
25A1
28B1
2BC1
2ED1
31E1
34F1
3801
3B11
3E21
4131
4441
4751
4A61
4D71
5081
5391
56A1
59B1
5CC1
5FD1
62E1
65F1
6901
6C11
6F21
7231
7541
7851
7B61
7E71
8181
8491
87A1
8AB1
8DC1
90D1
93E1
96F1
E2
3F2
702
A12
D22
1032
1342
1652
1962
1C72
1F82
2292
25A2
28B2
2BC2
2ED2
31E2
34F2
3802
3B12
3E22
4132
4442
4752
4A62
4D72
5082
5392
56A2
59B2
5CC2
5FD2
62E2
65F2
6902
6C12
6F22
7232
7542
7852
7B62
7E72
8182
8492
87A2
8AB2
8DC2
90D2
93E2
96F2
E3
3F3
703
A13
D23
1033
1343
1653
1963
1C73
1F83
2293
25A3
28B3
2BC3
2ED3
31E3
34F3
3803
3B13
3E23
4133
4443
4753
4A63
4D73
5083
5393
56A3
59B3
5CC3
5FD3
62E3
65F3
6903
6C13
6F23
7233
7543
7853
7B63
7E73
8183
8493
87A3
8AB3
8DC3
90D3
93E3
96F3
E4
3F4
704
A14
D24
1034
1344
1654
1964
1C74
1F84
2294
25A4
28B4
2BC4
2ED4
31E4
34F4
3804
3B14
3E24
4134
4444
4754
4A64
4D74
5084
5394
56A4
59B4
5CC4
5FD4
62E4
65F4
6904
6C14
6F24
7234
7544
7854
7B64
7E74
8184
8494
87A4
8AB4
8DC4
90D4
93E4
96F4
E5
3F5
705
A15
D25
1035
1345
1655
1965
1C75
1F85
2295
25A5
28B5
2BC5
2ED5
31E5
34F5
3805
3B15
3E25
4135
4445
4755
4A65
4D75
5085
5395
56A5
59B5
5CC5
5FD5
62E5
65F5
6905
6C15
6F25
7235
7545
7855
7B65
7E75
8185
8495
87A5
8AB5
8DC5
90D5
93E5
96F5
E6
3F6
706
A16
D26
1036
1346
1656
1966
1C76
1F86
2296
25A6
28B6
2BC6
2ED6
31E6
34F6
3806
3B16
3E26
4136
4446
4756
4A66
4D76
5086
5396
56A6
59B6
5CC6
5FD6
62E6
65F6
6906
6C16
6F26
7236
7546
7856
7B66
7E76
8186
8496
87A6
8AB6
8DC6
90D6
93E6
96F6
E7
3F7
707
A17
D27
1037
1347
1657
1967
1C77
1F87
2297
25A7
28B7
2BC7
2ED7
31E7
34F7
3807
3B17
3E27
4137
4447
4757
4A67
4D77
5087
5397
56A7
59B7
5CC7
5FD7
62E7
65F7
6907
6C17
6F27
7237
7547
7857
7B67
7E77
8187
8497
87A7
8AB7
8DC7
90D7
93E7
96F7
E8
3F8
708
A18
D28
1038
1348
1658
1968
1C78
1F88
2298
25A8
28B8
2BC8
2ED8
31E8
34F8
3808
3B18
3E28
4138
4448
4758
4A68
4D78
5088
5398
56A8
59B8
5CC8
5FD8
62E8
65F8
6908
6C18
6F28
7238
7548
7858
7B68
7E78
8188
8498
87A8
8AB8
8DC8
90D8
93E8
96F8
E9
3F9
709
A19
D29
1039
1349
1659
1969
1C79
1F89
2299
25A9
28B9
2BC9
2ED9
31E9
34F9
3809
3B19
3E29
4139
4449
4759
4A69
4D79
5089
5399
56A9
59B9
5CC9
5FD9
62E9
65F9
6909
6C19
6F29
7239
7549
7859
7B69
7E79
8189
8499
87A9
8AB9
8DC9
90D9
93E9
96F9
EA
3FA
70A
A1A
D2A
103A
134A
165A
196A
1C7A
1F8A
229A
25AA
28BA
2BCA
2EDA
31EA
34FA
380A
3B1A
3E2A
413A
444A
475A
4A6A
4D7A
508A
539A
56AA
59BA
5CCA
5FDA
62EA
65FA
690A
6C1A
6F2A
723A
754A
785A
7B6A
7E7A
818A
849A
87AA
8ABA
8DCA
90DA
93EA
96FA
EB
3FB
70B
A1B
D2B
103B
134B
165B
196B
1C7B
1F8B
229B
25AB
28BB
2BCB
2EDB
31EB
34FB
380B
3B1B
3E2B
413B
444B
475B
4A6B
4D7B
508B
539B
56AB
59BB
5CCB
5FDB
62EB
65FB
690B
6C1B
6F2B
723B
754B
785B
7B6B
7E7B
818B
849B
87AB
8ABB
8DCB
90DB
93EB
96FB
EC
3FC
70C
A1C
D2C
103C
134C
165C
196C
1C7C
1F8C
229C
25AC
28BC
2BCC
2EDC
31EC
34FC
380C
3B1C
3E2C
413C
444C
475C
4A6C
4D7C
508C
539C
56AC
59BC
5CCC
5FDC
62EC
65FC
690C
6C1C
6F2C
723C
754C
785C
7B6C
7E7C
818C
849C
87AC
8ABC
8DCC
90DC
93EC
96FC
ED
3FD
70D
A1D
D2D
103D
134D
165D
196D
1C7D
1F8D
229D
25AD
28BD
2BCD
2EDD
31ED
34FD
380D
3B1D
3E2D
413D
444D
475D
4A6D
4D7D
508D
539D
56AD
59BD
5CCD
5FDD
62ED
65FD
690D
6C1D
6F2D
723D
754D
785D
7B6D
7E7D
818D
849D
87AD
8ABD
8DCD
90DD
93ED
96FD
EE
3FE
70E
A1E
D2E
103E
134E
165E
196E
1C7E
1F8E
229E
25AE
28BE
2BCE
2EDE
31EE
34FE
380E
3B1E
3E2E
413E
444E
475E
4A6E
4D7E
508E
539E
56AE
59BE
5CCE
5FDE
62EE
65FE
690E
6C1E
6F2E
723E
754E
785E
7B6E
7E7E
818E
849E
87AE
8ABE
8DCE
90DE
93EE
96FE
EF
3FF
70F
A1F
D2F
103F
134F
165F
196F
1C7F
1F8F
229F
25AF
28BF
2BCF
2EDF
31EF
34FF
380F
3B1F
3E2F
413F
444F
475F
4A6F
4D7F
508F
539F
56AF
59BF
5CCF
5FDF
62EF
65FF
690F
6C1F
6F2F
723F
754F
785F
7B6F
7E7F
818F
849F
87AF
8ABF
8DCF
90DF
93EF
96FF
F0
400
710
A20
D30
1040
1350
1660
1970
1C80
1F90
22A0
25B0
28C0
2BD0
2EE0
31F0
3500
3810
3B20
3E30
4140
4450
4760
4A70
4D80
5090
53A0
56B0
59C0
5CD0
5FE0
62F0
6600
6910
6C20
6F30
7240
7550
7860
7B70
7E80
8190
84A0
87B0
8AC0
8DD0
90E0
93F0
9700
F1
401
711
A21
D31
1041
1351
1661
1971
1C81
1F91
22A1
25B1
28C1
2BD1
2EE1
31F1
3501
3811
3B21
3E31
4141
4451
4761
4A71
4D81
5091
53A1
56B1
59C1
5CD1
5FE1
62F1
6601
6911
6C21
6F31
7241
7551
7861
7B71
7E81
8191
84A1
87B1
8AC1
8DD1
90E1
93F1
9701
F2
402
712
A22
D32
1042
1352
1662
1972
1C82
1F92
22A2
25B2
28C2
2BD2
2EE2
31F2
3502
3812
3B22
3E32
4142
4452
4762
4A72
4D82
5092
53A2
56B2
59C2
5CD2
5FE2
62F2
6602
6912
6C22
6F32
7242
7552
7862
7B72
7E82
8192
84A2
87B2
8AC2
8DD2
90E2
93F2
9702
F3
403
713
A23
D33
1043
1353
1663
1973
1C83
1F93
22A3
25B3
28C3
2BD3
2EE3
31F3
3503
3813
3B23
3E33
4143
4453
4763
4A73
4D83
5093
53A3
56B3
59C3
5CD3
5FE3
62F3
6603
6913
6C23
6F33
7243
7553
7863
7B73
7E83
8193
84A3
87B3
8AC3
8DD3
90E3
93F3
9703
F4
404
714
A24
D34
1044
1354
1664
1974
1C84
1F94
22A4
25B4
28C4
2BD4
2EE4
31F4
3504
3814
3B24
3E34
4144
4454
4764
4A74
4D84
5094
53A4
56B4
59C4
5CD4
5FE4
62F4
6604
6914
6C24
6F34
7244
7554
7864
7B74
7E84
8194
84A4
87B4
8AC4
8DD4
90E4
93F4
9704
F5
405
715
A25
D35
1045
1355
1665
1975
1C85
1F95
22A5
25B5
28C5
2BD5
2EE5
31F5
3505
3815
3B25
3E35
4145
4455
4765
4A75
4D85
5095
53A5
56B5
59C5
5CD5
5FE5
62F5
6605
6915
6C25
6F35
7245
7555
7865
7B75
7E85
8195
84A5
87B5
8AC5
8DD5
90E5
93F5
9705
F6
406
716
A26
D36
1046
1356
1666
1976
1C86
1F96
22A6
25B6
28C6
2BD6
2EE6
31F6
3506
3816
3B26
3E36
4146
4456
4766
4A76
4D86
5096
53A6
56B6
59C6
5CD6
5FE6
62F6
6606
6916
6C26
6F36
7246
7556
7866
7B76
7E86
8196
84A6
87B6
8AC6
8DD6
90E6
93F6
9706
F7
407
717
A27
D37
1047
1357
1667
1977
1C87
1F97
22A7
25B7
28C7
2BD7
2EE7
31F7
3507
3817
3B27
3E37
4147
4457
4767
4A77
4D87
5097
53A7
56B7
59C7
5CD7
5FE7
62F7
6607
6917
6C27
6F37
7247
7557
7867
7B77
7E87
8197
84A7
87B7
8AC7
8DD7
90E7
93F7
9707
F8
408
718
A28
D38
1048
1358
1668
1978
1C88
1F98
22A8
25B8
28C8
2BD8
2EE8
31F8
3508
3818
3B28
3E38
4148
4458
4768
4A78
4D88
5098
53A8
56B8
59C8
5CD8
5FE8
62F8
6608
6918
6C28
6F38
7248
7558
7868
7B78
7E88
8198
84A8
87B8
8AC8
8DD8
90E8
93F8
9708
F9
409
719
A29
D39
1049
1359
1669
1979
1C89
1F99
22A9
25B9
28C9
2BD9
2EE9
31F9
3509
3819
3B29
3E39
4149
4459
4769
4A79
4D89
5099
53A9
56B9
59C9
5CD9
5FE9
62F9
6609
6919
6C29
6F39
7249
7559
7869
7B79
7E89
8199
84A9
87B9
8AC9
8DD9
90E9
93F9
9709
FA
40A
71A
A2A
D3A
104A
135A
166A
197A
1C8A
1F9A
22AA
25BA
28CA
2BDA
2EEA
31FA
350A
381A
3B2A
3E3A
414A
445A
476A
4A7A
4D8A
509A
53AA
56BA
59CA
5CDA
5FEA
62FA
660A
691A
6C2A
6F3A
724A
755A
786A
7B7A
7E8A
819A
84AA
87BA
8ACA
8DDA
90EA
93FA
970A
FB
40B
71B
A2B
D3B
104B
135B
166B
197B
1C8B
1F9B
22AB
25BB
28CB
2BDB
2EEB
31FB
350B
381B
3B2B
3E3B
414B
445B
476B
4A7B
4D8B
509B
53AB
56BB
59CB
5CDB
5FEB
62FB
660B
691B
6C2B
6F3B
724B
755B
786B
7B7B
7E8B
819B
84AB
87BB
8ACB
8DDB
90EB
93FB
970B
FC
40C
71C
A2C
D3C
104C
135C
166C
197C
1C8C
1F9C
22AC
25BC
28CC
2BDC
2EEC
31FC
350C
381C
3B2C
3E3C
414C
445C
476C
4A7C
4D8C
509C
53AC
56BC
59CC
5CDC
5FEC
62FC
660C
691C
6C2C
6F3C
724C
755C
786C
7B7C
7E8C
819C
84AC
87BC
8ACC
8DDC
90EC
93FC
970C
FD
40D
71D
A2D
D3D
104D
135D
166D
197D
1C8D
1F9D
22AD
25BD
28CD
2BDD
2EED
31FD
350D
381D
3B2D
3E3D
414D
445D
476D
4A7D
4D8D
509D
53AD
56BD
59CD
5CDD
5FED
62FD
660D
691D
6C2D
6F3D
724D
755D
786D
7B7D
7E8D
819D
84AD
87BD
8ACD
8DDD
90ED
93FD
970D
FE
40E
71E
A2E
D3E
104E
135E
166E
197E
1C8E
1F9E
22AE
25BE
28CE
2BDE
2EEE
31FE
350E
381E
3B2E
3E3E
414E
445E
476E
4A7E
4D8E
509E
53AE
56BE
59CE
5CDE
5FEE
62FE
660E
691E
6C2E
6F3E
724E
755E
786E
7B7E
7E8E
819E
84AE
87BE
8ACE
8DDE
90EE
93FE
970E
FF
40F
71F
A2F
D3F
104F
135F
166F
197F
1C8F
1F9F
22AF
25BF
28CF
2BDF
2EEF
31FF
350F
381F
3B2F
3E3F
414F
445F
476F
4A7F
4D8F
509F
53AF
56BF
59CF
5CDF
5FEF
62FF
660F
691F
6C2F
6F3F
724F
755F
786F
7B7F
7E8F
819F
84AF
87BF
8ACF
8DDF
90EF
93FF
970F
100
410
720
A30
D40
1050
1360
1670
1980
1C90
1FA0
22B0
25C0
28D0
2BE0
2EF0
3200
3510
3820
3B30
3E40
4150
4460
4770
4A80
4D90
50A0
53B0
56C0
59D0
5CE0
5FF0
6300
6610
6920
6C30
6F40
7250
7560
7870
7B80
7E90
81A0
84B0
87C0
8AD0
8DE0
90F0
9400
9710
101
411
721
A31
D41
1051
1361
1671
1981
1C91
1FA1
22B1
25C1
28D1
2BE1
2EF1
3201
3511
3821
3B31
3E41
4151
4461
4771
4A81
4D91
50A1
53B1
56C1
59D1
5CE1
5FF1
6301
6611
6921
6C31
6F41
7251
7561
7871
7B81
7E91
81A1
84B1
87C1
8AD1
8DE1
90F1
9401
9711
102
412
722
A32
D42
1052
1362
1672
1982
1C92
1FA2
22B2
25C2
28D2
2BE2
2EF2
3202
3512
3822
3B32
3E42
4152
4462
4772
4A82
4D92
50A2
53B2
56C2
59D2
5CE2
5FF2
6302
6612
6922
6C32
6F42
7252
7562
7872
7B82
7E92
81A2
84B2
87C2
8AD2
8DE2
90F2
9402
9712
103
413
723
A33
D43
1053
1363
1673
1983
1C93
1FA3
22B3
25C3
28D3
2BE3
2EF3
3203
3513
3823
3B33
3E43
4153
4463
4773
4A83
4D93
50A3
53B3
56C3
59D3
5CE3
5FF3
6303
6613
6923
6C33
6F43
7253
7563
7873
7B83
7E93
81A3
84B3
87C3
8AD3
8DE3
90F3
9403
9713
104
414
724
A34
D44
1054
1364
1674
1984
1C94
1FA4
22B4
25C4
28D4
2BE4
2EF4
3204
3514
3824
3B34
3E44
4154
4464
4774
4A84
4D94
50A4
53B4
56C4
59D4
5CE4
5FF4
6304
6614
6924
6C34
6F44
7254
7564
7874
7B84
7E94
81A4
84B4
87C4
8AD4
8DE4
90F4
9404
9714
105
415
725
A35
D45
1055
1365
1675
1985
1C95
1FA5
22B5
25C5
28D5
2BE5
2EF5
3205
3515
3825
3B35
3E45
4155
4465
4775
4A85
4D95
50A5
53B5
56C5
59D5
5CE5
5FF5
6305
6615
6925
6C35
6F45
7255
7565
7875
7B85
7E95
81A5
84B5
87C5
8AD5
8DE5
90F5
9405
9715
106
416
726
A36
D46
1056
1366
1676
1986
1C96
1FA6
22B6
25C6
28D6
2BE6
2EF6
3206
3516
3826
3B36
3E46
4156
4466
4776
4A86
4D96
50A6
53B6
56C6
59D6
5CE6
5FF6
6306
6616
6926
6C36
6F46
7256
7566
7876
7B86
7E96
81A6
84B6
87C6
8AD6
8DE6
90F6
9406
9716
107
417
727
A37
D47
1057
1367
1677
1987
1C97
1FA7
22B7
25C7
28D7
2BE7
2EF7
3207
3517
3827
3B37
3E47
4157
4467
4777
4A87
4D97
50A7
53B7
56C7
59D7
5CE7
5FF7
6307
6617
6927
6C37
6F47
7257
7567
7877
7B87
7E97
81A7
84B7
87C7
8AD7
8DE7
90F7
9407
9717
108
418
728
A38
D48
1058
1368
1678
1988
1C98
1FA8
22B8
25C8
28D8
2BE8
2EF8
3208
3518
3828
3B38
3E48
4158
4468
4778
4A88
4D98
50A8
53B8
56C8
59D8
5CE8
5FF8
6308
6618
6928
6C38
6F48
7258
7568
7878
7B88
7E98
81A8
84B8
87C8
8AD8
8DE8
90F8
9408
9718
109
419
729
A39
D49
1059
1369
1679
1989
1C99
1FA9
22B9
25C9
28D9
2BE9
2EF9
3209
3519
3829
3B39
3E49
4159
4469
4779
4A89
4D99
50A9
53B9
56C9
59D9
5CE9
5FF9
6309
6619
6929
6C39
6F49
7259
7569
7879
7B89
7E99
81A9
84B9
87C9
8AD9
8DE9
90F9
9409
9719
10A
41A
72A
A3A
D4A
105A
136A
167A
198A
1C9A
1FAA
22BA
25CA
28DA
2BEA
2EFA
320A
351A
382A
3B3A
3E4A
415A
446A
477A
4A8A
4D9A
50AA
53BA
56CA
59DA
5CEA
5FFA
630A
661A
692A
6C3A
6F4A
725A
756A
787A
7B8A
7E9A
81AA
84BA
87CA
8ADA
8DEA
90FA
940A
971A
10B
41B
72B
A3B
D4B
105B
136B
167B
198B
1C9B
1FAB
22BB
25CB
28DB
2BEB
2EFB
320B
351B
382B
3B3B
3E4B
415B
446B
477B
4A8B
4D9B
50AB
53BB
56CB
59DB
5CEB
5FFB
630B
661B
692B
6C3B
6F4B
725B
756B
787B
7B8B
7E9B
81AB
84BB
87CB
8ADB
8DEB
90FB
940B
971B
10C
41C
72C
A3C
D4C
105C
136C
167C
198C
1C9C
1FAC
22BC
25CC
28DC
2BEC
2EFC
320C
351C
382C
3B3C
3E4C
415C
446C
477C
4A8C
4D9C
50AC
53BC
56CC
59DC
5CEC
5FFC
630C
661C
692C
6C3C
6F4C
725C
756C
787C
7B8C
7E9C
81AC
84BC
87CC
8ADC
8DEC
90FC
940C
971C
10D
41D
72D
A3D
D4D
105D
136D
167D
198D
1C9D
1FAD
22BD
25CD
28DD
2BED
2EFD
320D
351D
382D
3B3D
3E4D
415D
446D
477D
4A8D
4D9D
50AD
53BD
56CD
59DD
5CED
5FFD
630D
661D
692D
6C3D
6F4D
725D
756D
787D
7B8D
7E9D
81AD
84BD
87CD
8ADD
8DED
90FD
940D
971D
10E
41E
72E
A3E
D4E
105E
136E
167E
198E
1C9E
1FAE
22BE
25CE
28DE
2BEE
2EFE
320E
351E
382E
3B3E
3E4E
415E
446E
477E
4A8E
4D9E
50AE
53BE
56CE
59DE
5CEE
5FFE
630E
661E
692E
6C3E
6F4E
725E
756E
787E
7B8E
7E9E
81AE
84BE
87CE
8ADE
8DEE
90FE
940E
971E
10F
41F
72F
A3F
D4F
105F
136F
167F
198F
1C9F
1FAF
22BF
25CF
28DF
2BEF
2EFF
320F
351F
382F
3B3F
3E4F
415F
446F
477F
4A8F
4D9F
50AF
53BF
56CF
59DF
5CEF
5FFF
630F
661F
692F
6C3F
6F4F
725F
756F
787F
7B8F
7E9F
81AF
84BF
87CF
8ADF
8DEF
90FF
940F
971F
110
420
730
A40
D50
1060
1370
1680
1990
1CA0
1FB0
22C0
25D0
28E0
2BF0
2F00
3210
3520
3830
3B40
3E50
4160
4470
4780
4A90
4DA0
50B0
53C0
56D0
59E0
5CF0
6000
6310
6620
6930
6C40
6F50
7260
7570
7880
7B90
7EA0
81B0
84C0
87D0
8AE0
8DF0
9100
9410
9720
111
421
731
A41
D51
1061
1371
1681
1991
1CA1
1FB1
22C1
25D1
28E1
2BF1
2F01
3211
3521
3831
3B41
3E51
4161
4471
4781
4A91
4DA1
50B1
53C1
56D1
59E1
5CF1
6001
6311
6621
6931
6C41
6F51
7261
7571
7881
7B91
7EA1
81B1
84C1
87D1
8AE1
8DF1
9101
9411
9721
112
422
732
A42
D52
1062
1372
1682
1992
1CA2
1FB2
22C2
25D2
28E2
2BF2
2F02
3212
3522
3832
3B42
3E52
4162
4472
4782
4A92
4DA2
50B2
53C2
56D2
59E2
5CF2
6002
6312
6622
6932
6C42
6F52
7262
7572
7882
7B92
7EA2
81B2
84C2
87D2
8AE2
8DF2
9102
9412
9722
113
423
733
A43
D53
1063
1373
1683
1993
1CA3
1FB3
22C3
25D3
28E3
2BF3
2F03
3213
3523
3833
3B43
3E53
4163
4473
4783
4A93
4DA3
50B3
53C3
56D3
59E3
5CF3
6003
6313
6623
6933
6C43
6F53
7263
7573
7883
7B93
7EA3
81B3
84C3
87D3
8AE3
8DF3
9103
9413
9723
114
424
734
A44
D54
1064
1374
1684
1994
1CA4
1FB4
22C4
25D4
28E4
2BF4
2F04
3214
3524
3834
3B44
3E54
4164
4474
4784
4A94
4DA4
50B4
53C4
56D4
59E4
5CF4
6004
6314
6624
6934
6C44
6F54
7264
7574
7884
7B94
7EA4
81B4
84C4
87D4
8AE4
8DF4
9104
9414
9724
115
425
735
A45
D55
1065
1375
1685
1995
1CA5
1FB5
22C5
25D5
28E5
2BF5
2F05
3215
3525
3835
3B45
3E55
4165
4475
4785
4A95
4DA5
50B5
53C5
56D5
59E5
5CF5
6005
6315
6625
6935
6C45
6F55
7265
7575
7885
7B95
7EA5
81B5
84C5
87D5
8AE5
8DF5
9105
9415
9725
116
426
736
A46
D56
1066
1376
1686
1996
1CA6
1FB6
22C6
25D6
28E6
2BF6
2F06
3216
3526
3836
3B46
3E56
4166
4476
4786
4A96
4DA6
50B6
53C6
56D6
59E6
5CF6
6006
6316
6626
6936
6C46
6F56
7266
7576
7886
7B96
7EA6
81B6
84C6
87D6
8AE6
8DF6
9106
9416
9726
117
427
737
A47
D57
1067
1377
1687
1997
1CA7
1FB7
22C7
25D7
28E7
2BF7
2F07
3217
3527
3837
3B47
3E57
4167
4477
4787
4A97
4DA7
50B7
53C7
56D7
59E7
5CF7
6007
6317
6627
6937
6C47
6F57
7267
7577
7887
7B97
7EA7
81B7
84C7
87D7
8AE7
8DF7
9107
9417
9727
118
428
738
A48
D58
1068
1378
1688
1998
1CA8
1FB8
22C8
25D8
28E8
2BF8
2F08
3218
3528
3838
3B48
3E58
4168
4478
4788
4A98
4DA8
50B8
53C8
56D8
59E8
5CF8
6008
6318
6628
6938
6C48
6F58
7268
7578
7888
7B98
7EA8
81B8
84C8
87D8
8AE8
8DF8
9108
9418
9728
119
429
739
A49
D59
1069
1379
1689
1999
1CA9
1FB9
22C9
25D9
28E9
2BF9
2F09
3219
3529
3839
3B49
3E59
4169
4479
4789
4A99
4DA9
50B9
53C9
56D9
59E9
5CF9
6009
6319
6629
6939
6C49
6F59
7269
7579
7889
7B99
7EA9
81B9
84C9
87D9
8AE9
8DF9
9109
9419
9729
11A
42A
73A
A4A
D5A
106A
137A
168A
199A
1CAA
1FBA
22CA
25DA
28EA
2BFA
2F0A
321A
352A
383A
3B4A
3E5A
416A
447A
478A
4A9A
4DAA
50BA
53CA
56DA
59EA
5CFA
600A
631A
662A
693A
6C4A
6F5A
726A
757A
788A
7B9A
7EAA
81BA
84CA
87DA
8AEA
8DFA
910A
941A
972A
11B
42B
73B
A4B
D5B
106B
137B
168B
199B
1CAB
1FBB
22CB
25DB
28EB
2BFB
2F0B
321B
352B
383B
3B4B
3E5B
416B
447B
478B
4A9B
4DAB
50BB
53CB
56DB
59EB
5CFB
600B
631B
662B
693B
6C4B
6F5B
726B
757B
788B
7B9B
7EAB
81BB
84CB
87DB
8AEB
8DFB
910B
941B
972B
11C
42C
73C
A4C
D5C
106C
137C
168C
199C
1CAC
1FBC
22CC
25DC
28EC
2BFC
2F0C
321C
352C
383C
3B4C
3E5C
416C
447C
478C
4A9C
4DAC
50BC
53CC
56DC
59EC
5CFC
600C
631C
662C
693C
6C4C
6F5C
726C
757C
788C
7B9C
7EAC
81BC
84CC
87DC
8AEC
8DFC
910C
941C
972C
11D
42D
73D
A4D
D5D
106D
137D
168D
199D
1CAD
1FBD
22CD
25DD
28ED
2BFD
2F0D
321D
352D
383D
3B4D
3E5D
416D
447D
478D
4A9D
4DAD
50BD
53CD
56DD
59ED
5CFD
600D
631D
662D
693D
6C4D
6F5D
726D
757D
788D
7B9D
7EAD
81BD
84CD
87DD
8AED
8DFD
910D
941D
972D
11E
42E
73E
A4E
D5E
106E
137E
168E
199E
1CAE
1FBE
22CE
25DE
28EE
2BFE
2F0E
321E
352E
383E
3B4E
3E5E
416E
447E
478E
4A9E
4DAE
50BE
53CE
56DE
59EE
5CFE
600E
631E
662E
693E
6C4E
6F5E
726E
757E
788E
7B9E
7EAE
81BE
84CE
87DE
8AEE
8DFE
910E
941E
972E
11F
42F
73F
A4F
D5F
106F
137F
168F
199F
1CAF
1FBF
22CF
25DF
28EF
2BFF
2F0F
321F
352F
383F
3B4F
3E5F
416F
447F
478F
4A9F
4DAF
50BF
53CF
56DF
59EF
5CFF
600F
631F
662F
693F
6C4F
6F5F
726F
757F
788F
7B9F
7EAF
81BF
84CF
87DF
8AEF
8DFF
910F
941F
972F
120
430
740
A50
D60
1070
1380
1690
19A0
1CB0
1FC0
22D0
25E0
28F0
2C00
2F10
3220
3530
3840
3B50
3E60
4170
4480
4790
4AA0
4DB0
50C0
53D0
56E0
59F0
5D00
6010
6320
6630
6940
6C50
6F60
7270
7580
7890
7BA0
7EB0
81C0
84D0
87E0
8AF0
8E00
9110
9420
9730
121
431
741
A51
D61
1071
1381
1691
19A1
1CB1
1FC1
22D1
25E1
28F1
2C01
2F11
3221
3531
3841
3B51
3E61
4171
4481
4791
4AA1
4DB1
50C1
53D1
56E1
59F1
5D01
6011
6321
6631
6941
6C51
6F61
7271
7581
7891
7BA1
7EB1
81C1
84D1
87E1
8AF1
8E01
9111
9421
9731
122
432
742
A52
D62
1072
1382
1692
19A2
1CB2
1FC2
22D2
25E2
28F2
2C02
2F12
3222
3532
3842
3B52
3E62
4172
4482
4792
4AA2
4DB2
50C2
53D2
56E2
59F2
5D02
6012
6322
6632
6942
6C52
6F62
7272
7582
7892
7BA2
7EB2
81C2
84D2
87E2
8AF2
8E02
9112
9422
9732
123
433
743
A53
D63
1073
1383
1693
19A3
1CB3
1FC3
22D3
25E3
28F3
2C03
2F13
3223
3533
3843
3B53
3E63
4173
4483
4793
4AA3
4DB3
50C3
53D3
56E3
59F3
5D03
6013
6323
6633
6943
6C53
6F63
7273
7583
7893
7BA3
7EB3
81C3
84D3
87E3
8AF3
8E03
9113
9423
9733
124
434
744
A54
D64
1074
1384
1694
19A4
1CB4
1FC4
22D4
25E4
28F4
2C04
2F14
3224
3534
3844
3B54
3E64
4174
4484
4794
4AA4
4DB4
50C4
53D4
56E4
59F4
5D04
6014
6324
6634
6944
6C54
6F64
7274
7584
7894
7BA4
7EB4
81C4
84D4
87E4
8AF4
8E04
9114
9424
9734
125
435
745
A55
D65
1075
1385
1695
19A5
1CB5
1FC5
22D5
25E5
28F5
2C05
2F15
3225
3535
3845
3B55
3E65
4175
4485
4795
4AA5
4DB5
50C5
53D5
56E5
59F5
5D05
6015
6325
6635
6945
6C55
6F65
7275
7585
7895
7BA5
7EB5
81C5
84D5
87E5
8AF5
8E05
9115
9425
9735
126
436
746
A56
D66
1076
1386
1696
19A6
1CB6
1FC6
22D6
25E6
28F6
2C06
2F16
3226
3536
3846
3B56
3E66
4176
4486
4796
4AA6
4DB6
50C6
53D6
56E6
59F6
5D06
6016
6326
6636
6946
6C56
6F66
7276
7586
7896
7BA6
7EB6
81C6
84D6
87E6
8AF6
8E06
9116
9426
9736
127
437
747
A57
D67
1077
1387
1697
19A7
1CB7
1FC7
22D7
25E7
28F7
2C07
2F17
3227
3537
3847
3B57
3E67
4177
4487
4797
4AA7
4DB7
50C7
53D7
56E7
59F7
5D07
6017
6327
6637
6947
6C57
6F67
7277
7587
7897
7BA7
7EB7
81C7
84D7
87E7
8AF7
8E07
9117
9427
9737
128
438
748
A58
D68
1078
1388
1698
19A8
1CB8
1FC8
22D8
25E8
28F8
2C08
2F18
3228
3538
3848
3B58
3E68
4178
4488
4798
4AA8
4DB8
50C8
53D8
56E8
59F8
5D08
6018
6328
6638
6948
6C58
6F68
7278
7588
7898
7BA8
7EB8
81C8
84D8
87E8
8AF8
8E08
9118
9428
9738
129
439
749
A59
D69
1079
1389
1699
19A9
1CB9
1FC9
22D9
25E9
28F9
2C09
2F19
3229
3539
3849
3B59
3E69
4179
4489
4799
4AA9
4DB9
50C9
53D9
56E9
59F9
5D09
6019
6329
6639
6949
6C59
6F69
7279
7589
7899
7BA9
7EB9
81C9
84D9
87E9
8AF9
8E09
9119
9429
9739
12A
43A
74A
A5A
D6A
107A
138A
169A
19AA
1CBA
1FCA
22DA
25EA
28FA
2C0A
2F1A
322A
353A
384A
3B5A
3E6A
417A
448A
479A
4AAA
4DBA
50CA
53DA
56EA
59FA
5D0A
601A
632A
663A
694A
6C5A
6F6A
727A
758A
789A
7BAA
7EBA
81CA
84DA
87EA
8AFA
8E0A
911A
942A
973A
12B
43B
74B
A5B
D6B
107B
138B
169B
19AB
1CBB
1FCB
22DB
25EB
28FB
2C0B
2F1B
322B
353B
384B
3B5B
3E6B
417B
448B
479B
4AAB
4DBB
50CB
53DB
56EB
59FB
5D0B
601B
632B
663B
694B
6C5B
6F6B
727B
758B
789B
7BAB
7EBB
81CB
84DB
87EB
8AFB
8E0B
911B
942B
973B
12C
43C
74C
A5C
D6C
107C
138C
169C
19AC
1CBC
1FCC
22DC
25EC
28FC
2C0C
2F1C
322C
353C
384C
3B5C
3E6C
417C
448C
479C
4AAC
4DBC
50CC
53DC
56EC
59FC
5D0C
601C
632C
663C
694C
6C5C
6F6C
727C
758C
789C
7BAC
7EBC
81CC
84DC
87EC
8AFC
8E0C
911C
942C
973C
12D
43D
74D
A5D
D6D
107D
138D
169D
19AD
1CBD
1FCD
22DD
25ED
28FD
2C0D
2F1D
322D
353D
384D
3B5D
3E6D
417D
448D
479D
4AAD
4DBD
50CD
53DD
56ED
59FD
5D0D
601D
632D
663D
694D
6C5D
6F6D
727D
758D
789D
7BAD
7EBD
81CD
84DD
87ED
8AFD
8E0D
911D
942D
973D
12E
43E
74E
A5E
D6E
107E
138E
169E
19AE
1CBE
1FCE
22DE
25EE
28FE
2C0E
2F1E
322E
353E
384E
3B5E
3E6E
417E
448E
479E
4AAE
4DBE
50CE
53DE
56EE
59FE
5D0E
601E
632E
663E
694E
6C5E
6F6E
727E
758E
789E
7BAE
7EBE
81CE
84DE
87EE
8AFE
8E0E
911E
942E
973E
12F
43F
74F
A5F
D6F
107F
138F
169F
19AF
1CBF
1FCF
22DF
25EF
28FF
2C0F
2F1F
322F
353F
384F
3B5F
3E6F
417F
448F
479F
4AAF
4DBF
50CF
53DF
56EF
59FF
5D0F
601F
632F
663F
694F
6C5F
6F6F
727F
758F
789F
7BAF
7EBF
81CF
84DF
87EF
8AFF
8E0F
911F
942F
973F
130
440
750
A60
D70
1080
1390
16A0
19B0
1CC0
1FD0
22E0
25F0
2900
2C10
2F20
3230
3540
3850
3B60
3E70
4180
4490
47A0
4AB0
4DC0
50D0
53E0
56F0
5A00
5D10
6020
6330
6640
6950
6C60
6F70
7280
7590
78A0
7BB0
7EC0
81D0
84E0
87F0
8B00
8E10
9120
9430
9740
131
441
751
A61
D71
1081
1391
16A1
19B1
1CC1
1FD1
22E1
25F1
2901
2C11
2F21
3231
3541
3851
3B61
3E71
4181
4491
47A1
4AB1
4DC1
50D1
53E1
56F1
5A01
5D11
6021
6331
6641
6951
6C61
6F71
7281
7591
78A1
7BB1
7EC1
81D1
84E1
87F1
8B01
8E11
9121
9431
9741
132
442
752
A62
D72
1082
1392
16A2
19B2
1CC2
1FD2
22E2
25F2
2902
2C12
2F22
3232
3542
3852
3B62
3E72
4182
4492
47A2
4AB2
4DC2
50D2
53E2
56F2
5A02
5D12
6022
6332
6642
6952
6C62
6F72
7282
7592
78A2
7BB2
7EC2
81D2
84E2
87F2
8B02
8E12
9122
9432
9742
133
443
753
A63
D73
1083
1393
16A3
19B3
1CC3
1FD3
22E3
25F3
2903
2C13
2F23
3233
3543
3853
3B63
3E73
4183
4493
47A3
4AB3
4DC3
50D3
53E3
56F3
5A03
5D13
6023
6333
6643
6953
6C63
6F73
7283
7593
78A3
7BB3
7EC3
81D3
84E3
87F3
8B03
8E13
9123
9433
9743
134
444
754
A64
D74
1084
1394
16A4
19B4
1CC4
1FD4
22E4
25F4
2904
2C14
2F24
3234
3544
3854
3B64
3E74
4184
4494
47A4
4AB4
4DC4
50D4
53E4
56F4
5A04
5D14
6024
6334
6644
6954
6C64
6F74
7284
7594
78A4
7BB4
7EC4
81D4
84E4
87F4
8B04
8E14
9124
9434
9744
135
445
755
A65
D75
1085
1395
16A5
19B5
1CC5
1FD5
22E5
25F5
2905
2C15
2F25
3235
3545
3855
3B65
3E75
4185
4495
47A5
4AB5
4DC5
50D5
53E5
56F5
5A05
5D15
6025
6335
6645
6955
6C65
6F75
7285
7595
78A5
7BB5
7EC5
81D5
84E5
87F5
8B05
8E15
9125
9435
9745
136
446
756
A66
D76
1086
1396
16A6
19B6
1CC6
1FD6
22E6
25F6
2906
2C16
2F26
3236
3546
3856
3B66
3E76
4186
4496
47A6
4AB6
4DC6
50D6
53E6
56F6
5A06
5D16
6026
6336
6646
6956
6C66
6F76
7286
7596
78A6
7BB6
7EC6
81D6
84E6
87F6
8B06
8E16
9126
9436
9746
137
447
757
A67
D77
1087
1397
16A7
19B7
1CC7
1FD7
22E7
25F7
2907
2C17
2F27
3237
3547
3857
3B67
3E77
4187
4497
47A7
4AB7
4DC7
50D7
53E7
56F7
5A07
5D17
6027
6337
6647
6957
6C67
6F77
7287
7597
78A7
7BB7
7EC7
81D7
84E7
87F7
8B07
8E17
9127
9437
9747
138
448
758
A68
D78
1088
1398
16A8
19B8
1CC8
1FD8
22E8
25F8
2908
2C18
2F28
3238
3548
3858
3B68
3E78
4188
4498
47A8
4AB8
4DC8
50D8
53E8
56F8
5A08
5D18
6028
6338
6648
6958
6C68
6F78
7288
7598
78A8
7BB8
7EC8
81D8
84E8
87F8
8B08
8E18
9128
9438
9748
139
449
759
A69
D79
1089
1399
16A9
19B9
1CC9
1FD9
22E9
25F9
2909
2C19
2F29
3239
3549
3859
3B69
3E79
4189
4499
47A9
4AB9
4DC9
50D9
53E9
56F9
5A09
5D19
6029
6339
6649
6959
6C69
6F79
7289
7599
78A9
7BB9
7EC9
81D9
84E9
87F9
8B09
8E19
9129
9439
9749
13A
44A
75A
A6A
D7A
108A
139A
16AA
19BA
1CCA
1FDA
22EA
25FA
290A
2C1A
2F2A
323A
354A
385A
3B6A
3E7A
418A
449A
47AA
4ABA
4DCA
50DA
53EA
56FA
5A0A
5D1A
602A
633A
664A
695A
6C6A
6F7A
728A
759A
78AA
7BBA
7ECA
81DA
84EA
87FA
8B0A
8E1A
912A
943A
974A
13B
44B
75B
A6B
D7B
108B
139B
16AB
19BB
1CCB
1FDB
22EB
25FB
290B
2C1B
2F2B
323B
354B
385B
3B6B
3E7B
418B
449B
47AB
4ABB
4DCB
50DB
53EB
56FB
5A0B
5D1B
602B
633B
664B
695B
6C6B
6F7B
728B
759B
78AB
7BBB
7ECB
81DB
84EB
87FB
8B0B
8E1B
912B
943B
974B
13C
44C
75C
A6C
D7C
108C
139C
16AC
19BC
1CCC
1FDC
22EC
25FC
290C
2C1C
2F2C
323C
354C
385C
3B6C
3E7C
418C
449C
47AC
4ABC
4DCC
50DC
53EC
56FC
5A0C
5D1C
602C
633C
664C
695C
6C6C
6F7C
728C
759C
78AC
7BBC
7ECC
81DC
84EC
87FC
8B0C
8E1C
912C
943C
974C
13D
44D
75D
A6D
D7D
108D
139D
16AD
19BD
1CCD
1FDD
22ED
25FD
290D
2C1D
2F2D
323D
354D
385D
3B6D
3E7D
418D
449D
47AD
4ABD
4DCD
50DD
53ED
56FD
5A0D
5D1D
602D
633D
664D
695D
6C6D
6F7D
728D
759D
78AD
7BBD
7ECD
81DD
84ED
87FD
8B0D
8E1D
912D
943D
974D
13E
44E
75E
A6E
D7E
108E
139E
16AE
19BE
1CCE
1FDE
22EE
25FE
290E
2C1E
2F2E
323E
354E
385E
3B6E
3E7E
418E
449E
47AE
4ABE
4DCE
50DE
53EE
56FE
5A0E
5D1E
602E
633E
664E
695E
6C6E
6F7E
728E
759E
78AE
7BBE
7ECE
81DE
84EE
87FE
8B0E
8E1E
912E
943E
974E
13F
44F
75F
A6F
D7F
108F
139F
16AF
19BF
1CCF
1FDF
22EF
25FF
290F
2C1F
2F2F
323F
354F
385F
3B6F
3E7F
418F
449F
47AF
4ABF
4DCF
50DF
53EF
56FF
5A0F
5D1F
602F
633F
664F
695F
6C6F
6F7F
728F
759F
78AF
7BBF
7ECF
81DF
84EF
87FF
8B0F
8E1F
912F
943F
974F
140
450
760
A70
D80
1090
13A0
16B0
19C0
1CD0
1FE0
22F0
2600
2910
2C20
2F30
3240
3550
3860
3B70
3E80
4190
44A0
47B0
4AC0
4DD0
50E0
53F0
5700
5A10
5D20
6030
6340
6650
6960
6C70
6F80
7290
75A0
78B0
7BC0
7ED0
81E0
84F0
8800
8B10
8E20
9130
9440
9750
141
451
761
A71
D81
1091
13A1
16B1
19C1
1CD1
1FE1
22F1
2601
2911
2C21
2F31
3241
3551
3861
3B71
3E81
4191
44A1
47B1
4AC1
4DD1
50E1
53F1
5701
5A11
5D21
6031
6341
6651
6961
6C71
6F81
7291
75A1
78B1
7BC1
7ED1
81E1
84F1
8801
8B11
8E21
9131
9441
9751
142
452
762
A72
D82
1092
13A2
16B2
19C2
1CD2
1FE2
22F2
2602
2912
2C22
2F32
3242
3552
3862
3B72
3E82
4192
44A2
47B2
4AC2
4DD2
50E2
53F2
5702
5A12
5D22
6032
6342
6652
6962
6C72
6F82
7292
75A2
78B2
7BC2
7ED2
81E2
84F2
8802
8B12
8E22
9132
9442
9752
143
453
763
A73
D83
1093
13A3
16B3
19C3
1CD3
1FE3
22F3
2603
2913
2C23
2F33
3243
3553
3863
3B73
3E83
4193
44A3
47B3
4AC3
4DD3
50E3
53F3
5703
5A13
5D23
6033
6343
6653
6963
6C73
6F83
7293
75A3
78B3
7BC3
7ED3
81E3
84F3
8803
8B13
8E23
9133
9443
9753
144
454
764
A74
D84
1094
13A4
16B4
19C4
1CD4
1FE4
22F4
2604
2914
2C24
2F34
3244
3554
3864
3B74
3E84
4194
44A4
47B4
4AC4
4DD4
50E4
53F4
5704
5A14
5D24
6034
6344
6654
6964
6C74
6F84
7294
75A4
78B4
7BC4
7ED4
81E4
84F4
8804
8B14
8E24
9134
9444
9754
145
455
765
A75
D85
1095
13A5
16B5
19C5
1CD5
1FE5
22F5
2605
2915
2C25
2F35
3245
3555
3865
3B75
3E85
4195
44A5
47B5
4AC5
4DD5
50E5
53F5
5705
5A15
5D25
6035
6345
6655
6965
6C75
6F85
7295
75A5
78B5
7BC5
7ED5
81E5
84F5
8805
8B15
8E25
9135
9445
9755
146
456
766
A76
D86
1096
13A6
16B6
19C6
1CD6
1FE6
22F6
2606
2916
2C26
2F36
3246
3556
3866
3B76
3E86
4196
44A6
47B6
4AC6
4DD6
50E6
53F6
5706
5A16
5D26
6036
6346
6656
6966
6C76
6F86
7296
75A6
78B6
7BC6
7ED6
81E6
84F6
8806
8B16
8E26
9136
9446
9756
147
457
767
A77
D87
1097
13A7
16B7
19C7
1CD7
1FE7
22F7
2607
2917
2C27
2F37
3247
3557
3867
3B77
3E87
4197
44A7
47B7
4AC7
4DD7
50E7
53F7
5707
5A17
5D27
6037
6347
6657
6967
6C77
6F87
7297
75A7
78B7
7BC7
7ED7
81E7
84F7
8807
8B17
8E27
9137
9447
9757
148
458
768
A78
D88
1098
13A8
16B8
19C8
1CD8
1FE8
22F8
2608
2918
2C28
2F38
3248
3558
3868
3B78
3E88
4198
44A8
47B8
4AC8
4DD8
50E8
53F8
5708
5A18
5D28
6038
6348
6658
6968
6C78
6F88
7298
75A8
78B8
7BC8
7ED8
81E8
84F8
8808
8B18
8E28
9138
9448
9758
149
459
769
A79
D89
1099
13A9
16B9
19C9
1CD9
1FE9
22F9
2609
2919
2C29
2F39
3249
3559
3869
3B79
3E89
4199
44A9
47B9
4AC9
4DD9
50E9
53F9
5709
5A19
5D29
6039
6349
6659
6969
6C79
6F89
7299
75A9
78B9
7BC9
7ED9
81E9
84F9
8809
8B19
8E29
9139
9449
9759
14A
45A
76A
A7A
D8A
109A
13AA
16BA
19CA
1CDA
1FEA
22FA
260A
291A
2C2A
2F3A
324A
355A
386A
3B7A
3E8A
419A
44AA
47BA
4ACA
4DDA
50EA
53FA
570A
5A1A
5D2A
603A
634A
665A
696A
6C7A
6F8A
729A
75AA
78BA
7BCA
7EDA
81EA
84FA
880A
8B1A
8E2A
913A
944A
975A
14B
45B
76B
A7B
D8B
109B
13AB
16BB
19CB
1CDB
1FEB
22FB
260B
291B
2C2B
2F3B
324B
355B
386B
3B7B
3E8B
419B
44AB
47BB
4ACB
4DDB
50EB
53FB
570B
5A1B
5D2B
603B
634B
665B
696B
6C7B
6F8B
729B
75AB
78BB
7BCB
7EDB
81EB
84FB
880B
8B1B
8E2B
913B
944B
975B
14C
45C
76C
A7C
D8C
109C
13AC
16BC
19CC
1CDC
1FEC
22FC
260C
291C
2C2C
2F3C
324C
355C
386C
3B7C
3E8C
419C
44AC
47BC
4ACC
4DDC
50EC
53FC
570C
5A1C
5D2C
603C
634C
665C
696C
6C7C
6F8C
729C
75AC
78BC
7BCC
7EDC
81EC
84FC
880C
8B1C
8E2C
913C
944C
975C
14D
45D
76D
A7D
D8D
109D
13AD
16BD
19CD
1CDD
1FED
22FD
260D
291D
2C2D
2F3D
324D
355D
386D
3B7D
3E8D
419D
44AD
47BD
4ACD
4DDD
50ED
53FD
570D
5A1D
5D2D
603D
634D
665D
696D
6C7D
6F8D
729D
75AD
78BD
7BCD
7EDD
81ED
84FD
880D
8B1D
8E2D
913D
944D
975D
14E
45E
76E
A7E
D8E
109E
13AE
16BE
19CE
1CDE
1FEE
22FE
260E
291E
2C2E
2F3E
324E
355E
386E
3B7E
3E8E
419E
44AE
47BE
4ACE
4DDE
50EE
53FE
570E
5A1E
5D2E
603E
634E
665E
696E
6C7E
6F8E
729E
75AE
78BE
7BCE
7EDE
81EE
84FE
880E
8B1E
8E2E
913E
944E
975E
14F
45F
76F
A7F
D8F
109F
13AF
16BF
19CF
1CDF
1FEF
22FF
260F
291F
2C2F
2F3F
324F
355F
386F
3B7F
3E8F
419F
44AF
47BF
4ACF
4DDF
50EF
53FF
570F
5A1F
5D2F
603F
634F
665F
696F
6C7F
6F8F
729F
75AF
78BF
7BCF
7EDF
81EF
84FF
880F
8B1F
8E2F
913F
944F
975F
150
460
770
A80
D90
10A0
13B0
16C0
19D0
1CE0
1FF0
2300
2610
2920
2C30
2F40
3250
3560
3870
3B80
3E90
41A0
44B0
47C0
4AD0
4DE0
50F0
5400
5710
5A20
5D30
6040
6350
6660
6970
6C80
6F90
72A0
75B0
78C0
7BD0
7EE0
81F0
8500
8810
8B20
8E30
9140
9450
9760
151
461
771
A81
D91
10A1
13B1
16C1
19D1
1CE1
1FF1
2301
2611
2921
2C31
2F41
3251
3561
3871
3B81
3E91
41A1
44B1
47C1
4AD1
4DE1
50F1
5401
5711
5A21
5D31
6041
6351
6661
6971
6C81
6F91
72A1
75B1
78C1
7BD1
7EE1
81F1
8501
8811
8B21
8E31
9141
9451
9761
152
462
772
A82
D92
10A2
13B2
16C2
19D2
1CE2
1FF2
2302
2612
2922
2C32
2F42
3252
3562
3872
3B82
3E92
41A2
44B2
47C2
4AD2
4DE2
50F2
5402
5712
5A22
5D32
6042
6352
6662
6972
6C82
6F92
72A2
75B2
78C2
7BD2
7EE2
81F2
8502
8812
8B22
8E32
9142
9452
9762
153
463
773
A83
D93
10A3
13B3
16C3
19D3
1CE3
1FF3
2303
2613
2923
2C33
2F43
3253
3563
3873
3B83
3E93
41A3
44B3
47C3
4AD3
4DE3
50F3
5403
5713
5A23
5D33
6043
6353
6663
6973
6C83
6F93
72A3
75B3
78C3
7BD3
7EE3
81F3
8503
8813
8B23
8E33
9143
9453
9763
154
464
774
A84
D94
10A4
13B4
16C4
19D4
1CE4
1FF4
2304
2614
2924
2C34
2F44
3254
3564
3874
3B84
3E94
41A4
44B4
47C4
4AD4
4DE4
50F4
5404
5714
5A24
5D34
6044
6354
6664
6974
6C84
6F94
72A4
75B4
78C4
7BD4
7EE4
81F4
8504
8814
8B24
8E34
9144
9454
9764
155
465
775
A85
D95
10A5
13B5
16C5
19D5
1CE5
1FF5
2305
2615
2925
2C35
2F45
3255
3565
3875
3B85
3E95
41A5
44B5
47C5
4AD5
4DE5
50F5
5405
5715
5A25
5D35
6045
6355
6665
6975
6C85
6F95
72A5
75B5
78C5
7BD5
7EE5
81F5
8505
8815
8B25
8E35
9145
9455
9765
156
466
776
A86
D96
10A6
13B6
16C6
19D6
1CE6
1FF6
2306
2616
2926
2C36
2F46
3256
3566
3876
3B86
3E96
41A6
44B6
47C6
4AD6
4DE6
50F6
5406
5716
5A26
5D36
6046
6356
6666
6976
6C86
6F96
72A6
75B6
78C6
7BD6
7EE6
81F6
8506
8816
8B26
8E36
9146
9456
9766
157
467
777
A87
D97
10A7
13B7
16C7
19D7
1CE7
1FF7
2307
2617
2927
2C37
2F47
3257
3567
3877
3B87
3E97
41A7
44B7
47C7
4AD7
4DE7
50F7
5407
5717
5A27
5D37
6047
6357
6667
6977
6C87
6F97
72A7
75B7
78C7
7BD7
7EE7
81F7
8507
8817
8B27
8E37
9147
9457
9767
158
468
778
A88
D98
10A8
13B8
16C8
19D8
1CE8
1FF8
2308
2618
2928
2C38
2F48
3258
3568
3878
3B88
3E98
41A8
44B8
47C8
4AD8
4DE8
50F8
5408
5718
5A28
5D38
6048
6358
6668
6978
6C88
6F98
72A8
75B8
78C8
7BD8
7EE8
81F8
8508
8818
8B28
8E38
9148
9458
9768
159
469
779
A89
D99
10A9
13B9
16C9
19D9
1CE9
1FF9
2309
2619
2929
2C39
2F49
3259
3569
3879
3B89
3E99
41A9
44B9
47C9
4AD9
4DE9
50F9
5409
5719
5A29
5D39
6049
6359
6669
6979
6C89
6F99
72A9
75B9
78C9
7BD9
7EE9
81F9
8509
8819
8B29
8E39
9149
9459
9769
15A
46A
77A
A8A
D9A
10AA
13BA
16CA
19DA
1CEA
1FFA
230A
261A
292A
2C3A
2F4A
325A
356A
387A
3B8A
3E9A
41AA
44BA
47CA
4ADA
4DEA
50FA
540A
571A
5A2A
5D3A
604A
635A
666A
697A
6C8A
6F9A
72AA
75BA
78CA
7BDA
7EEA
81FA
850A
881A
8B2A
8E3A
914A
945A
976A
15B
46B
77B
A8B
D9B
10AB
13BB
16CB
19DB
1CEB
1FFB
230B
261B
292B
2C3B
2F4B
325B
356B
387B
3B8B
3E9B
41AB
44BB
47CB
4ADB
4DEB
50FB
540B
571B
5A2B
5D3B
604B
635B
666B
697B
6C8B
6F9B
72AB
75BB
78CB
7BDB
7EEB
81FB
850B
881B
8B2B
8E3B
914B
945B
976B
15C
46C
77C
A8C
D9C
10AC
13BC
16CC
19DC
1CEC
1FFC
230C
261C
292C
2C3C
2F4C
325C
356C
387C
3B8C
3E9C
41AC
44BC
47CC
4ADC
4DEC
50FC
540C
571C
5A2C
5D3C
604C
635C
666C
697C
6C8C
6F9C
72AC
75BC
78CC
7BDC
7EEC
81FC
850C
881C
8B2C
8E3C
914C
945C
976C
15D
46D
77D
A8D
D9D
10AD
13BD
16CD
19DD
1CED
1FFD
230D
261D
292D
2C3D
2F4D
325D
356D
387D
3B8D
3E9D
41AD
44BD
47CD
4ADD
4DED
50FD
540D
571D
5A2D
5D3D
604D
635D
666D
697D
6C8D
6F9D
72AD
75BD
78CD
7BDD
7EED
81FD
850D
881D
8B2D
8E3D
914D
945D
976D
15E
46E
77E
A8E
D9E
10AE
13BE
16CE
19DE
1CEE
1FFE
230E
261E
292E
2C3E
2F4E
325E
356E
387E
3B8E
3E9E
41AE
44BE
47CE
4ADE
4DEE
50FE
540E
571E
5A2E
5D3E
604E
635E
666E
697E
6C8E
6F9E
72AE
75BE
78CE
7BDE
7EEE
81FE
850E
881E
8B2E
8E3E
914E
945E
976E
15F
46F
77F
A8F
D9F
10AF
13BF
16CF
19DF
1CEF
1FFF
230F
261F
292F
2C3F
2F4F
325F
356F
387F
3B8F
3E9F
41AF
44BF
47CF
4ADF
4DEF
50FF
540F
571F
5A2F
5D3F
604F
635F
666F
697F
6C8F
6F9F
72AF
75BF
78CF
7BDF
7EEF
81FF
850F
881F
8B2F
8E3F
914F
945F
976F
160
470
780
A90
DA0
10B0
13C0
16D0
19E0
1CF0
2000
2310
2620
2930
2C40
2F50
3260
3570
3880
3B90
3EA0
41B0
44C0
47D0
4AE0
4DF0
5100
5410
5720
5A30
5D40
6050
6360
6670
6980
6C90
6FA0
72B0
75C0
78D0
7BE0
7EF0
8200
8510
8820
8B30
8E40
9150
9460
9770
161
471
781
A91
DA1
10B1
13C1
16D1
19E1
1CF1
2001
2311
2621
2931
2C41
2F51
3261
3571
3881
3B91
3EA1
41B1
44C1
47D1
4AE1
4DF1
5101
5411
5721
5A31
5D41
6051
6361
6671
6981
6C91
6FA1
72B1
75C1
78D1
7BE1
7EF1
8201
8511
8821
8B31
8E41
9151
9461
9771
162
472
782
A92
DA2
10B2
13C2
16D2
19E2
1CF2
2002
2312
2622
2932
2C42
2F52
3262
3572
3882
3B92
3EA2
41B2
44C2
47D2
4AE2
4DF2
5102
5412
5722
5A32
5D42
6052
6362
6672
6982
6C92
6FA2
72B2
75C2
78D2
7BE2
7EF2
8202
8512
8822
8B32
8E42
9152
9462
9772
163
473
783
A93
DA3
10B3
13C3
16D3
19E3
1CF3
2003
2313
2623
2933
2C43
2F53
3263
3573
3883
3B93
3EA3
41B3
44C3
47D3
4AE3
4DF3
5103
5413
5723
5A33
5D43
6053
6363
6673
6983
6C93
6FA3
72B3
75C3
78D3
7BE3
7EF3
8203
8513
8823
8B33
8E43
9153
9463
9773
164
474
784
A94
DA4
10B4
13C4
16D4
19E4
1CF4
2004
2314
2624
2934
2C44
2F54
3264
3574
3884
3B94
3EA4
41B4
44C4
47D4
4AE4
4DF4
5104
5414
5724
5A34
5D44
6054
6364
6674
6984
6C94
6FA4
72B4
75C4
78D4
7BE4
7EF4
8204
8514
8824
8B34
8E44
9154
9464
9774
165
475
785
A95
DA5
10B5
13C5
16D5
19E5
1CF5
2005
2315
2625
2935
2C45
2F55
3265
3575
3885
3B95
3EA5
41B5
44C5
47D5
4AE5
4DF5
5105
5415
5725
5A35
5D45
6055
6365
6675
6985
6C95
6FA5
72B5
75C5
78D5
7BE5
7EF5
8205
8515
8825
8B35
8E45
9155
9465
9775
166
476
786
A96
DA6
10B6
13C6
16D6
19E6
1CF6
2006
2316
2626
2936
2C46
2F56
3266
3576
3886
3B96
3EA6
41B6
44C6
47D6
4AE6
4DF6
5106
5416
5726
5A36
5D46
6056
6366
6676
6986
6C96
6FA6
72B6
75C6
78D6
7BE6
7EF6
8206
8516
8826
8B36
8E46
9156
9466
9776
167
477
787
A97
DA7
10B7
13C7
16D7
19E7
1CF7
2007
2317
2627
2937
2C47
2F57
3267
3577
3887
3B97
3EA7
41B7
44C7
47D7
4AE7
4DF7
5107
5417
5727
5A37
5D47
6057
6367
6677
6987
6C97
6FA7
72B7
75C7
78D7
7BE7
7EF7
8207
8517
8827
8B37
8E47
9157
9467
9777
168
478
788
A98
DA8
10B8
13C8
16D8
19E8
1CF8
2008
2318
2628
2938
2C48
2F58
3268
3578
3888
3B98
3EA8
41B8
44C8
47D8
4AE8
4DF8
5108
5418
5728
5A38
5D48
6058
6368
6678
6988
6C98
6FA8
72B8
75C8
78D8
7BE8
7EF8
8208
8518
8828
8B38
8E48
9158
9468
9778
169
479
789
A99
DA9
10B9
13C9
16D9
19E9
1CF9
2009
2319
2629
2939
2C49
2F59
3269
3579
3889
3B99
3EA9
41B9
44C9
47D9
4AE9
4DF9
5109
5419
5729
5A39
5D49
6059
6369
6679
6989
6C99
6FA9
72B9
75C9
78D9
7BE9
7EF9
8209
8519
8829
8B39
8E49
9159
9469
9779
16A
47A
78A
A9A
DAA
10BA
13CA
16DA
19EA
1CFA
200A
231A
262A
293A
2C4A
2F5A
326A
357A
388A
3B9A
3EAA
41BA
44CA
47DA
4AEA
4DFA
510A
541A
572A
5A3A
5D4A
605A
636A
667A
698A
6C9A
6FAA
72BA
75CA
78DA
7BEA
7EFA
820A
851A
882A
8B3A
8E4A
915A
946A
977A
16B
47B
78B
A9B
DAB
10BB
13CB
16DB
19EB
1CFB
200B
231B
262B
293B
2C4B
2F5B
326B
357B
388B
3B9B
3EAB
41BB
44CB
47DB
4AEB
4DFB
510B
541B
572B
5A3B
5D4B
605B
636B
667B
698B
6C9B
6FAB
72BB
75CB
78DB
7BEB
7EFB
820B
851B
882B
8B3B
8E4B
915B
946B
977B
16C
47C
78C
A9C
DAC
10BC
13CC
16DC
19EC
1CFC
200C
231C
262C
293C
2C4C
2F5C
326C
357C
388C
3B9C
3EAC
41BC
44CC
47DC
4AEC
4DFC
510C
541C
572C
5A3C
5D4C
605C
636C
667C
698C
6C9C
6FAC
72BC
75CC
78DC
7BEC
7EFC
820C
851C
882C
8B3C
8E4C
915C
946C
977C
16D
47D
78D
A9D
DAD
10BD
13CD
16DD
19ED
1CFD
200D
231D
262D
293D
2C4D
2F5D
326D
357D
388D
3B9D
3EAD
41BD
44CD
47DD
4AED
4DFD
510D
541D
572D
5A3D
5D4D
605D
636D
667D
698D
6C9D
6FAD
72BD
75CD
78DD
7BED
7EFD
820D
851D
882D
8B3D
8E4D
915D
946D
977D
16E
47E
78E
A9E
DAE
10BE
13CE
16DE
19EE
1CFE
200E
231E
262E
293E
2C4E
2F5E
326E
357E
388E
3B9E
3EAE
41BE
44CE
47DE
4AEE
4DFE
510E
541E
572E
5A3E
5D4E
605E
636E
667E
698E
6C9E
6FAE
72BE
75CE
78DE
7BEE
7EFE
820E
851E
882E
8B3E
8E4E
915E
946E
977E
16F
47F
78F
A9F
DAF
10BF
13CF
16DF
19EF
1CFF
200F
231F
262F
293F
2C4F
2F5F
326F
357F
388F
3B9F
3EAF
41BF
44CF
47DF
4AEF
4DFF
510F
541F
572F
5A3F
5D4F
605F
636F
667F
698F
6C9F
6FAF
72BF
75CF
78DF
7BEF
7EFF
820F
851F
882F
8B3F
8E4F
915F
946F
977F
170
480
790
AA0
DB0
10C0
13D0
16E0
19F0
1D00
2010
2320
2630
2940
2C50
2F60
3270
3580
3890
3BA0
3EB0
41C0
44D0
47E0
4AF0
4E00
5110
5420
5730
5A40
5D50
6060
6370
6680
6990
6CA0
6FB0
72C0
75D0
78E0
7BF0
7F00
8210
8520
8830
8B40
8E50
9160
9470
9780
171
481
791
AA1
DB1
10C1
13D1
16E1
19F1
1D01
2011
2321
2631
2941
2C51
2F61
3271
3581
3891
3BA1
3EB1
41C1
44D1
47E1
4AF1
4E01
5111
5421
5731
5A41
5D51
6061
6371
6681
6991
6CA1
6FB1
72C1
75D1
78E1
7BF1
7F01
8211
8521
8831
8B41
8E51
9161
9471
9781
172
482
792
AA2
DB2
10C2
13D2
16E2
19F2
1D02
2012
2322
2632
2942
2C52
2F62
3272
3582
3892
3BA2
3EB2
41C2
44D2
47E2
4AF2
4E02
5112
5422
5732
5A42
5D52
6062
6372
6682
6992
6CA2
6FB2
72C2
75D2
78E2
7BF2
7F02
8212
8522
8832
8B42
8E52
9162
9472
9782
173
483
793
AA3
DB3
10C3
13D3
16E3
19F3
1D03
2013
2323
2633
2943
2C53
2F63
3273
3583
3893
3BA3
3EB3
41C3
44D3
47E3
4AF3
4E03
5113
5423
5733
5A43
5D53
6063
6373
6683
6993
6CA3
6FB3
72C3
75D3
78E3
7BF3
7F03
8213
8523
8833
8B43
8E53
9163
9473
9783
174
484
794
AA4
DB4
10C4
13D4
16E4
19F4
1D04
2014
2324
2634
2944
2C54
2F64
3274
3584
3894
3BA4
3EB4
41C4
44D4
47E4
4AF4
4E04
5114
5424
5734
5A44
5D54
6064
6374
6684
6994
6CA4
6FB4
72C4
75D4
78E4
7BF4
7F04
8214
8524
8834
8B44
8E54
9164
9474
9784
175
485
795
AA5
DB5
10C5
13D5
16E5
19F5
1D05
2015
2325
2635
2945
2C55
2F65
3275
3585
3895
3BA5
3EB5
41C5
44D5
47E5
4AF5
4E05
5115
5425
5735
5A45
5D55
6065
6375
6685
6995
6CA5
6FB5
72C5
75D5
78E5
7BF5
7F05
8215
8525
8835
8B45
8E55
9165
9475
9785
176
486
796
AA6
DB6
10C6
13D6
16E6
19F6
1D06
2016
2326
2636
2946
2C56
2F66
3276
3586
3896
3BA6
3EB6
41C6
44D6
47E6
4AF6
4E06
5116
5426
5736
5A46
5D56
6066
6376
6686
6996
6CA6
6FB6
72C6
75D6
78E6
7BF6
7F06
8216
8526
8836
8B46
8E56
9166
9476
9786
177
487
797
AA7
DB7
10C7
13D7
16E7
19F7
1D07
2017
2327
2637
2947
2C57
2F67
3277
3587
3897
3BA7
3EB7
41C7
44D7
47E7
4AF7
4E07
5117
5427
5737
5A47
5D57
6067
6377
6687
6997
6CA7
6FB7
72C7
75D7
78E7
7BF7
7F07
8217
8527
8837
8B47
8E57
9167
9477
9787
178
488
798
AA8
DB8
10C8
13D8
16E8
19F8
1D08
2018
2328
2638
2948
2C58
2F68
3278
3588
3898
3BA8
3EB8
41C8
44D8
47E8
4AF8
4E08
5118
5428
5738
5A48
5D58
6068
6378
6688
6998
6CA8
6FB8
72C8
75D8
78E8
7BF8
7F08
8218
8528
8838
8B48
8E58
9168
9478
9788
179
489
799
AA9
DB9
10C9
13D9
16E9
19F9
1D09
2019
2329
2639
2949
2C59
2F69
3279
3589
3899
3BA9
3EB9
41C9
44D9
47E9
4AF9
4E09
5119
5429
5739
5A49
5D59
6069
6379
6689
6999
6CA9
6FB9
72C9
75D9
78E9
7BF9
7F09
8219
8529
8839
8B49
8E59
9169
9479
9789
17A
48A
79A
AAA
DBA
10CA
13DA
16EA
19FA
1D0A
201A
232A
263A
294A
2C5A
2F6A
327A
358A
389A
3BAA
3EBA
41CA
44DA
47EA
4AFA
4E0A
511A
542A
573A
5A4A
5D5A
606A
637A
668A
699A
6CAA
6FBA
72CA
75DA
78EA
7BFA
7F0A
821A
852A
883A
8B4A
8E5A
916A
947A
978A
17B
48B
79B
AAB
DBB
10CB
13DB
16EB
19FB
1D0B
201B
232B
263B
294B
2C5B
2F6B
327B
358B
389B
3BAB
3EBB
41CB
44DB
47EB
4AFB
4E0B
511B
542B
573B
5A4B
5D5B
606B
637B
668B
699B
6CAB
6FBB
72CB
75DB
78EB
7BFB
7F0B
821B
852B
883B
8B4B
8E5B
916B
947B
978B
17C
48C
79C
AAC
DBC
10CC
13DC
16EC
19FC
1D0C
201C
232C
263C
294C
2C5C
2F6C
327C
358C
389C
3BAC
3EBC
41CC
44DC
47EC
4AFC
4E0C
511C
542C
573C
5A4C
5D5C
606C
637C
668C
699C
6CAC
6FBC
72CC
75DC
78EC
7BFC
7F0C
821C
852C
883C
8B4C
8E5C
916C
947C
978C
17D
48D
79D
AAD
DBD
10CD
13DD
16ED
19FD
1D0D
201D
232D
263D
294D
2C5D
2F6D
327D
358D
389D
3BAD
3EBD
41CD
44DD
47ED
4AFD
4E0D
511D
542D
573D
5A4D
5D5D
606D
637D
668D
699D
6CAD
6FBD
72CD
75DD
78ED
7BFD
7F0D
821D
852D
883D
8B4D
8E5D
916D
947D
978D
17E
48E
79E
AAE
DBE
10CE
13DE
16EE
19FE
1D0E
201E
232E
263E
294E
2C5E
2F6E
327E
358E
389E
3BAE
3EBE
41CE
44DE
47EE
4AFE
4E0E
511E
542E
573E
5A4E
5D5E
606E
637E
668E
699E
6CAE
6FBE
72CE
75DE
78EE
7BFE
7F0E
821E
852E
883E
8B4E
8E5E
916E
947E
978E
17F
48F
79F
AAF
DBF
10CF
13DF
16EF
19FF
1D0F
201F
232F
263F
294F
2C5F
2F6F
327F
358F
389F
3BAF
3EBF
41CF
44DF
47EF
4AFF
4E0F
511F
542F
573F
5A4F
5D5F
606F
637F
668F
699F
6CAF
6FBF
72CF
75DF
78EF
7BFF
7F0F
821F
852F
883F
8B4F
8E5F
916F
947F
978F
180
490
7A0
AB0
DC0
10D0
13E0
16F0
1A00
1D10
2020
2330
2640
2950
2C60
2F70
3280
3590
38A0
3BB0
3EC0
41D0
44E0
47F0
4B00
4E10
5120
5430
5740
5A50
5D60
6070
6380
6690
69A0
6CB0
6FC0
72D0
75E0
78F0
7C00
7F10
8220
8530
8840
8B50
8E60
9170
9480
9790
181
491
7A1
AB1
DC1
10D1
13E1
16F1
1A01
1D11
2021
2331
2641
2951
2C61
2F71
3281
3591
38A1
3BB1
3EC1
41D1
44E1
47F1
4B01
4E11
5121
5431
5741
5A51
5D61
6071
6381
6691
69A1
6CB1
6FC1
72D1
75E1
78F1
7C01
7F11
8221
8531
8841
8B51
8E61
9171
9481
9791
182
492
7A2
AB2
DC2
10D2
13E2
16F2
1A02
1D12
2022
2332
2642
2952
2C62
2F72
3282
3592
38A2
3BB2
3EC2
41D2
44E2
47F2
4B02
4E12
5122
5432
5742
5A52
5D62
6072
6382
6692
69A2
6CB2
6FC2
72D2
75E2
78F2
7C02
7F12
8222
8532
8842
8B52
8E62
9172
9482
9792
183
493
7A3
AB3
DC3
10D3
13E3
16F3
1A03
1D13
2023
2333
2643
2953
2C63
2F73
3283
3593
38A3
3BB3
3EC3
41D3
44E3
47F3
4B03
4E13
5123
5433
5743
5A53
5D63
6073
6383
6693
69A3
6CB3
6FC3
72D3
75E3
78F3
7C03
7F13
8223
8533
8843
8B53
8E63
9173
9483
9793
184
494
7A4
AB4
DC4
10D4
13E4
16F4
1A04
1D14
2024
2334
2644
2954
2C64
2F74
3284
3594
38A4
3BB4
3EC4
41D4
44E4
47F4
4B04
4E14
5124
5434
5744
5A54
5D64
6074
6384
6694
69A4
6CB4
6FC4
72D4
75E4
78F4
7C04
7F14
8224
8534
8844
8B54
8E64
9174
9484
9794
185
495
7A5
AB5
DC5
10D5
13E5
16F5
1A05
1D15
2025
2335
2645
2955
2C65
2F75
3285
3595
38A5
3BB5
3EC5
41D5
44E5
47F5
4B05
4E15
5125
5435
5745
5A55
5D65
6075
6385
6695
69A5
6CB5
6FC5
72D5
75E5
78F5
7C05
7F15
8225
8535
8845
8B55
8E65
9175
9485
9795
186
496
7A6
AB6
DC6
10D6
13E6
16F6
1A06
1D16
2026
2336
2646
2956
2C66
2F76
3286
3596
38A6
3BB6
3EC6
41D6
44E6
47F6
4B06
4E16
5126
5436
5746
5A56
5D66
6076
6386
6696
69A6
6CB6
6FC6
72D6
75E6
78F6
7C06
7F16
8226
8536
8846
8B56
8E66
9176
9486
9796
187
497
7A7
AB7
DC7
10D7
13E7
16F7
1A07
1D17
2027
2337
2647
2957
2C67
2F77
3287
3597
38A7
3BB7
3EC7
41D7
44E7
47F7
4B07
4E17
5127
5437
5747
5A57
5D67
6077
6387
6697
69A7
6CB7
6FC7
72D7
75E7
78F7
7C07
7F17
8227
8537
8847
8B57
8E67
9177
9487
9797
188
498
7A8
AB8
DC8
10D8
13E8
16F8
1A08
1D18
2028
2338
2648
2958
2C68
2F78
3288
3598
38A8
3BB8
3EC8
41D8
44E8
47F8
4B08
4E18
5128
5438
5748
5A58
5D68
6078
6388
6698
69A8
6CB8
6FC8
72D8
75E8
78F8
7C08
7F18
8228
8538
8848
8B58
8E68
9178
9488
9798
189
499
7A9
AB9
DC9
10D9
13E9
16F9
1A09
1D19
2029
2339
2649
2959
2C69
2F79
3289
3599
38A9
3BB9
3EC9
41D9
44E9
47F9
4B09
4E19
5129
5439
5749
5A59
5D69
6079
6389
6699
69A9
6CB9
6FC9
72D9
75E9
78F9
7C09
7F19
8229
8539
8849
8B59
8E69
9179
9489
9799
18A
49A
7AA
ABA
DCA
10DA
13EA
16FA
1A0A
1D1A
202A
233A
264A
295A
2C6A
2F7A
328A
359A
38AA
3BBA
3ECA
41DA
44EA
47FA
4B0A
4E1A
512A
543A
574A
5A5A
5D6A
607A
638A
669A
69AA
6CBA
6FCA
72DA
75EA
78FA
7C0A
7F1A
822A
853A
884A
8B5A
8E6A
917A
948A
979A
18B
49B
7AB
ABB
DCB
10DB
13EB
16FB
1A0B
1D1B
202B
233B
264B
295B
2C6B
2F7B
328B
359B
38AB
3BBB
3ECB
41DB
44EB
47FB
4B0B
4E1B
512B
543B
574B
5A5B
5D6B
607B
638B
669B
69AB
6CBB
6FCB
72DB
75EB
78FB
7C0B
7F1B
822B
853B
884B
8B5B
8E6B
917B
948B
979B
18C
49C
7AC
ABC
DCC
10DC
13EC
16FC
1A0C
1D1C
202C
233C
264C
295C
2C6C
2F7C
328C
359C
38AC
3BBC
3ECC
41DC
44EC
47FC
4B0C
4E1C
512C
543C
574C
5A5C
5D6C
607C
638C
669C
69AC
6CBC
6FCC
72DC
75EC
78FC
7C0C
7F1C
822C
853C
884C
8B5C
8E6C
917C
948C
979C
18D
49D
7AD
ABD
DCD
10DD
13ED
16FD
1A0D
1D1D
202D
233D
264D
295D
2C6D
2F7D
328D
359D
38AD
3BBD
3ECD
41DD
44ED
47FD
4B0D
4E1D
512D
543D
574D
5A5D
5D6D
607D
638D
669D
69AD
6CBD
6FCD
72DD
75ED
78FD
7C0D
7F1D
822D
853D
884D
8B5D
8E6D
917D
948D
979D
18E
49E
7AE
ABE
DCE
10DE
13EE
16FE
1A0E
1D1E
202E
233E
264E
295E
2C6E
2F7E
328E
359E
38AE
3BBE
3ECE
41DE
44EE
47FE
4B0E
4E1E
512E
543E
574E
5A5E
5D6E
607E
638E
669E
69AE
6CBE
6FCE
72DE
75EE
78FE
7C0E
7F1E
822E
853E
884E
8B5E
8E6E
917E
948E
979E
18F
49F
7AF
ABF
DCF
10DF
13EF
16FF
1A0F
1D1F
202F
233F
264F
295F
2C6F
2F7F
328F
359F
38AF
3BBF
3ECF
41DF
44EF
47FF
4B0F
4E1F
512F
543F
574F
5A5F
5D6F
607F
638F
669F
69AF
6CBF
6FCF
72DF
75EF
78FF
7C0F
7F1F
822F
853F
884F
8B5F
8E6F
917F
948F
979F
190
4A0
7B0
AC0
DD0
10E0
13F0
1700
1A10
1D20
2030
2340
2650
2960
2C70
2F80
3290
35A0
38B0
3BC0
3ED0
41E0
44F0
4800
4B10
4E20
5130
5440
5750
5A60
5D70
6080
6390
66A0
69B0
6CC0
6FD0
72E0
75F0
7900
7C10
7F20
8230
8540
8850
8B60
8E70
9180
9490
97A0
191
4A1
7B1
AC1
DD1
10E1
13F1
1701
1A11
1D21
2031
2341
2651
2961
2C71
2F81
3291
35A1
38B1
3BC1
3ED1
41E1
44F1
4801
4B11
4E21
5131
5441
5751
5A61
5D71
6081
6391
66A1
69B1
6CC1
6FD1
72E1
75F1
7901
7C11
7F21
8231
8541
8851
8B61
8E71
9181
9491
97A1
192
4A2
7B2
AC2
DD2
10E2
13F2
1702
1A12
1D22
2032
2342
2652
2962
2C72
2F82
3292
35A2
38B2
3BC2
3ED2
41E2
44F2
4802
4B12
4E22
5132
5442
5752
5A62
5D72
6082
6392
66A2
69B2
6CC2
6FD2
72E2
75F2
7902
7C12
7F22
8232
8542
8852
8B62
8E72
9182
9492
97A2
193
4A3
7B3
AC3
DD3
10E3
13F3
1703
1A13
1D23
2033
2343
2653
2963
2C73
2F83
3293
35A3
38B3
3BC3
3ED3
41E3
44F3
4803
4B13
4E23
5133
5443
5753
5A63
5D73
6083
6393
66A3
69B3
6CC3
6FD3
72E3
75F3
7903
7C13
7F23
8233
8543
8853
8B63
8E73
9183
9493
97A3
194
4A4
7B4
AC4
DD4
10E4
13F4
1704
1A14
1D24
2034
2344
2654
2964
2C74
2F84
3294
35A4
38B4
3BC4
3ED4
41E4
44F4
4804
4B14
4E24
5134
5444
5754
5A64
5D74
6084
6394
66A4
69B4
6CC4
6FD4
72E4
75F4
7904
7C14
7F24
8234
8544
8854
8B64
8E74
9184
9494
97A4
195
4A5
7B5
AC5
DD5
10E5
13F5
1705
1A15
1D25
2035
2345
2655
2965
2C75
2F85
3295
35A5
38B5
3BC5
3ED5
41E5
44F5
4805
4B15
4E25
5135
5445
5755
5A65
5D75
6085
6395
66A5
69B5
6CC5
6FD5
72E5
75F5
7905
7C15
7F25
8235
8545
8855
8B65
8E75
9185
9495
97A5
196
4A6
7B6
AC6
DD6
10E6
13F6
1706
1A16
1D26
2036
2346
2656
2966
2C76
2F86
3296
35A6
38B6
3BC6
3ED6
41E6
44F6
4806
4B16
4E26
5136
5446
5756
5A66
5D76
6086
6396
66A6
69B6
6CC6
6FD6
72E6
75F6
7906
7C16
7F26
8236
8546
8856
8B66
8E76
9186
9496
97A6
197
4A7
7B7
AC7
DD7
10E7
13F7
1707
1A17
1D27
2037
2347
2657
2967
2C77
2F87
3297
35A7
38B7
3BC7
3ED7
41E7
44F7
4807
4B17
4E27
5137
5447
5757
5A67
5D77
6087
6397
66A7
69B7
6CC7
6FD7
72E7
75F7
7907
7C17
7F27
8237
8547
8857
8B67
8E77
9187
9497
97A7
198
4A8
7B8
AC8
DD8
10E8
13F8
1708
1A18
1D28
2038
2348
2658
2968
2C78
2F88
3298
35A8
38B8
3BC8
3ED8
41E8
44F8
4808
4B18
4E28
5138
5448
5758
5A68
5D78
6088
6398
66A8
69B8
6CC8
6FD8
72E8
75F8
7908
7C18
7F28
8238
8548
8858
8B68
8E78
9188
9498
97A8
199
4A9
7B9
AC9
DD9
10E9
13F9
1709
1A19
1D29
2039
2349
2659
2969
2C79
2F89
3299
35A9
38B9
3BC9
3ED9
41E9
44F9
4809
4B19
4E29
5139
5449
5759
5A69
5D79
6089
6399
66A9
69B9
6CC9
6FD9
72E9
75F9
7909
7C19
7F29
8239
8549
8859
8B69
8E79
9189
9499
97A9
19A
4AA
7BA
ACA
DDA
10EA
13FA
170A
1A1A
1D2A
203A
234A
265A
296A
2C7A
2F8A
329A
35AA
38BA
3BCA
3EDA
41EA
44FA
480A
4B1A
4E2A
513A
544A
575A
5A6A
5D7A
608A
639A
66AA
69BA
6CCA
6FDA
72EA
75FA
790A
7C1A
7F2A
823A
854A
885A
8B6A
8E7A
918A
949A
97AA
19B
4AB
7BB
ACB
DDB
10EB
13FB
170B
1A1B
1D2B
203B
234B
265B
296B
2C7B
2F8B
329B
35AB
38BB
3BCB
3EDB
41EB
44FB
480B
4B1B
4E2B
513B
544B
575B
5A6B
5D7B
608B
639B
66AB
69BB
6CCB
6FDB
72EB
75FB
790B
7C1B
7F2B
823B
854B
885B
8B6B
8E7B
918B
949B
97AB
19C
4AC
7BC
ACC
DDC
10EC
13FC
170C
1A1C
1D2C
203C
234C
265C
296C
2C7C
2F8C
329C
35AC
38BC
3BCC
3EDC
41EC
44FC
480C
4B1C
4E2C
513C
544C
575C
5A6C
5D7C
608C
639C
66AC
69BC
6CCC
6FDC
72EC
75FC
790C
7C1C
7F2C
823C
854C
885C
8B6C
8E7C
918C
949C
97AC
19D
4AD
7BD
ACD
DDD
10ED
13FD
170D
1A1D
1D2D
203D
234D
265D
296D
2C7D
2F8D
329D
35AD
38BD
3BCD
3EDD
41ED
44FD
480D
4B1D
4E2D
513D
544D
575D
5A6D
5D7D
608D
639D
66AD
69BD
6CCD
6FDD
72ED
75FD
790D
7C1D
7F2D
823D
854D
885D
8B6D
8E7D
918D
949D
97AD
19E
4AE
7BE
ACE
DDE
10EE
13FE
170E
1A1E
1D2E
203E
234E
265E
296E
2C7E
2F8E
329E
35AE
38BE
3BCE
3EDE
41EE
44FE
480E
4B1E
4E2E
513E
544E
575E
5A6E
5D7E
608E
639E
66AE
69BE
6CCE
6FDE
72EE
75FE
790E
7C1E
7F2E
823E
854E
885E
8B6E
8E7E
918E
949E
97AE
19F
4AF
7BF
ACF
DDF
10EF
13FF
170F
1A1F
1D2F
203F
234F
265F
296F
2C7F
2F8F
329F
35AF
38BF
3BCF
3EDF
41EF
44FF
480F
4B1F
4E2F
513F
544F
575F
5A6F
5D7F
608F
639F
66AF
69BF
6CCF
6FDF
72EF
75FF
790F
7C1F
7F2F
823F
854F
885F
8B6F
8E7F
918F
949F
97AF
1A0
4B0
7C0
AD0
DE0
10F0
1400
1710
1A20
1D30
2040
2350
2660
2970
2C80
2F90
32A0
35B0
38C0
3BD0
3EE0
41F0
4500
4810
4B20
4E30
5140
5450
5760
5A70
5D80
6090
63A0
66B0
69C0
6CD0
6FE0
72F0
7600
7910
7C20
7F30
8240
8550
8860
8B70
8E80
9190
94A0
97B0
1A1
4B1
7C1
AD1
DE1
10F1
1401
1711
1A21
1D31
2041
2351
2661
2971
2C81
2F91
32A1
35B1
38C1
3BD1
3EE1
41F1
4501
4811
4B21
4E31
5141
5451
5761
5A71
5D81
6091
63A1
66B1
69C1
6CD1
6FE1
72F1
7601
7911
7C21
7F31
8241
8551
8861
8B71
8E81
9191
94A1
97B1
1A2
4B2
7C2
AD2
DE2
10F2
1402
1712
1A22
1D32
2042
2352
2662
2972
2C82
2F92
32A2
35B2
38C2
3BD2
3EE2
41F2
4502
4812
4B22
4E32
5142
5452
5762
5A72
5D82
6092
63A2
66B2
69C2
6CD2
6FE2
72F2
7602
7912
7C22
7F32
8242
8552
8862
8B72
8E82
9192
94A2
97B2
1A3
4B3
7C3
AD3
DE3
10F3
1403
1713
1A23
1D33
2043
2353
2663
2973
2C83
2F93
32A3
35B3
38C3
3BD3
3EE3
41F3
4503
4813
4B23
4E33
5143
5453
5763
5A73
5D83
6093
63A3
66B3
69C3
6CD3
6FE3
72F3
7603
7913
7C23
7F33
8243
8553
8863
8B73
8E83
9193
94A3
97B3
1A4
4B4
7C4
AD4
DE4
10F4
1404
1714
1A24
1D34
2044
2354
2664
2974
2C84
2F94
32A4
35B4
38C4
3BD4
3EE4
41F4
4504
4814
4B24
4E34
5144
5454
5764
5A74
5D84
6094
63A4
66B4
69C4
6CD4
6FE4
72F4
7604
7914
7C24
7F34
8244
8554
8864
8B74
8E84
9194
94A4
97B4
1A5
4B5
7C5
AD5
DE5
10F5
1405
1715
1A25
1D35
2045
2355
2665
2975
2C85
2F95
32A5
35B5
38C5
3BD5
3EE5
41F5
4505
4815
4B25
4E35
5145
5455
5765
5A75
5D85
6095
63A5
66B5
69C5
6CD5
6FE5
72F5
7605
7915
7C25
7F35
8245
8555
8865
8B75
8E85
9195
94A5
97B5
1A6
4B6
7C6
AD6
DE6
10F6
1406
1716
1A26
1D36
2046
2356
2666
2976
2C86
2F96
32A6
35B6
38C6
3BD6
3EE6
41F6
4506
4816
4B26
4E36
5146
5456
5766
5A76
5D86
6096
63A6
66B6
69C6
6CD6
6FE6
72F6
7606
7916
7C26
7F36
8246
8556
8866
8B76
8E86
9196
94A6
97B6
1A7
4B7
7C7
AD7
DE7
10F7
1407
1717
1A27
1D37
2047
2357
2667
2977
2C87
2F97
32A7
35B7
38C7
3BD7
3EE7
41F7
4507
4817
4B27
4E37
5147
5457
5767
5A77
5D87
6097
63A7
66B7
69C7
6CD7
6FE7
72F7
7607
7917
7C27
7F37
8247
8557
8867
8B77
8E87
9197
94A7
97B7
1A8
4B8
7C8
AD8
DE8
10F8
1408
1718
1A28
1D38
2048
2358
2668
2978
2C88
2F98
32A8
35B8
38C8
3BD8
3EE8
41F8
4508
4818
4B28
4E38
5148
5458
5768
5A78
5D88
6098
63A8
66B8
69C8
6CD8
6FE8
72F8
7608
7918
7C28
7F38
8248
8558
8868
8B78
8E88
9198
94A8
97B8
1A9
4B9
7C9
AD9
DE9
10F9
1409
1719
1A29
1D39
2049
2359
2669
2979
2C89
2F99
32A9
35B9
38C9
3BD9
3EE9
41F9
4509
4819
4B29
4E39
5149
5459
5769
5A79
5D89
6099
63A9
66B9
69C9
6CD9
6FE9
72F9
7609
7919
7C29
7F39
8249
8559
8869
8B79
8E89
9199
94A9
97B9
1AA
4BA
7CA
ADA
DEA
10FA
140A
171A
1A2A
1D3A
204A
235A
266A
297A
2C8A
2F9A
32AA
35BA
38CA
3BDA
3EEA
41FA
450A
481A
4B2A
4E3A
514A
545A
576A
5A7A
5D8A
609A
63AA
66BA
69CA
6CDA
6FEA
72FA
760A
791A
7C2A
7F3A
824A
855A
886A
8B7A
8E8A
919A
94AA
97BA
1AB
4BB
7CB
ADB
DEB
10FB
140B
171B
1A2B
1D3B
204B
235B
266B
297B
2C8B
2F9B
32AB
35BB
38CB
3BDB
3EEB
41FB
450B
481B
4B2B
4E3B
514B
545B
576B
5A7B
5D8B
609B
63AB
66BB
69CB
6CDB
6FEB
72FB
760B
791B
7C2B
7F3B
824B
855B
886B
8B7B
8E8B
919B
94AB
97BB
1AC
4BC
7CC
ADC
DEC
10FC
140C
171C
1A2C
1D3C
204C
235C
266C
297C
2C8C
2F9C
32AC
35BC
38CC
3BDC
3EEC
41FC
450C
481C
4B2C
4E3C
514C
545C
576C
5A7C
5D8C
609C
63AC
66BC
69CC
6CDC
6FEC
72FC
760C
791C
7C2C
7F3C
824C
855C
886C
8B7C
8E8C
919C
94AC
97BC
1AD
4BD
7CD
ADD
DED
10FD
140D
171D
1A2D
1D3D
204D
235D
266D
297D
2C8D
2F9D
32AD
35BD
38CD
3BDD
3EED
41FD
450D
481D
4B2D
4E3D
514D
545D
576D
5A7D
5D8D
609D
63AD
66BD
69CD
6CDD
6FED
72FD
760D
791D
7C2D
7F3D
824D
855D
886D
8B7D
8E8D
919D
94AD
97BD
1AE
4BE
7CE
ADE
DEE
10FE
140E
171E
1A2E
1D3E
204E
235E
266E
297E
2C8E
2F9E
32AE
35BE
38CE
3BDE
3EEE
41FE
450E
481E
4B2E
4E3E
514E
545E
576E
5A7E
5D8E
609E
63AE
66BE
69CE
6CDE
6FEE
72FE
760E
791E
7C2E
7F3E
824E
855E
886E
8B7E
8E8E
919E
94AE
97BE
1AF
4BF
7CF
ADF
DEF
10FF
140F
171F
1A2F
1D3F
204F
235F
266F
297F
2C8F
2F9F
32AF
35BF
38CF
3BDF
3EEF
41FF
450F
481F
4B2F
4E3F
514F
545F
576F
5A7F
5D8F
609F
63AF
66BF
69CF
6CDF
6FEF
72FF
760F
791F
7C2F
7F3F
824F
855F
886F
8B7F
8E8F
919F
94AF
97BF
1B0
4C0
7D0
AE0
DF0
1100
1410
1720
1A30
1D40
2050
2360
2670
2980
2C90
2FA0
32B0
35C0
38D0
3BE0
3EF0
4200
4510
4820
4B30
4E40
5150
5460
5770
5A80
5D90
60A0
63B0
66C0
69D0
6CE0
6FF0
7300
7610
7920
7C30
7F40
8250
8560
8870
8B80
8E90
91A0
94B0
97C0
1B1
4C1
7D1
AE1
DF1
1101
1411
1721
1A31
1D41
2051
2361
2671
2981
2C91
2FA1
32B1
35C1
38D1
3BE1
3EF1
4201
4511
4821
4B31
4E41
5151
5461
5771
5A81
5D91
60A1
63B1
66C1
69D1
6CE1
6FF1
7301
7611
7921
7C31
7F41
8251
8561
8871
8B81
8E91
91A1
94B1
97C1
1B2
4C2
7D2
AE2
DF2
1102
1412
1722
1A32
1D42
2052
2362
2672
2982
2C92
2FA2
32B2
35C2
38D2
3BE2
3EF2
4202
4512
4822
4B32
4E42
5152
5462
5772
5A82
5D92
60A2
63B2
66C2
69D2
6CE2
6FF2
7302
7612
7922
7C32
7F42
8252
8562
8872
8B82
8E92
91A2
94B2
97C2
1B3
4C3
7D3
AE3
DF3
1103
1413
1723
1A33
1D43
2053
2363
2673
2983
2C93
2FA3
32B3
35C3
38D3
3BE3
3EF3
4203
4513
4823
4B33
4E43
5153
5463
5773
5A83
5D93
60A3
63B3
66C3
69D3
6CE3
6FF3
7303
7613
7923
7C33
7F43
8253
8563
8873
8B83
8E93
91A3
94B3
97C3
1B4
4C4
7D4
AE4
DF4
1104
1414
1724
1A34
1D44
2054
2364
2674
2984
2C94
2FA4
32B4
35C4
38D4
3BE4
3EF4
4204
4514
4824
4B34
4E44
5154
5464
5774
5A84
5D94
60A4
63B4
66C4
69D4
6CE4
6FF4
7304
7614
7924
7C34
7F44
8254
8564
8874
8B84
8E94
91A4
94B4
97C4
1B5
4C5
7D5
AE5
DF5
1105
1415
1725
1A35
1D45
2055
2365
2675
2985
2C95
2FA5
32B5
35C5
38D5
3BE5
3EF5
4205
4515
4825
4B35
4E45
5155
5465
5775
5A85
5D95
60A5
63B5
66C5
69D5
6CE5
6FF5
7305
7615
7925
7C35
7F45
8255
8565
8875
8B85
8E95
91A5
94B5
97C5
1B6
4C6
7D6
AE6
DF6
1106
1416
1726
1A36
1D46
2056
2366
2676
2986
2C96
2FA6
32B6
35C6
38D6
3BE6
3EF6
4206
4516
4826
4B36
4E46
5156
5466
5776
5A86
5D96
60A6
63B6
66C6
69D6
6CE6
6FF6
7306
7616
7926
7C36
7F46
8256
8566
8876
8B86
8E96
91A6
94B6
97C6
1B7
4C7
7D7
AE7
DF7
1107
1417
1727
1A37
1D47
2057
2367
2677
2987
2C97
2FA7
32B7
35C7
38D7
3BE7
3EF7
4207
4517
4827
4B37
4E47
5157
5467
5777
5A87
5D97
60A7
63B7
66C7
69D7
6CE7
6FF7
7307
7617
7927
7C37
7F47
8257
8567
8877
8B87
8E97
91A7
94B7
97C7
1B8
4C8
7D8
AE8
DF8
1108
1418
1728
1A38
1D48
2058
2368
2678
2988
2C98
2FA8
32B8
35C8
38D8
3BE8
3EF8
4208
4518
4828
4B38
4E48
5158
5468
5778
5A88
5D98
60A8
63B8
66C8
69D8
6CE8
6FF8
7308
7618
7928
7C38
7F48
8258
8568
8878
8B88
8E98
91A8
94B8
97C8
1B9
4C9
7D9
AE9
DF9
1109
1419
1729
1A39
1D49
2059
2369
2679
2989
2C99
2FA9
32B9
35C9
38D9
3BE9
3EF9
4209
4519
4829
4B39
4E49
5159
5469
5779
5A89
5D99
60A9
63B9
66C9
69D9
6CE9
6FF9
7309
7619
7929
7C39
7F49
8259
8569
8879
8B89
8E99
91A9
94B9
97C9
1BA
4CA
7DA
AEA
DFA
110A
141A
172A
1A3A
1D4A
205A
236A
267A
298A
2C9A
2FAA
32BA
35CA
38DA
3BEA
3EFA
420A
451A
482A
4B3A
4E4A
515A
546A
577A
5A8A
5D9A
60AA
63BA
66CA
69DA
6CEA
6FFA
730A
761A
792A
7C3A
7F4A
825A
856A
887A
8B8A
8E9A
91AA
94BA
97CA
1BB
4CB
7DB
AEB
DFB
110B
141B
172B
1A3B
1D4B
205B
236B
267B
298B
2C9B
2FAB
32BB
35CB
38DB
3BEB
3EFB
420B
451B
482B
4B3B
4E4B
515B
546B
577B
5A8B
5D9B
60AB
63BB
66CB
69DB
6CEB
6FFB
730B
761B
792B
7C3B
7F4B
825B
856B
887B
8B8B
8E9B
91AB
94BB
97CB
1BC
4CC
7DC
AEC
DFC
110C
141C
172C
1A3C
1D4C
205C
236C
267C
298C
2C9C
2FAC
32BC
35CC
38DC
3BEC
3EFC
420C
451C
482C
4B3C
4E4C
515C
546C
577C
5A8C
5D9C
60AC
63BC
66CC
69DC
6CEC
6FFC
730C
761C
792C
7C3C
7F4C
825C
856C
887C
8B8C
8E9C
91AC
94BC
97CC
1BD
4CD
7DD
AED
DFD
110D
141D
172D
1A3D
1D4D
205D
236D
267D
298D
2C9D
2FAD
32BD
35CD
38DD
3BED
3EFD
420D
451D
482D
4B3D
4E4D
515D
546D
577D
5A8D
5D9D
60AD
63BD
66CD
69DD
6CED
6FFD
730D
761D
792D
7C3D
7F4D
825D
856D
887D
8B8D
8E9D
91AD
94BD
97CD
1BE
4CE
7DE
AEE
DFE
110E
141E
172E
1A3E
1D4E
205E
236E
267E
298E
2C9E
2FAE
32BE
35CE
38DE
3BEE
3EFE
420E
451E
482E
4B3E
4E4E
515E
546E
577E
5A8E
5D9E
60AE
63BE
66CE
69DE
6CEE
6FFE
730E
761E
792E
7C3E
7F4E
825E
856E
887E
8B8E
8E9E
91AE
94BE
97CE
1BF
4CF
7DF
AEF
DFF
110F
141F
172F
1A3F
1D4F
205F
236F
267F
298F
2C9F
2FAF
32BF
35CF
38DF
3BEF
3EFF
420F
451F
482F
4B3F
4E4F
515F
546F
577F
5A8F
5D9F
60AF
63BF
66CF
69DF
6CEF
6FFF
730F
761F
792F
7C3F
7F4F
825F
856F
887F
8B8F
8E9F
91AF
94BF
97CF
1C0
4D0
7E0
AF0
E00
1110
1420
1730
1A40
1D50
2060
2370
2680
2990
2CA0
2FB0
32C0
35D0
38E0
3BF0
3F00
4210
4520
4830
4B40
4E50
5160
5470
5780
5A90
5DA0
60B0
63C0
66D0
69E0
6CF0
7000
7310
7620
7930
7C40
7F50
8260
8570
8880
8B90
8EA0
91B0
94C0
97D0
1C1
4D1
7E1
AF1
E01
1111
1421
1731
1A41
1D51
2061
2371
2681
2991
2CA1
2FB1
32C1
35D1
38E1
3BF1
3F01
4211
4521
4831
4B41
4E51
5161
5471
5781
5A91
5DA1
60B1
63C1
66D1
69E1
6CF1
7001
7311
7621
7931
7C41
7F51
8261
8571
8881
8B91
8EA1
91B1
94C1
97D1
1C2
4D2
7E2
AF2
E02
1112
1422
1732
1A42
1D52
2062
2372
2682
2992
2CA2
2FB2
32C2
35D2
38E2
3BF2
3F02
4212
4522
4832
4B42
4E52
5162
5472
5782
5A92
5DA2
60B2
63C2
66D2
69E2
6CF2
7002
7312
7622
7932
7C42
7F52
8262
8572
8882
8B92
8EA2
91B2
94C2
97D2
1C3
4D3
7E3
AF3
E03
1113
1423
1733
1A43
1D53
2063
2373
2683
2993
2CA3
2FB3
32C3
35D3
38E3
3BF3
3F03
4213
4523
4833
4B43
4E53
5163
5473
5783
5A93
5DA3
60B3
63C3
66D3
69E3
6CF3
7003
7313
7623
7933
7C43
7F53
8263
8573
8883
8B93
8EA3
91B3
94C3
97D3
1C4
4D4
7E4
AF4
E04
1114
1424
1734
1A44
1D54
2064
2374
2684
2994
2CA4
2FB4
32C4
35D4
38E4
3BF4
3F04
4214
4524
4834
4B44
4E54
5164
5474
5784
5A94
5DA4
60B4
63C4
66D4
69E4
6CF4
7004
7314
7624
7934
7C44
7F54
8264
8574
8884
8B94
8EA4
91B4
94C4
97D4
1C5
4D5
7E5
AF5
E05
1115
1425
1735
1A45
1D55
2065
2375
2685
2995
2CA5
2FB5
32C5
35D5
38E5
3BF5
3F05
4215
4525
4835
4B45
4E55
5165
5475
5785
5A95
5DA5
60B5
63C5
66D5
69E5
6CF5
7005
7315
7625
7935
7C45
7F55
8265
8575
8885
8B95
8EA5
91B5
94C5
97D5
1C6
4D6
7E6
AF6
E06
1116
1426
1736
1A46
1D56
2066
2376
2686
2996
2CA6
2FB6
32C6
35D6
38E6
3BF6
3F06
4216
4526
4836
4B46
4E56
5166
5476
5786
5A96
5DA6
60B6
63C6
66D6
69E6
6CF6
7006
7316
7626
7936
7C46
7F56
8266
8576
8886
8B96
8EA6
91B6
94C6
97D6
1C7
4D7
7E7
AF7
E07
1117
1427
1737
1A47
1D57
2067
2377
2687
2997
2CA7
2FB7
32C7
35D7
38E7
3BF7
3F07
4217
4527
4837
4B47
4E57
5167
5477
5787
5A97
5DA7
60B7
63C7
66D7
69E7
6CF7
7007
7317
7627
7937
7C47
7F57
8267
8577
8887
8B97
8EA7
91B7
94C7
97D7
1C8
4D8
7E8
AF8
E08
1118
1428
1738
1A48
1D58
2068
2378
2688
2998
2CA8
2FB8
32C8
35D8
38E8
3BF8
3F08
4218
4528
4838
4B48
4E58
5168
5478
5788
5A98
5DA8
60B8
63C8
66D8
69E8
6CF8
7008
7318
7628
7938
7C48
7F58
8268
8578
8888
8B98
8EA8
91B8
94C8
97D8
1C9
4D9
7E9
AF9
E09
1119
1429
1739
1A49
1D59
2069
2379
2689
2999
2CA9
2FB9
32C9
35D9
38E9
3BF9
3F09
4219
4529
4839
4B49
4E59
5169
5479
5789
5A99
5DA9
60B9
63C9
66D9
69E9
6CF9
7009
7319
7629
7939
7C49
7F59
8269
8579
8889
8B99
8EA9
91B9
94C9
97D9
1CA
4DA
7EA
AFA
E0A
111A
142A
173A
1A4A
1D5A
206A
237A
268A
299A
2CAA
2FBA
32CA
35DA
38EA
3BFA
3F0A
421A
452A
483A
4B4A
4E5A
516A
547A
578A
5A9A
5DAA
60BA
63CA
66DA
69EA
6CFA
700A
731A
762A
793A
7C4A
7F5A
826A
857A
888A
8B9A
8EAA
91BA
94CA
97DA
1CB
4DB
7EB
AFB
E0B
111B
142B
173B
1A4B
1D5B
206B
237B
268B
299B
2CAB
2FBB
32CB
35DB
38EB
3BFB
3F0B
421B
452B
483B
4B4B
4E5B
516B
547B
578B
5A9B
5DAB
60BB
63CB
66DB
69EB
6CFB
700B
731B
762B
793B
7C4B
7F5B
826B
857B
888B
8B9B
8EAB
91BB
94CB
97DB
1CC
4DC
7EC
AFC
E0C
111C
142C
173C
1A4C
1D5C
206C
237C
268C
299C
2CAC
2FBC
32CC
35DC
38EC
3BFC
3F0C
421C
452C
483C
4B4C
4E5C
516C
547C
578C
5A9C
5DAC
60BC
63CC
66DC
69EC
6CFC
700C
731C
762C
793C
7C4C
7F5C
826C
857C
888C
8B9C
8EAC
91BC
94CC
97DC
1CD
4DD
7ED
AFD
E0D
111D
142D
173D
1A4D
1D5D
206D
237D
268D
299D
2CAD
2FBD
32CD
35DD
38ED
3BFD
3F0D
421D
452D
483D
4B4D
4E5D
516D
547D
578D
5A9D
5DAD
60BD
63CD
66DD
69ED
6CFD
700D
731D
762D
793D
7C4D
7F5D
826D
857D
888D
8B9D
8EAD
91BD
94CD
97DD
1CE
4DE
7EE
AFE
E0E
111E
142E
173E
1A4E
1D5E
206E
237E
268E
299E
2CAE
2FBE
32CE
35DE
38EE
3BFE
3F0E
421E
452E
483E
4B4E
4E5E
516E
547E
578E
5A9E
5DAE
60BE
63CE
66DE
69EE
6CFE
700E
731E
762E
793E
7C4E
7F5E
826E
857E
888E
8B9E
8EAE
91BE
94CE
97DE
1CF
4DF
7EF
AFF
E0F
111F
142F
173F
1A4F
1D5F
206F
237F
268F
299F
2CAF
2FBF
32CF
35DF
38EF
3BFF
3F0F
421F
452F
483F
4B4F
4E5F
516F
547F
578F
5A9F
5DAF
60BF
63CF
66DF
69EF
6CFF
700F
731F
762F
793F
7C4F
7F5F
826F
857F
888F
8B9F
8EAF
91BF
94CF
97DF
1D0
4E0
7F0
B00
E10
1120
1430
1740
1A50
1D60
2070
2380
2690
29A0
2CB0
2FC0
32D0
35E0
38F0
3C00
3F10
4220
4530
4840
4B50
4E60
5170
5480
5790
5AA0
5DB0
60C0
63D0
66E0
69F0
6D00
7010
7320
7630
7940
7C50
7F60
8270
8580
8890
8BA0
8EB0
91C0
94D0
97E0
1D1
4E1
7F1
B01
E11
1121
1431
1741
1A51
1D61
2071
2381
2691
29A1
2CB1
2FC1
32D1
35E1
38F1
3C01
3F11
4221
4531
4841
4B51
4E61
5171
5481
5791
5AA1
5DB1
60C1
63D1
66E1
69F1
6D01
7011
7321
7631
7941
7C51
7F61
8271
8581
8891
8BA1
8EB1
91C1
94D1
97E1
1D2
4E2
7F2
B02
E12
1122
1432
1742
1A52
1D62
2072
2382
2692
29A2
2CB2
2FC2
32D2
35E2
38F2
3C02
3F12
4222
4532
4842
4B52
4E62
5172
5482
5792
5AA2
5DB2
60C2
63D2
66E2
69F2
6D02
7012
7322
7632
7942
7C52
7F62
8272
8582
8892
8BA2
8EB2
91C2
94D2
97E2
1D3
4E3
7F3
B03
E13
1123
1433
1743
1A53
1D63
2073
2383
2693
29A3
2CB3
2FC3
32D3
35E3
38F3
3C03
3F13
4223
4533
4843
4B53
4E63
5173
5483
5793
5AA3
5DB3
60C3
63D3
66E3
69F3
6D03
7013
7323
7633
7943
7C53
7F63
8273
8583
8893
8BA3
8EB3
91C3
94D3
97E3
1D4
4E4
7F4
B04
E14
1124
1434
1744
1A54
1D64
2074
2384
2694
29A4
2CB4
2FC4
32D4
35E4
38F4
3C04
3F14
4224
4534
4844
4B54
4E64
5174
5484
5794
5AA4
5DB4
60C4
63D4
66E4
69F4
6D04
7014
7324
7634
7944
7C54
7F64
8274
8584
8894
8BA4
8EB4
91C4
94D4
97E4
1D5
4E5
7F5
B05
E15
1125
1435
1745
1A55
1D65
2075
2385
2695
29A5
2CB5
2FC5
32D5
35E5
38F5
3C05
3F15
4225
4535
4845
4B55
4E65
5175
5485
5795
5AA5
5DB5
60C5
63D5
66E5
69F5
6D05
7015
7325
7635
7945
7C55
7F65
8275
8585
8895
8BA5
8EB5
91C5
94D5
97E5
1D6
4E6
7F6
B06
E16
1126
1436
1746
1A56
1D66
2076
2386
2696
29A6
2CB6
2FC6
32D6
35E6
38F6
3C06
3F16
4226
4536
4846
4B56
4E66
5176
5486
5796
5AA6
5DB6
60C6
63D6
66E6
69F6
6D06
7016
7326
7636
7946
7C56
7F66
8276
8586
8896
8BA6
8EB6
91C6
94D6
97E6
1D7
4E7
7F7
B07
E17
1127
1437
1747
1A57
1D67
2077
2387
2697
29A7
2CB7
2FC7
32D7
35E7
38F7
3C07
3F17
4227
4537
4847
4B57
4E67
5177
5487
5797
5AA7
5DB7
60C7
63D7
66E7
69F7
6D07
7017
7327
7637
7947
7C57
7F67
8277
8587
8897
8BA7
8EB7
91C7
94D7
97E7
1D8
4E8
7F8
B08
E18
1128
1438
1748
1A58
1D68
2078
2388
2698
29A8
2CB8
2FC8
32D8
35E8
38F8
3C08
3F18
4228
4538
4848
4B58
4E68
5178
5488
5798
5AA8
5DB8
60C8
63D8
66E8
69F8
6D08
7018
7328
7638
7948
7C58
7F68
8278
8588
8898
8BA8
8EB8
91C8
94D8
97E8
1D9
4E9
7F9
B09
E19
1129
1439
1749
1A59
1D69
2079
2389
2699
29A9
2CB9
2FC9
32D9
35E9
38F9
3C09
3F19
4229
4539
4849
4B59
4E69
5179
5489
5799
5AA9
5DB9
60C9
63D9
66E9
69F9
6D09
7019
7329
7639
7949
7C59
7F69
8279
8589
8899
8BA9
8EB9
91C9
94D9
97E9
1DA
4EA
7FA
B0A
E1A
112A
143A
174A
1A5A
1D6A
207A
238A
269A
29AA
2CBA
2FCA
32DA
35EA
38FA
3C0A
3F1A
422A
453A
484A
4B5A
4E6A
517A
548A
579A
5AAA
5DBA
60CA
63DA
66EA
69FA
6D0A
701A
732A
763A
794A
7C5A
7F6A
827A
858A
889A
8BAA
8EBA
91CA
94DA
97EA
1DB
4EB
7FB
B0B
E1B
112B
143B
174B
1A5B
1D6B
207B
238B
269B
29AB
2CBB
2FCB
32DB
35EB
38FB
3C0B
3F1B
422B
453B
484B
4B5B
4E6B
517B
548B
579B
5AAB
5DBB
60CB
63DB
66EB
69FB
6D0B
701B
732B
763B
794B
7C5B
7F6B
827B
858B
889B
8BAB
8EBB
91CB
94DB
97EB
1DC
4EC
7FC
B0C
E1C
112C
143C
174C
1A5C
1D6C
207C
238C
269C
29AC
2CBC
2FCC
32DC
35EC
38FC
3C0C
3F1C
422C
453C
484C
4B5C
4E6C
517C
548C
579C
5AAC
5DBC
60CC
63DC
66EC
69FC
6D0C
701C
732C
763C
794C
7C5C
7F6C
827C
858C
889C
8BAC
8EBC
91CC
94DC
97EC
1DD
4ED
7FD
B0D
E1D
112D
143D
174D
1A5D
1D6D
207D
238D
269D
29AD
2CBD
2FCD
32DD
35ED
38FD
3C0D
3F1D
422D
453D
484D
4B5D
4E6D
517D
548D
579D
5AAD
5DBD
60CD
63DD
66ED
69FD
6D0D
701D
732D
763D
794D
7C5D
7F6D
827D
858D
889D
8BAD
8EBD
91CD
94DD
97ED
1DE
4EE
7FE
B0E
E1E
112E
143E
174E
1A5E
1D6E
207E
238E
269E
29AE
2CBE
2FCE
32DE
35EE
38FE
3C0E
3F1E
422E
453E
484E
4B5E
4E6E
517E
548E
579E
5AAE
5DBE
60CE
63DE
66EE
69FE
6D0E
701E
732E
763E
794E
7C5E
7F6E
827E
858E
889E
8BAE
8EBE
91CE
94DE
97EE
1DF
4EF
7FF
B0F
E1F
112F
143F
174F
1A5F
1D6F
207F
238F
269F
29AF
2CBF
2FCF
32DF
35EF
38FF
3C0F
3F1F
422F
453F
484F
4B5F
4E6F
517F
548F
579F
5AAF
5DBF
60CF
63DF
66EF
69FF
6D0F
701F
732F
763F
794F
7C5F
7F6F
827F
858F
889F
8BAF
8EBF
91CF
94DF
97EF
1E0
4F0
800
B10
E20
1130
1440
1750
1A60
1D70
2080
2390
26A0
29B0
2CC0
2FD0
32E0
35F0
3900
3C10
3F20
4230
4540
4850
4B60
4E70
5180
5490
57A0
5AB0
5DC0
60D0
63E0
66F0
6A00
6D10
7020
7330
7640
7950
7C60
7F70
8280
8590
88A0
8BB0
8EC0
91D0
94E0
97F0
1E1
4F1
801
B11
E21
1131
1441
1751
1A61
1D71
2081
2391
26A1
29B1
2CC1
2FD1
32E1
35F1
3901
3C11
3F21
4231
4541
4851
4B61
4E71
5181
5491
57A1
5AB1
5DC1
60D1
63E1
66F1
6A01
6D11
7021
7331
7641
7951
7C61
7F71
8281
8591
88A1
8BB1
8EC1
91D1
94E1
97F1
1E2
4F2
802
B12
E22
1132
1442
1752
1A62
1D72
2082
2392
26A2
29B2
2CC2
2FD2
32E2
35F2
3902
3C12
3F22
4232
4542
4852
4B62
4E72
5182
5492
57A2
5AB2
5DC2
60D2
63E2
66F2
6A02
6D12
7022
7332
7642
7952
7C62
7F72
8282
8592
88A2
8BB2
8EC2
91D2
94E2
97F2
1E3
4F3
803
B13
E23
1133
1443
1753
1A63
1D73
2083
2393
26A3
29B3
2CC3
2FD3
32E3
35F3
3903
3C13
3F23
4233
4543
4853
4B63
4E73
5183
5493
57A3
5AB3
5DC3
60D3
63E3
66F3
6A03
6D13
7023
7333
7643
7953
7C63
7F73
8283
8593
88A3
8BB3
8EC3
91D3
94E3
97F3
1E4
4F4
804
B14
E24
1134
1444
1754
1A64
1D74
2084
2394
26A4
29B4
2CC4
2FD4
32E4
35F4
3904
3C14
3F24
4234
4544
4854
4B64
4E74
5184
5494
57A4
5AB4
5DC4
60D4
63E4
66F4
6A04
6D14
7024
7334
7644
7954
7C64
7F74
8284
8594
88A4
8BB4
8EC4
91D4
94E4
97F4
1E5
4F5
805
B15
E25
1135
1445
1755
1A65
1D75
2085
2395
26A5
29B5
2CC5
2FD5
32E5
35F5
3905
3C15
3F25
4235
4545
4855
4B65
4E75
5185
5495
57A5
5AB5
5DC5
60D5
63E5
66F5
6A05
6D15
7025
7335
7645
7955
7C65
7F75
8285
8595
88A5
8BB5
8EC5
91D5
94E5
97F5
1E6
4F6
806
B16
E26
1136
1446
1756
1A66
1D76
2086
2396
26A6
29B6
2CC6
2FD6
32E6
35F6
3906
3C16
3F26
4236
4546
4856
4B66
4E76
5186
5496
57A6
5AB6
5DC6
60D6
63E6
66F6
6A06
6D16
7026
7336
7646
7956
7C66
7F76
8286
8596
88A6
8BB6
8EC6
91D6
94E6
97F6
1E7
4F7
807
B17
E27
1137
1447
1757
1A67
1D77
2087
2397
26A7
29B7
2CC7
2FD7
32E7
35F7
3907
3C17
3F27
4237
4547
4857
4B67
4E77
5187
5497
57A7
5AB7
5DC7
60D7
63E7
66F7
6A07
6D17
7027
7337
7647
7957
7C67
7F77
8287
8597
88A7
8BB7
8EC7
91D7
94E7
97F7
1E8
4F8
808
B18
E28
1138
1448
1758
1A68
1D78
2088
2398
26A8
29B8
2CC8
2FD8
32E8
35F8
3908
3C18
3F28
4238
4548
4858
4B68
4E78
5188
5498
57A8
5AB8
5DC8
60D8
63E8
66F8
6A08
6D18
7028
7338
7648
7958
7C68
7F78
8288
8598
88A8
8BB8
8EC8
91D8
94E8
97F8
1E9
4F9
809
B19
E29
1139
1449
1759
1A69
1D79
2089
2399
26A9
29B9
2CC9
2FD9
32E9
35F9
3909
3C19
3F29
4239
4549
4859
4B69
4E79
5189
5499
57A9
5AB9
5DC9
60D9
63E9
66F9
6A09
6D19
7029
7339
7649
7959
7C69
7F79
8289
8599
88A9
8BB9
8EC9
91D9
94E9
97F9
1EA
4FA
80A
B1A
E2A
113A
144A
175A
1A6A
1D7A
208A
239A
26AA
29BA
2CCA
2FDA
32EA
35FA
390A
3C1A
3F2A
423A
454A
485A
4B6A
4E7A
518A
549A
57AA
5ABA
5DCA
60DA
63EA
66FA
6A0A
6D1A
702A
733A
764A
795A
7C6A
7F7A
828A
859A
88AA
8BBA
8ECA
91DA
94EA
97FA
1EB
4FB
80B
B1B
E2B
113B
144B
175B
1A6B
1D7B
208B
239B
26AB
29BB
2CCB
2FDB
32EB
35FB
390B
3C1B
3F2B
423B
454B
485B
4B6B
4E7B
518B
549B
57AB
5ABB
5DCB
60DB
63EB
66FB
6A0B
6D1B
702B
733B
764B
795B
7C6B
7F7B
828B
859B
88AB
8BBB
8ECB
91DB
94EB
97FB
1EC
4FC
80C
B1C
E2C
113C
144C
175C
1A6C
1D7C
208C
239C
26AC
29BC
2CCC
2FDC
32EC
35FC
390C
3C1C
3F2C
423C
454C
485C
4B6C
4E7C
518C
549C
57AC
5ABC
5DCC
60DC
63EC
66FC
6A0C
6D1C
702C
733C
764C
795C
7C6C
7F7C
828C
859C
88AC
8BBC
8ECC
91DC
94EC
97FC
1ED
4FD
80D
B1D
E2D
113D
144D
175D
1A6D
1D7D
208D
239D
26AD
29BD
2CCD
2FDD
32ED
35FD
390D
3C1D
3F2D
423D
454D
485D
4B6D
4E7D
518D
549D
57AD
5ABD
5DCD
60DD
63ED
66FD
6A0D
6D1D
702D
733D
764D
795D
7C6D
7F7D
828D
859D
88AD
8BBD
8ECD
91DD
94ED
97FD
1EE
4FE
80E
B1E
E2E
113E
144E
175E
1A6E
1D7E
208E
239E
26AE
29BE
2CCE
2FDE
32EE
35FE
390E
3C1E
3F2E
423E
454E
485E
4B6E
4E7E
518E
549E
57AE
5ABE
5DCE
60DE
63EE
66FE
6A0E
6D1E
702E
733E
764E
795E
7C6E
7F7E
828E
859E
88AE
8BBE
8ECE
91DE
94EE
97FE
1EF
4FF
80F
B1F
E2F
113F
144F
175F
1A6F
1D7F
208F
239F
26AF
29BF
2CCF
2FDF
32EF
35FF
390F
3C1F
3F2F
423F
454F
485F
4B6F
4E7F
518F
549F
57AF
5ABF
5DCF
60DF
63EF
66FF
6A0F
6D1F
702F
733F
764F
795F
7C6F
7F7F
828F
859F
88AF
8BBF
8ECF
91DF
94EF
97FF
1F0
500
810
B20
E30
1140
1450
1760
1A70
1D80
2090
23A0
26B0
29C0
2CD0
2FE0
32F0
3600
3910
3C20
3F30
4240
4550
4860
4B70
4E80
5190
54A0
57B0
5AC0
5DD0
60E0
63F0
6700
6A10
6D20
7030
7340
7650
7960
7C70
7F80
8290
85A0
88B0
8BC0
8ED0
91E0
94F0
9800
1F1
501
811
B21
E31
1141
1451
1761
1A71
1D81
2091
23A1
26B1
29C1
2CD1
2FE1
32F1
3601
3911
3C21
3F31
4241
4551
4861
4B71
4E81
5191
54A1
57B1
5AC1
5DD1
60E1
63F1
6701
6A11
6D21
7031
7341
7651
7961
7C71
7F81
8291
85A1
88B1
8BC1
8ED1
91E1
94F1
9801
1F2
502
812
B22
E32
1142
1452
1762
1A72
1D82
2092
23A2
26B2
29C2
2CD2
2FE2
32F2
3602
3912
3C22
3F32
4242
4552
4862
4B72
4E82
5192
54A2
57B2
5AC2
5DD2
60E2
63F2
6702
6A12
6D22
7032
7342
7652
7962
7C72
7F82
8292
85A2
88B2
8BC2
8ED2
91E2
94F2
9802
1F3
503
813
B23
E33
1143
1453
1763
1A73
1D83
2093
23A3
26B3
29C3
2CD3
2FE3
32F3
3603
3913
3C23
3F33
4243
4553
4863
4B73
4E83
5193
54A3
57B3
5AC3
5DD3
60E3
63F3
6703
6A13
6D23
7033
7343
7653
7963
7C73
7F83
8293
85A3
88B3
8BC3
8ED3
91E3
94F3
9803
1F4
504
814
B24
E34
1144
1454
1764
1A74
1D84
2094
23A4
26B4
29C4
2CD4
2FE4
32F4
3604
3914
3C24
3F34
4244
4554
4864
4B74
4E84
5194
54A4
57B4
5AC4
5DD4
60E4
63F4
6704
6A14
6D24
7034
7344
7654
7964
7C74
7F84
8294
85A4
88B4
8BC4
8ED4
91E4
94F4
9804
1F5
505
815
B25
E35
1145
1455
1765
1A75
1D85
2095
23A5
26B5
29C5
2CD5
2FE5
32F5
3605
3915
3C25
3F35
4245
4555
4865
4B75
4E85
5195
54A5
57B5
5AC5
5DD5
60E5
63F5
6705
6A15
6D25
7035
7345
7655
7965
7C75
7F85
8295
85A5
88B5
8BC5
8ED5
91E5
94F5
9805
1F6
506
816
B26
E36
1146
1456
1766
1A76
1D86
2096
23A6
26B6
29C6
2CD6
2FE6
32F6
3606
3916
3C26
3F36
4246
4556
4866
4B76
4E86
5196
54A6
57B6
5AC6
5DD6
60E6
63F6
6706
6A16
6D26
7036
7346
7656
7966
7C76
7F86
8296
85A6
88B6
8BC6
8ED6
91E6
94F6
9806
1F7
507
817
B27
E37
1147
1457
1767
1A77
1D87
2097
23A7
26B7
29C7
2CD7
2FE7
32F7
3607
3917
3C27
3F37
4247
4557
4867
4B77
4E87
5197
54A7
57B7
5AC7
5DD7
60E7
63F7
6707
6A17
6D27
7037
7347
7657
7967
7C77
7F87
8297
85A7
88B7
8BC7
8ED7
91E7
94F7
9807
1F8
508
818
B28
E38
1148
1458
1768
1A78
1D88
2098
23A8
26B8
29C8
2CD8
2FE8
32F8
3608
3918
3C28
3F38
4248
4558
4868
4B78
4E88
5198
54A8
57B8
5AC8
5DD8
60E8
63F8
6708
6A18
6D28
7038
7348
7658
7968
7C78
7F88
8298
85A8
88B8
8BC8
8ED8
91E8
94F8
9808
1F9
509
819
B29
E39
1149
1459
1769
1A79
1D89
2099
23A9
26B9
29C9
2CD9
2FE9
32F9
3609
3919
3C29
3F39
4249
4559
4869
4B79
4E89
5199
54A9
57B9
5AC9
5DD9
60E9
63F9
6709
6A19
6D29
7039
7349
7659
7969
7C79
7F89
8299
85A9
88B9
8BC9
8ED9
91E9
94F9
9809
1FA
50A
81A
B2A
E3A
114A
145A
176A
1A7A
1D8A
209A
23AA
26BA
29CA
2CDA
2FEA
32FA
360A
391A
3C2A
3F3A
424A
455A
486A
4B7A
4E8A
519A
54AA
57BA
5ACA
5DDA
60EA
63FA
670A
6A1A
6D2A
703A
734A
765A
796A
7C7A
7F8A
829A
85AA
88BA
8BCA
8EDA
91EA
94FA
980A
1FB
50B
81B
B2B
E3B
114B
145B
176B
1A7B
1D8B
209B
23AB
26BB
29CB
2CDB
2FEB
32FB
360B
391B
3C2B
3F3B
424B
455B
486B
4B7B
4E8B
519B
54AB
57BB
5ACB
5DDB
60EB
63FB
670B
6A1B
6D2B
703B
734B
765B
796B
7C7B
7F8B
829B
85AB
88BB
8BCB
8EDB
91EB
94FB
980B
1FC
50C
81C
B2C
E3C
114C
145C
176C
1A7C
1D8C
209C
23AC
26BC
29CC
2CDC
2FEC
32FC
360C
391C
3C2C
3F3C
424C
455C
486C
4B7C
4E8C
519C
54AC
57BC
5ACC
5DDC
60EC
63FC
670C
6A1C
6D2C
703C
734C
765C
796C
7C7C
7F8C
829C
85AC
88BC
8BCC
8EDC
91EC
94FC
980C
1FD
50D
81D
B2D
E3D
114D
145D
176D
1A7D
1D8D
209D
23AD
26BD
29CD
2CDD
2FED
32FD
360D
391D
3C2D
3F3D
424D
455D
486D
4B7D
4E8D
519D
54AD
57BD
5ACD
5DDD
60ED
63FD
670D
6A1D
6D2D
703D
734D
765D
796D
7C7D
7F8D
829D
85AD
88BD
8BCD
8EDD
91ED
94FD
980D
1FE
50E
81E
B2E
E3E
114E
145E
176E
1A7E
1D8E
209E
23AE
26BE
29CE
2CDE
2FEE
32FE
360E
391E
3C2E
3F3E
424E
455E
486E
4B7E
4E8E
519E
54AE
57BE
5ACE
5DDE
60EE
63FE
670E
6A1E
6D2E
703E
734E
765E
796E
7C7E
7F8E
829E
85AE
88BE
8BCE
8EDE
91EE
94FE
980E
1FF
50F
81F
B2F
E3F
114F
145F
176F
1A7F
1D8F
209F
23AF
26BF
29CF
2CDF
2FEF
32FF
360F
391F
3C2F
3F3F
424F
455F
486F
4B7F
4E8F
519F
54AF
57BF
5ACF
5DDF
60EF
63FF
670F
6A1F
6D2F
703F
734F
765F
796F
7C7F
7F8F
829F
85AF
88BF
8BCF
8EDF
91EF
94FF
980F
200
510
820
B30
E40
1150
1460
1770
1A80
1D90
20A0
23B0
26C0
29D0
2CE0
2FF0
3300
3610
3920
3C30
3F40
4250
4560
4870
4B80
4E90
51A0
54B0
57C0
5AD0
5DE0
60F0
6400
6710
6A20
6D30
7040
7350
7660
7970
7C80
7F90
82A0
85B0
88C0
8BD0
8EE0
91F0
9500
9810
201
511
821
B31
E41
1151
1461
1771
1A81
1D91
20A1
23B1
26C1
29D1
2CE1
2FF1
3301
3611
3921
3C31
3F41
4251
4561
4871
4B81
4E91
51A1
54B1
57C1
5AD1
5DE1
60F1
6401
6711
6A21
6D31
7041
7351
7661
7971
7C81
7F91
82A1
85B1
88C1
8BD1
8EE1
91F1
9501
9811
202
512
822
B32
E42
1152
1462
1772
1A82
1D92
20A2
23B2
26C2
29D2
2CE2
2FF2
3302
3612
3922
3C32
3F42
4252
4562
4872
4B82
4E92
51A2
54B2
57C2
5AD2
5DE2
60F2
6402
6712
6A22
6D32
7042
7352
7662
7972
7C82
7F92
82A2
85B2
88C2
8BD2
8EE2
91F2
9502
9812
203
513
823
B33
E43
1153
1463
1773
1A83
1D93
20A3
23B3
26C3
29D3
2CE3
2FF3
3303
3613
3923
3C33
3F43
4253
4563
4873
4B83
4E93
51A3
54B3
57C3
5AD3
5DE3
60F3
6403
6713
6A23
6D33
7043
7353
7663
7973
7C83
7F93
82A3
85B3
88C3
8BD3
8EE3
91F3
9503
9813
204
514
824
B34
E44
1154
1464
1774
1A84
1D94
20A4
23B4
26C4
29D4
2CE4
2FF4
3304
3614
3924
3C34
3F44
4254
4564
4874
4B84
4E94
51A4
54B4
57C4
5AD4
5DE4
60F4
6404
6714
6A24
6D34
7044
7354
7664
7974
7C84
7F94
82A4
85B4
88C4
8BD4
8EE4
91F4
9504
9814
205
515
825
B35
E45
1155
1465
1775
1A85
1D95
20A5
23B5
26C5
29D5
2CE5
2FF5
3305
3615
3925
3C35
3F45
4255
4565
4875
4B85
4E95
51A5
54B5
57C5
5AD5
5DE5
60F5
6405
6715
6A25
6D35
7045
7355
7665
7975
7C85
7F95
82A5
85B5
88C5
8BD5
8EE5
91F5
9505
9815
206
516
826
B36
E46
1156
1466
1776
1A86
1D96
20A6
23B6
26C6
29D6
2CE6
2FF6
3306
3616
3926
3C36
3F46
4256
4566
4876
4B86
4E96
51A6
54B6
57C6
5AD6
5DE6
60F6
6406
6716
6A26
6D36
7046
7356
7666
7976
7C86
7F96
82A6
85B6
88C6
8BD6
8EE6
91F6
9506
9816
207
517
827
B37
E47
1157
1467
1777
1A87
1D97
20A7
23B7
26C7
29D7
2CE7
2FF7
3307
3617
3927
3C37
3F47
4257
4567
4877
4B87
4E97
51A7
54B7
57C7
5AD7
5DE7
60F7
6407
6717
6A27
6D37
7047
7357
7667
7977
7C87
7F97
82A7
85B7
88C7
8BD7
8EE7
91F7
9507
9817
208
518
828
B38
E48
1158
1468
1778
1A88
1D98
20A8
23B8
26C8
29D8
2CE8
2FF8
3308
3618
3928
3C38
3F48
4258
4568
4878
4B88
4E98
51A8
54B8
57C8
5AD8
5DE8
60F8
6408
6718
6A28
6D38
7048
7358
7668
7978
7C88
7F98
82A8
85B8
88C8
8BD8
8EE8
91F8
9508
9818
209
519
829
B39
E49
1159
1469
1779
1A89
1D99
20A9
23B9
26C9
29D9
2CE9
2FF9
3309
3619
3929
3C39
3F49
4259
4569
4879
4B89
4E99
51A9
54B9
57C9
5AD9
5DE9
60F9
6409
6719
6A29
6D39
7049
7359
7669
7979
7C89
7F99
82A9
85B9
88C9
8BD9
8EE9
91F9
9509
9819
20A
51A
82A
B3A
E4A
115A
146A
177A
1A8A
1D9A
20AA
23BA
26CA
29DA
2CEA
2FFA
330A
361A
392A
3C3A
3F4A
425A
456A
487A
4B8A
4E9A
51AA
54BA
57CA
5ADA
5DEA
60FA
640A
671A
6A2A
6D3A
704A
735A
766A
797A
7C8A
7F9A
82AA
85BA
88CA
8BDA
8EEA
91FA
950A
981A
20B
51B
82B
B3B
E4B
115B
146B
177B
1A8B
1D9B
20AB
23BB
26CB
29DB
2CEB
2FFB
330B
361B
392B
3C3B
3F4B
425B
456B
487B
4B8B
4E9B
51AB
54BB
57CB
5ADB
5DEB
60FB
640B
671B
6A2B
6D3B
704B
735B
766B
797B
7C8B
7F9B
82AB
85BB
88CB
8BDB
8EEB
91FB
950B
981B
20C
51C
82C
B3C
E4C
115C
146C
177C
1A8C
1D9C
20AC
23BC
26CC
29DC
2CEC
2FFC
330C
361C
392C
3C3C
3F4C
425C
456C
487C
4B8C
4E9C
51AC
54BC
57CC
5ADC
5DEC
60FC
640C
671C
6A2C
6D3C
704C
735C
766C
797C
7C8C
7F9C
82AC
85BC
88CC
8BDC
8EEC
91FC
950C
981C
20D
51D
82D
B3D
E4D
115D
146D
177D
1A8D
1D9D
20AD
23BD
26CD
29DD
2CED
2FFD
330D
361D
392D
3C3D
3F4D
425D
456D
487D
4B8D
4E9D
51AD
54BD
57CD
5ADD
5DED
60FD
640D
671D
6A2D
6D3D
704D
735D
766D
797D
7C8D
7F9D
82AD
85BD
88CD
8BDD
8EED
91FD
950D
981D
20E
51E
82E
B3E
E4E
115E
146E
177E
1A8E
1D9E
20AE
23BE
26CE
29DE
2CEE
2FFE
330E
361E
392E
3C3E
3F4E
425E
456E
487E
4B8E
4E9E
51AE
54BE
57CE
5ADE
5DEE
60FE
640E
671E
6A2E
6D3E
704E
735E
766E
797E
7C8E
7F9E
82AE
85BE
88CE
8BDE
8EEE
91FE
950E
981E
20F
51F
82F
B3F
E4F
115F
146F
177F
1A8F
1D9F
20AF
23BF
26CF
29DF
2CEF
2FFF
330F
361F
392F
3C3F
3F4F
425F
456F
487F
4B8F
4E9F
51AF
54BF
57CF
5ADF
5DEF
60FF
640F
671F
6A2F
6D3F
704F
735F
766F
797F
7C8F
7F9F
82AF
85BF
88CF
8BDF
8EEF
91FF
950F
981F
210
520
830
B40
E50
1160
1470
1780
1A90
1DA0
20B0
23C0
26D0
29E0
2CF0
3000
3310
3620
3930
3C40
3F50
4260
4570
4880
4B90
4EA0
51B0
54C0
57D0
5AE0
5DF0
6100
6410
6720
6A30
6D40
7050
7360
7670
7980
7C90
7FA0
82B0
85C0
88D0
8BE0
8EF0
9200
9510
9820
211
521
831
B41
E51
1161
1471
1781
1A91
1DA1
20B1
23C1
26D1
29E1
2CF1
3001
3311
3621
3931
3C41
3F51
4261
4571
4881
4B91
4EA1
51B1
54C1
57D1
5AE1
5DF1
6101
6411
6721
6A31
6D41
7051
7361
7671
7981
7C91
7FA1
82B1
85C1
88D1
8BE1
8EF1
9201
9511
9821
212
522
832
B42
E52
1162
1472
1782
1A92
1DA2
20B2
23C2
26D2
29E2
2CF2
3002
3312
3622
3932
3C42
3F52
4262
4572
4882
4B92
4EA2
51B2
54C2
57D2
5AE2
5DF2
6102
6412
6722
6A32
6D42
7052
7362
7672
7982
7C92
7FA2
82B2
85C2
88D2
8BE2
8EF2
9202
9512
9822
213
523
833
B43
E53
1163
1473
1783
1A93
1DA3
20B3
23C3
26D3
29E3
2CF3
3003
3313
3623
3933
3C43
3F53
4263
4573
4883
4B93
4EA3
51B3
54C3
57D3
5AE3
5DF3
6103
6413
6723
6A33
6D43
7053
7363
7673
7983
7C93
7FA3
82B3
85C3
88D3
8BE3
8EF3
9203
9513
9823
214
524
834
B44
E54
1164
1474
1784
1A94
1DA4
20B4
23C4
26D4
29E4
2CF4
3004
3314
3624
3934
3C44
3F54
4264
4574
4884
4B94
4EA4
51B4
54C4
57D4
5AE4
5DF4
6104
6414
6724
6A34
6D44
7054
7364
7674
7984
7C94
7FA4
82B4
85C4
88D4
8BE4
8EF4
9204
9514
9824
215
525
835
B45
E55
1165
1475
1785
1A95
1DA5
20B5
23C5
26D5
29E5
2CF5
3005
3315
3625
3935
3C45
3F55
4265
4575
4885
4B95
4EA5
51B5
54C5
57D5
5AE5
5DF5
6105
6415
6725
6A35
6D45
7055
7365
7675
7985
7C95
7FA5
82B5
85C5
88D5
8BE5
8EF5
9205
9515
9825
216
526
836
B46
E56
1166
1476
1786
1A96
1DA6
20B6
23C6
26D6
29E6
2CF6
3006
3316
3626
3936
3C46
3F56
4266
4576
4886
4B96
4EA6
51B6
54C6
57D6
5AE6
5DF6
6106
6416
6726
6A36
6D46
7056
7366
7676
7986
7C96
7FA6
82B6
85C6
88D6
8BE6
8EF6
9206
9516
9826
217
527
837
B47
E57
1167
1477
1787
1A97
1DA7
20B7
23C7
26D7
29E7
2CF7
3007
3317
3627
3937
3C47
3F57
4267
4577
4887
4B97
4EA7
51B7
54C7
57D7
5AE7
5DF7
6107
6417
6727
6A37
6D47
7057
7367
7677
7987
7C97
7FA7
82B7
85C7
88D7
8BE7
8EF7
9207
9517
9827
218
528
838
B48
E58
1168
1478
1788
1A98
1DA8
20B8
23C8
26D8
29E8
2CF8
3008
3318
3628
3938
3C48
3F58
4268
4578
4888
4B98
4EA8
51B8
54C8
57D8
5AE8
5DF8
6108
6418
6728
6A38
6D48
7058
7368
7678
7988
7C98
7FA8
82B8
85C8
88D8
8BE8
8EF8
9208
9518
9828
219
529
839
B49
E59
1169
1479
1789
1A99
1DA9
20B9
23C9
26D9
29E9
2CF9
3009
3319
3629
3939
3C49
3F59
4269
4579
4889
4B99
4EA9
51B9
54C9
57D9
5AE9
5DF9
6109
6419
6729
6A39
6D49
7059
7369
7679
7989
7C99
7FA9
82B9
85C9
88D9
8BE9
8EF9
9209
9519
9829
21A
52A
83A
B4A
E5A
116A
147A
178A
1A9A
1DAA
20BA
23CA
26DA
29EA
2CFA
300A
331A
362A
393A
3C4A
3F5A
426A
457A
488A
4B9A
4EAA
51BA
54CA
57DA
5AEA
5DFA
610A
641A
672A
6A3A
6D4A
705A
736A
767A
798A
7C9A
7FAA
82BA
85CA
88DA
8BEA
8EFA
920A
951A
982A
21B
52B
83B
B4B
E5B
116B
147B
178B
1A9B
1DAB
20BB
23CB
26DB
29EB
2CFB
300B
331B
362B
393B
3C4B
3F5B
426B
457B
488B
4B9B
4EAB
51BB
54CB
57DB
5AEB
5DFB
610B
641B
672B
6A3B
6D4B
705B
736B
767B
798B
7C9B
7FAB
82BB
85CB
88DB
8BEB
8EFB
920B
951B
982B
21C
52C
83C
B4C
E5C
116C
147C
178C
1A9C
1DAC
20BC
23CC
26DC
29EC
2CFC
300C
331C
362C
393C
3C4C
3F5C
426C
457C
488C
4B9C
4EAC
51BC
54CC
57DC
5AEC
5DFC
610C
641C
672C
6A3C
6D4C
705C
736C
767C
798C
7C9C
7FAC
82BC
85CC
88DC
8BEC
8EFC
920C
951C
982C
21D
52D
83D
B4D
E5D
116D
147D
178D
1A9D
1DAD
20BD
23CD
26DD
29ED
2CFD
300D
331D
362D
393D
3C4D
3F5D
426D
457D
488D
4B9D
4EAD
51BD
54CD
57DD
5AED
5DFD
610D
641D
672D
6A3D
6D4D
705D
736D
767D
798D
7C9D
7FAD
82BD
85CD
88DD
8BED
8EFD
920D
951D
982D
21E
52E
83E
B4E
E5E
116E
147E
178E
1A9E
1DAE
20BE
23CE
26DE
29EE
2CFE
300E
331E
362E
393E
3C4E
3F5E
426E
457E
488E
4B9E
4EAE
51BE
54CE
57DE
5AEE
5DFE
610E
641E
672E
6A3E
6D4E
705E
736E
767E
798E
7C9E
7FAE
82BE
85CE
88DE
8BEE
8EFE
920E
951E
982E
21F
52F
83F
B4F
E5F
116F
147F
178F
1A9F
1DAF
20BF
23CF
26DF
29EF
2CFF
300F
331F
362F
393F
3C4F
3F5F
426F
457F
488F
4B9F
4EAF
51BF
54CF
57DF
5AEF
5DFF
610F
641F
672F
6A3F
6D4F
705F
736F
767F
798F
7C9F
7FAF
82BF
85CF
88DF
8BEF
8EFF
920F
951F
982F
220
530
840
B50
E60
1170
1480
1790
1AA0
1DB0
20C0
23D0
26E0
29F0
2D00
3010
3320
3630
3940
3C50
3F60
4270
4580
4890
4BA0
4EB0
51C0
54D0
57E0
5AF0
5E00
6110
6420
6730
6A40
6D50
7060
7370
7680
7990
7CA0
7FB0
82C0
85D0
88E0
8BF0
8F00
9210
9520
9830
221
531
841
B51
E61
1171
1481
1791
1AA1
1DB1
20C1
23D1
26E1
29F1
2D01
3011
3321
3631
3941
3C51
3F61
4271
4581
4891
4BA1
4EB1
51C1
54D1
57E1
5AF1
5E01
6111
6421
6731
6A41
6D51
7061
7371
7681
7991
7CA1
7FB1
82C1
85D1
88E1
8BF1
8F01
9211
9521
9831
222
532
842
B52
E62
1172
1482
1792
1AA2
1DB2
20C2
23D2
26E2
29F2
2D02
3012
3322
3632
3942
3C52
3F62
4272
4582
4892
4BA2
4EB2
51C2
54D2
57E2
5AF2
5E02
6112
6422
6732
6A42
6D52
7062
7372
7682
7992
7CA2
7FB2
82C2
85D2
88E2
8BF2
8F02
9212
9522
9832
223
533
843
B53
E63
1173
1483
1793
1AA3
1DB3
20C3
23D3
26E3
29F3
2D03
3013
3323
3633
3943
3C53
3F63
4273
4583
4893
4BA3
4EB3
51C3
54D3
57E3
5AF3
5E03
6113
6423
6733
6A43
6D53
7063
7373
7683
7993
7CA3
7FB3
82C3
85D3
88E3
8BF3
8F03
9213
9523
9833
224
534
844
B54
E64
1174
1484
1794
1AA4
1DB4
20C4
23D4
26E4
29F4
2D04
3014
3324
3634
3944
3C54
3F64
4274
4584
4894
4BA4
4EB4
51C4
54D4
57E4
5AF4
5E04
6114
6424
6734
6A44
6D54
7064
7374
7684
7994
7CA4
7FB4
82C4
85D4
88E4
8BF4
8F04
9214
9524
9834
225
535
845
B55
E65
1175
1485
1795
1AA5
1DB5
20C5
23D5
26E5
29F5
2D05
3015
3325
3635
3945
3C55
3F65
4275
4585
4895
4BA5
4EB5
51C5
54D5
57E5
5AF5
5E05
6115
6425
6735
6A45
6D55
7065
7375
7685
7995
7CA5
7FB5
82C5
85D5
88E5
8BF5
8F05
9215
9525
9835
226
536
846
B56
E66
1176
1486
1796
1AA6
1DB6
20C6
23D6
26E6
29F6
2D06
3016
3326
3636
3946
3C56
3F66
4276
4586
4896
4BA6
4EB6
51C6
54D6
57E6
5AF6
5E06
6116
6426
6736
6A46
6D56
7066
7376
7686
7996
7CA6
7FB6
82C6
85D6
88E6
8BF6
8F06
9216
9526
9836
227
537
847
B57
E67
1177
1487
1797
1AA7
1DB7
20C7
23D7
26E7
29F7
2D07
3017
3327
3637
3947
3C57
3F67
4277
4587
4897
4BA7
4EB7
51C7
54D7
57E7
5AF7
5E07
6117
6427
6737
6A47
6D57
7067
7377
7687
7997
7CA7
7FB7
82C7
85D7
88E7
8BF7
8F07
9217
9527
9837
228
538
848
B58
E68
1178
1488
1798
1AA8
1DB8
20C8
23D8
26E8
29F8
2D08
3018
3328
3638
3948
3C58
3F68
4278
4588
4898
4BA8
4EB8
51C8
54D8
57E8
5AF8
5E08
6118
6428
6738
6A48
6D58
7068
7378
7688
7998
7CA8
7FB8
82C8
85D8
88E8
8BF8
8F08
9218
9528
9838
229
539
849
B59
E69
1179
1489
1799
1AA9
1DB9
20C9
23D9
26E9
29F9
2D09
3019
3329
3639
3949
3C59
3F69
4279
4589
4899
4BA9
4EB9
51C9
54D9
57E9
5AF9
5E09
6119
6429
6739
6A49
6D59
7069
7379
7689
7999
7CA9
7FB9
82C9
85D9
88E9
8BF9
8F09
9219
9529
9839
22A
53A
84A
B5A
E6A
117A
148A
179A
1AAA
1DBA
20CA
23DA
26EA
29FA
2D0A
301A
332A
363A
394A
3C5A
3F6A
427A
458A
489A
4BAA
4EBA
51CA
54DA
57EA
5AFA
5E0A
611A
642A
673A
6A4A
6D5A
706A
737A
768A
799A
7CAA
7FBA
82CA
85DA
88EA
8BFA
8F0A
921A
952A
983A
22B
53B
84B
B5B
E6B
117B
148B
179B
1AAB
1DBB
20CB
23DB
26EB
29FB
2D0B
301B
332B
363B
394B
3C5B
3F6B
427B
458B
489B
4BAB
4EBB
51CB
54DB
57EB
5AFB
5E0B
611B
642B
673B
6A4B
6D5B
706B
737B
768B
799B
7CAB
7FBB
82CB
85DB
88EB
8BFB
8F0B
921B
952B
983B
22C
53C
84C
B5C
E6C
117C
148C
179C
1AAC
1DBC
20CC
23DC
26EC
29FC
2D0C
301C
332C
363C
394C
3C5C
3F6C
427C
458C
489C
4BAC
4EBC
51CC
54DC
57EC
5AFC
5E0C
611C
642C
673C
6A4C
6D5C
706C
737C
768C
799C
7CAC
7FBC
82CC
85DC
88EC
8BFC
8F0C
921C
952C
983C
22D
53D
84D
B5D
E6D
117D
148D
179D
1AAD
1DBD
20CD
23DD
26ED
29FD
2D0D
301D
332D
363D
394D
3C5D
3F6D
427D
458D
489D
4BAD
4EBD
51CD
54DD
57ED
5AFD
5E0D
611D
642D
673D
6A4D
6D5D
706D
737D
768D
799D
7CAD
7FBD
82CD
85DD
88ED
8BFD
8F0D
921D
952D
983D
22E
53E
84E
B5E
E6E
117E
148E
179E
1AAE
1DBE
20CE
23DE
26EE
29FE
2D0E
301E
332E
363E
394E
3C5E
3F6E
427E
458E
489E
4BAE
4EBE
51CE
54DE
57EE
5AFE
5E0E
611E
642E
673E
6A4E
6D5E
706E
737E
768E
799E
7CAE
7FBE
82CE
85DE
88EE
8BFE
8F0E
921E
952E
983E
22F
53F
84F
B5F
E6F
117F
148F
179F
1AAF
1DBF
20CF
23DF
26EF
29FF
2D0F
301F
332F
363F
394F
3C5F
3F6F
427F
458F
489F
4BAF
4EBF
51CF
54DF
57EF
5AFF
5E0F
611F
642F
673F
6A4F
6D5F
706F
737F
768F
799F
7CAF
7FBF
82CF
85DF
88EF
8BFF
8F0F
921F
952F
983F
230
540
850
B60
E70
1180
1490
17A0
1AB0
1DC0
20D0
23E0
26F0
2A00
2D10
3020
3330
3640
3950
3C60
3F70
4280
4590
48A0
4BB0
4EC0
51D0
54E0
57F0
5B00
5E10
6120
6430
6740
6A50
6D60
7070
7380
7690
79A0
7CB0
7FC0
82D0
85E0
88F0
8C00
8F10
9220
9530
9840
231
541
851
B61
E71
1181
1491
17A1
1AB1
1DC1
20D1
23E1
26F1
2A01
2D11
3021
3331
3641
3951
3C61
3F71
4281
4591
48A1
4BB1
4EC1
51D1
54E1
57F1
5B01
5E11
6121
6431
6741
6A51
6D61
7071
7381
7691
79A1
7CB1
7FC1
82D1
85E1
88F1
8C01
8F11
9221
9531
9841
232
542
852
B62
E72
1182
1492
17A2
1AB2
1DC2
20D2
23E2
26F2
2A02
2D12
3022
3332
3642
3952
3C62
3F72
4282
4592
48A2
4BB2
4EC2
51D2
54E2
57F2
5B02
5E12
6122
6432
6742
6A52
6D62
7072
7382
7692
79A2
7CB2
7FC2
82D2
85E2
88F2
8C02
8F12
9222
9532
9842
233
543
853
B63
E73
1183
1493
17A3
1AB3
1DC3
20D3
23E3
26F3
2A03
2D13
3023
3333
3643
3953
3C63
3F73
4283
4593
48A3
4BB3
4EC3
51D3
54E3
57F3
5B03
5E13
6123
6433
6743
6A53
6D63
7073
7383
7693
79A3
7CB3
7FC3
82D3
85E3
88F3
8C03
8F13
9223
9533
9843
234
544
854
B64
E74
1184
1494
17A4
1AB4
1DC4
20D4
23E4
26F4
2A04
2D14
3024
3334
3644
3954
3C64
3F74
4284
4594
48A4
4BB4
4EC4
51D4
54E4
57F4
5B04
5E14
6124
6434
6744
6A54
6D64
7074
7384
7694
79A4
7CB4
7FC4
82D4
85E4
88F4
8C04
8F14
9224
9534
9844
235
545
855
B65
E75
1185
1495
17A5
1AB5
1DC5
20D5
23E5
26F5
2A05
2D15
3025
3335
3645
3955
3C65
3F75
4285
4595
48A5
4BB5
4EC5
51D5
54E5
57F5
5B05
5E15
6125
6435
6745
6A55
6D65
7075
7385
7695
79A5
7CB5
7FC5
82D5
85E5
88F5
8C05
8F15
9225
9535
9845
236
546
856
B66
E76
1186
1496
17A6
1AB6
1DC6
20D6
23E6
26F6
2A06
2D16
3026
3336
3646
3956
3C66
3F76
4286
4596
48A6
4BB6
4EC6
51D6
54E6
57F6
5B06
5E16
6126
6436
6746
6A56
6D66
7076
7386
7696
79A6
7CB6
7FC6
82D6
85E6
88F6
8C06
8F16
9226
9536
9846
237
547
857
B67
E77
1187
1497
17A7
1AB7
1DC7
20D7
23E7
26F7
2A07
2D17
3027
3337
3647
3957
3C67
3F77
4287
4597
48A7
4BB7
4EC7
51D7
54E7
57F7
5B07
5E17
6127
6437
6747
6A57
6D67
7077
7387
7697
79A7
7CB7
7FC7
82D7
85E7
88F7
8C07
8F17
9227
9537
9847
238
548
858
B68
E78
1188
1498
17A8
1AB8
1DC8
20D8
23E8
26F8
2A08
2D18
3028
3338
3648
3958
3C68
3F78
4288
4598
48A8
4BB8
4EC8
51D8
54E8
57F8
5B08
5E18
6128
6438
6748
6A58
6D68
7078
7388
7698
79A8
7CB8
7FC8
82D8
85E8
88F8
8C08
8F18
9228
9538
9848
239
549
859
B69
E79
1189
1499
17A9
1AB9
1DC9
20D9
23E9
26F9
2A09
2D19
3029
3339
3649
3959
3C69
3F79
4289
4599
48A9
4BB9
4EC9
51D9
54E9
57F9
5B09
5E19
6129
6439
6749
6A59
6D69
7079
7389
7699
79A9
7CB9
7FC9
82D9
85E9
88F9
8C09
8F19
9229
9539
9849
23A
54A
85A
B6A
E7A
118A
149A
17AA
1ABA
1DCA
20DA
23EA
26FA
2A0A
2D1A
302A
333A
364A
395A
3C6A
3F7A
428A
459A
48AA
4BBA
4ECA
51DA
54EA
57FA
5B0A
5E1A
612A
643A
674A
6A5A
6D6A
707A
738A
769A
79AA
7CBA
7FCA
82DA
85EA
88FA
8C0A
8F1A
922A
953A
984A
23B
54B
85B
B6B
E7B
118B
149B
17AB
1ABB
1DCB
20DB
23EB
26FB
2A0B
2D1B
302B
333B
364B
395B
3C6B
3F7B
428B
459B
48AB
4BBB
4ECB
51DB
54EB
57FB
5B0B
5E1B
612B
643B
674B
6A5B
6D6B
707B
738B
769B
79AB
7CBB
7FCB
82DB
85EB
88FB
8C0B
8F1B
922B
953B
984B
23C
54C
85C
B6C
E7C
118C
149C
17AC
1ABC
1DCC
20DC
23EC
26FC
2A0C
2D1C
302C
333C
364C
395C
3C6C
3F7C
428C
459C
48AC
4BBC
4ECC
51DC
54EC
57FC
5B0C
5E1C
612C
643C
674C
6A5C
6D6C
707C
738C
769C
79AC
7CBC
7FCC
82DC
85EC
88FC
8C0C
8F1C
922C
953C
984C
23D
54D
85D
B6D
E7D
118D
149D
17AD
1ABD
1DCD
20DD
23ED
26FD
2A0D
2D1D
302D
333D
364D
395D
3C6D
3F7D
428D
459D
48AD
4BBD
4ECD
51DD
54ED
57FD
5B0D
5E1D
612D
643D
674D
6A5D
6D6D
707D
738D
769D
79AD
7CBD
7FCD
82DD
85ED
88FD
8C0D
8F1D
922D
953D
984D
23E
54E
85E
B6E
E7E
118E
149E
17AE
1ABE
1DCE
20DE
23EE
26FE
2A0E
2D1E
302E
333E
364E
395E
3C6E
3F7E
428E
459E
48AE
4BBE
4ECE
51DE
54EE
57FE
5B0E
5E1E
612E
643E
674E
6A5E
6D6E
707E
738E
769E
79AE
7CBE
7FCE
82DE
85EE
88FE
8C0E
8F1E
922E
953E
984E
23F
54F
85F
B6F
E7F
118F
149F
17AF
1ABF
1DCF
20DF
23EF
26FF
2A0F
2D1F
302F
333F
364F
395F
3C6F
3F7F
428F
459F
48AF
4BBF
4ECF
51DF
54EF
57FF
5B0F
5E1F
612F
643F
674F
6A5F
6D6F
707F
738F
769F
79AF
7CBF
7FCF
82DF
85EF
88FF
8C0F
8F1F
922F
953F
984F
240
550
860
B70
E80
1190
14A0
17B0
1AC0
1DD0
20E0
23F0
2700
2A10
2D20
3030
3340
3650
3960
3C70
3F80
4290
45A0
48B0
4BC0
4ED0
51E0
54F0
5800
5B10
5E20
6130
6440
6750
6A60
6D70
7080
7390
76A0
79B0
7CC0
7FD0
82E0
85F0
8900
8C10
8F20
9230
9540
9850
241
551
861
B71
E81
1191
14A1
17B1
1AC1
1DD1
20E1
23F1
2701
2A11
2D21
3031
3341
3651
3961
3C71
3F81
4291
45A1
48B1
4BC1
4ED1
51E1
54F1
5801
5B11
5E21
6131
6441
6751
6A61
6D71
7081
7391
76A1
79B1
7CC1
7FD1
82E1
85F1
8901
8C11
8F21
9231
9541
9851
242
552
862
B72
E82
1192
14A2
17B2
1AC2
1DD2
20E2
23F2
2702
2A12
2D22
3032
3342
3652
3962
3C72
3F82
4292
45A2
48B2
4BC2
4ED2
51E2
54F2
5802
5B12
5E22
6132
6442
6752
6A62
6D72
7082
7392
76A2
79B2
7CC2
7FD2
82E2
85F2
8902
8C12
8F22
9232
9542
9852
243
553
863
B73
E83
1193
14A3
17B3
1AC3
1DD3
20E3
23F3
2703
2A13
2D23
3033
3343
3653
3963
3C73
3F83
4293
45A3
48B3
4BC3
4ED3
51E3
54F3
5803
5B13
5E23
6133
6443
6753
6A63
6D73
7083
7393
76A3
79B3
7CC3
7FD3
82E3
85F3
8903
8C13
8F23
9233
9543
9853
244
554
864
B74
E84
1194
14A4
17B4
1AC4
1DD4
20E4
23F4
2704
2A14
2D24
3034
3344
3654
3964
3C74
3F84
4294
45A4
48B4
4BC4
4ED4
51E4
54F4
5804
5B14
5E24
6134
6444
6754
6A64
6D74
7084
7394
76A4
79B4
7CC4
7FD4
82E4
85F4
8904
8C14
8F24
9234
9544
9854
245
555
865
B75
E85
1195
14A5
17B5
1AC5
1DD5
20E5
23F5
2705
2A15
2D25
3035
3345
3655
3965
3C75
3F85
4295
45A5
48B5
4BC5
4ED5
51E5
54F5
5805
5B15
5E25
6135
6445
6755
6A65
6D75
7085
7395
76A5
79B5
7CC5
7FD5
82E5
85F5
8905
8C15
8F25
9235
9545
9855
246
556
866
B76
E86
1196
14A6
17B6
1AC6
1DD6
20E6
23F6
2706
2A16
2D26
3036
3346
3656
3966
3C76
3F86
4296
45A6
48B6
4BC6
4ED6
51E6
54F6
5806
5B16
5E26
6136
6446
6756
6A66
6D76
7086
7396
76A6
79B6
7CC6
7FD6
82E6
85F6
8906
8C16
8F26
9236
9546
9856
247
557
867
B77
E87
1197
14A7
17B7
1AC7
1DD7
20E7
23F7
2707
2A17
2D27
3037
3347
3657
3967
3C77
3F87
4297
45A7
48B7
4BC7
4ED7
51E7
54F7
5807
5B17
5E27
6137
6447
6757
6A67
6D77
7087
7397
76A7
79B7
7CC7
7FD7
82E7
85F7
8907
8C17
8F27
9237
9547
9857
248
558
868
B78
E88
1198
14A8
17B8
1AC8
1DD8
20E8
23F8
2708
2A18
2D28
3038
3348
3658
3968
3C78
3F88
4298
45A8
48B8
4BC8
4ED8
51E8
54F8
5808
5B18
5E28
6138
6448
6758
6A68
6D78
7088
7398
76A8
79B8
7CC8
7FD8
82E8
85F8
8908
8C18
8F28
9238
9548
9858
249
559
869
B79
E89
1199
14A9
17B9
1AC9
1DD9
20E9
23F9
2709
2A19
2D29
3039
3349
3659
3969
3C79
3F89
4299
45A9
48B9
4BC9
4ED9
51E9
54F9
5809
5B19
5E29
6139
6449
6759
6A69
6D79
7089
7399
76A9
79B9
7CC9
7FD9
82E9
85F9
8909
8C19
8F29
9239
9549
9859
24A
55A
86A
B7A
E8A
119A
14AA
17BA
1ACA
1DDA
20EA
23FA
270A
2A1A
2D2A
303A
334A
365A
396A
3C7A
3F8A
429A
45AA
48BA
4BCA
4EDA
51EA
54FA
580A
5B1A
5E2A
613A
644A
675A
6A6A
6D7A
708A
739A
76AA
79BA
7CCA
7FDA
82EA
85FA
890A
8C1A
8F2A
923A
954A
985A
24B
55B
86B
B7B
E8B
119B
14AB
17BB
1ACB
1DDB
20EB
23FB
270B
2A1B
2D2B
303B
334B
365B
396B
3C7B
3F8B
429B
45AB
48BB
4BCB
4EDB
51EB
54FB
580B
5B1B
5E2B
613B
644B
675B
6A6B
6D7B
708B
739B
76AB
79BB
7CCB
7FDB
82EB
85FB
890B
8C1B
8F2B
923B
954B
985B
24C
55C
86C
B7C
E8C
119C
14AC
17BC
1ACC
1DDC
20EC
23FC
270C
2A1C
2D2C
303C
334C
365C
396C
3C7C
3F8C
429C
45AC
48BC
4BCC
4EDC
51EC
54FC
580C
5B1C
5E2C
613C
644C
675C
6A6C
6D7C
708C
739C
76AC
79BC
7CCC
7FDC
82EC
85FC
890C
8C1C
8F2C
923C
954C
985C
24D
55D
86D
B7D
E8D
119D
14AD
17BD
1ACD
1DDD
20ED
23FD
270D
2A1D
2D2D
303D
334D
365D
396D
3C7D
3F8D
429D
45AD
48BD
4BCD
4EDD
51ED
54FD
580D
5B1D
5E2D
613D
644D
675D
6A6D
6D7D
708D
739D
76AD
79BD
7CCD
7FDD
82ED
85FD
890D
8C1D
8F2D
923D
954D
985D
24E
55E
86E
B7E
E8E
119E
14AE
17BE
1ACE
1DDE
20EE
23FE
270E
2A1E
2D2E
303E
334E
365E
396E
3C7E
3F8E
429E
45AE
48BE
4BCE
4EDE
51EE
54FE
580E
5B1E
5E2E
613E
644E
675E
6A6E
6D7E
708E
739E
76AE
79BE
7CCE
7FDE
82EE
85FE
890E
8C1E
8F2E
923E
954E
985E
24F
55F
86F
B7F
E8F
119F
14AF
17BF
1ACF
1DDF
20EF
23FF
270F
2A1F
2D2F
303F
334F
365F
396F
3C7F
3F8F
429F
45AF
48BF
4BCF
4EDF
51EF
54FF
580F
5B1F
5E2F
613F
644F
675F
6A6F
6D7F
708F
739F
76AF
79BF
7CCF
7FDF
82EF
85FF
890F
8C1F
8F2F
923F
954F
985F
250
560
870
B80
E90
11A0
14B0
17C0
1AD0
1DE0
20F0
2400
2710
2A20
2D30
3040
3350
3660
3970
3C80
3F90
42A0
45B0
48C0
4BD0
4EE0
51F0
5500
5810
5B20
5E30
6140
6450
6760
6A70
6D80
7090
73A0
76B0
79C0
7CD0
7FE0
82F0
8600
8910
8C20
8F30
9240
9550
9860
251
561
871
B81
E91
11A1
14B1
17C1
1AD1
1DE1
20F1
2401
2711
2A21
2D31
3041
3351
3661
3971
3C81
3F91
42A1
45B1
48C1
4BD1
4EE1
51F1
5501
5811
5B21
5E31
6141
6451
6761
6A71
6D81
7091
73A1
76B1
79C1
7CD1
7FE1
82F1
8601
8911
8C21
8F31
9241
9551
9861
252
562
872
B82
E92
11A2
14B2
17C2
1AD2
1DE2
20F2
2402
2712
2A22
2D32
3042
3352
3662
3972
3C82
3F92
42A2
45B2
48C2
4BD2
4EE2
51F2
5502
5812
5B22
5E32
6142
6452
6762
6A72
6D82
7092
73A2
76B2
79C2
7CD2
7FE2
82F2
8602
8912
8C22
8F32
9242
9552
9862
253
563
873
B83
E93
11A3
14B3
17C3
1AD3
1DE3
20F3
2403
2713
2A23
2D33
3043
3353
3663
3973
3C83
3F93
42A3
45B3
48C3
4BD3
4EE3
51F3
5503
5813
5B23
5E33
6143
6453
6763
6A73
6D83
7093
73A3
76B3
79C3
7CD3
7FE3
82F3
8603
8913
8C23
8F33
9243
9553
9863
254
564
874
B84
E94
11A4
14B4
17C4
1AD4
1DE4
20F4
2404
2714
2A24
2D34
3044
3354
3664
3974
3C84
3F94
42A4
45B4
48C4
4BD4
4EE4
51F4
5504
5814
5B24
5E34
6144
6454
6764
6A74
6D84
7094
73A4
76B4
79C4
7CD4
7FE4
82F4
8604
8914
8C24
8F34
9244
9554
9864
255
565
875
B85
E95
11A5
14B5
17C5
1AD5
1DE5
20F5
2405
2715
2A25
2D35
3045
3355
3665
3975
3C85
3F95
42A5
45B5
48C5
4BD5
4EE5
51F5
5505
5815
5B25
5E35
6145
6455
6765
6A75
6D85
7095
73A5
76B5
79C5
7CD5
7FE5
82F5
8605
8915
8C25
8F35
9245
9555
9865
256
566
876
B86
E96
11A6
14B6
17C6
1AD6
1DE6
20F6
2406
2716
2A26
2D36
3046
3356
3666
3976
3C86
3F96
42A6
45B6
48C6
4BD6
4EE6
51F6
5506
5816
5B26
5E36
6146
6456
6766
6A76
6D86
7096
73A6
76B6
79C6
7CD6
7FE6
82F6
8606
8916
8C26
8F36
9246
9556
9866
257
567
877
B87
E97
11A7
14B7
17C7
1AD7
1DE7
20F7
2407
2717
2A27
2D37
3047
3357
3667
3977
3C87
3F97
42A7
45B7
48C7
4BD7
4EE7
51F7
5507
5817
5B27
5E37
6147
6457
6767
6A77
6D87
7097
73A7
76B7
79C7
7CD7
7FE7
82F7
8607
8917
8C27
8F37
9247
9557
9867
258
568
878
B88
E98
11A8
14B8
17C8
1AD8
1DE8
20F8
2408
2718
2A28
2D38
3048
3358
3668
3978
3C88
3F98
42A8
45B8
48C8
4BD8
4EE8
51F8
5508
5818
5B28
5E38
6148
6458
6768
6A78
6D88
7098
73A8
76B8
79C8
7CD8
7FE8
82F8
8608
8918
8C28
8F38
9248
9558
9868
259
569
879
B89
E99
11A9
14B9
17C9
1AD9
1DE9
20F9
2409
2719
2A29
2D39
3049
3359
3669
3979
3C89
3F99
42A9
45B9
48C9
4BD9
4EE9
51F9
5509
5819
5B29
5E39
6149
6459
6769
6A79
6D89
7099
73A9
76B9
79C9
7CD9
7FE9
82F9
8609
8919
8C29
8F39
9249
9559
9869
25A
56A
87A
B8A
E9A
11AA
14BA
17CA
1ADA
1DEA
20FA
240A
271A
2A2A
2D3A
304A
335A
366A
397A
3C8A
3F9A
42AA
45BA
48CA
4BDA
4EEA
51FA
550A
581A
5B2A
5E3A
614A
645A
676A
6A7A
6D8A
709A
73AA
76BA
79CA
7CDA
7FEA
82FA
860A
891A
8C2A
8F3A
924A
955A
986A
25B
56B
87B
B8B
E9B
11AB
14BB
17CB
1ADB
1DEB
20FB
240B
271B
2A2B
2D3B
304B
335B
366B
397B
3C8B
3F9B
42AB
45BB
48CB
4BDB
4EEB
51FB
550B
581B
5B2B
5E3B
614B
645B
676B
6A7B
6D8B
709B
73AB
76BB
79CB
7CDB
7FEB
82FB
860B
891B
8C2B
8F3B
924B
955B
986B
25C
56C
87C
B8C
E9C
11AC
14BC
17CC
1ADC
1DEC
20FC
240C
271C
2A2C
2D3C
304C
335C
366C
397C
3C8C
3F9C
42AC
45BC
48CC
4BDC
4EEC
51FC
550C
581C
5B2C
5E3C
614C
645C
676C
6A7C
6D8C
709C
73AC
76BC
79CC
7CDC
7FEC
82FC
860C
891C
8C2C
8F3C
924C
955C
986C
25D
56D
87D
B8D
E9D
11AD
14BD
17CD
1ADD
1DED
20FD
240D
271D
2A2D
2D3D
304D
335D
366D
397D
3C8D
3F9D
42AD
45BD
48CD
4BDD
4EED
51FD
550D
581D
5B2D
5E3D
614D
645D
676D
6A7D
6D8D
709D
73AD
76BD
79CD
7CDD
7FED
82FD
860D
891D
8C2D
8F3D
924D
955D
986D
25E
56E
87E
B8E
E9E
11AE
14BE
17CE
1ADE
1DEE
20FE
240E
271E
2A2E
2D3E
304E
335E
366E
397E
3C8E
3F9E
42AE
45BE
48CE
4BDE
4EEE
51FE
550E
581E
5B2E
5E3E
614E
645E
676E
6A7E
6D8E
709E
73AE
76BE
79CE
7CDE
7FEE
82FE
860E
891E
8C2E
8F3E
924E
955E
986E
25F
56F
87F
B8F
E9F
11AF
14BF
17CF
1ADF
1DEF
20FF
240F
271F
2A2F
2D3F
304F
335F
366F
397F
3C8F
3F9F
42AF
45BF
48CF
4BDF
4EEF
51FF
550F
581F
5B2F
5E3F
614F
645F
676F
6A7F
6D8F
709F
73AF
76BF
79CF
7CDF
7FEF
82FF
860F
891F
8C2F
8F3F
924F
955F
986F
260
570
880
B90
EA0
11B0
14C0
17D0
1AE0
1DF0
2100
2410
2720
2A30
2D40
3050
3360
3670
3980
3C90
3FA0
42B0
45C0
48D0
4BE0
4EF0
5200
5510
5820
5B30
5E40
6150
6460
6770
6A80
6D90
70A0
73B0
76C0
79D0
7CE0
7FF0
8300
8610
8920
8C30
8F40
9250
9560
9870
261
571
881
B91
EA1
11B1
14C1
17D1
1AE1
1DF1
2101
2411
2721
2A31
2D41
3051
3361
3671
3981
3C91
3FA1
42B1
45C1
48D1
4BE1
4EF1
5201
5511
5821
5B31
5E41
6151
6461
6771
6A81
6D91
70A1
73B1
76C1
79D1
7CE1
7FF1
8301
8611
8921
8C31
8F41
9251
9561
9871
262
572
882
B92
EA2
11B2
14C2
17D2
1AE2
1DF2
2102
2412
2722
2A32
2D42
3052
3362
3672
3982
3C92
3FA2
42B2
45C2
48D2
4BE2
4EF2
5202
5512
5822
5B32
5E42
6152
6462
6772
6A82
6D92
70A2
73B2
76C2
79D2
7CE2
7FF2
8302
8612
8922
8C32
8F42
9252
9562
9872
263
573
883
B93
EA3
11B3
14C3
17D3
1AE3
1DF3
2103
2413
2723
2A33
2D43
3053
3363
3673
3983
3C93
3FA3
42B3
45C3
48D3
4BE3
4EF3
5203
5513
5823
5B33
5E43
6153
6463
6773
6A83
6D93
70A3
73B3
76C3
79D3
7CE3
7FF3
8303
8613
8923
8C33
8F43
9253
9563
9873
264
574
884
B94
EA4
11B4
14C4
17D4
1AE4
1DF4
2104
2414
2724
2A34
2D44
3054
3364
3674
3984
3C94
3FA4
42B4
45C4
48D4
4BE4
4EF4
5204
5514
5824
5B34
5E44
6154
6464
6774
6A84
6D94
70A4
73B4
76C4
79D4
7CE4
7FF4
8304
8614
8924
8C34
8F44
9254
9564
9874
265
575
885
B95
EA5
11B5
14C5
17D5
1AE5
1DF5
2105
2415
2725
2A35
2D45
3055
3365
3675
3985
3C95
3FA5
42B5
45C5
48D5
4BE5
4EF5
5205
5515
5825
5B35
5E45
6155
6465
6775
6A85
6D95
70A5
73B5
76C5
79D5
7CE5
7FF5
8305
8615
8925
8C35
8F45
9255
9565
9875
266
576
886
B96
EA6
11B6
14C6
17D6
1AE6
1DF6
2106
2416
2726
2A36
2D46
3056
3366
3676
3986
3C96
3FA6
42B6
45C6
48D6
4BE6
4EF6
5206
5516
5826
5B36
5E46
6156
6466
6776
6A86
6D96
70A6
73B6
76C6
79D6
7CE6
7FF6
8306
8616
8926
8C36
8F46
9256
9566
9876
267
577
887
B97
EA7
11B7
14C7
17D7
1AE7
1DF7
2107
2417
2727
2A37
2D47
3057
3367
3677
3987
3C97
3FA7
42B7
45C7
48D7
4BE7
4EF7
5207
5517
5827
5B37
5E47
6157
6467
6777
6A87
6D97
70A7
73B7
76C7
79D7
7CE7
7FF7
8307
8617
8927
8C37
8F47
9257
9567
9877
268
578
888
B98
EA8
11B8
14C8
17D8
1AE8
1DF8
2108
2418
2728
2A38
2D48
3058
3368
3678
3988
3C98
3FA8
42B8
45C8
48D8
4BE8
4EF8
5208
5518
5828
5B38
5E48
6158
6468
6778
6A88
6D98
70A8
73B8
76C8
79D8
7CE8
7FF8
8308
8618
8928
8C38
8F48
9258
9568
9878
269
579
889
B99
EA9
11B9
14C9
17D9
1AE9
1DF9
2109
2419
2729
2A39
2D49
3059
3369
3679
3989
3C99
3FA9
42B9
45C9
48D9
4BE9
4EF9
5209
5519
5829
5B39
5E49
6159
6469
6779
6A89
6D99
70A9
73B9
76C9
79D9
7CE9
7FF9
8309
8619
8929
8C39
8F49
9259
9569
9879
26A
57A
88A
B9A
EAA
11BA
14CA
17DA
1AEA
1DFA
210A
241A
272A
2A3A
2D4A
305A
336A
367A
398A
3C9A
3FAA
42BA
45CA
48DA
4BEA
4EFA
520A
551A
582A
5B3A
5E4A
615A
646A
677A
6A8A
6D9A
70AA
73BA
76CA
79DA
7CEA
7FFA
830A
861A
892A
8C3A
8F4A
925A
956A
987A
26B
57B
88B
B9B
EAB
11BB
14CB
17DB
1AEB
1DFB
210B
241B
272B
2A3B
2D4B
305B
336B
367B
398B
3C9B
3FAB
42BB
45CB
48DB
4BEB
4EFB
520B
551B
582B
5B3B
5E4B
615B
646B
677B
6A8B
6D9B
70AB
73BB
76CB
79DB
7CEB
7FFB
830B
861B
892B
8C3B
8F4B
925B
956B
987B
26C
57C
88C
B9C
EAC
11BC
14CC
17DC
1AEC
1DFC
210C
241C
272C
2A3C
2D4C
305C
336C
367C
398C
3C9C
3FAC
42BC
45CC
48DC
4BEC
4EFC
520C
551C
582C
5B3C
5E4C
615C
646C
677C
6A8C
6D9C
70AC
73BC
76CC
79DC
7CEC
7FFC
830C
861C
892C
8C3C
8F4C
925C
956C
987C
26D
57D
88D
B9D
EAD
11BD
14CD
17DD
1AED
1DFD
210D
241D
272D
2A3D
2D4D
305D
336D
367D
398D
3C9D
3FAD
42BD
45CD
48DD
4BED
4EFD
520D
551D
582D
5B3D
5E4D
615D
646D
677D
6A8D
6D9D
70AD
73BD
76CD
79DD
7CED
7FFD
830D
861D
892D
8C3D
8F4D
925D
956D
987D
26E
57E
88E
B9E
EAE
11BE
14CE
17DE
1AEE
1DFE
210E
241E
272E
2A3E
2D4E
305E
336E
367E
398E
3C9E
3FAE
42BE
45CE
48DE
4BEE
4EFE
520E
551E
582E
5B3E
5E4E
615E
646E
677E
6A8E
6D9E
70AE
73BE
76CE
79DE
7CEE
7FFE
830E
861E
892E
8C3E
8F4E
925E
956E
987E
26F
57F
88F
B9F
EAF
11BF
14CF
17DF
1AEF
1DFF
210F
241F
272F
2A3F
2D4F
305F
336F
367F
398F
3C9F
3FAF
42BF
45CF
48DF
4BEF
4EFF
520F
551F
582F
5B3F
5E4F
615F
646F
677F
6A8F
6D9F
70AF
73BF
76CF
79DF
7CEF
7FFF
830F
861F
892F
8C3F
8F4F
925F
956F
987F
270
580
890
BA0
EB0
11C0
14D0
17E0
1AF0
1E00
2110
2420
2730
2A40
2D50
3060
3370
3680
3990
3CA0
3FB0
42C0
45D0
48E0
4BF0
4F00
5210
5520
5830
5B40
5E50
6160
6470
6780
6A90
6DA0
70B0
73C0
76D0
79E0
7CF0
8000
8310
8620
8930
8C40
8F50
9260
9570
9880
271
581
891
BA1
EB1
11C1
14D1
17E1
1AF1
1E01
2111
2421
2731
2A41
2D51
3061
3371
3681
3991
3CA1
3FB1
42C1
45D1
48E1
4BF1
4F01
5211
5521
5831
5B41
5E51
6161
6471
6781
6A91
6DA1
70B1
73C1
76D1
79E1
7CF1
8001
8311
8621
8931
8C41
8F51
9261
9571
9881
272
582
892
BA2
EB2
11C2
14D2
17E2
1AF2
1E02
2112
2422
2732
2A42
2D52
3062
3372
3682
3992
3CA2
3FB2
42C2
45D2
48E2
4BF2
4F02
5212
5522
5832
5B42
5E52
6162
6472
6782
6A92
6DA2
70B2
73C2
76D2
79E2
7CF2
8002
8312
8622
8932
8C42
8F52
9262
9572
9882
273
583
893
BA3
EB3
11C3
14D3
17E3
1AF3
1E03
2113
2423
2733
2A43
2D53
3063
3373
3683
3993
3CA3
3FB3
42C3
45D3
48E3
4BF3
4F03
5213
5523
5833
5B43
5E53
6163
6473
6783
6A93
6DA3
70B3
73C3
76D3
79E3
7CF3
8003
8313
8623
8933
8C43
8F53
9263
9573
9883
274
584
894
BA4
EB4
11C4
14D4
17E4
1AF4
1E04
2114
2424
2734
2A44
2D54
3064
3374
3684
3994
3CA4
3FB4
42C4
45D4
48E4
4BF4
4F04
5214
5524
5834
5B44
5E54
6164
6474
6784
6A94
6DA4
70B4
73C4
76D4
79E4
7CF4
8004
8314
8624
8934
8C44
8F54
9264
9574
9884
275
585
895
BA5
EB5
11C5
14D5
17E5
1AF5
1E05
2115
2425
2735
2A45
2D55
3065
3375
3685
3995
3CA5
3FB5
42C5
45D5
48E5
4BF5
4F05
5215
5525
5835
5B45
5E55
6165
6475
6785
6A95
6DA5
70B5
73C5
76D5
79E5
7CF5
8005
8315
8625
8935
8C45
8F55
9265
9575
9885
276
586
896
BA6
EB6
11C6
14D6
17E6
1AF6
1E06
2116
2426
2736
2A46
2D56
3066
3376
3686
3996
3CA6
3FB6
42C6
45D6
48E6
4BF6
4F06
5216
5526
5836
5B46
5E56
6166
6476
6786
6A96
6DA6
70B6
73C6
76D6
79E6
7CF6
8006
8316
8626
8936
8C46
8F56
9266
9576
9886
277
587
897
BA7
EB7
11C7
14D7
17E7
1AF7
1E07
2117
2427
2737
2A47
2D57
3067
3377
3687
3997
3CA7
3FB7
42C7
45D7
48E7
4BF7
4F07
5217
5527
5837
5B47
5E57
6167
6477
6787
6A97
6DA7
70B7
73C7
76D7
79E7
7CF7
8007
8317
8627
8937
8C47
8F57
9267
9577
9887
278
588
898
BA8
EB8
11C8
14D8
17E8
1AF8
1E08
2118
2428
2738
2A48
2D58
3068
3378
3688
3998
3CA8
3FB8
42C8
45D8
48E8
4BF8
4F08
5218
5528
5838
5B48
5E58
6168
6478
6788
6A98
6DA8
70B8
73C8
76D8
79E8
7CF8
8008
8318
8628
8938
8C48
8F58
9268
9578
9888
279
589
899
BA9
EB9
11C9
14D9
17E9
1AF9
1E09
2119
2429
2739
2A49
2D59
3069
3379
3689
3999
3CA9
3FB9
42C9
45D9
48E9
4BF9
4F09
5219
5529
5839
5B49
5E59
6169
6479
6789
6A99
6DA9
70B9
73C9
76D9
79E9
7CF9
8009
8319
8629
8939
8C49
8F59
9269
9579
9889
27A
58A
89A
BAA
EBA
11CA
14DA
17EA
1AFA
1E0A
211A
242A
273A
2A4A
2D5A
306A
337A
368A
399A
3CAA
3FBA
42CA
45DA
48EA
4BFA
4F0A
521A
552A
583A
5B4A
5E5A
616A
647A
678A
6A9A
6DAA
70BA
73CA
76DA
79EA
7CFA
800A
831A
862A
893A
8C4A
8F5A
926A
957A
988A
27B
58B
89B
BAB
EBB
11CB
14DB
17EB
1AFB
1E0B
211B
242B
273B
2A4B
2D5B
306B
337B
368B
399B
3CAB
3FBB
42CB
45DB
48EB
4BFB
4F0B
521B
552B
583B
5B4B
5E5B
616B
647B
678B
6A9B
6DAB
70BB
73CB
76DB
79EB
7CFB
800B
831B
862B
893B
8C4B
8F5B
926B
957B
988B
27C
58C
89C
BAC
EBC
11CC
14DC
17EC
1AFC
1E0C
211C
242C
273C
2A4C
2D5C
306C
337C
368C
399C
3CAC
3FBC
42CC
45DC
48EC
4BFC
4F0C
521C
552C
583C
5B4C
5E5C
616C
647C
678C
6A9C
6DAC
70BC
73CC
76DC
79EC
7CFC
800C
831C
862C
893C
8C4C
8F5C
926C
957C
988C
27D
58D
89D
BAD
EBD
11CD
14DD
17ED
1AFD
1E0D
211D
242D
273D
2A4D
2D5D
306D
337D
368D
399D
3CAD
3FBD
42CD
45DD
48ED
4BFD
4F0D
521D
552D
583D
5B4D
5E5D
616D
647D
678D
6A9D
6DAD
70BD
73CD
76DD
79ED
7CFD
800D
831D
862D
893D
8C4D
8F5D
926D
957D
988D
27E
58E
89E
BAE
EBE
11CE
14DE
17EE
1AFE
1E0E
211E
242E
273E
2A4E
2D5E
306E
337E
368E
399E
3CAE
3FBE
42CE
45DE
48EE
4BFE
4F0E
521E
552E
583E
5B4E
5E5E
616E
647E
678E
6A9E
6DAE
70BE
73CE
76DE
79EE
7CFE
800E
831E
862E
893E
8C4E
8F5E
926E
957E
988E
27F
58F
89F
BAF
EBF
11CF
14DF
17EF
1AFF
1E0F
211F
242F
273F
2A4F
2D5F
306F
337F
368F
399F
3CAF
3FBF
42CF
45DF
48EF
4BFF
4F0F
521F
552F
583F
5B4F
5E5F
616F
647F
678F
6A9F
6DAF
70BF
73CF
76DF
79EF
7CFF
800F
831F
862F
893F
8C4F
8F5F
926F
957F
988F
280
590
8A0
BB0
EC0
11D0
14E0
17F0
1B00
1E10
2120
2430
2740
2A50
2D60
3070
3380
3690
39A0
3CB0
3FC0
42D0
45E0
48F0
4C00
4F10
5220
5530
5840
5B50
5E60
6170
6480
6790
6AA0
6DB0
70C0
73D0
76E0
79F0
7D00
8010
8320
8630
8940
8C50
8F60
9270
9580
9890
281
591
8A1
BB1
EC1
11D1
14E1
17F1
1B01
1E11
2121
2431
2741
2A51
2D61
3071
3381
3691
39A1
3CB1
3FC1
42D1
45E1
48F1
4C01
4F11
5221
5531
5841
5B51
5E61
6171
6481
6791
6AA1
6DB1
70C1
73D1
76E1
79F1
7D01
8011
8321
8631
8941
8C51
8F61
9271
9581
9891
282
592
8A2
BB2
EC2
11D2
14E2
17F2
1B02
1E12
2122
2432
2742
2A52
2D62
3072
3382
3692
39A2
3CB2
3FC2
42D2
45E2
48F2
4C02
4F12
5222
5532
5842
5B52
5E62
6172
6482
6792
6AA2
6DB2
70C2
73D2
76E2
79F2
7D02
8012
8322
8632
8942
8C52
8F62
9272
9582
9892
283
593
8A3
BB3
EC3
11D3
14E3
17F3
1B03
1E13
2123
2433
2743
2A53
2D63
3073
3383
3693
39A3
3CB3
3FC3
42D3
45E3
48F3
4C03
4F13
5223
5533
5843
5B53
5E63
6173
6483
6793
6AA3
6DB3
70C3
73D3
76E3
79F3
7D03
8013
8323
8633
8943
8C53
8F63
9273
9583
9893
284
594
8A4
BB4
EC4
11D4
14E4
17F4
1B04
1E14
2124
2434
2744
2A54
2D64
3074
3384
3694
39A4
3CB4
3FC4
42D4
45E4
48F4
4C04
4F14
5224
5534
5844
5B54
5E64
6174
6484
6794
6AA4
6DB4
70C4
73D4
76E4
79F4
7D04
8014
8324
8634
8944
8C54
8F64
9274
9584
9894
285
595
8A5
BB5
EC5
11D5
14E5
17F5
1B05
1E15
2125
2435
2745
2A55
2D65
3075
3385
3695
39A5
3CB5
3FC5
42D5
45E5
48F5
4C05
4F15
5225
5535
5845
5B55
5E65
6175
6485
6795
6AA5
6DB5
70C5
73D5
76E5
79F5
7D05
8015
8325
8635
8945
8C55
8F65
9275
9585
9895
286
596
8A6
BB6
EC6
11D6
14E6
17F6
1B06
1E16
2126
2436
2746
2A56
2D66
3076
3386
3696
39A6
3CB6
3FC6
42D6
45E6
48F6
4C06
4F16
5226
5536
5846
5B56
5E66
6176
6486
6796
6AA6
6DB6
70C6
73D6
76E6
79F6
7D06
8016
8326
8636
8946
8C56
8F66
9276
9586
9896
287
597
8A7
BB7
EC7
11D7
14E7
17F7
1B07
1E17
2127
2437
2747
2A57
2D67
3077
3387
3697
39A7
3CB7
3FC7
42D7
45E7
48F7
4C07
4F17
5227
5537
5847
5B57
5E67
6177
6487
6797
6AA7
6DB7
70C7
73D7
76E7
79F7
7D07
8017
8327
8637
8947
8C57
8F67
9277
9587
9897
288
598
8A8
BB8
EC8
11D8
14E8
17F8
1B08
1E18
2128
2438
2748
2A58
2D68
3078
3388
3698
39A8
3CB8
3FC8
42D8
45E8
48F8
4C08
4F18
5228
5538
5848
5B58
5E68
6178
6488
6798
6AA8
6DB8
70C8
73D8
76E8
79F8
7D08
8018
8328
8638
8948
8C58
8F68
9278
9588
9898
289
599
8A9
BB9
EC9
11D9
14E9
17F9
1B09
1E19
2129
2439
2749
2A59
2D69
3079
3389
3699
39A9
3CB9
3FC9
42D9
45E9
48F9
4C09
4F19
5229
5539
5849
5B59
5E69
6179
6489
6799
6AA9
6DB9
70C9
73D9
76E9
79F9
7D09
8019
8329
8639
8949
8C59
8F69
9279
9589
9899
28A
59A
8AA
BBA
ECA
11DA
14EA
17FA
1B0A
1E1A
212A
243A
274A
2A5A
2D6A
307A
338A
369A
39AA
3CBA
3FCA
42DA
45EA
48FA
4C0A
4F1A
522A
553A
584A
5B5A
5E6A
617A
648A
679A
6AAA
6DBA
70CA
73DA
76EA
79FA
7D0A
801A
832A
863A
894A
8C5A
8F6A
927A
958A
989A
28B
59B
8AB
BBB
ECB
11DB
14EB
17FB
1B0B
1E1B
212B
243B
274B
2A5B
2D6B
307B
338B
369B
39AB
3CBB
3FCB
42DB
45EB
48FB
4C0B
4F1B
522B
553B
584B
5B5B
5E6B
617B
648B
679B
6AAB
6DBB
70CB
73DB
76EB
79FB
7D0B
801B
832B
863B
894B
8C5B
8F6B
927B
958B
989B
28C
59C
8AC
BBC
ECC
11DC
14EC
17FC
1B0C
1E1C
212C
243C
274C
2A5C
2D6C
307C
338C
369C
39AC
3CBC
3FCC
42DC
45EC
48FC
4C0C
4F1C
522C
553C
584C
5B5C
5E6C
617C
648C
679C
6AAC
6DBC
70CC
73DC
76EC
79FC
7D0C
801C
832C
863C
894C
8C5C
8F6C
927C
958C
989C
28D
59D
8AD
BBD
ECD
11DD
14ED
17FD
1B0D
1E1D
212D
243D
274D
2A5D
2D6D
307D
338D
369D
39AD
3CBD
3FCD
42DD
45ED
48FD
4C0D
4F1D
522D
553D
584D
5B5D
5E6D
617D
648D
679D
6AAD
6DBD
70CD
73DD
76ED
79FD
7D0D
801D
832D
863D
894D
8C5D
8F6D
927D
958D
989D
28E
59E
8AE
BBE
ECE
11DE
14EE
17FE
1B0E
1E1E
212E
243E
274E
2A5E
2D6E
307E
338E
369E
39AE
3CBE
3FCE
42DE
45EE
48FE
4C0E
4F1E
522E
553E
584E
5B5E
5E6E
617E
648E
679E
6AAE
6DBE
70CE
73DE
76EE
79FE
7D0E
801E
832E
863E
894E
8C5E
8F6E
927E
958E
989E
28F
59F
8AF
BBF
ECF
11DF
14EF
17FF
1B0F
1E1F
212F
243F
274F
2A5F
2D6F
307F
338F
369F
39AF
3CBF
3FCF
42DF
45EF
48FF
4C0F
4F1F
522F
553F
584F
5B5F
5E6F
617F
648F
679F
6AAF
6DBF
70CF
73DF
76EF
79FF
7D0F
801F
832F
863F
894F
8C5F
8F6F
927F
958F
989F
290
5A0
8B0
BC0
ED0
11E0
14F0
1800
1B10
1E20
2130
2440
2750
2A60
2D70
3080
3390
36A0
39B0
3CC0
3FD0
42E0
45F0
4900
4C10
4F20
5230
5540
5850
5B60
5E70
6180
6490
67A0
6AB0
6DC0
70D0
73E0
76F0
7A00
7D10
8020
8330
8640
8950
8C60
8F70
9280
9590
98A0
291
5A1
8B1
BC1
ED1
11E1
14F1
1801
1B11
1E21
2131
2441
2751
2A61
2D71
3081
3391
36A1
39B1
3CC1
3FD1
42E1
45F1
4901
4C11
4F21
5231
5541
5851
5B61
5E71
6181
6491
67A1
6AB1
6DC1
70D1
73E1
76F1
7A01
7D11
8021
8331
8641
8951
8C61
8F71
9281
9591
98A1
292
5A2
8B2
BC2
ED2
11E2
14F2
1802
1B12
1E22
2132
2442
2752
2A62
2D72
3082
3392
36A2
39B2
3CC2
3FD2
42E2
45F2
4902
4C12
4F22
5232
5542
5852
5B62
5E72
6182
6492
67A2
6AB2
6DC2
70D2
73E2
76F2
7A02
7D12
8022
8332
8642
8952
8C62
8F72
9282
9592
98A2
293
5A3
8B3
BC3
ED3
11E3
14F3
1803
1B13
1E23
2133
2443
2753
2A63
2D73
3083
3393
36A3
39B3
3CC3
3FD3
42E3
45F3
4903
4C13
4F23
5233
5543
5853
5B63
5E73
6183
6493
67A3
6AB3
6DC3
70D3
73E3
76F3
7A03
7D13
8023
8333
8643
8953
8C63
8F73
9283
9593
98A3
294
5A4
8B4
BC4
ED4
11E4
14F4
1804
1B14
1E24
2134
2444
2754
2A64
2D74
3084
3394
36A4
39B4
3CC4
3FD4
42E4
45F4
4904
4C14
4F24
5234
5544
5854
5B64
5E74
6184
6494
67A4
6AB4
6DC4
70D4
73E4
76F4
7A04
7D14
8024
8334
8644
8954
8C64
8F74
9284
9594
98A4
295
5A5
8B5
BC5
ED5
11E5
14F5
1805
1B15
1E25
2135
2445
2755
2A65
2D75
3085
3395
36A5
39B5
3CC5
3FD5
42E5
45F5
4905
4C15
4F25
5235
5545
5855
5B65
5E75
6185
6495
67A5
6AB5
6DC5
70D5
73E5
76F5
7A05
7D15
8025
8335
8645
8955
8C65
8F75
9285
9595
98A5
296
5A6
8B6
BC6
ED6
11E6
14F6
1806
1B16
1E26
2136
2446
2756
2A66
2D76
3086
3396
36A6
39B6
3CC6
3FD6
42E6
45F6
4906
4C16
4F26
5236
5546
5856
5B66
5E76
6186
6496
67A6
6AB6
6DC6
70D6
73E6
76F6
7A06
7D16
8026
8336
8646
8956
8C66
8F76
9286
9596
98A6
297
5A7
8B7
BC7
ED7
11E7
14F7
1807
1B17
1E27
2137
2447
2757
2A67
2D77
3087
3397
36A7
39B7
3CC7
3FD7
42E7
45F7
4907
4C17
4F27
5237
5547
5857
5B67
5E77
6187
6497
67A7
6AB7
6DC7
70D7
73E7
76F7
7A07
7D17
8027
8337
8647
8957
8C67
8F77
9287
9597
98A7
298
5A8
8B8
BC8
ED8
11E8
14F8
1808
1B18
1E28
2138
2448
2758
2A68
2D78
3088
3398
36A8
39B8
3CC8
3FD8
42E8
45F8
4908
4C18
4F28
5238
5548
5858
5B68
5E78
6188
6498
67A8
6AB8
6DC8
70D8
73E8
76F8
7A08
7D18
8028
8338
8648
8958
8C68
8F78
9288
9598
98A8
299
5A9
8B9
BC9
ED9
11E9
14F9
1809
1B19
1E29
2139
2449
2759
2A69
2D79
3089
3399
36A9
39B9
3CC9
3FD9
42E9
45F9
4909
4C19
4F29
5239
5549
5859
5B69
5E79
6189
6499
67A9
6AB9
6DC9
70D9
73E9
76F9
7A09
7D19
8029
8339
8649
8959
8C69
8F79
9289
9599
98A9
29A
5AA
8BA
BCA
EDA
11EA
14FA
180A
1B1A
1E2A
213A
244A
275A
2A6A
2D7A
308A
339A
36AA
39BA
3CCA
3FDA
42EA
45FA
490A
4C1A
4F2A
523A
554A
585A
5B6A
5E7A
618A
649A
67AA
6ABA
6DCA
70DA
73EA
76FA
7A0A
7D1A
802A
833A
864A
895A
8C6A
8F7A
928A
959A
98AA
29B
5AB
8BB
BCB
EDB
11EB
14FB
180B
1B1B
1E2B
213B
244B
275B
2A6B
2D7B
308B
339B
36AB
39BB
3CCB
3FDB
42EB
45FB
490B
4C1B
4F2B
523B
554B
585B
5B6B
5E7B
618B
649B
67AB
6ABB
6DCB
70DB
73EB
76FB
7A0B
7D1B
802B
833B
864B
895B
8C6B
8F7B
928B
959B
98AB
29C
5AC
8BC
BCC
EDC
11EC
14FC
180C
1B1C
1E2C
213C
244C
275C
2A6C
2D7C
308C
339C
36AC
39BC
3CCC
3FDC
42EC
45FC
490C
4C1C
4F2C
523C
554C
585C
5B6C
5E7C
618C
649C
67AC
6ABC
6DCC
70DC
73EC
76FC
7A0C
7D1C
802C
833C
864C
895C
8C6C
8F7C
928C
959C
98AC
29D
5AD
8BD
BCD
EDD
11ED
14FD
180D
1B1D
1E2D
213D
244D
275D
2A6D
2D7D
308D
339D
36AD
39BD
3CCD
3FDD
42ED
45FD
490D
4C1D
4F2D
523D
554D
585D
5B6D
5E7D
618D
649D
67AD
6ABD
6DCD
70DD
73ED
76FD
7A0D
7D1D
802D
833D
864D
895D
8C6D
8F7D
928D
959D
98AD
29E
5AE
8BE
BCE
EDE
11EE
14FE
180E
1B1E
1E2E
213E
244E
275E
2A6E
2D7E
308E
339E
36AE
39BE
3CCE
3FDE
42EE
45FE
490E
4C1E
4F2E
523E
554E
585E
5B6E
5E7E
618E
649E
67AE
6ABE
6DCE
70DE
73EE
76FE
7A0E
7D1E
802E
833E
864E
895E
8C6E
8F7E
928E
959E
98AE
29F
5AF
8BF
BCF
EDF
11EF
14FF
180F
1B1F
1E2F
213F
244F
275F
2A6F
2D7F
308F
339F
36AF
39BF
3CCF
3FDF
42EF
45FF
490F
4C1F
4F2F
523F
554F
585F
5B6F
5E7F
618F
649F
67AF
6ABF
6DCF
70DF
73EF
76FF
7A0F
7D1F
802F
833F
864F
895F
8C6F
8F7F
928F
959F
98AF
2A0
5B0
8C0
BD0
EE0
11F0
1500
1810
1B20
1E30
2140
2450
2760
2A70
2D80
3090
33A0
36B0
39C0
3CD0
3FE0
42F0
4600
4910
4C20
4F30
5240
5550
5860
5B70
5E80
6190
64A0
67B0
6AC0
6DD0
70E0
73F0
7700
7A10
7D20
8030
8340
8650
8960
8C70
8F80
9290
95A0
98B0
2A1
5B1
8C1
BD1
EE1
11F1
1501
1811
1B21
1E31
2141
2451
2761
2A71
2D81
3091
33A1
36B1
39C1
3CD1
3FE1
42F1
4601
4911
4C21
4F31
5241
5551
5861
5B71
5E81
6191
64A1
67B1
6AC1
6DD1
70E1
73F1
7701
7A11
7D21
8031
8341
8651
8961
8C71
8F81
9291
95A1
98B1
2A2
5B2
8C2
BD2
EE2
11F2
1502
1812
1B22
1E32
2142
2452
2762
2A72
2D82
3092
33A2
36B2
39C2
3CD2
3FE2
42F2
4602
4912
4C22
4F32
5242
5552
5862
5B72
5E82
6192
64A2
67B2
6AC2
6DD2
70E2
73F2
7702
7A12
7D22
8032
8342
8652
8962
8C72
8F82
9292
95A2
98B2
2A3
5B3
8C3
BD3
EE3
11F3
1503
1813
1B23
1E33
2143
2453
2763
2A73
2D83
3093
33A3
36B3
39C3
3CD3
3FE3
42F3
4603
4913
4C23
4F33
5243
5553
5863
5B73
5E83
6193
64A3
67B3
6AC3
6DD3
70E3
73F3
7703
7A13
7D23
8033
8343
8653
8963
8C73
8F83
9293
95A3
98B3
2A4
5B4
8C4
BD4
EE4
11F4
1504
1814
1B24
1E34
2144
2454
2764
2A74
2D84
3094
33A4
36B4
39C4
3CD4
3FE4
42F4
4604
4914
4C24
4F34
5244
5554
5864
5B74
5E84
6194
64A4
67B4
6AC4
6DD4
70E4
73F4
7704
7A14
7D24
8034
8344
8654
8964
8C74
8F84
9294
95A4
98B4
2A5
5B5
8C5
BD5
EE5
11F5
1505
1815
1B25
1E35
2145
2455
2765
2A75
2D85
3095
33A5
36B5
39C5
3CD5
3FE5
42F5
4605
4915
4C25
4F35
5245
5555
5865
5B75
5E85
6195
64A5
67B5
6AC5
6DD5
70E5
73F5
7705
7A15
7D25
8035
8345
8655
8965
8C75
8F85
9295
95A5
98B5
2A6
5B6
8C6
BD6
EE6
11F6
1506
1816
1B26
1E36
2146
2456
2766
2A76
2D86
3096
33A6
36B6
39C6
3CD6
3FE6
42F6
4606
4916
4C26
4F36
5246
5556
5866
5B76
5E86
6196
64A6
67B6
6AC6
6DD6
70E6
73F6
7706
7A16
7D26
8036
8346
8656
8966
8C76
8F86
9296
95A6
98B6
2A7
5B7
8C7
BD7
EE7
11F7
1507
1817
1B27
1E37
2147
2457
2767
2A77
2D87
3097
33A7
36B7
39C7
3CD7
3FE7
42F7
4607
4917
4C27
4F37
5247
5557
5867
5B77
5E87
6197
64A7
67B7
6AC7
6DD7
70E7
73F7
7707
7A17
7D27
8037
8347
8657
8967
8C77
8F87
9297
95A7
98B7
2A8
5B8
8C8
BD8
EE8
11F8
1508
1818
1B28
1E38
2148
2458
2768
2A78
2D88
3098
33A8
36B8
39C8
3CD8
3FE8
42F8
4608
4918
4C28
4F38
5248
5558
5868
5B78
5E88
6198
64A8
67B8
6AC8
6DD8
70E8
73F8
7708
7A18
7D28
8038
8348
8658
8968
8C78
8F88
9298
95A8
98B8
2A9
5B9
8C9
BD9
EE9
11F9
1509
1819
1B29
1E39
2149
2459
2769
2A79
2D89
3099
33A9
36B9
39C9
3CD9
3FE9
42F9
4609
4919
4C29
4F39
5249
5559
5869
5B79
5E89
6199
64A9
67B9
6AC9
6DD9
70E9
73F9
7709
7A19
7D29
8039
8349
8659
8969
8C79
8F89
9299
95A9
98B9
2AA
5BA
8CA
BDA
EEA
11FA
150A
181A
1B2A
1E3A
214A
245A
276A
2A7A
2D8A
309A
33AA
36BA
39CA
3CDA
3FEA
42FA
460A
491A
4C2A
4F3A
524A
555A
586A
5B7A
5E8A
619A
64AA
67BA
6ACA
6DDA
70EA
73FA
770A
7A1A
7D2A
803A
834A
865A
896A
8C7A
8F8A
929A
95AA
98BA
2AB
5BB
8CB
BDB
EEB
11FB
150B
181B
1B2B
1E3B
214B
245B
276B
2A7B
2D8B
309B
33AB
36BB
39CB
3CDB
3FEB
42FB
460B
491B
4C2B
4F3B
524B
555B
586B
5B7B
5E8B
619B
64AB
67BB
6ACB
6DDB
70EB
73FB
770B
7A1B
7D2B
803B
834B
865B
896B
8C7B
8F8B
929B
95AB
98BB
2AC
5BC
8CC
BDC
EEC
11FC
150C
181C
1B2C
1E3C
214C
245C
276C
2A7C
2D8C
309C
33AC
36BC
39CC
3CDC
3FEC
42FC
460C
491C
4C2C
4F3C
524C
555C
586C
5B7C
5E8C
619C
64AC
67BC
6ACC
6DDC
70EC
73FC
770C
7A1C
7D2C
803C
834C
865C
896C
8C7C
8F8C
929C
95AC
98BC
2AD
5BD
8CD
BDD
EED
11FD
150D
181D
1B2D
1E3D
214D
245D
276D
2A7D
2D8D
309D
33AD
36BD
39CD
3CDD
3FED
42FD
460D
491D
4C2D
4F3D
524D
555D
586D
5B7D
5E8D
619D
64AD
67BD
6ACD
6DDD
70ED
73FD
770D
7A1D
7D2D
803D
834D
865D
896D
8C7D
8F8D
929D
95AD
98BD
2AE
5BE
8CE
BDE
EEE
11FE
150E
181E
1B2E
1E3E
214E
245E
276E
2A7E
2D8E
309E
33AE
36BE
39CE
3CDE
3FEE
42FE
460E
491E
4C2E
4F3E
524E
555E
586E
5B7E
5E8E
619E
64AE
67BE
6ACE
6DDE
70EE
73FE
770E
7A1E
7D2E
803E
834E
865E
896E
8C7E
8F8E
929E
95AE
98BE
2AF
5BF
8CF
BDF
EEF
11FF
150F
181F
1B2F
1E3F
214F
245F
276F
2A7F
2D8F
309F
33AF
36BF
39CF
3CDF
3FEF
42FF
460F
491F
4C2F
4F3F
524F
555F
586F
5B7F
5E8F
619F
64AF
67BF
6ACF
6DDF
70EF
73FF
770F
7A1F
7D2F
803F
834F
865F
896F
8C7F
8F8F
929F
95AF
98BF
2B0
5C0
8D0
BE0
EF0
1200
1510
1820
1B30
1E40
2150
2460
2770
2A80
2D90
30A0
33B0
36C0
39D0
3CE0
3FF0
4300
4610
4920
4C30
4F40
5250
5560
5870
5B80
5E90
61A0
64B0
67C0
6AD0
6DE0
70F0
7400
7710
7A20
7D30
8040
8350
8660
8970
8C80
8F90
92A0
95B0
98C0
2B1
5C1
8D1
BE1
EF1
1201
1511
1821
1B31
1E41
2151
2461
2771
2A81
2D91
30A1
33B1
36C1
39D1
3CE1
3FF1
4301
4611
4921
4C31
4F41
5251
5561
5871
5B81
5E91
61A1
64B1
67C1
6AD1
6DE1
70F1
7401
7711
7A21
7D31
8041
8351
8661
8971
8C81
8F91
92A1
95B1
98C1
2B2
5C2
8D2
BE2
EF2
1202
1512
1822
1B32
1E42
2152
2462
2772
2A82
2D92
30A2
33B2
36C2
39D2
3CE2
3FF2
4302
4612
4922
4C32
4F42
5252
5562
5872
5B82
5E92
61A2
64B2
67C2
6AD2
6DE2
70F2
7402
7712
7A22
7D32
8042
8352
8662
8972
8C82
8F92
92A2
95B2
98C2
2B3
5C3
8D3
BE3
EF3
1203
1513
1823
1B33
1E43
2153
2463
2773
2A83
2D93
30A3
33B3
36C3
39D3
3CE3
3FF3
4303
4613
4923
4C33
4F43
5253
5563
5873
5B83
5E93
61A3
64B3
67C3
6AD3
6DE3
70F3
7403
7713
7A23
7D33
8043
8353
8663
8973
8C83
8F93
92A3
95B3
98C3
2B4
5C4
8D4
BE4
EF4
1204
1514
1824
1B34
1E44
2154
2464
2774
2A84
2D94
30A4
33B4
36C4
39D4
3CE4
3FF4
4304
4614
4924
4C34
4F44
5254
5564
5874
5B84
5E94
61A4
64B4
67C4
6AD4
6DE4
70F4
7404
7714
7A24
7D34
8044
8354
8664
8974
8C84
8F94
92A4
95B4
98C4
2B5
5C5
8D5
BE5
EF5
1205
1515
1825
1B35
1E45
2155
2465
2775
2A85
2D95
30A5
33B5
36C5
39D5
3CE5
3FF5
4305
4615
4925
4C35
4F45
5255
5565
5875
5B85
5E95
61A5
64B5
67C5
6AD5
6DE5
70F5
7405
7715
7A25
7D35
8045
8355
8665
8975
8C85
8F95
92A5
95B5
98C5
2B6
5C6
8D6
BE6
EF6
1206
1516
1826
1B36
1E46
2156
2466
2776
2A86
2D96
30A6
33B6
36C6
39D6
3CE6
3FF6
4306
4616
4926
4C36
4F46
5256
5566
5876
5B86
5E96
61A6
64B6
67C6
6AD6
6DE6
70F6
7406
7716
7A26
7D36
8046
8356
8666
8976
8C86
8F96
92A6
95B6
98C6
2B7
5C7
8D7
BE7
EF7
1207
1517
1827
1B37
1E47
2157
2467
2777
2A87
2D97
30A7
33B7
36C7
39D7
3CE7
3FF7
4307
4617
4927
4C37
4F47
5257
5567
5877
5B87
5E97
61A7
64B7
67C7
6AD7
6DE7
70F7
7407
7717
7A27
7D37
8047
8357
8667
8977
8C87
8F97
92A7
95B7
98C7
2B8
5C8
8D8
BE8
EF8
1208
1518
1828
1B38
1E48
2158
2468
2778
2A88
2D98
30A8
33B8
36C8
39D8
3CE8
3FF8
4308
4618
4928
4C38
4F48
5258
5568
5878
5B88
5E98
61A8
64B8
67C8
6AD8
6DE8
70F8
7408
7718
7A28
7D38
8048
8358
8668
8978
8C88
8F98
92A8
95B8
98C8
2B9
5C9
8D9
BE9
EF9
1209
1519
1829
1B39
1E49
2159
2469
2779
2A89
2D99
30A9
33B9
36C9
39D9
3CE9
3FF9
4309
4619
4929
4C39
4F49
5259
5569
5879
5B89
5E99
61A9
64B9
67C9
6AD9
6DE9
70F9
7409
7719
7A29
7D39
8049
8359
8669
8979
8C89
8F99
92A9
95B9
98C9
2BA
5CA
8DA
BEA
EFA
120A
151A
182A
1B3A
1E4A
215A
246A
277A
2A8A
2D9A
30AA
33BA
36CA
39DA
3CEA
3FFA
430A
461A
492A
4C3A
4F4A
525A
556A
587A
5B8A
5E9A
61AA
64BA
67CA
6ADA
6DEA
70FA
740A
771A
7A2A
7D3A
804A
835A
866A
897A
8C8A
8F9A
92AA
95BA
98CA
2BB
5CB
8DB
BEB
EFB
120B
151B
182B
1B3B
1E4B
215B
246B
277B
2A8B
2D9B
30AB
33BB
36CB
39DB
3CEB
3FFB
430B
461B
492B
4C3B
4F4B
525B
556B
587B
5B8B
5E9B
61AB
64BB
67CB
6ADB
6DEB
70FB
740B
771B
7A2B
7D3B
804B
835B
866B
897B
8C8B
8F9B
92AB
95BB
98CB
2BC
5CC
8DC
BEC
EFC
120C
151C
182C
1B3C
1E4C
215C
246C
277C
2A8C
2D9C
30AC
33BC
36CC
39DC
3CEC
3FFC
430C
461C
492C
4C3C
4F4C
525C
556C
587C
5B8C
5E9C
61AC
64BC
67CC
6ADC
6DEC
70FC
740C
771C
7A2C
7D3C
804C
835C
866C
897C
8C8C
8F9C
92AC
95BC
98CC
2BD
5CD
8DD
BED
EFD
120D
151D
182D
1B3D
1E4D
215D
246D
277D
2A8D
2D9D
30AD
33BD
36CD
39DD
3CED
3FFD
430D
461D
492D
4C3D
4F4D
525D
556D
587D
5B8D
5E9D
61AD
64BD
67CD
6ADD
6DED
70FD
740D
771D
7A2D
7D3D
804D
835D
866D
897D
8C8D
8F9D
92AD
95BD
98CD
2BE
5CE
8DE
BEE
EFE
120E
151E
182E
1B3E
1E4E
215E
246E
277E
2A8E
2D9E
30AE
33BE
36CE
39DE
3CEE
3FFE
430E
461E
492E
4C3E
4F4E
525E
556E
587E
5B8E
5E9E
61AE
64BE
67CE
6ADE
6DEE
70FE
740E
771E
7A2E
7D3E
804E
835E
866E
897E
8C8E
8F9E
92AE
95BE
98CE
2BF
5CF
8DF
BEF
EFF
120F
151F
182F
1B3F
1E4F
215F
246F
277F
2A8F
2D9F
30AF
33BF
36CF
39DF
3CEF
3FFF
430F
461F
492F
4C3F
4F4F
525F
556F
587F
5B8F
5E9F
61AF
64BF
67CF
6ADF
6DEF
70FF
740F
771F
7A2F
7D3F
804F
835F
866F
897F
8C8F
8F9F
92AF
95BF
98CF
2C0
5D0
8E0
BF0
F00
1210
1520
1830
1B40
1E50
2160
2470
2780
2A90
2DA0
30B0
33C0
36D0
39E0
3CF0
4000
4310
4620
4930
4C40
4F50
5260
5570
5880
5B90
5EA0
61B0
64C0
67D0
6AE0
6DF0
7100
7410
7720
7A30
7D40
8050
8360
8670
8980
8C90
8FA0
92B0
95C0
98D0
2C1
5D1
8E1
BF1
F01
1211
1521
1831
1B41
1E51
2161
2471
2781
2A91
2DA1
30B1
33C1
36D1
39E1
3CF1
4001
4311
4621
4931
4C41
4F51
5261
5571
5881
5B91
5EA1
61B1
64C1
67D1
6AE1
6DF1
7101
7411
7721
7A31
7D41
8051
8361
8671
8981
8C91
8FA1
92B1
95C1
98D1
2C2
5D2
8E2
BF2
F02
1212
1522
1832
1B42
1E52
2162
2472
2782
2A92
2DA2
30B2
33C2
36D2
39E2
3CF2
4002
4312
4622
4932
4C42
4F52
5262
5572
5882
5B92
5EA2
61B2
64C2
67D2
6AE2
6DF2
7102
7412
7722
7A32
7D42
8052
8362
8672
8982
8C92
8FA2
92B2
95C2
98D2
2C3
5D3
8E3
BF3
F03
1213
1523
1833
1B43
1E53
2163
2473
2783
2A93
2DA3
30B3
33C3
36D3
39E3
3CF3
4003
4313
4623
4933
4C43
4F53
5263
5573
5883
5B93
5EA3
61B3
64C3
67D3
6AE3
6DF3
7103
7413
7723
7A33
7D43
8053
8363
8673
8983
8C93
8FA3
92B3
95C3
98D3
2C4
5D4
8E4
BF4
F04
1214
1524
1834
1B44
1E54
2164
2474
2784
2A94
2DA4
30B4
33C4
36D4
39E4
3CF4
4004
4314
4624
4934
4C44
4F54
5264
5574
5884
5B94
5EA4
61B4
64C4
67D4
6AE4
6DF4
7104
7414
7724
7A34
7D44
8054
8364
8674
8984
8C94
8FA4
92B4
95C4
98D4
2C5
5D5
8E5
BF5
F05
1215
1525
1835
1B45
1E55
2165
2475
2785
2A95
2DA5
30B5
33C5
36D5
39E5
3CF5
4005
4315
4625
4935
4C45
4F55
5265
5575
5885
5B95
5EA5
61B5
64C5
67D5
6AE5
6DF5
7105
7415
7725
7A35
7D45
8055
8365
8675
8985
8C95
8FA5
92B5
95C5
98D5
2C6
5D6
8E6
BF6
F06
1216
1526
1836
1B46
1E56
2166
2476
2786
2A96
2DA6
30B6
33C6
36D6
39E6
3CF6
4006
4316
4626
4936
4C46
4F56
5266
5576
5886
5B96
5EA6
61B6
64C6
67D6
6AE6
6DF6
7106
7416
7726
7A36
7D46
8056
8366
8676
8986
8C96
8FA6
92B6
95C6
98D6
2C7
5D7
8E7
BF7
F07
1217
1527
1837
1B47
1E57
2167
2477
2787
2A97
2DA7
30B7
33C7
36D7
39E7
3CF7
4007
4317
4627
4937
4C47
4F57
5267
5577
5887
5B97
5EA7
61B7
64C7
67D7
6AE7
6DF7
7107
7417
7727
7A37
7D47
8057
8367
8677
8987
8C97
8FA7
92B7
95C7
98D7
2C8
5D8
8E8
BF8
F08
1218
1528
1838
1B48
1E58
2168
2478
2788
2A98
2DA8
30B8
33C8
36D8
39E8
3CF8
4008
4318
4628
4938
4C48
4F58
5268
5578
5888
5B98
5EA8
61B8
64C8
67D8
6AE8
6DF8
7108
7418
7728
7A38
7D48
8058
8368
8678
8988
8C98
8FA8
92B8
95C8
98D8
2C9
5D9
8E9
BF9
F09
1219
1529
1839
1B49
1E59
2169
2479
2789
2A99
2DA9
30B9
33C9
36D9
39E9
3CF9
4009
4319
4629
4939
4C49
4F59
5269
5579
5889
5B99
5EA9
61B9
64C9
67D9
6AE9
6DF9
7109
7419
7729
7A39
7D49
8059
8369
8679
8989
8C99
8FA9
92B9
95C9
98D9
2CA
5DA
8EA
BFA
F0A
121A
152A
183A
1B4A
1E5A
216A
247A
278A
2A9A
2DAA
30BA
33CA
36DA
39EA
3CFA
400A
431A
462A
493A
4C4A
4F5A
526A
557A
588A
5B9A
5EAA
61BA
64CA
67DA
6AEA
6DFA
710A
741A
772A
7A3A
7D4A
805A
836A
867A
898A
8C9A
8FAA
92BA
95CA
98DA
2CB
5DB
8EB
BFB
F0B
121B
152B
183B
1B4B
1E5B
216B
247B
278B
2A9B
2DAB
30BB
33CB
36DB
39EB
3CFB
400B
431B
462B
493B
4C4B
4F5B
526B
557B
588B
5B9B
5EAB
61BB
64CB
67DB
6AEB
6DFB
710B
741B
772B
7A3B
7D4B
805B
836B
867B
898B
8C9B
8FAB
92BB
95CB
98DB
2CC
5DC
8EC
BFC
F0C
121C
152C
183C
1B4C
1E5C
216C
247C
278C
2A9C
2DAC
30BC
33CC
36DC
39EC
3CFC
400C
431C
462C
493C
4C4C
4F5C
526C
557C
588C
5B9C
5EAC
61BC
64CC
67DC
6AEC
6DFC
710C
741C
772C
7A3C
7D4C
805C
836C
867C
898C
8C9C
8FAC
92BC
95CC
98DC
2CD
5DD
8ED
BFD
F0D
121D
152D
183D
1B4D
1E5D
216D
247D
278D
2A9D
2DAD
30BD
33CD
36DD
39ED
3CFD
400D
431D
462D
493D
4C4D
4F5D
526D
557D
588D
5B9D
5EAD
61BD
64CD
67DD
6AED
6DFD
710D
741D
772D
7A3D
7D4D
805D
836D
867D
898D
8C9D
8FAD
92BD
95CD
98DD
2CE
5DE
8EE
BFE
F0E
121E
152E
183E
1B4E
1E5E
216E
247E
278E
2A9E
2DAE
30BE
33CE
36DE
39EE
3CFE
400E
431E
462E
493E
4C4E
4F5E
526E
557E
588E
5B9E
5EAE
61BE
64CE
67DE
6AEE
6DFE
710E
741E
772E
7A3E
7D4E
805E
836E
867E
898E
8C9E
8FAE
92BE
95CE
98DE
2CF
5DF
8EF
BFF
F0F
121F
152F
183F
1B4F
1E5F
216F
247F
278F
2A9F
2DAF
30BF
33CF
36DF
39EF
3CFF
400F
431F
462F
493F
4C4F
4F5F
526F
557F
588F
5B9F
5EAF
61BF
64CF
67DF
6AEF
6DFF
710F
741F
772F
7A3F
7D4F
805F
836F
867F
898F
8C9F
8FAF
92BF
95CF
98DF
2D0
5E0
8F0
C00
F10
1220
1530
1840
1B50
1E60
2170
2480
2790
2AA0
2DB0
30C0
33D0
36E0
39F0
3D00
4010
4320
4630
4940
4C50
4F60
5270
5580
5890
5BA0
5EB0
61C0
64D0
67E0
6AF0
6E00
7110
7420
7730
7A40
7D50
8060
8370
8680
8990
8CA0
8FB0
92C0
95D0
98E0
2D1
5E1
8F1
C01
F11
1221
1531
1841
1B51
1E61
2171
2481
2791
2AA1
2DB1
30C1
33D1
36E1
39F1
3D01
4011
4321
4631
4941
4C51
4F61
5271
5581
5891
5BA1
5EB1
61C1
64D1
67E1
6AF1
6E01
7111
7421
7731
7A41
7D51
8061
8371
8681
8991
8CA1
8FB1
92C1
95D1
98E1
2D2
5E2
8F2
C02
F12
1222
1532
1842
1B52
1E62
2172
2482
2792
2AA2
2DB2
30C2
33D2
36E2
39F2
3D02
4012
4322
4632
4942
4C52
4F62
5272
5582
5892
5BA2
5EB2
61C2
64D2
67E2
6AF2
6E02
7112
7422
7732
7A42
7D52
8062
8372
8682
8992
8CA2
8FB2
92C2
95D2
98E2
2D3
5E3
8F3
C03
F13
1223
1533
1843
1B53
1E63
2173
2483
2793
2AA3
2DB3
30C3
33D3
36E3
39F3
3D03
4013
4323
4633
4943
4C53
4F63
5273
5583
5893
5BA3
5EB3
61C3
64D3
67E3
6AF3
6E03
7113
7423
7733
7A43
7D53
8063
8373
8683
8993
8CA3
8FB3
92C3
95D3
98E3
2D4
5E4
8F4
C04
F14
1224
1534
1844
1B54
1E64
2174
2484
2794
2AA4
2DB4
30C4
33D4
36E4
39F4
3D04
4014
4324
4634
4944
4C54
4F64
5274
5584
5894
5BA4
5EB4
61C4
64D4
67E4
6AF4
6E04
7114
7424
7734
7A44
7D54
8064
8374
8684
8994
8CA4
8FB4
92C4
95D4
98E4
2D5
5E5
8F5
C05
F15
1225
1535
1845
1B55
1E65
2175
2485
2795
2AA5
2DB5
30C5
33D5
36E5
39F5
3D05
4015
4325
4635
4945
4C55
4F65
5275
5585
5895
5BA5
5EB5
61C5
64D5
67E5
6AF5
6E05
7115
7425
7735
7A45
7D55
8065
8375
8685
8995
8CA5
8FB5
92C5
95D5
98E5
2D6
5E6
8F6
C06
F16
1226
1536
1846
1B56
1E66
2176
2486
2796
2AA6
2DB6
30C6
33D6
36E6
39F6
3D06
4016
4326
4636
4946
4C56
4F66
5276
5586
5896
5BA6
5EB6
61C6
64D6
67E6
6AF6
6E06
7116
7426
7736
7A46
7D56
8066
8376
8686
8996
8CA6
8FB6
92C6
95D6
98E6
2D7
5E7
8F7
C07
F17
1227
1537
1847
1B57
1E67
2177
2487
2797
2AA7
2DB7
30C7
33D7
36E7
39F7
3D07
4017
4327
4637
4947
4C57
4F67
5277
5587
5897
5BA7
5EB7
61C7
64D7
67E7
6AF7
6E07
7117
7427
7737
7A47
7D57
8067
8377
8687
8997
8CA7
8FB7
92C7
95D7
98E7
2D8
5E8
8F8
C08
F18
1228
1538
1848
1B58
1E68
2178
2488
2798
2AA8
2DB8
30C8
33D8
36E8
39F8
3D08
4018
4328
4638
4948
4C58
4F68
5278
5588
5898
5BA8
5EB8
61C8
64D8
67E8
6AF8
6E08
7118
7428
7738
7A48
7D58
8068
8378
8688
8998
8CA8
8FB8
92C8
95D8
98E8
2D9
5E9
8F9
C09
F19
1229
1539
1849
1B59
1E69
2179
2489
2799
2AA9
2DB9
30C9
33D9
36E9
39F9
3D09
4019
4329
4639
4949
4C59
4F69
5279
5589
5899
5BA9
5EB9
61C9
64D9
67E9
6AF9
6E09
7119
7429
7739
7A49
7D59
8069
8379
8689
8999
8CA9
8FB9
92C9
95D9
98E9
2DA
5EA
8FA
C0A
F1A
122A
153A
184A
1B5A
1E6A
217A
248A
279A
2AAA
2DBA
30CA
33DA
36EA
39FA
3D0A
401A
432A
463A
494A
4C5A
4F6A
527A
558A
589A
5BAA
5EBA
61CA
64DA
67EA
6AFA
6E0A
711A
742A
773A
7A4A
7D5A
806A
837A
868A
899A
8CAA
8FBA
92CA
95DA
98EA
2DB
5EB
8FB
C0B
F1B
122B
153B
184B
1B5B
1E6B
217B
248B
279B
2AAB
2DBB
30CB
33DB
36EB
39FB
3D0B
401B
432B
463B
494B
4C5B
4F6B
527B
558B
589B
5BAB
5EBB
61CB
64DB
67EB
6AFB
6E0B
711B
742B
773B
7A4B
7D5B
806B
837B
868B
899B
8CAB
8FBB
92CB
95DB
98EB
2DC
5EC
8FC
C0C
F1C
122C
153C
184C
1B5C
1E6C
217C
248C
279C
2AAC
2DBC
30CC
33DC
36EC
39FC
3D0C
401C
432C
463C
494C
4C5C
4F6C
527C
558C
589C
5BAC
5EBC
61CC
64DC
67EC
6AFC
6E0C
711C
742C
773C
7A4C
7D5C
806C
837C
868C
899C
8CAC
8FBC
92CC
95DC
98EC
2DD
5ED
8FD
C0D
F1D
122D
153D
184D
1B5D
1E6D
217D
248D
279D
2AAD
2DBD
30CD
33DD
36ED
39FD
3D0D
401D
432D
463D
494D
4C5D
4F6D
527D
558D
589D
5BAD
5EBD
61CD
64DD
67ED
6AFD
6E0D
711D
742D
773D
7A4D
7D5D
806D
837D
868D
899D
8CAD
8FBD
92CD
95DD
98ED
2DE
5EE
8FE
C0E
F1E
122E
153E
184E
1B5E
1E6E
217E
248E
279E
2AAE
2DBE
30CE
33DE
36EE
39FE
3D0E
401E
432E
463E
494E
4C5E
4F6E
527E
558E
589E
5BAE
5EBE
61CE
64DE
67EE
6AFE
6E0E
711E
742E
773E
7A4E
7D5E
806E
837E
868E
899E
8CAE
8FBE
92CE
95DE
98EE
2DF
5EF
8FF
C0F
F1F
122F
153F
184F
1B5F
1E6F
217F
248F
279F
2AAF
2DBF
30CF
33DF
36EF
39FF
3D0F
401F
432F
463F
494F
4C5F
4F6F
527F
558F
589F
5BAF
5EBF
61CF
64DF
67EF
6AFF
6E0F
711F
742F
773F
7A4F
7D5F
806F
837F
868F
899F
8CAF
8FBF
92CF
95DF
98EF
2E0
5F0
900
C10
F20
1230
1540
1850
1B60
1E70
2180
2490
27A0
2AB0
2DC0
30D0
33E0
36F0
3A00
3D10
4020
4330
4640
4950
4C60
4F70
5280
5590
58A0
5BB0
5EC0
61D0
64E0
67F0
6B00
6E10
7120
7430
7740
7A50
7D60
8070
8380
8690
89A0
8CB0
8FC0
92D0
95E0
98F0
2E1
5F1
901
C11
F21
1231
1541
1851
1B61
1E71
2181
2491
27A1
2AB1
2DC1
30D1
33E1
36F1
3A01
3D11
4021
4331
4641
4951
4C61
4F71
5281
5591
58A1
5BB1
5EC1
61D1
64E1
67F1
6B01
6E11
7121
7431
7741
7A51
7D61
8071
8381
8691
89A1
8CB1
8FC1
92D1
95E1
98F1
2E2
5F2
902
C12
F22
1232
1542
1852
1B62
1E72
2182
2492
27A2
2AB2
2DC2
30D2
33E2
36F2
3A02
3D12
4022
4332
4642
4952
4C62
4F72
5282
5592
58A2
5BB2
5EC2
61D2
64E2
67F2
6B02
6E12
7122
7432
7742
7A52
7D62
8072
8382
8692
89A2
8CB2
8FC2
92D2
95E2
98F2
2E3
5F3
903
C13
F23
1233
1543
1853
1B63
1E73
2183
2493
27A3
2AB3
2DC3
30D3
33E3
36F3
3A03
3D13
4023
4333
4643
4953
4C63
4F73
5283
5593
58A3
5BB3
5EC3
61D3
64E3
67F3
6B03
6E13
7123
7433
7743
7A53
7D63
8073
8383
8693
89A3
8CB3
8FC3
92D3
95E3
98F3
2E4
5F4
904
C14
F24
1234
1544
1854
1B64
1E74
2184
2494
27A4
2AB4
2DC4
30D4
33E4
36F4
3A04
3D14
4024
4334
4644
4954
4C64
4F74
5284
5594
58A4
5BB4
5EC4
61D4
64E4
67F4
6B04
6E14
7124
7434
7744
7A54
7D64
8074
8384
8694
89A4
8CB4
8FC4
92D4
95E4
98F4
2E5
5F5
905
C15
F25
1235
1545
1855
1B65
1E75
2185
2495
27A5
2AB5
2DC5
30D5
33E5
36F5
3A05
3D15
4025
4335
4645
4955
4C65
4F75
5285
5595
58A5
5BB5
5EC5
61D5
64E5
67F5
6B05
6E15
7125
7435
7745
7A55
7D65
8075
8385
8695
89A5
8CB5
8FC5
92D5
95E5
98F5
2E6
5F6
906
C16
F26
1236
1546
1856
1B66
1E76
2186
2496
27A6
2AB6
2DC6
30D6
33E6
36F6
3A06
3D16
4026
4336
4646
4956
4C66
4F76
5286
5596
58A6
5BB6
5EC6
61D6
64E6
67F6
6B06
6E16
7126
7436
7746
7A56
7D66
8076
8386
8696
89A6
8CB6
8FC6
92D6
95E6
98F6
2E7
5F7
907
C17
F27
1237
1547
1857
1B67
1E77
2187
2497
27A7
2AB7
2DC7
30D7
33E7
36F7
3A07
3D17
4027
4337
4647
4957
4C67
4F77
5287
5597
58A7
5BB7
5EC7
61D7
64E7
67F7
6B07
6E17
7127
7437
7747
7A57
7D67
8077
8387
8697
89A7
8CB7
8FC7
92D7
95E7
98F7
2E8
5F8
908
C18
F28
1238
1548
1858
1B68
1E78
2188
2498
27A8
2AB8
2DC8
30D8
33E8
36F8
3A08
3D18
4028
4338
4648
4958
4C68
4F78
5288
5598
58A8
5BB8
5EC8
61D8
64E8
67F8
6B08
6E18
7128
7438
7748
7A58
7D68
8078
8388
8698
89A8
8CB8
8FC8
92D8
95E8
98F8
2E9
5F9
909
C19
F29
1239
1549
1859
1B69
1E79
2189
2499
27A9
2AB9
2DC9
30D9
33E9
36F9
3A09
3D19
4029
4339
4649
4959
4C69
4F79
5289
5599
58A9
5BB9
5EC9
61D9
64E9
67F9
6B09
6E19
7129
7439
7749
7A59
7D69
8079
8389
8699
89A9
8CB9
8FC9
92D9
95E9
98F9
2EA
5FA
90A
C1A
F2A
123A
154A
185A
1B6A
1E7A
218A
249A
27AA
2ABA
2DCA
30DA
33EA
36FA
3A0A
3D1A
402A
433A
464A
495A
4C6A
4F7A
528A
559A
58AA
5BBA
5ECA
61DA
64EA
67FA
6B0A
6E1A
712A
743A
774A
7A5A
7D6A
807A
838A
869A
89AA
8CBA
8FCA
92DA
95EA
98FA
2EB
5FB
90B
C1B
F2B
123B
154B
185B
1B6B
1E7B
218B
249B
27AB
2ABB
2DCB
30DB
33EB
36FB
3A0B
3D1B
402B
433B
464B
495B
4C6B
4F7B
528B
559B
58AB
5BBB
5ECB
61DB
64EB
67FB
6B0B
6E1B
712B
743B
774B
7A5B
7D6B
807B
838B
869B
89AB
8CBB
8FCB
92DB
95EB
98FB
2EC
5FC
90C
C1C
F2C
123C
154C
185C
1B6C
1E7C
218C
249C
27AC
2ABC
2DCC
30DC
33EC
36FC
3A0C
3D1C
402C
433C
464C
495C
4C6C
4F7C
528C
559C
58AC
5BBC
5ECC
61DC
64EC
67FC
6B0C
6E1C
712C
743C
774C
7A5C
7D6C
807C
838C
869C
89AC
8CBC
8FCC
92DC
95EC
98FC
2ED
5FD
90D
C1D
F2D
123D
154D
185D
1B6D
1E7D
218D
249D
27AD
2ABD
2DCD
30DD
33ED
36FD
3A0D
3D1D
402D
433D
464D
495D
4C6D
4F7D
528D
559D
58AD
5BBD
5ECD
61DD
64ED
67FD
6B0D
6E1D
712D
743D
774D
7A5D
7D6D
807D
838D
869D
89AD
8CBD
8FCD
92DD
95ED
98FD
2EE
5FE
90E
C1E
F2E
123E
154E
185E
1B6E
1E7E
218E
249E
27AE
2ABE
2DCE
30DE
33EE
36FE
3A0E
3D1E
402E
433E
464E
495E
4C6E
4F7E
528E
559E
58AE
5BBE
5ECE
61DE
64EE
67FE
6B0E
6E1E
712E
743E
774E
7A5E
7D6E
807E
838E
869E
89AE
8CBE
8FCE
92DE
95EE
98FE
2EF
5FF
90F
C1F
F2F
123F
154F
185F
1B6F
1E7F
218F
249F
27AF
2ABF
2DCF
30DF
33EF
36FF
3A0F
3D1F
402F
433F
464F
495F
4C6F
4F7F
528F
559F
58AF
5BBF
5ECF
61DF
64EF
67FF
6B0F
6E1F
712F
743F
774F
7A5F
7D6F
807F
838F
869F
89AF
8CBF
8FCF
92DF
95EF
98FF
2F0
600
910
C20
F30
1240
1550
1860
1B70
1E80
2190
24A0
27B0
2AC0
2DD0
30E0
33F0
3700
3A10
3D20
4030
4340
4650
4960
4C70
4F80
5290
55A0
58B0
5BC0
5ED0
61E0
64F0
6800
6B10
6E20
7130
7440
7750
7A60
7D70
8080
8390
86A0
89B0
8CC0
8FD0
92E0
95F0
9900
2F1
601
911
C21
F31
1241
1551
1861
1B71
1E81
2191
24A1
27B1
2AC1
2DD1
30E1
33F1
3701
3A11
3D21
4031
4341
4651
4961
4C71
4F81
5291
55A1
58B1
5BC1
5ED1
61E1
64F1
6801
6B11
6E21
7131
7441
7751
7A61
7D71
8081
8391
86A1
89B1
8CC1
8FD1
92E1
95F1
9901
2F2
602
912
C22
F32
1242
1552
1862
1B72
1E82
2192
24A2
27B2
2AC2
2DD2
30E2
33F2
3702
3A12
3D22
4032
4342
4652
4962
4C72
4F82
5292
55A2
58B2
5BC2
5ED2
61E2
64F2
6802
6B12
6E22
7132
7442
7752
7A62
7D72
8082
8392
86A2
89B2
8CC2
8FD2
92E2
95F2
9902
2F3
603
913
C23
F33
1243
1553
1863
1B73
1E83
2193
24A3
27B3
2AC3
2DD3
30E3
33F3
3703
3A13
3D23
4033
4343
4653
4963
4C73
4F83
5293
55A3
58B3
5BC3
5ED3
61E3
64F3
6803
6B13
6E23
7133
7443
7753
7A63
7D73
8083
8393
86A3
89B3
8CC3
8FD3
92E3
95F3
9903
2F4
604
914
C24
F34
1244
1554
1864
1B74
1E84
2194
24A4
27B4
2AC4
2DD4
30E4
33F4
3704
3A14
3D24
4034
4344
4654
4964
4C74
4F84
5294
55A4
58B4
5BC4
5ED4
61E4
64F4
6804
6B14
6E24
7134
7444
7754
7A64
7D74
8084
8394
86A4
89B4
8CC4
8FD4
92E4
95F4
9904
2F5
605
915
C25
F35
1245
1555
1865
1B75
1E85
2195
24A5
27B5
2AC5
2DD5
30E5
33F5
3705
3A15
3D25
4035
4345
4655
4965
4C75
4F85
5295
55A5
58B5
5BC5
5ED5
61E5
64F5
6805
6B15
6E25
7135
7445
7755
7A65
7D75
8085
8395
86A5
89B5
8CC5
8FD5
92E5
95F5
9905
2F6
606
916
C26
F36
1246
1556
1866
1B76
1E86
2196
24A6
27B6
2AC6
2DD6
30E6
33F6
3706
3A16
3D26
4036
4346
4656
4966
4C76
4F86
5296
55A6
58B6
5BC6
5ED6
61E6
64F6
6806
6B16
6E26
7136
7446
7756
7A66
7D76
8086
8396
86A6
89B6
8CC6
8FD6
92E6
95F6
9906
2F7
607
917
C27
F37
1247
1557
1867
1B77
1E87
2197
24A7
27B7
2AC7
2DD7
30E7
33F7
3707
3A17
3D27
4037
4347
4657
4967
4C77
4F87
5297
55A7
58B7
5BC7
5ED7
61E7
64F7
6807
6B17
6E27
7137
7447
7757
7A67
7D77
8087
8397
86A7
89B7
8CC7
8FD7
92E7
95F7
9907
2F8
608
918
C28
F38
1248
1558
1868
1B78
1E88
2198
24A8
27B8
2AC8
2DD8
30E8
33F8
3708
3A18
3D28
4038
4348
4658
4968
4C78
4F88
5298
55A8
58B8
5BC8
5ED8
61E8
64F8
6808
6B18
6E28
7138
7448
7758
7A68
7D78
8088
8398
86A8
89B8
8CC8
8FD8
92E8
95F8
9908
2F9
609
919
C29
F39
1249
1559
1869
1B79
1E89
2199
24A9
27B9
2AC9
2DD9
30E9
33F9
3709
3A19
3D29
4039
4349
4659
4969
4C79
4F89
5299
55A9
58B9
5BC9
5ED9
61E9
64F9
6809
6B19
6E29
7139
7449
7759
7A69
7D79
8089
8399
86A9
89B9
8CC9
8FD9
92E9
95F9
9909
2FA
60A
91A
C2A
F3A
124A
155A
186A
1B7A
1E8A
219A
24AA
27BA
2ACA
2DDA
30EA
33FA
370A
3A1A
3D2A
403A
434A
465A
496A
4C7A
4F8A
529A
55AA
58BA
5BCA
5EDA
61EA
64FA
680A
6B1A
6E2A
713A
744A
775A
7A6A
7D7A
808A
839A
86AA
89BA
8CCA
8FDA
92EA
95FA
990A
2FB
60B
91B
C2B
F3B
124B
155B
186B
1B7B
1E8B
219B
24AB
27BB
2ACB
2DDB
30EB
33FB
370B
3A1B
3D2B
403B
434B
465B
496B
4C7B
4F8B
529B
55AB
58BB
5BCB
5EDB
61EB
64FB
680B
6B1B
6E2B
713B
744B
775B
7A6B
7D7B
808B
839B
86AB
89BB
8CCB
8FDB
92EB
95FB
990B
2FC
60C
91C
C2C
F3C
124C
155C
186C
1B7C
1E8C
219C
24AC
27BC
2ACC
2DDC
30EC
33FC
370C
3A1C
3D2C
403C
434C
465C
496C
4C7C
4F8C
529C
55AC
58BC
5BCC
5EDC
61EC
64FC
680C
6B1C
6E2C
713C
744C
775C
7A6C
7D7C
808C
839C
86AC
89BC
8CCC
8FDC
92EC
95FC
990C
2FD
60D
91D
C2D
F3D
124D
155D
186D
1B7D
1E8D
219D
24AD
27BD
2ACD
2DDD
30ED
33FD
370D
3A1D
3D2D
403D
434D
465D
496D
4C7D
4F8D
529D
55AD
58BD
5BCD
5EDD
61ED
64FD
680D
6B1D
6E2D
713D
744D
775D
7A6D
7D7D
808D
839D
86AD
89BD
8CCD
8FDD
92ED
95FD
990D
2FE
60E
91E
C2E
F3E
124E
155E
186E
1B7E
1E8E
219E
24AE
27BE
2ACE
2DDE
30EE
33FE
370E
3A1E
3D2E
403E
434E
465E
496E
4C7E
4F8E
529E
55AE
58BE
5BCE
5EDE
61EE
64FE
680E
6B1E
6E2E
713E
744E
775E
7A6E
7D7E
808E
839E
86AE
89BE
8CCE
8FDE
92EE
95FE
990E
2FF
60F
91F
C2F
F3F
124F
155F
186F
1B7F
1E8F
219F
24AF
27BF
2ACF
2DDF
30EF
33FF
370F
3A1F
3D2F
403F
434F
465F
496F
4C7F
4F8F
529F
55AF
58BF
5BCF
5EDF
61EF
64FF
680F
6B1F
6E2F
713F
744F
775F
7A6F
7D7F
808F
839F
86AF
89BF
8CCF
8FDF
92EF
95FF
990F
300
610
920
C30
F40
1250
1560
1870
1B80
1E90
21A0
24B0
27C0
2AD0
2DE0
30F0
3400
3710
3A20
3D30
4040
4350
4660
4970
4C80
4F90
52A0
55B0
58C0
5BD0
5EE0
61F0
6500
6810
6B20
6E30
7140
7450
7760
7A70
7D80
8090
83A0
86B0
89C0
8CD0
8FE0
92F0
9600
9910
301
611
921
C31
F41
1251
1561
1871
1B81
1E91
21A1
24B1
27C1
2AD1
2DE1
30F1
3401
3711
3A21
3D31
4041
4351
4661
4971
4C81
4F91
52A1
55B1
58C1
5BD1
5EE1
61F1
6501
6811
6B21
6E31
7141
7451
7761
7A71
7D81
8091
83A1
86B1
89C1
8CD1
8FE1
92F1
9601
9911
302
612
922
C32
F42
1252
1562
1872
1B82
1E92
21A2
24B2
27C2
2AD2
2DE2
30F2
3402
3712
3A22
3D32
4042
4352
4662
4972
4C82
4F92
52A2
55B2
58C2
5BD2
5EE2
61F2
6502
6812
6B22
6E32
7142
7452
7762
7A72
7D82
8092
83A2
86B2
89C2
8CD2
8FE2
92F2
9602
9912
303
613
923
C33
F43
1253
1563
1873
1B83
1E93
21A3
24B3
27C3
2AD3
2DE3
30F3
3403
3713
3A23
3D33
4043
4353
4663
4973
4C83
4F93
52A3
55B3
58C3
5BD3
5EE3
61F3
6503
6813
6B23
6E33
7143
7453
7763
7A73
7D83
8093
83A3
86B3
89C3
8CD3
8FE3
92F3
9603
9913
304
614
924
C34
F44
1254
1564
1874
1B84
1E94
21A4
24B4
27C4
2AD4
2DE4
30F4
3404
3714
3A24
3D34
4044
4354
4664
4974
4C84
4F94
52A4
55B4
58C4
5BD4
5EE4
61F4
6504
6814
6B24
6E34
7144
7454
7764
7A74
7D84
8094
83A4
86B4
89C4
8CD4
8FE4
92F4
9604
9914
305
615
925
C35
F45
1255
1565
1875
1B85
1E95
21A5
24B5
27C5
2AD5
2DE5
30F5
3405
3715
3A25
3D35
4045
4355
4665
4975
4C85
4F95
52A5
55B5
58C5
5BD5
5EE5
61F5
6505
6815
6B25
6E35
7145
7455
7765
7A75
7D85
8095
83A5
86B5
89C5
8CD5
8FE5
92F5
9605
9915
306
616
926
C36
F46
1256
1566
1876
1B86
1E96
21A6
24B6
27C6
2AD6
2DE6
30F6
3406
3716
3A26
3D36
4046
4356
4666
4976
4C86
4F96
52A6
55B6
58C6
5BD6
5EE6
61F6
6506
6816
6B26
6E36
7146
7456
7766
7A76
7D86
8096
83A6
86B6
89C6
8CD6
8FE6
92F6
9606
9916
307
617
927
C37
F47
1257
1567
1877
1B87
1E97
21A7
24B7
27C7
2AD7
2DE7
30F7
3407
3717
3A27
3D37
4047
4357
4667
4977
4C87
4F97
52A7
55B7
58C7
5BD7
5EE7
61F7
6507
6817
6B27
6E37
7147
7457
7767
7A77
7D87
8097
83A7
86B7
89C7
8CD7
8FE7
92F7
9607
9917
308
618
928
C38
F48
1258
1568
1878
1B88
1E98
21A8
24B8
27C8
2AD8
2DE8
30F8
3408
3718
3A28
3D38
4048
4358
4668
4978
4C88
4F98
52A8
55B8
58C8
5BD8
5EE8
61F8
6508
6818
6B28
6E38
7148
7458
7768
7A78
7D88
8098
83A8
86B8
89C8
8CD8
8FE8
92F8
9608
9918
309
619
929
C39
F49
1259
1569
1879
1B89
1E99
21A9
24B9
27C9
2AD9
2DE9
30F9
3409
3719
3A29
3D39
4049
4359
4669
4979
4C89
4F99
52A9
55B9
58C9
5BD9
5EE9
61F9
6509
6819
6B29
6E39
7149
7459
7769
7A79
7D89
8099
83A9
86B9
89C9
8CD9
8FE9
92F9
9609
9919
30A
61A
92A
C3A
F4A
125A
156A
187A
1B8A
1E9A
21AA
24BA
27CA
2ADA
2DEA
30FA
340A
371A
3A2A
3D3A
404A
435A
466A
497A
4C8A
4F9A
52AA
55BA
58CA
5BDA
5EEA
61FA
650A
681A
6B2A
6E3A
714A
745A
776A
7A7A
7D8A
809A
83AA
86BA
89CA
8CDA
8FEA
92FA
960A
991A
30B
61B
92B
C3B
F4B
125B
156B
187B
1B8B
1E9B
21AB
24BB
27CB
2ADB
2DEB
30FB
340B
371B
3A2B
3D3B
404B
435B
466B
497B
4C8B
4F9B
52AB
55BB
58CB
5BDB
5EEB
61FB
650B
681B
6B2B
6E3B
714B
745B
776B
7A7B
7D8B
809B
83AB
86BB
89CB
8CDB
8FEB
92FB
960B
991B
30C
61C
92C
C3C
F4C
125C
156C
187C
1B8C
1E9C
21AC
24BC
27CC
2ADC
2DEC
30FC
340C
371C
3A2C
3D3C
404C
435C
466C
497C
4C8C
4F9C
52AC
55BC
58CC
5BDC
5EEC
61FC
650C
681C
6B2C
6E3C
714C
745C
776C
7A7C
7D8C
809C
83AC
86BC
89CC
8CDC
8FEC
92FC
960C
991C
30D
61D
92D
C3D
F4D
125D
156D
187D
1B8D
1E9D
21AD
24BD
27CD
2ADD
2DED
30FD
340D
371D
3A2D
3D3D
404D
435D
466D
497D
4C8D
4F9D
52AD
55BD
58CD
5BDD
5EED
61FD
650D
681D
6B2D
6E3D
714D
745D
776D
7A7D
7D8D
809D
83AD
86BD
89CD
8CDD
8FED
92FD
960D
991D
30E
61E
92E
C3E
F4E
125E
156E
187E
1B8E
1E9E
21AE
24BE
27CE
2ADE
2DEE
30FE
340E
371E
3A2E
3D3E
404E
435E
466E
497E
4C8E
4F9E
52AE
55BE
58CE
5BDE
5EEE
61FE
650E
681E
6B2E
6E3E
714E
745E
776E
7A7E
7D8E
809E
83AE
86BE
89CE
8CDE
8FEE
92FE
960E
991E
30F
61F
92F
C3F
F4F
125F
156F
187F
1B8F
1E9F
21AF
24BF
27CF
2ADF
2DEF
30FF
340F
371F
3A2F
3D3F
404F
435F
466F
497F
4C8F
4F9F
52AF
55BF
58CF
5BDF
5EEF
61FF
650F
681F
6B2F
6E3F
714F
745F
776F
7A7F
7D8F
809F
83AF
86BF
89CF
8CDF
8FEF
92FF
960F
991F
