1B83
1C95
21FA
077E
0FA1
11D3
2D71
205C
141D
0EDD
0F8F
27A4
08C1
18F4
12B5
0F0F
0201
2C91
28A5
0AE9
1DB8
0D51
0ED6
013B
0F77
277F
2B77
0ED5
0FB8
29E3
1665
2858
2E13
0BD4
2D26
1EE3
1B6B
059E
2963
204C
28AE
30DD
0B8D
23C1
051E
31DF
2234
0380
2C72
1E19
2AAC
11B5
0751
3053
07EC
0F80
15C5
0E8C
0214
3012
14C0
0CFC
0ABF
1C60
2B66
25B8
0E0D
0069
18DC
25E3
1FBA
104A
0CE8
26E8
1CF0
2CA5
0B5B
0A9B
1C30
14C8
0EAB
2B7F
0AD0
1872
1D33
0168
1A86
0222
0CE7
2839
1419
0C9E
1177
0621
2198
25B7
148C
0B87
260B
0C96
1263
0742
269E
1C29
1F87
0091
25E7
2E62
253B
2D33
0F9D
1CF9
0EAA
04C3
0D0C
2F4D
2EFD
1463
071C
28D0
12C9
0F39
307B
00C8
1603
26BE
2E4D
1906
0AA9
0A5A
05E6
1FE4
20C1
0557
29CB
235B
036B
2DCE
0034
229F
1E27
04D4
1FEF
284D
01A9
1CFB
2DA2
0FB4
1C3B
27B4
1951
1A83
1E7B
1277
25FC
270B
1FD8
09AA
1F3C
1E2F
16F2
1636
1CB2
00A6
0D03
2EC2
1F7D
16A2
312B
2317
29EF
0DD9
0631
1E02
2CC1
09AE
2029
0367
06BD
2D91
1FEA
271D
002D
1C80
178B
0643
114D
02ED
0EF9
1027
0180
2A6A
1EED
2E7B
2CAB
2DC4
0D85
27FB
2C5C
0859
2582
0F81
1CF5
2501
2BBD
2134
296D
2BC9
2694
1ABF
24D7
05A8
245E
0DF7
063B
2296
0D90
19C9
1D46
2489
09AC
1D7F
25C7
1714
19F2
10B2
2DF6
04C7
2E63
14B7
2DFF
11C5
227D
0448
2943
0D27
26B2
00D7
2D0D
1015
1C4E
10D6
130D
30EB
1E96
1F70
1C82
29F4
164C
0A7F
2191
2ECA
1B86
018E
2900
2C48
1D4A
1A72
2008
1D90
0752
2947
0308
2528
26FC
10EB
0128
1E37
0D16
1AF0
30EE
1E08
1067
2EEA
2BD0
14F2
248E
084D
1BEC
2D6D
1012
0E3F
19CA
0D8E
2F52
196C
31BA
19C5
0209
004E
16EA
1BB8
1A3E
1C6C
1070
1FDD
1241
0E44
0610
2854
135B
28A3
2CBB
3209
1940
2B93
308A
1CB8
1E0F
1F73
08C2
0F9D
1A3D
1167
17AC
2B11
2B34
0708
1350
167E
13D4
11C3
064D
11F7
0A86
2FE0
21D7
22D9
15DC
1085
0F00
1A8F
031C
20E3
2DDA
1D54
051E
08FE
2926
2B5E
24F6
022D
23F4
2FE6
29B7
13F2
2D99
3005
18DF
0477
27C7
1A6D
2C19
27AC
1D94
1F7F
309A
130E
028E
1A79
28CE
3111
1270
16FB
29A7
2DEE
2C17
2C96
2731
2BE9
00EF
07CB
3032
17AF
204F
245F
278D
06B3
1CEF
0C8A
16FA
0F6D
00DD
214D
07D0
272F
2B61
3145
264B
21E4
17A3
1517
10A7
0291
2312
02FB
1F05
3175
29F0
0591
13A8
2A1F
2D6F
18BC
0FEC
1F12
2F03
11AA
29A8
2E64
24B2
1E37
1EEA
1FA3
14E8
05C0
1031
2BD9
1905
1809
2174
2526
20FA
2283
0DDA
05B8
0BB5
233C
2B0F
1D99
1883
2580
2F48
155B
0867
09C2
0958
1E2E
3207
0184
312C
0B11
1347
1B4D
12FC
1DF3
0AFA
14D5
1A0E
3193
31E6
24BA
0DF3
0871
18A9
2903
04BE
0A7A
277C
28A3
0F9C
0C1A
01F4
1B1F
113F
2165
03B8
227C
155B
1273
26BB
0CD7
0F17
0FE1
102A
114D
2419
2B13
133E
16B4
07AE
21ED
25AE
22C3
1E5A
087B
0C6B
1D65
000C
01E9
2315
2FEB
2F3F
0110
1A5D
1DB3
143D
1983
1B30
2ACD
2C2C
1743
07A6
2C34
17BA
28E6
2980
1BE2
112F
115A
1C2F
01B3
1907
28E4
1F44
137B
1B3A
06FE
2554
00E8
0ABD
3154
2721
1C31
0FF1
15D0
12AB
0945
17DE
1FB0
2569
0E75
113D
1AD3
0F62
0034
0567
10A6
2D7B
035C
2909
1560
0D41
22DC
01E1
25E6
031F
1D10
1C2A
1386
1E36
0D43
0447
24C3
0372
1C9A
2327
0341
30C6
2027
3203
00B6
0AB4
1A6A
098C
0F78
0B11
2A39
063B
06BA
2475
0F1B
0D0D
2C54
170F
0AE0
0CD8
0348
21E2
0C12
132C
23EB
189E
0452
1CD6
022E
0882
2AEB
27E5
1375
30F7
2D0C
1E7E
0B6E
1A79
1484
1884
24F0
0731
1AAC
2600
2306
2B61
2A19
0A4D
128D
0A75
1B8F
04DC
01D4
0D5A
0B66
01C0
2B42
0672
29E2
291E
09A8
15BC
0FDF
0D16
0FF6
2690
0B7B
12AD
2401
12C8
1656
1219
1835
2CD2
11C2
2F3A
2842
0C34
274B
1477
0A6D
1B53
300E
125B
1DA8
3089
0389
178D
22B0
2251
1BDD
2F92
0E69
08B8
0827
0E3D
19BE
0BD5
16D2
2C91
1FB3
1505
254D
2BDF
2DCB
2C40
1EAC
1780
1366
0D17
247D
1B0A
1CC9
21C1
2978
1614
0ADE
2BD1
28E5
00CE
2FE9
2FB8
28E2
08EA
0D19
17C7
1FF6
28B8
03EC
161A
1D0E
13EF
0C4A
066D
02D8
1F24
17F0
20BA
1F71
3060
1FAE
04CA
1CB8
27A5
2EF0
0A7A
2A33
0C9C
119D
194E
29A3
2D5F
055D
23FC
1A0A
1D33
2AD3
2C61
0489
0C06
064B
2365
0443
0820
31C2
034B
2E66
276F
0828
045F
2330
17B9
3028
0FF4
2138
1B19
01C6
1A42
1622
0D79
14D6
02E7
14FB
2326
1EDA
17DE
25DE
29ED
09EE
1BC7
02C3
27B0
065B
22EE
15E1
1442
2089
0317
02B7
1F53
00E5
1B40
2722
2E6B
314B
04A7
04D1
20B6
15A9
0107
03A7
1249
2579
24E5
19A1
08E6
273F
03F0
1545
263C
27FC
2FD6
1F8F
2DFF
0925
19BF
0906
243E
163A
0DAF
2BFE
234A
2FA8
273A
01CB
2F18
3245
12E7
04EE
109F
1D72
0B4B
1BD9
206B
255D
11A5
3159
0083
00AF
2F18
2021
2FBF
1C24
0EEA
0F5F
1286
1880
2A6A
3298
14DC
07C2
2704
1379
0EE1
104A
25D9
2433
1820
027F
159F
31C2
265C
25CA
28D4
0B7A
2A1B
1356
0BF0
31D1
2011
218B
21B4
0652
0E1D
3123
1450
06E4
1FE8
13E0
2867
1D2E
13AB
0051
04F6
08DC
3174
0B70
1828
1142
3094
276A
022B
0F8A
3264
1961
0727
2B05
1CB5
159E
195C
2D92
1077
1928
06B4
15EB
0243
0616
2636
1A53
1DCA
0E23
0A0E
2338
30C7
1356
296C
1B01
0F15
2772
1343
0AB4
0BC3
1913
0B5A
17D7
3232
29D4
22D0
24A5
12C0
02C2
185E
1FB8
2CFB
1271
072B
2835
15B9
2DFF
0AF0
0755
2607
1743
228F
1F0C
1EAD
0F89
2B62
01D7
1923
065F
0CB2
2DEB
0BAB
218F
1CD0
07AE
1A06
1CF2
04AB
0A73
3122
03D6
0F00
30C6
1117
0061
0287
0F72
0B2A
1427
22AC
1438
19F2
178A
039A
23D1
131A
198F
0670
209B
1DB7
0A86
2E79
12C0
2812
3117
2261
0A94
176D
0182
2EFA
0FD8
07F6
0C83
1EAD
310A
2D9C
290C
0144
0C99
0BEF
31E6
2217
2F9F
25DF
023D
31EC
1480
0A48
0B13
0D9E
249B
2571
2B4B
09FC
0D5C
0922
1520
1D55
0D34
1EC0
2D13
143B
2F28
1D89
2AEE
1BDB
05DD
1139
0AD3
0D44
06C2
26FD
0218
165F
284B
0E60
210C
0690
0B99
05D4
0E71
2E51
1283
0A39
06C9
2255
1651
07CB
2F31
225F
1C53
1B7E
223C
1616
15E9
2A8E
0635
09C5
195D
1813
13C2
05FB
1AC4
0AE5
2CB7
30D7
0C74
1887
1C79
2F98
171F
1189
14D7
2FCF
0FF2
0755
2E7E
1875
096C
0522
1EC0
2A8B
119C
21D5
018A
25ED
23B7
2911
315F
0E6B
1303
3069
0374
05B1
1D33
0CAA
1942
20CF
1DC8
0BCA
110A
1C26
0D60
2ED3
2C4D
10E0
09AF
1965
1807
0E9D
1AA1
2925
1FFE
16E8
24F1
241B
145A
22E6
2EDA
0C0A
1A6A
11CE
2F45
19CE
014D
0463
18FE
16A5
0C9F
17D8
2BE5
27C3
0D17
29DB
300F
2AC5
19A6
197A
0D98
1827
02B1
11FF
0D21
1EA0
18C4
302E
06D8
1883
133F
30F3
2AB7
01EC
0639
1FB9
308C
15ED
18DB
2496
1056
1FB3
2C1A
1BCB
0550
2B38
273C
2DB1
1559
079E
26F5
18DD
1ADF
20B1
2F4C
0C46
1AA3
2B24
1FF8
0E5D
2700
209A
0078
1731
2A60
2D30
2EC6
08B0
05DA
0244
1310
2D9F
0BD3
2E7A
20C3
3226
0EBD
258D
0E95
315C
1C41
054C
0C2F
2D6F
0DDD
0D61
2787
137E
27B9
2EEB
10D5
14F9
2D15
1530
2D1B
099E
18BF
0216
140E
0D1B
27DF
2616
2C0D
2324
2F26
1F81
26DA
0E34
0F27
2AC8
2CF6
0EEB
1D50
1879
0A5E
1B89
2C6A
07F1
21E8
305E
1657
3268
2501
0F2F
0113
0FB4
04DD
0A70
20DE
2AF4
14DC
0E4B
0E15
1C96
0A1E
022C
0B04
0E2C
247A
1A1C
2F59
11D1
309F
09B3
1646
1039
1186
0984
0381
291D
304E
110C
2603
30E7
29E4
13C4
1BDB
0547
0161
14F0
2F45
0BBE
1682
1D3B
0EDA
1698
0C99
108C
124D
281B
0342
2CA2
0806
2CEE
1B9F
2BE3
1EB8
01AA
0667
1373
059F
125B
2A36
309A
12E4
1382
2A36
029A
2257
2FC6
1063
0963
26BE
0766
28D1
01FA
2215
1AEC
1392
3114
2790
0C85
2795
0398
1789
09C6
2E65
30C1
166F
31FF
14A7
2415
013E
1226
2597
0524
2DF8
117B
3011
1913
0B10
1A57
23FA
0A0E
29A4
268F
1B40
2206
2F26
1552
2445
1549
169D
0997
1453
2B97
032F
2780
15DA
1EBC
0EEE
0A92
0CA9
0FB0
2ABD
1072
0BC7
2070
29F2
20C9
0595
106D
2791
2704
0B23
1812
0E31
1D41
0C44
24A3
0549
111D
1943
23E3
0436
1B51
213A
29B3
2D04
115C
249E
1543
259D
18A1
057C
2AB0
2A4E
0C17
1F7C
3110
2296
1D38
161B
0F16
2F22
2D30
1174
0A4E
0519
2551
21D0
2477
28EE
1D7C
310C
2770
0537
1982
26F2
1805
0DF5
2ADF
1998
005E
2BB2
1584
0C97
1018
1E1C
0A30
0E44
2F5A
0FD3
17AC
01D5
2657
21DA
178C
1352
1959
198C
0744
0C36
0055
0B55
011B
1383
24B5
0CB4
29A3
25AE
0213
07FE
16D7
1186
2B5D
0C6C
11C5
1A90
1001
1E19
05CF
27A4
1115
1DB4
0FFF
2A13
1E9C
25C5
0969
2E74
0B0A
1FE4
1BED
1A0F
1480
235F
0B90
014E
0D4C
14D1
25C3
2F11
2379
21F9
0A19
009C
093D
187F
26C3
27DE
26D2
2494
2348
2D6F
04D7
2141
08BC
1C6F
256C
104B
2929
287A
21B8
0830
3281
1CDC
0C75
05EB
0429
0C6E
00C7
178E
03EB
26FE
2238
2DAC
0E51
25B3
2B58
216F
1CB3
0BF5
2947
0E85
13B3
25EF
1DA9
1F94
196F
2D23
0E5B
23C7
1B52
1C4D
0917
2B03
0C28
25FE
0F56
1AD4
0FF1
1477
20D4
0B50
2346
268C
2FF0
0C9D
323A
09E3
0AF0
0E36
22FA
2609
2B21
020A
1A66
214B
328D
0A0D
0020
08CE
2887
144B
0268
02CA
3229
31B4
10BC
18BE
0A02
18D6
2492
0BBA
117B
1B79
0A15
1D2E
2120
0E58
329B
2FCA
1CED
257F
08A0
30A5
03C9
2D02
1F79
0AEC
1C4A
09D9
2EB7
1016
2A00
0392
0D49
2A52
1B2C
198C
1EB6
325C
2576
0848
133F
26FF
10F9
15EE
0513
0CB5
1AC0
1686
22AA
0C4F
041A
2F6D
14CE
0043
0AC6
0846
183F
18A6
0D8C
0BC0
2D42
1429
162F
1222
0A41
2CE6
0B4D
2B2C
0F8E
0A10
2B4B
23D7
3155
0E83
1A1B
192A
1AA8
2F90
1F1B
15D1
114E
206A
2236
1883
019C
2C35
26A2
2D08
2862
0381
25A0
1787
0042
11C3
2845
18B8
27AC
2561
0CA9
0F5A
2886
3227
198A
2FB2
195B
1E77
317F
237B
29AF
039F
1111
2A48
1107
1ACE
0651
0E79
0700
0DA5
2836
0BD7
0C01
1E8B
018E
1504
19A7
2240
15FF
0CBA
149E
2062
2EE4
2BAA
1C2B
02EA
0E61
04DA
037F
1947
1FB4
1FB0
0D9D
0D9E
0AC9
0297
1798
184B
2D86
292D
1D61
1239
158B
2A6B
2C93
28E2
2AFF
0A75
22CE
225F
2293
12C9
0136
0991
1CA2
24D3
1BD9
2BFF
05A8
29A6
0168
0878
2E93
18EC
20B9
0838
24E0
0E5E
27DA
0B13
071B
0EE5
28ED
0FFC
2F3A
03E2
0831
1DD6
0792
16B2
25D1
2A7B
11E6
19C0
0825
1323
02F0
17D2
23C9
2DD1
282E
08C5
1D08
0B11
156C
0321
1446
096C
2446
0545
215D
2A91
27CA
03E3
0F63
2B5B
2CFB
1832
276F
1FA5
02B7
29C8
184E
0C0A
083C
0513
2CD4
178C
04D4
0D10
0EB7
0DC5
2AD0
32EC
2920
1860
1CF9
09CC
13D2
2E2A
1BC9
091E
12F1
286A
25C7
0DCB
1BEA
10E2
1E72
20E0
2A31
1EF3
0F3E
15EE
2046
2A8F
2231
2A55
11D4
0FDE
295E
0B1D
3289
12BD
1110
00AC
1C0D
1897
104E
2B93
0513
0051
128E
2A60
2D7B
0C4A
300B
1D82
1334
1B13
20A2
15D8
12E6
324A
31CF
3068
2E44
048A
2390
0713
1C8F
03F3
01E7
1F83
28D0
046D
1C88
14FB
0AF6
1159
1565
2AB7
076E
107C
07DA
1345
0608
1A4B
1194
092F
1212
0253
25ED
1E3B
2E92
0316
0BBF
31FC
0195
0DD5
1626
00B7
0A83
0991
2D7B
0A06
01A7
0A58
1403
168B
0DA4
2266
264B
0640
1D50
0FDB
0924
1CCE
1D9A
1501
0299
2B71
0F65
2162
2668
3246
15AF
0873
171F
0722
0DA1
27CA
0467
18A8
1AC9
328B
019D
11EB
07AA
2D57
10D7
2D14
10E8
1747
109B
0F98
200E
139D
0D63
0574
0F98
2B54
0780
2507
12D6
2E2E
034E
005D
1B4C
14EC
2149
0483
0FE8
2475
0F8C
198C
1047
28F9
1C9A
2163
13FE
01E6
0242
1757
0D1B
218E
2ED7
0B48
15F8
2BCF
1B55
0FD3
25CE
0BB5
1809
08E3
00C0
31E7
3139
28E1
2823
1E03
0C56
193A
1648
00BE
21AB
0227
0AC0
3058
0690
1442
03AE
1BAD
2930
1265
05AD
1C9A
27A1
10A1
2AC3
1323
175A
128F
2496
298F
03A9
2518
2F0B
2A49
0D9A
167F
0C6C
326D
3283
24E6
1A34
021D
22C2
2E15
28E9
20BD
115B
2373
10D7
30A4
2CEA
15EB
324D
1D81
189C
1CA0
159F
3020
320C
30DC
1DB9
2258
2BEB
0BF0
1523
00C4
0867
0210
1A82
06BD
0AC5
25AE
100A
0D38
2158
2648
17AA
2647
208B
2BC0
326A
2514
0C69
1890
2775
1D63
030F
0154
1CBD
1C92
2FA6
141B
13F6
2F96
150D
258B
2C62
176F
3138
1D4B
258A
2B54
2C6B
2A6C
117D
1900
09BD
2D0F
25FA
2A2D
064A
0278
0BA8
26B6
2F20
1EEE
2B36
0828
2CC5
2601
128D
0B23
0548
13CE
3121
2BBF
2D8D
210A
30E5
3222
08B1
32DD
2C3B
1A5B
04A6
0527
0852
2E7F
2FF8
0549
2971
16E8
1D4B
2AFD
2306
1D77
067F
1E6D
0776
2B3F
2AE0
0760
0365
2BDE
27C2
06F1
0062
014F
2956
2DCA
1F25
1F72
2186
0F9E
1FA2
27B3
0CA9
2948
1E0F
2042
0789
1A5E
1253
23AC
0F52
1C07
2B3F
2EA3
136D
0661
2511
1C09
314B
1D08
04CD
0EF1
1EDE
1DE9
2F78
00D4
2DE2
2438
055E
2EE5
095D
0048
1582
040B
21EF
075E
0762
07AC
1E75
1F64
288D
000E
0F6D
19F6
1252
1B5A
29A9
2D89
20B0
184F
2499
0A24
0768
1737
311B
1072
228E
308C
13D5
04E1
14DC
26CF
0433
1672
25AA
2389
0FE3
1739
0905
1DEE
2C67
2569
0E19
2178
2E59
1066
0A9B
2DD4
0D40
226E
19B7
1633
09F3
1B7E
293A
0CA3
27E4
0DE3
0792
0828
1C05
31F9
2082
128E
088A
2EC3
234E
0702
0913
2EB6
05A9
0AFA
069B
1879
1F38
2033
01FD
2CD1
1480
0350
171E
27B8
1431
156A
0E38
1474
31ED
19B1
2287
32AB
2852
16A3
27DF
0B34
235D
0FF5
217C
1DFD
2B1A
218A
1414
12B8
0F73
175B
2DD2
1718
2471
1C94
1DCA
0917
2E68
086F
1239
2A6F
2BA3
14EA
1A66
086C
0425
072F
1740
2F83
2152
13F5
2C27
1650
004E
2B3C
270B
163F
002A
0F8E
146C
173A
06A7
1B37
05A3
1611
016B
2F67
2180
02BB
240B
0B56
1E8E
0A36
021F
3275
1388
0D67
16D5
094C
22B2
0342
2EFE
31C0
0565
027F
18DE
167C
2E19
1CE3
1ED0
1851
02CD
04B8
1C08
0095
0455
2076
21AF
14D2
2A70
2434
2993
083F
1EA5
20FE
2C77
2F05
1271
20C0
28FE
1F1F
2F88
0ACA
0F79
2EFE
327D
2B6D
1B43
2A1A
1CBF
11E9
30A5
0CEC
02BA
303E
23A7
05BA
2D46
31BC
11D9
0D53
1390
0FE1
0E45
23E1
085A
2E3A
2FBC
038C
01A1
286F
2F0F
15D2
27DB
301A
13AC
2D75
2D43
2B06
1CE8
056A
330C
20A8
0987
27B8
044D
1B0F
3227
059E
27D2
1B96
035A
08F8
0487
1BA1
1406
24D4
0327
0F6E
259A
0D96
2BF0
0E42
2DA4
32B1
2A34
2AFD
19D8
309F
1A35
15FD
3208
1C07
01BF
12BB
0C00
1797
184D
1EDF
0D4A
0D6A
1CF3
2EBE
21D9
0424
1669
0D58
1E28
109C
21A0
2D47
2907
0092
1F35
170B
09E2
05B9
2267
0536
2D2E
31B4
34F1
20D5
229B
161F
30FB
0190
0ECA
0155
0274
0CBF
266C
122A
2AE6
31F6
0881
0B51
1271
19F5
128E
24C2
0084
0514
270B
21AF
27AE
2BAB
30D7
1133
280C
0CC5
117B
0DC8
0828
0E00
16E7
211D
0D89
278A
12B4
268A
2F66
11C2
09C0
08B9
244E
2063
0FA5
2BC7
05C0
3168
2A75
1627
184E
2E01
182D
0512
1F4C
1351
1FE2
0BC6
1924
2C27
1485
1FB7
25C1
2339
116F
1D21
2244
13FB
1315
07DF
036F
08FC
0A8C
1893
1452
0358
2F10
1402
01B9
0929
03FB
3423
20A6
32F2
092E
013F
23AE
2914
05C5
1B0C
043A
2E4A
267B
2B43
1C0B
220D
0B00
28E4
2919
0346
0962
2804
1490
1074
2614
20CB
19DC
2A87
13BB
0CBC
1DC8
21A2
3147
028D
0954
02B6
06D6
2B13
289B
1874
1E34
1356
2A48
0E5A
1A24
1B43
17ED
2F41
179D
1D90
2829
2148
0AA4
2321
3165
2C2A
01FF
1699
09C9
2CAC
1395
0564
1C0B
07F8
02A7
007A
01F7
1B70
0572
1B1E
0535
1147
2306
1442
0FF0
1D3F
0AD2
1ACB
14EE
0129
2743
040B
1483
052C
33A1
0A36
289E
26F5
2221
2E9B
1962
153E
05AA
2242
1601
006E
1A82
203A
2B72
2A2D
0522
1975
0F49
177A
3162
2608
2478
0198
0FF8
045C
1FD0
24E6
04FD
1853
2369
12B1
1B75
012C
331D
1A24
1F5F
107B
22FD
2C9A
115B
0127
1212
1C34
1DD1
2FE2
0CE9
0AEE
1755
1D9F
11AC
32AB
2D4E
0E7B
1812
2195
1C3E
046F
19DF
02DB
0C53
0893
2088
083D
2A94
1E33
112B
0399
31CA
2164
1AA3
342A
1892
1D8D
0350
03D5
201C
16A4
2EC8
3154
0B8A
2BCF
1CC5
2CEE
33DB
1448
093B
29A5
1020
199A
0162
2CEE
1040
1F55
23D2
0040
33F5
2CC9
20D0
22C2
1591
2954
147A
0ACF
047E
1F61
246E
1F93
2B8E
2FEE
14CF
15E5
049D
0EBD
0E0D
064C
01CB
0FC3
0145
1E5D
1EC9
01C6
1A3E
29DD
30FA
07B1
1AA6
0348
2B77
26FB
1724
2116
1019
017E
056A
1B22
1BB8
0C10
0ECB
24F7
0AB2
049A
3426
1BDC
0091
34E5
25A7
0388
1130
305F
1449
04AE
11F2
1A7A
3277
19F0
2F82
1C98
3394
01CD
0F7E
10B5
0033
0288
309D
1635
0A49
28F7
0C88
26B3
15F6
1008
158D
34CF
178A
03B0
2B97
163E
1628
1DC7
01AD
2B76
1BBE
0B05
0CBE
2426
1FE6
3473
1FF5
025E
2144
33DF
2C02
115D
273B
1CB7
1394
33DC
2192
2F09
2C34
1E2A
2332
16DA
30E1
2F4F
0F24
1BD0
2301
01C8
00AA
0AD4
2C1F
1C0F
08CB
268D
0EEE
2EAB
1A62
180B
0622
1989
1569
0AE5
24CF
2959
224E
1FF8
000E
142F
09CB
2A5C
11E4
1AB6
1A26
1EC5
0AAB
118C
292B
0AB4
1045
3249
2952
27E9
09A6
33F4
09BA
2A88
09DE
0821
2F71
0E91
1A7D
0C46
1149
04B6
139E
1FEC
11B4
0419
02E5
06CE
0E90
1029
3031
2623
21A6
12CB
0D73
08CA
0D6D
2D92
2941
3362
0648
276B
2828
09D4
16DE
16A8
2659
09A5
27E8
2295
2D84
0F3A
0E57
00E8
054B
06BF
30B8
0592
0390
1AA9
0419
0065
1B19
144E
246C
1043
2AFA
1E03
188E
07FC
0643
25E8
292F
1E35
1551
1F34
15CE
31A4
26A3
1D95
06A2
1287
1F56
13E0
09D8
0C71
20CD
158F
1791
34CF
24F5
1496
2BF2
1708
2F74
1119
151B
25E4
33A6
009A
126A
1999
0D5F
1C2E
28E4
046D
215A
1994
01B4
0049
24F1
2A43
07F5
2FCE
2740
32E0
0F78
22BC
0D0F
0C4C
2CF6
1032
1305
2D7F
1DF4
06F4
03A9
23F4
0832
0D1E
328C
3397
0B39
0530
1256
12E1
19BA
3140
2C2B
2DC4
2753
0C04
2C49
265C
05F0
23AA
26D6
318D
0FAC
1319
1F52
3359
1E5B
34AF
0899
2174
0BAF
3400
16F9
2DEA
33AF
22A9
03D9
00EB
2E5F
1885
0D71
0496
21F0
1D05
0690
107B
3170
1211
07DA
2B8F
0C1E
1F05
144E
24A4
1924
1F7D
0724
2AA2
0259
32E1
0DFD
09B4
15AC
196E
2FC1
1EDD
1369
235C
0D4F
0F39
1D3D
3271
1115
01F9
092B
01B7
075D
2B7E
091E
2CC8
119A
0F4C
1714
26AE
2DDB
04EB
1779
14E8
1DB8
127E
32A5
00E9
10C5
32E8
09F3
243D
30F8
0FB6
2E40
26EF
21BC
13C1
2985
1F1D
240C
26FA
1921
0716
12C4
296A
16E1
0427
07B8
270B
3315
065D
138F
2E2A
335C
03D2
1611
1896
1662
235E
05E5
2C9B
3392
128B
1FA0
1073
1BE0
1AD9
222D
0CF1
0C24
27B6
3215
17AF
08E9
0636
229A
0954
2D1C
1575
22EF
227C
268B
2EA4
0098
1865
3234
06CB
1C65
1BA2
1C29
29CC
0706
1AC0
19C9
1B74
0D08
010E
2FA2
07AD
1250
2E8F
2332
093B
0E0B
2B8A
1E8F
34DF
20EE
0F21
06E7
01EE
1EA5
0C69
1B4D
25C0
091A
0A1C
3425
2983
2626
2C77
1FF8
03C8
1EED
237B
1D48
1EED
0ABD
036B
2A9D
3243
156A
0A8F
0C93
0642
013F
2DAD
1495
1B1A
2BF3
3011
10DB
2313
1EB1
2B72
0B31
0D81
28E9
2E7A
2C47
0916
0239
29A2
31CB
2873
2101
1E3E
223E
1D32
320F
0DBA
2EFD
0672
3212
21F3
0FAE
07CE
00CC
2F03
1BC5
0663
1E95
264E
3144
005E
1E84
1056
064F
2C50
1ECA
1D25
3047
1202
04AA
3265
31AD
2ED8
3187
13A4
30A2
01B9
2944
271D
2314
0C50
0F65
3135
1F45
051B
0F49
2A2E
2145
1071
1757
1836
22C8
13F9
28BB
18E1
10B3
23B9
02B1
0297
1EF4
224D
0AC9
2ED9
31B3
0991
017D
22C0
27EF
0687
0D71
001B
1F2B
196D
300C
2F3F
164F
1192
0BBC
1400
0801
06B2
1CEF
21A6
2775
170C
1186
03D3
1ED0
0EA8
2D24
0C85
0188
06CC
27E9
05CF
280C
07E7
0390
1E81
248F
0F62
181D
1C04
218C
2685
023C
324C
0C65
142A
1FA1
282C
0484
14B4
1B27
1F10
2BDE
0B06
001A
00E3
0835
3271
2872
1F00
1D78
181D
02E9
3180
1819
21C5
17DB
2E66
01A0
2D0C
1028
00C6
140E
0576
03C1
2428
1473
2F32
1631
1245
1243
06C2
0EC5
0266
1E90
236A
1A25
10D6
2736
2E81
02A4
23D9
0EE2
08A0
035E
1DDC
2CF4
008D
2A6F
0AAE
1D53
2FE3
1C64
18BA
2A64
12DA
1BA9
189C
3250
2C97
0F9B
1729
1C88
17A3
0099
2E22
1CBE
2E41
035F
168C
218B
2046
2234
320D
0197
2DAC
22A1
20E3
29F4
00C1
25EE
0166
1458
1325
1B45
03DD
3018
2656
1264
0B6D
2927
24D1
1840
1534
1660
10F7
1B12
0882
1791
0E29
0991
1336
0089
0DBB
041C
05FB
2B65
14BB
18F0
29B2
0BC1
11B2
02A6
0004
2798
1DFF
2E37
02D1
0D22
25A7
0F06
112A
180E
26AA
1664
28B9
169D
2911
0665
10CE
2126
0A14
3257
0EB6
1F12
0CC8
1A46
1B5E
03A2
2BF1
0961
1A22
1061
1E3C
03C1
23D9
0B87
19D7
0F1E
2F7B
113E
0FFE
1357
1948
007E
1D36
316E
3074
25B5
109F
25EE
028E
1053
1C9E
2FB2
2863
09D0
0096
2F1E
0216
1FB6
326C
1AE4
0485
2997
1A52
0821
032C
0E15
1D4F
07BA
2051
0445
036A
04C8
238F
1193
231B
31B5
3207
2AD5
2031
1AB3
093C
1FDD
1CBC
0C9B
2EC3
0CB4
21E3
2545
0ADB
28BE
3200
1C25
2114
1C1A
2B49
1D86
0866
29F9
0D78
16AE
0229
2B70
08E8
09CC
145B
1F9F
13FD
01AD
1089
3041
16A6
1818
085E
2A82
2F10
2ECC
2677
0FA9
0979
2442
126C
00D6
040D
28D8
08DF
2061
284B
00E5
0C01
23D5
3019
05AF
00E1
2D15
100E
11D7
1CC5
067B
1C42
1C01
11FF
1421
05EF
0A67
1B01
2202
117A
04F7
034A
1A46
2AAF
2FBA
05D1
098F
1B7B
2EB0
318A
1A95
0DE7
1D07
1739
2AD1
003C
1AFC
165D
2383
3041
055B
0202
14DE
1B09
1974
1179
1A4F
27C5
1F35
30CA
26E1
2DFE
2AF8
04A5
0C41
138E
09C1
1EDE
237E
049E
23BA
0AF0
2EAC
15DB
2354
0DD3
1BC3
1E6A
2C01
1CE9
1C3B
2875
319A
22A7
2C28
07FB
215C
3129
1BD8
040C
29D8
0D3E
28B4
2667
0298
2E89
0DA7
1490
1A26
117D
0DBB
0DAA
1494
1921
2CD2
21E4
2D97
1AB3
04FE
0B45
315E
2014
1FC0
1F23
0EEE
014D
0DEC
0118
1D64
08AF
256E
0876
08DC
1E04
1F27
2B3E
1C03
0559
2F34
1579
0B26
3227
1E7C
18FD
30FE
0231
11DB
0423
0287
1244
0252
1F5B
0077
02A9
2A70
0400
1986
30DC
2D6D
09D4
148D
1863
0FDA
31F7
2637
27A9
005E
1923
1B00
1D91
2250
1CD7
2F5F
191D
31F9
212D
1875
2727
049A
0827
1F77
31AE
0FB5
24B2
2A90
046C
2B9A
281D
189A
1867
11E6
03E3
11D3
20AF
0A46
082C
0798
1119
0463
1D2E
2F72
29B2
17FD
1613
00EA
095F
14E4
007F
2441
048F
0F26
1AC6
1F7E
30BD
1037
325D
0276
225A
30A7
2368
1BB3
239A
1A79
2254
006F
26B5
121A
04C2
2B91
0E32
1C90
1E7C
2B89
136E
09F5
0188
1613
1C40
2DCB
17CE
240D
290A
0308
27F6
1A1F
2426
026C
1598
2DEE
234C
18DA
1998
0714
1876
1A2D
228C
0118
10B4
0C38
12C9
026C
1CE3
18A1
2409
22B7
20D8
1AC0
1F14
3216
2846
0A90
10BE
1CAB
01B7
2B53
1DDB
30CD
1332
0806
324A
177A
13A8
1B5A
300D
1E90
14CD
0E73
23DC
23D0
1135
2379
1B42
264E
26D7
2704
14C7
2A5C
22DC
26EE
194B
0F18
0A24
2F3F
11AF
28E9
1166
2844
1890
21A5
2BDA
0B65
3086
0AC5
3268
0986
099F
15DB
20E9
183B
0B65
23E7
17A3
191D
2821
11BB
15A7
1F00
2127
03F5
0114
0B07
26EE
278F
0852
20A8
1D63
03E1
21F0
0DE3
23D3
1A3B
22F1
2A9B
0AAC
20D1
0714
159B
1D0F
11BC
04F1
16F1
2B4D
13E0
3015
0A47
1DE0
1B33
0D78
03C3
19D2
277B
0524
1EFF
1851
2263
2EAE
2C65
1517
095A
1806
27ED
1D8A
313F
23CC
24B9
1E81
2C76
1C2C
28A6
233E
3115
0C74
23BD
0B1D
0FDF
1460
0B11
1057
163E
2412
2075
12C2
30F3
322B
2440
081D
01E8
1464
07A8
2E8F
189E
21B1
0561
30E5
0CB1
17EA
255F
2120
222B
19FB
1CD7
2DED
1288
2082
2F67
1652
198C
2497
04E7
2802
203F
28D2
24EE
0488
092A
14F3
217F
1FBB
205D
0815
1CDE
2A7D
035F
042E
0BA3
2224
16C1
0BB2
2E4E
048E
17EF
02EF
0503
2BF6
2387
2399
2E06
1150
2C11
0BAA
2740
2FE1
1140
05F5
2EFE
03C6
2DB4
1E71
216E
2A1F
09F7
1791
19D3
0FAB
1054
0915
234E
2BEF
0F2D
0001
2217
01AD
1355
2DC4
1D13
103F
302E
155F
0D0A
25EF
2259
0B0C
1906
06B9
2B74
166E
0552
214B
0852
1453
17E9
08E6
00B0
126D
0A77
1514
2542
0964
2D93
26E4
1492
2F5C
1FB1
2D4D
0242
02A6
107A
1B51
12FE
2CA0
05CE
232F
2859
0EE2
1DD5
2536
00B0
302F
1352
228A
0FAF
2322
0C25
1879
0497
13DA
13BC
0876
263A
2330
0072
3153
1662
29DD
2C69
0470
049B
0CBD
21FA
13AA
0311
2E1B
1FB8
1D00
120E
0BB3
0CE3
0484
07E4
2115
04E6
02E6
07A2
1914
2674
0755
103C
0E48
1681
1CA9
31B0
28A2
1E07
1DBF
084F
194F
184E
01E5
30C8
0C7A
0B27
09A1
2133
1508
1254
15D8
285A
196E
1DF2
058F
1AE4
1547
1693
1570
1374
1C94
24D9
2BCB
1257
1CB1
1B07
0770
290A
0A4E
09FB
2830
20F5
10F7
1573
1333
2F72
0BAC
1F09
1C92
2B2D
2223
0D40
0D63
2F34
1E2E
2D4F
07AE
26D1
1B40
0590
1CF3
27EE
071D
151F
0EFA
08C9
1BD8
0830
28B0
0070
0C7B
0A9A
078A
31EB
285B
0494
165B
1129
01E7
09E2
0A19
1C55
1459
28B1
282E
2050
202B
058A
250C
0811
2E50
0F6F
1EFD
1C89
0BA0
0335
1184
2A13
19D2
1768
0DA9
2D5A
2C21
1D88
2CF4
24CB
0A22
3010
2ED2
2664
1CBC
09FB
185C
103E
2665
26AC
226E
0D43
2E95
2B77
24E7
2573
239E
2091
1DBD
2AA3
0616
0BBC
2942
2A80
2DD4
1B9C
2165
0D1B
104A
2397
24A8
02AD
207F
21D0
16EB
0C71
0C49
07C3
0578
2F32
28A5
1691
02A4
0B13
1A07
0C77
123A
06D4
0A2A
19A7
1314
2A94
010C
0822
0CCE
2F16
0017
0F41
0333
2675
0C9B
20FC
1524
00E8
0B29
240D
14BD
2532
1CCA
1D6E
125E
2F81
10DD
2207
12AC
25C4
258D
1CE1
3133
0DE1
163D
1D72
07D8
040E
2E6D
174B
1902
119C
24B7
0229
2119
28D0
03F9
2CAE
01B7
1164
2F07
121C
04CB
31A1
2F60
1CA9
1DC8
122D
1114
0F7F
1AF1
12F2
064C
23CF
1621
03E6
1D19
2C0C
2415
0F4E
065F
2AAA
00E8
25D8
22B6
2CE8
1CCE
0F1B
233F
07FB
16F8
2DA9
12A9
205E
1CEE
2083
2914
31C8
0700
2D01
2377
287B
0DB7
10B3
0827
1241
218A
0925
2975
1D45
1A45
16BD
009A
1A57
1D42
037A
27F4
3202
24E9
2B26
2266
302C
0DAD
25B2
1222
03D2
1DF5
16D9
2E70
0F14
07DD
2436
29B7
2E6B
1A2A
1409
214E
3050
0EF2
2DE4
0DBF
1F13
17B4
1E21
107E
25C0
1B49
0CE6
2340
1620
2394
3054
272D
21BD
2842
0FCA
0D3B
1253
2B0D
078A
0168
269E
0DA1
1E45
16ED
2868
26AE
162D
0F42
15CC
100C
0C33
1336
080D
087B
312A
2E63
2B2A
141D
2DED
2A01
27CB
18E8
0E98
1F65
0BBB
03B2
0B1D
19DD
0A70
13B9
0C3A
2156
081C
1788
00FF
166E
13CE
2A84
174F
2E11
1B1E
1D13
177A
1861
1EC4
2A45
2EDF
077F
1F40
0E04
2074
028F
0FEA
24F7
147A
1B22
29BD
2B6D
2A48
264E
0006
229E
31CC
0541
12E6
0570
041E
2323
28EE
2C44
2E62
1A3B
2F4F
0A52
2B8F
2ACA
2518
0D8C
1D12
1DEE
3209
2A4F
13DA
21C6
2A3D
1870
0BC1
2C66
1194
17BC
092A
04F1
2648
02A1
2475
0C0A
0101
05FF
1A05
0B90
1033
0350
22EB
08B0
1D2A
223C
29A0
1F24
01B2
3094
2340
0E8F
2AB8
1AF5
1868
1A4D
220D
0540
2FAA
1D44
1412
24AB
0CB0
00A2
2DA5
2297
0BD3
0B68
2008
030A
1953
2B7E
1802
293E
2B92
25AE
20D8
1226
0DBA
199B
0F72
2329
26CA
256D
0B9B
1C63
1459
1CC9
2ED3
1A41
2ECE
17AC
1F12
1E52
0854
2A8F
19AD
3213
038B
1922
2962
1951
23B0
119A
25D3
1149
1DBA
0347
2A1A
1B83
2E71
172E
30B2
268D
2801
310E
314F
2029
0FE0
15FA
0732
188B
1DF4
28C8
0612
2B92
245B
0403
316F
012B
235F
1B56
1A1F
050A
04C0
144D
00CA
18F6
0D50
1CF8
2FF3
281D
2ED9
22C5
2268
13B8
3054
2166
0217
29C4
0BDE
1081
0E81
2BF1
2173
0461
0B72
2405
2853
1B61
25C5
230A
0CDD
2AEC
0224
1514
095A
19E5
2F31
0CA8
03D1
0D61
1F1F
0A90
2D89
139D
0478
10C5
0580
1150
22FF
2D90
00B9
04BA
289B
15F0
2831
028A
050F
1922
1D24
11D0
2A5B
0FF2
2C25
2501
2C7B
298E
24B2
30D2
0B7B
11A6
2039
0CA7
24E7
2EFE
1E81
1E9C
042F
05BB
24F4
27E9
1A67
01B0
28D5
1FA8
1168
3077
3184
1240
1B5D
1D93
0199
12AB
05C2
2A5E
02FC
1192
28F1
138E
113A
31EB
14F0
1B11
1F56
2590
3022
0DD4
0E2D
2463
1FC6
1940
1266
08BB
1AF5
0AE8
108C
25A7
02ED
30CD
0CD9
20F5
1DB2
1E17
08BB
1D20
1F02
0390
2D08
1D0C
0BAE
29B1
050A
17F7
30BC
21A7
206A
274D
27C2
2A27
2FCE
0B5B
09E7
229D
13C4
0485
1E12
292A
222B
0A94
1A5F
30C5
1612
00D1
1FCB
11C2
235E
0FF7
2898
258C
0B97
0B63
03CA
1140
16DC
221E
1EEE
2A2D
237E
1CD9
06EC
0E80
1111
2409
2D0C
0BE6
0ED6
1896
0DD9
136E
31DB
093F
0646
1914
1B2B
103A
1B1D
1089
1CAC
15D0
2073
0416
062F
1B82
29B1
031F
2250
3223
15BB
2E33
1A40
14F8
3037
27BF
1E28
0D48
26A8
1ED6
1BC5
0A80
2EE2
304E
0137
2DC7
080F
3387
2568
1054
071F
04C3
0DEC
274C
2F9F
2D54
2B47
1EFB
1DCD
1593
0AF7
0F51
23A7
2636
16D6
0040
0C5C
2FB4
28B7
2EED
2322
1181
0378
0001
1F65
108D
05F7
2BF7
1F8E
1DB1
3327
2C1F
03C9
01F6
1EB4
28C4
16FD
28CD
3047
0A16
3138
10CD
0E33
32C4
1A87
087C
05D5
23C4
0D6A
0D0F
0A1D
1C71
176C
122E
1784
2D49
0E6E
2F04
21F6
2BBC
178F
338F
2CF5
1AD7
20B9
1CF4
03B0
1B53
31C3
13C9
15AA
030F
1DE7
04EA
14CF
0397
1DEF
11DF
0ACF
08DA
1AA2
1C46
2325
2904
0EC3
247B
11FA
2202
2415
249C
2F51
2FD6
31FE
2C3E
26DD
0E91
17F1
1BC1
2AE4
0380
1802
27B6
2C7C
204F
20D0
2390
11CC
112A
1632
1B2B
32C7
0BDF
2B81
18FC
1B09
0760
1DA6
25E0
1037
2D55
004C
218A
1CCC
1732
28DE
2DC3
0871
0759
006D
1608
0D68
302E
2EDA
2C91
2D83
0588
0CFF
0FB8
1F1C
1317
2EE1
1C23
141B
0053
0DD7
0087
1981
0F11
23A9
0CC6
0CD6
08CF
0207
1EA3
1AF4
05B8
0F35
1A38
0DA7
2CAD
193C
16FF
1F5E
16FB
0A7F
09BB
28BA
14E2
1A45
27A1
0557
33CE
07DE
0857
01FC
0E6A
2249
107F
1CF8
0B88
16C4
1CB8
118D
0BBE
2BA4
096E
2FD6
1A89
1C8E
0142
2DA3
26B9
271D
0994
16F2
2050
1560
0B3E
1A29
1BA1
1AB9
19A1
12EF
2EB6
276B
0612
0EA1
1C9D
124E
12E5
0A23
2048
2432
0365
27A3
03EF
1C49
2C5F
1EFE
1647
00F9
0566
3079
1EC7
000D
2F29
3009
0722
0FE0
2F3A
17F3
1AC3
138A
08B8
1918
2B95
1CCA
2AE6
04FF
232C
1F3B
0A91
0517
171A
2924
07E6
3157
081D
18D6
1C9E
244D
0F66
1594
1E8A
261B
042E
1EA2
2082
1068
2CEF
340A
1DEC
26A7
0160
1CDC
2E26
0083
0A5C
1026
2272
1E0C
048A
1F3A
1FA4
0B5B
17D2
1BB1
05B6
2617
249E
04AF
2D14
2EC9
0D7A
326F
101E
2F24
02F2
1A19
0F94
2251
1630
20CB
30A1
11AE
27CD
1258
310C
14C6
2C34
16E0
0ACF
1E3C
065D
199D
3143
0323
008F
3312
2EE9
2708
1CEF
0E84
2E55
023A
0E06
16B5
0694
1A1F
1F3B
1211
2EE3
1F25
2A19
2F8F
0431
01E8
17A1
0104
0B74
1B54
1495
2E46
0096
0AEB
112B
0DF1
2C5F
03A0
2B5D
3200
0517
0BAE
028C
1CD8
0863
2FF9
27BB
2407
15E7
04A2
26B3
2077
1270
2935
1C97
1D15
2A45
087F
289C
05D4
101D
211C
09B3
1C54
1397
1116
1F2B
2A0D
30B2
1A6B
09D7
2D87
3128
0AD7
1849
1EE1
2EC9
28D3
17A7
1658
2B7F
1F1C
304A
28E3
1A04
1BB3
1381
0DB9
0665
1AFA
27FE
31B5
0424
30BE
2563
1EE7
0CFE
0672
2858
27A5
2BDA
0E2D
1E51
12D2
1599
06D7
1CF8
17BF
0136
0E7A
2D5D
1269
1F1A
301F
10EE
1FE0
306E
1572
17A1
05D2
26E7
0380
0C9D
06EA
19D4
30DB
1609
12D5
2C52
3117
311D
2F10
3026
1CD7
0DFF
2B79
0945
03B8
1A8C
32F1
2D15
20C0
0633
08E1
04D5
08D8
0AB5
1E1D
2DBF
26F6
16B6
1E83
1BCA
1ED1
07C4
2E00
312F
263B
0B7A
1CA7
2BE3
05FD
26D6
08AE
1B4D
274F
0756
161E
0AA3
0A5D
2CB2
1AB4
275B
12C5
2799
21FE
072A
0E2D
1E7C
11A5
1533
045D
005E
1A6A
2050
0EA1
1DA7
3075
2F4B
0DCA
2365
324C
15E7
2DC8
0277
0941
10F5
2152
0F40
0451
0E6D
2479
1BC4
1E22
0423
292F
28ED
2A2F
25E6
200C
0BA7
183D
1ED8
03F7
04FF
3316
0BED
164C
22BC
1A04
1740
1F6E
15AB
1C04
0BB3
0CF1
29FC
149A
256E
0CDF
1786
2B98
2143
017C
1A83
1CBE
1677
3198
014E
1391
1A47
1791
08B2
08B0
13FE
32C5
1F57
02E1
0DD6
3101
0668
022E
0250
1EF3
2E01
037B
3163
1DE5
2774
2610
1625
1A85
1676
070E
1CA8
2E98
0573
1E28
1552
2C2D
2E03
1400
0BA8
0936
0E6E
31B0
1172
078E
1741
04B2
322D
1E4A
0D33
1A70
2039
1AA3
004A
115A
1F39
1822
2CE1
0EB2
221C
1DAB
13D6
1C6E
2BDE
2A56
3193
2012
14F6
04A2
07A9
2BE7
18DA
0767
2E54
0034
0D05
3146
0ACB
1798
2AB7
0822
0463
26B3
10BB
0692
0E56
269C
2A3A
133C
1467
0FB9
0218
26EA
18CC
3076
0399
02EB
2E4F
02E5
32C8
0130
0084
1BC6
0CCE
245D
2CB8
30A6
1FE1
0220
0B94
0D1B
13C4
2E5F
1DAB
2768
1B81
0E08
0622
0942
1FE1
0DAD
0722
2E69
190E
1B85
0699
1E01
288A
2147
066E
08E2
29CC
0D75
174F
2A45
3434
0C25
2802
0328
32CE
0395
237A
08D3
156D
184D
2BC7
3432
1351
136E
00D6
2CFC
100B
2F0D
046C
277C
185C
2C80
2C05
2831
1904
089F
2DF6
0D93
1B08
1A2B
0408
098C
1B72
294E
006F
1F22
2128
1F49
2825
08F3
0379
1A72
1533
0626
24E1
060B
03A0
19CF
31F6
2944
1E61
11EA
05F2
1150
1D9C
0BE8
32B0
0A27
030E
094F
0DAF
2E34
0D1F
1DA6
1D7C
1782
1E48
02C5
06AD
0C0F
0306
0286
1542
0C5A
0600
036D
0012
123C
190D
1154
1B0E
0197
28FE
036C
2AD6
2A3D
287E
0511
133C
014E
1BDF
1C8C
1226
0584
0C73
0BFB
31A9
0178
1FE5
1FF8
33B7
08CA
26D0
3219
1023
216D
2BB5
15B4
3281
1B84
0D28
102C
1B45
2CAB
0ACC
238E
04D1
31EF
3137
131C
117D
030A
26AD
1FA6
2491
2444
1063
27CF
0DEE
15B3
0F9B
0B12
1FC0
1AEC
15EB
1F59
10D1
0F6A
2D9C
105F
07E7
1D1C
0472
2B5B
0D9A
16DC
176E
0333
2DEC
1C22
1D4D
1AFA
10C4
31B8
10D6
10D0
2390
11F2
1EFA
0AF6
00CA
0772
1D16
2951
0336
3052
0A0A
251C
1FD5
207E
0225
2734
2B3C
1EB1
2692
00DF
04F5
2EF6
259C
2E92
108E
01CB
2758
0A98
0C80
2F2C
2849
29D3
118F
2731
0F9B
2FA6
0F8E
07EA
05D4
22CA
2E70
1B86
0053
1C77
14F4
14AE
0661
0361
17F1
17B8
12B8
164F
2B14
2C63
05BC
2FF3
0A4B
061C
17BA
1402
0C22
234A
332F
0004
280C
063F
03A1
0B9E
1308
00F1
0FC2
0BED
098A
224F
1BD0
28EB
31CD
0911
0F94
0606
0F2C
019F
1DC8
07E2
2E05
2099
2E23
21E5
0405
06AB
1902
2C02
2404
2792
2755
1573
2DB8
1F76
14FE
02F4
04B0
2EB0
2FA8
2328
0E6E
1346
107B
02AA
0D13
1F87
27EE
0CC8
0A24
27B6
2622
29D2
038F
20C1
01E7
0EFA
12BD
1AD2
22F3
1A52
0A99
2409
081F
0DFB
06BF
2D7A
158A
1789
32CC
1B25
1678
10D8
26DF
332B
0760
2F55
0C0E
0399
2318
12A9
2541
2C38
1E6B
1CCC
2F8B
23F5
22FA
198F
2132
2AC6
13A2
0C1F
152B
1FAF
1D5F
30BE
1672
10E7
1F61
33B9
2818
27B1
28A7
098C
1F2D
0F1C
2F4B
2FC2
0D5D
0315
22E8
1CE6
1117
21B8
05D9
261D
2A2A
335E
249C
030F
1724
17EA
03F5
1277
30C0
0C24
2344
1C0B
1704
0B53
047D
2BFA
11BD
32A5
291B
0EA0
0CBD
08C8
187F
23E6
322D
2995
075E
224D
109A
001B
06A7
1907
303F
2CD8
1DBD
1077
151F
15B3
3331
130D
147E
0C87
1731
2F0C
3309
197D
0A75
05AE
1781
2D92
30D1
126E
22BA
2636
0FD1
2C2B
2C11
23D3
254F
0698
04A8
032E
2205
2371
2A57
2026
2DCF
2F08
122A
2DB9
2F6C
1312
0D6A
0F03
32FC
1D40
12CC
28D7
24F0
0BF6
22D3
0C63
0B7E
1CA1
2BCC
1EEB
1DC7
2A3D
1AB0
0CD0
0818
3091
2214
0DED
2F68
29B2
1B41
01DC
2241
026F
2EB7
29E7
1451
2C56
1B8C
21A2
2BF1
0500
31C5
1EF0
0BF1
236D
0C92
006C
229D
2603
0130
1514
0CDE
1E2D
0626
0970
2FA1
1DB8
03D5
2AA7
283C
232C
0F00
14F2
1470
17BE
2FC6
2BFE
3206
0F56
00B6
06FC
0A0B
0E25
0F49
1CE6
233C
226A
1D35
2D3C
1DB1
2827
30CC
184A
020E
1A10
0F50
1983
0AD7
017F
1373
1363
2928
1249
25EF
03C4
13DA
1E9F
3318
01AC
1A4F
1204
0A25
193E
2192
2EE3
1214
13DB
0E9C
19F3
30AB
0853
207E
0723
0D86
1EE0
079B
2EE0
0CAA
1AA6
0641
1079
0AE5
009C
07D7
065E
0FE2
1116
1A56
1013
0BB7
2C9C
22F6
03EE
2DC4
0508
024F
2CEB
03A6
2526
2D40
180B
23F8
0A2A
1F9B
1746
1751
0674
053B
0648
1914
01CD
1EE4
1D26
29F7
13C8
3157
1D34
2C9C
1E0C
0696
0BC3
0ECB
11F6
2280
0836
2111
11E9
1BC1
14C2
24FB
2A05
1342
1F0A
130A
162F
0021
1785
04F2
2F6A
1735
323D
1CC1
27E7
20CF
0239
325E
0360
0E86
0949
1704
1608
1E07
256C
03D2
2964
331C
065E
1CA2
2962
0B33
14E1
0743
2DDD
0E9A
27C7
0896
0E5C
287B
2002
08AD
06D2
2634
2B96
02A8
29E2
0188
2A80
22AA
3242
1055
3324
0ADA
2653
0FBA
2604
195C
2FE3
2B4C
0784
1B03
2AF8
177A
2A74
03AF
0B22
2E58
13E2
2DF9
0CC5
1B1F
2FAC
2B76
2BDC
2DB7
324D
2FE9
0F2A
1AFD
0373
338D
3005
07FD
329A
299D
0DD7
02EA
2F67
20BF
22FA
16E8
257F
2676
098D
218C
2033
1148
32CE
0A7A
09A6
1A12
0487
1710
1898
27CF
15D1
2FA6
1246
05EE
021B
0D1E
1A6E
0124
0C9F
18D6
27A1
2C84
1B94
0BCE
003E
1EFC
1B7E
126F
22A3
1A8B
2871
0BDB
1D6D
0E51
0C8B
0F5D
25D7
0BB2
2A38
118C
0F0C
1C3B
309F
1FB7
02A0
2229
0797
0D7C
3263
28C4
14FA
3286
0AED
11A6
1F85
0748
1742
05F1
315C
286B
166E
20C0
0250
0514
075B
2477
15D7
1F37
05E8
0F03
332B
2314
12A4
0863
1DC0
1A4C
2241
0335
2CAF
0BE4
2A90
3111
1DC2
319D
04A8
0753
1887
31B6
1140
1463
25AA
063F
071E
2C25
1C23
2DB6
2C92
087A
2567
2C04
234C
25F4
2AAA
1583
0D9E
1EB8
0372
2333
2F4C
3166
0A06
3342
288F
0CC4
0F25
253B
2586
05B2
0903
1030
1D40
131F
212A
05D2
0CE2
0E04
0DD4
2962
018C
0AA4
2DF1
24C2
2C7A
115C
2BA5
28CB
09B0
2E9C
043A
2B1E
2B08
14CE
14F5
0A7D
0F25
1718
0108
0C04
2C5D
1C11
0749
271D
1698
0C2D
2E19
12BF
2403
25D4
223F
3366
0B71
0FF2
1097
3054
1394
09C9
1781
2F0D
2567
123B
18FE
0F29
2466
12F7
1AC0
1BFA
1699
1068
3150
17DD
0B6A
14D6
1B75
313A
2522
1418
1F72
2565
0CFB
1FE5
1A54
1764
035B
0CAD
2DEE
072E
08F9
2BAF
0B7C
2499
182D
0552
050C
2380
2D41
273B
2DFD
2FFC
322D
2F11
214F
270D
0FC1
0A9F
1C9E
3070
2D6F
0F3C
0829
1B3E
1535
0CB5
3027
23A2
2E9B
1705
0A7B
0408
0D33
1817
1A00
2F7F
1ECF
2E47
12D1
29D0
1842
2CD1
0A3E
1532
3196
1FCD
1DAA
2564
106A
0FA8
010C
2F1B
2702
0561
21CE
04E5
20CF
32F5
026D
1544
2757
1BAA
20D5
28DE
0BB1
0F25
2993
2221
1019
222E
00CE
2627
002E
14F2
050F
0E88
1E2C
06DF
2BAD
0ACF
1945
27CF
0E41
2B48
1D02
0E45
0C3E
2672
08C0
201F
1FE9
145F
054A
146D
1EC1
18C3
3010
16B3
1B8C
2E3E
1B53
1A4A
27B6
0144
0B47
02DE
17FB
1B91
2E0F
18A8
25BD
32CB
0E8F
0A7D
12A5
1D4C
0239
1E50
319C
0E62
2E57
1354
12D1
21D8
232D
01B4
19C2
263C
2077
06DB
2409
117C
2A3B
3212
0016
1508
0188
08F7
043B
2D4F
00DD
05D2
2BBB
0D3E
270B
024A
0781
2AA0
1C5F
0843
152D
1EDE
0A39
17DC
2E71
25FA
059B
2441
2696
0D55
1689
3173
0C11
07E2
0EA8
20EC
0011
25FA
2697
0260
0D41
2653
2A29
090E
14E8
08A3
2271
06B2
148A
23AC
263B
31DA
0A0A
12ED
09AE
154C
24DA
08E9
052E
0355
2812
10A2
2400
050F
2E9D
1C8A
0C1B
0952
116C
1BA3
2A6E
29E5
0C94
0829
052C
2266
21B8
1524
12EE
29FB
0026
019C
199E
286B
323C
0753
2E8D
11C4
23FB
2E31
2B50
0562
1E68
01F7
0A63
1C0D
155D
2405
2CEF
030C
1E35
2144
30F5
0621
1F34
27C1
032B
2687
1B62
2479
0270
179C
03FC
1866
234A
1EAE
148A
29EE
0FF7
06FB
2478
15F4
21BA
274C
15CD
1A35
0CB0
2358
3272
14DB
1D28
24AC
2B7E
2D36
0550
1159
0008
2E82
293D
1D50
284B
0BD6
03D7
0520
2253
1ADA
20EC
0014
18FF
174E
0CB2
1714
07E2
03F4
0FCE
22F8
0945
072E
1DB1
0A50
0494
087F
0F39
10F7
093A
1D8E
2B68
20C7
135E
296E
2B0C
2806
3206
0320
31FC
2E68
2AD2
325F
0F5D
07A8
26B8
143F
1AAA
1576
14DC
1662
066D
046C
0B29
0E21
250F
1902
0E06
0594
265E
2BA7
32F5
26B2
1BBE
1DE2
0991
29FF
2FE7
1E4F
0FDE
06CF
0163
1989
28BF
2644
0E4B
2D1A
1146
04AA
056A
24F4
2494
0F6B
1080
3026
26AB
0EA4
1894
1B17
03E2
121C
0B40
2592
251F
1DEC
0AAC
0FAB
1DC2
04B4
109F
13D8
2AE3
18FB
25A1
0C76
2141
1135
3308
09E2
1EA2
1E42
0856
0767
2DDB
18BF
13D2
29C0
211B
167E
2EEB
0C81
1317
2472
2564
1CE2
1A12
166B
0A57
234D
0763
3031
0D86
0243
03D9
2A6F
03F2
3016
137C
1E7A
06B0
3056
22E8
2791
21BC
0E80
1A63
17A2
2D07
2694
11D3
159A
0B77
1D1E
0D3B
1BFA
0F0F
121E
1616
100E
20C0
12EE
1E78
0AD5
0C3F
0358
1F0D
2BB2
2335
1146
02C2
2E65
0A11
25CC
0605
3274
1E35
0203
2315
174B
1314
314D
02CD
1B1A
2E25
1931
1ECC
11A0
22A6
2A99
28D7
14DB
301A
0ECF
31DB
303A
291D
0986
0953
32C4
01CA
20E8
23EE
31F7
1B67
1C7D
02CC
07C3
0BA0
1D7D
26FB
031A
2565
1835
067A
2B48
059C
21FD
0176
1998
2F2D
0F41
1FF4
1A20
161C
036C
16A8
01FE
2AD6
01E4
090D
0239
1BFA
19ED
24E2
1109
18F3
21A0
0B01
322E
10EA
0246
32E6
177B
2597
321C
3164
23C1
0933
14D1
04CD
2232
181F
0949
1B47
1AF3
0E84
0B1B
1AE1
0B1A
142D
20A0
0675
190E
2D1C
0720
220F
2071
1235
17C9
1601
0742
2F5D
154A
237A
02EB
12E1
03EF
0419
141A
288B
0E28
1724
252F
2C85
054A
2ECF
0B23
27A3
14C4
029B
13E9
2AF8
1726
114E
2697
0CD5
2549
1702
19BB
2647
26D4
2A8D
04D5
21FE
10E2
1E0F
1B12
19BB
1968
20F3
022A
2C9B
16E8
0D12
17B6
131A
06A3
0FF9
30A5
2A03
12D7
09F4
08FD
0241
105A
1B9B
0EB9
0545
19DC
0A32
0C81
32EA
32FD
247C
0A48
0FF6
2138
1630
2E62
2338
2477
0A68
26AE
2ED0
14A9
310A
2F96
1FF7
2FED
164C
1241
2BA9
2AAD
2DF4
15B1
1A7A
3205
2045
2167
2715
170A
1A27
1080
07F8
0D7A
23B7
1659
1FB9
202C
31B1
27C8
0957
0FF2
2EC5
2352
0B28
2CD9
207D
2523
31FF
10D6
0611
1EE0
16A5
1650
2035
2674
172F
139C
146C
27D1
01B6
0A75
2EE9
12CB
065D
1F32
1D6B
2B3A
0FC9
3284
1930
27CB
2C3F
30B4
0220
271F
2904
30E4
186C
1FD1
0273
2C53
1F3E
307B
1832
052A
2604
1B25
116F
0341
182F
137E
10E3
30DC
20D1
2590
1346
2673
0289
0C94
1066
0A41
06BD
18D3
1888
2A0B
2A62
287E
1912
0485
046D
241F
20BD
02A8
21AA
20E3
131C
3037
0A24
11E2
1519
0EB3
02CC
143B
0EB3
2787
1245
2911
0726
2420
040A
0E0E
2389
08AC
2739
1B9C
31E3
31D9
0CF6
1165
0FCB
2ACD
1F29
2E4D
2EA7
0A18
0E90
1083
1B53
1045
08F8
1540
31F9
2344
0E7F
19AC
0D89
092F
2F1A
2F3E
0789
195F
32B7
24E8
1D68
04F0
30C1
1435
1922
1812
1315
0C2A
2F6A
0371
2CA0
0E8A
0092
2F99
01A5
2BE1
1634
2C24
124F
30C5
2A9D
0FD6
2651
11DE
05C5
2C43
2F76
1BC6
15CF
1F8D
27DE
2D9A
2647
2246
1ABC
0F30
1D4C
2FD0
292C
2B4E
2F0D
273D
2B82
06A0
22E6
0B4C
14C1
05B8
11B0
0DD5
1CA6
123B
190F
0B4E
02AC
2542
25AA
00BB
16F2
2073
1D62
165D
0ECF
2E54
1553
05D3
1F00
11EE
080D
3005
0DAA
09F0
1BD4
0F34
0F31
0D12
1834
1AF4
1C2D
1422
1EE0
2F66
318D
2D28
0483
0713
311F
2FD5
18A9
1EB5
0861
2835
12F4
1506
0521
174F
09B5
2778
2499
0795
0672
2812
2624
1A5A
2872
2444
0E55
1CFD
2F16
0C87
26C1
19F2
0FAA
2C23
00A3
2AD2
0BED
1742
277B
2C1E
09D7
2610
17B3
0D4B
2B55
1D42
2A59
0983
1B92
13DA
0C88
156E
22A9
0B2B
0B05
24FB
134B
23C6
1B6B
22D2
0CF3
0CC5
06A9
1C98
21F6
182B
2A05
2AD2
142D
040B
29AB
0747
1FB4
2866
085A
1F8E
30C7
24C2
1A8F
1B58
09EC
3096
1C23
19C2
29CA
19D8
2140
09B0
250C
0FA5
1EBA
16B6
26E2
28BD
07AC
313D
2B97
184D
180D
1E81
1B90
2D8B
2AAD
1D65
12BE
0D12
19A8
1926
037A
09D2
13D6
11A9
17E0
0775
03A2
0EC7
023C
2974
09FD
18BC
214D
2895
25C6
26E8
1D73
0194
282C
1E24
0EA4
27EF
0E8D
1BCF
22F8
1657
0AC9
0862
1C1D
1652
1E9D
1335
0B1D
184D
245C
274C
01B7
28AC
07D7
08DF
1AEE
0224
0410
0E24
043F
21F2
0D7C
2C7E
0508
11F4
0D8B
2B60
2527
18EE
06C1
10A7
1352
23F9
2D0E
0ABD
00C2
2443
2DC3
066F
170E
241C
0F8D
212A
2023
0757
0BFC
26FA
2FBB
11FC
2D37
1D44
1B37
1040
2CB3
0E8D
16A8
2DCA
2290
1CE8
15C1
110E
14D4
0C4F
2A62
23FC
06C1
1A18
2CB7
2466
0EC5
1424
1B56
1782
2CC6
2A48
1C8A
1A7D
051F
2332
053B
02E8
1E4E
10AC
2EBD
18D0
042E
0DF6
19CE
0832
28E7
1A86
0F06
10A6
0A4C
0025
01F8
0A34
0142
2C98
0ABC
033B
12DC
319E
0EDF
2B11
07A6
13B8
00B0
29B1
0506
2BF5
1662
07DA
2F5C
2634
27B0
13B4
2D23
098B
02B8
2CDF
1837
1C14
1431
18B9
2689
0C00
1144
0E80
1995
10C5
3124
1698
0768
0604
2E53
15AC
0546
3151
06DC
1D94
2F5A
2421
0306
07DE
184D
314D
21F9
0EFC
2B47
233C
2C9E
2A3E
0E06
248D
14A3
3181
2352
14B1
240A
06DC
166E
0C12
2E3B
3148
0C4A
1F57
2D1C
18F7
0D68
11E3
1711
278C
1C9F
249E
17C0
052D
0977
08DA
0D38
08A8
1A39
2728
3093
13FE
047E
212D
1F88
2100
20A0
2FF6
1DDC
0E22
0362
1E50
0694
1AA1
195A
2969
1F19
29B9
0E69
0D96
0499
1D64
31B4
2FD1
10C8
2635
0E19
23CE
22EF
07DD
1D7B
25BE
0067
00CE
16E8
0A58
2540
04C5
091A
0E3C
1CA0
27AD
15A4
24AD
1485
0848
152B
0FD6
0392
1BEA
0CA6
1D40
0DE5
2E8C
04A5
0D22
14E3
0A54
1CF2
30B4
0880
0647
0EC8
10EE
0A1A
3107
2DFF
08C9
0629
0B8A
1FC3
2C1E
0BB0
13A5
1124
0049
11A0
24C5
1BC0
0057
01E1
2619
18FC
2DB5
0399
02F0
2540
3057
1BA2
2D9B
0D65
256E
02CB
2217
27F9
1485
116F
224D
2359
0ADD
2BD8
19D6
2818
28A1
1F85
0B94
2129
21E1
2613
1B35
2241
1AB2
1624
0FE8
160D
1DFD
28B7
05B1
1242
2C0D
27F8
21AB
2D0E
1361
2AC0
1195
2137
0D6A
048D
0732
28EE
07B3
0FF7
0B70
05A3
2FC2
014C
2EA9
144F
0E28
2B80
20E8
1939
243C
0B09
1FD8
30ED
268F
0B1F
01B7
1E1B
2540
287F
2B1C
0AA1
11D4
239C
0684
01FE
23FF
105A
28C4
0049
30AD
0CD1
30DA
2811
1DAF
1793
0879
2A48
28AE
2EE2
0516
0B3C
2F5B
29DF
1CC8
0308
275B
2B36
1117
158D
1D27
19BB
2056
080D
2F9B
1A74
022A
06FC
0C1E
122E
186C
0964
0EC6
2752
1983
2E97
223E
0BD9
2DD5
0432
1D85
29FF
1BE3
2E30
2474
0180
0154
1CA6
1891
0D46
31C1
2B5F
2A4A
1B6A
00DF
096F
1700
2DDF
017A
2753
11EB
1D33
30F2
2F34
075D
037E
0D00
3100
1CF4
2760
2C65
163D
22CE
13EE
2979
23AA
2D7C
0844
08B7
0C08
03DF
3163
2B55
158B
2E75
05B3
207E
15B8
21A0
2A5B
1619
1789
037C
2A09
1179
1087
05EB
0D7A
0FC5
2726
2729
0FE5
076A
0011
1813
2AAF
05D4
1AF1
2BB3
2DB1
128E
297A
2BF0
1EF5
2EC2
0E43
1CB5
2E13
1D08
28DF
078C
197A
059C
0E0A
2B41
0392
1527
2C93
26A8
1F2F
2EE0
1C0B
0123
0350
2ED1
1BF4
2464
2FEB
2ADA
171D
2443
255A
1798
219B
18D9
0EFE
2A97
2B64
2A81
1161
0B67
2FE5
2DE1
1AEB
2695
0BAF
2F8B
0EC1
08DD
2AD6
0FB6
2A61
1C24
04DC
17FE
22E3
0A99
1A73
2619
185A
21F2
206F
284E
0A43
1BD8
21DA
00F9
05BE
1F8D
1AA4
061E
2C2F
22FA
248E
1F33
2C75
2907
1CB3
076D
0EF7
06B9
1955
1415
0295
2536
23BF
29A9
2267
0581
036B
0E05
2B31
10E4
04DA
174A
0B28
29D6
2148
1F8B
0AE8
2FE4
1340
1557
1A7E
1480
04F7
038B
1734
1624
2C0B
2152
30F4
2009
0778
0F49
1958
03DF
071C
1F4E
117E
1B9B
2934
0846
1745
244C
338B
0C89
281B
09BD
00D0
0E2E
0572
2035
17C2
160D
0870
2CB2
129A
30C5
2ED5
0B74
1E4E
24B0
0A8E
2716
0225
0D80
250C
24D9
0A6B
332F
025E
2156
23A0
1D41
0F4F
0E3A
24AD
2FC5
038E
0684
1637
147C
0248
1092
1FF9
1B8A
2050
0F2E
1E93
157D
2627
2471
323A
1A40
1C69
07D7
07F4
18B9
0610
0C62
05F8
070A
0E2D
21A5
169A
2CF8
237E
2D6A
2CC7
1A34
33A3
20AC
2511
1BE4
1BC3
0BE6
23F8
19D4
10E7
30E3
0A28
199C
2849
0E35
297F
25AF
0034
0DD1
2B87
0E92
2C17
00D9
223C
0710
18F3
01E8
0FDC
214F
2DF3
193E
2C0C
1E16
1C83
0F98
0149
29E0
20E6
19A2
20FB
1734
0007
2553
30CF
3131
08D3
3380
1BB9
06A7
0B59
1F8C
15A9
324B
1234
124A
1BB4
2A69
129D
283E
0BD9
2FA0
0A63
2800
2295
1D18
2498
3194
1B9F
1C0C
3172
0D99
2658
2D3F
0771
305F
192E
2448
217C
1A94
264D
32A2
30E2
0437
07D8
214D
071B
2137
0486
0F04
0891
240C
0158
0BDC
21AD
123D
0021
069D
0158
1CFA
15EA
3251
0FED
1B89
19D5
2CE6
2435
026A
17D0
23CF
280A
0927
195F
1091
0566
1EEB
2C84
0EB2
1FC4
061E
0AFA
2364
1970
18DB
1161
1603
2FA8
1339
02FD
03DB
0EA5
2F6F
24BB
2315
0E84
1D39
1C6C
2001
1DA0
2120
099C
062B
0576
0FDA
0994
2914
22DD
0E23
1699
3216
1943
152D
2F0B
1CB4
0054
1EE7
16C4
1D07
123D
10F2
2FB5
0424
2C15
1B4C
2936
15B5
0A84
04A1
0634
0350
0F71
2ACB
1638
16EC
1D1B
3103
1D18
0E2A
0160
284B
0154
1FDD
005D
20D9
084C
0F85
29FA
02D7
3212
0C06
154E
1375
1486
2C95
1DA0
0501
2773
2010
1FD5
253F
2239
0DFE
2253
1EF9
187C
16AD
014C
13CB
02B4
1738
24FC
04B0
04B8
2BC5
32F5
04A8
129A
1446
20E7
20D7
2A08
11AE
0DAF
2ED5
326F
124C
016C
0267
2D0C
15BE
0253
2812
0370
2714
1475
1560
05BF
22AF
02E9
1769
2D47
2851
0274
2DB4
0C9C
1D2E
283C
2412
3055
2C16
1E1D
215F
1869
2CE5
31CD
0051
023E
03C7
31AF
0CA1
29ED
01D6
1DF6
0CE1
2B96
231A
1776
194A
08D0
182F
27BF
241B
23C9
0268
1D75
17A6
1023
1DE1
1B34
1FD0
11C1
16C6
0181
2822
04EC
0A6A
2B56
32CE
1C3C
13C5
2D5A
1A32
2023
19B3
122F
0E3A
08F7
2DCF
0D6D
2FFD
0459
30A1
0870
03C7
1AA5
2CC6
127E
33E5
0C5A
2A15
1505
00C3
17EF
0E5C
2E7E
24C7
01B4
0060
1D03
0359
18F8
0198
2078
0F17
310C
136F
1941
1FFB
28B1
0336
1520
25BA
2BA8
0CE3
0D8C
0825
19EC
1F4B
3274
0D1E
2FFB
1D5F
297C
04F2
250A
3170
2917
1BBD
32BF
2336
17BA
32DF
0437
317B
225C
0A77
0DD7
1943
24F3
1016
0C50
0889
1430
2F5D
23AB
2B3A
2AC0
2D05
2CC1
253B
0839
2907
2FE9
230F
269E
2AC2
0FFD
0DC5
1D87
2790
1F66
2F6B
1E8D
0DEE
01D4
307B
1E34
3371
2251
24F1
0C35
0EBF
2897
18CC
0F8A
04E9
1CAE
24C5
2891
0978
14E5
2242
0931
0269
1FB5
08F6
1086
098A
2916
1D2E
28B9
0559
078C
0480
1419
320F
2629
1665
0A32
1591
134A
05E4
3279
0A69
131A
06AF
0255
0A84
24A0
2DD5
046D
20DA
1C2F
2459
22BA
335C
2846
287B
0ACF
0BF5
14BA
0E00
0F29
1F80
1647
31BD
1F8C
1FE9
22AB
1620
16BE
1419
2F28
3080
2A1A
00B5
2C7B
2D28
18D6
29AE
177D
076E
294E
33B9
02FD
04AF
0F57
31B7
21E4
003B
033F
1170
0387
2691
2818
1DA9
17B7
15A5
02B0
05EA
2097
1CE6
2DAD
33BB
1F5B
3063
0DE9
2B4A
22FF
213D
0537
249C
013E
2833
278B
2905
19F9
20B8
131B
26D5
06E3
20A1
1545
2E4D
0025
1528
1A58
08D6
2A9A
0D1D
1191
1072
07EE
2D1C
10E8
2439
00CE
1A7B
2F3E
15A9
1B1F
1799
0799
2789
3365
2DF0
31F6
15B8
18C9
1014
261C
2B0F
1353
0307
08D1
0D26
1865
18B5
0ED0
1854
1D3F
0A83
1B55
260F
0A94
0FE6
2FDF
2FD2
266D
070B
0ACA
0089
1BCB
03F0
1378
1475
1037
18A0
2111
0F19
333D
2450
0E36
1E64
0DD2
1AA6
030E
09C7
293E
0227
2993
07CE
2394
01FE
22EC
2165
1AFF
190C
2134
1B65
06D5
077D
0A07
2FAF
06D6
16E6
0CD5
140E
0089
1683
2427
0AD1
2520
0B6A
31E2
2968
0112
054E
3166
213F
04D8
0BC4
2833
012B
242A
0317
01BC
0AD5
1723
0321
2D08
2CD8
131D
3029
0AEB
1135
33EA
1902
241A
191F
2B41
003A
0573
19B0
01D5
2F32
31B6
0102
1C5C
16C4
0A84
2006
15E2
0B85
0275
295E
175D
0C6D
1A1F
1DA1
2776
0B56
1B92
317A
2F99
2035
0539
0EFC
06A8
3281
2C18
02C3
0951
25C9
077B
32C6
1F5A
1DBC
2960
0563
1B07
1A94
0152
256E
22AA
0E57
140F
0E9F
10A4
310D
33B7
1481
0B02
16D6
32D9
0B09
00B4
0D4F
0D4D
0FD7
2F92
0BCE
03EC
2AAB
2225
0ACD
113E
1637
2AAD
1CB1
0870
106B
0249
2877
3057
2D28
2B2C
2C15
13C5
2C9A
1B7C
19F8
25AD
323A
01DB
1218
1E3B
216D
2756
2AB2
1C60
2D9F
1FD0
0EAB
0CF6
1BED
1B71
05BA
2BEA
1788
0B41
0534
07A0
2EE7
163F
13AB
1215
06ED
1182
2C79
1D0A
17CA
2041
2FE8
02F3
2051
0593
15B8
15FA
0818
2A5C
2757
02CA
27CE
22F4
2ECE
0A46
23BB
15A7
17AC
125D
2E07
2052
0435
19FC
3207
0DE9
137C
098F
25D2
0385
1C2A
2B38
2847
2816
1E91
22BF
2C8A
2953
1CEF
30B9
1ECF
2EC7
2552
0CDB
2EC7
1F4E
2633
24D1
0755
224E
1EA4
0852
0BBB
29B0
1521
1E91
104B
04E2
2EEC
2751
2B70
1AF5
165E
22B8
1C03
0AC0
1D7A
091C
19EC
31F0
2946
2BB9
0991
177C
021C
277B
1145
20BD
0785
1F97
1424
2D46
2292
2298
0FE0
290E
0FFB
0DCA
1274
0985
320E
07AC
056F
228A
0464
1A15
032E
26D3
2E0E
272D
0636
0C5B
1A6C
322B
30CF
3244
19D3
16F0
2613
0328
0A37
0E87
2555
2094
1EDD
11D4
1F8D
12B8
0170
11DE
0906
102C
0566
1739
12B2
0948
082B
32F8
26A1
1B4F
197F
0FE1
10C4
1CF2
04E6
25CF
0CE1
1DA9
030E
00A9
221A
217D
0087
1D8D
1B19
1C07
0BC4
17A4
199A
2754
1347
1A20
1A18
18C5
2DCC
07A8
0DD5
3179
0A43
30BD
0B46
2915
1402
16CC
1B3B
254A
0EF8
0376
007D
0860
051E
0A43
18F9
2025
30D9
0A0A
0D8D
0516
30C6
0BD3
1F44
1E81
2DCF
09B1
0302
0015
3271
2A23
1DF4
28D6
0820
292E
04E2
223A
2431
036D
30EF
0FE3
0BDC
292F
1A58
1864
2038
2706
1840
2AD6
1779
0AE8
0156
1EF6
2C9D
31C5
08B5
158E
20EB
316A
17D6
27C0
12D1
160F
01C1
1A17
30BD
298B
2392
30A6
0567
2432
15CF
2B05
17BC
2573
06DA
2DAA
0A75
1382
105F
2E2C
1712
2EB5
2A56
041D
2740
3039
06C0
2712
2FE5
29C0
2B8F
208A
1CAB
19D6
138E
0111
2F3C
2EE3
1FB5
2585
064C
1418
24FF
1E9D
2D8A
1F4D
2F12
0F4E
1B73
0E04
1B9D
2DC4
0272
2895
2E88
0A01
2572
18DE
1B17
2009
1798
2F50
198E
1B38
2EDF
2A46
299D
1496
080E
0CAE
2575
11FB
16BC
03EC
2BCB
1853
1F5B
0EAF
0CA3
1B38
13E4
17F2
1027
25DA
131F
1287
1337
24D7
11A6
1862
1938
256D
0CBB
1A9D
28BD
0F5E
2F38
0FD6
13C7
0483
14B9
2728
2CFB
18B7
1228
2355
056A
2793
31A9
03DD
01BB
2C78
07B1
05EF
2428
3268
224F
034E
1653
1BC9
22B4
0FE3
15DD
291B
2C5E
17B8
2049
14F8
1D1E
0DE8
0E3B
0561
1F51
0E65
2D6F
146D
0EE3
0CB5
3151
2CF7
2452
210D
3166
09F4
1092
17E7
13CB
2602
14D0
13B9
0183
312F
0016
0A25
1E03
0B0A
0BA3
268A
1850
0148
0AB2
2672
062C
3128
175B
0EBF
1880
23F2
01A4
2295
06BA
2D65
062A
3192
29AD
1CDC
0B48
133D
0ED4
26E6
10B0
0F02
0DAA
3181
0639
0368
1D01
0C25
0FB3
25CA
19F6
2FBB
224F
1C67
2604
0E64
1641
1715
0296
0484
254B
21FB
1EA4
30CA
2ED9
24E0
0D20
01BB
1E61
334A
05A6
2721
0CD7
195D
0C7A
031A
1EF7
19F8
0B7F
1B91
0D3D
01C5
244D
11D2
32BB
0013
2424
063B
1298
1406
1470
2959
2ACB
21B2
1F41
06ED
03C2
17B6
29EA
0EBF
1199
14FA
153E
2515
04A4
0FC1
078D
0BA6
3371
0F5E
0F12
0632
1974
14E9
2878
319D
1C68
1033
1071
0382
2D95
0E6D
3249
067E
2E4B
28D2
1914
0768
0EB4
188B
1051
2A04
1850
2CE9
0600
057B
23C7
176A
2D1D
04E2
0B68
0777
167E
06FC
1B52
29C1
06F4
1A4A
26DC
09C4
1BAD
0B5F
1FE0
188A
1C2B
28A3
30AE
326D
1AC9
1120
0404
0346
1D78
1F6B
091B
25BF
0A86
18A6
2AF9
2D1E
0FF7
1A3A
0CD8
325A
0A0F
3364
02FD
1E1B
0905
2CAD
06AD
0B1A
08BF
2513
2773
2348
12BF
04E9
0D51
026F
0CE3
32AE
1EC9
13B7
2AC5
2B10
2FD1
3125
217A
0030
1BB2
076A
0FBE
1ACD
0207
0D58
0D03
25F3
05CE
279F
1982
0256
17D3
0FCE
116C
2EB6
2646
3205
3021
07DA
33DB
146D
19ED
19F9
14CE
0E3E
2610
0DF5
01C8
20CD
058C
0688
1F38
0DDD
0B78
28D7
0231
2935
09FC
1D90
30F9
2310
032E
2235
2B57
273C
0AB2
196C
027E
2146
1E76
3129
3174
0A1A
1084
248D
1C18
0C15
07F4
02FD
2376
1736
1E45
1329
1CF3
2048
0AD7
1BE5
08D9
16C1
0326
055C
273C
2732
23F9
1D47
2103
27CF
0731
0FC1
1A68
166D
0ED6
18D6
03E4
007E
0D9D
0559
0823
3033
00F1
2D29
06E3
2946
0495
28ED
1CA4
1A15
28F2
114A
0D44
25D7
0FA6
077F
2285
30D4
3167
30DB
131D
1933
13E9
2F4B
150B
2388
3396
189B
214C
2555
0F94
22CE
2D32
2284
1D9C
2F11
1903
09C7
31B9
2C94
1509
2E8E
1939
2BA1
05C3
2B86
1F6B
2D2D
1871
0A0C
1E1E
0B5E
05B0
1FE1
2D92
2928
11BA
3222
0F93
1451
1CD2
2353
0609
0110
15FB
2374
0C0F
2525
2C8B
067B
2EC5
1D25
2ABF
16F2
0551
2F3A
2AC0
1625
12F9
1F98
0CAE
01DC
0A52
2C89
16C3
011B
2B99
002B
0C47
1C85
10A3
05CB
06AB
2936
0572
3328
2505
16A2
242C
2130
025B
1732
310D
07BE
260F
0ED2
2E30
1C04
2EFC
32A2
3363
31BB
07BC
2CBB
0CAE
020D
05C0
06CD
0705
231F
0D4A
2C5B
04E0
1EA7
236A
25BE
26F6
23C7
00E3
044A
1D58
03AC
1432
27EF
34E9
345E
0655
29BC
17FD
0F92
0F43
34E8
0604
0F84
0049
134E
16FC
2B93
18D0
1561
0F7F
22C3
18C0
15D7
024A
14AB
202B
0033
08EF
3395
19F1
0F75
2A23
071A
1EA8
0CCC
1EB6
3361
2687
1E77
0EC0
29CF
016D
0BAD
0D5A
1E26
1127
06F8
1D02
3542
10AD
280D
1B70
109E
2D3F
0CF1
08B3
06DB
3456
3405
1E59
2848
0FE1
31D4
2CAD
1460
0FE9
13F0
127A
2B72
0FF8
2088
0970
331F
24AE
083B
11EB
1BE6
2252
1949
1F9A
06B6
248A
042A
1099
01C6
3434
2996
20C5
0360
226D
0F8C
1521
1F39
3243
2953
2B72
2C2F
16A1
3391
0621
1B17
18C6
0E37
13D2
0943
0E1A
12D0
15D3
04F5
102A
044D
0CA9
2E99
0421
0200
0369
0FE1
0EA9
2262
314C
232B
0EDC
06CA
0CBC
0C54
2956
1070
19B5
210F
0974
2388
1FE3
1605
1937
1B36
1D76
0D2F
16EA
2EA9
05D9
05DD
0B58
02D6
0437
01C6
2152
2168
2F5E
154B
0CFE
32BF
055A
084D
173B
1914
2622
1F75
1170
15B4
182C
2493
1E9F
223D
0D62
0E73
1BE9
30A1
328A
3121
07FD
0D6E
1295
2C46
0927
1DB1
07D0
0F79
3455
28FF
2C0D
1D9E
2D46
0341
1F86
2831
0701
0943
0FBD
337A
07EB
2353
243F
299D
31FE
0F87
34C8
22A3
315D
15B9
1DA9
11D9
3598
14B8
23EE
12F8
20DC
1610
0D83
0B4A
064F
2236
1730
0067
2191
1861
25A1
21A8
241E
31FE
2C09
18FC
346B
30A9
21B3
2D5A
0D3F
22CE
2659
163B
1DA0
03E7
317E
330A
2762
155E
05A1
2004
16DF
0E3A
2FAC
2016
109D
0239
104E
151E
1B71
02B8
233F
332D
0EA8
085C
10DA
0858
26AF
1312
153D
1C1A
2491
177C
18C4
293D
1DB0
0124
1BD6
1B87
01EE
163A
108C
2F85
2A1A
0A26
0407
2AAF
02CC
2FCC
2F78
13FC
02F4
2234
116E
122B
0790
05E1
215C
0158
05DB
1A5C
2640
211E
2B82
1B43
04F2
1AA7
02BB
12DB
13D9
0D46
2BEF
32E7
0605
04D8
2B11
2ABC
1A75
2942
0F85
23F2
025B
2F96
0BCC
1CB9
0E4E
165B
10E8
191A
267F
0A58
1825
1B0A
00C7
1DF0
0179
3534
3444
1300
2457
30D9
21BF
2D09
27B6
22A0
14C8
1012
1D37
2FD2
0F4F
2EE5
2446
002F
0071
2145
0FC8
0F29
2421
0C81
0318
214B
202A
2FB7
0EAC
0822
0165
109F
2ADA
0329
2860
0B52
20ED
31FF
1086
1CC3
0F72
0EE6
2049
020F
008F
15AD
1729
1A66
2393
0267
235B
1421
2DFB
2B02
0485
241F
15FB
285C
0884
0996
0631
34E7
35F1
02D8
2B2F
2116
1FC4
001D
2F39
0E31
291E
33B1
2745
2522
1A77
216C
1F86
2B01
003C
0EB2
19F4
16FC
2CFD
08BB
048D
02A9
033B
0C42
083B
157C
2DBE
0ED6
3506
0C9B
0417
0DA0
13A7
3401
2D42
2B2B
1440
308D
225E
13B0
1F8B
277F
27BB
334E
1B44
0667
2D3A
2D86
34E0
0FD7
2DCB
200E
0AFC
0DCE
0566
2BE6
2FAB
1F26
2A33
1857
1C44
1769
1E70
27B8
34BE
119F
304C
358C
269F
23D2
06D8
2B60
2D18
1CE1
1369
15DD
0C87
3008
0FEB
0D8F
01CE
2272
335F
05F5
320C
290A
01FF
2852
03ED
218F
2553
0445
1AC7
1E90
1C57
27FD
1830
1F24
1E5F
2238
2D46
3267
048A
2C6F
172B
1CA5
0B29
23F5
00C4
0046
0FDF
1E55
2E64
1E89
0CB2
1D78
2118
2EB3
199E
0CCB
1DF1
02AF
11AD
135A
1951
1D58
276C
32A4
063F
1FC2
06D4
0FCD
2282
1521
1AAB
31F2
1C2D
0EA0
0B4A
0A41
0F50
0071
0603
039D
2165
3289
33C9
243B
0DB2
07A0
0948
250F
0A6F
2830
00ED
03E3
0F59
014F
0755
0F68
249D
2A37
1B4E
2BD3
1F6C
173C
26FF
1C6B
00F5
1801
170B
0FA2
2DD5
113D
2262
2B0E
1F1F
1B5D
08C3
1BD3
0AF0
2AE4
0C32
09D7
016F
2BDD
17F5
09CA
1244
1D28
1C94
17AE
27A1
299E
1D83
2B2E
1599
0BEF
34BE
13E1
0053
2CFB
30D5
1A3D
283C
2225
3026
1882
16E5
3464
16CB
05BB
33D5
1826
20A3
0AC8
13F7
1787
1E8B
3449
15DE
093B
0A2C
1AB6
1ABB
17E0
09CE
1B15
2EAB
0FC1
32F1
1C85
03F4
18B3
1A50
0F24
026E
30F2
16A5
2D18
27DD
1F9B
2FC1
2773
3486
2817
128A
0A15
2CCF
001D
12E6
1212
14B0
32AB
1AAF
1C13
0872
1D1B
0549
06E7
11F9
244C
012C
20DD
1B4C
2E8D
1F25
06DB
1D9F
21E2
0B8B
061B
26BB
0661
27C6
14DF
295C
04E9
1A8E
038F
0415
1C2A
2C29
10A8
13FE
0CA8
0F8E
08F1
2F83
15AA
31D6
0AC8
165A
1EFF
2208
023A
13EB
04B8
011B
0350
0445
2125
0317
273E
02C6
094C
342F
1EDC
218E
197E
0475
223D
1855
2B6A
2383
0D13
0345
2647
0731
2FDC
0D8B
3102
1E94
0320
08CA
1444
185F
166E
228E
2073
173E
1F7C
2FEC
0BA1
1E98
25EA
34C7
15C1
1D77
1303
2B7D
1A0E
0809
1935
040D
0C72
24CD
0D34
3202
11C9
0EB2
1F46
19EF
2A81
0F2D
0E1F
1EB5
0EEF
1357
25DC
039C
0633
2E68
358B
2998
08E4
0313
2379
091A
03BE
2F23
0D34
078F
18C1
2707
0771
2FDC
1D5A
032E
2BB5
0234
1316
0B7F
0C42
0748
05C3
1898
0D3D
1E5E
1AAA
13D7
2E7D
06F1
0EF0
2B84
0D3A
2EB0
0480
16F3
0CA7
259C
222E
2BC9
06B4
0DA0
16EC
10E2
2BEB
110F
04D8
170D
16F0
0092
0839
2CD6
0290
1CCF
0869
1B89
0622
290F
1E33
19D7
13BF
158A
2A72
2173
3021
16D5
0E53
085B
01F8
218D
0937
27A1
1A86
19F2
0492
131E
0185
2FD2
2B49
0FD3
109B
1ED9
03AD
09F7
1072
037F
0128
1E8C
1592
0FE7
2BC3
04AD
15B6
3194
16AA
3239
0129
2E94
009D
2748
0864
0F83
17DF
312F
2146
041A
0601
2432
2B6D
0D66
2D75
19A3
0CD8
2838
3203
149B
07D5
0729
1FE3
1B4C
0DBC
2482
1BFB
1550
18C9
0986
2BDC
2C68
0E7F
19F9
2107
0301
1AF1
1006
066C
14EF
2F75
24C7
03EC
0A5C
2FF3
2B68
1EB7
25D2
136F
3173
263A
2D1C
2B37
0F7B
0BCC
130A
275C
2022
1FB7
249D
1C2F
2FF0
1B87
22E5
0043
23DF
292D
2C95
0A35
25D1
1F90
0B47
0023
2CEE
0EC7
0A85
1099
0BA2
1DD1
1DBF
2D76
0DE9
322E
1297
18A5
06A5
04F8
015C
28D5
2A90
308D
030C
19AD
131F
0EFD
323A
21CC
03D3
03A8
2565
0E4A
2C81
1A57
1888
2801
29DF
1E07
286E
1C8A
2F76
040D
13FF
322B
1B83
0F6A
105F
1B48
1303
22DB
2412
1982
0ED6
2775
0E03
00BC
1EED
19CB
2CC7
3171
2A58
0B85
1190
0599
1EBB
03B7
03E7
255A
02F0
0D15
15F1
16D8
13AF
2E79
0D96
0FA1
0D8A
1000
0EB3
251D
1D8B
31E0
16B9
012D
3145
1163
27C7
2504
3229
30AD
2E89
143F
2DDD
023F
24A8
151D
2D73
0CE6
2545
08BD
29C7
2BFF
23BF
1CA1
0AE3
204B
01B2
2F60
082D
103D
0490
0EF9
2BEC
2B0F
1E24
2DA5
0044
0F1B
170F
3042
125D
295F
08B4
279F
009C
18BD
0710
033E
1552
2CEE
17C9
0841
0CBE
1E6D
1436
1E5D
01D6
31B1
2747
2458
25F9
1B27
1978
09CF
0D83
0102
0A13
06C8
2664
230B
0C21
18DC
2D01
2781
2518
0B47
1003
2C18
2844
0B86
153E
0F07
0463
31B6
2352
2FA4
31CB
23DD
1045
1DF4
0592
0F74
0D15
27D6
15B4
0DF2
24EF
162E
11D0
0218
2700
03FB
00D4
247A
0AAD
0D36
2117
2B02
24BD
1C12
1422
1FFA
2C1D
04AC
2D24
2CE9
161F
1FC6
1867
0738
102D
2AFA
1DC1
2230
1042
2B6E
0E84
0EB7
1347
1CCE
08EE
0A7B
194F
2A53
1D1F
0985
15B5
2122
2C77
0290
317E
1BAF
058A
2E7B
17F9
00FB
1C5E
2299
0856
2810
2204
1BFE
1107
2DCA
0774
2D16
12EA
1EB6
04A1
2E74
1D96
14A5
14B0
235D
1009
0161
192B
0056
1584
2AB8
20A0
1964
2A27
3028
1A79
06F3
11BD
02C9
12BF
0A7E
11F3
0C2A
1ADA
0725
06F9
29E0
126B
03DD
0B6A
0CC0
1B94
2F76
11E9
2ECD
20DD
001B
0561
15EF
0BA0
1AB2
2F7D
3130
1C7B
2C35
14DA
304F
3213
24F1
00A3
2EC2
0F51
1CB8
07A9
1F59
05B0
29EF
0D2C
15A0
1404
159D
1F58
2D0F
2CCC
3049
0ACF
10F8
148E
29CB
24A0
0C89
1108
1272
07EC
2877
0A9E
04DB
119C
30CA
28B8
2B5A
2622
1A90
0C9A
05F7
00C7
2075
2B53
02FC
22CA
00E4
3232
2A25
2DFF
1C73
30C0
0A6C
2BE8
1FFA
24BB
2A82
015E
0145
14E2
2CBB
09AB
1F2B
164B
2D1F
06DA
1E0B
2A67
1D4C
318E
26C1
2218
0711
22F9
1C97
31E1
2869
1021
1888
0E32
1270
1545
0290
2F96
112D
22CF
23B1
0DCC
1D2A
264C
06BF
230B
02E3
2C24
0A4D
15A4
0C96
2064
2C3B
300C
016C
283B
0E02
02FE
16B6
014C
1C8F
18EF
26D7
279D
1B19
12EB
0D5E
1209
0B7A
020D
2FBB
0B5D
2568
01D7
29A7
23EB
248C
1DBB
18F5
1BEF
16D0
028E
1BF5
2CB6
126B
06DE
26FA
11B7
006E
092B
105A
1E27
29A4
2BE1
2648
0923
198C
1E2F
237C
2BA5
0A20
2CD9
1C83
186E
0FCC
25B3
1C86
21D7
03F7
172B
1775
19ED
069C
2A5B
0164
1DFA
0085
2410
11BE
052E
249E
3171
1803
253B
0092
0312
02A2
26C9
3237
0F3F
0183
111D
0127
1D0D
14C8
03CF
2A91
242C
193A
1264
23AF
0A62
0B31
2376
14E9
2369
1102
2C87
0431
2DE3
061A
0BC8
2E3C
2647
1693
185C
24EF
1AD4
0F89
1C00
1503
1E0A
2B0A
1D2E
198C
0E90
2868
1F89
25AC
24FB
107B
1E88
14A2
1907
035C
08AD
29E4
1E9F
08FE
3146
14FB
27E8
1BE2
26E6
30FA
06AA
14E3
07B8
27EC
0E5D
22C1
0428
1E9E
1A2B
0D39
12F9
107B
1DEE
190B
2D28
28CF
19D2
20C5
2FF8
021C
0BD5
177E
13C2
179B
20FD
0A22
288A
1A0B
008B
01FE
2578
1E8F
10B0
1D99
1E11
0BE4
1FC8
21B4
07D6
2933
180A
198E
146E
1793
0767
24C2
0331
30C1
2A72
2D61
30A2
1F26
1E3E
0F28
1608
044E
19ED
0565
0686
0DD9
2DB6
1BD2
102E
11C5
07A1
04CC
0299
2015
1209
1595
038F
2FD0
2F72
18DB
163C
1C9A
1B56
319D
00E4
31B0
0712
2A3F
3069
27CA
29C8
3167
1A6A
2D16
3142
1114
2001
18DA
0373
2AFD
1BAD
0CA8
11EE
2F4F
2A2A
26B6
2FBE
003B
1A76
081C
23FC
1597
09A9
1BC3
2E5A
1E5B
3153
053A
17BB
0C5F
0CE8
0513
2F67
25F8
2FB5
13F3
3002
2F23
2BEF
23AD
231B
05C6
1DED
22D7
2317
24A3
10DC
1500
15D3
03AC
0A28
2A0C
3267
0111
229D
22B9
2D92
0B6D
0C49
2028
19F9
0500
14DD
07ED
2D80
05CF
1F03
2C9D
10A7
0115
1A6A
16CE
055A
2067
3158
2A77
1C13
0D6A
27BC
27E2
1C41
1E78
1CAF
0800
045A
2A96
0AD4
1264
1C8E
014E
2B71
26FF
2AE5
2966
06E0
32AF
18BA
1507
2D58
316C
19DE
2BAC
15AE
07F6
1F28
2458
12E2
06EB
01F7
1048
287B
11E7
09E1
1587
0991
329E
25A3
0165
28C4
07FC
1DB9
0C81
2068
14BE
2BE8
08F4
1000
16B5
055A
1FD4
2191
23E4
0BDA
084F
2EF7
2DAE
2664
1F97
17BC
0112
2E3C
268C
3092
245A
21E1
21D3
0AC3
15C3
0644
107A
143D
2A67
1251
2162
0E93
2822
0993
0D55
1059
2D83
1ACE
2CB4
121A
004F
1EB2
2883
020F
0A6C
02A7
12F9
0017
27F7
11B1
212A
1427
013C
0589
05C9
0BD7
1CE5
0828
097A
250F
2921
24AE
2FD0
1BA1
0C5B
17DE
297E
25B6
02DE
0054
0EDD
3305
1412
2851
2E9F
2794
1874
2A81
1430
164F
07AB
0EC5
284F
3249
2B9F
1FD4
27D9
116A
0DBB
1ACB
2041
2A89
2A4D
1C6F
215C
1256
0F10
19DF
1CF1
1F8C
1D83
03A1
2F5D
3320
191A
1760
0AC6
2BA2
0897
0488
1EAE
2D23
2947
0AB4
03C8
06E2
00C0
1A9A
1124
31F0
3137
2F54
1DE2
2783
0869
1789
3103
0264
0383
188B
0B44
2F7E
2C7D
0D30
024B
2776
0BB1
1271
235C
0C20
25C5
15F7
008C
01A3
02F5
0BC5
1942
1F5C
2C99
154F
220E
30D7
1D89
2CA0
2635
0199
2C11
2F21
2FF0
1E3A
084A
184D
22A5
30E3
15B1
0B6E
0298
12AB
10CB
1873
0497
10AE
300A
2682
05ED
2B2B
0B68
0CBF
23D4
2D54
0651
32A6
120D
2B8D
06BD
17A5
0D24
023B
1A30
0EC9
1789
31DC
2980
1F38
0CF5
1A80
019A
0134
2933
05D1
147F
06FD
1C02
0D03
2757
2072
160B
0761
167A
027D
30C2
30AD
294D
0578
1B4A
0803
2881
01AE
1AD4
039A
00DF
215F
0421
2A7A
22EB
0494
2EB5
1505
307C
1A8E
03E0
0F69
0047
0E41
0FEE
298B
2675
2CBE
28BC
0ACA
12E1
096C
0417
0D86
1ABB
26DB
05A6
0A68
090E
1A02
214D
2419
0908
0A39
00B2
0E02
1B94
279F
15E3
0E64
104B
06F9
2AEE
222C
21F7
23F7
3311
0D60
0AB4
2193
28A7
1DEC
17BE
18B7
039E
1330
179B
291E
0C14
25BE
0135
1F7D
1B79
0503
1F95
2AC4
254E
2733
1485
1CF2
0AFE
3270
2D40
2555
1361
3240
10FC
18D2
08DB
0033
2F17
1A42
0BE7
2505
051E
23B3
0599
28BD
1ADB
19FC
2D0B
0B2C
06EA
1733
00DD
12DD
1B7A
0BE7
266F
0D53
2DAB
1F3E
2F92
30B1
0286
0353
0489
0F7B
2598
2866
21DE
158B
1E9F
2D4A
099C
1452
0A9B
1419
20C2
2414
2922
1B62
2048
22CB
074F
1C3B
2B74
3317
272D
2CC5
04DA
27E9
2D7B
1E9F
13F5
1180
2927
0BFB
3384
295D
1AF1
243F
1C4B
03C0
1E83
1E61
1DE2
1295
1595
2136
1176
1A68
0E73
1DA0
2F55
0A27
219E
095F
0382
2876
27CE
0984
2B04
303B
1D5D
2F24
3359
2685
2FC1
2D97
3231
0F3F
119E
2B10
14F5
02CB
26A7
3284
1A97
275A
0170
007D
246B
1B22
210D
1B78
263D
290F
0433
160B
1D41
19A2
2F5A
22C9
2822
326D
25FF
106A
1A71
236C
04E0
0385
310A
28B5
2272
13D8
04E3
0F59
1C59
0B90
1562
0C45
01DE
17DD
0133
00CC
2F3F
0EB3
139A
2F24
16EB
25E7
2A96
214A
06A9
2EBE
2081
238E
01EC
130A
0B2E
3253
1BE8
00B6
0658
0707
0FE0
073D
1F8D
03D9
0348
07DE
2E41
02E2
2A0A
0238
2052
202F
13B5
335B
111E
19D2
1483
1C34
13E6
203A
062B
28E0
1912
0B9A
05EB
26B0
2BBC
32DC
0B24
1190
00B2
140C
01DE
29A2
065F
1A94
0389
1487
03EA
2169
0BB2
2038
1D7A
0AA9
147B
2EB2
27FA
1521
271E
1B44
2E05
2927
29BF
1595
0E19
2EDE
08D2
0DCF
0D2F
1140
2F6D
083F
1FA4
14DF
237B
17E5
071F
1E5A
281C
2B64
1F8C
2D8E
0355
315F
212B
1DF9
1D66
3016
0673
0F09
104E
20FE
0895
25A3
283B
0337
0418
2B5C
009B
02DF
0482
110E
0A90
1141
03ED
02A9
2ED1
0812
27BE
1A29
0BE4
2DCF
32B6
2F4A
15A8
2698
1115
2F1C
2A22
0FAA
0728
24F7
159E
177C
18F4
2B61
18AD
307B
133A
00B1
0A39
0411
2607
27AD
2EFD
1CC8
2018
22CE
1CB3
0962
12E6
1A36
2858
1D2A
2DC4
1813
02C6
242C
322B
09E3
053D
0B52
3175
1D17
10D6
2480
2885
083B
0940
1987
22DF
1CEC
0E1D
1B6E
1FB0
253F
2CC6
16D8
18E1
1B8D
2E42
283B
166B
2A85
0F96
078B
1F05
12BE
2D67
1E36
0731
25EB
0BBB
1D0F
3161
14DC
1FAF
100A
131C
20E1
0CD3
0A70
15A4
1304
09F4
07CE
08F2
06DE
01C0
031F
215A
1BB7
131B
2BB0
27DB
2CCA
0581
1BE2
12BD
07EA
0E0B
0DF4
07C5
0797
313B
09C4
260A
234D
314A
23E6
3068
0D2E
2B90
1835
32E6
3044
0301
2AC5
1ECB
2E3F
2CFA
310E
0F46
26E9
2962
07D3
0875
161D
23CE
30DD
1B0F
178A
0260
1141
1A4A
30BF
11A4
1F96
1A8A
2FA5
23D5
1C5C
0108
1F0E
298F
28D4
312E
0FF3
0628
06B0
25FF
085F
0E2A
1981
049C
1384
14FC
2D4A
2823
298D
0CFC
1845
0D66
0918
259A
30D0
122C
1529
0A90
3203
0B3E
32F9
1DFB
10C0
15C9
0468
0DE8
00F5
1A97
33D3
2513
2725
032E
23E0
15DD
1200
2EA8
1611
0ACE
338A
202A
1263
10A8
15E6
0E5F
1A51
1C5C
2C9C
02A9
28EF
0D03
1E70
025B
2104
1C22
03D1
181A
0A8B
0CF7
1201
11BF
24EF
0156
06CB
03B7
204B
0992
1FA5
1CB7
3295
0A08
11CD
107C
2852
2439
07AD
0AA1
1ABC
0B12
2FE4
0BA0
2034
105D
28D6
2C87
1922
26FB
0A7B
3083
2FDD
1A81
2FFD
1165
2349
1C45
0225
1A3D
1E3F
2D77
020E
1086
0CC7
0C45
0191
1F57
1CAA
235A
057E
16B3
2492
10DD
30BD
2D16
2FFA
0A84
28DC
0FDC
0686
16D5
2E80
2414
0A1A
0630
019C
3282
1EAA
2FBF
223B
0145
100A
278A
2331
0F1F
1504
20FD
2E7B
054C
0AF7
276D
1C55
172D
21DE
2768
1E6D
0C81
2DDA
10A2
28E4
026B
068B
110E
2EDF
213A
042E
033A
0388
0845
2F39
053F
260F
34E8
251A
2F0B
2A2C
15DC
2EA3
2CEE
31E4
1FB3
26B4
1554
0651
0C60
0AA2
213E
0F4F
2484
00A6
039E
0C54
1611
03B3
0D2E
0339
171C
1A4C
07B3
340D
1CF6
20CC
31A3
160F
15BE
02B6
15F6
207A
30EB
052F
0EC2
3294
00C2
271A
06F1
0BB4
119C
1CDC
07E8
195F
219C
0606
1DEE
0919
1662
22A0
1659
0446
3247
115A
0E3F
2055
1A51
1240
088F
0B8D
2C5E
0BEC
0F21
12D9
2211
2CA2
059B
0D5F
1512
0E4D
2C90
1EE6
13F1
1245
1985
2DBE
15FD
2E4D
1165
2B81
2ED1
01C4
12AD
1E72
292C
25D5
20EA
306B
1D5F
11CF
1C88
00D9
26B8
1A5A
1540
23C9
00F5
1352
28E7
1BF0
0021
1E93
039D
0939
059F
00A7
1AF3
0896
25D0
140B
2C7F
1F71
0070
017D
2474
3114
0DF9
02AB
00F3
329D
347E
08F2
2D8F
14C4
244B
2A11
2E8B
13AE
0D6C
23D7
30D0
2B54
31F0
17E2
2977
0E22
03AC
2985
32C2
01C5
0B40
2907
105B
2A64
2DF8
2E30
064D
2841
159F
06FA
21FE
0C14
038F
0622
2F92
2774
0E4A
09AC
0F71
1DEE
0AFA
2CE5
0915
2D8D
103D
234D
093E
0BB2
097C
0263
2D2C
00CE
1AFB
2071
1771
1CD2
2D69
2BC6
004E
01D6
18C4
2280
0C11
30E5
214F
1EB0
0BA5
0EAA
2511
1366
0EE7
06EC
27F2
04C8
0D3A
219C
3121
2F20
124C
0057
176E
0258
0AAE
02B8
107B
104D
2115
293A
1534
0729
3275
0731
10B8
0711
1FE9
1F59
0E02
02D9
2984
1E2B
0518
2B7F
05B4
0E53
01B0
1F8A
0736
33F7
151C
1EB6
0CA4
30E8
1520
2858
32CD
26F7
152D
017F
0AB1
1491
1B76
02D5
0233
14BE
2991
17C3
31AB
0D73
2884
260B
2198
077F
014C
10DC
12BB
2AF5
2FFA
2840
06E6
30A4
31F0
08E0
1B1B
028C
18E6
153B
1185
2DA6
0C4F
1285
3362
2835
21DB
1E11
1A3C
13E2
1763
25C9
0E33
00F5
0804
1237
2E7E
0958
118E
0FFA
1E02
0D81
09CC
0D9D
3076
1BA5
2A83
06CB
29EF
3466
1F2C
287B
31E6
0C06
0677
28C3
347F
2FD7
2801
0486
1B32
1A38
112F
14B0
254B
12D4
3073
0520
0791
11A0
0C33
1AD1
2CD8
315C
2302
0B99
0C07
264E
2719
2AB1
2249
273A
29EC
2003
0FFE
034D
2924
1D41
21D6
31D5
060F
1937
1E4A
2C09
0029
3220
0448
2CF5
2203
2C58
28A8
1E85
0F5B
048A
0BEB
12A1
0133
19BA
2F3D
17C3
1D18
1666
2E64
232F
1A25
2844
2FF5
25E4
2C77
1935
0A44
249C
30DC
28C5
3413
1089
3446
12A0
12B4
2D8B
2C47
280C
012E
2EAD
1E94
073C
1B25
0286
1A09
286F
2F71
2F41
2B8A
3450
17F8
30B9
0187
1CFE
153A
0A87
094C
184E
2590
2C27
03A5
0808
0F02
19E5
0028
1E55
254B
23FF
2D40
2CAD
1B3C
127E
0198
290C
204E
1D40
21FB
17EF
2906
0E04
09C6
1B49
0493
1B40
067E
2D2B
33B9
0E6F
1BAF
1F12
1A31
26C7
2B00
030A
2692
1F75
2248
13D7
3397
1E9D
2D2D
31A3
2DFD
234D
2B3B
0CC4
1F7C
0711
2A17
0252
16D9
03C5
23E0
20BC
3195
0DA3
027D
2238
1C1C
032D
10BB
322C
1916
0F51
15D5
2815
28AB
03EA
00DD
0417
1FB4
2FB7
13CB
08FE
035D
1A20
1FF6
2983
0EE9
0837
0F90
1DE2
1C50
2F06
2CA7
1419
281B
0A11
279B
07CA
164C
0DCB
1A8A
044E
2D55
2663
2318
0237
1ED3
18A9
1F76
2B6C
0039
0D87
1548
3028
0342
0070
134E
14DA
2A71
3003
05F8
1497
217D
2655
2A83
0617
139B
039D
07F6
253B
1AD1
0F0F
14A6
01A9
0DBE
07FE
316F
1E24
00B7
222D
0BAE
0174
2C11
2BFB
1711
32B2
10D4
0D8A
12B9
0842
15DB
108B
2570
0041
2314
0E0A
0D74
3211
0565
127A
0A2F
12C0
33BE
339C
00CC
17FA
25ED
2837
2BE4
2B24
2DF0
1BA9
112B
02BF
0F03
2DD5
053A
18C4
1EF3
05E4
05F7
0BC1
29F9
3117
0180
172B
1B65
0FE3
2C04
32FF
25FB
0900
213E
29E4
193C
1A09
0874
22D3
197D
20A1
2293
14ED
1BB5
246D
001B
132F
2D5B
2C4C
0C83
2545
06CE
1DB1
2DC4
189C
1937
26E1
0ADE
005A
097D
2258
0455
1C4D
2991
1D0A
1AD8
0683
235C
11DB
2D46
1B91
25FB
097F
0110
2B16
2E3D
009D
10CB
0EC9
1612
2601
06E1
1794
0AC1
1C69
1F04
233C
16B9
340D
099B
07C2
134F
1953
19B0
02AE
1B66
1EFE
08E9
2D37
2E58
3237
0B03
10C9
2543
039A
30C1
1504
0D65
24C5
1999
17D5
1E5D
07F3
183D
1493
2309
15C2
1617
1552
2549
3446
0D02
00E5
2214
04B4
04DD
2275
1F1E
0C82
0582
0E69
2CFE
02EE
1A47
2926
0280
2BFE
1B64
0271
1963
282B
18E6
1B9C
15DB
2499
1A6A
0A47
10E4
1E1B
2D89
2808
2129
17FF
0B01
1548
2C4A
2685
1108
1135
20E8
0F84
0159
2EC6
0879
2C3A
0141
115F
0FAB
2D82
03A1
2677
0710
0B52
26D4
079F
17B8
338B
16DC
3301
2676
0B21
0925
315F
1DC6
06D1
066A
2706
014E
055C
2C21
278C
1D56
05B5
274D
3473
0C41
2E99
1DE8
0D5D
0BA5
15A0
01AA
0F65
0C17
176C
0CB5
03B0
20F0
2419
16A9
2ADD
0391
073F
045B
144E
2024
1064
1E99
0AAE
05F7
32FD
1606
2EF0
3407
08AD
188D
0706
2821
17DC
0FB3
1FB0
2F7F
344D
1F53
0AA4
2D19
1BAE
0560
16DC
138F
03A5
2824
1B9B
257D
1E8F
18B3
0D4E
2879
132A
2A9B
02EC
23F9
1109
13BB
12E3
2C0D
0C2D
0022
2397
2EA5
24A5
0160
1A6F
1CA0
1E99
09D7
25D8
29CF
30BC
2C13
2410
26C6
11C4
17AC
152F
14B0
1D12
0E5E
2F47
18D1
0C4C
316D
1617
21AD
0D1A
1A72
0356
2DAE
2C37
1C37
03E2
10C7
2BB4
308F
0DEE
10E8
0C2E
2B0E
0231
0BE9
04AE
1AD1
05A7
06DB
2F5B
256F
0A60
1F7A
1EE1
23F5
1B4F
0B8A
0CC4
2FD4
0D48
13E7
1277
022D
02D5
2815
21DB
24CD
33DF
0A87
1008
0996
1E64
091C
0707
1284
0287
2EDA
33F4
28C8
28B6
2414
04AF
2BA5
080A
1098
0458
1FE3
2EFC
06A9
1CB6
1D0B
241B
00B9
2D26
0094
0124
1E14
08E9
159F
3178
0FDB
0A7B
15D8
1788
03D7
2391
265B
3386
2029
02CB
02A8
0C83
3210
147B
0590
1C31
0455
1D7A
14EA
2277
0F0B
1D9A
07C1
18CD
297F
2907
219D
28AE
2E15
07EC
0C4B
2B18
1F78
007A
006E
043F
0CB7
0153
0865
1D3F
15D3
2CAC
0842
3175
0321
141C
2C03
1F4B
0F4F
1CBB
08D1
04CE
1231
0787
2327
2E21
23D7
047B
0C0D
1C27
1D09
266E
1472
07DA
2F5C
2663
2609
055A
26FA
202B
19C3
30E7
24A5
176B
0283
1151
1624
0365
0275
26DD
232E
21FA
277C
2968
15A8
320D
27CB
1978
211D
2D09
2439
1EC4
29D6
3455
00EF
2A08
305A
1D1F
13F0
230E
2F4B
32FE
29D4
177C
1C27
2F92
0FBC
2347
21F7
107C
1D0E
167E
2575
2C08
3162
137D
25E9
16DC
12E3
1DB1
20B9
2FA8
0820
24FD
0016
185B
0BC3
059C
1363
1AE9
2E7B
0076
1F07
1ABA
2EBE
2F6A
15B6
134F
1F1C
2E54
0517
2E97
1DF4
212C
1904
3018
2ECD
11F8
3223
273C
076E
13AC
2659
1ED9
0310
04FD
1463
03F4
0B96
2B7B
0E4C
0899
1853
2589
1D3A
2879
1E56
287F
1F93
1987
1293
2B30
2E94
0A9B
2A2F
20FD
2D82
106D
1FA3
2F96
339E
0128
33C7
0F8D
046D
19FD
1FF0
09D7
054A
05ED
0396
1D60
3154
07E5
2F0C
00CD
093A
1B6D
32C2
1752
20FA
200A
2E71
0338
1271
0316
08F7
0FBE
012B
1837
1DD8
1739
1414
2C4F
2C61
30BB
2F65
14FD
1FD2
1798
2C13
0F75
045C
10ED
30B8
05E1
13D2
2B87
1B78
0D1B
2B90
2809
2ECB
27AC
0B14
2C75
0041
0E6A
231C
16DA
1363
2D39
232E
253D
05F5
24CB
284A
23E5
13EB
339A
1233
2C38
2193
2F7D
2C87
271B
1C6D
05FA
2606
203C
0209
0BF0
2EF6
0B16
0263
0403
05A8
02C3
0597
2AB0
070D
27A9
1C20
2119
1671
01D7
010D
156E
14C7
027F
16D7
2646
3152
1D93
2C40
238E
0C68
0FD0
2C09
2D10
2A50
2B29
32B1
156F
0DB1
0EB7
21CF
296B
0AE6
04A6
0EF1
3316
1F5D
015A
034D
1AC3
1AE6
2995
1FD6
1B6D
029C
10B4
2764
24E3
2C9E
02DB
1A65
0CF3
1259
068C
1219
1C5F
1E27
19D7
0F3D
195C
1FF0
32AD
1ACE
23DC
0319
2376
2618
080B
10BB
32D0
2415
3061
1E2C
26C2
3381
0193
3398
106D
034E
20B7
157C
102C
262D
1186
0739
0175
0584
155F
0EAB
1928
3097
270E
190E
0F3A
16CE
2276
288C
08F1
081A
1E39
17CB
1A06
31DC
2F8D
2479
2605
1617
1E29
177E
3315
0CBD
10D0
2403
29A2
17EA
318B
2BA4
318A
1EE5
1189
0A10
2B84
23DE
03F5
1119
1ED6
2D7E
0CC6
053A
2ACF
00E5
0DF3
24A1
1571
22B3
13FA
0D67
19AA
164B
16B5
18E5
18CA
1747
1718
2572
2351
0C5B
17AF
3381
021A
0550
05FC
166F
0BC8
090E
2C9D
0B37
1B21
025A
152E
07F9
0D57
1A16
0A9A
1625
240B
0055
06C7
0D3C
2DCE
1F8E
253B
0AEC
23A9
06B2
15A1
1C45
11EC
31B8
054B
31FC
2E1D
044E
2C1E
207B
18B1
1528
1580
0A48
0B4E
2D7A
1C1F
0136
24B1
19D0
130F
1412
0940
1BBA
0624
1086
07D0
0591
285F
0349
06BC
076E
20FF
1B9E
2542
0E65
1DDD
2214
0845
0723
2DBC
1809
21C6
08B9
2249
320F
0C0B
1407
1577
2778
3458
0BAB
2CAF
132F
224C
2153
1395
2294
2C54
1EEE
2A40
2A39
04ED
1D7A
1241
1372
1DBD
1C44
143C
009C
0F71
1154
2ED2
216E
117B
1ACA
131B
1470
0D07
115C
2503
0C5B
30F6
01C8
1616
0786
1236
3104
0E19
06B6
09F6
280E
0B9C
02B7
2343
2CDC
2AB1
00AD
2BE0
22AB
0838
24D4
074D
299B
155D
0D08
30D7
199D
0BC7
09C8
132B
1964
155B
1712
12F5
1F0F
19E2
13EA
2BAF
1F4E
2DE5
30DE
14DC
1E34
2D54
12A6
016A
0869
3060
2E22
29D4
2A65
2D68
00F7
0757
02CA
0EEB
1116
1B6D
0696
06BA
2C53
2DC8
1B5B
1390
1934
314A
0FF4
20F5
2041
1EE7
2B48
1C41
1AB3
0850
1140
03F0
0D0A
1953
30C4
1A68
137A
0D72
0E0D
074D
065C
0E7F
1487
1316
0D49
0882
0DC4
320A
28DF
2905
0AA1
1B83
16E5
1398
1014
20A4
11F0
1DED
2738
0740
0B06
18A2
02C3
0D2A
269F
20A1
15ED
1822
105C
3293
3066
1633
27E0
1D9B
1D2A
0F91
2182
194E
0C77
0ADB
2ABB
1324
1EF2
063F
0C11
0B1B
1CED
0D90
1833
0A96
2CCC
2FD0
08E1
1EBE
03E2
1CD1
1BB6
084D
00C7
1E1B
0BEE
2394
2226
0D96
249F
1AF0
0DD3
2716
1377
22B4
0D7D
1031
2797
1264
0C2D
25B0
01B7
2F04
0125
2D93
2716
1730
2D68
2D5B
2122
1734
08C4
2964
1A8C
2BE4
103A
1C9A
2542
0A45
241A
0FA0
0041
1BA0
09FB
0884
0BB4
12A8
2D34
2D78
22DF
027B
1930
102A
2813
25DA
0EE7
0E22
0D92
0E7D
0051
21D4
09D6
0A03
2E2F
2B4D
010B
2646
0973
1992
0337
1490
2490
325A
1E8C
2E4C
20D4
2668
136A
3190
1E25
2A2B
2FD3
2B0F
2AEC
18BF
0571
201A
1B0F
1CC3
1F7F
3005
205F
2C52
2D04
0BC2
0382
11CA
2712
0135
25DB
26FE
1DEF
072C
1682
0D44
0ED6
0979
254A
3005
0CE7
0B85
18FA
2486
2466
2F87
1B51
000D
2143
21F5
22A3
0ED9
15D2
2845
0896
0E8C
23B9
1136
1F82
05DD
0243
257C
2F03
053E
16F7
1CC8
1120
191C
0FC8
1CC0
25EF
0953
1A1A
15B7
0940
2246
1761
0565
108A
1172
0617
2A23
2BE3
16C7
1566
02B6
056F
1CFC
0902
19AF
10E1
1A30
16F7
0BF9
24F5
294B
1E65
01D8
1678
00B3
2331
2A4C
246A
2906
0484
257D
1E04
12F0
037C
241A
182E
0C89
0F63
1165
02A3
26B6
0E50
273F
183A
06A8
1413
191C
222C
2ED9
06CE
0FAB
32B4
03DC
28FC
0540
1D1F
02BE
191C
004C
1DB3
0DC0
28F4
0D8B
2A25
1209
0417
1007
2BE7
2316
2F0F
1BB3
02DE
2908
109E
0B15
24F6
0838
11E1
2DD9
1D1A
0492
1F73
15E4
217E
1B90
1B1B
0003
2C6F
2507
1DF4
26EB
0032
0F73
22B5
019A
3179
0F11
30B2
2B79
27D3
07D6
0AB9
1553
055C
29E7
2907
1BEE
0030
212C
1CCD
0CD0
0FFB
2754
2B26
083D
2E9F
12FF
2A6A
0F93
1E66
1068
1652
1488
0A1C
189E
20B0
2860
18F3
21A5
0C9E
0417
2B79
126B
2CD4
2EDC
29D2
1EA2
112E
0DD0
15CB
2A0C
0E9D
235C
24C4
3251
1E5B
0C39
0D3D
0F4C
2D0F
1B4C
14E2
236B
082B
0AD6
2C48
2C82
277C
3238
2F36
2A3B
0429
2B75
0989
1316
06D5
31AC
03E7
1715
3056
1F5C
14B8
0B2C
0D12
14E8
104B
1814
1618
15F4
2D84
29FE
0C86
114E
21BF
2630
1BD3
12AA
00D0
2830
1AD0
226C
2997
0B07
03C7
1738
17D3
03C3
2811
28B1
2A30
08EE
2CE3
0838
1EC8
1A0E
15A6
0DFE
113B
1988
2507
2EBC
1CAC
04EE
0530
11CF
0D72
1A3D
11C6
14A2
2811
270F
13F3
073B
04BD
0328
1DBD
2D45
0AFF
23DA
21B9
075F
22DD
24CB
1AE6
0F2C
15BF
238B
1DCB
2444
1CD2
1081
3129
1A13
0580
1509
30C2
0429
32B4
28EA
1FBB
1914
0DAE
23B7
121A
28DD
12F6
0E05
2A82
0559
031A
2E5D
088E
14AB
286A
1D43
2B27
12A6
259D
27E5
1930
25B5
214D
1519
07DA
29E5
118E
0964
2B98
2172
0B3C
15D2
17D3
01B7
1D62
2E6E
227E
1EF2
087F
2B52
2A09
14AE
1AFB
0E7B
2F12
2A27
2F3E
22F6
16C4
1A89
29F3
26AB
023B
0AFD
2691
0A57
2BA5
2FA0
0C44
2FCE
0F54
3258
192D
30A2
11DB
1192
25B8
099D
21B3
10B3
0769
28A3
304C
1DA5
130E
30E4
0F44
29FB
2A09
29E8
114E
079F
1192
042F
2206
11FC
1660
0258
26FF
322D
2AAC
1953
2A30
0D8F
2222
17A9
2CF8
15F3
0902
07C0
2201
2F43
28A5
2684
1470
180E
0BA2
3191
11A5
217F
2D47
020A
2A82
0AB5
059A
14B7
227D
1A35
042A
2BE1
2ED1
02FC
2A62
0890
0FD0
0D85
25FD
283D
1CEB
2D04
1D9E
1CBC
2D9D
1D2B
3235
2EBA
14FF
1484
06DE
18E2
1E1A
2A79
1E3B
0D9B
0F87
1728
2D6E
1147
202E
3070
1FAD
0398
1072
2E1F
16DD
10C3
0DA4
0621
1069
2A4B
0EFA
21D5
27AB
0C16
1E20
14F9
052E
0BA2
1FF6
20BC
04A8
2FE1
30E1
2725
12F8
2234
31BB
115F
09EF
0563
039A
090B
124A
1031
2590
1EC3
20AB
2867
0967
29FB
11F3
26C3
1FA1
0651
0EDF
0DC4
1A6C
050A
319E
2C8F
20A7
26FD
113B
23ED
07EE
262A
219B
232C
215F
0FFE
00E0
2583
1418
0CF9
0BE2
199B
2792
0550
23DC
0C44
2795
1A89
1EEB
02A6
112A
1DBA
0773
3263
1401
2A0E
085E
2656
26C7
29C2
2BF0
2461
1D51
0330
2AE2
2D0D
05C1
29D2
21B3
295B
13CC
2392
116A
3025
2523
2B88
25BE
0373
1D55
2ACE
2D29
27CD
2689
2C3C
269C
2788
09A1
2177
0FCF
11D7
090D
04A1
0A4A
1C3D
1E36
2F98
0D64
3003
17AA
281B
0B80
2E28
0D4E
0E21
17DC
119D
0AB9
30C7
0E21
0D04
2B74
271F
0B97
0E89
1B7C
2768
0878
06B8
1E7D
2541
2920
13EF
2602
2F09
0082
129D
132B
16D8
155F
0C77
3009
1865
1039
09D8
164F
25C9
216A
01DB
2B38
27C3
1857
0B97
1599
02E0
0F1E
1511
019D
0ADA
1EA3
1D49
2A40
1816
0179
0E57
181C
2173
0462
0062
1965
0F48
02C5
17DF
0885
1709
2542
1989
0A36
04A7
1DC6
1747
30A7
312C
09B4
1E5C
0631
1C05
0B17
1A6D
2C4B
1E67
0171
28AD
30A0
26A6
07A2
1DFF
2831
14D5
0211
0A2C
03EC
17CF
010D
13C6
2D39
0FA5
08DF
1B85
0AEB
2C9B
1C5E
0896
2663
0689
2700
13C6
04DD
23C8
16E0
1F19
0362
1514
05EB
1674
093C
2063
2AB8
0B70
1CC9
03CA
23DC
06EE
171E
10E1
1619
3080
05DE
2D5A
05D0
225D
072E
1E7A
2DBE
028E
23D3
2ED1
1AC2
17DA
0BCD
06AC
18AE
2234
2CDD
104F
156D
2DA7
0C41
256E
2CD2
1ED6
0770
108E
0CB7
1DFE
013B
20C7
2E38
2354
2915
0201
0BB6
086B
0D80
275C
1155
0197
28D5
1467
0140
1FFD
2F10
2BEB
028E
1050
0866
2CC9
19E3
30A0
2855
26B6
088B
174B
2FD3
1EB1
0967
2687
238C
1690
02AF
1B32
1223
0A35
1E79
2EA4
2928
15D0
2F3D
1D58
1786
1A96
0A25
0651
2845
1237
1D6D
23DF
00D3
237E
207C
2BA4
2791
26AC
203D
1AA9
061B
2470
2F50
1A5B
2176
2CFA
1DDC
162A
141E
075A
2A3D
0E5E
2A0B
083B
0559
0C39
3054
0A87
14BB
134D
2372
3159
035C
1732
146B
125E
20D5
2E22
2D2C
0957
06FB
2705
25C4
2606
2903
04E7
0483
2B24
1E20
0EA5
1224
17E2
15B6
214F
1C8B
3110
2E5A
200A
3125
009A
23D2
2274
19CE
0AE6
130D
1695
111E
0444
02D5
035C
0EFC
2E03
1246
229B
29D6
27B9
21B5
164B
0164
1E23
0DD8
1747
2C91
2E95
3158
3141
2F6B
2B01
1F4D
14BE
0433
06BC
1DE7
17EE
02B1
05B8
05E9
14FD
0AF4
2A7C
2216
18D9
1DCE
0A70
00EB
0828
17E6
0AD5
0EED
0EDA
029A
3050
23AF
08CF
2BF9
1A30
208C
1DE1
2999
2750
031D
283B
2FCA
06CE
2A3E
2D98
0BB8
0465
0F5E
07FF
300B
1FA9
2085
1176
3192
21B6
0AA1
2079
1147
3154
2937
01E8
2AD5
1A9B
2A6E
2166
22DF
24D9
1345
1816
2156
2313
2B5F
199F
2312
03A2
2B49
2D7F
2D59
191D
1753
0160
1E51
0C29
221E
035F
0459
2BBC
1D63
30AE
3087
2846
24E4
2BD5
2480
23AA
05FE
302C
2B18
263C
026D
0A2E
27AA
1E59
106E
0DE4
264F
00A3
300C
024F
1FFC
0DD6
2198
1B48
0E14
10AC
072E
1666
0DEE
200D
0BF4
2052
015F
23E5
13B4
0778
0123
2F35
0DF5
0397
1F2F
0405
25C9
0D2A
2AAE
1C8F
1D62
130E
045B
0B91
01BD
2567
0A6B
1FCA
1E25
1DFD
261A
1BDD
12B5
1A90
03FF
143F
260E
2FE4
2F55
0BC1
01BD
24BC
17C9
04B1
1481
1763
28D6
1976
05C6
117E
1F9E
2B84
0AF5
28FC
2BFA
2A0D
027D
1C9C
179F
3068
1F7C
014E
0CB5
1085
0A3E
086A
08A9
0452
0E16
08FA
0FCE
15CE
1A9D
3111
2E1E
229B
0D33
100F
22EB
14C8
28FC
091D
1C98
0012
1226
2B30
196D
04EB
253E
1E11
02BD
2F37
1BB5
1ECE
0E4F
0940
171F
21F0
153D
1A61
215E
056F
0F41
23CF
0B26
1113
23FD
07CF
2FC1
1D76
273B
05FE
1F56
2472
2D4D
0310
1D0D
1B25
1223
198A
0DD4
173C
183A
243C
0FAB
171A
14B1
0AB1
313F
15DE
1FE4
1908
1851
24A6
1566
1F0A
0271
1F13
2AA1
05FA
2E2D
19BD
1CD1
3011
1BB8
2C12
217E
2950
0032
033F
1B95
2BF7
16E5
25AE
1EE3
0686
2705
2DE4
2984
10BA
00DF
1E0D
300B
0FE9
01E2
0D98
2E31
1ED1
1C82
16B3
2EF4
0A40
096D
285A
1532
12E4
0C16
2F8D
1DE8
1080
205E
2F5A
2AB3
1130
2FA1
18C0
21F0
09BC
316D
1AD2
1960
2BAC
2107
2BBE
31AF
1FD4
0CF2
08E3
162B
1B25
296C
1C7C
00B5
0F1B
11E0
1EA8
0E0D
1FB9
08B1
01EA
1C57
21D9
12C6
04DE
1D37
2A41
0A1C
0F51
184D
06C9
0D70
1441
195A
1AFB
29D2
0E24
2119
1F51
1271
1483
09A3
171E
06C9
096F
2F8B
102A
20AA
245F
0ABE
08E4
23E2
01CC
17EB
2EC0
00B6
17C6
146A
1D63
27E6
2194
065D
2AA7
13F0
290F
2F84
10C3
1D72
2942
02E9
30EE
216D
0247
2A17
29BB
2182
1735
2F86
2E0A
31A0
1822
23BE
02D5
03A7
0CF3
05C2
1A9E
18F2
2D89
1D7F
1A56
06B3
0FFF
2362
0487
07AD
29FB
009D
0E8A
1697
12C0
303A
18D2
2B34
2AB0
15C0
1FE3
3055
26F2
1CB5
0408
25F8
25F1
2964
2D53
191C
0317
13E9
1B30
13CB
0BBD
107D
2BD9
2E7E
16EF
21B5
23D9
08F3
190B
24BA
29B9
1722
03D9
2B82
2FD5
29BD
29B2
1197
2D7C
293B
0272
0775
301A
1240
1693
1974
0E4E
109E
0462
21C3
017B
0E35
22E6
2BB0
04D3
22C7
089E
29BC
1863
2483
22A7
1F0F
0BF0
2C27
30A0
322E
2019
273E
27C4
1A76
18B4
0FCC
2C26
25D3
07A2
28FF
2E60
1C82
2012
31ED
2124
226C
2A55
312D
15DA
05A3
085D
280D
17F2
31AB
1A0F
0684
0F50
2D66
23D3
105E
213B
27BF
0D36
0C40
0D34
1108
2237
0E5F
1464
1683
14DC
1891
0B28
062D
09BF
269B
2AAB
0F11
1484
0DC0
1C0D
0360
3054
0BF2
238E
0E7D
175C
23CE
3024
1A10
2724
139D
1A82
13A4
07EC
174B
31E2
0C76
2EEF
1BEF
2B1B
15DB
1EF4
068A
0225
058A
17CE
0337
300E
2C1D
18C7
1BD5
0EBB
0FF9
2824
1A9A
053C
2C98
19DF
0F77
181B
2E26
1CF1
2D36
1098
2C75
0F08
20DB
26D2
0667
1827
30C2
28E4
1A3F
28F3
160D
0824
0035
1075
023F
1E9E
275B
2871
20FB
0F2D
2E39
3010
0206
1EE9
1461
2478
07AA
1F87
18CE
1A47
0975
1426
1B92
158B
0DF9
289E
0C62
2EF8
1537
0272
287A
2631
00FE
30F2
21FE
0308
1EEB
0661
1E13
0017
14E0
1457
1802
2E72
1091
1CAA
10CB
2EFF
12AF
041A
1DC3
004A
19A0
0763
3197
2D05
0B1C
0893
14A9
1315
1FF7
2671
1B71
181F
03A7
3023
0CB2
17CA
279A
1957
2382
2696
1486
0B14
2FB2
1C97
225B
3052
25FF
0574
0D24
2BC0
0F7A
3201
093D
14DD
1268
13CC
1489
0768
1F83
0178
22EA
08AA
12CE
00DA
179F
2060
1179
0AA3
202C
080C
14E4
18F3
1F5D
25F9
159B
2574
2C9C
314C
1AD5
0865
28C5
0CA9
0B72
0348
0EA2
27B1
1CD4
0C8A
11B3
19BE
0EA1
24C4
309B
0821
2477
2EFA
2681
0B21
2CB6
0A57
2668
2E22
02F0
1226
1AD1
27CB
0C4A
0246
1E25
12CC
1E10
2E0D
2C8A
23CE
02EE
1DB2
0F77
263F
02D7
2D10
204A
16EE
2A87
2C1C
0C70
0DCC
0AAB
2574
0FCE
2B02
2BF8
0A32
2FB0
2BF0
08E3
1B3F
0AE2
2202
19AF
1061
14D7
3032
14C7
09F6
0018
1D78
2B69
1BA3
1008
2A96
0BE7
04D1
0BA5
026A
0195
2516
2477
0BB8
0541
30DC
2168
0EF2
0DEA
15F1
05F3
0AEC
09F7
0ED0
1FEF
21D5
0132
2D91
29D6
1FD8
27C0
07DD
2F6E
234F
1277
29F6
05D6
2629
0A8D
0A68
27DD
090A
1240
0C2C
18C5
1A5A
2C77
0843
1146
0C30
1D93
3081
0189
1F25
2B29
1C28
04F3
1CF8
2EF2
049D
2E6E
17CC
1DCF
0DA9
0351
295E
1FF1
19A4
0777
05F5
283D
1F8F
01A4
1D2B
2FA5
1461
0731
2F5A
1429
01D4
3165
2F62
10B3
0DB6
286A
2677
2BCB
28B1
1B6E
1EAD
087D
3114
1EE0
2C3F
03F1
2215
2552
1DCE
2954
00E2
23BE
1454
1394
141C
105A
05D0
1666
13B1
2BC7
08CE
2FEF
05E0
2076
05EC
1A6D
103A
030F
0ABB
0EC8
1523
1CAD
0A19
0136
0128
0627
2996
229C
2985
2285
10B0
239E
1BF4
300D
3103
01CB
09B8
12D3
0D9C
22E2
2A22
09C1
27D9
077D
2F26
185E
10BA
2F1D
241C
1256
270B
1421
2581
2EBE
224E
0994
2A07
1251
2C9D
1130
16E9
3034
0785
11C4
0210
19BF
0820
18CF
0868
06B1
08DD
1948
236C
106E
13C3
2AA7
08E2
2D4F
2688
277F
0514
00CA
05CE
08BC
1244
2263
0C31
2EA1
22C7
15B5
29B6
2F96
00BB
077B
10D0
11D4
128F
1BB4
09D4
0400
0A91
31F3
221F
1D22
2511
083E
1466
1246
0386
0180
1445
31BD
26C4
20A2
2AAA
209C
0930
2262
24B6
1470
2D56
2AE3
090E
12A2
1657
0445
1F55
2D5D
1EBD
2238
24B4
1DFD
284F
2686
0570
1576
1F32
0800
2379
1761
1013
18E0
040B
06AD
010F
270D
11FF
10FB
2E47
0266
2726
1F2E
1265
3146
3122
0E51
206A
10D0
1CC9
273C
1534
0DD4
26C4
2396
0BA2
1E01
04D0
2D60
28F3
0E81
3230
0BF6
0A43
0332
17E5
2AA4
1D99
1E93
038D
2CB0
0ED3
0F18
04A7
13C0
296D
10F9
0FB6
2DD9
13F4
2A79
1660
1AE9
1401
1AE9
25D8
1739
22E0
15CF
1BFA
24E5
19AC
091B
2521
0DFC
0F17
28D9
2F4E
0996
2BF1
1E26
2246
1B58
30E3
2D63
2F78
0401
3141
097B
034D
0ADF
22BE
1721
0B8F
26A2
00FA
0E78
1806
1CAE
2BAA
259C
310F
270E
083D
1921
2822
14E6
259E
07BA
2C7D
18E7
2EB2
06CA
0DE0
292B
2CB8
2943
1727
07BA
2AC7
1021
2C9C
1CF5
17F3
1267
1A4A
154E
0C9E
088D
11CD
14BE
1B6E
25A7
2714
022B
0DD4
1B03
219B
0488
01E0
03CD
09CB
14CC
2489
171B
2409
0F11
26BC
0BC5
16D2
1094
2AD0
1E44
0993
3099
292D
11A3
2430
13B5
1E22
2EFB
0867
02E5
2B31
08D0
2F0E
1E03
018C
2386
0F81
054D
0380
1983
2265
24A3
13AE
06E7
00F6
1ECE
035C
206E
299C
2EE0
109B
1915
25B5
1F3E
1D59
30AC
01CF
0547
24FA
28B3
2D6E
07C6
2CC5
2F2D
21A6
097A
08B3
2FFE
2159
1572
28F0
212C
2560
0E81
1E4A
2829
0C7B
2E30
2749
05DA
2157
1385
2E71
1CD7
06FE
16F2
1D29
10BA
2974
002C
1B85
177D
1956
05F4
1F0F
08A0
00C2
0FAE
26C7
290E
0048
122D
2B13
31D7
212B
2746
18F5
0886
11AA
2882
209F
10FB
12E7
23FD
0FF4
293B
0437
1695
2587
07B2
2D9D
121D
2F4B
1D36
0284
184D
1847
2F97
1681
319F
3183
24C6
1A6B
1FE5
3190
0DB5
2379
3166
1979
1B91
2EA3
11D8
143D
2615
2243
18BA
2D95
2154
2542
0BF5
0009
1C05
0F2B
31D8
15CE
1F2C
1D6C
0283
00D3
20F1
1DF7
09CE
2B29
28F9
1F88
297B
2C1E
02FB
2FBC
01C9
14B9
23EB
0415
1FA2
10E9
249E
124F
0E11
082A
0FE4
170A
00BA
19C6
1871
2C9B
297E
10C6
3106
11CD
307B
0480
2E86
2908
01CD
0777
1472
03D8
1CF6
1909
1CB5
271C
02AA
277E
04BC
220D
02A3
1D93
0DF0
0DE9
19C7
2A6C
245B
145E
26CD
191C
1BA8
1F35
080D
21DA
2084
0681
2D91
276C
3143
0099
1514
1C9A
0A40
2363
20F3
2344
0258
279C
1734
305E
1E3A
21B3
283C
17C8
24CB
11DF
2107
0CBA
0F55
2AE1
0201
21D0
321E
0780
1CFC
0C05
13ED
017C
067C
2816
1A86
1AEB
0475
310E
0FB1
31F2
0880
04E4
1752
255F
271C
069D
31AF
244E
082D
21FB
0241
1F78
1DBB
2E29
2E6E
203C
3105
2D49
15B9
29B7
2E54
0E84
1F6C
2E01
10F7
12C2
022A
0568
0878
09DB
2E9E
0D36
27B5
1964
1C85
1B47
0477
2B61
0E59
2093
24DF
2EEE
234F
0E51
17BE
0B9A
2DAB
2217
2C77
269C
0767
2E2B
06C1
26DC
312A
151B
1AFD
038C
093C
0EF4
299C
048B
271D
12E5
247B
2B96
1DE3
14C1
1C37
02E3
0F26
1EBD
17E1
252D
0D0E
1A46
1DAB
3049
2E91
2256
0259
2115
0F35
3272
055E
27AD
153B
2ED3
210F
05C3
1413
1F6E
0E6C
3190
0A58
2E70
315D
2746
28AB
2094
22C0
1FF9
11A8
0FBF
292A
2C06
0BB2
1D5B
0470
0A87
0D33
2DD0
1E29
0EB2
2FFB
0F4F
1610
0BBC
1AA9
09CD
2D9D
22B3
2CB8
2B38
0611
327D
0E3F
0810
0BC8
282B
0D4C
3051
1568
00F1
2EE3
1B12
0A88
0A99
1BD3
2503
2763
1A95
1900
2768
2724
1191
090C
0092
1B21
2F01
1FDC
10DC
1C2B
15BA
0285
13AA
2D88
1E22
2E52
1AF4
06EA
134E
127B
1907
2F41
19DD
161B
1AB4
0EA1
0279
154B
277E
2E24
219C
2496
09A9
0989
07C8
2CE4
292A
12D3
32B2
098F
13B8
1FDA
26DA
2A04
1E16
286E
0FD8
29A7
28F8
104E
2901
0558
2193
2BA9
0323
13D1
2630
06DB
0C9E
0A76
2EF7
154C
226D
0125
13F3
112A
18E8
1ABF
0D97
0BC2
0E27
0F2B
0A06
2D03
0FC2
0E0A
30AD
2DD7
1EE6
186E
15F7
3220
2FAB
0140
2228
2383
014D
1C35
0530
0698
0CF6
2320
2AF3
08A8
2090
0C16
06F2
0E2A
18DB
1E77
0FE2
02AA
00D3
1909
03CC
0A5A
07D6
2217
30E6
0345
25AF
26C5
1C7D
286D
2459
0234
22A7
0B3B
24D8
2F9A
3208
14B6
043A
2DD6
106E
09BF
2A37
09D7
0BB5
04DA
2296
0682
1F3E
187C
1C29
21FF
0E48
040A
07BA
1F36
0808
1126
2A07
2472
10C1
05AF
0892
156C
0B71
2C34
0664
1C71
2D85
2FBE
1DC3
0AB3
31E8
1851
091E
2D09
133D
0AC0
1F70
24F4
0D30
2DB0
0989
28FB
26F1
17C1
0A9C
0AC2
0823
186F
0A3C
2361
1197
14DE
0F8C
20DC
0A54
0F64
1549
2178
2E83
155A
2DAB
0A4F
0BE0
144F
142E
1C54
08C9
1CD6
20CC
211B
2AB6
227D
1B69
023B
2042
1164
31E3
31E5
22AC
116F
0949
2627
04C8
14B9
2AD8
274E
15DC
04A8
3073
3065
2D62
1207
249B
286A
00B0
3003
144B
1B1B
151B
2656
21F0
1DC2
20AE
0E20
2538
1055
288D
09E2
135C
284D
2E3E
2860
2CAE
1969
0A80
0D66
04F3
27EB
2D3F
12BF
0599
1FC4
116A
2585
1F11
17DD
290C
31FD
2C98
189F
29BD
05DD
1B34
0FB3
0D1D
2851
02CB
18A2
2562
0601
028B
2A77
0AA9
0A78
2056
1FF1
21B5
0C72
0232
0500
1BBA
2B85
20F9
0B3B
2E1C
2FC4
0459
0FBE
0B0E
0544
14CF
2B6A
0ACF
1407
18BD
3017
1B07
0221
307C
10E6
1D82
09BF
13DF
091D
0ABA
12C1
2B3D
2E10
0D07
2686
2DA0
2E27
09F1
16A4
16C6
1528
1B5A
00C4
18D0
2B41
32B0
0D99
200C
29F2
0930
3207
0A13
20F9
098F
065D
01FE
1C15
1C30
0B2F
0CDD
2F2B
2DB8
05A2
2B73
18BC
2C91
1CF3
2226
0EB8
0A01
1AF9
0747
26BB
113A
31FB
2D8A
21AC
1C22
0923
094F
2935
14BB
0CCD
2B77
0498
11C6
276D
19D6
21CF
1E6A
24FB
0249
1C09
0DFD
0052
2223
2FFC
0831
133B
2A93
1E55
2593
17C7
07F8
2B41
2D70
08B3
01B2
2029
2BB5
168E
123B
1EDE
3030
2882
1101
0541
25E7
290A
228E
1F16
2C7F
2937
07F5
0378
07CE
0674
2752
13E3
025C
1C87
2CFF
2835
015D
19AE
2A2F
0B92
2E3C
2A23
2B80
2783
1AC1
1EED
15BA
2C51
0C3B
2B6E
2711
03A5
2493
02BF
0D21
1AF8
3198
0DA1
166D
0365
3170
000A
0168
08BE
0500
2B45
018A
01AF
0FD3
111D
2129
1946
1D0D
0E27
08A0
078A
1CBE
261C
234E
1A10
0E1D
0789
0EEB
1163
0F9F
034A
05A2
26A3
0705
125E
0CE4
2E41
1155
267E
31BB
08E2
1504
0847
2D70
13F6
089C
27E0
0D97
2A50
2343
2BFD
02CA
1D89
0545
08CC
25D2
1EF7
2733
0898
2D75
15EC
14E6
040C
0BC3
32A9
0A38
17B9
02C9
2767
2733
2223
02E3
22CB
0D81
0EC1
105A
0177
0A18
21A9
234B
0623
109C
0DE7
10F8
260C
146F
294A
1837
19E7
02CF
2D16
2D49
06CB
10EF
332B
30B3
0E9B
01DD
2546
164F
2FE8
0CA7
0007
0996
1ABB
091F
200F
30A7
2C03
1411
32C0
01D9
01EB
2809
0543
2136
2D85
2553
11E9
27D7
2FE6
1B52
1199
1F6C
1DBF
03E8
0956
1AC9
144B
1C03
16B8
1D92
05D4
0535
31B8
17CC
09DC
3271
1F98
28B0
1769
080C
19B3
2AA4
3049
295D
141C
1C72
2726
1020
15B7
16DC
1646
2E42
2F43
0C3E
0632
0F84
233D
326B
0B64
2654
2467
2D9A
269E
3133
300A
0229
1433
05FD
3051
0BE8
0438
12CB
0767
0A17
2E19
0E4B
1B3F
1B4E
2608
04DC
04D0
1858
2CDD
1726
1BAC
0ED7
1638
0E10
1869
0CC5
0878
1F46
1746
081D
0F48
1939
0082
0361
2B5D
1880
1643
1F2F
20B0
1B5B
1AE0
1A41
07A4
27A0
13EC
2DC2
2BC2
1DC2
2ED2
0502
1946
1E70
1E0A
1A17
0E81
3070
0770
0E0F
13DE
0BF4
28D3
15F0
1559
2122
1957
16A4
067C
2DDD
00BA
0AB9
0978
0A62
1FB2
0401
0E89
0044
2EDB
1103
1B8C
1562
0C7C
1D91
0C82
0E29
22E4
05BF
12AA
2F94
3212
1F6D
10CE
002D
1783
295A
05CD
07E9
0AD2
3270
2EC7
30A1
1037
2E65
180A
2D66
27B4
2F20
0DBF
21AC
02CD
3231
1F94
14C8
1027
116A
00AD
2098
04FE
0A5A
2F84
2A2C
2FE0
0E17
1A16
0FA5
0BD8
2C0A
06DB
2345
3229
1527
1EFC
0614
26EC
1D15
1813
0BEC
2543
147B
1590
278E
104E
2D25
035E
0788
194C
0B64
1395
01A7
2D02
1207
31FF
25AD
2E9F
0E51
13C9
0626
2058
2D92
0CCC
1456
2D6F
0A23
195A
0926
2F5A
3210
24AD
2B11
03BB
18A7
2B04
229C
1C2E
1AA7
0810
1E8D
01C4
334C
2CD1
1399
1101
2182
22CF
09B8
2152
0545
15E1
235D
0941
001E
0210
2BF2
110D
03E9
2DC8
0956
14A6
037A
1D93
27D6
2A3E
1F71
04AA
2E95
264E
235F
021D
0908
1639
00E2
0F12
0011
2AC4
06D0
131E
290C
0811
0E44
0A6D
2AD8
1FD0
111B
23FA
0C07
2ED5
286E
012F
182E
125A
243C
263A
2A65
2AA2
0588
0A82
1858
13E8
04BC
0993
053E
07CC
27C0
09E7
039F
27EE
2C57
04A6
2DA7
0B89
0F3D
0F3C
024A
28C7
15E0
0920
1269
085A
1974
2DAF
02BE
288E
216B
30F5
0F57
1C1B
1FB1
0427
29BE
0B9E
0961
2B09
058E
0738
061B
05DD
2618
15D0
29BF
0EF8
11A9
0159
0891
074E
1D33
2AAF
2D91
04AF
1829
1CC7
17C9
3101
27A6
2245
09DC
0F38
2FD9
164D
262E
127C
29C8
308A
25B6
0EF9
24B4
1EAD
0AEB
0DA5
0A8F
16A9
2901
16A7
005F
1ECD
0AAB
23E7
1D41
22AA
17A9
24EB
3044
16E2
2806
0CA8
0B1B
2FE1
0339
114D
19C6
04A7
1E17
179A
1BB8
2554
248F
2675
2AB0
0139
28BE
1C1D
0E61
230A
0765
1FFB
0EE5
2800
2316
2A52
19EB
001D
1E8C
2A9B
2935
2B9E
169D
045D
181D
23F7
0B04
23DA
06F0
1D46
1405
1D53
30D7
20CC
21B5
2364
2AD5
1ED4
1C61
2259
1D97
2FCA
2F42
07EF
1652
0780
1E73
1FCC
1FF9
231F
0488
328D
182C
31C1
05B5
26A4
0278
2DD5
246B
0B0E
1B18
0947
0B29
044E
002C
14C2
1D00
0A1F
12A7
0AA8
1B03
12C7
1DA3
18D3
11C3
0835
08FB
0978
0B2C
313C
01D8
2B9E
0A2B
0392
1E25
094E
0F2D
200D
262E
0054
2A6F
269B
0586
1F17
29A6
2A9A
1808
1803
0293
05AF
269A
2495
2FFB
0868
10C3
30ED
0C32
2CE8
26D7
314A
0AB0
097D
09D8
2E16
211B
1CB7
2761
2700
328F
2AB9
0489
3150
061C
11AD
0B66
3209
0DC8
2D69
1258
275B
127E
128F
17AF
3038
08C0
20DA
15C3
2B6A
2136
0C6D
0760
31D9
05A8
298E
0242
284F
2901
253F
09B3
3194
0DC2
18A1
1107
15FB
0122
2BBA
1A1A
10F2
15AE
1725
07D8
0F50
04A0
007E
0E0E
2922
0C8F
0A92
0E29
1206
09FE
2ED2
1DE2
32F8
066F
2F10
1DC0
0FB8
013B
100B
06B0
2D43
1349
0BF1
0940
3250
2F5C
108F
2A86
1C1B
31E0
0083
0E59
13C6
0140
00EE
08B3
217C
0148
2BF0
1648
13C0
0506
25D4
3257
0715
01F4
17A0
2F07
294A
20EA
2C8B
2477
2703
3370
3331
0264
2454
3388
1C8A
0138
1B36
1805
221B
1259
08C1
2723
0ED1
2D5A
106D
0437
3298
129B
21B3
242B
0549
28B0
0ABA
12AD
0D1C
256C
2ADE
2B4B
2555
180F
26EF
1B0B
1F77
1029
182B
04D1
15F6
32C3
178C
23BB
13F9
135F
0053
1989
0EBF
0330
1AF8
1F41
13EC
2197
2E80
0DBA
1037
17C0
14F0
1E05
0531
041E
18EB
0792
0C9E
1A38
1A90
030E
29F9
2795
30B2
335E
0988
0F9D
259A
0BC5
2302
2444
2A43
1686
142A
20EE
31EC
277D
0EF4
25BC
3184
12F9
0EC0
2139
14FE
089F
2AD6
0BE9
2157
1460
0204
0B7E
0927
1C18
06C3
2A25
17A4
0B9B
1436
0879
10B6
32C6
265B
2C73
2BC7
03CF
303C
1BA5
2FC5
3025
042C
2211
097A
2224
2F60
0A5C
2A53
3280
0C7F
2C04
2182
2778
1AE0
24F8
1C57
25B7
2950
0330
0060
2FFF
1D82
3180
16A7
1248
07C0
0F49
2F70
08E9
1830
1CB3
0E1A
2DF9
2761
2809
2B06
3027
2E88
15BA
1F06
2C34
2043
1FB8
27A2
1E00
1AA3
2CD1
178C
31D7
30C9
0A35
0DF5
1141
02D3
269E
14DF
205A
018B
08EB
2089
1F5B
017A
0B0C
15B5
1B2E
18BF
2FEC
20A3
0E34
311C
18D0
32A7
274C
00BA
302C
06D9
1699
1C5E
1035
19D9
0E5D
05E6
17F4
07C2
11D0
097F
1783
1146
21F1
017E
122A
008A
2DAA
328A
125C
11FB
3154
2E06
302F
32D0
16DB
2901
0E51
0BF6
0C73
2F06
12A1
2398
172F
0321
1E65
2DC1
1936
2D3C
04E9
25B1
2F22
24A3
1F79
0DB8
1387
0CBC
08B2
1B8F
0B1F
0997
199B
22A8
1EF3
04DB
2421
207E
1B4F
16CD
00B3
26DC
255C
2570
0BBD
17D4
09F1
32A6
2B78
00BA
148A
09ED
3068
03A2
06ED
0B86
25A5
2200
3112
3088
2FEF
134A
0C54
0269
313C
01D0
1515
1578
1ED6
0A47
22CB
0E37
30EF
042C
2DEA
087A
1B70
1900
0297
056C
1AFF
2EDD
2F5F
235C
214A
1348
19B9
0EF8
2AB0
0CE1
216E
1A84
1805
321B
2421
1232
2F39
29AB
1920
18E5
2312
1876
24E8
24B0
243B
2001
1858
1E08
26B8
040D
31E7
05F4
2ADF
2D9F
1312
111D
1624
0FE5
183F
2675
03EC
114F
2FF2
1935
140A
1927
095F
1934
2A39
0E31
0BEB
221D
233A
23CB
2F57
0A8F
1D7B
2540
1946
270C
21CF
071B
0D29
20A1
2744
265F
0CB2
1DC8
1670
1B5F
166F
0B68
0097
07F9
03AE
3191
1963
11DC
1AD0
1D22
14F0
18FD
1D8F
1D9E
2DA0
2581
2E33
0EE7
0B44
1DA7
12D7
2CC4
1AEC
066E
1431
28AA
08AF
2FFB
1271
04C0
0120
11A1
145E
1625
2114
1456
0914
0A70
0208
1275
0308
04A5
0DCD
24E5
1DCA
0D19
1B6A
142D
2B83
0170
049E
244B
03D2
26E1
191E
238B
2B15
11C0
03F2
2ABE
1569
2642
1BCA
0061
12BE
1C74
049F
195B
068F
1063
0259
0238
1974
264F
1ABA
1926
2C92
2CB2
0E30
2D73
184C
2A1C
1CE9
2EF1
2EC7
2639
2AE0
31F8
2A53
0277
149B
014B
21C6
16C0
2EB3
0FC7
18D7
2E73
2E06
248F
1152
09D7
12B8
113B
3127
25BC
0F97
1E6C
0041
0D98
18C0
1C6B
23FD
2F35
235E
0962
135D
30DD
01C0
0BBE
08AC
0B12
0AF6
2BEC
2E8A
317B
04CB
044D
200C
02D4
0513
1C4B
2932
16FE
2FD5
0476
1296
1A99
1474
1F21
1F7D
2EAE
1AA4
2904
2F65
1E90
26E5
01D6
15C1
0F47
2FE5
0C12
28F3
3081
0236
1918
2B9A
1916
132F
2903
1EAB
1B34
1C25
0912
1CD6
10E4
10BE
075E
1D2A
019E
0F50
19B6
0F8C
05B3
0E2B
28BD
2D6F
27BB
1DE3
2B8B
0384
054A
0C51
225B
1FEA
1643
1058
0281
2B40
128B
07EF
2F4B
0A06
0897
1AC9
1854
2119
1259
0490
2750
1E17
1AC3
32A7
17CB
0AE7
1EC7
27FD
32FF
0FF4
00AA
29C7
156A
1665
1FB8
2EED
229E
2CC8
0897
31F4
10D1
30A5
27CE
0646
02CF
0A92
32A4
1DE9
08E2
2BC4
2682
1418
2E93
00AC
1772
2EB6
1450
1938
2F6C
0789
1D0B
2DA0
05AF
2C6A
247C
2C33
1B4B
2EB8
12C2
1A3C
1EF8
02D4
047A
2AC2
0DFB
0AE1
01E6
1E27
326C
0AC1
0207
14E5
1A30
1A4E
0DC1
071E
10C3
0EE2
0F7A
09CF
1D33
29AD
1D80
034F
0C97
27F0
312B
267E
1E78
23A4
1A0F
1B1D
1A98
0F43
054B
2830
263C
0916
1753
0F72
2883
001E
1E90
26C2
18D6
0B34
2787
2DB6
0B18
025C
2765
093E
2BEC
0F66
2924
0075
02E9
13C8
1482
2182
0903
04FE
1112
2550
152A
2758
2469
2EB0
1CB5
0A4C
3004
1202
1877
079F
314A
0830
14B3
202B
28DA
25D7
2554
0AB7
321A
0429
1D30
2DB5
2584
0134
2A6A
07AC
22B5
239A
194F
202E
1AB7
07FC
2188
289E
0EA0
26A8
0B54
041A
1882
0DCC
2B98
06B6
168E
12D2
3031
023C
221A
0336
27A0
2770
3101
1D0C
0908
2B5D
1653
28AC
2761
3148
18DD
18C8
2448
06A3
1F9B
2768
2BDF
07B6
1256
1DBA
1D03
2C7F
0513
1B38
2D01
255D
07B2
0589
1F6B
2F51
057B
1BF9
2066
0FD8
106B
202C
10D4
1FAE
0BB5
2B49
2345
20D6
2A69
2BCC
1BFC
2693
1289
20B6
0B78
1520
1394
22B7
18E5
02A7
2635
0BD2
114C
00CD
0614
0E96
3027
0338
3237
24CB
17C9
036F
2A52
2104
3285
0B6D
27DA
25D9
16D4
19E2
112B
0D2E
0501
2B19
253F
11D7
07F4
1BCB
12D7
13AC
116D
0DA8
32D2
07D7
2295
13B5
2B79
00B6
0EE1
30CB
00FE
2793
04F0
1493
3227
14F8
094C
0CB2
1E91
1532
26EB
2FC6
1D39
13E9
2F9B
046B
06F7
06A6
240C
1A09
121E
2253
0A95
2481
08A3
1112
1AF3
0901
2FED
0E1C
0963
2161
2AE8
1E23
13AA
2A32
327C
291C
1C28
2DA4
21E6
057D
229F
17E9
13D9
0721
18EC
13BF
16BD
21B1
1F94
0BB6
1E8C
32E9
07CC
09F8
31E7
1768
2E2C
1239
1165
17C4
01B5
3247
3117
00F4
2899
25BD
16DE
0B11
2AFC
0D07
13EF
0AC9
1F1A
1C33
19B8
1498
0DDD
31D8
041A
1271
1C00
1DED
2C7A
263F
0375
1530
2A00
3145
3179
2CD5
1BB4
2906
230A
06D6
1209
26FD
2B52
0C86
015B
0E53
16B5
17A4
222B
1031
013B
110B
0D47
11F3
19D7
274F
1EAA
1B46
1000
0AF4
09DF
1058
1139
1D87
0A24
20BB
25C3
146E
0016
19EF
1DDB
1237
29C6
1769
29A0
07A5
2736
1E62
205A
00EE
2817
304E
0F27
1FF4
0830
2B91
23AF
138C
28D8
0385
2CFF
0857
0331
1064
2D45
196F
2FA6
0957
058D
1D8C
05F5
1939
112F
01D8
0FE7
2D1D
2541
1086
1F9F
12F4
0AEA
2627
2763
09C1
0077
0683
1D03
0847
15DA
319A
3079
08DB
2A78
2C9A
2CEB
1ADC
2B1F
0705
290E
308A
17B2
1366
1DC7
10A8
0064
0D72
1FDB
0CB4
1CC4
08BF
0DF2
2B37
1FEF
12BC
2B09
0D00
237C
0F77
055D
13B1
0B6D
1AEC
21F7
0B70
07A6
1945
212E
230C
06D0
0E10
3015
0350
1029
17BA
04B2
265F
05CA
178D
0C46
28E7
16D3
26F9
2C16
1AF0
24FF
2DC1
08D8
1C18
2359
0153
00B6
1A53
1AC0
29CB
00A6
2EE2
2B11
22AD
2771
1D02
2B4F
0065
2A69
033A
3187
092E
2B52
007D
1F84
282F
0929
3157
29AC
0089
321F
2816
261D
0E7E
2022
062C
313F
3043
22D0
0211
2169
293F
0566
1ECE
0C5A
2CCD
11C2
031E
2046
1387
0554
11BD
0065
1BF3
2598
1CCE
15C4
006B
266C
0009
03F9
139A
2515
1BE5
258B
20D7
2FC7
1217
2618
098F
0105
2570
24BB
1729
0003
12B0
077C
1A25
2246
2265
0AB9
1C1C
2F3A
05A0
1FFC
3075
27D7
1AAB
0C37
30E4
2DCE
12CB
1386
2D6C
1C80
226E
1AAB
1151
1B93
2D84
16CE
2792
2B92
1B82
27C9
3192
2D09
1434
2E49
0C13
27B3
2F42
29F6
1F78
0F3C
226E
3195
2935
0219
2A6B
1EBD
20D1
238B
1EA0
3224
0D2C
2E29
1BC2
01D5
1FBC
12B6
0EEE
18F6
02CC
04D9
1E66
0A65
139E
137A
2503
0BE4
1721
2847
09A5
17FC
107C
0046
0A97
11EF
1D81
17BB
2D1D
19F6
0D38
2984
1AB5
1D46
12D6
1DFB
0C70
2A1E
08EF
2DD1
04A7
1B2E
13E3
295B
287E
1ED7
2236
1E12
2D2B
1AB6
1ECD
2013
17B8
21AE
034F
2605
2032
2A1D
2C0D
126F
23C8
004C
313D
0A81
0474
13AE
18AC
2085
1DCD
2956
3037
267F
1785
10E1
1334
1C74
30F3
0FFE
27C0
2428
00AB
31DE
0648
28A9
0E46
0EF2
1AA6
1948
3181
3118
2FDC
15FD
04F8
068B
0308
19F6
0F7F
1E32
2D0C
2868
2940
1E26
1770
320E
04D9
2DC0
19FF
24FF
283A
02A4
09EB
07AE
2DE7
043C
2559
10FF
07D0
1758
02EB
29BB
1590
0478
14C1
30B0
2E33
1CFF
2648
1E0C
221E
19E4
098E
18F1
243F
0FC7
2A0A
1CF1
1D3E
00A9
3218
2F2B
1DE7
042B
1D4E
0BDE
2332
29FC
3069
0824
2C90
250E
31B6
1C9C
05EF
2446
1E66
033D
1D2D
27C4
13C3
1E18
0052
0367
0060
2F78
1EBA
292C
1B2F
1B33
11E0
1500
0A46
0FBF
1011
0E6A
26BD
0701
286E
1373
1746
0076
0C9C
1771
1518
1774
2169
2595
1D19
0D4C
2EAF
1FE3
21A9
1C62
2D55
070A
1EB2
19AC
032F
2C2E
1C1D
1A14
23D1
0FBA
1C0B
299F
03BF
2ED3
0F95
2592
172A
191F
0C54
0606
232F
186B
1E6D
1A0E
0748
15F1
14BC
02E2
1D69
2A62
20B6
24B7
2FD0
04F5
2DEB
0F8A
03CA
2E93
0DC1
086B
065C
21C0
258B
00F3
24FF
24EE
266A
28AC
2B71
111C
2B9A
11C1
27D8
04F3
06E4
01BA
1F5F
21ED
0A35
1130
07BC
0FC9
26DA
1FC1
2712
1E4D
1790
31A5
169A
097D
128A
1B8D
0A73
2B14
21A0
2D13
19A3
18D1
00C3
2C64
1D80
2AB5
1A95
1E96
3170
034B
16FA
075A
0440
010B
216C
0DC1
0C3A
075F
12D5
02E4
2161
1BD3
0DEB
2E6D
0F91
15D7
1503
2210
1688
1939
0232
1957
0A76
19B9
0F0E
2733
1D9C
1A6E
004F
2911
206B
2B41
2E82
12F8
2662
2097
00FB
2548
1231
3151
2B63
2E10
0CF7
00C5
1EA6
06DB
0549
028E
1E1A
02CD
1B09
0918
1300
3036
1668
23A9
1167
0BDD
1AA1
29D0
28E1
1180
2AA9
0FE7
158C
0376
0F0A
24B8
0B5D
2D8D
2BD9
26B8
1052
18CE
1C9E
0FAF
12D5
0D18
0267
0AC2
2404
1BFC
0EF6
08F3
02FF
163F
28AF
02BD
2AD4
199B
2681
27EE
1DDF
1C02
22E5
1F52
0557
213E
0ADF
1073
1F9F
12C1
046D
0BD6
16E3
1C05
23C8
114E
1033
0D9B
1D9D
17C2
2E08
1705
15CF
04A9
1B27
2085
1AC6
30EC
1EA7
0C9D
22EE
1FD8
31DA
0BE0
0903
092C
0E11
2816
1398
02D2
20C8
09B2
207A
2410
22C8
1070
0035
2FDC
3108
0878
100E
0C45
15F9
1ED9
2214
2D2D
086B
0607
1A65
2AF4
046F
0F62
219B
04F1
1087
0F7E
2883
05DA
1E99
0FE4
0E18
187E
13A1
0E6C
13E3
1BEE
2730
121E
1A9F
2933
05CB
3131
210A
27DF
22CB
2F79
03DA
03BE
2C19
2C2F
2ABE
27DC
0E80
08F0
1789
016F
171B
1EDB
0820
0504
07EE
0AD2
2C04
1133
062D
25A6
0E48
032E
07F3
207A
22BA
0062
28E5
1D1C
1FE4
08F6
25B2
0426
0B31
1860
0DDF
1BA5
0F6B
25DF
0A73
28BC
2C47
253A
1FA7
0A45
25CA
08B5
0EA7
2E9C
233C
1F5B
30BB
2B82
1DDD
2F81
23F1
03D9
0990
1F63
0DBD
24DC
05A3
1008
1AF8
1110
047F
08EB
2EE6
23E1
0061
0FEE
0446
0A4B
26C9
3147
0E1E
2D31
0D23
1C07
19EB
1667
0282
1603
15AA
3059
317A
211E
1F17
1451
2D95
2D42
2FB9
1083
1A6F
1D3D
227D
105F
2358
315F
1932
2E00
159F
20ED
1FC6
22EB
0961
095B
2930
0639
26E5
164D
29C3
09C4
0C31
0DCB
0CA1
219C
3178
006A
3219
335D
2B45
14A8
308D
0AF5
10A8
1D2F
349B
28F3
2462
2131
33C4
315E
295D
2B54
07C1
0FB8
10EA
288B
0109
2685
30B9
2716
0960
2724
15BD
30D0
0040
2CDE
016E
2FCA
00B8
329E
0EB7
1C1F
0FB6
0986
014C
184A
2E70
207A
29BA
27E7
0E66
29BD
120D
1EFE
04EE
3223
2EF0
1DDB
1913
0911
210A
16DC
1C8B
0996
0A6D
0617
053C
2BB0
0019
126D
16F2
0EA4
2761
00CF
04CB
1D74
22FB
333E
1DBD
0A05
1D22
2998
04D3
07D2
1B7E
22FE
1E82
2D91
07C8
2754
26D4
041C
07DF
08B0
0E8C
0A93
2CF8
0B96
30C8
1C07
2653
0C99
1FB9
24EF
259D
3300
015A
2AE9
1A1F
22DF
2441
06C9
0525
0EB0
0DA2
0ED2
1DF9
2D27
1583
250E
1670
223F
1259
28EE
257B
1524
1125
28D6
1280
0254
0619
30C3
000B
1A38
0783
2C45
173C
1BD5
23CD
01ED
2C2A
1DF8
27FC
1605
146E
1C0C
19DE
3140
276C
05AA
185F
19C4
26BE
189A
02B9
33B6
21CF
03E6
207B
21E5
01CB
27BA
20AC
1A7F
1345
00C9
29DC
018F
32C2
2C56
0BA7
111F
05E1
032B
0845
0970
1C71
13F1
0984
305A
268A
0F03
1A34
2E14
1E52
01A8
014A
0BA9
02EE
1478
30E7
2F15
29DA
32D1
1BAC
1A52
1283
0914
019A
0715
14C3
2223
0E6F
0C2D
1E4F
2BD2
1E62
0E29
1606
3346
29FD
322F
15B6
0DDD
2C12
1035
3347
163A
2D27
2B06
11AF
31DF
06B9
22BD
0F14
16AF
09ED
0EC4
1803
1821
0064
2A7C
11A2
21E5
0744
2877
0A67
1502
31F0
03C5
2F33
28B4
2E97
1447
157A
2CD9
21DE
0C1E
2C63
0443
11C9
2E21
2A7E
1BD6
2F59
1717
3167
3146
26BE
14EB
2C55
076C
2C66
3362
0965
17D4
0E9E
31F8
327D
128E
0DC4
051B
181F
0886
07C1
12D8
09F3
1C82
1BB9
1819
0D10
03D8
0772
03F9
206D
2058
3315
05F6
1935
2877
2E2F
1DAE
332D
2F38
2BDC
0FB3
032A
072B
196D
0BFA
232C
05B5
01E4
1835
073E
1AB8
04BE
21FF
1736
2593
26C2
0E53
0EA1
261F
01FF
347F
0439
2A3D
0181
2588
07D5
0936
17E7
3161
0CB9
18CD
13BB
2D0A
1279
0F4B
1D6D
23D6
08EF
2E6E
1179
0D4F
02B4
1F5B
1D79
001D
2B6F
1AA9
1888
25C6
2E88
0A38
0126
2793
044E
23A4
11D4
2078
0B48
2EAA
06EC
2DDA
10B3
1FAF
0FE2
29B2
17C8
0D71
0878
0D0D
1044
2F21
0B28
0CBB
0735
318E
2D91
1ACF
1AE9
2B00
1894
2657
3442
2790
1471
0FC3
2975
231F
1D81
239F
0E07
1330
0FF7
2091
1BCC
0293
2472
2E73
127E
0300
1662
0D89
213A
12ED
2CD8
2BAA
0FDA
0A9E
02F5
3488
0713
219A
006F
21A5
1020
03F6
1F3F
0CBB
04F9
1BA3
1A76
008C
336D
2682
1C08
142A
0133
13F7
182D
0AD3
2351
0688
150E
01B8
17E3
2094
0CA6
2844
06F3
1A43
0D21
1F2A
2228
04E4
2045
2855
0FC6
0A24
1133
1C7D
1F3C
0272
1975
2050
1D65
2957
1024
2E22
1B60
3283
0334
171D
1FA6
1BD7
0683
00CD
32A1
123B
19F2
114C
1AEA
2EF0
0590
2898
019E
000C
26C7
0ECD
0F38
2191
1728
1BF1
304E
0713
2327
2C9E
0FB8
26D8
2BB1
2124
2198
01DF
2417
27C7
0617
0C63
0F45
2348
17D2
0C21
2CBA
0F70
20FC
0048
2D58
243C
0025
1338
258B
12E4
301C
1E93
2094
0DE3
0285
11A4
1B08
0641
2BE9
2E90
1A5B
005A
3118
2ECA
0024
30EF
307B
0482
20A1
1D52
16DD
1A62
1DFB
1073
3030
25C3
1AD3
26F7
1FD8
2694
1026
2923
1809
0BF8
041D
160F
0AB7
07FF
230E
2950
2C80
1F96
0582
0168
1A90
20FE
228E
1CD9
3048
3082
0309
0DF3
298F
0786
0CDA
27DC
1CDF
29B9
0988
08C9
19B2
1A3F
2A44
1B86
2DA5
2FE4
0810
3365
04FD
12A2
1D6B
092B
077B
2839
0E87
13AF
0708
3437
0756
275D
0C0B
324D
1F38
07B3
25C9
005C
327B
1856
0922
2A8A
2B6D
213F
2CD2
0045
1430
2BD4
00FD
1185
0827
147C
0AB6
21FE
00D8
3005
0C35
0AB8
0CF4
00C9
05C3
1D0D
28F0
21DD
212A
1F46
2A6B
2DE0
146D
12EB
2EA6
0C8F
0149
10B2
0314
0975
2E33
1617
24AA
0028
0226
257B
2828
3487
1936
2C0D
0205
333C
28E2
1AEC
295B
31D3
22F5
0E12
2FE9
00B0
325A
0B68
158B
0762
3481
1D6B
2A6E
0EC0
2995
1A57
1805
0EEC
2B4C
00A3
10E6
170A
28C4
2384
24CE
012A
010C
2333
1D36
076B
10A9
0CA3
2A02
23C8
18A8
135B
05A2
16E0
0AE3
1B9A
1E04
22CE
2A85
2BA4
2ECC
12D4
0642
2787
2A84
0C97
2D29
1E05
3197
3037
18FE
1536
1823
0BC5
1BD4
1B0A
1761
19C4
321D
274C
1C87
050C
1663
1753
090F
232B
0E8B
1037
216E
03DE
27FB
03BB
2C12
0F52
209C
05CD
2358
12F0
1140
2670
06C8
1CE5
2F6F
000A
21D8
20B6
1F91
1910
0701
0315
1B84
0DC6
1DE9
133E
15C7
0896
255F
019A
013A
17EF
1405
1457
101D
0072
0B5F
17F6
04EF
0D9F
1F26
28A8
3428
2548
1310
279B
1DA8
27E5
2751
257A
3304
02B4
1040
1BA3
104C
21BD
050F
1259
1191
2F64
3399
19E0
0B72
2FFC
1900
2029
01F8
1E7A
0B41
2FE2
2FB6
16ED
0811
18A4
25BB
12BB
0F14
2CB8
20D7
2C25
0EC7
2EDC
1675
298E
09EA
2AA2
0579
3228
230C
0C4B
2598
2B87
2602
0CD2
17D5
2DA5
020E
2CBC
291D
09DA
089A
309A
1A46
1AFF
1BD5
119A
0FF5
148E
1EC4
0AEF
1D3C
1556
12B1
2662
1F26
1275
0408
2DF4
2989
085E
0A97
1077
2842
0CE6
0E1B
2DF7
133E
0A2C
08B3
2EA6
26ED
31A7
0D3F
0651
0C40
1C3D
296B
09F2
29B5
0748
0A77
1473
28D0
2B49
2FC7
0D83
0DAB
0299
1F58
1C57
2AF1
132C
1F92
1677
2B29
1EB1
2494
2833
1A95
081A
22A4
0EB7
2786
2F25
12FC
1F51
1505
0418
04F9
2C7E
2744
1487
1673
307E
1E0D
2C8A
0BA9
118F
082E
005B
00C7
17DA
1E88
242B
060F
12EA
1589
2726
2172
2A49
09B3
0ACD
27BA
0D33
123B
25F9
09DE
0442
2CCD
014D
31BA
05E4
2C95
247B
2CFA
189D
1B97
1395
304C
2C97
2739
2CB4
3216
1D2E
198C
0232
2DA7
3160
2E66
3028
0A54
2009
145E
0FD2
0857
02B8
2A38
2395
0F64
2A8C
1193
27B8
00B2
0620
1FE7
1809
2C3B
2896
1851
1EDC
2A9A
2466
1FC5
25CE
2E4B
0575
0AA1
276D
16D3
0239
3037
157E
1B05
28FF
01ED
2140
31ED
06C1
1849
2778
1CA1
1645
01EA
2FFD
29E6
2E76
12DC
2859
176A
0AD7
02D8
215D
20A3
0520
08A9
0963
0969
2359
1D0F
1F09
1089
26C9
315F
1010
1A84
017E
1D54
1E11
1048
0B38
2B74
2651
1E86
170A
151B
19A6
0BFE
1423
07E5
0674
2516
0178
2B3A
23DB
1F24
2914
04FD
12D6
04E7
2463
0F9D
01AD
041F
1BBE
11F2
062B
1EA8
1140
1093
2CD7
2C3C
0633
24B3
2A55
201F
0872
0E4A
120C
297C
2FB5
2137
2DCC
265B
2CD9
29EC
2CEA
16CD
31F4
005C
26EC
09B0
1BF1
28BF
229C
2AD9
04B0
0D74
2AAC
1A3B
06E9
0567
293B
0E7B
0669
298F
10A5
13B7
304B
31A7
2C65
1B07
1AA6
03BE
02BE
0BD8
0A93
2D49
142A
1661
1781
2270
1664
14DB
1592
21CE
1DFB
2F81
14CE
1128
2CFD
0E74
1D9D
1B26
16A4
28B1
20F7
0D05
10C6
163F
282D
1850
0D15
2A58
2C61
23AA
2277
2AD7
2CA0
3178
3141
0D5B
0FC0
1DAA
2D42
1F8F
01A5
091A
1E35
2CD8
0497
1BCC
2EC9
2003
09E0
1EA0
1C47
1CA5
1AFF
3219
00FE
29D1
1E57
2B19
1CFA
016B
2425
1732
2591
22BF
1092
31FF
1EEF
01EF
14AE
00EC
1A83
1246
08AB
03A5
300F
2800
2DB5
0334
146B
0A69
0093
1197
1CA7
2F28
270C
1D4E
09A8
079A
22E6
271B
2978
068A
186F
1B6B
2084
0D01
2455
294E
27D4
17B0
0C55
0C05
3083
20F9
09BF
0063
2A1E
3196
232F
074F
1988
26AD
1AE0
137B
061B
319C
05A2
0EAC
0AFF
1A04
0835
14A3
1EF8
036B
037A
3240
2BBB
1D46
1A4D
293E
2E47
0EA9
10B4
2043
0B65
29F0
0723
168B
0AFD
1028
01C5
0BDD
247A
2ACA
2DD5
01B2
2917
0CED
221D
09C3
2BE5
1389
1283
0D8C
0C98
1216
226D
0E38
163D
03FB
2131
1CAF
0027
1CDB
2DE8
1AEE
2A71
27C3
0E66
0E5D
0A36
1188
2598
2A36
09EC
0085
1623
2E81
1B0A
01AF
0BF2
1D3E
233E
019B
146C
3151
1F57
2EC3
2184
0F51
015F
303A
17A0
001D
3160
1684
13CA
17C3
0F27
1841
1ED9
1BD9
001A
0174
1FF7
02AF
13E5
21B9
0BC3
0835
13E9
21C6
117C
2D30
21F2
2983
0B5F
0C75
18A8
1D20
22D7
02D3
1A30
2988
0FEE
058C
2672
01DF
15B2
219F
0447
0EB6
21FB
13AB
0030
3095
10E7
15AA
2480
02A9
2B95
30D5
22A7
1A53
0DB3
0106
3058
1946
1F7B
23C6
1D07
042D
0D11
2E7A
0E8E
0624
298D
13DC
1876
2934
17A3
1710
0246
0BF8
29AD
3015
1BF1
1125
06E3
1DCB
1EB0
19A0
1450
2432
1AD5
27D2
1701
0CBF
15CC
1FB2
0643
22F1
104B
0BC7
29AD
2FAA
17E4
2A73
0E3F
1FE3
1CA8
2F30
0090
0EFF
2246
27E1
2774
1A44
2F7B
0BC7
007E
2288
1BA2
001C
2FF8
1AEE
1804
048F
150A
2AEA
2965
1789
0B9B
1B27
0F7C
1DB7
24FC
101D
03F7
13C1
063B
0E68
1B46
01E5
0603
1A53
17F7
28EA
014F
10D2
17C3
2914
16B8
2EB0
29A1
254B
257C
025F
2F1A
0441
2AF8
0CD1
22C3
2C67
3168
1363
3211
1316
05A0
2AF7
1AD3
2BB9
106B
1E6E
0F9F
304E
246D
1978
2952
2244
126A
2A2D
1C46
08E1
206E
1995
0113
2463
1544
094B
1169
18F2
1758
0999
2C19
2E62
2217
0DA5
1A9B
0407
0DDD
04A6
0F9A
09E4
1500
1C43
314E
0083
1D76
0164
186A
23F3
2715
0115
1CE0
302E
3004
1EE3
0A53
06D6
2BA6
073B
281B
1E53
0F60
0761
1033
0FA1
261D
21A3
1121
1721
3011
0593
0A45
2DE6
1591
21A9
29FE
235C
1275
224C
08FF
153C
1AC5
13C3
06C4
21C2
27E6
2A11
2284
10D4
1BDB
1490
31BB
0E46
1ECE
130F
11BF
0CC5
1865
02FB
071F
2235
0B08
260F
1BC3
1ABD
20BC
0DD1
04CF
0633
30AF
0676
08B1
1DB8
1A24
08F6
0587
0453
2209
0AF0
11DA
1F12
2B1A
2496
020B
29E1
05E1
31D5
2B1A
2455
0699
1780
01C1
0957
2F1D
0BFE
0FF0
20AE
2FE6
009C
1C54
2886
072A
0E23
00F6
1143
225D
2F0D
2227
27CE
3174
22F7
1A84
0805
2637
244E
2287
16A5
0AC4
15A5
2444
1ABC
1883
0D3A
3160
1378
16E7
27AA
3006
0430
2583
19BB
0784
0CE3
3170
1EB5
0E50
1596
2BBA
0239
049F
05B1
0D65
1DC5
109B
242B
0211
16B5
0E51
2F35
0311
0D8E
2EF0
195F
28AA
2FAE
1A97
268B
2310
01DA
1C39
1791
0766
01F5
10B9
171D
0868
183F
1EB3
2074
1B32
28DA
10C7
2147
053C
2052
2490
1BA3
09A1
0C66
189C
24A2
30E7
1546
2391
301C
2243
070C
2D0F
1A51
0700
0B3C
1F8E
02A7
2B2A
021F
1518
03BA
2131
2D9F
2127
2DE4
0567
17C8
29ED
1808
14DC
083A
240B
1EBA
26E9
2362
0421
0CF5
1664
1292
0594
2058
1340
1263
0D29
1DB8
17C0
1F0C
10D2
09F0
0039
307C
24D5
1157
0D39
21F7
245E
19B8
131E
227F
2EBD
0A03
06B8
3033
014D
165B
0292
1DE5
2F7B
0B72
2180
13A8
2230
000E
1572
068E
23BA
1D65
18A0
15DF
21EB
2F91
1D61
033D
2C0D
2179
0FD3
195B
21B9
0170
2D36
30CD
1B2A
2E4C
2089
127B
062C
23E6
024F
10B2
30D8
2605
1F35
073F
11FE
31D1
314F
08DB
20E2
270B
1AD7
20E1
161A
16F3
1C8C
23A2
0BE2
1890
0C75
1BAF
11CA
173F
1BF3
186B
1992
0B33
291A
2772
237E
17B0
0309
00BE
2AE8
23A2
0910
2F90
151B
2508
07D1
065C
2D50
00BD
30B4
09F0
0A0A
205B
3052
1965
29D7
2C6E
0E4B
1B1E
15BD
0078
1BB8
1481
28C1
0C3F
1458
1CB6
057F
1694
08A7
0C24
14D3
1B55
058C
25F7
0EF8
0B82
0CF7
161B
2BFB
087F
1055
16A9
0702
073D
2852
117F
3047
07AD
21FD
2EFC
05C2
143F
0005
0924
036A
0A17
2962
139D
278D
1B58
210B
2FA9
2735
18CD
2794
10E8
26AB
2E7B
0826
0981
1F8F
27F4
148C
0F7C
157B
2F32
1C90
0B77
2D3D
0056
31A9
18B3
2CB8
1009
1C08
012B
2CA9
0D29
046D
2A02
0F0F
317E
1ADF
2C73
1C48
0EF2
2EF7
189B
2DCB
25A4
1125
114D
16E4
07A4
2D29
1F66
159F
1AAD
181D
0343
22D5
1007
0976
2DB3
0F1D
0B0A
2BBB
2E24
0DAF
26E5
316F
2D88
17A0
22E0
20AD
2124
284C
175A
1984
073E
285B
0F9E
2D68
123F
2CEB
0E49
2F5D
1E23
2D8A
28E5
000C
089A
019D
221F
0527
2E77
243B
1DE6
210B
2B32
31DE
2AE6
103C
032E
31B9
1B1D
27E6
22A8
31D7
2C33
1CE3
1C10
124C
0EAF
05E0
12C7
25CC
261E
0C85
2849
0EEE
2DAD
2284
0323
317C
217A
0E7F
159B
2E73
167F
1CEF
248A
1AB6
0A15
1D65
2A2C
12AD
0AA6
2B55
27D4
2F5D
1984
130B
1127
0ABB
0563
17E9
1629
1C0B
0092
247A
15DB
2BBE
0284
00C4
19AC
13F6
2456
0855
307F
029B
28A5
224B
04E0
2ACB
23A1
0689
098F
1F33
008F
0967
1376
0A18
304B
2466
0717
020A
30A5
077A
0C73
1BB7
2C41
0696
004A
01CA
247A
2447
0EC0
2E8C
0545
29CB
2C63
144F
12D7
03E3
2497
18F2
20D3
21CB
2F89
0FC2
1144
2173
0362
1B9D
101E
2517
2177
0B97
2A2E
1D95
1179
267C
319D
2EA9
10E5
27A5
2FA8
0550
109E
0502
0BEE
1D76
0686
0ADE
0004
11B3
2530
02D9
1A92
19F4
30B0
0668
3144
1036
174C
1387
0F57
08F8
0F59
2A26
24E9
2849
04DB
0A91
02E0
21F3
2618
17F7
2AE3
2829
0900
14BA
27ED
0663
13EB
0046
1626
0EFB
1085
0996
2872
2310
2DFE
1840
09E9
2248
03F7
1248
130E
267A
260C
2B0B
023B
0833
01C5
2E6A
296D
2ECC
2C78
2605
089A
023A
1D1C
0B2F
078A
3095
155D
0222
104F
18A5
272C
2CE2
02F1
151B
269F
2957
1EF0
1A63
090D
21D9
0766
1AEC
1E09
0EE4
194E
2CC8
0232
1733
30C9
0A5A
26B2
1F17
267B
1D01
2BB4
049A
23A9
29EF
07D3
0154
1632
1495
2DA5
09FA
27A4
2FB9
0948
03DB
2E67
22B1
0969
14A6
1AC6
0FEA
2B76
147F
2098
08E6
2330
1C42
188B
2D70
0C91
1133
1194
068C
0DFD
2BCF
0AFB
2D30
0B00
2636
1008
26D9
145B
1242
2352
12A1
17DF
235B
1DDF
2480
31E8
22C7
0527
05EA
067F
286A
07D5
24A2
0D49
0EF9
1F9B
018D
2029
09FE
1ED0
2563
20F1
2498
015F
0F22
0B07
293E
10B3
04F6
2E53
03DC
2235
0B59
1EFF
1A78
124F
08D6
16ED
30BD
24CE
1AD0
062B
09AD
09E5
2C8A
30E1
1259
2313
241F
2CEB
1F4A
0D60
017F
3161
30D8
0638
0CD0
16C9
0A00
25AE
1636
075A
11C1
22A0
0064
1DB8
29FB
113D
06CB
02C6
3151
1F41
14A0
26E7
173E
306B
1B3D
2376
2A78
2800
21AD
292B
2CED
2BCB
209D
1CCF
2E21
2642
1A54
1C23
2929
3168
00C7
3109
1333
085B
087D
1A5D
0972
13A8
2D06
2106
1D79
2F58
1BE2
0B02
00EE
1116
269A
1D5C
2162
25F6
2AD0
1586
1B78
1FCB
144B
17DE
245F
2C48
0270
03C1
2D4A
2887
0C15
067F
069B
2574
14C8
0BF9
0C75
0870
2EA2
0298
023D
2228
0515
2095
2468
2370
24ED
1E25
1255
2582
2360
15C7
1BC7
2B6A
2FB3
124E
2235
2074
0F93
0903
1DE4
006D
3040
2A59
12A0
099F
09FA
161F
304A
2CE0
31B9
17A6
2E1D
0390
2E23
05DF
0EBA
2D54
0A86
2708
21F9
2ED8
0330
2F46
2D09
2B49
221A
1A39
3039
1820
29EC
1174
01E2
0E2D
090D
2F9F
1D77
0CE2
24FE
0EAF
032E
1935
30BE
06DC
1B44
2427
205F
0AD1
0825
0FAA
1B23
071F
292B
2343
0306
17C4
3054
0E1C
19E5
15D9
187F
2393
169A
04D4
0ADC
0801
185A
12FE
2840
1012
14E5
039B
0F88
27ED
042F
12AA
1662
1361
124F
1FAB
0FC2
1B14
220F
2589
1669
1DFD
02C7
259A
10BC
0D7A
147F
1032
193C
1955
15DB
01E8
2E17
0955
22EB
0FE4
0942
1870
247B
1A43
26D6
14D0
0B09
1208
1F6F
0E96
293F
27AD
1446
1C4A
016B
0E20
02EF
0878
1427
2F9B
2DAE
1E6E
0B62
0022
2658
2ED5
2612
2CD4
0188
18B5
294A
30A1
25D1
2D43
27E6
2906
2ABF
095F
0682
284D
2435
18E1
219D
2798
1EE4
073A
2FC1
23BC
07D2
03F4
2FA1
2C3B
210D
176F
1976
2AEF
1E57
00F5
08E2
174D
284B
2871
00D7
1185
2E8B
06B3
2E27
1EA9
2E97
1360
19E6
11A1
0F6A
21C2
2EDA
0FFB
0ED9
0BEB
09A7
0CAE
280D
053E
23B4
2D02
29AC
25DD
25B0
2EFC
06E3
12DE
1169
0D9D
05E5
2925
0271
2A46
2FC3
179D
268A
2984
223A
2305
1197
0963
0752
066F
1EB8
2D7B
1A92
02A5
1AE8
19A6
15EA
1266
15A2
2C27
2C3D
21C9
229F
2451
2231
2F63
10B8
092E
2803
0B87
2931
07EB
0F49
14FA
1F64
2AF4
0CED
2FB4
14F1
2C56
2660
1EC2
287D
0042
083F
2439
2F6C
1929
2A69
2DDD
1F25
2096
18B0
23C3
1EBF
1C57
2E16
20DF
1085
044E
0113
0E9D
1C94
1530
20D9
050E
0BA4
2D13
3058
252A
1221
229A
1A49
0CDF
1C16
0A9C
2CEA
26CA
2659
2E4D
10B7
103B
2671
243D
05E9
01D0
0BCA
2A03
2A92
06FB
1D8B
09FF
2B82
2769
1BA3
2B56
0B45
261A
2F28
1588
0ABA
2B10
192C
09AE
0EB3
0060
212E
2DDF
005D
2088
0B93
1114
153B
2AE0
07F0
2942
0C19
235E
052D
2880
27A8
307A
1A82
047C
048A
0D10
02F8
0C5E
1545
235B
04DD
2EB1
251A
181A
046C
2845
1604
1048
1189
05E2
03D3
21F5
166A
094F
308B
203C
2C2D
0D57
116C
2558
20B5
1298
0A68
0CCC
0570
1CB7
301C
03FB
1183
0B97
0C90
2ED9
29B3
0A15
0934
0A62
0ABC
1576
1C81
0045
2F5E
309C
26C0
2921
01C6
09A0
2B84
1459
0269
231E
049B
1D35
1EC2
0EE9
0CD1
04EF
20F5
0469
132B
221A
27D4
2E60
01BB
2489
0FF8
262B
0FC6
219F
2857
0836
2D6B
0EEB
09FB
1457
308A
0D99
24A2
0590
2C32
0F99
1693
1579
1F68
24A0
1395
2A47
1B9E
15FD
14B6
2624
2991
0142
0571
1FBC
1F20
16EA
2439
1136
2B60
29CD
24CE
074A
2BD5
1D8D
30C7
05DE
2FB8
25AE
0C01
181D
3071
0F68
30BD
07E7
01A9
0845
1428
28FA
1277
1B83
1E45
1B72
0E58
0AF9
2790
1A14
1ACF
18AA
0F92
0116
2BAC
1533
08B1
1F11
150E
1A8B
2522
2AE6
2E81
1B76
2724
1B48
06EC
0186
1D56
1304
302C
15D1
28A7
116B
074B
05BD
0BD6
1A47
227D
2AA6
0C38
13F8
17D5
2BCC
2481
2005
0D57
306E
1727
30D2
10A8
0FDC
15C6
2808
01F1
2EEF
1E9F
183C
2D97
1895
02EC
248B
04FA
1ACF
1A11
1F81
0058
0F1A
30AF
1256
08F2
11FE
072F
2F4D
1B6C
2494
07E7
2EEA
3041
1F43
1658
1513
04A8
2DD2
145E
1E9A
12A8
0752
0791
2250
22F6
18AE
1404
2E4E
12BD
0BDA
1CFE
18C8
2079
1FBB
2225
2A60
1052
1CD9
29A4
1CAF
0E63
276E
1121
12D0
0290
0132
0633
1DAC
14FA
0B85
2A17
2A55
0CD7
0971
28B5
0867
2E3C
1318
2202
0DB4
015A
22B8
127D
1C3C
1E2C
2396
1295
05CF
1F6B
2003
184C
0476
1CEF
1A2E
045C
1C61
110A
19B4
0AEF
02FF
27CE
12B8
1E3E
2EFB
0C99
12C7
3051
0D95
0897
2652
1FB8
0064
2908
2DC1
12C5
1684
0C68
2DE6
26C0
0C63
2797
2F3A
181B
0613
2D68
24B7
1D78
1D16
2664
2C5A
1597
150C
2B0C
1844
0832
102C
1C2D
0B28
0CB4
0A88
246A
0FC7
30D1
06C2
0EB2
3074
23BE
2E03
152B
0726
1FB6
2D65
0E1F
128D
170A
2DB5
2703
1347
1660
2E28
25C2
2B9E
1ACD
1979
1CE0
16D6
167B
09F1
12A4
2A1D
07C1
0C1D
20C3
0354
1815
174F
14EA
1154
1ADC
1E76
1DB3
025B
1D2B
03AB
24E5
178D
036C
2F68
0F8F
10A5
1DB9
0654
1A44
20A0
1012
0AEA
2901
0C09
2506
23BF
0CB9
06EF
2710
1333
0C27
1BFF
2FCF
180F
1F45
2B64
1DBC
29C2
24E3
2721
107F
2ECE
15AE
16DF
1082
1006
1EC7
185E
19B4
2619
0C5F
2013
29EB
0A03
18AD
2886
1906
1145
096C
1E20
2A9C
2F3B
27EF
217B
285A
10ED
269D
24A6
1F01
004F
0406
2D58
12DA
0AA9
0715
27A6
2A5D
22AD
1FFA
02EC
2563
307E
126F
1EEB
264C
1870
19BB
012D
192A
0F9F
25E4
15F8
088D
2492
074B
2CB8
2065
026E
07C3
0F01
0152
175C
1A05
2391
269E
04BF
2C70
28A3
1EDF
190A
0F69
0887
131D
0D32
1B5E
0D18
18D0
1A98
05CC
15DE
2DAD
10E9
10E9
2DA5
1829
1809
1665
1F5F
2D70
1651
1AB1
0A38
1E87
308F
00DE
1541
1AB1
0F26
21C5
2408
3075
203F
0E81
176F
2810
32DD
0494
16D5
1129
05A7
26D7
27CE
2912
2ECD
278C
0F8F
32F0
20B6
068C
3052
0A6A
28F6
0248
0B3F
1B50
2477
15E9
2024
2B3E
0243
08D5
03CB
052E
1EB3
324B
23B6
2A03
236D
20F6
31CD
30AA
29FB
2CFC
1A6E
0048
149C
1C50
12B7
1E3E
1DAC
0917
05C1
3150
1D97
07DC
1726
296A
15B7
0276
1629
254A
259E
235C
24AF
30D9
15D9
15A0
0746
2544
1813
0642
1B5E
216D
2051
05DF
0627
0FEE
04D0
069D
0E89
26AA
2048
2F99
2FEC
18F3
2DBD
0F92
2F47
0502
225E
1709
0056
106F
2A0A
313B
12E9
126F
295F
266A
12DB
1730
31EE
2E5F
0DCA
0D88
0772
18DC
275D
2BDF
177E
04A0
30CD
1CBA
29FA
20F1
0C2D
1E6E
16F8
2B09
1168
0E80
2F8E
0586
11BB
22C5
2A7A
073F
1FA3
001E
2CED
0233
2199
04AB
0B05
1098
2087
18A7
229F
1252
2F25
0A86
21BA
21DE
10B0
3287
301B
0237
0870
1260
0313
07BA
0195
23B9
068A
2A13
0A21
1679
0943
2475
172A
1458
2509
0DBC
0317
2BF4
0102
0D4A
2FA7
247D
23C8
2BCA
2B07
0893
1654
2AB9
04C8
0E60
12E1
1243
32DE
19A3
14AC
055C
1126
310B
2EE8
29FE
1CEC
30D6
2F1E
15E3
07F4
1A91
2ABA
3054
23B0
048A
087A
163C
0DA0
1B14
153F
133B
23FC
1790
068E
2596
28D2
2C06
0B73
284D
1BCD
3031
0DDE
2248
24D8
0514
2DCE
19D5
243B
215C
2E99
3226
13CE
04A3
2443
00C9
222B
05E4
237D
0270
1976
2607
06AA
088A
20A6
29A5
2D79
294F
127A
167D
0859
0C21
0573
2E6E
2E99
06B1
2E95
2173
2360
2A59
026B
2ADB
307A
0B8E
06E2
1195
1E89
0050
048E
07D9
2B80
2EE6
193D
26BC
27D4
0A72
038A
32F0
00E0
2E5C
300B
1D39
22F0
0C43
3092
10FA
0984
2CDB
30EE
22C7
030C
109D
2376
21C3
1B55
2B89
1048
2908
2181
314E
2F70
1170
21A7
1EC2
028B
2FD0
2320
11B2
2EE0
329E
1571
0A3B
03E3
1E95
2FD2
0498
16C8
14F9
0A16
298F
1842
149A
17DE
2DB2
1B6C
135D
2EB4
1748
1CB4
1010
2DDD
0259
2972
1EF3
06DE
1D73
1E0E
0842
0337
05E2
14AF
2E65
0F7C
0825
1B66
2927
0F23
1B16
3151
1B7E
1642
1564
2655
3094
2A09
11C3
16F4
2ECA
05D7
14E1
2E84
1AAA
1A22
1D43
01B6
2635
2BA3
284A
0C96
1A90
08E3
2DF4
27D1
2417
29E4
0CB7
1007
038B
1936
012E
1C77
1B5A
14A9
0663
0011
011C
0CE2
237E
016F
2EEE
3143
1C78
0126
268D
25D9
08C8
0956
19F4
007C
30AB
2EAE
0704
21B5
2252
2498
0DAF
1F8B
1EF7
1E2B
23C3
2B50
092B
177F
1CC1
16E4
277F
15B9
0B8E
00C7
27D3
0972
259E
1D7F
29C2
1D37
0426
05CA
2E3C
1B37
0883
068A
1542
0505
0ACF
2F58
129D
1ADF
32AF
0DB2
1BBE
1CAA
1D4E
16C3
1DA2
2B7B
00CC
0DBA
0A80
0DB7
049E
2C7B
2F94
02C0
2801
1EFC
2D60
2440
0DD7
0624
132C
3057
1393
05FF
2878
0017
24D8
00A8
16BE
0B58
17AC
0BE1
0EE2
007E
1ADA
19AC
2806
1994
1155
1728
24BA
2EBD
32D0
15AB
1BFF
0E48
279F
2BEE
21D7
16D2
057C
0AC4
03A4
2C03
28F8
125A
1C2B
2A73
144B
318B
2356
1499
2A83
0C75
19EA
1375
21C6
0E80
00C2
0B24
1DEF
21C5
18FB
331D
2A56
0741
0CD1
227F
22C0
10EB
0C9E
17A2
3210
04FF
1D52
2F7F
0106
2168
2C3C
1593
0F80
014F
1B6E
0295
2E4C
26E1
23BE
1B21
23FB
2A35
0D76
2501
0C58
2FC7
1D1D
1A46
1791
2A9C
165F
00D1
28C5
2D50
327B
2295
03CE
1776
234F
26A8
0F14
1FC1
170C
23C0
0238
0D86
0A79
0837
02BE
2A41
2129
0277
0034
2B82
1FCE
24AF
0BD5
19A5
3000
12A7
246A
27A9
0C80
04F0
19DF
1783
2BB9
1B66
02E1
0316
1EDC
2159
2CCF
1038
063D
000F
225E
22DA
31C1
02E3
2AC8
22C2
0135
1291
1398
1F39
1891
133D
0D3A
0C16
2A3B
0271
129F
22E4
32CC
1D70
000D
1507
2769
0A99
2459
081A
1087
0435
1D85
15CE
0BAD
2BC3
1CC0
2309
242A
17F0
0E03
2BCB
1EF1
2D89
0802
159B
1277
1D1D
21DE
21D7
2CDF
135D
088C
1100
19FB
074A
17E0
1F47
0EE4
061B
2F01
08BB
03F9
3257
0B8B
19C7
0DC4
014F
1640
0A66
288E
28CD
30CA
3173
16C0
29B1
01D9
011A
0589
27C4
2C51
2E1A
0EC0
1136
1F09
263E
26BF
155F
269E
0704
21E5
3322
0A2C
0CEC
21EC
0DA2
3256
239F
1B6D
182C
2144
0EEC
26C2
022E
2D1C
0D1F
214C
0C3C
0930
1EB1
13B3
0D9B
1706
17F0
189A
0C79
2681
0CCB
0756
1AB2
108C
122C
0392
0802
22D3
0574
0C1D
10B9
1D71
0842
221E
3011
05F2
15D0
045F
1089
12C6
1EAA
32C2
03E4
2877
13F4
15FF
2F06
27CB
0377
0D74
2563
0592
0E95
00AA
21B5
0595
2D17
2E41
0A59
0EBA
0519
0B6F
08E0
3012
0276
2EDA
066A
1788
0297
12F3
0696
29A6
289D
1453
2A16
10AE
32C0
1115
22EF
1729
0A78
2E1D
1808
0BC3
241D
2BD3
177E
3305
12AC
0A49
0E65
0ABC
21B0
2ECE
1FF1
1575
0AEC
1BF3
05AB
0383
1967
05BD
2245
1478
05DC
0E52
0192
2414
2B29
12C1
1D2D
0E3D
164E
140A
2CD2
074A
13FF
11FF
29AD
07DB
2420
0AB5
1D2E
0663
19B4
1CCA
06B1
1BF5
1B18
2D16
0D8A
2E9D
28FF
2D93
2600
2669
154A
17C6
29B0
17DE
0B1C
1625
08B4
12BE
2877
1211
2A6F
2CF1
2D9C
0D93
265E
2800
1B92
02B1
24B2
241A
223D
16F4
1AB4
260F
139B
15F1
2FF5
2CAC
2A89
0765
0C08
0CE1
246D
1879
117C
1257
00AE
052C
12A1
2059
2D6D
1D4E
09E1
2EA3
13AB
0552
08AC
23F8
1BAC
23A8
2E05
1072
11BD
1D4A
2B77
2B6D
22C3
118C
16D6
227B
06D9
0178
02FD
2031
28F2
19DF
2783
237D
05F5
2DE2
1FB2
2A37
2AC2
06ED
08CA
14DF
2226
1F35
2180
0DA1
1949
0AE0
080D
1772
2DBD
1C46
1752
1BD7
0ABF
19E1
19A5
3095
19D3
0D27
09D6
2099
27C7
0E2E
16F8
16A8
0F51
16A3
213F
021E
2541
2B69
1AC0
2C01
233C
0A95
0D0D
13A8
16FC
10FE
24E1
2DB4
08EB
0517
2D84
23EC
1777
2734
2659
1AF1
01D8
003E
27FE
1DD5
1DF5
2C93
2CE6
0303
079C
2D24
097D
2BDE
1B63
13F2
17EC
2189
2261
2440
1F78
0FC9
25C4
1A83
0580
2AEB
053C
1606
2431
1B42
08DC
298C
01C3
2CE5
0C2E
18E4
16A3
265A
0053
161E
1AB2
2A1E
1D78
1D98
29E2
017E
0DC6
2ACE
277D
176A
0775
27A8
14D4
2BE8
11E5
29AF
2674
1BF5
17D9
25C5
2587
27A6
1B6A
1F7C
03E0
281B
1681
0E08
0DD9
0C24
19C7
156F
256A
1D5D
0585
20FD
0B76
058F
0C73
13DE
00BC
2A14
2B9B
2355
2D9D
2440
2AFA
1644
04C3
0B76
1938
158B
279D
27B8
0CA9
1F22
0F41
286C
057D
1846
1700
17B7
1D8D
26C7
295C
0E0B
2F24
289C
1231
0BDF
125E
2B46
0D62
2DC7
0E5E
183C
092C
2949
10AE
0F22
0D21
0E7A
3038
1D68
1759
0FCD
08A9
07A2
112A
198C
02E3
1358
1C78
108D
0DE8
0C51
1B92
1C80
099A
300F
2C95
1447
2D00
0A39
081E
0AFF
2DB4
2C9C
0531
1C46
1BC2
164C
129F
18A7
00E4
1222
19F4
2F2B
218F
1658
247B
068F
1CA9
2425
1C58
19DA
1975
297C
2171
1BD3
30B0
1BAA
2DE7
1547
0454
0090
0BD7
00A8
1056
2069
03B0
0D74
2AC4
15A0
0760
3125
190D
0E97
1552
1F21
1739
2C39
122A
15D1
303F
1A25
125F
1B51
0AC2
24BE
2F07
2B21
14BF
1854
214D
02ED
0967
1CE4
25E7
1B77
00A1
14B1
0934
02AE
164F
2F90
0B21
2D37
0EEB
29BC
0015
121E
16BD
0F53
27A3
1A3F
1170
20D4
00CE
2991
2D48
2692
22AF
1F8C
2DCD
2BAB
1DE0
05F0
24A5
1100
2101
11C6
0D3B
0589
235F
0590
0545
2254
2C24
12E7
2BE9
0926
2A79
23CB
2070
2FB3
2CA5
2ED5
0664
0D45
089E
2900
1707
3127
0542
11FD
098C
043F
2098
1030
05C6
2C59
1A22
2F27
076C
2B11
2758
2B42
2D65
1C3F
146C
236A
2E14
130E
1C0E
17D3
2F46
1D69
116A
0283
064E
0016
182A
0DD8
11E4
1D1B
0144
2197
15A4
1B09
128F
116E
26F8
305B
27A7
0235
30EC
0442
1E6E
063A
29FB
1892
0EFD
08E2
27F8
09D7
0F91
0109
0181
0DF9
2D67
051F
24DF
30F4
0824
0735
1EAD
23F0
027B
2EDC
00EB
2738
128C
1DE9
1A49
158A
28E0
2F44
11F5
1353
0C2B
0E61
0807
19C6
22CC
142A
2B3D
0D47
1908
05EC
0CC3
147A
0BC5
29AD
27D1
0E33
1564
04E4
1826
0ED0
0D3D
2A31
2276
1F1F
103B
0EE8
30B5
2E17
2234
0802
15F8
1E4C
104C
1220
2636
212E
1196
2EBD
1142
2765
1517
18CA
2152
2477
2E32
06EB
3158
2DC5
1969
1C14
2828
032A
20CA
18DE
1F82
19B7
23DB
2FC7
213B
2615
2328
18B8
2C26
2840
2367
21A8
0F59
0C6F
30D8
042C
1DE9
0636
1FE6
07C9
0106
0322
1E70
2F55
123E
303D
027D
193F
1D84
3108
210B
14C3
2FBF
22B5
0073
15C6
168B
271C
0A9E
2424
1AA4
2501
2C54
22CF
0AFD
1490
1946
18BD
1B16
10A5
0EAE
03DD
0BD4
03EF
06F5
0EEC
2AEF
064C
09AC
1559
2662
07CA
0A18
027D
2B01
2C2F
20A8
2AB6
203A
2A73
2DD4
1E67
21BA
07C5
2B19
1414
1E3F
044C
119A
112A
04A2
25BB
311F
1386
12FE
1746
1EAB
280D
1210
315D
17B4
00D2
2B17
19B6
1211
1CA0
1CE4
11CE
0E57
1C71
2B9D
11CA
195E
269B
0305
0DFF
07D4
101E
1625
0380
06E5
1B6C
1446
2148
26D4
2A19
27FB
1E8F
284F
26EF
194B
127F
19E7
2D8C
25C5
0A16
2802
1EAD
1C77
1C2E
27B5
1036
01A8
152C
0D04
302F
2739
21B4
15A2
103B
1143
09AD
11B2
2523
0CBD
164A
1F61
2C1C
2313
2D39
172E
1A96
121A
1666
0BB2
0AB7
1473
29C7
07A1
2002
2EC3
1D5E
284B
0FBA
288B
2077
173D
1910
030E
1B82
0C94
00AE
2D97
05E3
0798
2922
1B04
02AF
1F38
20CC
1ACE
2207
2B1B
2CE6
2F80
07B2
0440
2A3E
1EA7
21CE
26D6
2D68
057D
0EEC
1BE7
2B8B
28A6
2C94
1DD5
0664
195C
1672
1783
016C
1F69
0562
0475
24A1
11E9
1960
0815
0FE1
0CD1
059C
1CB0
05E5
1F6C
2C04
20A3
1150
0DF0
2FB6
16E2
30DE
1A9A
0EEC
1923
1DB6
03FD
095B
17B7
1CAC
311A
0686
2F01
0E10
10E7
20D9
08C1
0D7F
0F93
09A1
2D97
0CD5
03C4
014B
0884
0354
158C
1AA2
0764
2032
26AB
3001
30FE
190F
1526
001C
2648
09E0
1928
1037
254E
1515
0314
0596
28DE
1058
23C0
05D4
2903
10AC
2C81
0242
320E
1E61
19F6
056C
30AB
1F13
1995
1A9B
068C
3285
00E8
0A2A
1690
2CFD
23CC
2060
06AB
12F1
21A3
1A51
1CCA
1A34
2A7A
08B8
073B
0C37
0018
2ED6
1D05
126B
33DD
0866
2E98
0070
018C
098C
2FD5
2343
212B
11BE
16F8
204D
1EF5
1013
262E
2EE4
160F
0664
25F2
0207
2AE3
0ABA
2B75
3089
1BE6
10D7
0204
1918
0956
146A
3123
24D9
0918
05B2
0793
206C
2CD3
2E56
1B96
15AC
2600
2083
03B4
29B0
1915
29C1
1466
1FB0
0998
1864
303E
1343
1404
194B
2616
1580
27BE
21F5
0A9E
12C5
1102
1C60
212F
18EC
29FD
2EE0
33C2
1C43
1843
079F
2BC2
1218
338D
235A
33B9
1952
0E85
0E7D
0C99
290D
10C0
1B68
0443
31CB
2E3E
165B
10D4
3108
2454
3274
0EEE
1E48
0704
2ABB
2071
07DB
0900
155E
2071
1073
1AF7
0285
0EDE
1CF1
15EB
1495
2123
136A
1D82
3271
1365
0EA4
0B9A
2384
0AF8
1E1E
2575
073C
1D8F
00E8
15F8
17CF
029F
3005
1EE2
19D0
34DD
3250
0381
0D20
196C
2E77
1920
251B
1550
01D4
2E53
0697
0D0D
1F80
171D
06E1
31EE
0BA1
0E2F
12E3
2321
1068
065E
0DE8
2619
2D1B
2447
0D63
0290
2E32
2477
1CF2
24D2
2404
04F2
212D
08CD
0939
1B94
27CB
2E5B
28FB
073B
1589
1B7D
28C1
0892
0DCE
0839
2784
02C5
018C
2141
11B2
1D2F
21F7
0545
292F
106C
0516
0895
0F48
1D62
000D
0101
1C40
2C17
3490
1146
1296
23D5
216A
1DDC
23CD
122F
139B
2C5A
1B6C
1A66
1CDB
0B30
1FF5
1042
0527
1449
1728
03BA
1529
175B
0C14
06FB
17A3
2708
1CCD
01B1
344B
0556
0CE7
261B
2BD8
17AE
0115
31DC
0091
2C72
1889
2288
328A
2748
0F34
348D
1594
1E79
19E5
2F7E
17C7
1448
18C5
326C
28A1
1DC7
1043
124B
1940
157B
1AAD
2F62
2438
146E
06D6
00F8
0125
146D
01D8
231F
14BA
31F0
2245
0419
0AFD
30D3
2AC7
17FA
15A0
30B9
04A9
2AB7
0978
0513
30D8
08BD
30B8
106A
3171
25DF
275F
28E1
10B2
1A92
2CC5
297F
0A6E
06B3
0988
228C
32BA
0EA9
029B
0990
24AA
0470
2878
1C87
0D64
03FE
16DE
0771
11B9
1084
2AF6
2102
07C5
03E9
34FA
0A39
2DDC
2597
18EE
2866
1F02
3515
329C
2EE7
1134
2F0C
1415
0620
2CF6
1F41
126A
2AE9
06CF
344A
1609
0694
075F
1478
2922
0BE1
07C5
0D09
121D
266D
0964
2B3C
243D
1EF4
087B
2EEC
1024
22A1
3077
08F8
2D63
15F1
2B53
144E
2061
2C9A
0A7D
164D
15B5
2FF4
2E01
0892
0820
1400
0C9D
29C6
1698
2CD3
0A09
0501
200D
1774
02D1
16BE
05F8
0FC6
0DD8
0FFD
1D37
2B44
1128
2963
0581
045B
1B6A
24CF
167C
0C45
0EC5
0A88
1591
09A9
11D9
1250
09EB
2A82
078F
2E2D
1710
1B4C
1378
0BE5
2E5C
32CF
0C68
1EA2
1D86
3382
0E14
1F8D
047E
323B
2FCF
29A4
2A04
02CF
0A03
32C2
075A
10ED
25C1
060F
00CE
0B02
334F
02BB
1FD9
248F
1AE4
1907
1E93
1D81
0DA1
2573
29C0
00D6
09B3
29BD
0AC0
00E4
1DB1
0B23
16E9
0B2C
2ACE
28F0
285B
03F9
2699
250D
1825
0B01
268C
23B3
0614
1303
1F59
1BDA
1602
2F79
29B8
03C2
1C33
02ED
0439
1C16
1EB6
0594
0709
2B69
294A
3029
236E
1A09
0A40
31FF
0B8D
2D0D
11DF
1E5D
0FBC
1D3F
21BC
0F07
2B92
2523
1259
0C80
2902
0ECB
247C
288C
0CC7
01D2
0E3C
0578
17DE
175B
2F67
0706
28D5
0608
1486
0CD8
2A99
1576
0B3A
0BD0
020E
0B20
1EFD
0706
33D8
23B2
1CC0
2FC0
1C4C
1A6D
33E8
085D
054A
0400
0BA0
22BF
02B4
01E3
2105
1084
2865
2DCB
204C
02F9
0BEE
2667
1647
24C1
24B6
11CC
0022
0683
01B1
023A
1EC4
0AEC
0FAB
14CD
32E2
106A
2A84
2B41
0982
3052
2845
3355
0451
13C9
0815
24E8
114B
0983
046B
253E
1262
0CCA
2F9F
117B
219D
234E
0B3F
0B3D
0DE8
1187
1D0F
05E5
276A
0351
14B5
2902
32A5
22F7
0BDD
288E
2410
1AA8
06B4
28F7
0413
1AF6
2B8F
190B
0864
2F5F
19FA
3512
0AC1
16AA
0E23
2F48
0727
3114
1B79
1D08
2543
0220
0A84
15D9
0202
2423
1678
2DC3
2797
32BB
2EDE
294B
18F2
28B8
2804
26C6
072B
1C03
1536
2027
2603
2692
1940
2FE1
0C77
31A9
2229
2BFC
29C1
07EC
1DBF
243A
2401
26C3
3099
0F90
124C
0575
34D4
3441
24E3
25D9
0DAF
0B71
1C20
33D2
1AC1
0885
0F38
1B31
2EAC
03D1
2A6C
055F
0314
0B6A
340C
08AC
3354
22E3
0EE2
1D0C
018E
23D7
100F
1A85
0187
1A71
3302
29FE
1DB5
3185
0AC0
01B4
1F8E
34DE
2959
2433
01AB
2CDF
1268
08E9
1520
0F6C
32F5
346E
1CB9
3307
152F
242B
182D
058D
1C1F
09E6
2023
1DE4
1CAE
2078
2133
1ECC
19F8
2C5E
26FF
0F9F
0320
0F84
116F
1715
1384
098A
30AB
18B9
28F0
0E2D
28A1
15BD
1680
209D
0B32
2C8D
2961
17FE
22C4
0F5D
11FB
22B1
0CB2
10D9
13C0
1667
0612
0F37
0241
2A42
0393
28A5
0A70
3090
057F
236E
1D48
0196
0599
0F4B
3390
2CF3
2DF4
2B7A
10E2
1C8B
1AE4
1128
062B
25D6
339D
070C
2958
0102
0FEE
2412
0C4F
1860
01D8
1D56
1FB2
2A59
030E
3202
09B2
12C3
00EE
0DFC
33F1
014F
2440
0A7E
13E7
0E77
14DE
053E
2F0C
2A9F
1B12
06F4
048E
0892
0B9F
060D
030C
11BE
1B8F
1A0D
1B17
1303
11F6
0A8F
0C6F
1794
06E9
11C3
1A5A
1E4F
2CE1
0BA8
17FE
05E0
3019
1C47
237A
0A70
02AD
3442
0887
2358
2999
3479
1D5F
0F2C
2738
111F
1EF8
1020
0C31
2CC3
1C14
2A2E
0A8B
1430
2680
2CFD
0C2F
20C9
0CBE
252B
0EAD
07E7
0311
22FE
08EF
1B42
13F9
274C
1B47
09B5
2AB6
03B6
2B3A
0511
1010
2876
0BC7
03B9
019C
09CB
27C0
038D
3049
0BC2
1155
0F9C
125D
0A97
1507
2A5D
338E
073D
00DA
1F15
30C9
218E
1CF3
014C
02DA
1D29
0762
2CE9
1B2D
2E0C
1ED4
0F8F
1BD3
3162
12C6
09FA
07D4
136C
123A
04E8
00F0
0574
21E3
0973
1E61
2486
0936
13FD
1626
2A94
008C
0CDC
0158
0EC3
065A
0BC6
279D
1E50
0A2F
14FB
0832
181C
3003
1607
1B26
2C6A
18E4
05EC
0E55
04FE
3273
2178
2DBB
1C0E
21B9
334A
1710
2913
31CD
0547
25DC
2345
2793
0276
1C53
331B
0FD0
2392
2D9E
17D2
2F72
1AB2
03F5
1911
0B83
0828
201C
0289
08B2
11B6
3320
304E
3381
2200
0C90
00A8
27DD
32C4
09E1
2D6C
0199
32DC
03B3
0BBD
0F3C
16B4
1450
1313
1FBC
06C1
1517
333F
1AAB
20C3
30CA
14BC
19D9
0F45
2AA7
1D24
0979
2466
3108
1E5E
27A4
083E
10B7
192B
1BD7
1B79
1E4E
1DE7
06A6
2918
0F01
213E
2E82
0A76
182A
29B2
173D
1980
3275
1039
1428
28B4
0223
0EEA
22B2
06B4
2EDB
1C45
01F0
12CA
0813
2011
258E
1156
3358
11B0
1BCD
1695
23BC
2CCA
2639
1217
1F4E
12C5
2BC9
29E5
00C7
1AA9
1CD9
05BA
1369
1F16
2BB3
09CC
335D
0E82
2D5C
0737
267E
009D
1125
205F
3030
0B06
2DCE
0A18
0F3A
30BE
02FD
2C1F
3001
1009
29FF
000F
25DD
1A7B
2B82
0704
1BF6
1F18
3208
0788
0A4F
2918
1254
1E60
1601
28AB
0493
1078
2B89
2298
1F0E
02FB
0BEB
2928
3390
047B
2F77
1209
1027
18DE
01A9
06EA
2063
2921
345B
2957
132F
169B
0600
158F
30DA
28E9
0CD5
2645
21D1
243A
26B5
268C
01A4
01C6
2E82
1BFE
0333
2900
0795
2333
1A71
31CC
18DA
08EE
241D
0A63
18B9
1769
0BA5
3214
30B1
076F
26D4
048A
290F
12BF
1368
0B0E
2534
25EA
1C39
029A
05F0
1D61
3173
0F57
1028
1037
218A
2E83
31DD
0C2C
08CE
2805
2B0C
2909
1DFC
25D0
0B28
0062
0126
0483
07E3
0D04
0F68
0FF7
1CCB
1677
11B1
3453
2BFC
27C9
20FD
0EB2
25CA
1361
07C9
06C1
0397
2949
11FE
0527
343F
142D
3118
2A08
13C2
1FDF
23FB
0DD6
2A65
2ACC
32C2
2ED6
1FE5
08FA
22A6
0AE7
090F
24CD
250A
2001
2374
1CB5
2977
2707
011D
31FA
1308
252F
01B8
2DC8
2DAD
26C5
1EF5
1B34
22A1
1F8F
1A70
08A6
24E0
31A8
08A0
085E
14AA
2E26
157C
1ABC
1C2A
00ED
328B
2444
21AC
0670
24C2
2610
26FB
2BD2
055A
0AA3
2314
1EDF
2E07
1943
227E
0E23
1424
344E
1A19
2C11
1609
2B00
2134
311C
2DBA
0DED
2413
127A
2B2A
0DCC
11A5
2273
17C6
052B
07CF
068A
2E54
3259
310B
07A7
1B2D
007E
1ADB
1586
3067
0344
1945
0DE9
11AC
13CA
182A
2BBE
2C1A
0300
249C
1B02
25A6
0F58
30CF
0927
01B2
298B
19B2
2409
04AD
17F9
0823
18B3
28C1
292D
11AB
10E0
28DF
30CC
001C
0B9F
1D04
0DFC
0E4B
1123
1C38
1C37
0D0B
30DC
095A
2923
2781
1D01
0576
188A
08C6
25FE
0E2E
1DB3
20FF
0C0A
15FB
2172
189A
30AC
2E16
0C07
1E1A
25DA
02D7
308A
290F
2353
1E6E
28F5
12F8
08C9
0292
16CB
29D8
154D
13A6
2CA0
2820
0F99
32ED
32F5
1AAF
2CAA
1C0F
0C88
0C95
0B55
206D
1F3B
0D85
167A
1383
151C
23AE
09E9
0D93
01AF
00F6
004B
00EF
1C78
2E5A
2D88
090F
23C9
19F6
12E0
027F
08E7
1C9E
22FD
060D
3150
1B76
127F
0F28
2501
339D
1BC7
0C17
2C09
27A6
08B7
0174
1E97
33B1
0C3E
0665
25A1
1665
1567
2D57
024B
1C91
1C72
22F0
17C6
3386
2C9E
1965
1596
0394
2948
14AB
2417
2EED
1283
19D1
27B9
2AF7
1409
2EA0
11A3
1A2A
0BB2
150D
1B7C
1616
2519
2914
1DDA
17B6
2E0F
084A
2BE0
225B
22F8
1C5A
2DF7
1C3B
0DAA
05A9
189C
1541
2C0C
2806
013A
024A
21FB
079B
0FDE
18C1
1577
0D13
1178
2A0C
2ABE
1C32
08B9
188A
152A
2238
1DF8
2765
1B3A
090A
114F
1EA4
2608
155B
0525
18A4
0DD3
1015
2119
050C
0295
003D
2DD2
2427
0603
15A2
2358
256F
188F
108A
1208
3394
0BC6
3442
01FD
1883
1F54
1D04
092F
0437
1182
2B03
0DDE
0962
17B8
11B9
2690
29B9
2B01
155A
10D6
178F
0350
06FF
1DCF
1AC3
1FE9
02F0
3129
0CB5
07DE
2022
16BD
1653
018C
12D8
2B87
2597
1DD6
1133
2563
30BE
0748
3161
2253
0605
011A
32BD
2D1A
151C
01F7
2D36
2533
0235
2C09
1608
3293
0F95
056A
13B6
0F63
0015
2BEE
2491
1D6E
110A
295F
1169
061B
303A
1A67
2233
251F
2804
0EE4
2715
2D8A
21F5
2EF9
0230
1573
039B
2B55
2699
0C5F
28AA
12C8
12F9
29DE
235F
2BF9
09F0
0279
2464
136B
086F
1F85
1581
27F4
2432
1CD3
0FB0
1726
2C08
25F2
0E62
18ED
0DD6
0D09
07F2
1D95
152A
0EF6
1B4D
2EF6
1469
02E8
1517
21F1
253D
0BED
23F5
233B
1754
2313
2517
2C01
1528
13E5
28E2
1E3D
22DD
0962
171A
0322
0CA3
1A8D
1AED
0171
1F79
1B48
18B1
0462
07C6
2A6B
063F
1BDC
2785
206E
0F92
1C15
14D4
2DA8
0EFD
1DD4
3025
1447
0F5F
290E
0326
06B5
06D5
09B0
2063
0E61
1AA2
1AB7
1514
29D0
239C
0CE9
1540
21BB
2F8A
135F
237B
14ED
2F7F
009E
0D94
0FE4
25C2
016F
06D7
1EAE
1AB5
00C1
0896
18BE
3253
161C
0018
1623
323B
32CB
2602
1515
0331
26FC
3121
2AB4
2860
218D
0C59
2DD5
2EB3
2DBF
14D3
26A1
1C0C
215E
184F
301C
2F3C
1BB2
297E
204A
0A25
2218
1D92
1C51
2247
13F6
1421
208A
2B97
1881
1A4B
2586
13E1
1C9D
249D
12D9
0C27
1AC7
04D6
297D
0648
1340
2C72
142E
2343
0F4F
03F7
2115
20CA
1FB7
0E70
1A45
1E45
04F8
26B6
0E9E
0914
2FDB
19D1
1F0A
2F81
0BA6
0A0D
2D77
0375
119B
0828
18D4
2375
15C7
1C6B
163F
2708
025F
1680
2BDA
2FBD
0C0C
1B24
1648
18A5
0DFF
3125
1CDC
1FF6
2264
28FF
243F
03DC
139E
27F3
1471
28F2
1A7B
0F97
0622
108C
2843
0A5C
20DE
2A21
1116
2266
0572
1AF4
1355
01A0
2068
08DB
0EC4
0D43
1F08
1703
0683
0797
2F17
20B0
173E
045E
0812
04D7
3032
12B1
16C4
1F36
2FB7
06BF
21E7
10AA
21E3
0A44
1611
21C4
1A3C
0685
1F1A
0389
2CB3
0850
07C0
1F04
0B68
14B1
334A
15D6
2E45
3168
0E09
02A2
0D03
1778
2B4E
0D3F
1C20
0262
0252
054F
05D9
1DA7
0AAA
2BE9
32BF
0925
15A9
16D0
2138
25FD
1662
1FAA
183D
318C
2B15
20A8
2403
3011
2602
23DF
0995
222E
0548
1638
0492
033E
22D7
1E39
06EB
1445
2592
31CE
0B0B
07B1
04B1
1F48
165D
0716
31AF
25D3
0014
1C41
05B8
0E68
1749
2D32
2AC3
093D
3357
18C4
0A2C
249D
240B
1FCA
1AFA
252B
2FBF
18E1
1935
1EDC
1397
033C
30B0
02D1
04C4
0836
1BA7
315E
1C2C
3254
0250
06C7
1338
0658
1857
0285
30E1
0ED0
2047
1456
006D
1C7C
05CB
3177
087E
2F27
1A12
0B05
2AA8
3055
18A1
0C2F
058C
23C8
2D16
0E7A
0A46
1B3C
280B
28B0
02D6
1DD6
164A
1C6F
1211
13DE
1314
2AE9
0C92
0A1D
32EC
121D
2E65
1EF0
0521
08F7
2A35
24FD
0CF2
0EB4
1EF2
255D
124E
24A3
2199
1D13
200E
0B45
243B
1B1E
1DC7
15CE
1691
06DC
26DF
1002
05D8
12C1
0A4E
0A94
0819
150C
0D2E
15B9
0A02
2BB9
221E
2652
19FC
2141
3243
2669
061D
3009
08AB
0D57
2E48
281E
0EB2
2035
08A9
1424
043F
0BC5
2A28
2AC6
1374
13DD
1EF9
2CAF
1D89
05E3
11C5
2C4C
2B0C
2CA0
0690
16FE
0754
0AAF
173F
01C1
0630
0D77
00D2
0717
1699
1A84
0965
314F
2045
2FCB
1DFC
2DFC
17D5
00EA
148C
2D5E
091F
18EA
2E32
11E7
2214
13AB
0216
2DE0
0C2B
07CF
1C8A
2837
28DC
2650
2EB5
1C76
1C19
1CFC
0682
0679
2723
28EB
2393
0A72
1054
2367
0B80
2588
063F
274D
04A0
0C4C
2F04
2F3F
2F5C
249B
16C7
2403
235A
07B6
04EB
26AE
32F0
29F8
15F6
1D47
03AE
310B
20DE
321C
0A70
191B
1BE9
0972
3323
192D
1C51
1EA0
10FD
0B55
08B7
292C
072F
2D1A
2D65
2BB2
2D3B
0785
1259
228F
15D7
0B12
1FC4
22F5
16B5
2982
14CC
1E8C
0112
2494
2C14
1FD6
2817
0564
2006
2588
292F
1F3A
299A
0494
1155
1A12
0828
30C4
18D2
2EF5
265C
2B3B
0A7E
1B24
0413
2B3D
166B
26ED
2580
07AE
0CE5
2C20
1685
002B
1DDE
1B9B
0AEA
2B19
21FF
0F04
0B6B
0A0C
1214
0EC4
0A0C
2D86
0986
1D2C
0267
2292
136A
1675
13CD
06E7
17EA
30EA
1EF7
2B64
2E4B
2676
2F3F
096F
2416
0F02
2666
21F5
0087
013A
0656
1C07
112E
2CA2
18B4
2A64
0A85
13D6
26F7
1594
0A46
1CED
1DC6
272D
0F72
227D
100F
1258
0488
0651
318D
296C
140D
1299
1983
293A
1C56
0177
220E
05D7
00D8
251B
2BEE
1EC8
305C
28AB
1719
314F
1AF3
0C4E
110E
10B4
0653
102E
20CB
289E
13E6
1E91
1338
177F
2720
15A0
0593
014E
0685
1835
11A0
1CC1
0D41
2F55
123D
327A
2DC7
1D77
0720
11DC
13D4
23EC
0D48
066E
2AD7
1EA0
0E18
00D3
17AB
0343
22EE
208D
07EA
30FC
2F9E
03FC
1ED3
0C1E
15D6
2979
2027
13C5
28D6
1E51
1899
1B68
27DC
0CEE
191C
0F8D
2BD4
148C
1569
2C5B
1C5E
0D08
11E1
2479
1C9F
2F43
1E5C
1663
2722
1CFD
2350
0F36
0C22
014F
00AD
238B
1D5C
21F5
154A
0E3B
03E7
1A9E
2599
0D4E
29B7
2082
27BC
0516
1C84
3135
3154
10DA
1593
123D
0538
146C
16AB
0F1A
30C7
03C4
31ED
0005
01AC
0140
03B4
2BF3
0442
2D28
242B
076B
1D52
2F03
0F07
2DCA
1A6F
09B4
0BEA
2776
287C
1DA1
3014
16D2
0EDC
0407
12D3
0A17
26CE
0F5B
2321
0B35
0CA5
2A64
2572
2E75
031F
1CAD
246C
1CDD
27DD
2B78
09BF
07C2
0457
156B
0638
0562
2B23
1976
03E5
0AF0
1813
2E5F
1515
17E7
1308
2632
006B
2F34
1086
044A
2580
20BE
17CC
16DE
00DC
0186
1577
1E69
29C7
1F46
1BF3
28BB
2B11
0298
2D4D
17AE
0016
2816
1C6B
1F6E
0796
24A9
0BB0
13E9
298B
11DA
257D
2C96
209A
0D0B
132B
045B
15BE
2DF7
3085
1B56
2F88
1E6F
0CF7
3151
134E
2793
1B3D
2C20
1E9A
1F82
2936
1AA1
0D70
13D0
1039
2A4B
2E61
2D83
32B7
2A2A
2722
2432
0867
1F64
0B71
2D22
048D
0781
165D
291E
15B9
0145
2358
02F9
2B1B
2D81
1699
1650
18AA
01C9
1B4C
1621
0F24
125C
101F
2E71
0453
0501
03A4
2C2B
2085
1BF9
0938
2502
1FD5
0057
1B82
0AC0
0404
2786
08C2
2337
133E
1F33
181A
0451
2120
0ED2
2B6F
2C43
3262
1C2A
328E
2CF6
0F68
2AC2
0159
29D6
1234
1BD5
05F2
2226
2918
253C
1A0A
0FC2
2396
0BDC
2784
19D2
0924
0DB0
0237
0622
0854
1E1A
1118
3236
3207
0D61
049A
2785
084B
2561
112C
0044
188A
0D1D
23A7
1577
2696
088C
062B
2A20
2D56
3065
0828
2634
2A85
0B93
1D69
2762
1AC0
1A5D
1793
0F30
12F9
2558
2E32
22FD
12EB
2FBD
0890
0037
1EFE
20E7
16DC
0151
01D1
232A
2668
2023
2A34
0E6B
30D6
110F
105D
3048
2FA5
28EC
1AAB
039D
2284
168A
25DA
1AC7
02B0
0AC4
2C90
06D7
2499
0BA8
27CE
0DCE
010C
310A
2218
15F9
2FD4
0359
13BE
28F9
1B84
0EDB
06F8
0861
2C9D
0EBA
2B4C
144B
067A
1ABA
14E5
320B
1E6B
2558
156B
2027
0988
250B
0ADA
28BF
1229
2DD5
007E
1538
150C
0111
0A37
10ED
10FC
1360
1983
1A50
00A9
057C
2385
1A39
2FFD
0200
04EF
274D
1EF0
05C4
1977
2A37
163E
0579
311D
177E
0D1D
0327
325A
0E35
0016
0348
307D
1DC5
2455
1BA2
1923
27D6
0630
2882
14B3
057A
029B
0805
2D3A
2E2E
2C1C
0D12
1570
06F7
2E24
2162
11B9
0655
2BEE
1DAD
2437
0016
2EBE
0A3E
08E2
06E2
0AC3
2D9A
2FDE
0C07
13B5
1D4C
2DD5
2AD6
206E
1442
2B91
1136
08E8
2767
1A8C
22AF
221B
1196
3063
1880
18A4
11EA
0240
1AB0
05A7
152B
2ADE
02C5
0475
0286
0334
01B3
01D5
1FF5
1038
06BA
2E20
0F36
2DBB
12B9
20FF
0D7F
084D
17B0
1DA6
272E
2336
0EE0
1E05
1F1C
21CA
067A
22EB
2770
2614
0CDE
190D
0B70
329E
291E
2E57
0062
0782
2B94
18A4
2E59
0A38
2079
2D73
0CD3
013A
27A9
1224
1925
2645
1607
2A22
28B2
1D0A
201A
1736
1E0A
0104
24A6
2088
06ED
0682
23EC
079D
1B19
1698
0CDB
0D94
1A98
1C0B
27F1
2046
2ED8
1CA8
2613
11A4
1DAB
0937
097D
2810
2602
221C
1D95
2772
2E80
31EE
2A27
025B
0F54
122D
1DC8
24D2
2A9E
2D15
192B
306E
213F
245C
1173
0EEC
122B
0FC1
29E9
0055
1EB7
210A
1FCD
232E
22D9
2DD4
16CA
25E8
280B
2DB5
1597
05BA
19F7
3180
06CA
0638
0E4A
132D
24C5
0E3F
1196
1EF4
27EB
224B
152B
0B3F
2E4F
202E
13A9
02AD
1FC5
151D
1B52
017B
2DF9
0967
24B1
1897
17E6
054C
252F
1FCF
2EBA
2645
134C
1D99
305C
25C2
1CB6
034A
0E60
08A5
1CC1
2DE4
2214
1DD5
0E27
19AC
3250
1A37
2F32
27E1
0850
3102
0476
1A71
30A8
0DE2
2F0E
1845
13A6
0DCB
20EF
11B1
1FB9
2DC2
0ECF
1EC7
2EB9
18A5
2D3D
11F9
1192
088D
297C
2DB9
0473
1383
2439
32C7
1E14
1BF2
324A
2737
1D4D
166E
1BB3
0691
0690
163B
0192
2543
19C5
02F6
2FDC
2302
0756
3137
1C64
3026
28A4
04FF
072C
20C1
09C2
2393
1585
18FF
24BC
097E
1D8C
21D2
174C
26BF
0309
2544
1854
025D
17A1
2091
1AEC
22E5
1B9A
13CE
2363
2B3E
1770
16C7
2CAB
099A
2C14
01D8
205C
1775
2F4E
17E9
23CA
2407
1F6C
2783
1D2C
2429
1719
1CC7
2CA9
125A
0A01
2DA9
0560
0D28
1328
2A2C
176A
1ADC
0F44
155D
18AF
14FD
2FE9
00C8
1EB5
037A
2180
0164
1DD7
1DA0
0B32
2E6E
2F35
05E4
156B
043A
29D9
2140
14B3
1977
1BAF
0B7D
2756
2610
31EF
1DA9
185B
0EF3
0392
117B
000F
1453
2031
283B
04CA
0C5F
303D
1125
0093
29A4
0A25
080F
033A
1F79
043C
31BD
30C2
165F
0E64
31EC
32E3
09DC
0ABC
07B8
1FFD
136B
181C
0CA7
133C
19F4
0B76
0BDA
0639
092D
2DF2
1DBF
0301
0531
032E
129F
23D0
1C21
2CB3
127C
1539
2E26
0C35
03DE
112C
1392
074F
0EE6
10BF
0747
099D
2FBE
1D0F
2A37
1F5F
222C
29F9
19BA
0F98
1344
076D
159B
2E4A
2A07
1BC2
2EBD
2492
1F40
2F9C
256A
1DDA
0E2B
00F9
1D52
1D7E
3057
0ABC
11F8
284B
2A79
1AC5
06CB
0ADB
240A
2801
05AE
19AA
054D
2A04
292B
189C
2FB9
253A
2C8F
2109
0A4C
003E
0F1E
2275
19FF
1988
2286
1968
2E83
0E2A
0CA2
1418
27AC
2BB1
307E
07A9
25E0
2851
264A
0B3E
2BEF
1973
0F3B
3341
0757
1292
15EB
2CFF
1BA4
2231
2F81
30F9
20BB
064F
0381
2C15
0C20
07BB
11B2
086D
251A
019F
13D1
0DC1
1C0B
256A
308A
0145
0CF2
1DD8
048C
23E3
209A
18B0
2CB3
2B07
0216
0410
0096
11F5
1538
1EA2
0777
21B4
0631
10DF
2219
0C8E
2027
05CD
040E
2C4E
0CAC
31E4
2DF3
0B89
15C3
1928
2925
2043
1EAE
328A
0DCB
291E
2346
248E
1493
1DD9
2CF5
237D
19DF
2C79
1A42
05A3
022F
019F
25D1
1191
2060
1B42
2F38
29ED
2635
2C58
15C9
27F8
289F
226E
0AB5
001D
1650
0E83
1F89
122D
255C
0B23
33A2
1BE9
30F4
2368
2A0D
2099
195A
24CA
29FA
119B
09DC
2769
2ABF
0AA2
19CD
01AE
0DA6
2BDB
06C2
31A4
1370
1BD6
0B58
1957
1101
2519
322F
04BF
16ED
14F1
22B1
29F3
0FB7
188B
2276
29DC
14BF
205B
00FF
08E6
205A
0594
2FD7
0E43
3341
0151
18A1
1207
2BBB
180E
0C60
1505
0BDC
30DB
0E33
1AB7
2F86
1071
13E0
14FE
2ED0
0FC4
2FB5
29CC
2517
2D4A
11D7
2FBE
0318
14E9
27CB
03B7
2070
16DD
04FE
0ADD
187D
2F06
1943
014A
25A3
1408
1D6F
194F
314D
1C8A
16DC
0732
218D
0EC6
019E
058F
0E86
0E30
1D86
207E
0324
28CD
0988
3299
25BB
0472
03BD
1EE0
2F76
0452
0FEA
0943
2426
0051
27B8
18AB
2787
162D
32BA
0700
0A7C
30DB
2DC3
1C65
22A9
12E1
1491
1DC8
0011
1559
18F9
2D90
120D
186F
19B3
1F78
0710
2934
0289
2414
202B
22A8
0EDC
328B
118B
0167
204B
1F35
2DE1
1097
025F
0129
0544
19BF
1FE9
06D2
1A0E
252E
0609
13EF
01D8
3043
15B4
2BD3
0EC4
306D
28AB
1070
2589
2134
16C3
2A3C
1A8D
009E
2A9A
12B5
24EF
0E66
3258
0F55
2F94
21F2
0E70
0FCC
1BFD
2653
05E5
161F
134D
1F6F
245C
083D
2DD1
10D8
2944
1A56
0836
0750
126D
0129
1A71
2D2A
0626
0892
1E79
2680
05DD
0C05
04EB
2FFA
123D
31A3
1092
070B
232B
1F5C
09BC
0471
3267
2840
2055
1508
1685
2AE8
2151
146F
297B
2A95
2B01
2655
1F42
15AA
0F83
021B
227E
0BE8
22B2
0E02
15EB
0215
0043
0D0A
3054
25E3
2FDA
0C80
0ED9
2CD1
07B2
18A8
0CA3
2AF2
2224
01D3
31EC
141D
10C6
0A45
322C
2BFF
0E1E
12B0
0370
2F03
1299
0763
19D3
0EA0
2961
2BA6
0FFF
0CE6
3175
1D1C
0EDA
17FC
0030
07A0
00EB
2F18
28AF
2BC7
2313
1281
2B87
130E
2DAB
23CB
1F9E
32C2
05D9
058C
0A7A
2891
2434
2485
0838
10C7
1634
25B4
2E9D
03B2
32CC
30DF
225B
1470
0B85
0FE7
0F0C
08C7
0AD4
0999
2D40
2580
069F
0D76
2E03
1B22
1A89
1501
0F1E
26FA
02B7
13D5
1B6A
171D
22D2
320C
192D
00C5
1911
1054
05C1
02F9
09DD
2359
0A59
248C
0882
18AD
00F0
18F8
123D
178B
30ED
1084
1434
1E41
095D
0B1F
0B33
1BCD
2D2C
05CD
2630
0008
27E8
1CD3
1413
2817
004D
2EFF
0F2E
2131
2E04
1BC9
243C
1B37
1C8E
1939
2447
0518
2E28
0A42
3304
0ECC
1E5E
2C24
2B18
12F8
2AB1
1752
2331
226B
0F20
1C0A
12FB
0CC8
15A8
1CB0
0247
123F
1D6D
254B
24D6
16EB
1E41
1FB5
09A9
0352
303E
0A6E
315E
25A4
11CD
1294
21D5
2AF8
1700
0218
0FE7
3334
0630
1632
112A
13E0
108E
3355
1756
0FFB
0D72
3229
2D4F
33A4
0F95
25CE
24C9
03C6
012A
0371
09D6
0727
1991
252A
1E65
1335
13AD
05E2
1DFF
1C6B
0573
101D
213F
1A20
0443
244F
18D5
2448
20BC
1B83
01A3
1668
2E0F
03D8
28EC
1FBD
012B
27BB
0498
0ABE
247A
1676
123D
1037
1845
2BCC
3266
24C2
1F69
1797
0338
062A
15C7
0663
2A31
1445
1CFB
0A5A
263A
1E47
1A21
0EED
2FAE
02FB
1B8E
12FA
1E49
0921
3195
20EF
18C8
22D5
0883
26A5
0D4C
2B17
2E6F
1369
2E09
1F6D
0BE5
0775
0E2B
081B
31BA
2C71
0C26
21D9
0D5E
26C8
1565
03AF
15B1
2F6F
296A
1640
28E4
17A5
116E
2FD7
2BB7
143D
124E
0966
015E
2315
2624
2BD3
270A
1E5F
12CD
0A9D
0512
22DF
04E3
3355
1B55
27A9
1DEE
0243
2667
2F3B
037B
290A
31D7
10CF
31E9
2C2A
20A6
2824
09AF
162F
1ED7
2201
0BC6
2146
22FC
20AF
0735
01FF
0981
264C
04B1
26A7
244F
1658
15EA
0C57
0E7D
185F
1FBF
1684
0115
0EE5
0120
2014
10F5
123B
100F
0235
2B93
32AD
1C01
2A5A
2B62
14BA
0A99
199D
2035
2453
0BCE
0310
0D93
160A
2C63
2B38
0406
05A3
16EE
05B9
00B3
1BE5
254C
1736
2219
02DF
0E93
26C5
15D7
1601
1FDA
2103
17EF
1965
0B97
14E9
27D8
2EC0
243D
1063
2D46
2714
0B41
0ED3
2FB1
256B
23E5
1C5A
20C5
2D8E
163A
22BF
1322
13F5
0F43
18F6
25CC
0D3E
1C28
16F4
0655
06F9
210B
16E4
14C2
0CAC
2431
2D76
2777
1EC5
0D39
1D70
1E97
1528
0761
26BB
2D48
1521
1E19
05C4
0C53
2FC4
1E35
21F7
07CB
17E2
112A
28DB
1888
1170
1EC6
0DFE
124F
152B
30F9
13F9
1AE8
20BC
300A
23C0
1D3B
1706
10E5
04B0
0D45
0FB7
05E1
290D
110D
281D
231B
05BA
1F87
0688
1FCA
1C79
1206
2D48
1B93
317E
27F7
2618
27D2
1754
19A4
2E6C
270E
20DE
22CE
1DF3
03D4
2576
1D1F
083A
1369
1F38
218B
12F3
2688
1581
270B
0A9F
1C3E
1FF6
0D8E
07BA
1E77
12CD
1977
1F2C
071A
1F85
07CB
0EB6
09E8
0320
0FF5
1973
1A09
05FA
1614
0DB7
0745
0D6C
27CD
25F9
1D03
0C74
22C7
0A63
31AA
0DDD
1A0E
232F
0881
2A16
02E4
003F
28AE
071E
0040
1906
1D1E
039A
21FF
276F
2195
2481
244B
15F1
0D18
21B6
0570
1EDB
1C3D
0588
1FB7
22CF
023A
0F99
18F3
1873
0A6C
15B2
2622
319B
31A6
2586
04ED
090B
0B63
2F30
04DA
1269
02C8
2932
25BB
01FA
311B
2E3B
14BA
146A
2DC5
0642
2747
2CB4
163A
0293
25F4
1B88
184E
1452
3055
0D3F
0E07
001C
1AB9
2E1A
2586
1CB0
30F5
08BD
028C
27C8
02F6
02A6
0345
3007
07F3
1900
0FB5
2B0E
1AB3
1F8F
15BE
2A5D
25E9
0912
2A0B
2C38
216D
0709
25EC
0D9B
123E
00A3
310E
074B
1336
2CA1
09E4
0C3B
009B
26B6
1281
2203
0B2B
1E4B
140A
2378
0D54
19F1
2451
1F2D
0539
1A23
0C1B
0DC1
0F67
0B09
01CC
187F
1FD3
2AC1
22C6
2C8D
1FEC
30AD
2934
2363
23DD
1C2F
1A79
0739
22A9
0EBF
25C7
1367
09D6
28F9
072A
0D13
240D
0DED
0E4E
2F27
11DD
2A68
2681
1F69
1D2A
267F
127F
15EF
1C7A
1244
20CC
08D3
2FE2
308E
1B02
1C4A
24C4
01E3
1311
0EBC
0B71
1A12
2905
1B67
1CEF
09FA
1FC2
2602
0C4D
06B4
0525
249E
14FF
0CFA
141B
14B6
1A63
2A6B
12A8
0211
2410
01B7
17A2
0F06
08E0
2115
2DC1
09EE
290A
0AEB
1B0E
2037
1CAB
16BC
0096
14E8
00F9
2E3E
07B9
1EAE
11BE
2F79
19AC
0CBA
23B4
03FB
0B97
0E4A
0BE2
1662
2E73
0729
155E
1093
2487
23D6
2520
1B04
1C1F
1778
2364
306E
0ACC
07EB
244B
2647
2D4A
2143
0123
08DD
0E7C
2551
31A8
2B48
0BD7
19EB
26E4
05F3
3122
2C44
2AE6
126B
2087
1C92
007D
2B7F
0982
0194
1687
23A9
2F70
2968
1662
1439
17DA
1E2D
0B42
2C76
0689
29FE
18F8
2861
2D19
0885
2BB6
2760
24AE
1B0B
103E
1C3C
29C7
1521
1D99
27D6
2C05
265E
2E98
184F
150A
0C86
06C2
30CE
1BCF
09D7
2852
1609
0737
2DBE
0B2D
0A8C
22C5
193D
2C77
0CF5
2997
2D26
17E2
1721
08B9
245E
188D
07F4
25D0
004F
0A68
2FC5
0725
1D84
260C
27B4
2751
1441
0539
2E0E
2DE9
0F01
293D
100F
2723
245A
1631
1FA0
0C65
08D3
0A03
080B
0108
2D3A
27D4
2B1C
0919
14FB
1E34
1BAF
06ED
0E37
0A9C
029F
116F
0D0C
22C7
02E2
2248
2105
3145
2691
0056
0BEA
04E8
04A3
20EB
1185
131C
0A26
05C3
0542
0F91
16A0
2E24
166B
0B7E
1DC5
080C
0AEE
05A9
0A23
0910
17F9
0357
2CE8
2F45
150D
307B
240B
2296
258B
1583
2271
0A39
05A7
266B
26E3
0604
2031
0DE1
1835
1B26
3029
0A10
144B
1DBE
0C42
2E88
29EF
16F3
13F7
262A
037A
2B89
047B
1CD7
3098
0EC3
22B4
1724
0041
290C
2067
2684
2B5C
1D4C
1BFF
07C4
2D00
2446
2817
1E69
2188
151A
25E0
0FE8
2086
0B11
0346
011B
09EF
17EC
0012
101D
3139
2112
2AA9
0FB4
19DB
032F
2144
1076
089C
15AC
1669
02EE
2CE3
1B39
2112
141C
1DBF
054B
27F5
238C
3177
2135
1361
2798
2EC0
03A7
1F0E
2AB9
1554
161E
21BD
08C2
2627
067D
0A4E
0518
093A
16D6
02C6
1588
2BC7
1C86
312C
1C93
2194
139C
23CE
04A0
292F
00AA
128D
1D66
1BF2
03CF
2AEB
25F4
2E52
3008
10B6
0026
2987
2D55
26CA
2514
1AAE
20E9
0453
21D0
303B
27A4
12E1
0AB3
1D3C
047E
2231
1E20
02E6
2F2C
2FA1
2BA1
0CDA
071B
008E
2E4F
1D7B
2917
2864
2086
22D2
3123
005B
10C9
11C1
2F9C
09B1
2889
181E
0C84
0952
1BE3
2F2A
1BD8
1884
3102
1670
086E
0A3F
1D11
2944
301F
28C1
0C53
2BE3
316A
28FE
2D7B
2C52
1AD6
078D
0B0D
10B1
07C8
06CF
2151
2627
2988
164D
01FB
0E95
115F
218D
2DEF
0249
2D43
2BF1
2697
214C
17B9
1619
2267
3162
2574
0F88
1AAC
282F
1E57
2CE9
1406
014B
0170
272F
07B3
2F16
01D0
0A55
28A1
204E
0E21
29A7
2551
0871
1790
1120
2ED2
30E7
0E1B
1ED4
2EA7
0D6B
2671
226B
2E3C
1430
2317
235B
06C9
2281
1D8C
2245
05C7
0858
2613
1C40
0327
30D0
2FCD
19DA
0C59
0DF0
0820
1DC6
11AB
2C37
31BE
1603
1A90
0B7A
188E
07A5
16D2
0BCD
0C80
1ED0
1565
027E
164C
20DD
0155
2209
2A8A
2FDA
14F0
0D38
112A
2187
14A5
05B0
0C24
1E9C
1EEA
1989
1A25
15C7
229C
24E3
0701
29C5
0AE8
1A2C
1693
2E61
2B13
0569
0A37
2985
23A6
27B9
1594
198A
1EE4
1FC6
1349
1B6E
186C
2131
0DAB
1C4A
28CD
1F4D
1AC2
1D5E
1B64
1322
3235
0D44
29B4
1C5D
1393
1D83
0207
0600
23F6
0E2F
0F8E
2EC8
276B
0F40
2CAF
0D02
0232
3078
2426
21F7
0725
2748
2103
1794
1B2E
25BF
1E14
20A5
09A7
193D
12D9
1EA9
0735
00C4
1335
2756
3183
2507
1B8E
0CB4
1DEC
2579
1384
0F26
25F2
2710
1083
1B97
0A66
1130
070B
3322
3195
2A46
19C2
0A1A
02D5
224C
04AC
3105
2F0F
32BF
0471
2C17
10F2
28F5
2125
16F9
0B0D
0044
30EA
1DC5
1F53
0170
0175
19DC
1FED
08FF
1AB2
2E6C
040D
155A
0A0F
0136
1FFC
1C5B
2235
1B80
0E18
1F7F
02E1
115A
32CF
0B45
18DF
1D13
09C3
0013
059B
1DAA
26B6
21A4
259C
2EE9
2B92
2C3B
033C
2241
1873
1CE2
2D14
1273
0ADC
2CFF
18CD
2B22
2ED3
1FA4
0993
1B99
1415
2585
17F6
161E
15C1
1CB6
2F8C
1054
15DD
2F3D
1DB7
0BAC
32BC
02D7
1B20
0A1D
1CE6
14D3
1D6D
2C00
3000
2F4F
04E7
1FD3
1523
090D
18AB
0649
03C7
2472
17B7
0A5C
12B8
11D9
18B8
0A52
255B
1C03
1875
1531
2241
2768
0DC6
0994
2772
2AF3
32BE
0BFF
00BC
0B08
09DD
0CDC
04B6
0498
05BC
2DB0
144F
1E26
2789
1CA5
2C19
21EC
1342
157E
23F2
1CEC
0DAF
127D
2F12
2BF1
085E
1B43
1C11
2C64
30DC
0168
24E1
2AC4
1E83
0721
2D56
03FF
1570
1B66
03D1
2006
28E9
174B
0136
0A51
29A4
3069
01FD
301B
2EF0
0C8F
2A14
2929
32D0
0F81
2BF3
09E9
29B8
06A9
28F7
2A66
1CFE
32BD
3309
2F95
044C
2F7E
19E0
1F19
064E
1037
1692
0D5C
0CFD
2F3F
1EE3
2164
1264
16DC
2588
0340
31E6
26F6
16DD
2393
25E6
1D30
2C31
03D9
0423
0A99
1AFF
14BA
0A4E
08F2
2E90
0F20
2011
2F78
188B
0326
1B95
195F
2E77
17C1
17AB
21C3
0649
1E9E
0B22
1CD6
245E
01CC
1481
18CE
19DE
2AEA
1C31
24F7
1892
1DDA
2B78
0FF2
1219
10A8
0A64
311F
2E1B
152A
0134
22D7
12D9
3304
2D5C
0CB3
2866
17F7
29E5
1F1B
054C
14F5
0185
2055
0940
1411
0AAC
26CF
0C8D
01E9
2447
19D2
3056
07F1
09D8
32C1
08F2
0231
1AC4
064F
063A
0502
02C1
2935
0FFE
3106
0A12
19FB
0228
2531
008B
01CF
23E7
170A
2682
0854
1FDB
0E56
039E
2711
2F1A
0E86
32A3
1755
189E
233F
1C76
013F
1310
1875
1230
012E
096E
20D1
22D6
2FE3
12BD
1258
1461
2BF5
22AE
1310
326D
0E47
2953
049C
1A09
00DD
1188
09B0
1072
250A
277E
25E7
264A
14CA
0722
1ABD
190F
0CBD
098C
26B0
01EB
1600
3029
13AE
3297
25E7
2207
2C34
04DC
07C8
22BE
18B3
1631
2237
0DE1
0FDD
1D26
0BD7
0861
26E6
2BB2
3234
1919
0C86
1E30
0AC8
1F5B
0106
3241
2350
0AAE
1922
0E2E
2CC6
1FE1
0CF1
2CFE
2361
02BC
31EC
0D60
222B
2401
048F
156E
117F
0677
02EB
0060
1FBE
1AB9
1373
0203
326A
07E7
04C0
0306
2666
24A4
0983
1290
1DC3
1224
22CD
24A0
197A
24DA
1571
256D
00EE
1C3A
057C
1C18
0C75
0532
01B1
331B
1900
269A
001F
19A4
18AF
13E5
1F01
02F2
214B
2E58
268A
0CFB
02F9
0D1D
1888
0197
2C94
1AAB
2089
1861
053E
2250
3189
2C68
2C8F
0D6E
17CC
233B
14B7
27C1
0419
2A06
087D
0BBB
2D10
21BE
1991
22D7
28DD
1473
1E8D
1BF2
10AF
1D2D
0951
1B37
12CA
29D6
0844
1519
1177
2070
238A
0D11
1516
31ED
1488
0A3E
2AB5
22BD
25CC
05F3
1888
1FD7
0822
2D2B
247F
1A4F
10A3
2D36
1642
10C9
120A
1294
2918
126E
056A
0072
0326
2F58
2867
1486
1B0C
1889
0158
0335
2B14
217C
1EAF
0D7A
066A
0133
2F5C
178A
054B
1B03
000A
2E32
09D8
0FDF
0E97
2C00
2409
02B7
2EDC
1B9F
3043
15BF
2997
2841
10A9
2E0E
2D1C
0E8B
2E88
059F
22CC
29A9
260A
0ECB
32DE
09BE
0F93
29A3
1EBD
1F39
0854
2BDF
0EBD
1BFF
2857
2A99
0CC5
208B
19C4
1AC1
087D
2BC8
04AB
1B63
0A44
1092
0528
0546
2F86
1C14
1CCC
2A67
09F0
0D33
1876
0074
0413
1425
3222
0AF5
16BB
31D0
0736
0883
2F95
28AF
2679
0C5F
209E
1C3E
261A
31E7
28C2
28DF
1DCA
1925
26C1
12B9
1BA5
0C20
1AF3
2936
21F1
0670
1E4C
0FCE
2C61
2389
32BC
1832
08A6
02C8
0A8A
2975
1F92
2110
1FEB
0D8F
205A
1A9C
0B83
10F3
0F35
2E6A
1A80
1A80
1F45
0D49
2D12
1DA2
2941
08B9
1EED
07C7
046D
1579
24B9
0317
0A4F
210C
2168
138D
1127
26DF
236C
305A
26F5
2D71
29CA
1C9E
206D
2E3D
0E6D
1959
297C
2281
2D4C
265F
19AD
15B4
18F6
1C9D
136D
1909
257E
3099
00E5
1485
12C7
1D6E
00EB
1AA7
268E
0FAD
119E
022A
0AC6
2C69
085E
1107
2B47
2666
1323
1402
323F
0D52
1B0A
29D4
2591
14CE
208A
248E
132E
0050
10C9
2AA8
29A2
11FB
2AE7
0A29
09EB
19E1
1B44
167C
0EF5
2532
0E30
0359
2D0C
00D6
29E0
2866
1372
039D
21F0
1991
1C86
1ABF
04E6
2D59
03CC
193D
0EA8
0679
227E
17AE
3257
0EFE
23B4
0523
32CC
1DAF
1262
3197
128C
0BF7
2763
17DF
0369
19BB
1FCF
04D8
21AE
1E6A
17E7
18AA
1346
0838
0ECD
2E2A
23D9
0317
0584
20BB
1B09
03E3
028B
25F1
07C8
2B00
0DAE
2423
2590
217D
14B6
110C
1B35
11C8
3037
295B
2EBD
01C4
053F
2967
2A93
0B4E
162E
2C7B
1795
1284
1BB0
0F3A
0A7D
05E8
0E45
2E7C
0511
30D8
151A
2E42
17FB
11D4
082C
1D64
0606
2177
0DEA
3097
220B
0154
0316
231B
2DEC
1D32
1E90
1D3D
2AEE
184D
096F
0BF5
052B
00E5
2CB9
204E
28E7
1453
25A7
172F
15F9
0312
0C1C
3330
28B8
0D8B
174C
181D
2DBE
1D64
2598
1FD9
09A8
27C0
2D69
2932
2B9C
32C3
0C1A
26C7
1991
3083
20D3
28CE
18E5
078E
0254
1DCA
0304
0AB9
1168
1749
26DA
2F67
029B
12C3
05EE
02D4
0E61
1E7B
1FCE
0E83
2FFA
2386
2D01
2341
2812
0879
17F5
1870
1B0E
2825
1357
23CC
29AB
2B88
065B
13ED
2C9D
0940
0C1C
27E0
0CA6
0612
27D7
0822
23DF
0FC7
2A03
2D85
30E2
146A
2EFE
06A2
2686
1B5F
008B
020B
11A9
0546
223A
2103
26B1
286E
0B03
1286
3060
2B88
272B
23D4
1871
1455
090C
2126
00B9
0083
31CD
1788
07C4
0CDD
096B
1848
15DD
0E98
003D
10B5
0696
31F3
248D
08E2
0A97
1851
2E88
2F30
11D1
2DD3
2AE2
3214
04DC
17E9
05CB
2776
0E6F
0B22
30C3
2CE7
3217
1385
0D0A
2266
0FE0
062C
11FD
10F8
0003
2409
0E9F
1F07
13AF
2509
010F
0969
31BE
2738
07D7
2950
3117
0563
0197
0289
186F
013A
00A2
0554
1532
2E32
26EE
108A
336A
248A
164B
313A
0AF0
0275
3339
2D32
17E6
27CF
023B
1433
04FD
0A7D
0BD6
1CB9
2202
03F0
20A2
28FB
1250
0ECC
2015
007A
10EB
0358
08EF
2193
2F7F
03C9
0432
04DC
3271
11F8
1013
0AD4
221B
1E47
2CA8
13B1
1359
12E2
1BF8
2D3C
0D77
0BA5
05B0
2715
00C7
2921
101B
0899
2497
04C7
0698
1B07
2806
2D4B
0D51
1029
03C5
1060
2198
31BA
077B
3274
27D1
1EEB
1353
3087
1D46
1A63
023E
03E2
18BC
1BF0
297E
305E
11B8
0994
0174
15AD
0B79
0E8A
3152
0B30
2CD2
1226
2B09
18EE
2DDD
1A14
2524
262B
1572
0320
3348
125A
1E16
1FC2
02E5
0CF8
1E01
1498
2DAD
2E1E
2C0C
1386
11B1
1BDD
0367
122C
175F
291C
03A4
3038
0C55
0E46
0DA5
279A
140C
1CF0
03FF
1BCF
3310
2BFC
2B2C
09A6
31F5
0622
2CAF
1102
08A2
0BB1
0C67
1290
0C6B
1F57
2FC5
2751
22CD
27CB
0ABD
2B6F
18E5
2FBD
1D75
265E
0CFE
0008
1B82
3078
30EC
063B
28ED
2F0D
1D15
1775
2A1B
2D6B
0152
00E1
2057
21D6
0A0A
17C3
2FDF
0C97
3145
1C9B
32CE
0BA5
01CF
2E02
1534
1652
32D0
3177
264F
1445
28A6
0871
05DC
13A0
049B
11EA
25C7
0350
2FD5
25BF
07F3
2C43
14C4
2676
0020
303F
1CC1
21CE
1D89
265C
1DA3
014A
07D9
052E
300E
1091
0B85
326D
12FB
3021
04FA
09F2
1AF5
0F50
25E0
2A62
1BD5
1340
1D6B
1F78
13F2
2043
1980
17AE
19D6
0F6E
001B
2165
1E8A
0B59
15AE
32FB
0177
10F2
0296
2000
1E70
0542
2EC9
10FD
197B
0348
1A6C
2C65
1277
1BA0
2741
1D17
0510
14A0
2CC5
2F6A
1021
0F49
2DFC
1412
2C19
2EB5
1062
02C9
32A0
1FE3
22A7
183E
2B30
3042
0E5E
268D
117E
31EA
0111
0494
21B1
1027
2F57
1CC3
0C83
2B80
049E
1A82
32A1
157A
0520
1C19
0C5D
1F3C
2746
259E
146E
096E
2194
19FE
1442
0B04
1DF8
11A8
2E2F
23F1
0FC3
13A9
2812
0557
0644
0041
09E2
0073
22DB
170F
25CC
275D
13C9
1FC6
006B
2DAC
0882
0231
09CB
1B67
1CD5
2B10
1B61
1F4B
07F9
16BD
1525
2AEF
2B46
3227
2DC1
0596
294D
0644
2EF0
2E73
108E
1EB8
2212
197A
0860
2573
2C63
2E1E
02ED
128E
203B
105C
2467
0C00
08E3
1AE5
02CD
126E
0AFA
02DC
08FD
0EB0
0F03
19A4
23E8
328D
2DDE
0E3C
0787
0923
3208
0B61
1833
2067
29A7
0F33
2392
107D
0B5E
0801
0699
1479
279C
2F2C
1F45
18B3
2E4A
0E7C
0E28
0E72
1EA4
0BEE
0E24
18F5
1981
1F62
2320
0A53
071F
312A
083F
1019
0836
04E5
3191
29F7
260B
175B
2410
0C27
2039
0CE3
0768
1694
2123
1A91
12F3
2DE3
0790
019F
2ED7
1846
045C
0338
3264
2D65
166E
27F5
26F1
01FF
234A
0110
1313
26F2
3059
0FDD
1033
1C3B
10F2
125B
321B
2730
2FF1
30D3
338B
30AE
1E2D
0FAA
0F84
0336
21F2
101E
079E
1A86
190C
29AB
2B7A
14D7
17BA
03C9
26E0
17EF
30A2
2D31
1E2D
13CC
25CD
29EE
203A
01BC
0A25
2A4D
2D74
150F
1E51
0A70
29E3
2F22
0069
1B61
104A
26FD
15BE
25AA
2012
0067
3358
1AE6
1931
09F3
26DF
18C4
1340
2257
2E5E
2387
1D78
16E1
00EE
11A4
3177
0F78
2130
080E
07C6
023D
2A9D
118D
1B83
2322
2AE5
204A
2D74
18E2
1F58
1FDE
1522
0446
08E9
06E3
178A
1CE0
1C64
269E
20F5
2406
2773
11B7
20F4
05C5
24EA
2629
06E7
1E28
1D2F
05DD
0920
2673
08DA
10E2
206E
1C8A
313E
2BA3
1DD1
287C
1EF2
13E1
03D1
31F8
0365
175B
1FB5
1FF7
3042
1D73
2158
2556
0E32
196F
1E0C
2028
2421
317D
225C
0320
1E27
310C
0601
15B7
0EFA
073C
10E3
0AEF
0682
2EB3
10DB
2F74
0463
029C
0C25
052C
2D3E
1325
28E7
330F
226A
273E
29D9
2859
2E7C
0D01
20F3
1F88
320E
2411
0901
1BA0
0651
02AE
12B9
0D81
04F2
136F
2AA4
147B
14F1
2622
161F
2BC6
0F6E
259C
26D7
2799
0F74
2F37
318A
040D
1C32
241E
12BC
2BFC
1027
1350
0BA5
00E2
0F79
2F86
112A
1F0F
3066
0169
0459
133E
02D2
2142
2D10
2066
0521
2B3B
14DB
1B5B
0AEE
25A8
10A6
2DE5
18C2
0D0B
2946
21A0
1478
12CB
026B
037F
0654
117F
2DB8
30FF
2EF2
0584
2957
086D
0179
1335
3150
0CDD
0EBE
2916
32D5
2D0B
0007
0E1D
0D37
0A8B
2A6E
2318
21AF
0CFA
1045
05EB
1A8F
2BAC
277F
041F
2EA2
1164
149B
255D
032A
22D9
2CC1
28AC
2A74
2A93
25FB
0DD7
1A09
03AA
1E5C
0209
3135
134F
263D
26B6
2008
0171
27C1
15CD
1875
304F
2DFD
20B6
1077
2F5A
2DD3
148B
1131
2E6A
1CFF
300A
154F
244D
18D2
09C9
22A3
2968
2C9A
3031
288B
1F9B
1DC0
0E26
32ED
2C07
0B5C
05F6
284A
0C36
330C
30C3
1A6F
2BBB
291F
0E9F
2DF6
1865
10DE
26A0
309C
1AF9
1988
153E
0722
1ADF
2982
1FFE
2CE2
23B6
2FBF
00FD
2458
0078
0446
32C3
0F8D
06A8
2C16
30BC
0DED
01B0
1ACD
1112
0637
1343
01C6
243F
328C
1A18
1285
1DBA
3269
099A
2545
109E
1059
2134
2B43
327E
07B4
0F44
2590
1A9F
2978
01D3
0A04
0DC8
20F7
25BC
1DD3
10CB
0F26
0850
1FBD
03BE
1CFD
2806
066C
12FC
044C
2208
1C86
03C0
1B46
2437
05D5
092F
2162
2D8C
197E
3260
2752
0FF6
2B0C
0680
11F7
06D4
2C4E
0C1C
2C47
057F
1BC2
00C4
2076
058B
02C0
1155
140F
053E
30D0
2FC1
18C7
14A8
2935
0B64
2402
3133
0474
2545
20AB
2486
2A6D
21F4
09FC
3322
0D6A
05E0
2123
2BD7
0969
22DA
1B3A
09A6
0954
28C5
1189
220C
06B9
1143
0E7A
19FF
3072
1BF0
2BCA
287D
2734
26CC
3093
0117
1B76
182B
2582
329C
158D
20B6
1C12
09B2
21AB
0D44
0D1C
1A01
07B2
2C09
0CF6
072C
14C4
2E1E
1F48
0257
006E
2B1F
09AA
3219
026F
2797
2108
1A8C
1BEA
1B19
1E76
1292
07F6
2CE5
0318
2B8E
1314
1EE5
125E
19A1
2766
1A21
2375
0BBA
09D8
08BC
26E2
27CF
11FC
1B18
0A15
0EC2
0A91
2B68
273C
1AF6
2029
2CF5
0E41
2E1D
1738
08E9
1D7C
0D94
2C2A
1918
0C6E
2DAA
0B7D
26EA
3210
25B5
033C
2ACD
16EA
087D
21DC
2EBF
1B27
1B57
239B
1E74
1A2D
0459
04BE
2127
1207
2A86
0D88
1D37
2D29
0E5B
2D57
22A7
2EA8
2CF8
3138
23E6
324B
0DCE
00D2
3179
331C
29D0
280A
0C7E
0EE1
0BA4
2559
091D
112E
0B44
1248
004D
1D92
14A4
1708
2124
1E6E
1DCA
2375
1917
240C
2F47
3006
0C1F
1DF6
216C
30EB
16CB
217F
3277
00EC
2BD6
2FDB
3075
07CF
1D43
0E3D
19B6
0CFC
270C
005C
1108
0AA7
0D69
3121
1AE7
31D4
08AE
0D2A
1E75
1569
3231
0246
0633
1B98
17DE
2C08
0E16
19EA
2A6F
0BA9
06FA
0F29
282B
2E40
071C
139E
03BA
2762
2C9D
0789
1434
2697
1634
0FE6
28F1
0D7A
00C9
3071
04BD
2544
10DF
227C
10FC
0EF9
1D7E
226B
22AF
272F
16E7
0FDE
1D95
206C
0093
2E3B
079A
1E81
2643
18DB
0722
1105
16BB
22B2
0BBA
077C
059A
25D7
2648
1734
0E40
1A63
2DA3
1752
0539
2ADB
0219
27B2
2779
1A3C
2DFE
0C67
0227
05A2
32E7
0FAF
223E
227A
07BD
1D38
22F6
2DAA
1821
2A84
2B50
2AA7
162D
1247
0E9C
0A66
22DE
2E83
1AF5
2017
1172
082B
19A7
1D3C
04D8
2874
1E69
0E03
042B
2C69
27E0
2697
0396
28A6
2B94
0E75
32DD
1972
1FDB
0054
0762
06BE
068A
05A9
1BFC
2416
1097
1AF7
263F
0D27
17B0
05CB
06C7
0F97
00A2
02A1
0938
1DB3
0407
233B
21AF
3209
304B
09EE
03E7
0082
25A7
06F0
0215
2639
1F85
207A
111F
1374
02B8
26A4
1906
2364
0B3A
325D
0697
20FA
1255
2394
0505
0BC4
07A8
1D48
12FF
0502
0807
30B4
107D
0DDF
2B6B
1D36
17D8
2348
2ADB
1611
149D
04FD
2ABE
071B
2D6D
0EEC
0994
1CD7
2A78
125D
1EDD
0ECC
2003
2979
1A0D
0A53
20ED
19CC
1641
1573
2339
1EC4
09E5
1469
1897
194C
18ED
2DDB
1375
2BE8
0E8C
083A
2E71
1D3F
1E3B
0E5F
24AB
0078
2F88
0D7D
01AD
0525
2B9F
0DAB
286C
1CC2
1414
2C19
130E
1E55
0BA8
0F57
1098
16F1
2DE0
2F84
0CC2
09D0
03C0
0275
0180
0825
1A29
1BB9
260E
0E4A
10D2
1120
084F
0BE1
187F
2F77
23CA
06C3
1386
2DDF
118F
27CF
0E5C
1E14
01C0
1991
1F6D
298B
0C43
0648
0637
04E5
029C
031A
1326
0AC1
0404
0253
1888
005F
09BF
172F
2C60
16DF
0AA0
0D92
3175
0777
0CA4
2E27
07F7
2346
12F2
0D3A
2A5B
1775
185A
2B5C
2310
0D35
15EF
2BEC
0AEE
244C
0A75
2FE8
12C6
150E
20A4
3304
171E
0C7F
1CCD
0E95
0351
2D58
05F4
2766
249A
23F8
3105
16C2
1075
1EF4
21BC
0E64
1505
15E2
1CD9
320E
2FE2
2752
0573
086F
05AD
25B8
2DAE
2AEF
28AF
1BBD
1BAC
29C4
2DBA
034F
117A
0E50
10CB
2508
12AA
1067
06F1
2A4C
1B43
043E
079C
09E2
2321
032F
2F7F
14E6
134A
10DF
2155
186D
3003
2F16
18EC
22A8
1FBD
065A
15AD
040E
12A0
22CE
04EB
08B4
0685
1A01
1D8F
23B9
1A02
0691
00F5
2AEA
2ECD
0508
200A
28D0
0AB7
2660
1DE8
2430
2B76
23DB
0B62
0FA9
0FC8
10FD
0342
00FF
0657
10CF
1507
2B35
04C7
273A
1490
305A
2A24
2B1A
173B
1F44
2026
0C98
2DBA
10AE
272C
0F42
0838
1DD0
2693
2FC2
0023
18C5
1513
015C
1FAE
21A0
02A9
29C4
28D9
0B69
24A6
174C
0971
0201
012F
128A
3075
1BBB
247D
2BC5
08AF
21C1
0FCF
0EFC
17F7
0C49
243D
028D
1007
03B0
173E
09F5
0CAA
1715
22CE
0268
3281
31C5
0E91
029C
204E
1B3F
03D0
321B
0B96
0C07
034F
2A7F
280D
2E79
2810
1D2D
1A37
07DF
2246
0065
16F7
33A6
1A59
26CC
2AD4
23F2
0156
201B
1B7A
272B
0F83
2758
260B
132C
1861
1FE5
098C
1E04
23BD
2912
211D
24A1
32B1
00D3
2958
14A7
02E6
1F17
1206
1C9A
2E04
2804
2963
26DB
1BAA
1337
2EBA
2706
1E90
07DF
3447
2D02
1EB3
141D
20EF
24B8
07A5
04EA
1C69
0678
2D5D
0188
0324
0141
1818
31C3
2998
1E0B
0917
092A
0140
1D0D
30F6
1098
08AB
0540
1831
3190
22F9
1738
210C
0A8F
1062
0B0D
0CAE
0527
2C63
11A6
1D5C
2804
0198
0413
1F97
089D
3479
28D2
26D8
09A7
0237
10EC
08EB
1DAE
144B
1E84
0FF7
11BF
34B3
3024
0721
18EA
29DA
1A66
1CC8
0154
1595
0574
2465
2EB8
1522
12D5
00AD
05FD
3093
2437
0E03
039F
125F
1615
3167
29AA
008A
05A5
1CE9
165E
1961
06A4
310E
1A2B
0248
034D
21E9
1738
1B5D
062E
0931
1077
037C
1F24
1534
29BB
0BF9
089E
2169
25F4
31F6
05D0
2027
1DA6
01AC
1738
120B
2891
291A
037B
1B47
16B2
2A17
0CA6
05BC
3416
2920
1524
0883
2312
20C8
2EE3
028D
2806
0ACD
1962
2611
1932
24BB
22D7
3296
17B3
1669
0FC3
2A2F
291E
316D
1151
12CE
1226
18D5
225C
1D7E
150C
10FA
1BB4
2B25
303B
0BDA
023F
1853
2B7E
2918
03B4
2D81
339B
0CC7
2BD8
03DC
0029
0763
16F5
0A5D
2E41
063B
0232
0A91
2F42
1F6F
2150
3153
26E9
081E
13D4
03D3
0F11
3137
021B
145A
2FE8
33C1
0CB1
1D8D
29AF
004A
1482
1CBA
1813
1637
2558
00AF
2AD9
15BC
1D2E
0A84
1A1D
2BAB
144E
3351
0BF3
2C54
0CCF
0806
182F
1072
08D0
2C49
034F
0F79
0BEF
1F1D
168D
2A42
0CF8
2500
301A
15A4
0EE0
0E05
31A4
3096
2FCC
28A6
1BD6
1C3A
3357
2BD4
0EE7
2B29
1AB1
314B
1912
1FF8
1395
0FAB
2BBF
13A6
345F
0E58
2E35
32F3
1F11
0022
04A4
230A
1A9C
30EC
0039
1573
16CE
2E3C
13C9
20FD
08BA
01EE
20EB
27E9
2C13
0E55
2A4D
07D3
030C
0814
217A
239D
0B54
12E8
1B7A
008D
08B8
0FFB
24C7
2F5C
302E
0B1B
2929
17AE
3127
0663
000B
1902
0EF4
3247
0FD1
16F3
2315
1B09
32C7
309C
3350
0CD5
15F0
2196
05CA
1144
22B4
1AEE
25CE
1BDE
3189
091D
1130
0DE1
2607
10EA
0FCD
1E78
0322
1A7A
2073
13E5
19CF
25A5
14F6
2572
338B
17DF
201B
1665
112A
1BB4
2C93
1C44
302B
2480
2E10
196D
18F3
14B9
096E
047F
2A43
1EC3
004D
3413
0E37
0CAA
035B
094E
164C
0F20
0CD6
0EEB
03F7
170C
25A9
06E5
303F
0981
1647
27CD
3194
0E38
0E78
1400
29FC
1935
1CCE
251B
330E
1CA8
2E78
2B67
3396
2A60
07AE
1792
1B3A
109E
050B
2540
205F
2DC2
2B87
1047
0D9A
05E1
000E
0B29
0940
1BA4
2BB9
1712
1AE7
0567
0C0F
04E2
03B0
237B
2BDC
16B8
30A6
2082
2584
32CC
2ACE
1EAE
0F7F
0366
0EDF
1918
0B08
2AED
2BC2
2243
32DB
02CD
2372
03A7
14D1
10E2
31C5
2533
155F
0324
04F1
1310
12B7
2FE2
324A
1893
2EBD
2589
1AA0
06C4
1128
0609
0AA2
32FD
1E96
2678
02DD
01DB
2886
03CA
2953
2EDE
00E8
1902
088E
186A
1417
2FD6
2BB7
33EB
15BE
0F36
168A
207B
2080
3157
151F
328D
1FB0
0C3F
325A
0006
07CA
246C
01D0
1663
0610
2D88
0957
2328
0D44
227C
3091
332C
237F
0A72
2E9D
29C3
14A0
29CC
30A2
0391
3442
1B83
0475
2778
0F5C
2087
17C7
27F7
1B30
0FAC
0B30
1B45
05A5
2C19
0968
0724
0EE0
1976
0635
3072
2CE5
31D2
06E7
0732
00BE
339F
22C1
036D
0C3A
10F9
2273
1032
0A91
07C3
3400
2B6D
0DB4
117C
0B25
1951
2BE9
1F18
01F8
1966
1706
2086
2C2E
316B
0508
0854
1A43
0E09
1BCB
0A55
078E
3369
143B
17F7
0735
21B4
2064
2130
00AB
09ED
0D19
27A0
271A
0B9E
2CF8
0CBE
0659
2CFC
00CD
1DCC
3325
06D5
12B1
20A5
1354
04E9
08FF
1CD1
19D8
0AF6
2DA7
332E
224E
2100
0C52
0159
0D2A
2B6C
3418
31D8
0E89
0077
0D5E
1812
12C4
12B4
0C50
0FCB
2F6F
1878
125F
1047
2DD0
1459
2C24
12D6
12F3
0334
126C
0E0B
0023
25CF
2B57
2C50
0264
1D09
155D
168D
072C
009F
073F
121A
0587
29B4
0E36
105E
0D30
0898
1906
1354
1978
25D5
0978
323A
1EB9
2AED
23A7
29BC
1F6A
08DA
1EC2
1435
29BD
30D9
2ECF
1B4F
0451
2976
0183
237E
22EA
0547
2339
1632
04D4
2683
1763
1D70
0A78
0437
1D87
2B22
041F
1204
0208
1698
3166
301F
1127
24C5
2117
205C
1665
0CB2
01AB
2C05
1448
0341
3257
13B2
25BD
29FA
215E
2BA0
3155
21A9
05CB
28E8
21D1
0329
1D39
20D6
02D6
0401
029C
21C3
12F3
254F
25A4
09F1
04FF
2429
0667
18C1
2E90
10F7
13D1
3241
25B1
2879
1DC4
2195
042E
304F
2EC5
2698
0CDE
2308
2643
02FA
245C
0016
072D
2D4D
25A7
2367
0DC0
2F6E
0B4F
0BCF
0BB3
21CB
2433
3171
0B87
11DD
32F7
251F
283F
32DA
067F
2434
00AD
03FD
047D
08BF
1067
1D01
1C67
08AA
0F1A
03C8
168F
07B9
2982
18D5
190C
20F1
0C4B
1C23
015F
0183
1CCB
1E16
2618
2B2F
07AB
2BEC
1640
1B53
1194
22DB
18D3
1EC3
258E
0436
129C
213B
2AF7
22D4
0BA6
04E8
30B5
09DC
0D98
32A1
085F
0552
14E4
156E
1C01
0283
2AE5
18CB
2D53
0F41
2B38
15E6
0204
2383
3048
1771
1BA7
1610
0EEC
11B1
0D5A
0EDD
1D61
11AA
1408
21BA
2D0C
035E
3071
1419
3115
3071
2417
166B
2085
30F4
2A35
2136
07ED
32B3
24F1
1C31
1A4A
07D4
00F6
25E2
3005
18A6
2F55
17A7
3135
1EE3
0263
16E9
1976
06BA
28B8
0407
2BB5
0568
30F7
1FB1
2F7A
0082
0C58
16F3
315B
12B3
0272
249A
10D7
0D33
053B
1545
1479
0239
0BD8
0194
2D4D
2EA5
237B
03DD
1BEB
120B
1C7B
064D
0B8B
1256
2B1B
1CD8
259C
1AD1
0678
314D
1228
192D
2EAC
1CE6
2D3F
2B76
1501
0CA3
1B83
2C9D
2233
0ED7
093C
2F55
0F40
278E
146D
21AB
16A7
1241
1F54
2DC4
11F7
2750
13C4
2CF8
0111
07D1
2A65
140A
30B5
2D69
2F83
2513
17BC
25B4
237D
0A3D
08DF
2D00
14EB
1254
05AF
3090
029E
2546
1E16
1347
0586
17C0
0315
2D87
2E95
0771
1076
0E7B
09EA
09EE
2C80
3162
011D
1E92
304A
0074
07FD
015A
13B8
0C71
00A7
048E
1239
1E74
1ED6
1856
1B5C
0627
01DD
0C28
228D
0231
0B11
2411
1F9E
08D0
23A3
31E7
087A
04A2
267F
1A4D
0A8B
05DB
1F8E
1560
25F5
0197
1665
0E69
264D
1C66
2BB0
30B7
31B3
217A
2DF9
2F96
0F91
09F7
22B7
05C1
1176
1665
2AFF
26AF
327D
0F97
0329
02F7
253C
1B6E
0CCC
3063
1193
1C07
0425
1418
293E
2D48
0465
15B5
311C
23C2
172C
1694
2E69
11B8
2B64
2ED9
2C12
0ED9
16C6
0CF5
2350
1A51
207C
13C0
1DC2
0322
1DE3
0276
141B
0364
2A37
0AF5
2291
20D1
064E
2821
2216
1E97
08C6
25F9
2594
16F6
2786
01C2
25BB
27DF
1D70
02C8
1BE5
0106
2E57
0825
1FE3
019A
04AA
30C5
1FE9
1464
1C51
056A
2226
2874
0C3E
27D2
0799
1B46
1FC4
0A24
167B
28A1
24BA
1929
1AB0
0297
1680
1CC4
14F3
20BC
27F2
1A5B
2F9C
0E28
08CD
1B84
1FC4
3122
27D1
24BD
28B5
0CE1
0FB7
0214
0299
2EA9
2086
0AF4
23E2
1D1E
197F
0C81
0747
3089
0EB0
0F83
1C85
2C37
1737
0239
3209
1E94
14E0
2879
09A4
0139
318D
1C6A
29D8
12E0
2F1D
32DB
09B1
2F8E
32C5
3050
26B6
1549
241B
2B0F
1465
2916
3053
31A5
330B
2012
1025
1C2F
16E3
2152
1D1A
3029
2B28
2EB5
1AC5
0B7F
21DA
2C6B
0F2A
1040
0CB6
0E8A
0614
1D75
1C14
0022
0085
2B32
0452
31EA
0B40
0D64
1864
01BF
055B
04A2
3146
263C
1F98
07BD
0804
1BAD
0DF0
1B68
0D75
28B4
09DC
3124
033E
03C4
2DDC
113A
1B5D
1A16
048B
0745
2D07
2435
0892
1701
0FEC
11DF
16E1
2E95
08B0
2837
0B91
2288
05E7
13FB
2475
10B5
11FA
1596
101B
02D3
227A
1E12
2AE5
0737
19E1
21FD
0EF7
2087
0F22
2271
176B
2AEB
23F9
0EE4
1783
178F
0BC4
2BFA
07EB
100C
1AB8
0325
30D8
2AE4
2866
13AF
23F8
3105
2B37
1C4A
2743
2147
0DAC
3270
0673
0F8E
3080
11C8
3037
268B
11A8
0C91
1468
1DF5
2B70
24C1
2382
038F
1F74
0AD6
2F6C
13F3
02BA
141C
18D7
1B78
2823
1D5A
2A4A
1C2A
2373
03F1
0D42
15E3
1D03
194C
31C4
10EF
01E8
2EDC
0ECD
2F99
0EDD
1ED5
1049
113F
069A
209E
1498
08D5
092F
0749
19F8
1AE0
03F6
0DE9
2AC2
089F
1037
31EF
2500
16B8
1F2F
091F
066D
2763
3152
156B
2F3F
2F06
0CD2
2ED7
1EAE
31D0
0B1F
2FC6
0878
2B90
07B4
1C04
2147
2C7B
2DA2
2EEE
2DA9
1920
0168
0982
121E
22DE
0968
2F22
25DC
0479
25E6
04F2
0A9C
1936
263A
137C
2ABF
1D78
3118
1669
2766
1AAD
0CE6
16E7
2520
18CA
1E2F
2C12
02B3
266B
32AE
1731
0BF6
04D5
00E8
11AB
12E7
26FA
0DD3
00E8
0005
206E
1937
0117
0D32
169A
2CB1
2122
0162
1CE1
0F1B
2EF9
1B47
2B2F
08D4
084C
3134
059F
03E0
2B43
08BE
1286
02F7
2625
16C2
22C1
1324
0AED
061F
0721
0A43
1615
2B27
1ED7
21B4
2EC4
30BC
0185
328D
0CD7
0902
1954
0BD7
10D0
107E
0643
146E
2F77
08D1
314E
1BB9
1CF6
06DC
2242
248C
2AC1
159E
0780
2B76
2274
3288
1F9F
312E
2D94
034D
0C02
1C19
1E78
22D4
00D1
089E
2A79
1940
0241
1AFE
1B08
31AA
1DF7
0FF3
23F1
2D17
0ECD
2A2E
18BF
1139
2956
29A5
0C87
00B8
001A
144A
0DA7
22CB
2B0B
1D52
0688
0502
04AB
1482
29E3
0987
16CC
2CA6
0C97
09CE
1679
2DA4
282B
1209
15E2
2D25
2613
0EC5
3163
1B0F
13DD
323C
0A87
0E6A
2875
2FD8
104D
205A
0B82
1C7D
33FD
2CD2
2763
15CA
2268
1721
15FB
22F1
230D
2FC3
05D8
0AD1
0172
07F7
1D77
1129
175D
131A
118E
1175
2A56
08F0
0390
1DFA
09FA
09E2
2050
1942
06A2
0507
04A0
00B0
28E5
0957
03BB
0EBA
339A
05D2
1CC2
1C89
05AB
1623
1893
1EE1
2106
146E
1203
1452
257D
1A0B
2156
20D0
08EA
1742
120B
0574
2D07
2538
09D9
1021
11EA
27B2
1D7A
1743
043D
2BFB
2269
2CF4
200B
05F4
07A1
1B6A
075C
1863
2D80
2791
2D69
188E
1479
2F48
189F
1AC2
0EC9
0545
22C9
2E38
1A76
0761
183C
2212
2625
1DB5
26CC
2CBA
049E
10D0
13F8
2CAB
0A22
0FC8
2A8A
2C0E
1182
000F
08AA
0DBB
1172
03CF
2B5E
0FFD
0DC9
2AD9
0EB9
2B4F
105C
24DA
1971
32F7
09E5
1163
1855
08AE
07E0
20FD
30CB
2BD2
159B
18BA
08F0
2D3D
1977
00E3
1795
31C9
0344
0222
0BE4
2166
1E80
28DC
067B
16C1
2043
055D
03D4
0FF3
17F5
29DC
275C
04D7
0E13
0DBE
062C
07CB
1FDC
308E
19BD
2D8B
1204
150F
2A30
0039
308D
09AB
0B21
2CFC
04C7
039B
2ACF
253C
0F51
1316
2D5B
2C46
192A
021B
13CB
1AAD
1690
21E5
28C7
1366
0F43
1D00
22D3
07DA
2FA3
0EAB
0C5A
14D9
068D
1F9B
106A
08EA
02C1
1A9E
2B69
3247
111A
041E
0CF8
216E
1A19
2FC7
3025
32E9
2600
046B
3385
0B9C
10FA
14EB
33D4
2178
06FB
0F7E
1B80
2343
180C
262F
1002
0E10
2887
1C12
0693
2FAA
1879
1903
1BF7
29E9
3252
12E1
0A95
0F34
2F66
1787
09F8
018C
1156
0C6C
14FA
1BE2
0B4B
2016
1F4B
2312
31A4
2FA3
2414
1E23
0C72
2062
2D69
227B
2EDD
0BA0
1CE6
2CB7
10CB
32FF
2EC2
302E
32CA
25BF
1A17
3269
2FCF
13E0
15EA
2257
108B
307F
333B
091D
1D36
2A3C
22A9
29C5
0B51
27C9
2AE4
0719
1D7E
0302
027C
2E90
1755
1B28
00B1
1E32
0B07
2455
1035
0168
21AA
1BBA
0C7C
01FA
1B88
1E44
2DC0
3324
0F46
2AD4
2054
1632
2031
0910
2B86
1A3B
03EB
25D6
1B3D
2DBA
089C
181F
0D2E
0783
24DA
333B
0D7C
02A4
06EA
04EF
2F57
1BA4
315F
0FC2
1F6B
0760
12AF
16D4
2229
2CE8
21FE
0E1D
3027
2DC1
1C6D
18A9
1E9B
28CD
076F
2A7B
08D7
2702
1C9F
2BB4
1ED0
0E9A
110A
0BFA
1DDD
151D
18AF
128E
20B9
1A32
172C
0CAE
0686
2A9F
2AE5
00EA
1EF4
306F
0C47
1CF3
2A89
120C
05E8
0573
12AE
0E4E
0D02
1878
0A90
1020
3150
05B7
12F0
2CCD
1575
1DC0
0743
1FCA
05E6
1549
0E6C
12E0
2BA6
214C
30F7
27A2
0140
2ADE
15FF
0227
0DFF
1F2E
0A41
0055
16AB
0524
260D
334D
0A98
2EFD
0F16
2EDC
06EF
1673
146D
2327
2BA9
1E55
08A2
1C0D
02DD
27D5
326A
073A
033A
025D
086B
24F1
21F6
2E67
1943
0477
33D1
0226
2614
1B75
27CE
135E
019E
11F1
310B
1487
1272
1141
04C2
0068
2BA2
1703
1E15
078B
078F
1E55
1468
14CE
05E0
2B1F
2092
1DB3
2D17
2FEB
03F2
1CC4
0953
2916
0255
319B
1531
20DD
195E
046D
30C0
2424
0E91
133F
2DA6
1864
14D5
1463
04A9
3002
1010
3076
0AE6
1677
1720
219D
1ECF
3049
2702
1C0C
0170
2A5E
25A6
2640
00B3
056D
07A8
0579
2787
2BF8
27C9
1F8A
11C3
1989
2867
0853
00E6
0AC8
2C2D
24AF
3194
1586
0576
1D15
325C
1FA5
303E
19C1
24ED
1135
2EBA
210C
05F4
1F88
3111
106E
192F
0CCF
29D5
0C53
30B1
32D2
1487
26E6
06F9
0C25
00F4
0E76
01BF
0ED3
0EA6
2454
31E6
2ED6
0E88
00C0
021D
298D
33E4
183C
2C86
20E6
18F6
0F13
1FFB
22CE
0ADC
15A6
0C0F
275E
0CFC
2BA7
073D
2B99
0476
1D76
0D9C
16E2
1063
0351
340A
189D
033B
2BAF
0D9C
300D
0FE7
080C
0530
02E3
26F7
2C78
042D
1881
20AD
32DF
2AF6
0B85
1B90
1F38
1150
0478
1D0B
04B0
03CB
1FE7
1231
2C79
0F6C
235C
0C86
119C
262E
1DCA
0B6C
0265
283F
1CAA
170B
0B8D
3032
1A53
172D
00DB
0A71
25ED
197C
11A8
31FA
2F26
2B67
2939
33FA
301A
190C
0B2F
0DD7
2797
2016
070B
07E2
25F8
2CF2
0529
2C68
1B15
32A4
268C
28F1
188C
10DD
053A
234E
098F
25A8
3140
29DD
0BA6
1E6F
1F98
1C44
27E6
0B0C
0E6B
12EB
1DA1
231C
016A
041D
1FF0
29EE
1262
1E33
323D
12FB
1529
1EEC
1EC6
2CD4
21DE
1398
2FEB
1467
19FD
08BC
24D6
25FF
0744
186B
11F5
00C8
26B0
0276
24F1
01DA
23DC
06C6
1668
0992
1A98
2A42
17A3
0D4C
2F8C
2E18
1EDD
2292
328D
1B7F
0033
1EA8
0583
170C
038A
0BCD
2037
26CE
0B5F
0E34
319C
2B71
2425
1059
1468
127A
071E
132D
1ABA
2E3E
0C3B
0309
0902
3137
083D
016C
1511
11AF
025B
31BA
03BA
11B8
2026
2692
231E
2929
0927
04FA
28E1
1803
2AF9
2C8C
240F
31DF
1D30
0EC4
2AD8
222A
0856
1E91
31BB
0EAB
0F15
04F3
0ECB
213A
08D3
1F61
128A
30D7
0102
0CA0
2D21
2BAA
0C27
09A7
0DB5
044D
00CA
079B
1C82
2CCA
19D3
235C
0D69
14E4
308B
2FA7
1950
1FD3
0911
0F76
14CB
2D73
2A14
0C1A
082B
05C0
01C5
0ACB
1DAD
159C
1A04
2CAF
1418
1693
21A1
28DC
2C35
263F
32E7
111D
23F0
253A
006A
2378
179B
2F2B
2F35
32F7
08AC
06C2
1331
0464
1966
0FD3
2969
12C8
1131
0246
01A1
29F5
04AE
2B01
2B52
0C60
0790
26E9
21ED
1F96
1479
12EA
1D91
247D
1C17
106E
0ABE
1BA1
2B5D
24CE
0048
20A6
07D7
0059
1372
23A5
2F8A
0D72
272B
1991
1625
101C
1FED
195E
2274
28DC
2627
0707
28C5
1912
04C6
044A
032D
29E9
1377
0DB8
1587
1D4D
2EAD
12ED
1B7A
0CF8
15E3
0213
1A71
09DE
0B6A
079B
1C12
27B8
1D7F
2D27
2B1E
3248
2DD6
05DD
281B
0B73
24D3
1309
18F9
2A4E
2461
1645
174A
2E41
162E
2BC6
3026
0795
1736
1A79
1E93
1CF0
1E3E
1EB1
0C7E
22B0
2709
14DB
26EC
0992
0808
0163
02C1
0376
1BA2
073E
0165
240F
0CEB
0C73
1513
1D98
31CD
0914
216F
149F
2262
0D61
1B62
049D
1F4A
0E8C
08A2
0A84
0AC5
0D0A
038C
21C4
0ABF
2CF7
2783
09DB
2569
1213
15AB
142B
19A9
0F0B
1972
21EC
2CA7
1C01
0C39
11C9
06FE
1C8A
0C32
2A93
2A6D
082F
0871
305D
0342
1F3C
320D
0BB6
253D
2841
2002
11E9
2313
2F2A
08A2
045C
1BDF
00A3
09D5
1930
0CB1
2A97
3310
10E6
0D44
0CBD
15B5
0A3E
0205
07AE
187F
0E10
0336
32AE
160E
0923
0255
143E
0AC4
087C
1DE3
060E
237C
03BE
08C2
04B1
0E13
2CDF
131B
310B
14AE
07F5
31E1
1776
12EC
046A
3012
254D
2807
1E47
25ED
10A8
2987
1125
2916
1FC4
1C19
162D
2AD1
2574
1BFE
0786
14A2
0C7D
22B0
2BE3
0B88
15DE
3075
326F
29AD
0C63
1537
27D6
2BA4
26B8
1C1D
0DA5
27F2
2CAD
1277
0F39
0ADD
0D30
1F37
074A
1E45
0124
0A58
2550
22C8
03D2
2DB0
2FB8
0928
1FAC
02D9
2EA8
0EA4
1B77
00C8
2C71
28C5
1A64
1474
08C3
2888
2359
2C0D
249F
047E
31A1
31AE
2AAA
1145
1F33
2E26
2610
0ACC
287C
0E5B
1AF0
2C46
1174
1F40
1977
1F70
307A
08A6
1BA7
171E
0EA5
31AA
2307
0FDD
181F
15E7
1FC6
05CB
302D
272A
0598
235D
143F
24B0
2AB7
2CF4
1903
0AD9
1F8C
31D1
0784
190D
3307
1FAC
273F
158F
2449
21A5
3303
144E
2E63
0324
0598
2F45
2947
1C2B
1556
0804
0E99
1BB8
0187
24EC
191F
03C3
29F7
1A0B
0701
329D
2B21
099E
221E
2072
1ED4
32D1
1E40
2D02
0032
055F
1D60
2161
153C
2220
1A29
0BC8
2A91
2778
1160
278E
272C
3277
0F94
2978
274C
268D
2E79
32AA
25E7
2BC3
1221
1961
2303
1796
0FD7
093D
22B3
2107
1270
237E
0EEB
0C6C
1911
0C4A
1BD1
1733
1B3F
14A6
21C2
252D
0375
215B
2362
1195
1B48
322E
1D2F
1D34
0E34
0555
1C15
1247
27E0
1E63
0C2F
05A7
1637
13E8
2146
069E
2C23
0360
081C
1DFF
2638
1106
24BE
2A4E
1DF5
2E15
3261
070B
1090
327A
0CA6
1CEE
1768
1FB5
0203
17BE
2D69
0753
1346
1A8A
2C31
2758
0FB9
1AA3
1AA1
2DBB
16CF
23B8
1348
2EA6
05C8
32A9
18A3
28BB
18DE
0ADF
2E09
1E71
2500
115F
2038
07E7
1E75
11FF
0CBE
3226
2823
10BA
1585
0776
2F20
108D
282C
0499
01F7
31B1
1673
32CC
0FAA
0715
1FE1
23C6
2D93
1BF5
195D
0E1B
0B9F
1930
30FB
2863
0529
2C7B
191A
1DA3
31EF
0738
2C1B
26E6
0652
2E12
3063
125A
0254
11EC
0C09
2062
25C3
2981
2558
0601
1273
088E
031A
14A5
1FE1
123C
1CFF
03FB
0189
0888
2B82
24AE
1210
0CAD
128B
1BE4
08C8
17A1
092B
1D89
1FA3
0060
2A94
2D69
1225
1047
30E6
2BA9
13FC
1D8B
047A
2B93
2357
1D5B
0E6B
2A53
2DD6
31F2
111A
0E86
2380
003F
0C1E
1CAA
27AA
065C
1B05
26F4
0CC9
24FF
2C52
10EC
1D6B
1D6A
0BF9
0843
074F
0A4C
18C0
1928
006D
1D49
147E
20AA
077E
04DA
12BF
14EE
13FD
30BA
0EC0
294C
05BC
2048
0A8F
2B8F
1F54
12B2
039C
0201
1665
2EC0
2A00
1113
068D
0040
0576
15F9
0926
055F
0AC7
04E2
1E3B
1359
2BB4
0EE0
0DF6
257E
2E4D
0F27
1E0F
22EA
2E58
1C51
1A61
1BEC
2D39
3187
2037
3221
20AE
2235
2930
2321
16F5
0169
306E
1D4E
1EB2
2F63
09B2
06C5
1BC0
1952
083B
1141
1547
0356
0F27
0180
1CD3
2AA2
02D3
2CC6
0C61
100D
08FB
3082
2400
24C5
2BFF
2C40
12FE
18C1
00DA
01DC
0558
2BB1
0635
1A5F
2A59
3338
16EE
1560
17DF
07AD
1D37
0314
249F
2D9A
3048
06C1
09B5
0248
2B68
025A
14CB
1E1A
1B0B
1471
14AB
0921
0602
29CA
1D08
2415
19EA
2532
2D3F
22F5
12E4
07BB
1392
3088
30FB
2403
2E08
09EB
0A10
1719
05F4
26F4
2976
0A53
243E
254D
21C3
24F0
307C
17B8
312A
0048
2508
1FD7
0EB7
29FD
134C
31BE
2D7D
13EE
2680
2109
0552
2B45
24AF
0722
2CF9
0E20
3203
09F3
2F7A
2A5D
29A0
102C
2009
0991
0984
289F
0C4A
2B03
32D8
29BD
2E94
2A22
1E83
1339
14B1
00B9
1EAB
2BC0
1E38
1DCF
1293
3072
19B3
08B7
08B2
165C
1893
0832
0504
016B
0D28
25E8
0732
2614
07D1
0616
001C
04B9
177F
2DB1
212A
0D16
0329
2C07
19CD
0FDB
0A9A
2DD3
0323
0308
3101
12D6
02E1
0565
1EAE
3015
00FE
1222
2C1A
3268
03FA
0C38
037A
0133
00FD
09C5
1879
197A
2662
24B1
03A1
1D00
1404
2816
1A95
02C6
0F85
2C23
3003
1C23
2EE6
234E
2383
2505
23E0
2BB1
1A82
04C6
22C3
0B2F
1487
1E1C
016B
29F0
0AE0
0295
13F1
2687
04ED
180A
25F8
1204
2B0E
2F99
24CC
1AA9
2D4A
1F73
1A86
2090
1D14
2A4D
2851
0DE2
2FA8
18F0
23CC
2D4B
1FEE
0866
1347
1670
0839
1CF5
2AA3
2EFE
0B22
0D5C
009F
078B
154C
02EC
1948
0644
0D67
325E
1867
2441
132C
1E69
3310
02A4
1785
2DF7
2F36
243C
277E
100D
199C
190E
2256
035C
3132
0486
2626
28B7
31D3
228B
193C
02CC
04FD
0417
2AA4
1070
080D
25AD
095A
1283
24F1
08C9
16B8
1A13
0D7D
2B7B
250D
32B8
0546
1E0D
07CD
0A8E
0E70
1A93
16ED
278D
1643
1B14
1C46
00C1
03F9
153A
24B8
2527
22B1
2CB5
2ADF
23E5
03DE
1239
253F
2B18
09CB
1744
246B
2BCE
29DF
0C76
23DF
178B
0444
13E3
0B25
1617
2583
253B
30B0
2CCF
2C30
1F76
2FF4
22C4
0D5A
19F0
28C7
0D04
079F
08AF
1829
0002
24C0
1E78
19A9
078C
0C1A
20B1
059A
14DE
2813
0E1B
282B
170E
2A31
10B1
2508
1010
03D3
1CF0
050E
3133
27BD
084C
24EF
17EE
035B
1069
2409
071D
27CB
2B3B
1D46
0245
1656
2386
2A64
2B88
0C08
2CA5
2F23
1053
2EB8
2654
0621
070F
2174
1531
06ED
0127
0900
074F
1A4F
0CF1
06B6
1023
0FA4
2FF6
29D0
1CE5
2B76
12D5
03E3
01E2
1B37
2E6E
12E6
0DDC
1440
1D44
0F83
1EFE
257F
219B
25C3
0BAF
056F
1A71
17C7
1F5B
3185
2831
0379
0C35
1AA9
2B1E
26CF
20FF
1B22
0F28
1D18
2325
0868
183D
05C1
0DCD
24DD
070F
15F0
1032
2AFA
1981
0806
229E
2769
13C7
0FE9
2283
240F
0140
2EE3
1288
059D
200F
1C86
3220
1DF3
00B9
2676
2EB7
2A69
2D97
1882
0EDC
0794
1607
326B
0D89
246D
2208
1752
2F75
00EE
0DCF
16BD
3234
04D9
0F77
09A2
135B
0EFE
1A78
088A
0134
0AF1
1314
2F38
164F
328B
121E
2706
0F6B
067B
1802
064F
05F4
18D5
2D93
30F1
1FAE
0337
2720
2E64
0E38
10B7
2100
046B
0F7F
1551
1B54
28EB
2F83
0E2A
247D
1B15
23AE
1F9E
281D
0E4C
2245
27CC
0A65
0531
0DF5
1EF3
011A
0ACF
0848
07BB
0679
04E6
0C1F
1382
2F94
1E1C
2A38
14C0
25A5
0DCE
1A82
27E6
1DF5
1009
205F
326B
1440
17B4
1D6D
24B4
20BA
1519
05F0
17CA
042D
09B8
1A5F
129A
2E26
15CA
2D74
329F
1D2F
2EE5
142C
00D6
1A11
2540
3128
2E66
2736
09C8
1FA3
0B1B
1BF2
0DEE
183B
0E8A
2E65
1439
3107
31B3
2F39
26CC
32A2
0A91
25FD
2796
1C91
2891
23EC
1518
2A12
05DE
10EF
05FD
1CFA
1199
1E5D
277B
2E93
17AA
09A4
26F9
0030
1D50
2CE0
30EF
0059
1F66
199C
1141
068D
0533
1191
1DFC
32D2
07E8
2558
2191
1192
0A35
2118
220C
17A2
24D9
30D0
0972
3241
1E97
118E
31FB
2F18
2A49
1E4E
0A9B
2D57
03DC
0D82
32E0
067A
193B
13FE
088C
2FD2
28A6
1605
092E
00C4
1B5D
05DA
0E57
1B8D
2753
1006
1C1C
2CC2
1C82
2CE6
2087
1572
1D22
2C3A
114C
1B18
236A
0EFD
0DFD
03FE
11D9
09E0
1EF2
0C49
1792
15C4
2080
03B0
0C2F
0A15
1215
1566
07B3
00F0
2987
2A15
1EBE
1460
2AE5
094A
0133
3245
0D69
0527
11FC
3144
30B2
13D8
2B34
242A
0752
260B
23F9
1ACE
02D4
17FB
2A5E
0BF0
0DCF
1268
0324
17FD
05C1
2A61
01A0
0643
1A37
0B70
2D43
0B27
18C2
0CE8
203F
2CAC
1DAA
2E49
0654
2A44
26B6
274E
2EF1
0896
1D32
0F2E
3119
095F
2468
275B
2F23
1104
00AC
303C
2301
171D
1BB0
1C31
1D02
115C
0D06
0CF9
036D
2CA1
246F
189F
2A1E
0F96
2306
0885
0713
1F08
0C49
2A2C
2D9E
2175
0F5F
0B7E
01F0
1425
2D17
2513
0DBF
13E8
04DE
099B
314D
09D1
27B0
24B6
00D0
2160
1492
0C95
085B
1072
03D9
30C0
2DF4
1ED6
2E1D
0268
011E
09C6
0BED
19AB
1AFF
0D16
010C
0E7E
16DF
0DFE
0DA6
2EEF
03DD
30B0
183A
122B
0936
2BA9
0CAF
307A
27AE
2FE4
1766
0C25
1765
2D1D
030E
2D8F
2217
156F
24EE
0D35
12E9
0D53
1F3F
2C0D
0F5D
1F03
0ACC
2E28
15D7
1626
1FD9
0B77
305B
21B0
0E9F
28BB
255D
2438
19D5
2869
01AF
0BC1
1BE5
30A5
0F62
1337
1A7C
1EF7
314E
17E8
1F62
13F8
253A
013A
0511
052D
1332
28B2
0140
2311
30CB
0E65
31AE
184E
04FD
2869
083F
2D01
1FB7
230D
05B2
1EC6
14F0
0C10
0EC8
228F
20DA
0DF5
18AD
2A5A
1902
0793
21DD
1119
0320
1D85
004D
0A6D
0F72
0B8B
1EDC
28AB
0E65
0D2A
2888
2C90
245F
25C3
2D90
18C1
0498
0F32
01E4
0725
1103
3129
12EC
0972
0207
2727
2221
15C9
060F
079C
0B86
1CE8
2410
2880
2316
1B26
0232
2883
2E95
2CA5
14BE
1120
2427
0F61
2192
07EC
1274
0113
2302
05B7
25C8
30D1
18E9
1748
2863
152C
19B3
1203
2D46
08DE
2323
1AEF
0EB4
02FA
2A83
283E
1ACA
0E6B
15E3
11EF
1E3A
0AF7
2BDE
28FC
2AC1
0996
31A1
1D67
1FD5
2588
266D
257A
244E
082F
0F19
0061
2F5D
0B0D
2530
01FE
250F
01A6
2E8C
0645
2814
177B
2AF3
1897
0128
0A56
0F24
0605
1A28
0267
25DE
1403
1A6F
2556
22DC
0DBE
0F34
0749
22BC
2B8D
129B
2B43
1D86
0D3D
08CF
17BC
00B9
0380
07B6
1508
27FA
2CE4
1DC1
02B8
14C9
2317
0DBF
2CBA
114B
075C
2CE6
2247
06B1
20FF
1BC8
2B70
2B84
2DA4
01E9
2393
1642
1F1A
276B
1752
2529
1AA0
31A3
0E69
1AC6
3238
10E2
116E
144D
1D70
2C38
075A
05D2
0914
0923
12ED
2EBA
0B45
05F8
1724
0E23
08A4
2B1F
282B
18FE
17B9
16EB
2BAA
0EA9
0430
20B2
0AFE
1BDD
2C39
1523
22D8
2FDF
1A00
0F21
0EF0
2F74
26F4
20FC
0735
0EA6
230D
1A59
2DD5
04CB
0CCC
04AE
134E
21E9
1E7D
232D
194E
0695
28B6
2751
13B7
02EC
16D5
2A82
1594
114D
31EB
265C
2447
2D7C
027F
22DD
18A3
0E7C
01C2
074D
1D6E
2F9A
1E5E
0FBF
1DA1
1830
2831
2937
01F1
1FE2
1453
2B4E
08C9
0125
1385
0C9E
2968
1DA3
1D73
2EEB
2001
2E62
16C4
2C74
2B20
22CF
0937
087C
31B4
19C4
301D
0ADF
30DF
2290
20DB
1443
2053
1676
2F50
0CD1
27B1
1D03
0CBD
13F2
2131
325F
1695
1434
1285
001E
0723
203D
2783
286D
0345
2277
19FF
1BCB
1444
123B
08C2
1FC8
1F52
2368
19BB
2C99
1B54
1BA9
115B
2E76
0675
20AD
0764
21B2
1C20
0758
0D42
19A2
2448
0170
1AEF
1509
05E6
26EF
3030
1FF0
0BE2
0E73
0E42
2833
23F3
05DE
0B63
0090
231F
0025
01CB
1256
0567
1282
15D4
2E81
0EEB
0B66
31F9
25A3
1095
2421
23A4
2F0B
1DDC
0BA3
292F
131F
05E3
144E
131B
09B7
0026
28AA
16F3
1385
2384
2E00
22CF
302D
1E26
09CD
0E93
01CD
2E5D
2E35
1030
25F8
1B7E
0022
2B26
079D
12FD
1A4A
2E13
3220
03FF
1687
20BE
0837
25B6
291B
14E7
1400
0048
207E
25F0
2E36
2DF9
0158
2146
01F9
1D5F
1F61
1C4C
1005
0FE1
064D
224A
02FC
1EC3
08FC
3045
03AB
0077
1213
0F85
1ABD
1C85
2581
2012
05C4
0835
028D
1465
1AD6
1E76
0258
2E32
22C6
1C68
1CE9
2349
26F7
2B3D
1FB0
0F4D
06B1
18A0
3282
2D5F
08BD
20FF
03C1
2E99
00E8
001F
2E1E
1230
30AA
2959
2B90
13C7
0962
2E7A
0DC3
0087
01E9
026B
0A22
1A5C
233E
1DFE
2A23
2D64
1309
2868
1617
2132
0CF2
2F28
290B
1AF6
0F8D
2313
2E08
131D
2742
0F7C
2DCF
29DC
0D8F
172F
2F6B
2FEB
127F
2B01
10A0
2F70
13CC
25C2
2422
0F56
03AD
0B29
256C
27FB
03A3
177D
17E4
1339
1748
0077
24AA
2788
28C0
2458
1D06
090D
0BD7
00AC
0D5C
15E5
2289
25E1
2C5A
2189
08E1
2CC8
1EFA
24CC
1C72
0DDF
014F
2D72
2DD3
0960
27B9
027F
195A
1901
0137
19BF
2106
27DC
0A52
1875
2036
0620
14C3
0572
2761
1808
30CA
1636
2864
1C8C
20EB
310B
2F53
1D91
090C
2EDC
0BC3
22BE
1F71
0EE3
1264
2F46
1E50
2367
0F1C
1914
1505
0B77
2D7A
17BF
1A1D
18C1
2972
317B
1ADC
2659
196C
1EA0
27E0
0CE5
319A
1712
0211
0480
05A7
26B1
184F
0160
0DD5
2AB5
3018
134D
1061
2B5C
0111
101A
0EE1
1979
1F02
2B78
238E
2B0D
2C49
1797
278D
10E1
03F1
05EE
1F3C
17DD
1876
2D2F
320B
07B5
2BE7
1CBD
0AE8
1085
192E
2997
2A4B
0EDA
2B48
0CD4
1B1B
0BE2
0A2E
0128
1EDE
0B1F
0CA6
2A99
22A1
15F5
1181
2E32
0F6E
0AE3
2BD0
0137
2695
1BF4
1BD1
04DD
0188
0EEF
1F8A
292C
03BC
1DBE
0D3C
092B
1DEE
1467
0D6C
167D
19E0
178E
309E
0012
1DE3
1E9F
2A81
1C51
2A83
1471
3167
0446
0308
076E
30D6
1704
0B8A
14D9
1C04
009E
2B6D
293C
242A
22A1
132D
25FC
160F
0207
03EC
22F4
249B
2D2E
111E
0494
0773
2FA1
0E0B
1B77
1BA3
1783
0346
0BA9
1FAD
2DB6
24F2
1A1F
0D2E
0C57
17AA
204D
1DDE
1DA0
15C7
2A2F
1A67
0531
26D6
2AFB
0EEB
1E2C
0086
2418
0BF7
0037
17D8
2059
035D
101D
1C30
1002
2E0A
26E1
215E
0B0E
2F86
293C
1DAC
1517
1B1A
2042
1ED7
23DA
2250
03BA
240D
2D07
2D32
1265
2CAC
27E0
0282
1E73
155E
1ED5
1265
24A3
179E
1922
2131
1E0D
1C8D
220D
094D
23BD
18E7
141C
0B64
03E8
30B1
11B2
0DCB
00DB
32AC
0781
128A
0422
2F5A
2CCC
194C
0FC8
04F6
15D7
268A
1429
1C75
1DC2
2A32
27AA
1F7D
0548
018B
0F25
2603
30C5
235A
28EE
2DF3
2790
1C5A
0966
282D
2FEC
0C7D
1B56
19B0
126A
31C4
2F80
0974
264A
17F3
1F40
16D5
0F72
1612
082C
2341
2517
234B
30AC
2FD0
1C6E
0DF5
2FAD
26F6
07E8
11D9
3094
27B6
2D09
1D78
06D8
14C2
2AE9
1764
2240
2636
02E9
098C
26C9
11C1
2C66
1529
1506
1A1F
07B6
1444
270F
15BC
1643
27CF
1D57
2FB4
1A10
16CE
1A72
1C98
1B19
204F
1CEB
0B14
2E42
1CE1
13A6
0D39
091E
23E7
27FA
229E
1B54
2C90
1EAF
1356
1898
2E91
29CD
0E80
1DD0
02C1
13F7
054B
08C9
225A
2E4F
1FEC
18E9
0C3F
30D6
1447
1536
10E7
1C84
1087
0FE5
0280
171F
2F00
1813
2C70
1469
1834
15C7
129D
2FD2
1ED8
27EB
104A
2800
3273
2E53
1DFA
1BD7
2663
2986
003B
31CF
2C82
1583
17A9
1DC1
2EE0
1B15
081C
2104
1311
1276
02DF
2415
03DC
2940
25C7
2A81
2284
1326
1742
31B4
0882
0970
056A
0267
1A11
1241
1A34
1315
104C
24F0
2E83
2D1C
1956
23D3
215B
27F8
064B
1CAD
1840
2FF9
31F0
11C0
19B5
13F7
1BF3
0CD3
094E
1F03
0747
06C0
18A3
15A6
0470
3197
0975
185F
1C32
02C2
3297
1766
0152
0644
0941
27C3
06CA
2108
2137
32BB
0C95
27D1
00F9
1234
1286
269B
1FFA
0654
0E72
1CC9
1ABE
3275
0C41
0B6B
1956
1F05
194F
24FB
2822
0642
24E7
2FF2
0F3A
0041
1399
0E9A
1B56
0F05
01D1
02A6
0BFB
29C8
270C
1B9E
2435
1F4B
286D
0D3B
037C
1D1D
2ABC
066C
0179
1324
2D23
1F2D
164E
08E9
01E3
16F2
2307
1C2A
09A9
0118
1E29
2150
1FF0
0147
144F
175D
213B
1282
1CEA
2623
27C5
101E
01A5
24AD
081F
0E6A
1005
157B
1C5A
3243
1429
0C82
10F9
0938
2C2A
1C09
2E9F
30FB
0B72
1C38
09EE
2CEC
2B99
2B73
2E80
0DBF
12F1
3159
024D
2E5F
18EF
13DC
2B6A
0923
0470
20B8
05C3
00D7
2641
3259
2EA9
06C2
008F
2E83
1C41
2C08
2D88
2373
1C9C
15DA
3219
019C
15D5
13ED
0D23
2545
0964
2943
082A
2DED
067C
1387
102C
30DB
2B66
0080
2183
15B2
03F6
2C0A
1445
1106
1462
10EE
2651
0E78
252F
0A68
28E7
16F7
0B2D
2A88
1FAD
0B17
22A3
1DE9
2986
20CA
0DB8
294D
1166
030C
15F4
2BFB
2D48
182F
0BFD
3120
0F45
0BA8
16B9
2556
0716
2818
3150
1E1A
0B34
17C4
1F2F
1031
1158
0B1C
25FD
221F
2C48
245B
0A17
1AB9
2464
2C66
3040
033B
0B2E
14E2
09C2
26A6
26F8
291E
29A6
07E5
26A2
2A8F
231D
2C4D
257C
1EE7
1176
2808
1123
196A
30B9
02E1
0FE8
133E
1000
040E
2AA0
0E40
1D86
28B2
24F7
2952
20C0
14FC
12AD
1886
06D4
2182
0B07
0346
169F
1FD1
291B
034A
07C3
1879
082A
0E41
3067
1937
2C70
0E7C
1587
2EB1
1D11
0129
23D3
2824
17F4
0924
0089
265A
2EAC
0A19
13DE
28D3
045C
17A9
279A
2B66
1B0C
21AE
1B3C
2941
2500
234F
2E48
2D9D
28BE
2A18
02A9
1F91
0D06
0A12
2B97
0500
2CE1
0AF7
15A1
1ECB
0948
0A96
1142
228E
070A
0D31
028D
2970
0572
0D34
03CB
0E9E
0DBF
0BBB
02FF
00EC
31A4
196C
2E66
06A6
2CE4
0C5A
2984
16E6
176D
2591
2EC5
2DCE
0797
1851
29D2
00EA
2C17
07D9
16C2
248A
1D69
01B7
2354
2B51
28F1
1546
06DB
0F32
0810
1615
2C8D
2BA4
1DBB
22D0
10DD
06B8
0984
2BC7
19E3
02A1
2113
0F50
2359
2E40
3109
260C
0B27
0B31
2934
1862
2621
2A2E
186E
176C
1B62
31D6
1A7F
0FB3
11A0
1D89
271B
050F
2563
1DB6
1B29
2079
2230
18D1
13FB
2063
14B1
3149
2048
153E
2848
0B21
12F0
1029
2F5E
2638
090F
011A
1E2E
1241
1FD3
0640
1F9A
0782
0C2B
1427
21DB
0D59
07BB
05D6
031A
1B15
1E1F
041A
0BC4
026F
07EF
1625
0723
1C37
03CA
20F8
0F32
0962
0A9C
095B
05A0
2B61
27CE
2062
0DBA
174A
03BC
25D7
0A49
1899
1273
0A0C
1215
0303
1AF5
2139
1630
1917
1FC6
03BD
2DA2
2475
044C
1E9C
29B7
1B59
1728
1778
21F6
31FB
1EF5
0FD3
0800
23B5
0D5F
2049
119F
2757
096E
1A95
019D
2CD4
1152
2C0B
0382
151E
05C8
05F7
31B5
2877
0052
137F
2E7E
0C7E
1AEB
2287
15BA
0180
2E51
1913
0F78
210A
1E6B
2298
205E
1FE1
25A0
0ED9
0540
2137
2E77
05F4
1821
2B47
04AC
080B
3193
27D0
2137
1E1A
122B
0723
0B66
242A
2DD0
26B9
1F52
0D3F
2157
03CB
069A
04F1
3236
14BC
0E38
1BB3
22DC
1527
1E85
11E9
061B
2049
0648
173D
308F
2225
2572
22DC
1DAA
1001
2A38
29EF
126C
0E0F
2585
10E8
0628
0445
00D2
1681
17EC
3129
271E
2AA5
1812
1CDD
1D54
2073
2F23
31BF
20C9
1BD8
2A46
1F3A
0049
2264
0547
115E
29DF
2863
0F4E
21AB
0A08
0952
2071
12CB
1473
2442
2BBD
00D8
2E2D
16DB
2FB9
0CBF
0C74
0BF6
1052
0CD5
04C8
0A02
202E
0B37
1F43
0558
0C1F
1E23
0537
1BA8
12F1
2B70
1847
2520
134E
2482
0A28
2F02
14E2
2716
2E34
264E
1B72
22C2
00E9
0EBF
239E
1E58
2335
0901
20EA
3064
0A52
2DFA
1821
2A96
05D7
05B8
27E8
1A26
2648
0055
2671
249B
1F15
1E83
18D7
2967
1687
0791
0A0B
2654
2570
2ED5
0F2D
1CD7
11FE
3036
012C
30F6
1758
1273
1D1C
197D
2A0E
10FA
32AF
1967
0FAC
3497
0DAF
1891
18A9
2A60
0632
08A6
07BF
0EC5
1868
1DAD
0DF6
01C9
172E
0CE7
10F7
1BDB
0613
2CD7
1CE3
33D1
1A9B
0EC3
1668
159B
001B
0762
0EE7
22AA
1AF4
1A51
198A
175E
0C8D
1FE1
24D3
03C6
2ED7
16A8
20EA
0E75
1402
3122
098C
273D
1D09
18B0
2954
2965
0ACE
12B0
07AB
136B
0770
192A
0A76
33B5
0BFC
210C
0AB5
17D9
1F50
1EB9
34F7
2C40
2A39
058C
3163
066B
1DD1
2C9A
25A5
186A
0E84
16AC
16BA
2F29
1ACC
1B4A
3490
21B0
2A9E
24E4
1D02
1647
155A
178F
2D9C
2207
1A1A
1B16
34CD
0509
322C
2774
3232
1998
00E8
2F30
279E
164B
2AC8
0639
0623
1A46
2AE5
1852
2F41
0360
2273
3221
24A8
117B
03D9
3236
14AA
09E8
179E
0390
067F
27A9
117F
023B
1653
015C
0FB5
15EC
2E2E
2BAC
15CB
1D40
0C5D
06B9
152B
0214
1D13
02E7
2F01
04BC
028A
03E8
087C
0F58
2A4B
2A43
3390
24A8
165D
078B
103D
1B3F
25DB
098C
0662
354A
176D
246D
013A
1C17
1A7D
1134
1848
1975
0E3C
084F
145D
01DF
18D2
0DBD
2954
1571
0C2B
1801
067D
15ED
1942
2842
2183
027F
1005
1160
20EF
3471
15C5
0295
0216
314F
2524
2974
0808
0AF7
26CB
198E
078D
1A49
08FC
040E
22C2
253A
1665
0F23
14E0
1ED5
0246
2F6D
214D
05CA
23DD
2800
1C2E
2923
1D99
324C
2B79
05B8
2E94
23D9
314A
01D5
1008
2A58
0DE3
12FB
0D8A
0BF5
1201
220D
2EA5
2538
0BA5
2256
252B
012C
0A6C
117F
224C
28AC
31F2
1B7F
1504
187F
0F7E
1E33
056D
3038
0FBC
0A36
1D4E
1043
2929
0C74
0827
2240
0A01
0F1F
346F
3011
0F0E
1BE7
3527
02B0
0B66
127B
308E
26B2
2A35
08AF
320F
29E8
2BB2
0342
176F
04FC
1BBA
093B
2665
1E0D
1AE5
1457
08AD
1372
19B7
2A70
1B30
0513
2E49
0726
0922
2914
2C2A
1D0C
1D6C
0883
2E93
0101
30EA
28AE
0362
1D03
0CF3
2F95
2793
2FC6
17B0
0FA1
334F
3342
176D
2DBF
1EB9
22A1
13A7
1B30
333D
24F2
1CF3
1247
2270
17C1
2451
2938
207F
04C8
0F1D
00CE
0171
3495
192D
1AB6
01FB
2D2A
20A9
0A81
0FE6
1717
1AB0
0C5A
1C47
1B78
1014
2573
331D
21BD
1F9A
1BC1
00E8
01FC
2C30
00BA
34B1
012B
063A
31DA
28E2
17FF
0F3C
2DC9
2CEE
21CB
1BE5
1D4B
1ADA
0C59
33D0
2C9E
1F10
0D57
2DAE
23A5
1B1F
0070
0B5A
2F31
21D5
15A6
0A9F
2A0C
2793
0BEB
2C07
2B82
342E
0012
3168
0C41
0015
00C0
26F0
2273
011E
0497
1D01
0AA5
25F5
17AB
0D9A
036D
124A
0B14
23B8
0022
30A6
2D8C
24DD
2244
1ECA
1F16
025A
145E
2C2D
1390
2904
209B
2619
30C7
1DF5
1735
258F
2B2B
0F1A
20C5
16F2
2A9B
2F42
1C93
09AE
1100
21B1
017C
2B5A
02CD
31A5
22A1
20A7
1EB5
1D4B
1164
2FC0
2498
06E9
1909
1C73
09AA
10D3
08EF
0275
3121
2305
25BA
22C7
12D2
1B66
1E20
1799
295E
080A
080B
30B0
26B8
0598
1F4C
1A9A
33D6
0018
308F
0D30
21CD
0BF9
05EA
2746
2880
1D71
0DEE
1473
178F
2857
150D
190D
12C5
01E1
0E3A
27CC
1550
1133
268D
2365
1EAC
2AEB
21B8
34F8
0584
1CFC
0792
2D5A
02C1
0D87
0BFB
1E11
256E
1FE8
1FA4
32D4
0BA1
1368
13AC
26DF
03A0
3007
1530
0EF9
1061
0543
0F05
2824
1983
2EB0
0C9D
31AC
2800
125B
1AC0
2040
03E3
0D2C
1D23
04C7
03AE
189B
18F8
216B
00E9
28E7
1275
1C50
119A
0968
06A3
0284
05BA
1FCA
2357
1492
2432
3266
0AE9
27E4
33F1
2C4F
1CE0
15EF
2ECD
2BF6
0A98
18D9
2704
083E
28CF
1D15
256E
1839
34C8
137E
12F0
244D
0150
18E8
0C0D
1E03
17DC
1CAF
3072
26E1
0F09
1AF4
1A73
01CA
2FBB
15CA
0494
2D23
0BDD
0A97
08EF
0EA9
3111
3037
0F19
1C14
18A5
1F14
00DF
0D2E
1920
05B1
221E
1A2B
23C2
158C
19EE
29CA
2425
0303
0B73
1904
1EC5
14A7
2D50
0B7A
1C1E
0470
10CA
2E83
11F5
0F6E
2DC3
188D
19D9
12A9
0E7A
0E26
118F
0A3A
15A2
0B8C
0C0F
19CF
1DB5
226F
1C90
28EE
09EA
08C4
1BAB
05D6
1533
0D54
0921
227B
00CA
0730
286A
1DA3
09CC
2E10
18BC
1674
1E68
0D03
0CE0
0DAC
0D20
0B91
1AB8
317B
0FBF
296F
2299
3407
284A
170C
2C7C
1F29
2518
0FD8
1671
342C
181F
1166
1C3C
22BA
33EF
043A
1F92
0838
0B76
2024
0799
0423
0ED5
0063
2554
068B
2799
301E
2B3C
006C
125D
0D5A
06B5
0A42
129B
274B
0861
0CCF
0F9D
340C
0E3B
0B4E
2A9D
05B9
0476
13D7
12CA
080D
1722
2B0B
0C4D
22A6
24B4
13A3
1C86
05C6
1A7E
1193
2112
0194
0AF1
1D84
065F
00FE
2D6F
0C92
090E
2A9B
0F29
11A0
30B2
13DA
2835
1742
2074
00F2
238F
0BF8
143F
1F05
109A
2E5F
2A2A
2FC9
1905
0E2B
194E
0787
127C
30B1
2309
058C
1CF8
2345
03DB
1BF6
0073
1BBA
1E21
27A1
0075
17B9
0E36
0CC0
0B1B
2BFF
2FC9
1024
0CD1
1589
1BA7
23CB
190A
07A7
0EDC
1E1A
0E2F
2446
0DE8
126B
0E81
0FFE
160A
223A
299D
1F55
2E51
2DAF
0EA2
1A9F
0B24
09DE
123F
2F97
1113
2318
06B0
2949
0B9D
0810
01E9
2904
2F24
1FC4
28B8
18DE
23A8
264B
240A
1621
2F15
1DA5
111A
1067
09B8
2B2F
12AC
08C2
1D37
2183
11DA
09C1
0C5D
253C
173F
2DB7
12DC
2CCB
2830
0666
23F8
29F4
28BA
2EC2
2F64
20B7
0C40
11BD
07C7
26C3
27D9
226B
203F
296B
1F84
2770
258F
1350
2182
1554
2D35
04D6
312A
26AD
28C8
1714
1210
0AC4
14BD
2E4D
1375
289F
20D2
0638
2B2B
2023
290F
20EF
1D72
06FF
1169
0728
0273
0779
27AC
30CB
0018
203F
20A6
11AB
3086
279F
0B45
1536
0311
23E1
0206
1B83
11F1
29C9
27A0
2D5A
0E93
237A
237E
1C6C
07EE
241A
2430
0EF0
0B10
036B
0D7C
04CB
115B
163A
233D
0715
15CF
23CF
12AB
00F5
099D
1247
1BA6
0AA0
03C8
1C59
097C
2EDD
2AB7
257A
258A
0E7C
0EAF
1EED
1511
099C
16A7
1861
201D
02C0
0C49
28FA
07BC
1324
0D64
0200
30F6
1BB6
0E9E
0C96
2966
24B1
197D
1B57
14B3
247D
2208
1AED
141F
0CC0
29CD
26D1
2986
25D5
11D5
08A5
2324
1E96
1CE3
29AE
05F8
033A
0BD8
0F81
1FE8
18D9
089E
2E03
05AE
0D7F
029A
0160
2BB1
162A
18B5
0759
30E8
1C2D
3095
288F
2EBB
25E2
0CFC
0E7B
03CF
0EE4
2F8B
1E85
013B
230F
0EB6
1AD2
1DF3
2B7C
308C
2FD7
0A12
1439
1630
2E71
2238
1F67
0F50
199B
2F75
2242
0B1B
1574
0578
0F54
0B7C
12CF
17B8
0738
082B
0BA1
30F2
1D6D
1598
1A4F
1994
2B00
1EA9
046D
2227
0BAF
2201
0226
2079
1DCB
008D
0BC3
0634
04EB
2B99
1A0F
040F
2782
0C01
133E
19E0
2D59
2237
04D7
0221
181B
29A8
1F55
20C6
2960
1600
0EFE
3118
264D
0DBC
2E4A
297B
2DCC
0EDC
0724
0F73
2FF6
3011
2A82
0BBF
1BD9
08CD
0709
1545
0D8B
1115
1B32
257B
0013
2FF6
066B
20A3
2044
15CC
1A77
0551
01F5
1C79
21FB
29E7
06FD
113F
137F
047E
30AD
0453
30A6
3155
30A8
0352
004B
2A5E
17A2
2BE3
1050
2A58
06B6
24E3
2687
16F5
1656
0B32
1E31
1D5D
1EF0
1F9F
0F10
0FCD
01C4
30BA
25C2
30C1
2457
28E8
1610
2D7A
072E
291A
0EA8
12EA
17C8
1109
22FB
1024
1F60
0705
3087
2FAF
03DD
2103
1927
1AD9
2131
10B1
0E31
04B2
11E7
2AEB
105B
03D5
2EE0
0711
1DE0
063B
1E66
207F
1DDF
1D09
2297
1D54
0677
1A75
0B96
0580
28EA
2E71
1F93
0AAD
068A
125C
2CE3
16D9
0E3B
1C42
15F3
275F
11D7
1075
28EF
0805
2FCC
1B12
06E8
0098
148D
312C
28C2
30F3
2863
203B
2B07
154D
1FEC
25D3
0E86
2CB0
2390
28F4
1298
04CC
2982
0725
0691
0C7D
13F0
314F
290F
252A
0556
2398
1C36
0EAF
2A69
1BD8
12D3
0DF3
30B9
14A0
2A95
0447
12BC
0A89
25BA
00AE
20EB
0D5D
0D84
2492
2A77
1425
3066
2F85
1FA7
0C16
192C
02DE
2FA2
07D6
21BB
15C4
12DF
06A6
0048
130A
072A
2ADF
1412
001C
1699
1BFC
01BE
1689
262F
0FCB
0C1C
0397
15D0
24DC
045C
2F0D
13B5
1A0E
0450
3164
05E4
29B2
2313
2E02
121E
3142
1C53
20AD
0FBB
18E2
060C
0533
09EF
1CD1
1DB5
1917
1F6C
167A
026E
2FC4
26C3
303A
2D02
08F2
2733
1DCA
30CC
2048
1565
161E
1989
2AB0
0911
220E
224A
19BD
0188
019F
048D
07AA
141C
000F
20B7
2044
00FF
19D3
057D
2A19
29F3
0E70
0C1F
224C
14D2
0BC5
0A06
0A4D
2B18
1F6B
085A
2332
2A25
12DC
13AD
2043
2853
094B
1369
22ED
2495
2C0E
1C90
2803
228B
2B74
2660
1C41
05DA
10BF
269D
20F0
17C7
0E09
2E52
20B9
0F29
13EC
16DF
05E4
1C23
10C3
2B05
216A
0443
2F6D
0994
084D
28F4
0D01
2A3E
2C0B
0BCE
23A4
08EE
0B96
2DB4
1D6F
24F3
013A
1FBE
2611
2EFF
2443
25C3
28ED
0C7E
1619
0FDB
2119
25C5
0C30
2030
2D69
118F
10A8
09D2
2E77
1AB5
1069
17AD
2C63
26F9
0625
29D4
2959
146B
29B6
2A52
2D32
2FDA
14D2
1043
05D8
2057
0932
0736
2429
0CF4
0292
0F47
2D68
1FE7
0995
2D83
1677
1B51
0F53
2ACE
073F
24DB
1CD1
1C45
1744
2B50
263D
172F
158E
02E6
0517
2A0B
038D
161E
22DB
095D
299E
266F
2C6D
10BC
155D
2FE3
2968
2C7C
1D87
2582
2EF2
174B
0BB2
2930
2DBD
1A19
2109
1A5E
1883
065C
1F14
177C
26BF
26F3
01A9
1AE4
2788
1537
043D
1546
1EFF
0605
026A
0767
098E
00A6
1436
25F7
0CAD
2A99
27E1
266C
06EA
118F
2A3C
1B3E
20EF
28D1
025A
2BAE
2367
060E
2ABC
0EEA
172D
00BC
3139
20EF
1814
058C
2599
2CC6
1D08
2994
1EA4
137B
0292
2708
175D
1FC8
0DDC
19E9
1034
2A96
24B1
02FB
0771
31FB
1DAC
00D7
31C7
0CC3
1A31
136E
2C49
1A9E
31A5
0CDD
1330
149F
2563
0BBF
186B
1F99
11FA
0100
31EC
332C
1542
2D95
1F9C
022D
11E9
2F07
295A
1597
09D9
2AFA
0AED
015A
1B56
2114
2781
1852
2B8D
0174
13E9
2A36
15F6
25F2
1E09
09D7
05EA
2845
25EE
27DD
0939
2C14
237B
3013
0433
29CB
0801
1486
2C1F
1DAE
2FF6
1209
120E
29AF
1083
12E9
100F
3206
2AB3
15AC
2FCB
17EA
0626
2B4B
0604
2FEC
0871
1625
2519
163D
01CB
31B9
1DA8
003B
2937
0B9F
2E69
2B10
2F0D
2295
0A7F
0BD9
22EE
333D
32FB
147B
03AC
195A
025F
267F
258C
0CBB
00A5
00CB
04DD
1A30
0EA8
0D51
3055
1489
0CAE
1110
0012
0BBF
0B62
18D9
0680
2027
13F3
02C4
178F
2057
1339
082A
111D
2DF9
07EC
0100
0081
0C49
146B
3302
0A7B
17BF
0AD7
2A98
1408
057D
2104
2F85
0AA0
00E5
0778
272E
1F75
061A
152C
02E1
0002
224A
01FB
0F2F
19A7
13FD
1AC0
1BB3
0F6E
20C4
2AE6
06A5
0CFD
17E7
0A5A
0278
2B9A
236F
2673
076B
2847
098E
2E41
2455
2DE6
283F
2241
26F2
319D
0631
06E6
0114
0394
0245
17C1
058F
131D
0F70
2F18
2EC0
055E
0760
0128
25E0
0BE1
2D46
2C64
0139
0722
065C
0A6B
133C
2694
0BC4
1B4D
13DC
3005
296F
2C5F
2CCF
089F
034C
0982
2B50
2B07
1555
224C
2A8F
15C4
0301
23E4
1735
0917
2D60
26E4
0C61
2717
155A
0D47
1C90
0855
1966
127D
2100
27F2
0F64
1CDC
3071
1382
1F75
249E
0560
20F7
0225
2829
1999
2641
30CE
29C0
1B64
2E4C
3157
0FE6
0EEC
0E8D
263F
1409
1BD1
1835
2FF7
0BD1
0704
1DD5
27BD
15AE
05C5
06FF
1D2A
26F4
02F7
29E4
17B3
0320
2716
03D9
004C
106A
26B1
1AFB
1C48
25D0
0691
30DC
2CC3
04A3
2004
314A
212E
0BC4
1213
2C59
2D4D
1C6C
180C
05CE
29BA
1A4C
1338
1F7F
3262
268A
231F
2077
288B
0429
1B1F
1734
0508
093D
087C
1505
2E53
20D7
101A
02AF
20DE
2B78
2FEB
281E
1303
07D1
154E
16A6
32A0
1201
1ADE
173A
24D8
335A
160D
1941
1BB5
3296
309D
2534
059E
1CE7
2C0B
22E4
0E71
03AA
3031
21B5
0C37
1BD7
1F9D
3008
0C53
0D46
2B59
2A6D
24DF
15CE
1A3D
2DA8
0ED3
32A4
1237
0064
0590
05AD
291A
222E
0942
091B
30A6
2B68
083A
314E
176C
06C3
0BD5
00F3
2A3E
0902
15D7
20FB
0169
07E3
2839
17F5
1D50
28C6
1563
098A
2CD6
19AE
103E
2473
230B
332A
22F9
19BC
073D
28EF
31DF
1E8E
1280
08BE
1957
313F
2311
1917
0530
3273
2B78
1562
0584
3149
2CEA
1C6C
04C0
2258
295E
3090
06BC
12C6
2D19
125F
22A6
13DB
1F0B
0205
1FFD
2F5A
011B
1650
0B6E
070A
1886
1309
2E84
0561
1B7B
186D
25A2
281B
03D6
3094
303A
1690
1D58
1B38
2A62
0084
0D0F
0985
036D
0450
1C61
152D
218E
1DED
2E91
0B06
0DD2
1E08
0E4C
22CB
1011
1593
1F68
065B
057B
327C
2D68
106E
01CA
1C7A
0B88
13AE
0C25
0908
1265
174C
0433
1998
17AD
0312
1B20
2C2D
0E3D
2D57
0F68
0054
2823
19AC
01C0
0DF2
1F9F
1315
30A1
161E
2AC4
2984
0AA6
061F
30D1
2AD7
0C75
2E10
2250
10AB
2BC6
0967
09D2
1D8D
1B9F
09AD
141E
0231
0470
32C1
2E91
1314
19D7
14A2
2D60
2148
015C
10A8
18A1
148A
0FF4
10BC
2E37
04BA
2B30
2428
2FD2
0301
2189
2DF0
173E
32EC
2F50
1554
07E8
0829
0948
12BD
2F31
1888
2EFA
1BAE
1A7E
190B
0EBB
0152
277F
0D63
230D
1E19
1FF9
2033
120B
1095
1643
24DB
1EC0
19B6
32DD
3343
0BC5
0FE8
1A30
1CCD
1454
2827
1AEE
14CE
076F
082A
17BE
2343
1E78
0EFF
2605
1206
30A4
27D0
0281
2E37
2F98
164E
135E
183B
2DBE
271D
2D06
1903
0877
2A4D
1D7D
1CD1
2360
04A1
25B8
0C0D
3171
2482
1C30
19AA
08A8
0278
2EF1
04EB
162D
03B6
0948
0069
1663
21E2
1985
0BE8
15E9
20AB
2205
08E6
0071
2ECC
124F
1FAA
1FA3
0FCD
308D
0C65
3064
17BF
1D24
205E
10E8
0870
122E
29D5
1618
118E
2B37
1EC9
17C2
1E76
1A3C
215A
2C86
2944
0CCE
23DA
1581
2A7B
1270
08CB
1435
2CAB
2977
2451
14DF
2D20
25B4
254B
0816
1992
0270
0978
17FF
1591
194F
2B43
10CB
1DAD
132C
1277
0A68
0A1A
26FC
0EF0
2473
1CDB
0C12
005F
1593
1EC1
18D6
0043
28A6
0E7B
1BAC
03EE
1839
0A15
0C2A
0990
1C35
3339
290E
2FC6
21DF
2563
19A8
14EC
0496
27FB
25AE
02F5
0631
2BFC
1560
221A
2E5D
1B9B
0475
16B2
0C55
2413
2464
002B
21AE
3142
1996
2753
0F8C
2F25
0D15
1966
0A3C
2B44
27CB
27B9
01B5
0D35
0A61
09B6
2D93
1928
0078
1E1D
0E0D
325B
0B8C
0E86
2021
09AC
0A00
1D1C
283B
2F78
24AB
0A2D
0E1D
04AE
0D07
32D3
16F6
1945
0648
2BD1
2EEE
323F
128A
1E5B
0EFB
3294
229B
1FE8
269A
2AF8
2150
001F
0AD0
0C58
245B
2FD6
0A0E
0E58
2A9D
0E98
2D1F
2C04
2890
2F7C
0D52
036B
0597
12D0
003E
33A9
1678
193E
31B2
319F
0995
2ECE
1A2A
1146
32A9
0508
2B97
1A41
1900
1AAB
158D
2A29
2305
3220
1C92
2489
14A6
12D1
052F
2380
2792
28FD
0BC7
2BE7
0795
0372
25AD
0DFD
0E61
18A6
252E
30C3
19F4
044D
2B25
1D09
05E3
2384
1C56
000C
1B3C
04B8
223F
2A58
24FA
0D6A
03F0
33B8
1772
14B9
112B
225E
2412
1A1A
03F9
1F4F
1F21
007A
21BC
1A78
28C2
0025
1C01
0E6A
1704
1CA6
2988
1EC6
0364
286D
0E7F
207F
0FF2
0D19
0561
19ED
10D9
1D52
06FA
12F7
21BE
1E53
155E
1D3C
1759
2D21
0352
1D72
1C6E
2C88
0409
21FA
3194
1BBB
1271
00D9
0072
2B7B
1A40
0763
1401
2831
057D
2EA7
0F93
0B32
0294
1872
0843
13D0
04D4
1539
1190
0651
0BA4
239A
1E1B
263A
1E52
1D78
067E
0594
19C1
07C8
09D9
2D28
172F
2F38
2D8D
0D39
24E4
0BB2
1C7B
0BE1
1C06
1823
3340
3084
17F3
08DC
1D52
178D
3001
2892
11B7
05F3
3044
0BAA
2058
11AD
2B39
0D75
2B4D
0A10
2FEE
0B5D
2945
2E6A
1564
090A
27D8
1507
05CA
0DF5
2120
0044
3169
1930
02AD
28EF
12F7
08C6
3034
1414
14E1
2B27
105E
1465
145F
0E65
0FCF
08D1
0112
29D8
0764
05C3
3043
17D3
0BA6
2B42
0757
2651
2A14
1403
2C0B
1404
32CD
1197
140A
3236
338D
1212
1DD6
3041
0D97
0BEA
1EF5
2D8F
2463
1948
05CD
1070
1666
2342
0133
273A
034D
05E1
31D1
1FBD
19CB
21FC
18C3
1FF2
2D5F
1372
2311
1812
0BAB
2527
099F
25EC
2B13
2C76
0C67
0131
0667
1573
2B05
141F
0CB3
2688
100E
1C6F
1E2A
2187
1429
06DF
269D
0EA6
2DC3
2A2F
2B3C
0731
01CA
2DD7
0873
27E1
2F77
2C6C
049A
1E87
180E
1ACA
1CAE
2CB1
1D44
28D6
26C3
2403
2C8D
13AA
054D
26E3
1E5D
305A
2B95
17DD
15EF
2A40
1735
1EE5
298F
07C4
1ECD
0138
2978
2281
334F
07DF
02A3
0B2C
0585
249C
2294
19AF
2119
1313
1D4F
2B6D
0EE0
2FE2
1A1E
10DE
1E07
2801
1873
1374
09B5
105C
2B69
1BAE
1136
0EC9
20B6
2336
1826
208C
1E7F
2DD3
1C70
03DA
1C0D
03FC
1DD0
1FAC
2A08
240F
2363
2151
00F8
2CDF
1C23
06BF
1B4C
0087
0383
1D03
033C
0BBB
270F
2660
298F
140A
16CA
2B09
299A
0DCA
09B0
1570
1D79
1494
3066
066B
07F4
2025
189C
27D9
1E26
023E
19DD
2773
16D1
2723
022F
0295
313F
11AA
2E3B
3310
1231
0E52
285A
1F35
1B2E
205D
22C7
24E2
29A2
1596
2EB9
0B9B
032C
07F3
3104
082E
04F2
312A
0EBE
1F85
2B47
14BF
205F
0099
0202
158A
2B87
2303
0F68
2E7C
143A
002D
0C7E
2F2C
0CDC
2CEA
22E7
2460
10A2
0963
2664
28D5
2982
1DAF
11BF
1E57
1798
2192
2108
263B
20C7
17F4
3332
04D7
3266
1FD7
1955
04B8
2415
2375
3120
2A7E
23B6
0313
085E
1AED
0C88
16C0
17D5
277C
1723
1E12
0CBF
2BC1
1FD8
122E
3261
1E15
22F0
2BE2
1B8C
02F6
0CD6
01D9
10DF
29D4
218A
08EC
09B4
0619
2D49
25B4
1B01
0CE4
04C4
1FAC
184E
06C2
1002
1B37
240C
0BA0
008B
0134
0E3D
1F68
18F7
01C3
0370
17C6
1EDD
19AE
0ADC
2C7F
1CBB
0FDC
164A
0987
1F27
029B
1468
0237
09FB
0F11
0515
0BBB
039F
105B
22B5
3352
3206
2C89
1AF2
0CE7
07AE
25C8
270E
2289
2061
0F30
2969
2C13
0998
31F6
07CE
2C00
0771
184E
0543
1ABC
3292
130E
180E
12E1
098C
0C13
0AF0
25D1
140C
298C
1B36
1752
1087
05F5
061E
0070
27F8
2792
16B9
17E2
03C8
2002
0C25
250E
2A5A
0198
0665
00FB
205E
1C7C
0733
161D
1301
10B5
236A
0A19
1030
1F3B
0F68
20A1
087D
140E
25CD
13B7
0A83
164A
04C6
1792
2CB7
27A6
0E92
1C2B
321B
047C
054B
0774
297E
0FFB
1ECC
2E4D
2638
090E
2B90
17C3
201D
2A46
2DD3
14B9
3295
209B
1D63
0D57
210C
0F08
0BD7
0D23
1E54
03D3
1B8D
13C7
1D57
13F1
016B
0FAF
0A3F
2D26
1667
2EB6
1647
0D14
319D
08D7
2268
0CB4
0917
172C
0753
045B
2F08
0ECF
038A
2D35
2AAD
01D3
135E
0741
26A5
0416
2650
0CA4
3105
0237
05AF
231D
269E
0525
2BC0
118A
264D
2FF5
04D3
0240
28CE
0945
0B41
2FB2
2D9C
1231
032F
261C
1C2A
1875
3281
1FC0
1280
10B6
037D
23B4
01C0
23AC
1870
0DE9
0768
2FB0
2E7E
07E1
1806
0784
30EC
1CCD
19B1
0321
2772
27F0
1A5C
25AD
303F
2D5C
1EBD
07D2
0FC4
0C27
324E
0071
01BA
22F5
0170
01E7
0DFD
23B8
1BC9
12C4
318D
28D6
11FB
0EAC
1D5E
326A
3173
0687
1FF9
0CAF
065A
2A0D
07AB
108A
2CCB
31EC
2DD3
09E7
1880
0034
27D3
29AF
1788
050D
1BAA
052B
2C7E
2F88
293C
1D77
09DA
207D
2FB0
1AD3
2F65
2D64
1F10
2806
2597
03D7
0CFB
1700
2FAB
2B67
2D13
080B
1156
1944
26A6
0F71
222A
0E6D
1F16
3378
23C3
1781
21CF
252F
0A7E
2811
1B21
16FD
2561
06B9
1586
3131
09C9
283A
1A72
2383
2B7D
017A
1739
041C
1488
21CB
1FE5
26C3
1157
27D7
181A
2F3D
1D66
037D
318C
