$date
	Wed Oct 08 16:24:24 2025
$end
$version
	Icarus Verilog
$end
$timescale
	1ps
$end
$scope module center_of_mass $end
$var wire 1 ! calculate $end
$var wire 1 " calculate_rise $end
$var wire 1 # clk $end
$var wire 1 $ fire_div $end
$var wire 1 % pixel_valid $end
$var wire 11 & pixel_x [10:0] $end
$var wire 10 ' pixel_y [9:0] $end
$var wire 1 ( rst $end
$var wire 1 ) vout_y $end
$var wire 1 * vout_x $end
$var wire 32 + ry_unused [31:0] $end
$var wire 32 , rx_unused [31:0] $end
$var wire 32 - qy [31:0] $end
$var wire 32 . qx [31:0] $end
$var wire 1 / err_y $end
$var wire 1 0 err_x $end
$var wire 1 1 busy_y $end
$var wire 1 2 busy_x $end
$var reg 1 3 calculate_d $end
$var reg 1 4 com_valid $end
$var reg 11 5 com_x [10:0] $end
$var reg 10 6 com_y [9:0] $end
$var reg 1 7 got_x $end
$var reg 1 8 got_y $end
$var reg 1 9 have_work $end
$var reg 32 : lat_cnt [31:0] $end
$var reg 32 ; lat_sum_x [31:0] $end
$var reg 32 < lat_sum_y [31:0] $end
$var reg 32 = pix_cnt [31:0] $end
$var reg 32 > qx_latched [31:0] $end
$var reg 32 ? qy_latched [31:0] $end
$var reg 1 @ start_pending $end
$var reg 32 A sum_x [31:0] $end
$var reg 32 B sum_y [31:0] $end
$scope module div_x $end
$var wire 1 # clk $end
$var wire 1 $ data_in_valid $end
$var wire 32 C dividend [31:0] $end
$var wire 32 D divisor [31:0] $end
$var wire 1 ( rst $end
$var parameter 32 E WIDTH $end
$var reg 1 2 busy $end
$var reg 1 * data_out_valid $end
$var reg 32 F dividend_h [31:0] $end
$var reg 32 G divisor_h [31:0] $end
$var reg 1 0 error $end
$var reg 32 H quotient [31:0] $end
$var reg 32 I quotient_g [31:0] $end
$var reg 32 J remainder [31:0] $end
$var integer 32 K state [31:0] $end
$upscope $end
$scope module div_y $end
$var wire 1 # clk $end
$var wire 1 $ data_in_valid $end
$var wire 32 L dividend [31:0] $end
$var wire 32 M divisor [31:0] $end
$var wire 1 ( rst $end
$var parameter 32 N WIDTH $end
$var reg 1 1 busy $end
$var reg 1 ) data_out_valid $end
$var reg 32 O dividend_h [31:0] $end
$var reg 32 P divisor_h [31:0] $end
$var reg 1 / error $end
$var reg 32 Q quotient [31:0] $end
$var reg 32 R quotient_g [31:0] $end
$var reg 32 S remainder [31:0] $end
$var integer 32 T state [31:0] $end
$upscope $end
$upscope $end
$enddefinitions $end
$comment Show the parameter values. $end
$dumpall
b100000 N
b100000 E
$end
#0
$dumpvars
b0 T
b0 S
b0 R
bx Q
b0 P
b0 O
b0 M
b0 L
b0 K
b0 J
b0 I
bx H
b0 G
b0 F
b0 D
b0 C
b0 B
b0 A
0@
b0 ?
b0 >
b0 =
b0 <
b0 ;
b0 :
09
08
07
b0 6
b0 5
04
03
02
01
00
0/
bx .
bx -
b0 ,
b0 +
0*
0)
1(
b0 '
b0 &
0%
0$
1#
0"
0!
$end
#5000
0#
#10000
1#
#15000
0#
#20000
1#
#25000
0#
#30000
1#
#35000
0#
#40000
0(
1#
#45000
0#
#50000
1#
#55000
0#
#60000
1%
b101101 '
b1111011 &
1#
#65000
0#
#70000
0%
b1 =
b101101 B
b1111011 A
1#
#75000
0#
#80000
1"
1!
1#
#85000
0#
#90000
0!
1$
0"
19
b1 :
b1 D
b1 M
b101101 <
b101101 L
b1111011 ;
b1111011 C
1@
b0 =
b0 B
b0 A
13
1#
#95000
0#
#100000
0$
12
b1 G
b1111011 F
b1 K
11
b1 P
b101101 O
b1 T
03
0@
1#
#105000
0#
#110000
b101100 O
b1 R
b1111010 F
b1 I
1#
#115000
0#
#120000
b1111001 F
b10 I
b101011 O
b10 R
1#
#125000
0#
#130000
b101010 O
b11 R
b1111000 F
b11 I
1#
#135000
0#
#140000
b1110111 F
b100 I
b101001 O
b100 R
1#
#145000
0#
#150000
b101000 O
b101 R
b1110110 F
b101 I
1#
#155000
0#
#160000
b1110101 F
b110 I
b100111 O
b110 R
1#
#165000
0#
#170000
b100110 O
b111 R
b1110100 F
b111 I
1#
#175000
0#
#180000
b1110011 F
b1000 I
b100101 O
b1000 R
1#
#185000
0#
#190000
b100100 O
b1001 R
b1110010 F
b1001 I
1#
#195000
0#
#200000
b1110001 F
b1010 I
b100011 O
b1010 R
1#
#205000
0#
#210000
b100010 O
b1011 R
b1110000 F
b1011 I
1#
#215000
0#
#220000
b1101111 F
b1100 I
b100001 O
b1100 R
1#
#225000
0#
#230000
b100000 O
b1101 R
b1101110 F
b1101 I
1#
#235000
0#
#240000
b1101101 F
b1110 I
b11111 O
b1110 R
1#
#245000
0#
#250000
b11110 O
b1111 R
b1101100 F
b1111 I
1#
#255000
0#
#260000
b1101011 F
b10000 I
b11101 O
b10000 R
1#
#265000
0#
#270000
b11100 O
b10001 R
b1101010 F
b10001 I
1#
#275000
0#
#280000
b1101001 F
b10010 I
b11011 O
b10010 R
1#
#285000
0#
#290000
b11010 O
b10011 R
b1101000 F
b10011 I
1#
#295000
0#
#300000
b1100111 F
b10100 I
b11001 O
b10100 R
1#
#305000
0#
#310000
b11000 O
b10101 R
b1100110 F
b10101 I
1#
#315000
0#
#320000
b1100101 F
b10110 I
b10111 O
b10110 R
1#
#325000
0#
#330000
b10110 O
b10111 R
b1100100 F
b10111 I
1#
#335000
0#
#340000
b1100011 F
b11000 I
b10101 O
b11000 R
1#
#345000
0#
#350000
b10100 O
b11001 R
b1100010 F
b11001 I
1#
#355000
0#
#360000
b1100001 F
b11010 I
b10011 O
b11010 R
1#
#365000
0#
#370000
b10010 O
b11011 R
b1100000 F
b11011 I
1#
#375000
0#
#380000
b1011111 F
b11100 I
b10001 O
b11100 R
1#
#385000
0#
#390000
b10000 O
b11101 R
b1011110 F
b11101 I
1#
#395000
0#
#400000
b1011101 F
b11110 I
b1111 O
b11110 R
1#
#405000
0#
#410000
b1110 O
b11111 R
b1011100 F
b11111 I
1#
#415000
0#
#420000
b1011011 F
b100000 I
b1101 O
b100000 R
1#
#425000
0#
#430000
b1100 O
b100001 R
b1011010 F
b100001 I
1#
#435000
0#
#440000
b1011001 F
b100010 I
b1011 O
b100010 R
1#
#445000
0#
#450000
b1010 O
b100011 R
b1011000 F
b100011 I
1#
#455000
0#
#460000
b1010111 F
b100100 I
b1001 O
b100100 R
1#
#465000
0#
#470000
b1000 O
b100101 R
b1010110 F
b100101 I
1#
#475000
0#
#480000
b1010101 F
b100110 I
b111 O
b100110 R
1#
#485000
0#
#490000
b110 O
b100111 R
b1010100 F
b100111 I
1#
#495000
0#
#500000
b1010011 F
b101000 I
b101 O
b101000 R
1#
#505000
0#
#510000
b100 O
b101001 R
b1010010 F
b101001 I
1#
#515000
0#
#520000
b1010001 F
b101010 I
b11 O
b101010 R
1#
#525000
0#
#530000
b10 O
b101011 R
b1010000 F
b101011 I
1#
#535000
0#
#540000
b1001111 F
b101100 I
b1 O
b101100 R
1#
#545000
0#
#550000
b0 O
b101101 R
b1001110 F
b101101 I
1#
#555000
0#
#560000
b1001101 F
b101110 I
1)
01
b101101 -
b101101 Q
b0 T
1#
#565000
0#
#570000
18
b101101 ?
0)
b1001100 F
b101111 I
1#
#575000
0#
#580000
b1001011 F
b110000 I
1#
#585000
0#
#590000
b1001010 F
b110001 I
1#
#595000
0#
#600000
b1001001 F
b110010 I
1#
#605000
0#
#610000
b1001000 F
b110011 I
1#
#615000
0#
#620000
b1000111 F
b110100 I
1#
#625000
0#
#630000
b1000110 F
b110101 I
1#
#635000
0#
#640000
b1000101 F
b110110 I
1#
#645000
0#
#650000
b1000100 F
b110111 I
1#
#655000
0#
#660000
b1000011 F
b111000 I
1#
#665000
0#
#670000
b1000010 F
b111001 I
1#
#675000
0#
#680000
b1000001 F
b111010 I
1#
#685000
0#
#690000
b1000000 F
b111011 I
1#
#695000
0#
#700000
b111111 F
b111100 I
1#
#705000
0#
#710000
b111110 F
b111101 I
1#
#715000
0#
#720000
b111101 F
b111110 I
1#
#725000
0#
#730000
b111100 F
b111111 I
1#
#735000
0#
#740000
b111011 F
b1000000 I
1#
#745000
0#
#750000
b111010 F
b1000001 I
1#
#755000
0#
#760000
b111001 F
b1000010 I
1#
#765000
0#
#770000
b111000 F
b1000011 I
1#
#775000
0#
#780000
b110111 F
b1000100 I
1#
#785000
0#
#790000
b110110 F
b1000101 I
1#
#795000
0#
#800000
b110101 F
b1000110 I
1#
#805000
0#
#810000
b110100 F
b1000111 I
1#
#815000
0#
#820000
b110011 F
b1001000 I
1#
#825000
0#
#830000
b110010 F
b1001001 I
1#
#835000
0#
#840000
b110001 F
b1001010 I
1#
#845000
0#
#850000
b110000 F
b1001011 I
1#
#855000
0#
#860000
b101111 F
b1001100 I
1#
#865000
0#
#870000
b101110 F
b1001101 I
1#
#875000
0#
#880000
b101101 F
b1001110 I
1#
#885000
0#
#890000
b101100 F
b1001111 I
1#
#895000
0#
#900000
b101011 F
b1010000 I
1#
#905000
0#
#910000
b101010 F
b1010001 I
1#
#915000
0#
#920000
b101001 F
b1010010 I
1#
#925000
0#
#930000
b101000 F
b1010011 I
1#
#935000
0#
#940000
b100111 F
b1010100 I
1#
#945000
0#
#950000
b100110 F
b1010101 I
1#
#955000
0#
#960000
b100101 F
b1010110 I
1#
#965000
0#
#970000
b100100 F
b1010111 I
1#
#975000
0#
#980000
b100011 F
b1011000 I
1#
#985000
0#
#990000
b100010 F
b1011001 I
1#
#995000
0#
#1000000
b100001 F
b1011010 I
1#
#1005000
0#
#1010000
b100000 F
b1011011 I
1#
#1015000
0#
#1020000
b11111 F
b1011100 I
1#
#1025000
0#
#1030000
b11110 F
b1011101 I
1#
#1035000
0#
#1040000
b11101 F
b1011110 I
1#
#1045000
0#
#1050000
b11100 F
b1011111 I
1#
#1055000
0#
#1060000
b11011 F
b1100000 I
1#
#1065000
0#
#1070000
b11010 F
b1100001 I
1#
#1075000
0#
#1080000
b11001 F
b1100010 I
1#
#1085000
0#
#1090000
b11000 F
b1100011 I
1#
#1095000
0#
#1100000
b10111 F
b1100100 I
1#
#1105000
0#
#1110000
b10110 F
b1100101 I
1#
#1115000
0#
#1120000
b10101 F
b1100110 I
1#
#1125000
0#
#1130000
b10100 F
b1100111 I
1#
#1135000
0#
#1140000
b10011 F
b1101000 I
1#
#1145000
0#
#1150000
b10010 F
b1101001 I
1#
#1155000
0#
#1160000
b10001 F
b1101010 I
1#
#1165000
0#
#1170000
b10000 F
b1101011 I
1#
#1175000
0#
#1180000
b1111 F
b1101100 I
1#
#1185000
0#
#1190000
b1110 F
b1101101 I
1#
#1195000
0#
#1200000
b1101 F
b1101110 I
1#
#1205000
0#
#1210000
b1100 F
b1101111 I
1#
#1215000
0#
#1220000
b1011 F
b1110000 I
1#
#1225000
0#
#1230000
b1010 F
b1110001 I
1#
#1235000
0#
#1240000
b1001 F
b1110010 I
1#
#1245000
0#
#1250000
b1000 F
b1110011 I
1#
#1255000
0#
#1260000
b111 F
b1110100 I
1#
#1265000
0#
#1270000
b110 F
b1110101 I
1#
#1275000
0#
#1280000
b101 F
b1110110 I
1#
#1285000
0#
#1290000
b100 F
b1110111 I
1#
#1295000
0#
#1300000
b11 F
b1111000 I
1#
#1305000
0#
#1310000
b10 F
b1111001 I
1#
#1315000
0#
#1320000
b1 F
b1111010 I
1#
#1325000
0#
#1330000
b0 F
b1111011 I
1#
#1335000
0#
#1340000
1*
02
b1111011 .
b1111011 H
b0 K
1#
#1345000
0#
#1350000
17
b1111011 >
0*
1#
#1355000
0#
#1360000
09
14
b101101 6
b1111011 5
1#
#1365000
0#
#1370000
04
1#
#1375000
0#
#1380000
1#
#1380001
1(
b0 '
b0 &
#1385001
0#
#1390001
b0 :
b0 D
b0 M
b0 <
b0 L
b0 ;
b0 C
b0 6
b0 5
b0 ?
b0 >
08
07
b0 P
b0 R
b0 G
b0 I
1#
#1395001
0#
#1400001
1#
#1405001
0#
#1410001
1#
#1415001
0#
#1420001
1#
#1425001
0#
#1430001
0(
1#
#1435001
0#
#1440001
1#
#1445001
0#
#1450001
1%
1#
#1455001
0#
#1460001
0%
b1 =
1#
#1465001
0#
#1470001
1%
b1 '
b1 &
1#
#1475001
0#
#1480001
0%
b10 =
b1 B
b1 A
1#
#1485001
0#
#1490001
1%
b10 '
b10 &
1#
#1495001
0#
#1500001
0%
b11 =
b11 B
b11 A
1#
#1505001
0#
#1510001
1%
b11 '
b11 &
1#
#1515001
0#
#1520001
0%
b100 =
b110 B
b110 A
1#
#1525001
0#
#1530001
1%
b100 '
b100 &
1#
#1535001
0#
#1540001
0%
b101 =
b1010 B
b1010 A
1#
#1545001
0#
#1550001
1%
b101 '
b101 &
1#
#1555001
0#
#1560001
0%
b110 =
b1111 B
b1111 A
1#
#1565001
0#
#1570001
1%
b110 '
b110 &
1#
#1575001
0#
#1580001
0%
b111 =
b10101 B
b10101 A
1#
#1585001
0#
#1590001
1%
b111 '
b111 &
1#
#1595001
0#
#1600001
0%
b1000 =
b11100 B
b11100 A
1#
#1605001
0#
#1610001
1%
b1000 '
b1000 &
1#
#1615001
0#
#1620001
0%
b1001 =
b100100 B
b100100 A
1#
#1625001
0#
#1630001
1%
b1001 '
b1001 &
1#
#1635001
0#
#1640001
0%
b1010 =
b101101 B
b101101 A
1#
#1645001
0#
#1650001
1%
b1010 '
b1010 &
1#
#1655001
0#
#1660001
0%
b1011 =
b110111 B
b110111 A
1#
#1665001
0#
#1670001
1%
b1011 '
b1011 &
1#
#1675001
0#
#1680001
0%
b1100 =
b1000010 B
b1000010 A
1#
#1685001
0#
#1690001
1%
b1100 '
b1100 &
1#
#1695001
0#
#1700001
0%
b1101 =
b1001110 B
b1001110 A
1#
#1705001
0#
#1710001
1%
b1101 '
b1101 &
1#
#1715001
0#
#1720001
0%
b1110 =
b1011011 B
b1011011 A
1#
#1725001
0#
#1730001
1%
b1110 '
b1110 &
1#
#1735001
0#
#1740001
0%
b1111 =
b1101001 B
b1101001 A
1#
#1745001
0#
#1750001
1%
b1111 '
b1111 &
1#
#1755001
0#
#1760001
0%
b10000 =
b1111000 B
b1111000 A
1#
#1765001
0#
#1770001
1%
b10000 '
b10000 &
1#
#1775001
0#
#1780001
0%
b10001 =
b10001000 B
b10001000 A
1#
#1785001
0#
#1790001
1%
b10001 '
b10001 &
1#
#1795001
0#
#1800001
0%
b10010 =
b10011001 B
b10011001 A
1#
#1805001
0#
#1810001
1%
b10010 '
b10010 &
1#
#1815001
0#
#1820001
0%
b10011 =
b10101011 B
b10101011 A
1#
#1825001
0#
#1830001
1%
b10011 '
b10011 &
1#
#1835001
0#
#1840001
0%
b10100 =
b10111110 B
b10111110 A
1#
#1845001
0#
#1850001
1%
b10100 '
b10100 &
1#
#1855001
0#
#1860001
0%
b10101 =
b11010010 B
b11010010 A
1#
#1865001
0#
#1870001
1%
b10101 '
b10101 &
1#
#1875001
0#
#1880001
0%
b10110 =
b11100111 B
b11100111 A
1#
#1885001
0#
#1890001
1%
b10110 '
b10110 &
1#
#1895001
0#
#1900001
0%
b10111 =
b11111101 B
b11111101 A
1#
#1905001
0#
#1910001
1%
b10111 '
b10111 &
1#
#1915001
0#
#1920001
0%
b11000 =
b100010100 B
b100010100 A
1#
#1925001
0#
#1930001
1%
b11000 '
b11000 &
1#
#1935001
0#
#1940001
0%
b11001 =
b100101100 B
b100101100 A
1#
#1945001
0#
#1950001
1%
b11001 '
b11001 &
1#
#1955001
0#
#1960001
0%
b11010 =
b101000101 B
b101000101 A
1#
#1965001
0#
#1970001
1%
b11010 '
b11010 &
1#
#1975001
0#
#1980001
0%
b11011 =
b101011111 B
b101011111 A
1#
#1985001
0#
#1990001
1%
b11011 '
b11011 &
1#
#1995001
0#
#2000001
0%
b11100 =
b101111010 B
b101111010 A
1#
#2005001
0#
#2010001
1%
b11100 '
b11100 &
1#
#2015001
0#
#2020001
0%
b11101 =
b110010110 B
b110010110 A
1#
#2025001
0#
#2030001
1%
b11101 '
b11101 &
1#
#2035001
0#
#2040001
0%
b11110 =
b110110011 B
b110110011 A
1#
#2045001
0#
#2050001
1%
b11110 '
b11110 &
1#
#2055001
0#
#2060001
0%
b11111 =
b111010001 B
b111010001 A
1#
#2065001
0#
#2070001
1%
b11111 '
b11111 &
1#
#2075001
0#
#2080001
0%
b100000 =
b111110000 B
b111110000 A
1#
#2085001
0#
#2090001
1%
b100000 '
b100000 &
1#
#2095001
0#
#2100001
0%
b100001 =
b1000010000 B
b1000010000 A
1#
#2105001
0#
#2110001
1%
b100001 '
b100001 &
1#
#2115001
0#
#2120001
0%
b100010 =
b1000110001 B
b1000110001 A
1#
#2125001
0#
#2130001
1%
b100010 '
b100010 &
1#
#2135001
0#
#2140001
0%
b100011 =
b1001010011 B
b1001010011 A
1#
#2145001
0#
#2150001
1%
b100011 '
b100011 &
1#
#2155001
0#
#2160001
0%
b100100 =
b1001110110 B
b1001110110 A
1#
#2165001
0#
#2170001
1%
b100100 '
b100100 &
1#
#2175001
0#
#2180001
0%
b100101 =
b1010011010 B
b1010011010 A
1#
#2185001
0#
#2190001
1%
b100101 '
b100101 &
1#
#2195001
0#
#2200001
0%
b100110 =
b1010111111 B
b1010111111 A
1#
#2205001
0#
#2210001
1%
b100110 '
b100110 &
1#
#2215001
0#
#2220001
0%
b100111 =
b1011100101 B
b1011100101 A
1#
#2225001
0#
#2230001
1%
b100111 '
b100111 &
1#
#2235001
0#
#2240001
0%
b101000 =
b1100001100 B
b1100001100 A
1#
#2245001
0#
#2250001
1%
b101000 '
b101000 &
1#
#2255001
0#
#2260001
0%
b101001 =
b1100110100 B
b1100110100 A
1#
#2265001
0#
#2270001
1%
b101001 '
b101001 &
1#
#2275001
0#
#2280001
0%
b101010 =
b1101011101 B
b1101011101 A
1#
#2285001
0#
#2290001
1%
b101010 '
b101010 &
1#
#2295001
0#
#2300001
0%
b101011 =
b1110000111 B
b1110000111 A
1#
#2305001
0#
#2310001
1%
b101011 '
b101011 &
1#
#2315001
0#
#2320001
0%
b101100 =
b1110110010 B
b1110110010 A
1#
#2325001
0#
#2330001
1%
b101100 '
b101100 &
1#
#2335001
0#
#2340001
0%
b101101 =
b1111011110 B
b1111011110 A
1#
#2345001
0#
#2350001
1%
b101101 '
b101101 &
1#
#2355001
0#
#2360001
0%
b101110 =
b10000001011 B
b10000001011 A
1#
#2365001
0#
#2370001
1%
b101110 '
b101110 &
1#
#2375001
0#
#2380001
0%
b101111 =
b10000111001 B
b10000111001 A
1#
#2385001
0#
#2390001
1%
b101111 '
b101111 &
1#
#2395001
0#
#2400001
0%
b110000 =
b10001101000 B
b10001101000 A
1#
#2405001
0#
#2410001
1%
b110000 '
b110000 &
1#
#2415001
0#
#2420001
0%
b110001 =
b10010011000 B
b10010011000 A
1#
#2425001
0#
#2430001
1%
b110001 '
b110001 &
1#
#2435001
0#
#2440001
0%
b110010 =
b10011001001 B
b10011001001 A
1#
#2445001
0#
#2450001
1%
b110010 '
b110010 &
1#
#2455001
0#
#2460001
0%
b110011 =
b10011111011 B
b10011111011 A
1#
#2465001
0#
#2470001
1%
b110011 '
b110011 &
1#
#2475001
0#
#2480001
0%
b110100 =
b10100101110 B
b10100101110 A
1#
#2485001
0#
#2490001
1%
b110100 '
b110100 &
1#
#2495001
0#
#2500001
0%
b110101 =
b10101100010 B
b10101100010 A
1#
#2505001
0#
#2510001
1%
b110101 '
b110101 &
1#
#2515001
0#
#2520001
0%
b110110 =
b10110010111 B
b10110010111 A
1#
#2525001
0#
#2530001
1%
b110110 '
b110110 &
1#
#2535001
0#
#2540001
0%
b110111 =
b10111001101 B
b10111001101 A
1#
#2545001
0#
#2550001
1%
b110111 '
b110111 &
1#
#2555001
0#
#2560001
0%
b111000 =
b11000000100 B
b11000000100 A
1#
#2565001
0#
#2570001
1%
b111000 '
b111000 &
1#
#2575001
0#
#2580001
0%
b111001 =
b11000111100 B
b11000111100 A
1#
#2585001
0#
#2590001
1%
b111001 '
b111001 &
1#
#2595001
0#
#2600001
0%
b111010 =
b11001110101 B
b11001110101 A
1#
#2605001
0#
#2610001
1%
b111010 '
b111010 &
1#
#2615001
0#
#2620001
0%
b111011 =
b11010101111 B
b11010101111 A
1#
#2625001
0#
#2630001
1%
b111011 '
b111011 &
1#
#2635001
0#
#2640001
0%
b111100 =
b11011101010 B
b11011101010 A
1#
#2645001
0#
#2650001
1%
b111100 '
b111100 &
1#
#2655001
0#
#2660001
0%
b111101 =
b11100100110 B
b11100100110 A
1#
#2665001
0#
#2670001
1%
b111101 '
b111101 &
1#
#2675001
0#
#2680001
0%
b111110 =
b11101100011 B
b11101100011 A
1#
#2685001
0#
#2690001
1%
b111110 '
b111110 &
1#
#2695001
0#
#2700001
0%
b111111 =
b11110100001 B
b11110100001 A
1#
#2705001
0#
#2710001
1%
b111111 '
b111111 &
1#
#2715001
0#
#2720001
0%
b1000000 =
b11111100000 B
b11111100000 A
1#
#2725001
0#
#2730001
1%
b1000000 '
b1000000 &
1#
#2735001
0#
#2740001
0%
b1000001 =
b100000100000 B
b100000100000 A
1#
#2745001
0#
#2750001
1%
b1000001 '
b1000001 &
1#
#2755001
0#
#2760001
0%
b1000010 =
b100001100001 B
b100001100001 A
1#
#2765001
0#
#2770001
1%
b1000010 '
b1000010 &
1#
#2775001
0#
#2780001
0%
b1000011 =
b100010100011 B
b100010100011 A
1#
#2785001
0#
#2790001
1%
b1000011 '
b1000011 &
1#
#2795001
0#
#2800001
0%
b1000100 =
b100011100110 B
b100011100110 A
1#
#2805001
0#
#2810001
1%
b1000100 '
b1000100 &
1#
#2815001
0#
#2820001
0%
b1000101 =
b100100101010 B
b100100101010 A
1#
#2825001
0#
#2830001
1%
b1000101 '
b1000101 &
1#
#2835001
0#
#2840001
0%
b1000110 =
b100101101111 B
b100101101111 A
1#
#2845001
0#
#2850001
1%
b1000110 '
b1000110 &
1#
#2855001
0#
#2860001
0%
b1000111 =
b100110110101 B
b100110110101 A
1#
#2865001
0#
#2870001
1%
b1000111 '
b1000111 &
1#
#2875001
0#
#2880001
0%
b1001000 =
b100111111100 B
b100111111100 A
1#
#2885001
0#
#2890001
1%
b1001000 '
b1001000 &
1#
#2895001
0#
#2900001
0%
b1001001 =
b101001000100 B
b101001000100 A
1#
#2905001
0#
#2910001
1%
b1001001 '
b1001001 &
1#
#2915001
0#
#2920001
0%
b1001010 =
b101010001101 B
b101010001101 A
1#
#2925001
0#
#2930001
1%
b1001010 '
b1001010 &
1#
#2935001
0#
#2940001
0%
b1001011 =
b101011010111 B
b101011010111 A
1#
#2945001
0#
#2950001
1%
b1001011 '
b1001011 &
1#
#2955001
0#
#2960001
0%
b1001100 =
b101100100010 B
b101100100010 A
1#
#2965001
0#
#2970001
1%
b1001100 '
b1001100 &
1#
#2975001
0#
#2980001
0%
b1001101 =
b101101101110 B
b101101101110 A
1#
#2985001
0#
#2990001
1%
b1001101 '
b1001101 &
1#
#2995001
0#
#3000001
0%
b1001110 =
b101110111011 B
b101110111011 A
1#
#3005001
0#
#3010001
1%
b1001110 '
b1001110 &
1#
#3015001
0#
#3020001
0%
b1001111 =
b110000001001 B
b110000001001 A
1#
#3025001
0#
#3030001
1%
b1001111 '
b1001111 &
1#
#3035001
0#
#3040001
0%
b1010000 =
b110001011000 B
b110001011000 A
1#
#3045001
0#
#3050001
1%
b1010000 '
b1010000 &
1#
#3055001
0#
#3060001
0%
b1010001 =
b110010101000 B
b110010101000 A
1#
#3065001
0#
#3070001
1%
b1010001 '
b1010001 &
1#
#3075001
0#
#3080001
0%
b1010010 =
b110011111001 B
b110011111001 A
1#
#3085001
0#
#3090001
1%
b1010010 '
b1010010 &
1#
#3095001
0#
#3100001
0%
b1010011 =
b110101001011 B
b110101001011 A
1#
#3105001
0#
#3110001
1%
b1010011 '
b1010011 &
1#
#3115001
0#
#3120001
0%
b1010100 =
b110110011110 B
b110110011110 A
1#
#3125001
0#
#3130001
1%
b1010100 '
b1010100 &
1#
#3135001
0#
#3140001
0%
b1010101 =
b110111110010 B
b110111110010 A
1#
#3145001
0#
#3150001
1%
b1010101 '
b1010101 &
1#
#3155001
0#
#3160001
0%
b1010110 =
b111001000111 B
b111001000111 A
1#
#3165001
0#
#3170001
1%
b1010110 '
b1010110 &
1#
#3175001
0#
#3180001
0%
b1010111 =
b111010011101 B
b111010011101 A
1#
#3185001
0#
#3190001
1%
b1010111 '
b1010111 &
1#
#3195001
0#
#3200001
0%
b1011000 =
b111011110100 B
b111011110100 A
1#
#3205001
0#
#3210001
1%
b1011000 '
b1011000 &
1#
#3215001
0#
#3220001
0%
b1011001 =
b111101001100 B
b111101001100 A
1#
#3225001
0#
#3230001
1%
b1011001 '
b1011001 &
1#
#3235001
0#
#3240001
0%
b1011010 =
b111110100101 B
b111110100101 A
1#
#3245001
0#
#3250001
1%
b1011010 '
b1011010 &
1#
#3255001
0#
#3260001
0%
b1011011 =
b111111111111 B
b111111111111 A
1#
#3265001
0#
#3270001
1%
b1011011 '
b1011011 &
1#
#3275001
0#
#3280001
0%
b1011100 =
b1000001011010 B
b1000001011010 A
1#
#3285001
0#
#3290001
1%
b1011100 '
b1011100 &
1#
#3295001
0#
#3300001
0%
b1011101 =
b1000010110110 B
b1000010110110 A
1#
#3305001
0#
#3310001
1%
b1011101 '
b1011101 &
1#
#3315001
0#
#3320001
0%
b1011110 =
b1000100010011 B
b1000100010011 A
1#
#3325001
0#
#3330001
1%
b1011110 '
b1011110 &
1#
#3335001
0#
#3340001
0%
b1011111 =
b1000101110001 B
b1000101110001 A
1#
#3345001
0#
#3350001
1%
b1011111 '
b1011111 &
1#
#3355001
0#
#3360001
0%
b1100000 =
b1000111010000 B
b1000111010000 A
1#
#3365001
0#
#3370001
1%
b1100000 '
b1100000 &
1#
#3375001
0#
#3380001
0%
b1100001 =
b1001000110000 B
b1001000110000 A
1#
#3385001
0#
#3390001
1%
b1100001 '
b1100001 &
1#
#3395001
0#
#3400001
0%
b1100010 =
b1001010010001 B
b1001010010001 A
1#
#3405001
0#
#3410001
1%
b1100010 '
b1100010 &
1#
#3415001
0#
#3420001
0%
b1100011 =
b1001011110011 B
b1001011110011 A
1#
#3425001
0#
#3430001
1%
b1100011 '
b1100011 &
1#
#3435001
0#
#3440001
0%
b1100100 =
b1001101010110 B
b1001101010110 A
1#
#3445001
0#
#3450001
1%
b1100100 '
b1100100 &
1#
#3455001
0#
#3460001
0%
b1100101 =
b1001110111010 B
b1001110111010 A
1#
#3465001
0#
#3470001
1%
b1100101 '
b1100101 &
1#
#3475001
0#
#3480001
0%
b1100110 =
b1010000011111 B
b1010000011111 A
1#
#3485001
0#
#3490001
1%
b1100110 '
b1100110 &
1#
#3495001
0#
#3500001
0%
b1100111 =
b1010010000101 B
b1010010000101 A
1#
#3505001
0#
#3510001
1%
b1100111 '
b1100111 &
1#
#3515001
0#
#3520001
0%
b1101000 =
b1010011101100 B
b1010011101100 A
1#
#3525001
0#
#3530001
1%
b1101000 '
b1101000 &
1#
#3535001
0#
#3540001
0%
b1101001 =
b1010101010100 B
b1010101010100 A
1#
#3545001
0#
#3550001
1%
b1101001 '
b1101001 &
1#
#3555001
0#
#3560001
0%
b1101010 =
b1010110111101 B
b1010110111101 A
1#
#3565001
0#
#3570001
1%
b1101010 '
b1101010 &
1#
#3575001
0#
#3580001
0%
b1101011 =
b1011000100111 B
b1011000100111 A
1#
#3585001
0#
#3590001
1%
b1101011 '
b1101011 &
1#
#3595001
0#
#3600001
0%
b1101100 =
b1011010010010 B
b1011010010010 A
1#
#3605001
0#
#3610001
1%
b1101100 '
b1101100 &
1#
#3615001
0#
#3620001
0%
b1101101 =
b1011011111110 B
b1011011111110 A
1#
#3625001
0#
#3630001
1%
b1101101 '
b1101101 &
1#
#3635001
0#
#3640001
0%
b1101110 =
b1011101101011 B
b1011101101011 A
1#
#3645001
0#
#3650001
1%
b1101110 '
b1101110 &
1#
#3655001
0#
#3660001
0%
b1101111 =
b1011111011001 B
b1011111011001 A
1#
#3665001
0#
#3670001
1%
b1101111 '
b1101111 &
1#
#3675001
0#
#3680001
0%
b1110000 =
b1100001001000 B
b1100001001000 A
1#
#3685001
0#
#3690001
1%
b1110000 '
b1110000 &
1#
#3695001
0#
#3700001
0%
b1110001 =
b1100010111000 B
b1100010111000 A
1#
#3705001
0#
#3710001
1%
b1110001 '
b1110001 &
1#
#3715001
0#
#3720001
0%
b1110010 =
b1100100101001 B
b1100100101001 A
1#
#3725001
0#
#3730001
1%
b1110010 '
b1110010 &
1#
#3735001
0#
#3740001
0%
b1110011 =
b1100110011011 B
b1100110011011 A
1#
#3745001
0#
#3750001
1%
b1110011 '
b1110011 &
1#
#3755001
0#
#3760001
0%
b1110100 =
b1101000001110 B
b1101000001110 A
1#
#3765001
0#
#3770001
1%
b1110100 '
b1110100 &
1#
#3775001
0#
#3780001
0%
b1110101 =
b1101010000010 B
b1101010000010 A
1#
#3785001
0#
#3790001
1%
b1110101 '
b1110101 &
1#
#3795001
0#
#3800001
0%
b1110110 =
b1101011110111 B
b1101011110111 A
1#
#3805001
0#
#3810001
1%
b1110110 '
b1110110 &
1#
#3815001
0#
#3820001
0%
b1110111 =
b1101101101101 B
b1101101101101 A
1#
#3825001
0#
#3830001
1%
b1110111 '
b1110111 &
1#
#3835001
0#
#3840001
0%
b1111000 =
b1101111100100 B
b1101111100100 A
1#
#3845001
0#
#3850001
1%
b1111000 '
b1111000 &
1#
#3855001
0#
#3860001
0%
b1111001 =
b1110001011100 B
b1110001011100 A
1#
#3865001
0#
#3870001
1%
b1111001 '
b1111001 &
1#
#3875001
0#
#3880001
0%
b1111010 =
b1110011010101 B
b1110011010101 A
1#
#3885001
0#
#3890001
1%
b1111010 '
b1111010 &
1#
#3895001
0#
#3900001
0%
b1111011 =
b1110101001111 B
b1110101001111 A
1#
#3905001
0#
#3910001
1%
b1111011 '
b1111011 &
1#
#3915001
0#
#3920001
0%
b1111100 =
b1110111001010 B
b1110111001010 A
1#
#3925001
0#
#3930001
1%
b1111100 '
b1111100 &
1#
#3935001
0#
#3940001
0%
b1111101 =
b1111001000110 B
b1111001000110 A
1#
#3945001
0#
#3950001
1%
b1111101 '
b1111101 &
1#
#3955001
0#
#3960001
0%
b1111110 =
b1111011000011 B
b1111011000011 A
1#
#3965001
0#
#3970001
1%
b1111110 '
b1111110 &
1#
#3975001
0#
#3980001
0%
b1111111 =
b1111101000001 B
b1111101000001 A
1#
#3985001
0#
#3990001
1%
b1111111 '
b1111111 &
1#
#3995001
0#
#4000001
0%
b10000000 =
b1111111000000 B
b1111111000000 A
1#
#4005001
0#
#4010001
1%
b10000000 '
b10000000 &
1#
#4015001
0#
#4020001
0%
b10000001 =
b10000001000000 B
b10000001000000 A
1#
#4025001
0#
#4030001
1%
b10000001 '
b10000001 &
1#
#4035001
0#
#4040001
0%
b10000010 =
b10000011000001 B
b10000011000001 A
1#
#4045001
0#
#4050001
1%
b10000010 '
b10000010 &
1#
#4055001
0#
#4060001
0%
b10000011 =
b10000101000011 B
b10000101000011 A
1#
#4065001
0#
#4070001
1%
b10000011 '
b10000011 &
1#
#4075001
0#
#4080001
0%
b10000100 =
b10000111000110 B
b10000111000110 A
1#
#4085001
0#
#4090001
1%
b10000100 '
b10000100 &
1#
#4095001
0#
#4100001
0%
b10000101 =
b10001001001010 B
b10001001001010 A
1#
#4105001
0#
#4110001
1%
b10000101 '
b10000101 &
1#
#4115001
0#
#4120001
0%
b10000110 =
b10001011001111 B
b10001011001111 A
1#
#4125001
0#
#4130001
1%
b10000110 '
b10000110 &
1#
#4135001
0#
#4140001
0%
b10000111 =
b10001101010101 B
b10001101010101 A
1#
#4145001
0#
#4150001
1%
b10000111 '
b10000111 &
1#
#4155001
0#
#4160001
0%
b10001000 =
b10001111011100 B
b10001111011100 A
1#
#4165001
0#
#4170001
1%
b10001000 '
b10001000 &
1#
#4175001
0#
#4180001
0%
b10001001 =
b10010001100100 B
b10010001100100 A
1#
#4185001
0#
#4190001
1%
b10001001 '
b10001001 &
1#
#4195001
0#
#4200001
0%
b10001010 =
b10010011101101 B
b10010011101101 A
1#
#4205001
0#
#4210001
1%
b10001010 '
b10001010 &
1#
#4215001
0#
#4220001
0%
b10001011 =
b10010101110111 B
b10010101110111 A
1#
#4225001
0#
#4230001
1%
b10001011 '
b10001011 &
1#
#4235001
0#
#4240001
0%
b10001100 =
b10011000000010 B
b10011000000010 A
1#
#4245001
0#
#4250001
1%
b10001100 '
b10001100 &
1#
#4255001
0#
#4260001
0%
b10001101 =
b10011010001110 B
b10011010001110 A
1#
#4265001
0#
#4270001
1%
b10001101 '
b10001101 &
1#
#4275001
0#
#4280001
0%
b10001110 =
b10011100011011 B
b10011100011011 A
1#
#4285001
0#
#4290001
1%
b10001110 '
b10001110 &
1#
#4295001
0#
#4300001
0%
b10001111 =
b10011110101001 B
b10011110101001 A
1#
#4305001
0#
#4310001
1%
b10001111 '
b10001111 &
1#
#4315001
0#
#4320001
0%
b10010000 =
b10100000111000 B
b10100000111000 A
1#
#4325001
0#
#4330001
1%
b10010000 '
b10010000 &
1#
#4335001
0#
#4340001
0%
b10010001 =
b10100011001000 B
b10100011001000 A
1#
#4345001
0#
#4350001
1%
b10010001 '
b10010001 &
1#
#4355001
0#
#4360001
0%
b10010010 =
b10100101011001 B
b10100101011001 A
1#
#4365001
0#
#4370001
1%
b10010010 '
b10010010 &
1#
#4375001
0#
#4380001
0%
b10010011 =
b10100111101011 B
b10100111101011 A
1#
#4385001
0#
#4390001
1%
b10010011 '
b10010011 &
1#
#4395001
0#
#4400001
0%
b10010100 =
b10101001111110 B
b10101001111110 A
1#
#4405001
0#
#4410001
1%
b10010100 '
b10010100 &
1#
#4415001
0#
#4420001
0%
b10010101 =
b10101100010010 B
b10101100010010 A
1#
#4425001
0#
#4430001
1%
b10010101 '
b10010101 &
1#
#4435001
0#
#4440001
0%
b10010110 =
b10101110100111 B
b10101110100111 A
1#
#4445001
0#
#4450001
1%
b10010110 '
b10010110 &
1#
#4455001
0#
#4460001
0%
b10010111 =
b10110000111101 B
b10110000111101 A
1#
#4465001
0#
#4470001
1%
b10010111 '
b10010111 &
1#
#4475001
0#
#4480001
0%
b10011000 =
b10110011010100 B
b10110011010100 A
1#
#4485001
0#
#4490001
1%
b10011000 '
b10011000 &
1#
#4495001
0#
#4500001
0%
b10011001 =
b10110101101100 B
b10110101101100 A
1#
#4505001
0#
#4510001
1%
b10011001 '
b10011001 &
1#
#4515001
0#
#4520001
0%
b10011010 =
b10111000000101 B
b10111000000101 A
1#
#4525001
0#
#4530001
1%
b10011010 '
b10011010 &
1#
#4535001
0#
#4540001
0%
b10011011 =
b10111010011111 B
b10111010011111 A
1#
#4545001
0#
#4550001
1%
b10011011 '
b10011011 &
1#
#4555001
0#
#4560001
0%
b10011100 =
b10111100111010 B
b10111100111010 A
1#
#4565001
0#
#4570001
1%
b10011100 '
b10011100 &
1#
#4575001
0#
#4580001
0%
b10011101 =
b10111111010110 B
b10111111010110 A
1#
#4585001
0#
#4590001
1%
b10011101 '
b10011101 &
1#
#4595001
0#
#4600001
0%
b10011110 =
b11000001110011 B
b11000001110011 A
1#
#4605001
0#
#4610001
1%
b10011110 '
b10011110 &
1#
#4615001
0#
#4620001
0%
b10011111 =
b11000100010001 B
b11000100010001 A
1#
#4625001
0#
#4630001
1%
b10011111 '
b10011111 &
1#
#4635001
0#
#4640001
0%
b10100000 =
b11000110110000 B
b11000110110000 A
1#
#4645001
0#
#4650001
1%
b10100000 '
b10100000 &
1#
#4655001
0#
#4660001
0%
b10100001 =
b11001001010000 B
b11001001010000 A
1#
#4665001
0#
#4670001
1%
b10100001 '
b10100001 &
1#
#4675001
0#
#4680001
0%
b10100010 =
b11001011110001 B
b11001011110001 A
1#
#4685001
0#
#4690001
1%
b10100010 '
b10100010 &
1#
#4695001
0#
#4700001
0%
b10100011 =
b11001110010011 B
b11001110010011 A
1#
#4705001
0#
#4710001
1%
b10100011 '
b10100011 &
1#
#4715001
0#
#4720001
0%
b10100100 =
b11010000110110 B
b11010000110110 A
1#
#4725001
0#
#4730001
1%
b10100100 '
b10100100 &
1#
#4735001
0#
#4740001
0%
b10100101 =
b11010011011010 B
b11010011011010 A
1#
#4745001
0#
#4750001
1%
b10100101 '
b10100101 &
1#
#4755001
0#
#4760001
0%
b10100110 =
b11010101111111 B
b11010101111111 A
1#
#4765001
0#
#4770001
1%
b10100110 '
b10100110 &
1#
#4775001
0#
#4780001
0%
b10100111 =
b11011000100101 B
b11011000100101 A
1#
#4785001
0#
#4790001
1%
b10100111 '
b10100111 &
1#
#4795001
0#
#4800001
0%
b10101000 =
b11011011001100 B
b11011011001100 A
1#
#4805001
0#
#4810001
1%
b10101000 '
b10101000 &
1#
#4815001
0#
#4820001
0%
b10101001 =
b11011101110100 B
b11011101110100 A
1#
#4825001
0#
#4830001
1%
b10101001 '
b10101001 &
1#
#4835001
0#
#4840001
0%
b10101010 =
b11100000011101 B
b11100000011101 A
1#
#4845001
0#
#4850001
1%
b10101010 '
b10101010 &
1#
#4855001
0#
#4860001
0%
b10101011 =
b11100011000111 B
b11100011000111 A
1#
#4865001
0#
#4870001
1%
b10101011 '
b10101011 &
1#
#4875001
0#
#4880001
0%
b10101100 =
b11100101110010 B
b11100101110010 A
1#
#4885001
0#
#4890001
1%
b10101100 '
b10101100 &
1#
#4895001
0#
#4900001
0%
b10101101 =
b11101000011110 B
b11101000011110 A
1#
#4905001
0#
#4910001
1%
b10101101 '
b10101101 &
1#
#4915001
0#
#4920001
0%
b10101110 =
b11101011001011 B
b11101011001011 A
1#
#4925001
0#
#4930001
1%
b10101110 '
b10101110 &
1#
#4935001
0#
#4940001
0%
b10101111 =
b11101101111001 B
b11101101111001 A
1#
#4945001
0#
#4950001
1%
b10101111 '
b10101111 &
1#
#4955001
0#
#4960001
0%
b10110000 =
b11110000101000 B
b11110000101000 A
1#
#4965001
0#
#4970001
1%
b10110000 '
b10110000 &
1#
#4975001
0#
#4980001
0%
b10110001 =
b11110011011000 B
b11110011011000 A
1#
#4985001
0#
#4990001
1%
b10110001 '
b10110001 &
1#
#4995001
0#
#5000001
0%
b10110010 =
b11110110001001 B
b11110110001001 A
1#
#5005001
0#
#5010001
1%
b10110010 '
b10110010 &
1#
#5015001
0#
#5020001
0%
b10110011 =
b11111000111011 B
b11111000111011 A
1#
#5025001
0#
#5030001
1%
b10110011 '
b10110011 &
1#
#5035001
0#
#5040001
0%
b10110100 =
b11111011101110 B
b11111011101110 A
1#
#5045001
0#
#5050001
1%
b10110100 '
b10110100 &
1#
#5055001
0#
#5060001
0%
b10110101 =
b11111110100010 B
b11111110100010 A
1#
#5065001
0#
#5070001
1%
b10110101 '
b10110101 &
1#
#5075001
0#
#5080001
0%
b10110110 =
b100000001010111 B
b100000001010111 A
1#
#5085001
0#
#5090001
1%
b10110110 '
b10110110 &
1#
#5095001
0#
#5100001
0%
b10110111 =
b100000100001101 B
b100000100001101 A
1#
#5105001
0#
#5110001
1%
b10110111 '
b10110111 &
1#
#5115001
0#
#5120001
0%
b10111000 =
b100000111000100 B
b100000111000100 A
1#
#5125001
0#
#5130001
1%
b10111000 '
b10111000 &
1#
#5135001
0#
#5140001
0%
b10111001 =
b100001001111100 B
b100001001111100 A
1#
#5145001
0#
#5150001
1%
b10111001 '
b10111001 &
1#
#5155001
0#
#5160001
0%
b10111010 =
b100001100110101 B
b100001100110101 A
1#
#5165001
0#
#5170001
1%
b10111010 '
b10111010 &
1#
#5175001
0#
#5180001
0%
b10111011 =
b100001111101111 B
b100001111101111 A
1#
#5185001
0#
#5190001
1%
b10111011 '
b10111011 &
1#
#5195001
0#
#5200001
0%
b10111100 =
b100010010101010 B
b100010010101010 A
1#
#5205001
0#
#5210001
1%
b10111100 '
b10111100 &
1#
#5215001
0#
#5220001
0%
b10111101 =
b100010101100110 B
b100010101100110 A
1#
#5225001
0#
#5230001
1%
b10111101 '
b10111101 &
1#
#5235001
0#
#5240001
0%
b10111110 =
b100011000100011 B
b100011000100011 A
1#
#5245001
0#
#5250001
1%
b10111110 '
b10111110 &
1#
#5255001
0#
#5260001
0%
b10111111 =
b100011011100001 B
b100011011100001 A
1#
#5265001
0#
#5270001
1%
b10111111 '
b10111111 &
1#
#5275001
0#
#5280001
0%
b11000000 =
b100011110100000 B
b100011110100000 A
1#
#5285001
0#
#5290001
1%
b11000000 '
b11000000 &
1#
#5295001
0#
#5300001
0%
b11000001 =
b100100001100000 B
b100100001100000 A
1#
#5305001
0#
#5310001
1%
b11000001 '
b11000001 &
1#
#5315001
0#
#5320001
0%
b11000010 =
b100100100100001 B
b100100100100001 A
1#
#5325001
0#
#5330001
1%
b11000010 '
b11000010 &
1#
#5335001
0#
#5340001
0%
b11000011 =
b100100111100011 B
b100100111100011 A
1#
#5345001
0#
#5350001
1%
b11000011 '
b11000011 &
1#
#5355001
0#
#5360001
0%
b11000100 =
b100101010100110 B
b100101010100110 A
1#
#5365001
0#
#5370001
1%
b11000100 '
b11000100 &
1#
#5375001
0#
#5380001
0%
b11000101 =
b100101101101010 B
b100101101101010 A
1#
#5385001
0#
#5390001
1%
b11000101 '
b11000101 &
1#
#5395001
0#
#5400001
0%
b11000110 =
b100110000101111 B
b100110000101111 A
1#
#5405001
0#
#5410001
1%
b11000110 '
b11000110 &
1#
#5415001
0#
#5420001
0%
b11000111 =
b100110011110101 B
b100110011110101 A
1#
#5425001
0#
#5430001
1%
b11000111 '
b11000111 &
1#
#5435001
0#
#5440001
0%
b11001000 =
b100110110111100 B
b100110110111100 A
1#
#5445001
0#
#5450001
1%
b11001000 '
b11001000 &
1#
#5455001
0#
#5460001
0%
b11001001 =
b100111010000100 B
b100111010000100 A
1#
#5465001
0#
#5470001
1%
b11001001 '
b11001001 &
1#
#5475001
0#
#5480001
0%
b11001010 =
b100111101001101 B
b100111101001101 A
1#
#5485001
0#
#5490001
1%
b11001010 '
b11001010 &
1#
#5495001
0#
#5500001
0%
b11001011 =
b101000000010111 B
b101000000010111 A
1#
#5505001
0#
#5510001
1%
b11001011 '
b11001011 &
1#
#5515001
0#
#5520001
0%
b11001100 =
b101000011100010 B
b101000011100010 A
1#
#5525001
0#
#5530001
1%
b11001100 '
b11001100 &
1#
#5535001
0#
#5540001
0%
b11001101 =
b101000110101110 B
b101000110101110 A
1#
#5545001
0#
#5550001
1%
b11001101 '
b11001101 &
1#
#5555001
0#
#5560001
0%
b11001110 =
b101001001111011 B
b101001001111011 A
1#
#5565001
0#
#5570001
1%
b11001110 '
b11001110 &
1#
#5575001
0#
#5580001
0%
b11001111 =
b101001101001001 B
b101001101001001 A
1#
#5585001
0#
#5590001
1%
b11001111 '
b11001111 &
1#
#5595001
0#
#5600001
0%
b11010000 =
b101010000011000 B
b101010000011000 A
1#
#5605001
0#
#5610001
1%
b11010000 '
b11010000 &
1#
#5615001
0#
#5620001
0%
b11010001 =
b101010011101000 B
b101010011101000 A
1#
#5625001
0#
#5630001
1%
b11010001 '
b11010001 &
1#
#5635001
0#
#5640001
0%
b11010010 =
b101010110111001 B
b101010110111001 A
1#
#5645001
0#
#5650001
1%
b11010010 '
b11010010 &
1#
#5655001
0#
#5660001
0%
b11010011 =
b101011010001011 B
b101011010001011 A
1#
#5665001
0#
#5670001
1%
b11010011 '
b11010011 &
1#
#5675001
0#
#5680001
0%
b11010100 =
b101011101011110 B
b101011101011110 A
1#
#5685001
0#
#5690001
1%
b11010100 '
b11010100 &
1#
#5695001
0#
#5700001
0%
b11010101 =
b101100000110010 B
b101100000110010 A
1#
#5705001
0#
#5710001
1%
b11010101 '
b11010101 &
1#
#5715001
0#
#5720001
0%
b11010110 =
b101100100000111 B
b101100100000111 A
1#
#5725001
0#
#5730001
1%
b11010110 '
b11010110 &
1#
#5735001
0#
#5740001
0%
b11010111 =
b101100111011101 B
b101100111011101 A
1#
#5745001
0#
#5750001
1%
b11010111 '
b11010111 &
1#
#5755001
0#
#5760001
0%
b11011000 =
b101101010110100 B
b101101010110100 A
1#
#5765001
0#
#5770001
1%
b11011000 '
b11011000 &
1#
#5775001
0#
#5780001
0%
b11011001 =
b101101110001100 B
b101101110001100 A
1#
#5785001
0#
#5790001
1%
b11011001 '
b11011001 &
1#
#5795001
0#
#5800001
0%
b11011010 =
b101110001100101 B
b101110001100101 A
1#
#5805001
0#
#5810001
1%
b11011010 '
b11011010 &
1#
#5815001
0#
#5820001
0%
b11011011 =
b101110100111111 B
b101110100111111 A
1#
#5825001
0#
#5830001
1%
b11011011 '
b11011011 &
1#
#5835001
0#
#5840001
0%
b11011100 =
b101111000011010 B
b101111000011010 A
1#
#5845001
0#
#5850001
1%
b11011100 '
b11011100 &
1#
#5855001
0#
#5860001
0%
b11011101 =
b101111011110110 B
b101111011110110 A
1#
#5865001
0#
#5870001
1%
b11011101 '
b11011101 &
1#
#5875001
0#
#5880001
0%
b11011110 =
b101111111010011 B
b101111111010011 A
1#
#5885001
0#
#5890001
1%
b11011110 '
b11011110 &
1#
#5895001
0#
#5900001
0%
b11011111 =
b110000010110001 B
b110000010110001 A
1#
#5905001
0#
#5910001
1%
b11011111 '
b11011111 &
1#
#5915001
0#
#5920001
0%
b11100000 =
b110000110010000 B
b110000110010000 A
1#
#5925001
0#
#5930001
1%
b11100000 '
b11100000 &
1#
#5935001
0#
#5940001
0%
b11100001 =
b110001001110000 B
b110001001110000 A
1#
#5945001
0#
#5950001
1%
b11100001 '
b11100001 &
1#
#5955001
0#
#5960001
0%
b11100010 =
b110001101010001 B
b110001101010001 A
1#
#5965001
0#
#5970001
1%
b11100010 '
b11100010 &
1#
#5975001
0#
#5980001
0%
b11100011 =
b110010000110011 B
b110010000110011 A
1#
#5985001
0#
#5990001
1%
b11100011 '
b11100011 &
1#
#5995001
0#
#6000001
0%
b11100100 =
b110010100010110 B
b110010100010110 A
1#
#6005001
0#
#6010001
1%
b11100100 '
b11100100 &
1#
#6015001
0#
#6020001
0%
b11100101 =
b110010111111010 B
b110010111111010 A
1#
#6025001
0#
#6030001
1%
b11100101 '
b11100101 &
1#
#6035001
0#
#6040001
0%
b11100110 =
b110011011011111 B
b110011011011111 A
1#
#6045001
0#
#6050001
1%
b11100110 '
b11100110 &
1#
#6055001
0#
#6060001
0%
b11100111 =
b110011111000101 B
b110011111000101 A
1#
#6065001
0#
#6070001
1%
b11100111 '
b11100111 &
1#
#6075001
0#
#6080001
0%
b11101000 =
b110100010101100 B
b110100010101100 A
1#
#6085001
0#
#6090001
1%
b11101000 '
b11101000 &
1#
#6095001
0#
#6100001
0%
b11101001 =
b110100110010100 B
b110100110010100 A
1#
#6105001
0#
#6110001
1%
b11101001 '
b11101001 &
1#
#6115001
0#
#6120001
0%
b11101010 =
b110101001111101 B
b110101001111101 A
1#
#6125001
0#
#6130001
1%
b11101010 '
b11101010 &
1#
#6135001
0#
#6140001
0%
b11101011 =
b110101101100111 B
b110101101100111 A
1#
#6145001
0#
#6150001
1%
b11101011 '
b11101011 &
1#
#6155001
0#
#6160001
0%
b11101100 =
b110110001010010 B
b110110001010010 A
1#
#6165001
0#
#6170001
1%
b11101100 '
b11101100 &
1#
#6175001
0#
#6180001
0%
b11101101 =
b110110100111110 B
b110110100111110 A
1#
#6185001
0#
#6190001
1%
b11101101 '
b11101101 &
1#
#6195001
0#
#6200001
0%
b11101110 =
b110111000101011 B
b110111000101011 A
1#
#6205001
0#
#6210001
1%
b11101110 '
b11101110 &
1#
#6215001
0#
#6220001
0%
b11101111 =
b110111100011001 B
b110111100011001 A
1#
#6225001
0#
#6230001
1%
b11101111 '
b11101111 &
1#
#6235001
0#
#6240001
0%
b11110000 =
b111000000001000 B
b111000000001000 A
1#
#6245001
0#
#6250001
1%
b11110000 '
b11110000 &
1#
#6255001
0#
#6260001
0%
b11110001 =
b111000011111000 B
b111000011111000 A
1#
#6265001
0#
#6270001
1%
b11110001 '
b11110001 &
1#
#6275001
0#
#6280001
0%
b11110010 =
b111000111101001 B
b111000111101001 A
1#
#6285001
0#
#6290001
1%
b11110010 '
b11110010 &
1#
#6295001
0#
#6300001
0%
b11110011 =
b111001011011011 B
b111001011011011 A
1#
#6305001
0#
#6310001
1%
b11110011 '
b11110011 &
1#
#6315001
0#
#6320001
0%
b11110100 =
b111001111001110 B
b111001111001110 A
1#
#6325001
0#
#6330001
1%
b11110100 '
b11110100 &
1#
#6335001
0#
#6340001
0%
b11110101 =
b111010011000010 B
b111010011000010 A
1#
#6345001
0#
#6350001
1%
b11110101 '
b11110101 &
1#
#6355001
0#
#6360001
0%
b11110110 =
b111010110110111 B
b111010110110111 A
1#
#6365001
0#
#6370001
1%
b11110110 '
b11110110 &
1#
#6375001
0#
#6380001
0%
b11110111 =
b111011010101101 B
b111011010101101 A
1#
#6385001
0#
#6390001
1%
b11110111 '
b11110111 &
1#
#6395001
0#
#6400001
0%
b11111000 =
b111011110100100 B
b111011110100100 A
1#
#6405001
0#
#6410001
1%
b11111000 '
b11111000 &
1#
#6415001
0#
#6420001
0%
b11111001 =
b111100010011100 B
b111100010011100 A
1#
#6425001
0#
#6430001
1%
b11111001 '
b11111001 &
1#
#6435001
0#
#6440001
0%
b11111010 =
b111100110010101 B
b111100110010101 A
1#
#6445001
0#
#6450001
1%
b11111010 '
b11111010 &
1#
#6455001
0#
#6460001
0%
b11111011 =
b111101010001111 B
b111101010001111 A
1#
#6465001
0#
#6470001
1%
b11111011 '
b11111011 &
1#
#6475001
0#
#6480001
0%
b11111100 =
b111101110001010 B
b111101110001010 A
1#
#6485001
0#
#6490001
1%
b11111100 '
b11111100 &
1#
#6495001
0#
#6500001
0%
b11111101 =
b111110010000110 B
b111110010000110 A
1#
#6505001
0#
#6510001
1%
b11111101 '
b11111101 &
1#
#6515001
0#
#6520001
0%
b11111110 =
b111110110000011 B
b111110110000011 A
1#
#6525001
0#
#6530001
1%
b11111110 '
b11111110 &
1#
#6535001
0#
#6540001
0%
b11111111 =
b111111010000001 B
b111111010000001 A
1#
#6545001
0#
#6550001
1%
b11111111 '
b11111111 &
1#
#6555001
0#
#6560001
0%
b100000000 =
b111111110000000 B
b111111110000000 A
1#
#6565001
0#
#6570001
1%
b100000000 '
b100000000 &
1#
#6575001
0#
#6580001
0%
b100000001 =
b1000000010000000 B
b1000000010000000 A
1#
#6585001
0#
#6590001
1%
b100000001 '
b100000001 &
1#
#6595001
0#
#6600001
0%
b100000010 =
b1000000110000001 B
b1000000110000001 A
1#
#6605001
0#
#6610001
1%
b100000010 '
b100000010 &
1#
#6615001
0#
#6620001
0%
b100000011 =
b1000001010000011 B
b1000001010000011 A
1#
#6625001
0#
#6630001
1%
b100000011 '
b100000011 &
1#
#6635001
0#
#6640001
0%
b100000100 =
b1000001110000110 B
b1000001110000110 A
1#
#6645001
0#
#6650001
1%
b100000100 '
b100000100 &
1#
#6655001
0#
#6660001
0%
b100000101 =
b1000010010001010 B
b1000010010001010 A
1#
#6665001
0#
#6670001
1%
b100000101 '
b100000101 &
1#
#6675001
0#
#6680001
0%
b100000110 =
b1000010110001111 B
b1000010110001111 A
1#
#6685001
0#
#6690001
1%
b100000110 '
b100000110 &
1#
#6695001
0#
#6700001
0%
b100000111 =
b1000011010010101 B
b1000011010010101 A
1#
#6705001
0#
#6710001
1%
b100000111 '
b100000111 &
1#
#6715001
0#
#6720001
0%
b100001000 =
b1000011110011100 B
b1000011110011100 A
1#
#6725001
0#
#6730001
1%
b100001000 '
b100001000 &
1#
#6735001
0#
#6740001
0%
b100001001 =
b1000100010100100 B
b1000100010100100 A
1#
#6745001
0#
#6750001
1%
b100001001 '
b100001001 &
1#
#6755001
0#
#6760001
0%
b100001010 =
b1000100110101101 B
b1000100110101101 A
1#
#6765001
0#
#6770001
1%
b100001010 '
b100001010 &
1#
#6775001
0#
#6780001
0%
b100001011 =
b1000101010110111 B
b1000101010110111 A
1#
#6785001
0#
#6790001
1%
b100001011 '
b100001011 &
1#
#6795001
0#
#6800001
0%
b100001100 =
b1000101111000010 B
b1000101111000010 A
1#
#6805001
0#
#6810001
1%
b100001100 '
b100001100 &
1#
#6815001
0#
#6820001
0%
b100001101 =
b1000110011001110 B
b1000110011001110 A
1#
#6825001
0#
#6830001
1%
b100001101 '
b100001101 &
1#
#6835001
0#
#6840001
0%
b100001110 =
b1000110111011011 B
b1000110111011011 A
1#
#6845001
0#
#6850001
1%
b100001110 '
b100001110 &
1#
#6855001
0#
#6860001
0%
b100001111 =
b1000111011101001 B
b1000111011101001 A
1#
#6865001
0#
#6870001
1%
b100001111 '
b100001111 &
1#
#6875001
0#
#6880001
0%
b100010000 =
b1000111111111000 B
b1000111111111000 A
1#
#6885001
0#
#6890001
1%
b100010000 '
b100010000 &
1#
#6895001
0#
#6900001
0%
b100010001 =
b1001000100001000 B
b1001000100001000 A
1#
#6905001
0#
#6910001
1%
b100010001 '
b100010001 &
1#
#6915001
0#
#6920001
0%
b100010010 =
b1001001000011001 B
b1001001000011001 A
1#
#6925001
0#
#6930001
1%
b100010010 '
b100010010 &
1#
#6935001
0#
#6940001
0%
b100010011 =
b1001001100101011 B
b1001001100101011 A
1#
#6945001
0#
#6950001
1%
b100010011 '
b100010011 &
1#
#6955001
0#
#6960001
0%
b100010100 =
b1001010000111110 B
b1001010000111110 A
1#
#6965001
0#
#6970001
1%
b100010100 '
b100010100 &
1#
#6975001
0#
#6980001
0%
b100010101 =
b1001010101010010 B
b1001010101010010 A
1#
#6985001
0#
#6990001
1%
b100010101 '
b100010101 &
1#
#6995001
0#
#7000001
0%
b100010110 =
b1001011001100111 B
b1001011001100111 A
1#
#7005001
0#
#7010001
1%
b100010110 '
b100010110 &
1#
#7015001
0#
#7020001
0%
b100010111 =
b1001011101111101 B
b1001011101111101 A
1#
#7025001
0#
#7030001
1%
b100010111 '
b100010111 &
1#
#7035001
0#
#7040001
0%
b100011000 =
b1001100010010100 B
b1001100010010100 A
1#
#7045001
0#
#7050001
1%
b100011000 '
b100011000 &
1#
#7055001
0#
#7060001
0%
b100011001 =
b1001100110101100 B
b1001100110101100 A
1#
#7065001
0#
#7070001
1%
b100011001 '
b100011001 &
1#
#7075001
0#
#7080001
0%
b100011010 =
b1001101011000101 B
b1001101011000101 A
1#
#7085001
0#
#7090001
1%
b100011010 '
b100011010 &
1#
#7095001
0#
#7100001
0%
b100011011 =
b1001101111011111 B
b1001101111011111 A
1#
#7105001
0#
#7110001
1%
b100011011 '
b100011011 &
1#
#7115001
0#
#7120001
0%
b100011100 =
b1001110011111010 B
b1001110011111010 A
1#
#7125001
0#
#7130001
1%
b100011100 '
b100011100 &
1#
#7135001
0#
#7140001
0%
b100011101 =
b1001111000010110 B
b1001111000010110 A
1#
#7145001
0#
#7150001
1%
b100011101 '
b100011101 &
1#
#7155001
0#
#7160001
0%
b100011110 =
b1001111100110011 B
b1001111100110011 A
1#
#7165001
0#
#7170001
1%
b100011110 '
b100011110 &
1#
#7175001
0#
#7180001
0%
b100011111 =
b1010000001010001 B
b1010000001010001 A
1#
#7185001
0#
#7190001
1%
b100011111 '
b100011111 &
1#
#7195001
0#
#7200001
0%
b100100000 =
b1010000101110000 B
b1010000101110000 A
1#
#7205001
0#
#7210001
1%
b100100000 '
b100100000 &
1#
#7215001
0#
#7220001
0%
b100100001 =
b1010001010010000 B
b1010001010010000 A
1#
#7225001
0#
#7230001
1%
b100100001 '
b100100001 &
1#
#7235001
0#
#7240001
0%
b100100010 =
b1010001110110001 B
b1010001110110001 A
1#
#7245001
0#
#7250001
1%
b100100010 '
b100100010 &
1#
#7255001
0#
#7260001
0%
b100100011 =
b1010010011010011 B
b1010010011010011 A
1#
#7265001
0#
#7270001
1%
b100100011 '
b100100011 &
1#
#7275001
0#
#7280001
0%
b100100100 =
b1010010111110110 B
b1010010111110110 A
1#
#7285001
0#
#7290001
1%
b100100100 '
b100100100 &
1#
#7295001
0#
#7300001
0%
b100100101 =
b1010011100011010 B
b1010011100011010 A
1#
#7305001
0#
#7310001
1%
b100100101 '
b100100101 &
1#
#7315001
0#
#7320001
0%
b100100110 =
b1010100000111111 B
b1010100000111111 A
1#
#7325001
0#
#7330001
1%
b100100110 '
b100100110 &
1#
#7335001
0#
#7340001
0%
b100100111 =
b1010100101100101 B
b1010100101100101 A
1#
#7345001
0#
#7350001
1%
b100100111 '
b100100111 &
1#
#7355001
0#
#7360001
0%
b100101000 =
b1010101010001100 B
b1010101010001100 A
1#
#7365001
0#
#7370001
1%
b100101000 '
b100101000 &
1#
#7375001
0#
#7380001
0%
b100101001 =
b1010101110110100 B
b1010101110110100 A
1#
#7385001
0#
#7390001
1%
b100101001 '
b100101001 &
1#
#7395001
0#
#7400001
0%
b100101010 =
b1010110011011101 B
b1010110011011101 A
1#
#7405001
0#
#7410001
1%
b100101010 '
b100101010 &
1#
#7415001
0#
#7420001
0%
b100101011 =
b1010111000000111 B
b1010111000000111 A
1#
#7425001
0#
#7430001
1%
b100101011 '
b100101011 &
1#
#7435001
0#
#7440001
0%
b100101100 =
b1010111100110010 B
b1010111100110010 A
1#
#7445001
0#
#7450001
1%
b100101100 '
b100101100 &
1#
#7455001
0#
#7460001
0%
b100101101 =
b1011000001011110 B
b1011000001011110 A
1#
#7465001
0#
#7470001
1%
b100101101 '
b100101101 &
1#
#7475001
0#
#7480001
0%
b100101110 =
b1011000110001011 B
b1011000110001011 A
1#
#7485001
0#
#7490001
1%
b100101110 '
b100101110 &
1#
#7495001
0#
#7500001
0%
b100101111 =
b1011001010111001 B
b1011001010111001 A
1#
#7505001
0#
#7510001
1%
b100101111 '
b100101111 &
1#
#7515001
0#
#7520001
0%
b100110000 =
b1011001111101000 B
b1011001111101000 A
1#
#7525001
0#
#7530001
1%
b100110000 '
b100110000 &
1#
#7535001
0#
#7540001
0%
b100110001 =
b1011010100011000 B
b1011010100011000 A
1#
#7545001
0#
#7550001
1%
b100110001 '
b100110001 &
1#
#7555001
0#
#7560001
0%
b100110010 =
b1011011001001001 B
b1011011001001001 A
1#
#7565001
0#
#7570001
1%
b100110010 '
b100110010 &
1#
#7575001
0#
#7580001
0%
b100110011 =
b1011011101111011 B
b1011011101111011 A
1#
#7585001
0#
#7590001
1%
b100110011 '
b100110011 &
1#
#7595001
0#
#7600001
0%
b100110100 =
b1011100010101110 B
b1011100010101110 A
1#
#7605001
0#
#7610001
1%
b100110100 '
b100110100 &
1#
#7615001
0#
#7620001
0%
b100110101 =
b1011100111100010 B
b1011100111100010 A
1#
#7625001
0#
#7630001
1%
b100110101 '
b100110101 &
1#
#7635001
0#
#7640001
0%
b100110110 =
b1011101100010111 B
b1011101100010111 A
1#
#7645001
0#
#7650001
1%
b100110110 '
b100110110 &
1#
#7655001
0#
#7660001
0%
b100110111 =
b1011110001001101 B
b1011110001001101 A
1#
#7665001
0#
#7670001
1%
b100110111 '
b100110111 &
1#
#7675001
0#
#7680001
0%
b100111000 =
b1011110110000100 B
b1011110110000100 A
1#
#7685001
0#
#7690001
1%
b100111000 '
b100111000 &
1#
#7695001
0#
#7700001
0%
b100111001 =
b1011111010111100 B
b1011111010111100 A
1#
#7705001
0#
#7710001
1%
b100111001 '
b100111001 &
1#
#7715001
0#
#7720001
0%
b100111010 =
b1011111111110101 B
b1011111111110101 A
1#
#7725001
0#
#7730001
1%
b100111010 '
b100111010 &
1#
#7735001
0#
#7740001
0%
b100111011 =
b1100000100101111 B
b1100000100101111 A
1#
#7745001
0#
#7750001
1%
b100111011 '
b100111011 &
1#
#7755001
0#
#7760001
0%
b100111100 =
b1100001001101010 B
b1100001001101010 A
1#
#7765001
0#
#7770001
1%
b100111100 '
b100111100 &
1#
#7775001
0#
#7780001
0%
b100111101 =
b1100001110100110 B
b1100001110100110 A
1#
#7785001
0#
#7790001
1%
b100111101 '
b100111101 &
1#
#7795001
0#
#7800001
0%
b100111110 =
b1100010011100011 B
b1100010011100011 A
1#
#7805001
0#
#7810001
1%
b100111110 '
b100111110 &
1#
#7815001
0#
#7820001
0%
b100111111 =
b1100011000100001 B
b1100011000100001 A
1#
#7825001
0#
#7830001
1%
b100111111 '
b100111111 &
1#
#7835001
0#
#7840001
0%
b101000000 =
b1100011101100000 B
b1100011101100000 A
1#
#7845001
0#
#7850001
1%
b101000000 '
b101000000 &
1#
#7855001
0#
#7860001
0%
b101000001 =
b1100100010100000 B
b1100100010100000 A
1#
#7865001
0#
#7870001
1%
b101000001 '
b101000001 &
1#
#7875001
0#
#7880001
0%
b101000010 =
b1100100111100001 B
b1100100111100001 A
1#
#7885001
0#
#7890001
1%
b101000010 '
b101000010 &
1#
#7895001
0#
#7900001
0%
b101000011 =
b1100101100100011 B
b1100101100100011 A
1#
#7905001
0#
#7910001
1%
b101000011 '
b101000011 &
1#
#7915001
0#
#7920001
0%
b101000100 =
b1100110001100110 B
b1100110001100110 A
1#
#7925001
0#
#7930001
1%
b101000100 '
b101000100 &
1#
#7935001
0#
#7940001
0%
b101000101 =
b1100110110101010 B
b1100110110101010 A
1#
#7945001
0#
#7950001
1%
b101000101 '
b101000101 &
1#
#7955001
0#
#7960001
0%
b101000110 =
b1100111011101111 B
b1100111011101111 A
1#
#7965001
0#
#7970001
1%
b101000110 '
b101000110 &
1#
#7975001
0#
#7980001
0%
b101000111 =
b1101000000110101 B
b1101000000110101 A
1#
#7985001
0#
#7990001
1%
b101000111 '
b101000111 &
1#
#7995001
0#
#8000001
0%
b101001000 =
b1101000101111100 B
b1101000101111100 A
1#
#8005001
0#
#8010001
1%
b101001000 '
b101001000 &
1#
#8015001
0#
#8020001
0%
b101001001 =
b1101001011000100 B
b1101001011000100 A
1#
#8025001
0#
#8030001
1%
b101001001 '
b101001001 &
1#
#8035001
0#
#8040001
0%
b101001010 =
b1101010000001101 B
b1101010000001101 A
1#
#8045001
0#
#8050001
1%
b101001010 '
b101001010 &
1#
#8055001
0#
#8060001
0%
b101001011 =
b1101010101010111 B
b1101010101010111 A
1#
#8065001
0#
#8070001
1%
b101001011 '
b101001011 &
1#
#8075001
0#
#8080001
0%
b101001100 =
b1101011010100010 B
b1101011010100010 A
1#
#8085001
0#
#8090001
1%
b101001100 '
b101001100 &
1#
#8095001
0#
#8100001
0%
b101001101 =
b1101011111101110 B
b1101011111101110 A
1#
#8105001
0#
#8110001
1%
b101001101 '
b101001101 &
1#
#8115001
0#
#8120001
0%
b101001110 =
b1101100100111011 B
b1101100100111011 A
1#
#8125001
0#
#8130001
1%
b101001110 '
b101001110 &
1#
#8135001
0#
#8140001
0%
b101001111 =
b1101101010001001 B
b1101101010001001 A
1#
#8145001
0#
#8150001
1%
b101001111 '
b101001111 &
1#
#8155001
0#
#8160001
0%
b101010000 =
b1101101111011000 B
b1101101111011000 A
1#
#8165001
0#
#8170001
1%
b101010000 '
b101010000 &
1#
#8175001
0#
#8180001
0%
b101010001 =
b1101110100101000 B
b1101110100101000 A
1#
#8185001
0#
#8190001
1%
b101010001 '
b101010001 &
1#
#8195001
0#
#8200001
0%
b101010010 =
b1101111001111001 B
b1101111001111001 A
1#
#8205001
0#
#8210001
1%
b101010010 '
b101010010 &
1#
#8215001
0#
#8220001
0%
b101010011 =
b1101111111001011 B
b1101111111001011 A
1#
#8225001
0#
#8230001
1%
b101010011 '
b101010011 &
1#
#8235001
0#
#8240001
0%
b101010100 =
b1110000100011110 B
b1110000100011110 A
1#
#8245001
0#
#8250001
1%
b101010100 '
b101010100 &
1#
#8255001
0#
#8260001
0%
b101010101 =
b1110001001110010 B
b1110001001110010 A
1#
#8265001
0#
#8270001
1%
b101010101 '
b101010101 &
1#
#8275001
0#
#8280001
0%
b101010110 =
b1110001111000111 B
b1110001111000111 A
1#
#8285001
0#
#8290001
1%
b101010110 '
b101010110 &
1#
#8295001
0#
#8300001
0%
b101010111 =
b1110010100011101 B
b1110010100011101 A
1#
#8305001
0#
#8310001
1%
b101010111 '
b101010111 &
1#
#8315001
0#
#8320001
0%
b101011000 =
b1110011001110100 B
b1110011001110100 A
1#
#8325001
0#
#8330001
1%
b101011000 '
b101011000 &
1#
#8335001
0#
#8340001
0%
b101011001 =
b1110011111001100 B
b1110011111001100 A
1#
#8345001
0#
#8350001
1%
b101011001 '
b101011001 &
1#
#8355001
0#
#8360001
0%
b101011010 =
b1110100100100101 B
b1110100100100101 A
1#
#8365001
0#
#8370001
1%
b101011010 '
b101011010 &
1#
#8375001
0#
#8380001
0%
b101011011 =
b1110101001111111 B
b1110101001111111 A
1#
#8385001
0#
#8390001
1%
b101011011 '
b101011011 &
1#
#8395001
0#
#8400001
0%
b101011100 =
b1110101111011010 B
b1110101111011010 A
1#
#8405001
0#
#8410001
1%
b101011100 '
b101011100 &
1#
#8415001
0#
#8420001
0%
b101011101 =
b1110110100110110 B
b1110110100110110 A
1#
#8425001
0#
#8430001
1%
b101011101 '
b101011101 &
1#
#8435001
0#
#8440001
0%
b101011110 =
b1110111010010011 B
b1110111010010011 A
1#
#8445001
0#
#8450001
1%
b101011110 '
b101011110 &
1#
#8455001
0#
#8460001
0%
b101011111 =
b1110111111110001 B
b1110111111110001 A
1#
#8465001
0#
#8470001
1%
b101011111 '
b101011111 &
1#
#8475001
0#
#8480001
0%
b101100000 =
b1111000101010000 B
b1111000101010000 A
1#
#8485001
0#
#8490001
1%
b101100000 '
b101100000 &
1#
#8495001
0#
#8500001
0%
b101100001 =
b1111001010110000 B
b1111001010110000 A
1#
#8505001
0#
#8510001
1%
b101100001 '
b101100001 &
1#
#8515001
0#
#8520001
0%
b101100010 =
b1111010000010001 B
b1111010000010001 A
1#
#8525001
0#
#8530001
1%
b101100010 '
b101100010 &
1#
#8535001
0#
#8540001
0%
b101100011 =
b1111010101110011 B
b1111010101110011 A
1#
#8545001
0#
#8550001
1%
b101100011 '
b101100011 &
1#
#8555001
0#
#8560001
0%
b101100100 =
b1111011011010110 B
b1111011011010110 A
1#
#8565001
0#
#8570001
1%
b101100100 '
b101100100 &
1#
#8575001
0#
#8580001
0%
b101100101 =
b1111100000111010 B
b1111100000111010 A
1#
#8585001
0#
#8590001
1%
b101100101 '
b101100101 &
1#
#8595001
0#
#8600001
0%
b101100110 =
b1111100110011111 B
b1111100110011111 A
1#
#8605001
0#
#8610001
1%
b101100110 '
b101100110 &
1#
#8615001
0#
#8620001
0%
b101100111 =
b1111101100000101 B
b1111101100000101 A
1#
#8625001
0#
#8630001
1"
1!
1#
#8635001
0#
#8640001
0!
0"
1$
13
b0 =
b0 B
b0 A
1@
19
b101100111 :
b101100111 D
b101100111 M
b1111101100000101 <
b1111101100000101 L
b1111101100000101 ;
b1111101100000101 C
1#
#8645001
0#
#8650001
0$
0@
03
11
b101100111 P
b1111101100000101 O
b1 T
12
b101100111 G
b1111101100000101 F
b1 K
1#
#8655001
0#
#8660001
b1111100110011110 F
b1 I
b1111100110011110 O
b1 R
1#
#8665001
0#
#8670001
b1111100000110111 O
b10 R
b1111100000110111 F
b10 I
1#
#8675001
0#
#8680001
b1111011011010000 F
b11 I
b1111011011010000 O
b11 R
1#
#8685001
0#
#8690001
b1111010101101001 O
b100 R
b1111010101101001 F
b100 I
1#
#8695001
0#
#8700001
b1111010000000010 F
b101 I
b1111010000000010 O
b101 R
1#
#8705001
0#
#8710001
b1111001010011011 O
b110 R
b1111001010011011 F
b110 I
1#
#8715001
0#
#8720001
b1111000100110100 F
b111 I
b1111000100110100 O
b111 R
1#
#8725001
0#
#8730001
b1110111111001101 O
b1000 R
b1110111111001101 F
b1000 I
1#
#8735001
0#
#8740001
b1110111001100110 F
b1001 I
b1110111001100110 O
b1001 R
1#
#8745001
0#
#8750001
b1110110011111111 O
b1010 R
b1110110011111111 F
b1010 I
1#
#8755001
0#
#8760001
b1110101110011000 F
b1011 I
b1110101110011000 O
b1011 R
1#
#8765001
0#
#8770001
b1110101000110001 O
b1100 R
b1110101000110001 F
b1100 I
1#
#8775001
0#
#8780001
b1110100011001010 F
b1101 I
b1110100011001010 O
b1101 R
1#
#8785001
0#
#8790001
b1110011101100011 O
b1110 R
b1110011101100011 F
b1110 I
1#
#8795001
0#
#8800001
b1110010111111100 F
b1111 I
b1110010111111100 O
b1111 R
1#
#8805001
0#
#8810001
b1110010010010101 O
b10000 R
b1110010010010101 F
b10000 I
1#
#8815001
0#
#8820001
b1110001100101110 F
b10001 I
b1110001100101110 O
b10001 R
1#
#8825001
0#
#8830001
b1110000111000111 O
b10010 R
b1110000111000111 F
b10010 I
1#
#8835001
0#
#8840001
b1110000001100000 F
b10011 I
b1110000001100000 O
b10011 R
1#
#8845001
0#
#8850001
b1101111011111001 O
b10100 R
b1101111011111001 F
b10100 I
1#
#8855001
0#
#8860001
b1101110110010010 F
b10101 I
b1101110110010010 O
b10101 R
1#
#8865001
0#
#8870001
b1101110000101011 O
b10110 R
b1101110000101011 F
b10110 I
1#
#8875001
0#
#8880001
b1101101011000100 F
b10111 I
b1101101011000100 O
b10111 R
1#
#8885001
0#
#8890001
b1101100101011101 O
b11000 R
b1101100101011101 F
b11000 I
1#
#8895001
0#
#8900001
b1101011111110110 F
b11001 I
b1101011111110110 O
b11001 R
1#
#8905001
0#
#8910001
b1101011010001111 O
b11010 R
b1101011010001111 F
b11010 I
1#
#8915001
0#
#8920001
b1101010100101000 F
b11011 I
b1101010100101000 O
b11011 R
1#
#8925001
0#
#8930001
b1101001111000001 O
b11100 R
b1101001111000001 F
b11100 I
1#
#8935001
0#
#8940001
b1101001001011010 F
b11101 I
b1101001001011010 O
b11101 R
1#
#8945001
0#
#8950001
b1101000011110011 O
b11110 R
b1101000011110011 F
b11110 I
1#
#8955001
0#
#8960001
b1100111110001100 F
b11111 I
b1100111110001100 O
b11111 R
1#
#8965001
0#
#8970001
b1100111000100101 O
b100000 R
b1100111000100101 F
b100000 I
1#
#8975001
0#
#8980001
b1100110010111110 F
b100001 I
b1100110010111110 O
b100001 R
1#
#8985001
0#
#8990001
b1100101101010111 O
b100010 R
b1100101101010111 F
b100010 I
1#
#8995001
0#
#9000001
b1100100111110000 F
b100011 I
b1100100111110000 O
b100011 R
1#
#9005001
0#
#9010001
b1100100010001001 O
b100100 R
b1100100010001001 F
b100100 I
1#
#9015001
0#
#9020001
b1100011100100010 F
b100101 I
b1100011100100010 O
b100101 R
1#
#9025001
0#
#9030001
b1100010110111011 O
b100110 R
b1100010110111011 F
b100110 I
1#
#9035001
0#
#9040001
b1100010001010100 F
b100111 I
b1100010001010100 O
b100111 R
1#
#9045001
0#
#9050001
b1100001011101101 O
b101000 R
b1100001011101101 F
b101000 I
1#
#9055001
0#
#9060001
b1100000110000110 F
b101001 I
b1100000110000110 O
b101001 R
1#
#9065001
0#
#9070001
b1100000000011111 O
b101010 R
b1100000000011111 F
b101010 I
1#
#9075001
0#
#9080001
b1011111010111000 F
b101011 I
b1011111010111000 O
b101011 R
1#
#9085001
0#
#9090001
b1011110101010001 O
b101100 R
b1011110101010001 F
b101100 I
1#
#9095001
0#
#9100001
b1011101111101010 F
b101101 I
b1011101111101010 O
b101101 R
1#
#9105001
0#
#9110001
b1011101010000011 O
b101110 R
b1011101010000011 F
b101110 I
1#
#9115001
0#
#9120001
b1011100100011100 F
b101111 I
b1011100100011100 O
b101111 R
1#
#9125001
0#
#9130001
b1011011110110101 O
b110000 R
b1011011110110101 F
b110000 I
1#
#9135001
0#
#9140001
b1011011001001110 F
b110001 I
b1011011001001110 O
b110001 R
1#
#9145001
0#
#9150001
b1011010011100111 O
b110010 R
b1011010011100111 F
b110010 I
1#
#9155001
0#
#9160001
b1011001110000000 F
b110011 I
b1011001110000000 O
b110011 R
1#
#9165001
0#
#9170001
b1011001000011001 O
b110100 R
b1011001000011001 F
b110100 I
1#
#9175001
0#
#9180001
b1011000010110010 F
b110101 I
b1011000010110010 O
b110101 R
1#
#9185001
0#
#9190001
b1010111101001011 O
b110110 R
b1010111101001011 F
b110110 I
1#
#9195001
0#
#9200001
b1010110111100100 F
b110111 I
b1010110111100100 O
b110111 R
1#
#9205001
0#
#9210001
b1010110001111101 O
b111000 R
b1010110001111101 F
b111000 I
1#
#9215001
0#
#9220001
b1010101100010110 F
b111001 I
b1010101100010110 O
b111001 R
1#
#9225001
0#
#9230001
b1010100110101111 O
b111010 R
b1010100110101111 F
b111010 I
1#
#9235001
0#
#9240001
b1010100001001000 F
b111011 I
b1010100001001000 O
b111011 R
1#
#9245001
0#
#9250001
b1010011011100001 O
b111100 R
b1010011011100001 F
b111100 I
1#
#9255001
0#
#9260001
b1010010101111010 F
b111101 I
b1010010101111010 O
b111101 R
1#
#9265001
0#
#9270001
b1010010000010011 O
b111110 R
b1010010000010011 F
b111110 I
1#
#9275001
0#
#9280001
b1010001010101100 F
b111111 I
b1010001010101100 O
b111111 R
1#
#9285001
0#
#9290001
b1010000101000101 O
b1000000 R
b1010000101000101 F
b1000000 I
1#
#9295001
0#
#9300001
b1001111111011110 F
b1000001 I
b1001111111011110 O
b1000001 R
1#
#9305001
0#
#9310001
b1001111001110111 O
b1000010 R
b1001111001110111 F
b1000010 I
1#
#9315001
0#
#9320001
b1001110100010000 F
b1000011 I
b1001110100010000 O
b1000011 R
1#
#9325001
0#
#9330001
b1001101110101001 O
b1000100 R
b1001101110101001 F
b1000100 I
1#
#9335001
0#
#9340001
b1001101001000010 F
b1000101 I
b1001101001000010 O
b1000101 R
1#
#9345001
0#
#9350001
b1001100011011011 O
b1000110 R
b1001100011011011 F
b1000110 I
1#
#9355001
0#
#9360001
b1001011101110100 F
b1000111 I
b1001011101110100 O
b1000111 R
1#
#9365001
0#
#9370001
b1001011000001101 O
b1001000 R
b1001011000001101 F
b1001000 I
1#
#9375001
0#
#9380001
b1001010010100110 F
b1001001 I
b1001010010100110 O
b1001001 R
1#
#9385001
0#
#9390001
b1001001100111111 O
b1001010 R
b1001001100111111 F
b1001010 I
1#
#9395001
0#
#9400001
b1001000111011000 F
b1001011 I
b1001000111011000 O
b1001011 R
1#
#9405001
0#
#9410001
b1001000001110001 O
b1001100 R
b1001000001110001 F
b1001100 I
1#
#9415001
0#
#9420001
b1000111100001010 F
b1001101 I
b1000111100001010 O
b1001101 R
1#
#9425001
0#
#9430001
b1000110110100011 O
b1001110 R
b1000110110100011 F
b1001110 I
1#
#9435001
0#
#9440001
b1000110000111100 F
b1001111 I
b1000110000111100 O
b1001111 R
1#
#9445001
0#
#9450001
b1000101011010101 O
b1010000 R
b1000101011010101 F
b1010000 I
1#
#9455001
0#
#9460001
b1000100101101110 F
b1010001 I
b1000100101101110 O
b1010001 R
1#
#9465001
0#
#9470001
b1000100000000111 O
b1010010 R
b1000100000000111 F
b1010010 I
1#
#9475001
0#
#9480001
b1000011010100000 F
b1010011 I
b1000011010100000 O
b1010011 R
1#
#9485001
0#
#9490001
b1000010100111001 O
b1010100 R
b1000010100111001 F
b1010100 I
1#
#9495001
0#
#9500001
b1000001111010010 F
b1010101 I
b1000001111010010 O
b1010101 R
1#
#9505001
0#
#9510001
b1000001001101011 O
b1010110 R
b1000001001101011 F
b1010110 I
1#
#9515001
0#
#9520001
b1000000100000100 F
b1010111 I
b1000000100000100 O
b1010111 R
1#
#9525001
0#
#9530001
b111111110011101 O
b1011000 R
b111111110011101 F
b1011000 I
1#
#9535001
0#
#9540001
b111111000110110 F
b1011001 I
b111111000110110 O
b1011001 R
1#
#9545001
0#
#9550001
b111110011001111 O
b1011010 R
b111110011001111 F
b1011010 I
1#
#9555001
0#
#9560001
b111101101101000 F
b1011011 I
b111101101101000 O
b1011011 R
1#
#9565001
0#
#9570001
b111101000000001 O
b1011100 R
b111101000000001 F
b1011100 I
1#
#9575001
0#
#9580001
b111100010011010 F
b1011101 I
b111100010011010 O
b1011101 R
1#
#9585001
0#
#9590001
b111011100110011 O
b1011110 R
b111011100110011 F
b1011110 I
1#
#9595001
0#
#9600001
b111010111001100 F
b1011111 I
b111010111001100 O
b1011111 R
1#
#9605001
0#
#9610001
b111010001100101 O
b1100000 R
b111010001100101 F
b1100000 I
1#
#9615001
0#
#9620001
b111001011111110 F
b1100001 I
b111001011111110 O
b1100001 R
1#
#9625001
0#
#9630001
b111000110010111 O
b1100010 R
b111000110010111 F
b1100010 I
1#
#9635001
0#
#9640001
b111000000110000 F
b1100011 I
b111000000110000 O
b1100011 R
1#
#9645001
0#
#9650001
b110111011001001 O
b1100100 R
b110111011001001 F
b1100100 I
1#
#9655001
0#
#9660001
b110110101100010 F
b1100101 I
b110110101100010 O
b1100101 R
1#
#9665001
0#
#9670001
b110101111111011 O
b1100110 R
b110101111111011 F
b1100110 I
1#
#9675001
0#
#9680001
b110101010010100 F
b1100111 I
b110101010010100 O
b1100111 R
1#
#9685001
0#
#9690001
b110100100101101 O
b1101000 R
b110100100101101 F
b1101000 I
1#
#9695001
0#
#9700001
b110011111000110 F
b1101001 I
b110011111000110 O
b1101001 R
1#
#9705001
0#
#9710001
b110011001011111 O
b1101010 R
b110011001011111 F
b1101010 I
1#
#9715001
0#
#9720001
b110010011111000 F
b1101011 I
b110010011111000 O
b1101011 R
1#
#9725001
0#
#9730001
b110001110010001 O
b1101100 R
b110001110010001 F
b1101100 I
1#
#9735001
0#
#9740001
b110001000101010 F
b1101101 I
b110001000101010 O
b1101101 R
1#
#9745001
0#
#9750001
b110000011000011 O
b1101110 R
b110000011000011 F
b1101110 I
1#
#9755001
0#
#9760001
b101111101011100 F
b1101111 I
b101111101011100 O
b1101111 R
1#
#9765001
0#
#9770001
b101110111110101 O
b1110000 R
b101110111110101 F
b1110000 I
1#
#9775001
0#
#9780001
b101110010001110 F
b1110001 I
b101110010001110 O
b1110001 R
1#
#9785001
0#
#9790001
b101101100100111 O
b1110010 R
b101101100100111 F
b1110010 I
1#
#9795001
0#
#9800001
b101100111000000 F
b1110011 I
b101100111000000 O
b1110011 R
1#
#9805001
0#
#9810001
b101100001011001 O
b1110100 R
b101100001011001 F
b1110100 I
1#
#9815001
0#
#9820001
b101011011110010 F
b1110101 I
b101011011110010 O
b1110101 R
1#
#9825001
0#
#9830001
b101010110001011 O
b1110110 R
b101010110001011 F
b1110110 I
1#
#9835001
0#
#9840001
b101010000100100 F
b1110111 I
b101010000100100 O
b1110111 R
1#
#9845001
0#
#9850001
b101001010111101 O
b1111000 R
b101001010111101 F
b1111000 I
1#
#9855001
0#
#9860001
b101000101010110 F
b1111001 I
b101000101010110 O
b1111001 R
1#
#9865001
0#
#9870001
b100111111101111 O
b1111010 R
b100111111101111 F
b1111010 I
1#
#9875001
0#
#9880001
b100111010001000 F
b1111011 I
b100111010001000 O
b1111011 R
1#
#9885001
0#
#9890001
b100110100100001 O
b1111100 R
b100110100100001 F
b1111100 I
1#
#9895001
0#
#9900001
b100101110111010 F
b1111101 I
b100101110111010 O
b1111101 R
1#
#9905001
0#
#9910001
b100101001010011 O
b1111110 R
b100101001010011 F
b1111110 I
1#
#9915001
0#
#9920001
b100100011101100 F
b1111111 I
b100100011101100 O
b1111111 R
1#
#9925001
0#
#9930001
b100011110000101 O
b10000000 R
b100011110000101 F
b10000000 I
1#
#9935001
0#
#9940001
b100011000011110 F
b10000001 I
b100011000011110 O
b10000001 R
1#
#9945001
0#
#9950001
b100010010110111 O
b10000010 R
b100010010110111 F
b10000010 I
1#
#9955001
0#
#9960001
b100001101010000 F
b10000011 I
b100001101010000 O
b10000011 R
1#
#9965001
0#
#9970001
b100000111101001 O
b10000100 R
b100000111101001 F
b10000100 I
1#
#9975001
0#
#9980001
b100000010000010 F
b10000101 I
b100000010000010 O
b10000101 R
1#
#9985001
0#
#9990001
b11111100011011 O
b10000110 R
b11111100011011 F
b10000110 I
1#
#9995001
0#
#10000001
b11110110110100 F
b10000111 I
b11110110110100 O
b10000111 R
1#
#10005001
0#
#10010001
b11110001001101 O
b10001000 R
b11110001001101 F
b10001000 I
1#
#10015001
0#
#10020001
b11101011100110 F
b10001001 I
b11101011100110 O
b10001001 R
1#
#10025001
0#
#10030001
b11100101111111 O
b10001010 R
b11100101111111 F
b10001010 I
1#
#10035001
0#
#10040001
b11100000011000 F
b10001011 I
b11100000011000 O
b10001011 R
1#
#10045001
0#
#10050001
b11011010110001 O
b10001100 R
b11011010110001 F
b10001100 I
1#
#10055001
0#
#10060001
b11010101001010 F
b10001101 I
b11010101001010 O
b10001101 R
1#
#10065001
0#
#10070001
b11001111100011 O
b10001110 R
b11001111100011 F
b10001110 I
1#
#10075001
0#
#10080001
b11001001111100 F
b10001111 I
b11001001111100 O
b10001111 R
1#
#10085001
0#
#10090001
b11000100010101 O
b10010000 R
b11000100010101 F
b10010000 I
1#
#10095001
0#
#10100001
b10111110101110 F
b10010001 I
b10111110101110 O
b10010001 R
1#
#10105001
0#
#10110001
b10111001000111 O
b10010010 R
b10111001000111 F
b10010010 I
1#
#10115001
0#
#10120001
b10110011100000 F
b10010011 I
b10110011100000 O
b10010011 R
1#
#10125001
0#
#10130001
b10101101111001 O
b10010100 R
b10101101111001 F
b10010100 I
1#
#10135001
0#
#10140001
b10101000010010 F
b10010101 I
b10101000010010 O
b10010101 R
1#
#10145001
0#
#10150001
b10100010101011 O
b10010110 R
b10100010101011 F
b10010110 I
1#
#10155001
0#
#10160001
b10011101000100 F
b10010111 I
b10011101000100 O
b10010111 R
1#
#10165001
0#
#10170001
b10010111011101 O
b10011000 R
b10010111011101 F
b10011000 I
1#
#10175001
0#
#10180001
b10010001110110 F
b10011001 I
b10010001110110 O
b10011001 R
1#
#10185001
0#
#10190001
b10001100001111 O
b10011010 R
b10001100001111 F
b10011010 I
1#
#10195001
0#
#10200001
b10000110101000 F
b10011011 I
b10000110101000 O
b10011011 R
1#
#10205001
0#
#10210001
b10000001000001 O
b10011100 R
b10000001000001 F
b10011100 I
1#
#10215001
0#
#10220001
b1111011011010 F
b10011101 I
b1111011011010 O
b10011101 R
1#
#10225001
0#
#10230001
b1110101110011 O
b10011110 R
b1110101110011 F
b10011110 I
1#
#10235001
0#
#10240001
b1110000001100 F
b10011111 I
b1110000001100 O
b10011111 R
1#
#10245001
0#
#10250001
b1101010100101 O
b10100000 R
b1101010100101 F
b10100000 I
1#
#10255001
0#
#10260001
b1100100111110 F
b10100001 I
b1100100111110 O
b10100001 R
1#
#10265001
0#
#10270001
b1011111010111 O
b10100010 R
b1011111010111 F
b10100010 I
1#
#10275001
0#
#10280001
b1011001110000 F
b10100011 I
b1011001110000 O
b10100011 R
1#
#10285001
0#
#10290001
b1010100001001 O
b10100100 R
b1010100001001 F
b10100100 I
1#
#10295001
0#
#10300001
b1001110100010 F
b10100101 I
b1001110100010 O
b10100101 R
1#
#10305001
0#
#10310001
b1001000111011 O
b10100110 R
b1001000111011 F
b10100110 I
1#
#10315001
0#
#10320001
b1000011010100 F
b10100111 I
b1000011010100 O
b10100111 R
1#
#10325001
0#
#10330001
b111101101101 O
b10101000 R
b111101101101 F
b10101000 I
1#
#10335001
0#
#10340001
b111000000110 F
b10101001 I
b111000000110 O
b10101001 R
1#
#10345001
0#
#10350001
b110010011111 O
b10101010 R
b110010011111 F
b10101010 I
1#
#10355001
0#
#10360001
b101100111000 F
b10101011 I
b101100111000 O
b10101011 R
1#
#10365001
0#
#10370001
b100111010001 O
b10101100 R
b100111010001 F
b10101100 I
1#
#10375001
0#
#10380001
b100001101010 F
b10101101 I
b100001101010 O
b10101101 R
1#
#10385001
0#
#10390001
b11100000011 O
b10101110 R
b11100000011 F
b10101110 I
1#
#10395001
0#
#10400001
b10110011100 F
b10101111 I
b10110011100 O
b10101111 R
1#
#10405001
0#
#10410001
b10000110101 O
b10110000 R
b10000110101 F
b10110000 I
1#
#10415001
0#
#10420001
b1011001110 F
b10110001 I
b1011001110 O
b10110001 R
1#
#10425001
0#
#10430001
b101100111 O
b10110010 R
b101100111 F
b10110010 I
1#
#10435001
0#
#10440001
b0 F
b10110011 I
b0 O
b10110011 R
1#
#10445001
0#
#10450001
1)
01
b10110011 -
b10110011 Q
b0 T
1*
02
b10110011 .
b10110011 H
b0 K
1#
#10455001
0#
#10460001
0*
0)
18
b10110011 ?
17
b10110011 >
1#
#10465001
0#
#10470001
09
14
b10110011 6
b10110011 5
1#
#10475001
0#
#10480001
04
1#
#10485001
0#
#10490001
1#
#10490002
1(
b0 '
b0 &
#10495002
0#
#10500002
b0 G
b0 I
b0 P
b0 R
b0 ?
b0 >
08
07
b0 :
b0 D
b0 M
b0 <
b0 L
b0 ;
b0 C
b0 6
b0 5
1#
#10505002
0#
#10510002
1#
#10515002
0#
#10520002
1#
#10525002
0#
#10530002
1#
#10535002
0#
#10540002
0(
1#
#10545002
0#
#10550002
1#
#10555002
0#
#10560002
1%
b1010 '
1#
#10565002
0#
#10570002
0%
b1 =
b1010 B
1#
#10575002
0#
#10580002
1%
b1 &
1#
#10585002
0#
#10590002
0%
b10 =
b10100 B
b1 A
1#
#10595002
0#
#10600002
1%
b10 &
1#
#10605002
0#
#10610002
0%
b11 =
b11110 B
b11 A
1#
#10615002
0#
#10620002
1%
b11 &
1#
#10625002
0#
#10630002
0%
b100 =
b101000 B
b110 A
1#
#10635002
0#
#10640002
1%
b100 &
1#
#10645002
0#
#10650002
0%
b101 =
b110010 B
b1010 A
1#
#10655002
0#
#10660002
1%
b101 &
1#
#10665002
0#
#10670002
0%
b110 =
b111100 B
b1111 A
1#
#10675002
0#
#10680002
1%
b110 &
1#
#10685002
0#
#10690002
0%
b111 =
b1000110 B
b10101 A
1#
#10695002
0#
#10700002
1%
b111 &
1#
#10705002
0#
#10710002
0%
b1000 =
b1010000 B
b11100 A
1#
#10715002
0#
#10720002
1%
b1000 &
1#
#10725002
0#
#10730002
0%
b1001 =
b1011010 B
b100100 A
1#
#10735002
0#
#10740002
1%
b1001 &
1#
#10745002
0#
#10750002
0%
b1010 =
b1100100 B
b101101 A
1#
#10755002
0#
#10760002
1%
b1010 &
1#
#10765002
0#
#10770002
0%
b1011 =
b1101110 B
b110111 A
1#
#10775002
0#
#10780002
1%
b1011 &
1#
#10785002
0#
#10790002
0%
b1100 =
b1111000 B
b1000010 A
1#
#10795002
0#
#10800002
1%
b1100 &
1#
#10805002
0#
#10810002
0%
b1101 =
b10000010 B
b1001110 A
1#
#10815002
0#
#10820002
1%
b1101 &
1#
#10825002
0#
#10830002
0%
b1110 =
b10001100 B
b1011011 A
1#
#10835002
0#
#10840002
1%
b1110 &
1#
#10845002
0#
#10850002
0%
b1111 =
b10010110 B
b1101001 A
1#
#10855002
0#
#10860002
1%
b1111 &
1#
#10865002
0#
#10870002
0%
b10000 =
b10100000 B
b1111000 A
1#
#10875002
0#
#10880002
1%
b10000 &
1#
#10885002
0#
#10890002
0%
b10001 =
b10101010 B
b10001000 A
1#
#10895002
0#
#10900002
1%
b10001 &
1#
#10905002
0#
#10910002
0%
b10010 =
b10110100 B
b10011001 A
1#
#10915002
0#
#10920002
1%
b10010 &
1#
#10925002
0#
#10930002
0%
b10011 =
b10111110 B
b10101011 A
1#
#10935002
0#
#10940002
1%
b10011 &
1#
#10945002
0#
#10950002
0%
b10100 =
b11001000 B
b10111110 A
1#
#10955002
0#
#10960002
1%
b10100 &
1#
#10965002
0#
#10970002
0%
b10101 =
b11010010 B
b11010010 A
1#
#10975002
0#
#10980002
1%
b10101 &
1#
#10985002
0#
#10990002
0%
b10110 =
b11011100 B
b11100111 A
1#
#10995002
0#
#11000002
1%
b10110 &
1#
#11005002
0#
#11010002
0%
b10111 =
b11100110 B
b11111101 A
1#
#11015002
0#
#11020002
1%
b10111 &
1#
#11025002
0#
#11030002
0%
b11000 =
b11110000 B
b100010100 A
1#
#11035002
0#
#11040002
1%
b11000 &
1#
#11045002
0#
#11050002
0%
b11001 =
b11111010 B
b100101100 A
1#
#11055002
0#
#11060002
1%
b11001 &
1#
#11065002
0#
#11070002
0%
b11010 =
b100000100 B
b101000101 A
1#
#11075002
0#
#11080002
1%
b11010 &
1#
#11085002
0#
#11090002
0%
b11011 =
b100001110 B
b101011111 A
1#
#11095002
0#
#11100002
1%
b11011 &
1#
#11105002
0#
#11110002
0%
b11100 =
b100011000 B
b101111010 A
1#
#11115002
0#
#11120002
1%
b11100 &
1#
#11125002
0#
#11130002
0%
b11101 =
b100100010 B
b110010110 A
1#
#11135002
0#
#11140002
1%
b11101 &
1#
#11145002
0#
#11150002
0%
b11110 =
b100101100 B
b110110011 A
1#
#11155002
0#
#11160002
1%
b11110 &
1#
#11165002
0#
#11170002
0%
b11111 =
b100110110 B
b111010001 A
1#
#11175002
0#
#11180002
1%
b11111 &
1#
#11185002
0#
#11190002
0%
b100000 =
b101000000 B
b111110000 A
1#
#11195002
0#
#11200002
1%
b100000 &
1#
#11205002
0#
#11210002
0%
b100001 =
b101001010 B
b1000010000 A
1#
#11215002
0#
#11220002
1%
b100001 &
1#
#11225002
0#
#11230002
0%
b100010 =
b101010100 B
b1000110001 A
1#
#11235002
0#
#11240002
1%
b100010 &
1#
#11245002
0#
#11250002
0%
b100011 =
b101011110 B
b1001010011 A
1#
#11255002
0#
#11260002
1%
b100011 &
1#
#11265002
0#
#11270002
0%
b100100 =
b101101000 B
b1001110110 A
1#
#11275002
0#
#11280002
1%
b100100 &
1#
#11285002
0#
#11290002
0%
b100101 =
b101110010 B
b1010011010 A
1#
#11295002
0#
#11300002
1%
b100101 &
1#
#11305002
0#
#11310002
0%
b100110 =
b101111100 B
b1010111111 A
1#
#11315002
0#
#11320002
1%
b100110 &
1#
#11325002
0#
#11330002
0%
b100111 =
b110000110 B
b1011100101 A
1#
#11335002
0#
#11340002
1%
b100111 &
1#
#11345002
0#
#11350002
0%
b101000 =
b110010000 B
b1100001100 A
1#
#11355002
0#
#11360002
1%
b101000 &
1#
#11365002
0#
#11370002
0%
b101001 =
b110011010 B
b1100110100 A
1#
#11375002
0#
#11380002
1%
b101001 &
1#
#11385002
0#
#11390002
0%
b101010 =
b110100100 B
b1101011101 A
1#
#11395002
0#
#11400002
1%
b101010 &
1#
#11405002
0#
#11410002
0%
b101011 =
b110101110 B
b1110000111 A
1#
#11415002
0#
#11420002
1%
b101011 &
1#
#11425002
0#
#11430002
0%
b101100 =
b110111000 B
b1110110010 A
1#
#11435002
0#
#11440002
1%
b101100 &
1#
#11445002
0#
#11450002
0%
b101101 =
b111000010 B
b1111011110 A
1#
#11455002
0#
#11460002
1%
b101101 &
1#
#11465002
0#
#11470002
0%
b101110 =
b111001100 B
b10000001011 A
1#
#11475002
0#
#11480002
1%
b101110 &
1#
#11485002
0#
#11490002
0%
b101111 =
b111010110 B
b10000111001 A
1#
#11495002
0#
#11500002
1%
b101111 &
1#
#11505002
0#
#11510002
0%
b110000 =
b111100000 B
b10001101000 A
1#
#11515002
0#
#11520002
1%
b110000 &
1#
#11525002
0#
#11530002
0%
b110001 =
b111101010 B
b10010011000 A
1#
#11535002
0#
#11540002
1%
b110001 &
1#
#11545002
0#
#11550002
0%
b110010 =
b111110100 B
b10011001001 A
1#
#11555002
0#
#11560002
1%
b110010 &
1#
#11565002
0#
#11570002
0%
b110011 =
b111111110 B
b10011111011 A
1#
#11575002
0#
#11580002
1%
b110011 &
1#
#11585002
0#
#11590002
0%
b110100 =
b1000001000 B
b10100101110 A
1#
#11595002
0#
#11600002
1%
b110100 &
1#
#11605002
0#
#11610002
0%
b110101 =
b1000010010 B
b10101100010 A
1#
#11615002
0#
#11620002
1%
b110101 &
1#
#11625002
0#
#11630002
0%
b110110 =
b1000011100 B
b10110010111 A
1#
#11635002
0#
#11640002
1%
b110110 &
1#
#11645002
0#
#11650002
0%
b110111 =
b1000100110 B
b10111001101 A
1#
#11655002
0#
#11660002
1%
b110111 &
1#
#11665002
0#
#11670002
0%
b111000 =
b1000110000 B
b11000000100 A
1#
#11675002
0#
#11680002
1%
b111000 &
1#
#11685002
0#
#11690002
0%
b111001 =
b1000111010 B
b11000111100 A
1#
#11695002
0#
#11700002
1%
b111001 &
1#
#11705002
0#
#11710002
0%
b111010 =
b1001000100 B
b11001110101 A
1#
#11715002
0#
#11720002
1%
b111010 &
1#
#11725002
0#
#11730002
0%
b111011 =
b1001001110 B
b11010101111 A
1#
#11735002
0#
#11740002
1%
b111011 &
1#
#11745002
0#
#11750002
0%
b111100 =
b1001011000 B
b11011101010 A
1#
#11755002
0#
#11760002
1%
b111100 &
1#
#11765002
0#
#11770002
0%
b111101 =
b1001100010 B
b11100100110 A
1#
#11775002
0#
#11780002
1%
b111101 &
1#
#11785002
0#
#11790002
0%
b111110 =
b1001101100 B
b11101100011 A
1#
#11795002
0#
#11800002
1%
b111110 &
1#
#11805002
0#
#11810002
0%
b111111 =
b1001110110 B
b11110100001 A
1#
#11815002
0#
#11820002
1%
b111111 &
1#
#11825002
0#
#11830002
0%
b1000000 =
b1010000000 B
b11111100000 A
1#
#11835002
0#
#11840002
1%
b1000000 &
1#
#11845002
0#
#11850002
0%
b1000001 =
b1010001010 B
b100000100000 A
1#
#11855002
0#
#11860002
1%
b1000001 &
1#
#11865002
0#
#11870002
0%
b1000010 =
b1010010100 B
b100001100001 A
1#
#11875002
0#
#11880002
1%
b1000010 &
1#
#11885002
0#
#11890002
0%
b1000011 =
b1010011110 B
b100010100011 A
1#
#11895002
0#
#11900002
1%
b1000011 &
1#
#11905002
0#
#11910002
0%
b1000100 =
b1010101000 B
b100011100110 A
1#
#11915002
0#
#11920002
1%
b1000100 &
1#
#11925002
0#
#11930002
0%
b1000101 =
b1010110010 B
b100100101010 A
1#
#11935002
0#
#11940002
1%
b1000101 &
1#
#11945002
0#
#11950002
0%
b1000110 =
b1010111100 B
b100101101111 A
1#
#11955002
0#
#11960002
1%
b1000110 &
1#
#11965002
0#
#11970002
0%
b1000111 =
b1011000110 B
b100110110101 A
1#
#11975002
0#
#11980002
1%
b1000111 &
1#
#11985002
0#
#11990002
0%
b1001000 =
b1011010000 B
b100111111100 A
1#
#11995002
0#
#12000002
1%
b1001000 &
1#
#12005002
0#
#12010002
0%
b1001001 =
b1011011010 B
b101001000100 A
1#
#12015002
0#
#12020002
1%
b1001001 &
1#
#12025002
0#
#12030002
0%
b1001010 =
b1011100100 B
b101010001101 A
1#
#12035002
0#
#12040002
1%
b1001010 &
1#
#12045002
0#
#12050002
0%
b1001011 =
b1011101110 B
b101011010111 A
1#
#12055002
0#
#12060002
1%
b1001011 &
1#
#12065002
0#
#12070002
0%
b1001100 =
b1011111000 B
b101100100010 A
1#
#12075002
0#
#12080002
1%
b1001100 &
1#
#12085002
0#
#12090002
0%
b1001101 =
b1100000010 B
b101101101110 A
1#
#12095002
0#
#12100002
1%
b1001101 &
1#
#12105002
0#
#12110002
0%
b1001110 =
b1100001100 B
b101110111011 A
1#
#12115002
0#
#12120002
1%
b1001110 &
1#
#12125002
0#
#12130002
0%
b1001111 =
b1100010110 B
b110000001001 A
1#
#12135002
0#
#12140002
1%
b1001111 &
1#
#12145002
0#
#12150002
0%
b1010000 =
b1100100000 B
b110001011000 A
1#
#12155002
0#
#12160002
1%
b1010000 &
1#
#12165002
0#
#12170002
0%
b1010001 =
b1100101010 B
b110010101000 A
1#
#12175002
0#
#12180002
1%
b1010001 &
1#
#12185002
0#
#12190002
0%
b1010010 =
b1100110100 B
b110011111001 A
1#
#12195002
0#
#12200002
1%
b1010010 &
1#
#12205002
0#
#12210002
0%
b1010011 =
b1100111110 B
b110101001011 A
1#
#12215002
0#
#12220002
1%
b1010011 &
1#
#12225002
0#
#12230002
0%
b1010100 =
b1101001000 B
b110110011110 A
1#
#12235002
0#
#12240002
1%
b1010100 &
1#
#12245002
0#
#12250002
0%
b1010101 =
b1101010010 B
b110111110010 A
1#
#12255002
0#
#12260002
1%
b1010101 &
1#
#12265002
0#
#12270002
0%
b1010110 =
b1101011100 B
b111001000111 A
1#
#12275002
0#
#12280002
1%
b1010110 &
1#
#12285002
0#
#12290002
0%
b1010111 =
b1101100110 B
b111010011101 A
1#
#12295002
0#
#12300002
1%
b1010111 &
1#
#12305002
0#
#12310002
0%
b1011000 =
b1101110000 B
b111011110100 A
1#
#12315002
0#
#12320002
1%
b1011000 &
1#
#12325002
0#
#12330002
0%
b1011001 =
b1101111010 B
b111101001100 A
1#
#12335002
0#
#12340002
1%
b1011001 &
1#
#12345002
0#
#12350002
0%
b1011010 =
b1110000100 B
b111110100101 A
1#
#12355002
0#
#12360002
1%
b1011010 &
1#
#12365002
0#
#12370002
0%
b1011011 =
b1110001110 B
b111111111111 A
1#
#12375002
0#
#12380002
1%
b1011011 &
1#
#12385002
0#
#12390002
0%
b1011100 =
b1110011000 B
b1000001011010 A
1#
#12395002
0#
#12400002
1%
b1011100 &
1#
#12405002
0#
#12410002
0%
b1011101 =
b1110100010 B
b1000010110110 A
1#
#12415002
0#
#12420002
1%
b1011101 &
1#
#12425002
0#
#12430002
0%
b1011110 =
b1110101100 B
b1000100010011 A
1#
#12435002
0#
#12440002
1%
b1011110 &
1#
#12445002
0#
#12450002
0%
b1011111 =
b1110110110 B
b1000101110001 A
1#
#12455002
0#
#12460002
1%
b1011111 &
1#
#12465002
0#
#12470002
0%
b1100000 =
b1111000000 B
b1000111010000 A
1#
#12475002
0#
#12480002
1%
b1100000 &
1#
#12485002
0#
#12490002
0%
b1100001 =
b1111001010 B
b1001000110000 A
1#
#12495002
0#
#12500002
1%
b1100001 &
1#
#12505002
0#
#12510002
0%
b1100010 =
b1111010100 B
b1001010010001 A
1#
#12515002
0#
#12520002
1%
b1100010 &
1#
#12525002
0#
#12530002
0%
b1100011 =
b1111011110 B
b1001011110011 A
1#
#12535002
0#
#12540002
1%
b1100011 &
1#
#12545002
0#
#12550002
0%
b1100100 =
b1111101000 B
b1001101010110 A
1#
#12555002
0#
#12560002
1%
b1100100 &
1#
#12565002
0#
#12570002
0%
b1100101 =
b1111110010 B
b1001110111010 A
1#
#12575002
0#
#12580002
1%
b1100101 &
1#
#12585002
0#
#12590002
0%
b1100110 =
b1111111100 B
b1010000011111 A
1#
#12595002
0#
#12600002
1%
b1100110 &
1#
#12605002
0#
#12610002
0%
b1100111 =
b10000000110 B
b1010010000101 A
1#
#12615002
0#
#12620002
1%
b1100111 &
1#
#12625002
0#
#12630002
0%
b1101000 =
b10000010000 B
b1010011101100 A
1#
#12635002
0#
#12640002
1%
b1101000 &
1#
#12645002
0#
#12650002
0%
b1101001 =
b10000011010 B
b1010101010100 A
1#
#12655002
0#
#12660002
1%
b1101001 &
1#
#12665002
0#
#12670002
0%
b1101010 =
b10000100100 B
b1010110111101 A
1#
#12675002
0#
#12680002
1%
b1101010 &
1#
#12685002
0#
#12690002
0%
b1101011 =
b10000101110 B
b1011000100111 A
1#
#12695002
0#
#12700002
1%
b1101011 &
1#
#12705002
0#
#12710002
0%
b1101100 =
b10000111000 B
b1011010010010 A
1#
#12715002
0#
#12720002
1%
b1101100 &
1#
#12725002
0#
#12730002
0%
b1101101 =
b10001000010 B
b1011011111110 A
1#
#12735002
0#
#12740002
1%
b1101101 &
1#
#12745002
0#
#12750002
0%
b1101110 =
b10001001100 B
b1011101101011 A
1#
#12755002
0#
#12760002
1%
b1101110 &
1#
#12765002
0#
#12770002
0%
b1101111 =
b10001010110 B
b1011111011001 A
1#
#12775002
0#
#12780002
1%
b1101111 &
1#
#12785002
0#
#12790002
0%
b1110000 =
b10001100000 B
b1100001001000 A
1#
#12795002
0#
#12800002
1%
b1110000 &
1#
#12805002
0#
#12810002
0%
b1110001 =
b10001101010 B
b1100010111000 A
1#
#12815002
0#
#12820002
1%
b1110001 &
1#
#12825002
0#
#12830002
0%
b1110010 =
b10001110100 B
b1100100101001 A
1#
#12835002
0#
#12840002
1%
b1110010 &
1#
#12845002
0#
#12850002
0%
b1110011 =
b10001111110 B
b1100110011011 A
1#
#12855002
0#
#12860002
1%
b1110011 &
1#
#12865002
0#
#12870002
0%
b1110100 =
b10010001000 B
b1101000001110 A
1#
#12875002
0#
#12880002
1%
b1110100 &
1#
#12885002
0#
#12890002
0%
b1110101 =
b10010010010 B
b1101010000010 A
1#
#12895002
0#
#12900002
1%
b1110101 &
1#
#12905002
0#
#12910002
0%
b1110110 =
b10010011100 B
b1101011110111 A
1#
#12915002
0#
#12920002
1%
b1110110 &
1#
#12925002
0#
#12930002
0%
b1110111 =
b10010100110 B
b1101101101101 A
1#
#12935002
0#
#12940002
1%
b1110111 &
1#
#12945002
0#
#12950002
0%
b1111000 =
b10010110000 B
b1101111100100 A
1#
#12955002
0#
#12960002
1%
b1111000 &
1#
#12965002
0#
#12970002
0%
b1111001 =
b10010111010 B
b1110001011100 A
1#
#12975002
0#
#12980002
1%
b1111001 &
1#
#12985002
0#
#12990002
0%
b1111010 =
b10011000100 B
b1110011010101 A
1#
#12995002
0#
#13000002
1%
b1111010 &
1#
#13005002
0#
#13010002
0%
b1111011 =
b10011001110 B
b1110101001111 A
1#
#13015002
0#
#13020002
1%
b1111011 &
1#
#13025002
0#
#13030002
0%
b1111100 =
b10011011000 B
b1110111001010 A
1#
#13035002
0#
#13040002
1%
b1111100 &
1#
#13045002
0#
#13050002
0%
b1111101 =
b10011100010 B
b1111001000110 A
1#
#13055002
0#
#13060002
1%
b1111101 &
1#
#13065002
0#
#13070002
0%
b1111110 =
b10011101100 B
b1111011000011 A
1#
#13075002
0#
#13080002
1%
b1111110 &
1#
#13085002
0#
#13090002
0%
b1111111 =
b10011110110 B
b1111101000001 A
1#
#13095002
0#
#13100002
1%
b1111111 &
1#
#13105002
0#
#13110002
0%
b10000000 =
b10100000000 B
b1111111000000 A
1#
#13115002
0#
#13120002
1%
b10000000 &
1#
#13125002
0#
#13130002
0%
b10000001 =
b10100001010 B
b10000001000000 A
1#
#13135002
0#
#13140002
1%
b10000001 &
1#
#13145002
0#
#13150002
0%
b10000010 =
b10100010100 B
b10000011000001 A
1#
#13155002
0#
#13160002
1%
b10000010 &
1#
#13165002
0#
#13170002
0%
b10000011 =
b10100011110 B
b10000101000011 A
1#
#13175002
0#
#13180002
1%
b10000011 &
1#
#13185002
0#
#13190002
0%
b10000100 =
b10100101000 B
b10000111000110 A
1#
#13195002
0#
#13200002
1%
b10000100 &
1#
#13205002
0#
#13210002
0%
b10000101 =
b10100110010 B
b10001001001010 A
1#
#13215002
0#
#13220002
1%
b10000101 &
1#
#13225002
0#
#13230002
0%
b10000110 =
b10100111100 B
b10001011001111 A
1#
#13235002
0#
#13240002
1%
b10000110 &
1#
#13245002
0#
#13250002
0%
b10000111 =
b10101000110 B
b10001101010101 A
1#
#13255002
0#
#13260002
1%
b10000111 &
1#
#13265002
0#
#13270002
0%
b10001000 =
b10101010000 B
b10001111011100 A
1#
#13275002
0#
#13280002
1%
b10001000 &
1#
#13285002
0#
#13290002
0%
b10001001 =
b10101011010 B
b10010001100100 A
1#
#13295002
0#
#13300002
1%
b10001001 &
1#
#13305002
0#
#13310002
0%
b10001010 =
b10101100100 B
b10010011101101 A
1#
#13315002
0#
#13320002
1%
b10001010 &
1#
#13325002
0#
#13330002
0%
b10001011 =
b10101101110 B
b10010101110111 A
1#
#13335002
0#
#13340002
1%
b10001011 &
1#
#13345002
0#
#13350002
0%
b10001100 =
b10101111000 B
b10011000000010 A
1#
#13355002
0#
#13360002
1%
b10001100 &
1#
#13365002
0#
#13370002
0%
b10001101 =
b10110000010 B
b10011010001110 A
1#
#13375002
0#
#13380002
1%
b10001101 &
1#
#13385002
0#
#13390002
0%
b10001110 =
b10110001100 B
b10011100011011 A
1#
#13395002
0#
#13400002
1%
b10001110 &
1#
#13405002
0#
#13410002
0%
b10001111 =
b10110010110 B
b10011110101001 A
1#
#13415002
0#
#13420002
1%
b10001111 &
1#
#13425002
0#
#13430002
0%
b10010000 =
b10110100000 B
b10100000111000 A
1#
#13435002
0#
#13440002
1%
b10010000 &
1#
#13445002
0#
#13450002
0%
b10010001 =
b10110101010 B
b10100011001000 A
1#
#13455002
0#
#13460002
1%
b10010001 &
1#
#13465002
0#
#13470002
0%
b10010010 =
b10110110100 B
b10100101011001 A
1#
#13475002
0#
#13480002
1%
b10010010 &
1#
#13485002
0#
#13490002
0%
b10010011 =
b10110111110 B
b10100111101011 A
1#
#13495002
0#
#13500002
1%
b10010011 &
1#
#13505002
0#
#13510002
0%
b10010100 =
b10111001000 B
b10101001111110 A
1#
#13515002
0#
#13520002
1%
b10010100 &
1#
#13525002
0#
#13530002
0%
b10010101 =
b10111010010 B
b10101100010010 A
1#
#13535002
0#
#13540002
1%
b10010101 &
1#
#13545002
0#
#13550002
0%
b10010110 =
b10111011100 B
b10101110100111 A
1#
#13555002
0#
#13560002
1%
b10010110 &
1#
#13565002
0#
#13570002
0%
b10010111 =
b10111100110 B
b10110000111101 A
1#
#13575002
0#
#13580002
1%
b10010111 &
1#
#13585002
0#
#13590002
0%
b10011000 =
b10111110000 B
b10110011010100 A
1#
#13595002
0#
#13600002
1%
b10011000 &
1#
#13605002
0#
#13610002
0%
b10011001 =
b10111111010 B
b10110101101100 A
1#
#13615002
0#
#13620002
1%
b10011001 &
1#
#13625002
0#
#13630002
0%
b10011010 =
b11000000100 B
b10111000000101 A
1#
#13635002
0#
#13640002
1%
b10011010 &
1#
#13645002
0#
#13650002
0%
b10011011 =
b11000001110 B
b10111010011111 A
1#
#13655002
0#
#13660002
1%
b10011011 &
1#
#13665002
0#
#13670002
0%
b10011100 =
b11000011000 B
b10111100111010 A
1#
#13675002
0#
#13680002
1%
b10011100 &
1#
#13685002
0#
#13690002
0%
b10011101 =
b11000100010 B
b10111111010110 A
1#
#13695002
0#
#13700002
1%
b10011101 &
1#
#13705002
0#
#13710002
0%
b10011110 =
b11000101100 B
b11000001110011 A
1#
#13715002
0#
#13720002
1%
b10011110 &
1#
#13725002
0#
#13730002
0%
b10011111 =
b11000110110 B
b11000100010001 A
1#
#13735002
0#
#13740002
1%
b10011111 &
1#
#13745002
0#
#13750002
0%
b10100000 =
b11001000000 B
b11000110110000 A
1#
#13755002
0#
#13760002
1%
b10100000 &
1#
#13765002
0#
#13770002
0%
b10100001 =
b11001001010 B
b11001001010000 A
1#
#13775002
0#
#13780002
1%
b10100001 &
1#
#13785002
0#
#13790002
0%
b10100010 =
b11001010100 B
b11001011110001 A
1#
#13795002
0#
#13800002
1%
b10100010 &
1#
#13805002
0#
#13810002
0%
b10100011 =
b11001011110 B
b11001110010011 A
1#
#13815002
0#
#13820002
1%
b10100011 &
1#
#13825002
0#
#13830002
0%
b10100100 =
b11001101000 B
b11010000110110 A
1#
#13835002
0#
#13840002
1%
b10100100 &
1#
#13845002
0#
#13850002
0%
b10100101 =
b11001110010 B
b11010011011010 A
1#
#13855002
0#
#13860002
1%
b10100101 &
1#
#13865002
0#
#13870002
0%
b10100110 =
b11001111100 B
b11010101111111 A
1#
#13875002
0#
#13880002
1%
b10100110 &
1#
#13885002
0#
#13890002
0%
b10100111 =
b11010000110 B
b11011000100101 A
1#
#13895002
0#
#13900002
1%
b10100111 &
1#
#13905002
0#
#13910002
0%
b10101000 =
b11010010000 B
b11011011001100 A
1#
#13915002
0#
#13920002
1%
b10101000 &
1#
#13925002
0#
#13930002
0%
b10101001 =
b11010011010 B
b11011101110100 A
1#
#13935002
0#
#13940002
1%
b10101001 &
1#
#13945002
0#
#13950002
0%
b10101010 =
b11010100100 B
b11100000011101 A
1#
#13955002
0#
#13960002
1%
b10101010 &
1#
#13965002
0#
#13970002
0%
b10101011 =
b11010101110 B
b11100011000111 A
1#
#13975002
0#
#13980002
1%
b10101011 &
1#
#13985002
0#
#13990002
0%
b10101100 =
b11010111000 B
b11100101110010 A
1#
#13995002
0#
#14000002
1%
b10101100 &
1#
#14005002
0#
#14010002
0%
b10101101 =
b11011000010 B
b11101000011110 A
1#
#14015002
0#
#14020002
1%
b10101101 &
1#
#14025002
0#
#14030002
0%
b10101110 =
b11011001100 B
b11101011001011 A
1#
#14035002
0#
#14040002
1%
b10101110 &
1#
#14045002
0#
#14050002
0%
b10101111 =
b11011010110 B
b11101101111001 A
1#
#14055002
0#
#14060002
1%
b10101111 &
1#
#14065002
0#
#14070002
0%
b10110000 =
b11011100000 B
b11110000101000 A
1#
#14075002
0#
#14080002
1%
b10110000 &
1#
#14085002
0#
#14090002
0%
b10110001 =
b11011101010 B
b11110011011000 A
1#
#14095002
0#
#14100002
1%
b10110001 &
1#
#14105002
0#
#14110002
0%
b10110010 =
b11011110100 B
b11110110001001 A
1#
#14115002
0#
#14120002
1%
b10110010 &
1#
#14125002
0#
#14130002
0%
b10110011 =
b11011111110 B
b11111000111011 A
1#
#14135002
0#
#14140002
1%
b10110011 &
1#
#14145002
0#
#14150002
0%
b10110100 =
b11100001000 B
b11111011101110 A
1#
#14155002
0#
#14160002
1%
b10110100 &
1#
#14165002
0#
#14170002
0%
b10110101 =
b11100010010 B
b11111110100010 A
1#
#14175002
0#
#14180002
1%
b10110101 &
1#
#14185002
0#
#14190002
0%
b10110110 =
b11100011100 B
b100000001010111 A
1#
#14195002
0#
#14200002
1%
b10110110 &
1#
#14205002
0#
#14210002
0%
b10110111 =
b11100100110 B
b100000100001101 A
1#
#14215002
0#
#14220002
1%
b10110111 &
1#
#14225002
0#
#14230002
0%
b10111000 =
b11100110000 B
b100000111000100 A
1#
#14235002
0#
#14240002
1%
b10111000 &
1#
#14245002
0#
#14250002
0%
b10111001 =
b11100111010 B
b100001001111100 A
1#
#14255002
0#
#14260002
1%
b10111001 &
1#
#14265002
0#
#14270002
0%
b10111010 =
b11101000100 B
b100001100110101 A
1#
#14275002
0#
#14280002
1%
b10111010 &
1#
#14285002
0#
#14290002
0%
b10111011 =
b11101001110 B
b100001111101111 A
1#
#14295002
0#
#14300002
1%
b10111011 &
1#
#14305002
0#
#14310002
0%
b10111100 =
b11101011000 B
b100010010101010 A
1#
#14315002
0#
#14320002
1%
b10111100 &
1#
#14325002
0#
#14330002
0%
b10111101 =
b11101100010 B
b100010101100110 A
1#
#14335002
0#
#14340002
1%
b10111101 &
1#
#14345002
0#
#14350002
0%
b10111110 =
b11101101100 B
b100011000100011 A
1#
#14355002
0#
#14360002
1%
b10111110 &
1#
#14365002
0#
#14370002
0%
b10111111 =
b11101110110 B
b100011011100001 A
1#
#14375002
0#
#14380002
1%
b10111111 &
1#
#14385002
0#
#14390002
0%
b11000000 =
b11110000000 B
b100011110100000 A
1#
#14395002
0#
#14400002
1%
b11000000 &
1#
#14405002
0#
#14410002
0%
b11000001 =
b11110001010 B
b100100001100000 A
1#
#14415002
0#
#14420002
1%
b11000001 &
1#
#14425002
0#
#14430002
0%
b11000010 =
b11110010100 B
b100100100100001 A
1#
#14435002
0#
#14440002
1%
b11000010 &
1#
#14445002
0#
#14450002
0%
b11000011 =
b11110011110 B
b100100111100011 A
1#
#14455002
0#
#14460002
1%
b11000011 &
1#
#14465002
0#
#14470002
0%
b11000100 =
b11110101000 B
b100101010100110 A
1#
#14475002
0#
#14480002
1%
b11000100 &
1#
#14485002
0#
#14490002
0%
b11000101 =
b11110110010 B
b100101101101010 A
1#
#14495002
0#
#14500002
1%
b11000101 &
1#
#14505002
0#
#14510002
0%
b11000110 =
b11110111100 B
b100110000101111 A
1#
#14515002
0#
#14520002
1%
b11000110 &
1#
#14525002
0#
#14530002
0%
b11000111 =
b11111000110 B
b100110011110101 A
1#
#14535002
0#
#14540002
1%
b11000111 &
1#
#14545002
0#
#14550002
0%
b11001000 =
b11111010000 B
b100110110111100 A
1#
#14555002
0#
#14560002
1%
b11001000 &
1#
#14565002
0#
#14570002
0%
b11001001 =
b11111011010 B
b100111010000100 A
1#
#14575002
0#
#14580002
1%
b11001001 &
1#
#14585002
0#
#14590002
0%
b11001010 =
b11111100100 B
b100111101001101 A
1#
#14595002
0#
#14600002
1%
b11001010 &
1#
#14605002
0#
#14610002
0%
b11001011 =
b11111101110 B
b101000000010111 A
1#
#14615002
0#
#14620002
1%
b11001011 &
1#
#14625002
0#
#14630002
0%
b11001100 =
b11111111000 B
b101000011100010 A
1#
#14635002
0#
#14640002
1%
b11001100 &
1#
#14645002
0#
#14650002
0%
b11001101 =
b100000000010 B
b101000110101110 A
1#
#14655002
0#
#14660002
1%
b11001101 &
1#
#14665002
0#
#14670002
0%
b11001110 =
b100000001100 B
b101001001111011 A
1#
#14675002
0#
#14680002
1%
b11001110 &
1#
#14685002
0#
#14690002
0%
b11001111 =
b100000010110 B
b101001101001001 A
1#
#14695002
0#
#14700002
1%
b11001111 &
1#
#14705002
0#
#14710002
0%
b11010000 =
b100000100000 B
b101010000011000 A
1#
#14715002
0#
#14720002
1%
b11010000 &
1#
#14725002
0#
#14730002
0%
b11010001 =
b100000101010 B
b101010011101000 A
1#
#14735002
0#
#14740002
1%
b11010001 &
1#
#14745002
0#
#14750002
0%
b11010010 =
b100000110100 B
b101010110111001 A
1#
#14755002
0#
#14760002
1%
b11010010 &
1#
#14765002
0#
#14770002
0%
b11010011 =
b100000111110 B
b101011010001011 A
1#
#14775002
0#
#14780002
1%
b11010011 &
1#
#14785002
0#
#14790002
0%
b11010100 =
b100001001000 B
b101011101011110 A
1#
#14795002
0#
#14800002
1%
b11010100 &
1#
#14805002
0#
#14810002
0%
b11010101 =
b100001010010 B
b101100000110010 A
1#
#14815002
0#
#14820002
1%
b11010101 &
1#
#14825002
0#
#14830002
0%
b11010110 =
b100001011100 B
b101100100000111 A
1#
#14835002
0#
#14840002
1%
b11010110 &
1#
#14845002
0#
#14850002
0%
b11010111 =
b100001100110 B
b101100111011101 A
1#
#14855002
0#
#14860002
1%
b11010111 &
1#
#14865002
0#
#14870002
0%
b11011000 =
b100001110000 B
b101101010110100 A
1#
#14875002
0#
#14880002
1%
b11011000 &
1#
#14885002
0#
#14890002
0%
b11011001 =
b100001111010 B
b101101110001100 A
1#
#14895002
0#
#14900002
1%
b11011001 &
1#
#14905002
0#
#14910002
0%
b11011010 =
b100010000100 B
b101110001100101 A
1#
#14915002
0#
#14920002
1%
b11011010 &
1#
#14925002
0#
#14930002
0%
b11011011 =
b100010001110 B
b101110100111111 A
1#
#14935002
0#
#14940002
1%
b11011011 &
1#
#14945002
0#
#14950002
0%
b11011100 =
b100010011000 B
b101111000011010 A
1#
#14955002
0#
#14960002
1%
b11011100 &
1#
#14965002
0#
#14970002
0%
b11011101 =
b100010100010 B
b101111011110110 A
1#
#14975002
0#
#14980002
1%
b11011101 &
1#
#14985002
0#
#14990002
0%
b11011110 =
b100010101100 B
b101111111010011 A
1#
#14995002
0#
#15000002
1%
b11011110 &
1#
#15005002
0#
#15010002
0%
b11011111 =
b100010110110 B
b110000010110001 A
1#
#15015002
0#
#15020002
1%
b11011111 &
1#
#15025002
0#
#15030002
0%
b11100000 =
b100011000000 B
b110000110010000 A
1#
#15035002
0#
#15040002
1%
b11100000 &
1#
#15045002
0#
#15050002
0%
b11100001 =
b100011001010 B
b110001001110000 A
1#
#15055002
0#
#15060002
1%
b11100001 &
1#
#15065002
0#
#15070002
0%
b11100010 =
b100011010100 B
b110001101010001 A
1#
#15075002
0#
#15080002
1%
b11100010 &
1#
#15085002
0#
#15090002
0%
b11100011 =
b100011011110 B
b110010000110011 A
1#
#15095002
0#
#15100002
1%
b11100011 &
1#
#15105002
0#
#15110002
0%
b11100100 =
b100011101000 B
b110010100010110 A
1#
#15115002
0#
#15120002
1%
b11100100 &
1#
#15125002
0#
#15130002
0%
b11100101 =
b100011110010 B
b110010111111010 A
1#
#15135002
0#
#15140002
1%
b11100101 &
1#
#15145002
0#
#15150002
0%
b11100110 =
b100011111100 B
b110011011011111 A
1#
#15155002
0#
#15160002
1%
b11100110 &
1#
#15165002
0#
#15170002
0%
b11100111 =
b100100000110 B
b110011111000101 A
1#
#15175002
0#
#15180002
1%
b11100111 &
1#
#15185002
0#
#15190002
0%
b11101000 =
b100100010000 B
b110100010101100 A
1#
#15195002
0#
#15200002
1%
b11101000 &
1#
#15205002
0#
#15210002
0%
b11101001 =
b100100011010 B
b110100110010100 A
1#
#15215002
0#
#15220002
1%
b11101001 &
1#
#15225002
0#
#15230002
0%
b11101010 =
b100100100100 B
b110101001111101 A
1#
#15235002
0#
#15240002
1%
b11101010 &
1#
#15245002
0#
#15250002
0%
b11101011 =
b100100101110 B
b110101101100111 A
1#
#15255002
0#
#15260002
1%
b11101011 &
1#
#15265002
0#
#15270002
0%
b11101100 =
b100100111000 B
b110110001010010 A
1#
#15275002
0#
#15280002
1%
b11101100 &
1#
#15285002
0#
#15290002
0%
b11101101 =
b100101000010 B
b110110100111110 A
1#
#15295002
0#
#15300002
1%
b11101101 &
1#
#15305002
0#
#15310002
0%
b11101110 =
b100101001100 B
b110111000101011 A
1#
#15315002
0#
#15320002
1%
b11101110 &
1#
#15325002
0#
#15330002
0%
b11101111 =
b100101010110 B
b110111100011001 A
1#
#15335002
0#
#15340002
1%
b11101111 &
1#
#15345002
0#
#15350002
0%
b11110000 =
b100101100000 B
b111000000001000 A
1#
#15355002
0#
#15360002
1%
b11110000 &
1#
#15365002
0#
#15370002
0%
b11110001 =
b100101101010 B
b111000011111000 A
1#
#15375002
0#
#15380002
1%
b11110001 &
1#
#15385002
0#
#15390002
0%
b11110010 =
b100101110100 B
b111000111101001 A
1#
#15395002
0#
#15400002
1%
b11110010 &
1#
#15405002
0#
#15410002
0%
b11110011 =
b100101111110 B
b111001011011011 A
1#
#15415002
0#
#15420002
1%
b11110011 &
1#
#15425002
0#
#15430002
0%
b11110100 =
b100110001000 B
b111001111001110 A
1#
#15435002
0#
#15440002
1%
b11110100 &
1#
#15445002
0#
#15450002
0%
b11110101 =
b100110010010 B
b111010011000010 A
1#
#15455002
0#
#15460002
1%
b11110101 &
1#
#15465002
0#
#15470002
0%
b11110110 =
b100110011100 B
b111010110110111 A
1#
#15475002
0#
#15480002
1%
b11110110 &
1#
#15485002
0#
#15490002
0%
b11110111 =
b100110100110 B
b111011010101101 A
1#
#15495002
0#
#15500002
1%
b11110111 &
1#
#15505002
0#
#15510002
0%
b11111000 =
b100110110000 B
b111011110100100 A
1#
#15515002
0#
#15520002
1%
b11111000 &
1#
#15525002
0#
#15530002
0%
b11111001 =
b100110111010 B
b111100010011100 A
1#
#15535002
0#
#15540002
1%
b11111001 &
1#
#15545002
0#
#15550002
0%
b11111010 =
b100111000100 B
b111100110010101 A
1#
#15555002
0#
#15560002
1%
b11111010 &
1#
#15565002
0#
#15570002
0%
b11111011 =
b100111001110 B
b111101010001111 A
1#
#15575002
0#
#15580002
1%
b11111011 &
1#
#15585002
0#
#15590002
0%
b11111100 =
b100111011000 B
b111101110001010 A
1#
#15595002
0#
#15600002
1%
b11111100 &
1#
#15605002
0#
#15610002
0%
b11111101 =
b100111100010 B
b111110010000110 A
1#
#15615002
0#
#15620002
1%
b11111101 &
1#
#15625002
0#
#15630002
0%
b11111110 =
b100111101100 B
b111110110000011 A
1#
#15635002
0#
#15640002
1%
b11111110 &
1#
#15645002
0#
#15650002
0%
b11111111 =
b100111110110 B
b111111010000001 A
1#
#15655002
0#
#15660002
1%
b11111111 &
1#
#15665002
0#
#15670002
0%
b100000000 =
b101000000000 B
b111111110000000 A
1#
#15675002
0#
#15680002
1%
b100000000 &
1#
#15685002
0#
#15690002
0%
b100000001 =
b101000001010 B
b1000000010000000 A
1#
#15695002
0#
#15700002
1%
b100000001 &
1#
#15705002
0#
#15710002
0%
b100000010 =
b101000010100 B
b1000000110000001 A
1#
#15715002
0#
#15720002
1%
b100000010 &
1#
#15725002
0#
#15730002
0%
b100000011 =
b101000011110 B
b1000001010000011 A
1#
#15735002
0#
#15740002
1%
b100000011 &
1#
#15745002
0#
#15750002
0%
b100000100 =
b101000101000 B
b1000001110000110 A
1#
#15755002
0#
#15760002
1%
b100000100 &
1#
#15765002
0#
#15770002
0%
b100000101 =
b101000110010 B
b1000010010001010 A
1#
#15775002
0#
#15780002
1%
b100000101 &
1#
#15785002
0#
#15790002
0%
b100000110 =
b101000111100 B
b1000010110001111 A
1#
#15795002
0#
#15800002
1%
b100000110 &
1#
#15805002
0#
#15810002
0%
b100000111 =
b101001000110 B
b1000011010010101 A
1#
#15815002
0#
#15820002
1%
b100000111 &
1#
#15825002
0#
#15830002
0%
b100001000 =
b101001010000 B
b1000011110011100 A
1#
#15835002
0#
#15840002
1%
b100001000 &
1#
#15845002
0#
#15850002
0%
b100001001 =
b101001011010 B
b1000100010100100 A
1#
#15855002
0#
#15860002
1%
b100001001 &
1#
#15865002
0#
#15870002
0%
b100001010 =
b101001100100 B
b1000100110101101 A
1#
#15875002
0#
#15880002
1%
b100001010 &
1#
#15885002
0#
#15890002
0%
b100001011 =
b101001101110 B
b1000101010110111 A
1#
#15895002
0#
#15900002
1%
b100001011 &
1#
#15905002
0#
#15910002
0%
b100001100 =
b101001111000 B
b1000101111000010 A
1#
#15915002
0#
#15920002
1%
b100001100 &
1#
#15925002
0#
#15930002
0%
b100001101 =
b101010000010 B
b1000110011001110 A
1#
#15935002
0#
#15940002
1%
b100001101 &
1#
#15945002
0#
#15950002
0%
b100001110 =
b101010001100 B
b1000110111011011 A
1#
#15955002
0#
#15960002
1%
b100001110 &
1#
#15965002
0#
#15970002
0%
b100001111 =
b101010010110 B
b1000111011101001 A
1#
#15975002
0#
#15980002
1%
b100001111 &
1#
#15985002
0#
#15990002
0%
b100010000 =
b101010100000 B
b1000111111111000 A
1#
#15995002
0#
#16000002
1%
b100010000 &
1#
#16005002
0#
#16010002
0%
b100010001 =
b101010101010 B
b1001000100001000 A
1#
#16015002
0#
#16020002
1%
b100010001 &
1#
#16025002
0#
#16030002
0%
b100010010 =
b101010110100 B
b1001001000011001 A
1#
#16035002
0#
#16040002
1%
b100010010 &
1#
#16045002
0#
#16050002
0%
b100010011 =
b101010111110 B
b1001001100101011 A
1#
#16055002
0#
#16060002
1%
b100010011 &
1#
#16065002
0#
#16070002
0%
b100010100 =
b101011001000 B
b1001010000111110 A
1#
#16075002
0#
#16080002
1%
b100010100 &
1#
#16085002
0#
#16090002
0%
b100010101 =
b101011010010 B
b1001010101010010 A
1#
#16095002
0#
#16100002
1%
b100010101 &
1#
#16105002
0#
#16110002
0%
b100010110 =
b101011011100 B
b1001011001100111 A
1#
#16115002
0#
#16120002
1%
b100010110 &
1#
#16125002
0#
#16130002
0%
b100010111 =
b101011100110 B
b1001011101111101 A
1#
#16135002
0#
#16140002
1%
b100010111 &
1#
#16145002
0#
#16150002
0%
b100011000 =
b101011110000 B
b1001100010010100 A
1#
#16155002
0#
#16160002
1%
b100011000 &
1#
#16165002
0#
#16170002
0%
b100011001 =
b101011111010 B
b1001100110101100 A
1#
#16175002
0#
#16180002
1%
b100011001 &
1#
#16185002
0#
#16190002
0%
b100011010 =
b101100000100 B
b1001101011000101 A
1#
#16195002
0#
#16200002
1%
b100011010 &
1#
#16205002
0#
#16210002
0%
b100011011 =
b101100001110 B
b1001101111011111 A
1#
#16215002
0#
#16220002
1%
b100011011 &
1#
#16225002
0#
#16230002
0%
b100011100 =
b101100011000 B
b1001110011111010 A
1#
#16235002
0#
#16240002
1%
b100011100 &
1#
#16245002
0#
#16250002
0%
b100011101 =
b101100100010 B
b1001111000010110 A
1#
#16255002
0#
#16260002
1%
b100011101 &
1#
#16265002
0#
#16270002
0%
b100011110 =
b101100101100 B
b1001111100110011 A
1#
#16275002
0#
#16280002
1%
b100011110 &
1#
#16285002
0#
#16290002
0%
b100011111 =
b101100110110 B
b1010000001010001 A
1#
#16295002
0#
#16300002
1%
b100011111 &
1#
#16305002
0#
#16310002
0%
b100100000 =
b101101000000 B
b1010000101110000 A
1#
#16315002
0#
#16320002
1%
b100100000 &
1#
#16325002
0#
#16330002
0%
b100100001 =
b101101001010 B
b1010001010010000 A
1#
#16335002
0#
#16340002
1%
b100100001 &
1#
#16345002
0#
#16350002
0%
b100100010 =
b101101010100 B
b1010001110110001 A
1#
#16355002
0#
#16360002
1%
b100100010 &
1#
#16365002
0#
#16370002
0%
b100100011 =
b101101011110 B
b1010010011010011 A
1#
#16375002
0#
#16380002
1%
b100100011 &
1#
#16385002
0#
#16390002
0%
b100100100 =
b101101101000 B
b1010010111110110 A
1#
#16395002
0#
#16400002
1%
b100100100 &
1#
#16405002
0#
#16410002
0%
b100100101 =
b101101110010 B
b1010011100011010 A
1#
#16415002
0#
#16420002
1%
b100100101 &
1#
#16425002
0#
#16430002
0%
b100100110 =
b101101111100 B
b1010100000111111 A
1#
#16435002
0#
#16440002
1%
b100100110 &
1#
#16445002
0#
#16450002
0%
b100100111 =
b101110000110 B
b1010100101100101 A
1#
#16455002
0#
#16460002
1%
b100100111 &
1#
#16465002
0#
#16470002
0%
b100101000 =
b101110010000 B
b1010101010001100 A
1#
#16475002
0#
#16480002
1%
b100101000 &
1#
#16485002
0#
#16490002
0%
b100101001 =
b101110011010 B
b1010101110110100 A
1#
#16495002
0#
#16500002
1%
b100101001 &
1#
#16505002
0#
#16510002
0%
b100101010 =
b101110100100 B
b1010110011011101 A
1#
#16515002
0#
#16520002
1%
b100101010 &
1#
#16525002
0#
#16530002
0%
b100101011 =
b101110101110 B
b1010111000000111 A
1#
#16535002
0#
#16540002
1%
b100101011 &
1#
#16545002
0#
#16550002
0%
b100101100 =
b101110111000 B
b1010111100110010 A
1#
#16555002
0#
#16560002
1%
b100101100 &
1#
#16565002
0#
#16570002
0%
b100101101 =
b101111000010 B
b1011000001011110 A
1#
#16575002
0#
#16580002
1%
b100101101 &
1#
#16585002
0#
#16590002
0%
b100101110 =
b101111001100 B
b1011000110001011 A
1#
#16595002
0#
#16600002
1%
b100101110 &
1#
#16605002
0#
#16610002
0%
b100101111 =
b101111010110 B
b1011001010111001 A
1#
#16615002
0#
#16620002
1%
b100101111 &
1#
#16625002
0#
#16630002
0%
b100110000 =
b101111100000 B
b1011001111101000 A
1#
#16635002
0#
#16640002
1%
b100110000 &
1#
#16645002
0#
#16650002
0%
b100110001 =
b101111101010 B
b1011010100011000 A
1#
#16655002
0#
#16660002
1%
b100110001 &
1#
#16665002
0#
#16670002
0%
b100110010 =
b101111110100 B
b1011011001001001 A
1#
#16675002
0#
#16680002
1%
b100110010 &
1#
#16685002
0#
#16690002
0%
b100110011 =
b101111111110 B
b1011011101111011 A
1#
#16695002
0#
#16700002
1%
b100110011 &
1#
#16705002
0#
#16710002
0%
b100110100 =
b110000001000 B
b1011100010101110 A
1#
#16715002
0#
#16720002
1%
b100110100 &
1#
#16725002
0#
#16730002
0%
b100110101 =
b110000010010 B
b1011100111100010 A
1#
#16735002
0#
#16740002
1%
b100110101 &
1#
#16745002
0#
#16750002
0%
b100110110 =
b110000011100 B
b1011101100010111 A
1#
#16755002
0#
#16760002
1%
b100110110 &
1#
#16765002
0#
#16770002
0%
b100110111 =
b110000100110 B
b1011110001001101 A
1#
#16775002
0#
#16780002
1%
b100110111 &
1#
#16785002
0#
#16790002
0%
b100111000 =
b110000110000 B
b1011110110000100 A
1#
#16795002
0#
#16800002
1%
b100111000 &
1#
#16805002
0#
#16810002
0%
b100111001 =
b110000111010 B
b1011111010111100 A
1#
#16815002
0#
#16820002
1%
b100111001 &
1#
#16825002
0#
#16830002
0%
b100111010 =
b110001000100 B
b1011111111110101 A
1#
#16835002
0#
#16840002
1%
b100111010 &
1#
#16845002
0#
#16850002
0%
b100111011 =
b110001001110 B
b1100000100101111 A
1#
#16855002
0#
#16860002
1%
b100111011 &
1#
#16865002
0#
#16870002
0%
b100111100 =
b110001011000 B
b1100001001101010 A
1#
#16875002
0#
#16880002
1%
b100111100 &
1#
#16885002
0#
#16890002
0%
b100111101 =
b110001100010 B
b1100001110100110 A
1#
#16895002
0#
#16900002
1%
b100111101 &
1#
#16905002
0#
#16910002
0%
b100111110 =
b110001101100 B
b1100010011100011 A
1#
#16915002
0#
#16920002
1%
b100111110 &
1#
#16925002
0#
#16930002
0%
b100111111 =
b110001110110 B
b1100011000100001 A
1#
#16935002
0#
#16940002
1%
b100111111 &
1#
#16945002
0#
#16950002
0%
b101000000 =
b110010000000 B
b1100011101100000 A
1#
#16955002
0#
#16960002
1%
b101000000 &
1#
#16965002
0#
#16970002
0%
b101000001 =
b110010001010 B
b1100100010100000 A
1#
#16975002
0#
#16980002
1%
b101000001 &
1#
#16985002
0#
#16990002
0%
b101000010 =
b110010010100 B
b1100100111100001 A
1#
#16995002
0#
#17000002
1%
b101000010 &
1#
#17005002
0#
#17010002
0%
b101000011 =
b110010011110 B
b1100101100100011 A
1#
#17015002
0#
#17020002
1%
b101000011 &
1#
#17025002
0#
#17030002
0%
b101000100 =
b110010101000 B
b1100110001100110 A
1#
#17035002
0#
#17040002
1%
b101000100 &
1#
#17045002
0#
#17050002
0%
b101000101 =
b110010110010 B
b1100110110101010 A
1#
#17055002
0#
#17060002
1%
b101000101 &
1#
#17065002
0#
#17070002
0%
b101000110 =
b110010111100 B
b1100111011101111 A
1#
#17075002
0#
#17080002
1%
b101000110 &
1#
#17085002
0#
#17090002
0%
b101000111 =
b110011000110 B
b1101000000110101 A
1#
#17095002
0#
#17100002
1%
b101000111 &
1#
#17105002
0#
#17110002
0%
b101001000 =
b110011010000 B
b1101000101111100 A
1#
#17115002
0#
#17120002
1%
b101001000 &
1#
#17125002
0#
#17130002
0%
b101001001 =
b110011011010 B
b1101001011000100 A
1#
#17135002
0#
#17140002
1%
b101001001 &
1#
#17145002
0#
#17150002
0%
b101001010 =
b110011100100 B
b1101010000001101 A
1#
#17155002
0#
#17160002
1%
b101001010 &
1#
#17165002
0#
#17170002
0%
b101001011 =
b110011101110 B
b1101010101010111 A
1#
#17175002
0#
#17180002
1%
b101001011 &
1#
#17185002
0#
#17190002
0%
b101001100 =
b110011111000 B
b1101011010100010 A
1#
#17195002
0#
#17200002
1%
b101001100 &
1#
#17205002
0#
#17210002
0%
b101001101 =
b110100000010 B
b1101011111101110 A
1#
#17215002
0#
#17220002
1%
b101001101 &
1#
#17225002
0#
#17230002
0%
b101001110 =
b110100001100 B
b1101100100111011 A
1#
#17235002
0#
#17240002
1%
b101001110 &
1#
#17245002
0#
#17250002
0%
b101001111 =
b110100010110 B
b1101101010001001 A
1#
#17255002
0#
#17260002
1%
b101001111 &
1#
#17265002
0#
#17270002
0%
b101010000 =
b110100100000 B
b1101101111011000 A
1#
#17275002
0#
#17280002
1%
b101010000 &
1#
#17285002
0#
#17290002
0%
b101010001 =
b110100101010 B
b1101110100101000 A
1#
#17295002
0#
#17300002
1%
b101010001 &
1#
#17305002
0#
#17310002
0%
b101010010 =
b110100110100 B
b1101111001111001 A
1#
#17315002
0#
#17320002
1%
b101010010 &
1#
#17325002
0#
#17330002
0%
b101010011 =
b110100111110 B
b1101111111001011 A
1#
#17335002
0#
#17340002
1%
b101010011 &
1#
#17345002
0#
#17350002
0%
b101010100 =
b110101001000 B
b1110000100011110 A
1#
#17355002
0#
#17360002
1%
b101010100 &
1#
#17365002
0#
#17370002
0%
b101010101 =
b110101010010 B
b1110001001110010 A
1#
#17375002
0#
#17380002
1%
b101010101 &
1#
#17385002
0#
#17390002
0%
b101010110 =
b110101011100 B
b1110001111000111 A
1#
#17395002
0#
#17400002
1%
b101010110 &
1#
#17405002
0#
#17410002
0%
b101010111 =
b110101100110 B
b1110010100011101 A
1#
#17415002
0#
#17420002
1%
b101010111 &
1#
#17425002
0#
#17430002
0%
b101011000 =
b110101110000 B
b1110011001110100 A
1#
#17435002
0#
#17440002
1%
b101011000 &
1#
#17445002
0#
#17450002
0%
b101011001 =
b110101111010 B
b1110011111001100 A
1#
#17455002
0#
#17460002
1%
b101011001 &
1#
#17465002
0#
#17470002
0%
b101011010 =
b110110000100 B
b1110100100100101 A
1#
#17475002
0#
#17480002
1%
b101011010 &
1#
#17485002
0#
#17490002
0%
b101011011 =
b110110001110 B
b1110101001111111 A
1#
#17495002
0#
#17500002
1%
b101011011 &
1#
#17505002
0#
#17510002
0%
b101011100 =
b110110011000 B
b1110101111011010 A
1#
#17515002
0#
#17520002
1%
b101011100 &
1#
#17525002
0#
#17530002
0%
b101011101 =
b110110100010 B
b1110110100110110 A
1#
#17535002
0#
#17540002
1%
b101011101 &
1#
#17545002
0#
#17550002
0%
b101011110 =
b110110101100 B
b1110111010010011 A
1#
#17555002
0#
#17560002
1%
b101011110 &
1#
#17565002
0#
#17570002
0%
b101011111 =
b110110110110 B
b1110111111110001 A
1#
#17575002
0#
#17580002
1%
b101011111 &
1#
#17585002
0#
#17590002
0%
b101100000 =
b110111000000 B
b1111000101010000 A
1#
#17595002
0#
#17600002
1%
b101100000 &
1#
#17605002
0#
#17610002
0%
b101100001 =
b110111001010 B
b1111001010110000 A
1#
#17615002
0#
#17620002
1%
b101100001 &
1#
#17625002
0#
#17630002
0%
b101100010 =
b110111010100 B
b1111010000010001 A
1#
#17635002
0#
#17640002
1%
b101100010 &
1#
#17645002
0#
#17650002
0%
b101100011 =
b110111011110 B
b1111010101110011 A
1#
#17655002
0#
#17660002
1%
b101100011 &
1#
#17665002
0#
#17670002
0%
b101100100 =
b110111101000 B
b1111011011010110 A
1#
#17675002
0#
#17680002
1%
b101100100 &
1#
#17685002
0#
#17690002
0%
b101100101 =
b110111110010 B
b1111100000111010 A
1#
#17695002
0#
#17700002
1%
b101100101 &
1#
#17705002
0#
#17710002
0%
b101100110 =
b110111111100 B
b1111100110011111 A
1#
#17715002
0#
#17720002
1%
b101100110 &
1#
#17725002
0#
#17730002
0%
b101100111 =
b111000000110 B
b1111101100000101 A
1#
#17735002
0#
#17740002
1%
b101100111 &
1#
#17745002
0#
#17750002
0%
b101101000 =
b111000010000 B
b1111110001101100 A
1#
#17755002
0#
#17760002
1%
b101101000 &
1#
#17765002
0#
#17770002
0%
b101101001 =
b111000011010 B
b1111110111010100 A
1#
#17775002
0#
#17780002
1%
b101101001 &
1#
#17785002
0#
#17790002
0%
b101101010 =
b111000100100 B
b1111111100111101 A
1#
#17795002
0#
#17800002
1%
b101101010 &
1#
#17805002
0#
#17810002
0%
b101101011 =
b111000101110 B
b10000000010100111 A
1#
#17815002
0#
#17820002
1%
b101101011 &
1#
#17825002
0#
#17830002
0%
b101101100 =
b111000111000 B
b10000001000010010 A
1#
#17835002
0#
#17840002
1%
b101101100 &
1#
#17845002
0#
#17850002
0%
b101101101 =
b111001000010 B
b10000001101111110 A
1#
#17855002
0#
#17860002
1%
b101101101 &
1#
#17865002
0#
#17870002
0%
b101101110 =
b111001001100 B
b10000010011101011 A
1#
#17875002
0#
#17880002
1%
b101101110 &
1#
#17885002
0#
#17890002
0%
b101101111 =
b111001010110 B
b10000011001011001 A
1#
#17895002
0#
#17900002
1%
b101101111 &
1#
#17905002
0#
#17910002
0%
b101110000 =
b111001100000 B
b10000011111001000 A
1#
#17915002
0#
#17920002
1%
b101110000 &
1#
#17925002
0#
#17930002
0%
b101110001 =
b111001101010 B
b10000100100111000 A
1#
#17935002
0#
#17940002
1%
b101110001 &
1#
#17945002
0#
#17950002
0%
b101110010 =
b111001110100 B
b10000101010101001 A
1#
#17955002
0#
#17960002
1%
b101110010 &
1#
#17965002
0#
#17970002
0%
b101110011 =
b111001111110 B
b10000110000011011 A
1#
#17975002
0#
#17980002
1%
b101110011 &
1#
#17985002
0#
#17990002
0%
b101110100 =
b111010001000 B
b10000110110001110 A
1#
#17995002
0#
#18000002
1%
b101110100 &
1#
#18005002
0#
#18010002
0%
b101110101 =
b111010010010 B
b10000111100000010 A
1#
#18015002
0#
#18020002
1%
b101110101 &
1#
#18025002
0#
#18030002
0%
b101110110 =
b111010011100 B
b10001000001110111 A
1#
#18035002
0#
#18040002
1%
b101110110 &
1#
#18045002
0#
#18050002
0%
b101110111 =
b111010100110 B
b10001000111101101 A
1#
#18055002
0#
#18060002
1%
b101110111 &
1#
#18065002
0#
#18070002
0%
b101111000 =
b111010110000 B
b10001001101100100 A
1#
#18075002
0#
#18080002
1%
b101111000 &
1#
#18085002
0#
#18090002
0%
b101111001 =
b111010111010 B
b10001010011011100 A
1#
#18095002
0#
#18100002
1%
b101111001 &
1#
#18105002
0#
#18110002
0%
b101111010 =
b111011000100 B
b10001011001010101 A
1#
#18115002
0#
#18120002
1%
b101111010 &
1#
#18125002
0#
#18130002
0%
b101111011 =
b111011001110 B
b10001011111001111 A
1#
#18135002
0#
#18140002
1%
b101111011 &
1#
#18145002
0#
#18150002
0%
b101111100 =
b111011011000 B
b10001100101001010 A
1#
#18155002
0#
#18160002
1%
b101111100 &
1#
#18165002
0#
#18170002
0%
b101111101 =
b111011100010 B
b10001101011000110 A
1#
#18175002
0#
#18180002
1%
b101111101 &
1#
#18185002
0#
#18190002
0%
b101111110 =
b111011101100 B
b10001110001000011 A
1#
#18195002
0#
#18200002
1%
b101111110 &
1#
#18205002
0#
#18210002
0%
b101111111 =
b111011110110 B
b10001110111000001 A
1#
#18215002
0#
#18220002
1%
b101111111 &
1#
#18225002
0#
#18230002
0%
b110000000 =
b111100000000 B
b10001111101000000 A
1#
#18235002
0#
#18240002
1%
b110000000 &
1#
#18245002
0#
#18250002
0%
b110000001 =
b111100001010 B
b10010000011000000 A
1#
#18255002
0#
#18260002
1%
b110000001 &
1#
#18265002
0#
#18270002
0%
b110000010 =
b111100010100 B
b10010001001000001 A
1#
#18275002
0#
#18280002
1%
b110000010 &
1#
#18285002
0#
#18290002
0%
b110000011 =
b111100011110 B
b10010001111000011 A
1#
#18295002
0#
#18300002
1%
b110000011 &
1#
#18305002
0#
#18310002
0%
b110000100 =
b111100101000 B
b10010010101000110 A
1#
#18315002
0#
#18320002
1%
b110000100 &
1#
#18325002
0#
#18330002
0%
b110000101 =
b111100110010 B
b10010011011001010 A
1#
#18335002
0#
#18340002
1%
b110000101 &
1#
#18345002
0#
#18350002
0%
b110000110 =
b111100111100 B
b10010100001001111 A
1#
#18355002
0#
#18360002
1%
b110000110 &
1#
#18365002
0#
#18370002
0%
b110000111 =
b111101000110 B
b10010100111010101 A
1#
#18375002
0#
#18380002
1%
b110000111 &
1#
#18385002
0#
#18390002
0%
b110001000 =
b111101010000 B
b10010101101011100 A
1#
#18395002
0#
#18400002
1%
b110001000 &
1#
#18405002
0#
#18410002
0%
b110001001 =
b111101011010 B
b10010110011100100 A
1#
#18415002
0#
#18420002
1%
b110001001 &
1#
#18425002
0#
#18430002
0%
b110001010 =
b111101100100 B
b10010111001101101 A
1#
#18435002
0#
#18440002
1%
b110001010 &
1#
#18445002
0#
#18450002
0%
b110001011 =
b111101101110 B
b10010111111110111 A
1#
#18455002
0#
#18460002
1%
b110001011 &
1#
#18465002
0#
#18470002
0%
b110001100 =
b111101111000 B
b10011000110000010 A
1#
#18475002
0#
#18480002
1%
b110001100 &
1#
#18485002
0#
#18490002
0%
b110001101 =
b111110000010 B
b10011001100001110 A
1#
#18495002
0#
#18500002
1%
b110001101 &
1#
#18505002
0#
#18510002
0%
b110001110 =
b111110001100 B
b10011010010011011 A
1#
#18515002
0#
#18520002
1%
b110001110 &
1#
#18525002
0#
#18530002
0%
b110001111 =
b111110010110 B
b10011011000101001 A
1#
#18535002
0#
#18540002
1%
b110001111 &
1#
#18545002
0#
#18550002
0%
b110010000 =
b111110100000 B
b10011011110111000 A
1#
#18555002
0#
#18560002
1%
b110010000 &
1#
#18565002
0#
#18570002
0%
b110010001 =
b111110101010 B
b10011100101001000 A
1#
#18575002
0#
#18580002
1%
b110010001 &
1#
#18585002
0#
#18590002
0%
b110010010 =
b111110110100 B
b10011101011011001 A
1#
#18595002
0#
#18600002
1%
b110010010 &
1#
#18605002
0#
#18610002
0%
b110010011 =
b111110111110 B
b10011110001101011 A
1#
#18615002
0#
#18620002
1%
b110010011 &
1#
#18625002
0#
#18630002
0%
b110010100 =
b111111001000 B
b10011110111111110 A
1#
#18635002
0#
#18640002
1%
b110010100 &
1#
#18645002
0#
#18650002
0%
b110010101 =
b111111010010 B
b10011111110010010 A
1#
#18655002
0#
#18660002
1%
b110010101 &
1#
#18665002
0#
#18670002
0%
b110010110 =
b111111011100 B
b10100000100100111 A
1#
#18675002
0#
#18680002
1%
b110010110 &
1#
#18685002
0#
#18690002
0%
b110010111 =
b111111100110 B
b10100001010111101 A
1#
#18695002
0#
#18700002
1%
b110010111 &
1#
#18705002
0#
#18710002
0%
b110011000 =
b111111110000 B
b10100010001010100 A
1#
#18715002
0#
#18720002
1%
b110011000 &
1#
#18725002
0#
#18730002
0%
b110011001 =
b111111111010 B
b10100010111101100 A
1#
#18735002
0#
#18740002
1%
b110011001 &
1#
#18745002
0#
#18750002
0%
b110011010 =
b1000000000100 B
b10100011110000101 A
1#
#18755002
0#
#18760002
1%
b110011010 &
1#
#18765002
0#
#18770002
0%
b110011011 =
b1000000001110 B
b10100100100011111 A
1#
#18775002
0#
#18780002
1%
b110011011 &
1#
#18785002
0#
#18790002
0%
b110011100 =
b1000000011000 B
b10100101010111010 A
1#
#18795002
0#
#18800002
1"
1!
1#
#18805002
0#
#18810002
0!
1$
0"
19
b110011100 :
b110011100 D
b110011100 M
b1000000011000 <
b1000000011000 L
b10100101010111010 ;
b10100101010111010 C
1@
b0 =
b0 B
b0 A
13
1#
#18815002
0#
#18820002
0$
12
b110011100 G
b10100101010111010 F
b1 K
11
b110011100 P
b1000000011000 O
b1 T
03
0@
1#
#18825002
0#
#18830002
b111001111100 O
b1 R
b10100100100011110 F
b1 I
1#
#18835002
0#
#18840002
b10100011110000010 F
b10 I
b110011100000 O
b10 R
1#
#18845002
0#
#18850002
b101101000100 O
b11 R
b10100010111100110 F
b11 I
1#
#18855002
0#
#18860002
b10100010001001010 F
b100 I
b100110101000 O
b100 R
1#
#18865002
0#
#18870002
b100000001100 O
b101 R
b10100001010101110 F
b101 I
1#
#18875002
0#
#18880002
b10100000100010010 F
b110 I
b11001110000 O
b110 R
1#
#18885002
0#
#18890002
b10011010100 O
b111 R
b10011111101110110 F
b111 I
1#
#18895002
0#
#18900002
b10011110111011010 F
b1000 I
b1100111000 O
b1000 R
1#
#18905002
0#
#18910002
b110011100 O
b1001 R
b10011110000111110 F
b1001 I
1#
#18915002
0#
#18920002
b10011101010100010 F
b1010 I
b0 O
b1010 R
1#
#18925002
0#
#18930002
1)
01
b1010 -
b1010 Q
b0 T
b10011100100000110 F
b1011 I
1#
#18935002
0#
#18940002
b10011011101101010 F
b1100 I
0)
18
b1010 ?
1#
#18945002
0#
#18950002
b10011010111001110 F
b1101 I
1#
#18955002
0#
#18960002
b10011010000110010 F
b1110 I
1#
#18965002
0#
#18970002
b10011001010010110 F
b1111 I
1#
#18975002
0#
#18980002
b10011000011111010 F
b10000 I
1#
#18985002
0#
#18990002
b10010111101011110 F
b10001 I
1#
#18995002
0#
#19000002
b10010110111000010 F
b10010 I
1#
#19005002
0#
#19010002
b10010110000100110 F
b10011 I
1#
#19015002
0#
#19020002
b10010101010001010 F
b10100 I
1#
#19025002
0#
#19030002
b10010100011101110 F
b10101 I
1#
#19035002
0#
#19040002
b10010011101010010 F
b10110 I
1#
#19045002
0#
#19050002
b10010010110110110 F
b10111 I
1#
#19055002
0#
#19060002
b10010010000011010 F
b11000 I
1#
#19065002
0#
#19070002
b10010001001111110 F
b11001 I
1#
#19075002
0#
#19080002
b10010000011100010 F
b11010 I
1#
#19085002
0#
#19090002
b10001111101000110 F
b11011 I
1#
#19095002
0#
#19100002
b10001110110101010 F
b11100 I
1#
#19105002
0#
#19110002
b10001110000001110 F
b11101 I
1#
#19115002
0#
#19120002
b10001101001110010 F
b11110 I
1#
#19125002
0#
#19130002
b10001100011010110 F
b11111 I
1#
#19135002
0#
#19140002
b10001011100111010 F
b100000 I
1#
#19145002
0#
#19150002
b10001010110011110 F
b100001 I
1#
#19155002
0#
#19160002
b10001010000000010 F
b100010 I
1#
#19165002
0#
#19170002
b10001001001100110 F
b100011 I
1#
#19175002
0#
#19180002
b10001000011001010 F
b100100 I
1#
#19185002
0#
#19190002
b10000111100101110 F
b100101 I
1#
#19195002
0#
#19200002
b10000110110010010 F
b100110 I
1#
#19205002
0#
#19210002
b10000101111110110 F
b100111 I
1#
#19215002
0#
#19220002
b10000101001011010 F
b101000 I
1#
#19225002
0#
#19230002
b10000100010111110 F
b101001 I
1#
#19235002
0#
#19240002
b10000011100100010 F
b101010 I
1#
#19245002
0#
#19250002
b10000010110000110 F
b101011 I
1#
#19255002
0#
#19260002
b10000001111101010 F
b101100 I
1#
#19265002
0#
#19270002
b10000001001001110 F
b101101 I
1#
#19275002
0#
#19280002
b10000000010110010 F
b101110 I
1#
#19285002
0#
#19290002
b1111111100010110 F
b101111 I
1#
#19295002
0#
#19300002
b1111110101111010 F
b110000 I
1#
#19305002
0#
#19310002
b1111101111011110 F
b110001 I
1#
#19315002
0#
#19320002
b1111101001000010 F
b110010 I
1#
#19325002
0#
#19330002
b1111100010100110 F
b110011 I
1#
#19335002
0#
#19340002
b1111011100001010 F
b110100 I
1#
#19345002
0#
#19350002
b1111010101101110 F
b110101 I
1#
#19355002
0#
#19360002
b1111001111010010 F
b110110 I
1#
#19365002
0#
#19370002
b1111001000110110 F
b110111 I
1#
#19375002
0#
#19380002
b1111000010011010 F
b111000 I
1#
#19385002
0#
#19390002
b1110111011111110 F
b111001 I
1#
#19395002
0#
#19400002
b1110110101100010 F
b111010 I
1#
#19405002
0#
#19410002
b1110101111000110 F
b111011 I
1#
#19415002
0#
#19420002
b1110101000101010 F
b111100 I
1#
#19425002
0#
#19430002
b1110100010001110 F
b111101 I
1#
#19435002
0#
#19440002
b1110011011110010 F
b111110 I
1#
#19445002
0#
#19450002
b1110010101010110 F
b111111 I
1#
#19455002
0#
#19460002
b1110001110111010 F
b1000000 I
1#
#19465002
0#
#19470002
b1110001000011110 F
b1000001 I
1#
#19475002
0#
#19480002
b1110000010000010 F
b1000010 I
1#
#19485002
0#
#19490002
b1101111011100110 F
b1000011 I
1#
#19495002
0#
#19500002
b1101110101001010 F
b1000100 I
1#
#19505002
0#
#19510002
b1101101110101110 F
b1000101 I
1#
#19515002
0#
#19520002
b1101101000010010 F
b1000110 I
1#
#19525002
0#
#19530002
b1101100001110110 F
b1000111 I
1#
#19535002
0#
#19540002
b1101011011011010 F
b1001000 I
1#
#19545002
0#
#19550002
b1101010100111110 F
b1001001 I
1#
#19555002
0#
#19560002
b1101001110100010 F
b1001010 I
1#
#19565002
0#
#19570002
b1101001000000110 F
b1001011 I
1#
#19575002
0#
#19580002
b1101000001101010 F
b1001100 I
1#
#19585002
0#
#19590002
b1100111011001110 F
b1001101 I
1#
#19595002
0#
#19600002
b1100110100110010 F
b1001110 I
1#
#19605002
0#
#19610002
b1100101110010110 F
b1001111 I
1#
#19615002
0#
#19620002
b1100100111111010 F
b1010000 I
1#
#19625002
0#
#19630002
b1100100001011110 F
b1010001 I
1#
#19635002
0#
#19640002
b1100011011000010 F
b1010010 I
1#
#19645002
0#
#19650002
b1100010100100110 F
b1010011 I
1#
#19655002
0#
#19660002
b1100001110001010 F
b1010100 I
1#
#19665002
0#
#19670002
b1100000111101110 F
b1010101 I
1#
#19675002
0#
#19680002
b1100000001010010 F
b1010110 I
1#
#19685002
0#
#19690002
b1011111010110110 F
b1010111 I
1#
#19695002
0#
#19700002
b1011110100011010 F
b1011000 I
1#
#19705002
0#
#19710002
b1011101101111110 F
b1011001 I
1#
#19715002
0#
#19720002
b1011100111100010 F
b1011010 I
1#
#19725002
0#
#19730002
b1011100001000110 F
b1011011 I
1#
#19735002
0#
#19740002
b1011011010101010 F
b1011100 I
1#
#19745002
0#
#19750002
b1011010100001110 F
b1011101 I
1#
#19755002
0#
#19760002
b1011001101110010 F
b1011110 I
1#
#19765002
0#
#19770002
b1011000111010110 F
b1011111 I
1#
#19775002
0#
#19780002
b1011000000111010 F
b1100000 I
1#
#19785002
0#
#19790002
b1010111010011110 F
b1100001 I
1#
#19795002
0#
#19800002
b1010110100000010 F
b1100010 I
1#
#19805002
0#
#19810002
b1010101101100110 F
b1100011 I
1#
#19815002
0#
#19820002
b1010100111001010 F
b1100100 I
1#
#19825002
0#
#19830002
b1010100000101110 F
b1100101 I
1#
#19835002
0#
#19840002
b1010011010010010 F
b1100110 I
1#
#19845002
0#
#19850002
b1010010011110110 F
b1100111 I
1#
#19855002
0#
#19860002
b1010001101011010 F
b1101000 I
1#
#19865002
0#
#19870002
b1010000110111110 F
b1101001 I
1#
#19875002
0#
#19880002
b1010000000100010 F
b1101010 I
1#
#19885002
0#
#19890002
b1001111010000110 F
b1101011 I
1#
#19895002
0#
#19900002
b1001110011101010 F
b1101100 I
1#
#19905002
0#
#19910002
b1001101101001110 F
b1101101 I
1#
#19915002
0#
#19920002
b1001100110110010 F
b1101110 I
1#
#19925002
0#
#19930002
b1001100000010110 F
b1101111 I
1#
#19935002
0#
#19940002
b1001011001111010 F
b1110000 I
1#
#19945002
0#
#19950002
b1001010011011110 F
b1110001 I
1#
#19955002
0#
#19960002
b1001001101000010 F
b1110010 I
1#
#19965002
0#
#19970002
b1001000110100110 F
b1110011 I
1#
#19975002
0#
#19980002
b1001000000001010 F
b1110100 I
1#
#19985002
0#
#19990002
b1000111001101110 F
b1110101 I
1#
#19995002
0#
#20000002
b1000110011010010 F
b1110110 I
1#
#20005002
0#
#20010002
b1000101100110110 F
b1110111 I
1#
#20015002
0#
#20020002
b1000100110011010 F
b1111000 I
1#
#20025002
0#
#20030002
b1000011111111110 F
b1111001 I
1#
#20035002
0#
#20040002
b1000011001100010 F
b1111010 I
1#
#20045002
0#
#20050002
b1000010011000110 F
b1111011 I
1#
#20055002
0#
#20060002
b1000001100101010 F
b1111100 I
1#
#20065002
0#
#20070002
b1000000110001110 F
b1111101 I
1#
#20075002
0#
#20080002
b111111111110010 F
b1111110 I
1#
#20085002
0#
#20090002
b111111001010110 F
b1111111 I
1#
#20095002
0#
#20100002
b111110010111010 F
b10000000 I
1#
#20105002
0#
#20110002
b111101100011110 F
b10000001 I
1#
#20115002
0#
#20120002
b111100110000010 F
b10000010 I
1#
#20125002
0#
#20130002
b111011111100110 F
b10000011 I
1#
#20135002
0#
#20140002
b111011001001010 F
b10000100 I
1#
#20145002
0#
#20150002
b111010010101110 F
b10000101 I
1#
#20155002
0#
#20160002
b111001100010010 F
b10000110 I
1#
#20165002
0#
#20170002
b111000101110110 F
b10000111 I
1#
#20175002
0#
#20180002
b110111111011010 F
b10001000 I
1#
#20185002
0#
#20190002
b110111000111110 F
b10001001 I
1#
#20195002
0#
#20200002
b110110010100010 F
b10001010 I
1#
#20205002
0#
#20210002
b110101100000110 F
b10001011 I
1#
#20215002
0#
#20220002
b110100101101010 F
b10001100 I
1#
#20225002
0#
#20230002
b110011111001110 F
b10001101 I
1#
#20235002
0#
#20240002
b110011000110010 F
b10001110 I
1#
#20245002
0#
#20250002
b110010010010110 F
b10001111 I
1#
#20255002
0#
#20260002
b110001011111010 F
b10010000 I
1#
#20265002
0#
#20270002
b110000101011110 F
b10010001 I
1#
#20275002
0#
#20280002
b101111111000010 F
b10010010 I
1#
#20285002
0#
#20290002
b101111000100110 F
b10010011 I
1#
#20295002
0#
#20300002
b101110010001010 F
b10010100 I
1#
#20305002
0#
#20310002
b101101011101110 F
b10010101 I
1#
#20315002
0#
#20320002
b101100101010010 F
b10010110 I
1#
#20325002
0#
#20330002
b101011110110110 F
b10010111 I
1#
#20335002
0#
#20340002
b101011000011010 F
b10011000 I
1#
#20345002
0#
#20350002
b101010001111110 F
b10011001 I
1#
#20355002
0#
#20360002
b101001011100010 F
b10011010 I
1#
#20365002
0#
#20370002
b101000101000110 F
b10011011 I
1#
#20375002
0#
#20380002
b100111110101010 F
b10011100 I
1#
#20385002
0#
#20390002
b100111000001110 F
b10011101 I
1#
#20395002
0#
#20400002
b100110001110010 F
b10011110 I
1#
#20405002
0#
#20410002
b100101011010110 F
b10011111 I
1#
#20415002
0#
#20420002
b100100100111010 F
b10100000 I
1#
#20425002
0#
#20430002
b100011110011110 F
b10100001 I
1#
#20435002
0#
#20440002
b100011000000010 F
b10100010 I
1#
#20445002
0#
#20450002
b100010001100110 F
b10100011 I
1#
#20455002
0#
#20460002
b100001011001010 F
b10100100 I
1#
#20465002
0#
#20470002
b100000100101110 F
b10100101 I
1#
#20475002
0#
#20480002
b11111110010010 F
b10100110 I
1#
#20485002
0#
#20490002
b11110111110110 F
b10100111 I
1#
#20495002
0#
#20500002
b11110001011010 F
b10101000 I
1#
#20505002
0#
#20510002
b11101010111110 F
b10101001 I
1#
#20515002
0#
#20520002
b11100100100010 F
b10101010 I
1#
#20525002
0#
#20530002
b11011110000110 F
b10101011 I
1#
#20535002
0#
#20540002
b11010111101010 F
b10101100 I
1#
#20545002
0#
#20550002
b11010001001110 F
b10101101 I
1#
#20555002
0#
#20560002
b11001010110010 F
b10101110 I
1#
#20565002
0#
#20570002
b11000100010110 F
b10101111 I
1#
#20575002
0#
#20580002
b10111101111010 F
b10110000 I
1#
#20585002
0#
#20590002
b10110111011110 F
b10110001 I
1#
#20595002
0#
#20600002
b10110001000010 F
b10110010 I
1#
#20605002
0#
#20610002
b10101010100110 F
b10110011 I
1#
#20615002
0#
#20620002
b10100100001010 F
b10110100 I
1#
#20625002
0#
#20630002
b10011101101110 F
b10110101 I
1#
#20635002
0#
#20640002
b10010111010010 F
b10110110 I
1#
#20645002
0#
#20650002
b10010000110110 F
b10110111 I
1#
#20655002
0#
#20660002
b10001010011010 F
b10111000 I
1#
#20665002
0#
#20670002
b10000011111110 F
b10111001 I
1#
#20675002
0#
#20680002
b1111101100010 F
b10111010 I
1#
#20685002
0#
#20690002
b1110111000110 F
b10111011 I
1#
#20695002
0#
#20700002
b1110000101010 F
b10111100 I
1#
#20705002
0#
#20710002
b1101010001110 F
b10111101 I
1#
#20715002
0#
#20720002
b1100011110010 F
b10111110 I
1#
#20725002
0#
#20730002
b1011101010110 F
b10111111 I
1#
#20735002
0#
#20740002
b1010110111010 F
b11000000 I
1#
#20745002
0#
#20750002
b1010000011110 F
b11000001 I
1#
#20755002
0#
#20760002
b1001010000010 F
b11000010 I
1#
#20765002
0#
#20770002
b1000011100110 F
b11000011 I
1#
#20775002
0#
#20780002
b111101001010 F
b11000100 I
1#
#20785002
0#
#20790002
b110110101110 F
b11000101 I
1#
#20795002
0#
#20800002
b110000010010 F
b11000110 I
1#
#20805002
0#
#20810002
b101001110110 F
b11000111 I
1#
#20815002
0#
#20820002
b100011011010 F
b11001000 I
1#
#20825002
0#
#20830002
b11100111110 F
b11001001 I
1#
#20835002
0#
#20840002
b10110100010 F
b11001010 I
1#
#20845002
0#
#20850002
b10000000110 F
b11001011 I
1#
#20855002
0#
#20860002
b1001101010 F
b11001100 I
1#
#20865002
0#
#20870002
b11001110 F
b11001101 I
1#
#20875002
0#
#20880002
1*
02
b11001101 .
b11001101 H
b11001110 ,
b11001110 J
b0 K
1#
#20885002
0#
#20890002
17
b11001101 >
0*
1#
#20895002
0#
#20900002
09
14
b1010 6
b11001101 5
1#
#20905002
0#
#20910002
04
1#
#20915002
0#
#20920002
1#
#20920003
1(
b0 '
b0 &
#20925003
0#
#20930003
b0 :
b0 D
b0 M
b0 <
b0 L
b0 ;
b0 C
b0 6
b0 5
b0 ?
b0 >
08
07
b0 P
b0 R
b0 ,
b0 J
b0 G
b0 F
b0 I
1#
#20935003
0#
#20940003
1#
#20945003
0#
#20950003
1#
#20955003
0#
#20960003
1#
#20965003
0#
#20970003
0(
1#
#20975003
0#
#20980003
1#
#20985003
0#
#20990003
1"
1!
1#
#20995003
0#
#21000003
0!
0"
13
1#
#21005003
0#
#21010003
03
1#
#21015003
0#
#21020003
1#
#21025003
0#
#21030003
1#
#21035003
0#
#21040003
1#
#21045003
0#
#21050003
1#
#21055003
0#
#21060003
1#
#21065003
0#
#21070003
1#
#21075003
0#
#21080003
1#
#21085003
0#
#21090003
1#
#21095003
0#
#21100003
1#
#21105003
0#
#21110003
1#
#21115003
0#
#21120003
1#
#21125003
0#
#21130003
1#
#21135003
0#
#21140003
1#
#21145003
0#
#21150003
1#
#21155003
0#
#21160003
1#
#21165003
0#
#21170003
1#
#21175003
0#
#21180003
1#
#21185003
0#
#21190003
1#
#21195003
0#
#21200003
1#
#21205003
0#
#21210003
1#
#21215003
0#
#21220003
1#
#21225003
0#
#21230003
1#
#21235003
0#
#21240003
1#
#21245003
0#
#21250003
1#
#21255003
0#
#21260003
1#
#21265003
0#
#21270003
1#
#21275003
0#
#21280003
1#
#21285003
0#
#21290003
1#
#21295003
0#
#21300003
1#
#21305003
0#
#21310003
1#
#21315003
0#
#21320003
1#
#21325003
0#
#21330003
1#
#21335003
0#
#21340003
1#
#21345003
0#
#21350003
1#
#21355003
0#
#21360003
1#
#21365003
0#
#21370003
1#
#21375003
0#
#21380003
1#
#21385003
0#
#21390003
1#
#21395003
0#
#21400003
1#
#21405003
0#
#21410003
1#
#21415003
0#
#21420003
1#
#21425003
0#
#21430003
1#
#21435003
0#
#21440003
1#
#21445003
0#
#21450003
1#
#21455003
0#
#21460003
1#
#21465003
0#
#21470003
1#
#21475003
0#
#21480003
1#
#21485003
0#
#21490003
1#
#21495003
0#
#21500003
1#
#21505003
0#
#21510003
1#
#21515003
0#
#21520003
1#
#21525003
0#
#21530003
1#
#21535003
0#
#21540003
1#
#21545003
0#
#21550003
1#
#21555003
0#
#21560003
1#
#21565003
0#
#21570003
1#
#21575003
0#
#21580003
1#
#21585003
0#
#21590003
1#
#21595003
0#
#21600003
1#
#21605003
0#
#21610003
1#
#21615003
0#
#21620003
1#
#21625003
0#
#21630003
1#
#21635003
0#
#21640003
1#
#21645003
0#
#21650003
1#
#21655003
0#
#21660003
1#
#21665003
0#
#21670003
1#
#21675003
0#
#21680003
1#
#21685003
0#
#21690003
1#
#21695003
0#
#21700003
1#
#21705003
0#
#21710003
1#
#21715003
0#
#21720003
1#
#21725003
0#
#21730003
1#
#21735003
0#
#21740003
1#
#21745003
0#
#21750003
1#
#21755003
0#
#21760003
1#
#21765003
0#
#21770003
1#
#21775003
0#
#21780003
1#
#21785003
0#
#21790003
1#
#21795003
0#
#21800003
1#
#21805003
0#
#21810003
1#
#21815003
0#
#21820003
1#
#21825003
0#
#21830003
1#
#21835003
0#
#21840003
1#
#21845003
0#
#21850003
1#
#21855003
0#
#21860003
1#
#21865003
0#
#21870003
1#
#21875003
0#
#21880003
1#
#21885003
0#
#21890003
1#
#21895003
0#
#21900003
1#
#21905003
0#
#21910003
1#
#21915003
0#
#21920003
1#
#21925003
0#
#21930003
1#
#21935003
0#
#21940003
1#
#21945003
0#
#21950003
1#
#21955003
0#
#21960003
1#
#21965003
0#
#21970003
1#
#21975003
0#
#21980003
1#
#21985003
0#
#21990003
1#
#21995003
0#
#22000003
1#
#22005003
0#
#22010003
1#
#22015003
0#
#22020003
1#
#22025003
0#
#22030003
1#
#22035003
0#
#22040003
1#
#22045003
0#
#22050003
1#
#22055003
0#
#22060003
1#
#22065003
0#
#22070003
1#
#22075003
0#
#22080003
1#
#22085003
0#
#22090003
1#
#22095003
0#
#22100003
1#
#22105003
0#
#22110003
1#
#22115003
0#
#22120003
1#
#22125003
0#
#22130003
1#
#22135003
0#
#22140003
1#
#22145003
0#
#22150003
1#
#22155003
0#
#22160003
1#
#22165003
0#
#22170003
1#
#22175003
0#
#22180003
1#
#22185003
0#
#22190003
1#
#22195003
0#
#22200003
1#
#22205003
0#
#22210003
1#
#22215003
0#
#22220003
1#
#22225003
0#
#22230003
1#
#22235003
0#
#22240003
1#
#22245003
0#
#22250003
1#
#22255003
0#
#22260003
1#
#22265003
0#
#22270003
1#
#22275003
0#
#22280003
1#
#22285003
0#
#22290003
1#
#22295003
0#
#22300003
1#
#22305003
0#
#22310003
1#
#22315003
0#
#22320003
1#
#22325003
0#
#22330003
1#
#22335003
0#
#22340003
1#
#22345003
0#
#22350003
1#
#22355003
0#
#22360003
1#
#22365003
0#
#22370003
1#
#22375003
0#
#22380003
1#
#22385003
0#
#22390003
1#
#22395003
0#
#22400003
1#
#22405003
0#
#22410003
1#
#22415003
0#
#22420003
1#
#22425003
0#
#22430003
1#
#22435003
0#
#22440003
1#
#22445003
0#
#22450003
1#
#22455003
0#
#22460003
1#
#22465003
0#
#22470003
1#
#22475003
0#
#22480003
1#
#22485003
0#
#22490003
1#
#22495003
0#
#22500003
1#
#22505003
0#
#22510003
1#
#22515003
0#
#22520003
1#
#22525003
0#
#22530003
1#
#22535003
0#
#22540003
1#
#22545003
0#
#22550003
1#
#22555003
0#
#22560003
1#
#22565003
0#
#22570003
1#
#22575003
0#
#22580003
1#
#22585003
0#
#22590003
1#
#22595003
0#
#22600003
1#
#22605003
0#
#22610003
1#
#22615003
0#
#22620003
1#
#22625003
0#
#22630003
1#
#22635003
0#
#22640003
1#
#22645003
0#
#22650003
1#
#22655003
0#
#22660003
1#
#22665003
0#
#22670003
1#
#22675003
0#
#22680003
1#
#22685003
0#
#22690003
1#
#22695003
0#
#22700003
1#
#22705003
0#
#22710003
1#
#22715003
0#
#22720003
1#
#22725003
0#
#22730003
1#
#22735003
0#
#22740003
1#
#22745003
0#
#22750003
1#
#22755003
0#
#22760003
1#
#22765003
0#
#22770003
1#
#22775003
0#
#22780003
1#
#22785003
0#
#22790003
1#
#22795003
0#
#22800003
1#
#22805003
0#
#22810003
1#
#22815003
0#
#22820003
1#
#22825003
0#
#22830003
1#
#22835003
0#
#22840003
1#
#22845003
0#
#22850003
1#
#22855003
0#
#22860003
1#
#22865003
0#
#22870003
1#
#22875003
0#
#22880003
1#
#22885003
0#
#22890003
1#
#22895003
0#
#22900003
1#
#22905003
0#
#22910003
1#
#22915003
0#
#22920003
1#
#22925003
0#
#22930003
1#
#22935003
0#
#22940003
1#
#22945003
0#
#22950003
1#
#22955003
0#
#22960003
1#
#22965003
0#
#22970003
1#
#22975003
0#
#22980003
1#
#22985003
0#
#22990003
1#
#22995003
0#
#23000003
1#
#23005003
0#
#23010003
1#
#23015003
0#
#23020003
1#
#23025003
0#
#23030003
1#
#23035003
0#
#23040003
1#
#23045003
0#
#23050003
1#
#23055003
0#
#23060003
1#
#23065003
0#
#23070003
1#
#23075003
0#
#23080003
1#
#23085003
0#
#23090003
1#
#23095003
0#
#23100003
1#
#23105003
0#
#23110003
1#
#23115003
0#
#23120003
1#
#23125003
0#
#23130003
1#
#23135003
0#
#23140003
1#
#23145003
0#
#23150003
1#
#23155003
0#
#23160003
1#
#23165003
0#
#23170003
1#
#23175003
0#
#23180003
1#
#23185003
0#
#23190003
1#
#23195003
0#
#23200003
1#
#23205003
0#
#23210003
1#
#23215003
0#
#23220003
1#
#23225003
0#
#23230003
1#
#23235003
0#
#23240003
1#
#23245003
0#
#23250003
1#
#23255003
0#
#23260003
1#
#23265003
0#
#23270003
1#
#23275003
0#
#23280003
1#
#23285003
0#
#23290003
1#
#23295003
0#
#23300003
1#
#23305003
0#
#23310003
1#
#23315003
0#
#23320003
1#
#23325003
0#
#23330003
1#
#23335003
0#
#23340003
1#
#23345003
0#
#23350003
1#
#23355003
0#
#23360003
1#
#23365003
0#
#23370003
1#
#23375003
0#
#23380003
1#
#23385003
0#
#23390003
1#
#23395003
0#
#23400003
1#
#23405003
0#
#23410003
1#
#23415003
0#
#23420003
1#
#23425003
0#
#23430003
1#
#23435003
0#
#23440003
1#
#23445003
0#
#23450003
1#
#23455003
0#
#23460003
1#
#23465003
0#
#23470003
1#
#23475003
0#
#23480003
1#
#23485003
0#
#23490003
1#
#23495003
0#
#23500003
1#
#23505003
0#
#23510003
1#
#23515003
0#
#23520003
1#
#23525003
0#
#23530003
1#
#23535003
0#
#23540003
1#
#23545003
0#
#23550003
1#
#23555003
0#
#23560003
1#
#23565003
0#
#23570003
1#
#23575003
0#
#23580003
1#
#23585003
0#
#23590003
1#
#23595003
0#
#23600003
1#
#23605003
0#
#23610003
1#
#23615003
0#
#23620003
1#
#23625003
0#
#23630003
1#
#23635003
0#
#23640003
1#
#23645003
0#
#23650003
1#
#23655003
0#
#23660003
1#
#23665003
0#
#23670003
1#
#23675003
0#
#23680003
1#
#23685003
0#
#23690003
1#
#23695003
0#
#23700003
1#
#23705003
0#
#23710003
1#
#23715003
0#
#23720003
1#
#23725003
0#
#23730003
1#
#23735003
0#
#23740003
1#
#23745003
0#
#23750003
1#
#23755003
0#
#23760003
1#
#23765003
0#
#23770003
1#
#23775003
0#
#23780003
1#
#23785003
0#
#23790003
1#
#23795003
0#
#23800003
1#
#23805003
0#
#23810003
1#
#23815003
0#
#23820003
1#
#23825003
0#
#23830003
1#
#23835003
0#
#23840003
1#
#23845003
0#
#23850003
1#
#23855003
0#
#23860003
1#
#23865003
0#
#23870003
1#
#23875003
0#
#23880003
1#
#23885003
0#
#23890003
1#
#23895003
0#
#23900003
1#
#23905003
0#
#23910003
1#
#23915003
0#
#23920003
1#
#23925003
0#
#23930003
1#
#23935003
0#
#23940003
1#
#23945003
0#
#23950003
1#
#23955003
0#
#23960003
1#
#23965003
0#
#23970003
1#
#23975003
0#
#23980003
1#
#23985003
0#
#23990003
1#
#23995003
0#
#24000003
1#
#24005003
0#
#24010003
1#
#24015003
0#
#24020003
1#
#24025003
0#
#24030003
1#
#24035003
0#
#24040003
1#
#24045003
0#
#24050003
1#
#24055003
0#
#24060003
1#
#24065003
0#
#24070003
1#
#24075003
0#
#24080003
1#
#24085003
0#
#24090003
1#
#24095003
0#
#24100003
1#
#24105003
0#
#24110003
1#
#24115003
0#
#24120003
1#
#24125003
0#
#24130003
1#
#24135003
0#
#24140003
1#
#24145003
0#
#24150003
1#
#24155003
0#
#24160003
1#
#24165003
0#
#24170003
1#
#24175003
0#
#24180003
1#
#24185003
0#
#24190003
1#
#24195003
0#
#24200003
1#
#24205003
0#
#24210003
1#
#24215003
0#
#24220003
1#
#24225003
0#
#24230003
1#
#24235003
0#
#24240003
1#
#24245003
0#
#24250003
1#
#24255003
0#
#24260003
1#
#24265003
0#
#24270003
1#
#24275003
0#
#24280003
1#
#24285003
0#
#24290003
1#
#24295003
0#
#24300003
1#
#24305003
0#
#24310003
1#
#24315003
0#
#24320003
1#
#24325003
0#
#24330003
1#
#24335003
0#
#24340003
1#
#24345003
0#
#24350003
1#
#24355003
0#
#24360003
1#
#24365003
0#
#24370003
1#
#24375003
0#
#24380003
1#
#24385003
0#
#24390003
1#
#24395003
0#
#24400003
1#
#24405003
0#
#24410003
1#
#24415003
0#
#24420003
1#
#24425003
0#
#24430003
1#
#24435003
0#
#24440003
1#
#24445003
0#
#24450003
1#
#24455003
0#
#24460003
1#
#24465003
0#
#24470003
1#
#24475003
0#
#24480003
1#
#24485003
0#
#24490003
1#
#24495003
0#
#24500003
1#
#24505003
0#
#24510003
1#
#24515003
0#
#24520003
1#
#24525003
0#
#24530003
1#
#24535003
0#
#24540003
1#
#24545003
0#
#24550003
1#
#24555003
0#
#24560003
1#
#24565003
0#
#24570003
1#
#24575003
0#
#24580003
1#
#24585003
0#
#24590003
1#
#24595003
0#
#24600003
1#
#24605003
0#
#24610003
1#
#24615003
0#
#24620003
1#
#24625003
0#
#24630003
1#
#24635003
0#
#24640003
1#
#24645003
0#
#24650003
1#
#24655003
0#
#24660003
1#
#24665003
0#
#24670003
1#
#24675003
0#
#24680003
1#
#24685003
0#
#24690003
1#
#24695003
0#
#24700003
1#
#24705003
0#
#24710003
1#
#24715003
0#
#24720003
1#
#24725003
0#
#24730003
1#
#24735003
0#
#24740003
1#
#24745003
0#
#24750003
1#
#24755003
0#
#24760003
1#
#24765003
0#
#24770003
1#
#24775003
0#
#24780003
1#
#24785003
0#
#24790003
1#
#24795003
0#
#24800003
1#
#24805003
0#
#24810003
1#
#24815003
0#
#24820003
1#
#24825003
0#
#24830003
1#
#24835003
0#
#24840003
1#
#24845003
0#
#24850003
1#
#24855003
0#
#24860003
1#
#24865003
0#
#24870003
1#
#24875003
0#
#24880003
1#
#24885003
0#
#24890003
1#
#24895003
0#
#24900003
1#
#24905003
0#
#24910003
1#
#24915003
0#
#24920003
1#
#24925003
0#
#24930003
1#
#24935003
0#
#24940003
1#
#24945003
0#
#24950003
1#
#24955003
0#
#24960003
1#
#24965003
0#
#24970003
1#
#24975003
0#
#24980003
1#
#24985003
0#
#24990003
1#
#24995003
0#
#25000003
1#
#25005003
0#
#25010003
1#
#25015003
0#
#25020003
1#
#25025003
0#
#25030003
1#
#25035003
0#
#25040003
1#
#25045003
0#
#25050003
1#
#25055003
0#
#25060003
1#
#25065003
0#
#25070003
1#
#25075003
0#
#25080003
1#
#25085003
0#
#25090003
1#
#25095003
0#
#25100003
1#
#25105003
0#
#25110003
1#
#25115003
0#
#25120003
1#
#25125003
0#
#25130003
1#
#25135003
0#
#25140003
1#
#25145003
0#
#25150003
1#
#25155003
0#
#25160003
1#
#25165003
0#
#25170003
1#
#25175003
0#
#25180003
1#
#25185003
0#
#25190003
1#
#25195003
0#
#25200003
1#
#25205003
0#
#25210003
1#
#25215003
0#
#25220003
1#
#25225003
0#
#25230003
1#
#25235003
0#
#25240003
1#
#25245003
0#
#25250003
1#
#25255003
0#
#25260003
1#
#25265003
0#
#25270003
1#
#25275003
0#
#25280003
1#
#25285003
0#
#25290003
1#
#25295003
0#
#25300003
1#
#25305003
0#
#25310003
1#
#25315003
0#
#25320003
1#
#25325003
0#
#25330003
1#
#25335003
0#
#25340003
1#
#25345003
0#
#25350003
1#
#25355003
0#
#25360003
1#
#25365003
0#
#25370003
1#
#25375003
0#
#25380003
1#
#25385003
0#
#25390003
1#
#25395003
0#
#25400003
1#
#25405003
0#
#25410003
1#
#25415003
0#
#25420003
1#
#25425003
0#
#25430003
1#
#25435003
0#
#25440003
1#
#25445003
0#
#25450003
1#
#25455003
0#
#25460003
1#
#25465003
0#
#25470003
1#
#25475003
0#
#25480003
1#
#25485003
0#
#25490003
1#
#25495003
0#
#25500003
1#
#25505003
0#
#25510003
1#
#25515003
0#
#25520003
1#
#25525003
0#
#25530003
1#
#25535003
0#
#25540003
1#
#25545003
0#
#25550003
1#
#25555003
0#
#25560003
1#
#25565003
0#
#25570003
1#
#25575003
0#
#25580003
1#
#25585003
0#
#25590003
1#
#25595003
0#
#25600003
1#
#25605003
0#
#25610003
1#
#25615003
0#
#25620003
1#
#25625003
0#
#25630003
1#
#25635003
0#
#25640003
1#
#25645003
0#
#25650003
1#
#25655003
0#
#25660003
1#
#25665003
0#
#25670003
1#
#25675003
0#
#25680003
1#
#25685003
0#
#25690003
1#
#25695003
0#
#25700003
1#
#25705003
0#
#25710003
1#
#25715003
0#
#25720003
1#
#25725003
0#
#25730003
1#
#25735003
0#
#25740003
1#
#25745003
0#
#25750003
1#
#25755003
0#
#25760003
1#
#25765003
0#
#25770003
1#
#25775003
0#
#25780003
1#
#25785003
0#
#25790003
1#
#25795003
0#
#25800003
1#
#25805003
0#
#25810003
1#
#25815003
0#
#25820003
1#
#25825003
0#
#25830003
1#
#25835003
0#
#25840003
1#
#25845003
0#
#25850003
1#
#25855003
0#
#25860003
1#
#25865003
0#
#25870003
1#
#25875003
0#
#25880003
1#
#25885003
0#
#25890003
1#
#25895003
0#
#25900003
1#
#25905003
0#
#25910003
1#
#25915003
0#
#25920003
1#
#25925003
0#
#25930003
1#
#25935003
0#
#25940003
1#
#25945003
0#
#25950003
1#
#25955003
0#
#25960003
1#
#25965003
0#
#25970003
1#
#25975003
0#
#25980003
1#
#25985003
0#
#25990003
1#
#25995003
0#
#26000003
1#
#26005003
0#
#26010003
1#
#26015003
0#
#26020003
1#
#26025003
0#
#26030003
1#
#26035003
0#
#26040003
1#
#26045003
0#
#26050003
1#
#26055003
0#
#26060003
1#
#26065003
0#
#26070003
1#
#26075003
0#
#26080003
1#
#26085003
0#
#26090003
1#
#26095003
0#
#26100003
1#
#26105003
0#
#26110003
1#
#26115003
0#
#26120003
1#
#26125003
0#
#26130003
1#
#26135003
0#
#26140003
1#
#26145003
0#
#26150003
1#
#26155003
0#
#26160003
1#
#26165003
0#
#26170003
1#
#26175003
0#
#26180003
1#
#26185003
0#
#26190003
1#
#26195003
0#
#26200003
1#
#26205003
0#
#26210003
1#
#26215003
0#
#26220003
1#
#26225003
0#
#26230003
1#
#26235003
0#
#26240003
1#
#26245003
0#
#26250003
1#
#26255003
0#
#26260003
1#
#26265003
0#
#26270003
1#
#26275003
0#
#26280003
1#
#26285003
0#
#26290003
1#
#26295003
0#
#26300003
1#
#26305003
0#
#26310003
1#
#26315003
0#
#26320003
1#
#26325003
0#
#26330003
1#
#26335003
0#
#26340003
1#
#26345003
0#
#26350003
1#
#26355003
0#
#26360003
1#
#26365003
0#
#26370003
1#
#26375003
0#
#26380003
1#
#26385003
0#
#26390003
1#
#26395003
0#
#26400003
1#
#26405003
0#
#26410003
1#
#26415003
0#
#26420003
1#
#26425003
0#
#26430003
1#
#26435003
0#
#26440003
1#
#26445003
0#
#26450003
1#
#26455003
0#
#26460003
1#
#26465003
0#
#26470003
1#
#26475003
0#
#26480003
1#
#26485003
0#
#26490003
1#
#26495003
0#
#26500003
1#
#26505003
0#
#26510003
1#
#26515003
0#
#26520003
1#
#26525003
0#
#26530003
1#
#26535003
0#
#26540003
1#
#26545003
0#
#26550003
1#
#26555003
0#
#26560003
1#
#26565003
0#
#26570003
1#
#26575003
0#
#26580003
1#
#26585003
0#
#26590003
1#
#26595003
0#
#26600003
1#
#26605003
0#
#26610003
1#
#26615003
0#
#26620003
1#
#26625003
0#
#26630003
1#
#26635003
0#
#26640003
1#
#26645003
0#
#26650003
1#
#26655003
0#
#26660003
1#
#26665003
0#
#26670003
1#
#26675003
0#
#26680003
1#
#26685003
0#
#26690003
1#
#26695003
0#
#26700003
1#
#26705003
0#
#26710003
1#
#26715003
0#
#26720003
1#
#26725003
0#
#26730003
1#
#26735003
0#
#26740003
1#
#26745003
0#
#26750003
1#
#26755003
0#
#26760003
1#
#26765003
0#
#26770003
1#
#26775003
0#
#26780003
1#
#26785003
0#
#26790003
1#
#26795003
0#
#26800003
1#
#26805003
0#
#26810003
1#
#26815003
0#
#26820003
1#
#26825003
0#
#26830003
1#
#26835003
0#
#26840003
1#
#26845003
0#
#26850003
1#
#26855003
0#
#26860003
1#
#26865003
0#
#26870003
1#
#26875003
0#
#26880003
1#
#26885003
0#
#26890003
1#
#26895003
0#
#26900003
1#
#26905003
0#
#26910003
1#
#26915003
0#
#26920003
1#
#26925003
0#
#26930003
1#
#26935003
0#
#26940003
1#
#26945003
0#
#26950003
1#
#26955003
0#
#26960003
1#
#26965003
0#
#26970003
1#
#26975003
0#
#26980003
1#
#26985003
0#
#26990003
1#
#26995003
0#
#27000003
1#
#27005003
0#
#27010003
1#
#27015003
0#
#27020003
1#
#27025003
0#
#27030003
1#
#27035003
0#
#27040003
1#
#27045003
0#
#27050003
1#
#27055003
0#
#27060003
1#
#27065003
0#
#27070003
1#
#27075003
0#
#27080003
1#
#27085003
0#
#27090003
1#
#27095003
0#
#27100003
1#
#27105003
0#
#27110003
1#
#27115003
0#
#27120003
1#
#27125003
0#
#27130003
1#
#27135003
0#
#27140003
1#
#27145003
0#
#27150003
1#
#27155003
0#
#27160003
1#
#27165003
0#
#27170003
1#
#27175003
0#
#27180003
1#
#27185003
0#
#27190003
1#
#27195003
0#
#27200003
1#
#27205003
0#
#27210003
1#
#27215003
0#
#27220003
1#
#27225003
0#
#27230003
1#
#27235003
0#
#27240003
1#
#27245003
0#
#27250003
1#
#27255003
0#
#27260003
1#
#27265003
0#
#27270003
1#
#27275003
0#
#27280003
1#
#27285003
0#
#27290003
1#
#27295003
0#
#27300003
1#
#27305003
0#
#27310003
1#
#27315003
0#
#27320003
1#
#27325003
0#
#27330003
1#
#27335003
0#
#27340003
1#
#27345003
0#
#27350003
1#
#27355003
0#
#27360003
1#
#27365003
0#
#27370003
1#
#27375003
0#
#27380003
1#
#27385003
0#
#27390003
1#
#27395003
0#
#27400003
1#
#27405003
0#
#27410003
1#
#27415003
0#
#27420003
1#
#27425003
0#
#27430003
1#
#27435003
0#
#27440003
1#
#27445003
0#
#27450003
1#
#27455003
0#
#27460003
1#
#27465003
0#
#27470003
1#
#27475003
0#
#27480003
1#
#27485003
0#
#27490003
1#
#27495003
0#
#27500003
1#
#27505003
0#
#27510003
1#
#27515003
0#
#27520003
1#
#27525003
0#
#27530003
1#
#27535003
0#
#27540003
1#
#27545003
0#
#27550003
1#
#27555003
0#
#27560003
1#
#27565003
0#
#27570003
1#
#27575003
0#
#27580003
1#
#27585003
0#
#27590003
1#
#27595003
0#
#27600003
1#
#27605003
0#
#27610003
1#
#27615003
0#
#27620003
1#
#27625003
0#
#27630003
1#
#27635003
0#
#27640003
1#
#27645003
0#
#27650003
1#
#27655003
0#
#27660003
1#
#27665003
0#
#27670003
1#
#27675003
0#
#27680003
1#
#27685003
0#
#27690003
1#
#27695003
0#
#27700003
1#
#27705003
0#
#27710003
1#
#27715003
0#
#27720003
1#
#27725003
0#
#27730003
1#
#27735003
0#
#27740003
1#
#27745003
0#
#27750003
1#
#27755003
0#
#27760003
1#
#27765003
0#
#27770003
1#
#27775003
0#
#27780003
1#
#27785003
0#
#27790003
1#
#27795003
0#
#27800003
1#
#27805003
0#
#27810003
1#
#27815003
0#
#27820003
1#
#27825003
0#
#27830003
1#
#27835003
0#
#27840003
1#
#27845003
0#
#27850003
1#
#27855003
0#
#27860003
1#
#27865003
0#
#27870003
1#
#27875003
0#
#27880003
1#
#27885003
0#
#27890003
1#
#27895003
0#
#27900003
1#
#27905003
0#
#27910003
1#
#27915003
0#
#27920003
1#
#27925003
0#
#27930003
1#
#27935003
0#
#27940003
1#
#27945003
0#
#27950003
1#
#27955003
0#
#27960003
1#
#27965003
0#
#27970003
1#
#27975003
0#
#27980003
1#
#27985003
0#
#27990003
1#
#27995003
0#
#28000003
1#
#28005003
0#
#28010003
1#
#28015003
0#
#28020003
1#
#28025003
0#
#28030003
1#
#28035003
0#
#28040003
1#
#28045003
0#
#28050003
1#
#28055003
0#
#28060003
1#
#28065003
0#
#28070003
1#
#28075003
0#
#28080003
1#
#28085003
0#
#28090003
1#
#28095003
0#
#28100003
1#
#28105003
0#
#28110003
1#
#28115003
0#
#28120003
1#
#28125003
0#
#28130003
1#
#28135003
0#
#28140003
1#
#28145003
0#
#28150003
1#
#28155003
0#
#28160003
1#
#28165003
0#
#28170003
1#
#28175003
0#
#28180003
1#
#28185003
0#
#28190003
1#
#28195003
0#
#28200003
1#
#28205003
0#
#28210003
1#
#28215003
0#
#28220003
1#
#28225003
0#
#28230003
1#
#28235003
0#
#28240003
1#
#28245003
0#
#28250003
1#
#28255003
0#
#28260003
1#
#28265003
0#
#28270003
1#
#28275003
0#
#28280003
1#
#28285003
0#
#28290003
1#
#28295003
0#
#28300003
1#
#28305003
0#
#28310003
1#
#28315003
0#
#28320003
1#
#28325003
0#
#28330003
1#
#28335003
0#
#28340003
1#
#28345003
0#
#28350003
1#
#28355003
0#
#28360003
1#
#28365003
0#
#28370003
1#
#28375003
0#
#28380003
1#
#28385003
0#
#28390003
1#
#28395003
0#
#28400003
1#
#28405003
0#
#28410003
1#
#28415003
0#
#28420003
1#
#28425003
0#
#28430003
1#
#28435003
0#
#28440003
1#
#28445003
0#
#28450003
1#
#28455003
0#
#28460003
1#
#28465003
0#
#28470003
1#
#28475003
0#
#28480003
1#
#28485003
0#
#28490003
1#
#28495003
0#
#28500003
1#
#28505003
0#
#28510003
1#
#28515003
0#
#28520003
1#
#28525003
0#
#28530003
1#
#28535003
0#
#28540003
1#
#28545003
0#
#28550003
1#
#28555003
0#
#28560003
1#
#28565003
0#
#28570003
1#
#28575003
0#
#28580003
1#
#28585003
0#
#28590003
1#
#28595003
0#
#28600003
1#
#28605003
0#
#28610003
1#
#28615003
0#
#28620003
1#
#28625003
0#
#28630003
1#
#28635003
0#
#28640003
1#
#28645003
0#
#28650003
1#
#28655003
0#
#28660003
1#
#28665003
0#
#28670003
1#
#28675003
0#
#28680003
1#
#28685003
0#
#28690003
1#
#28695003
0#
#28700003
1#
#28705003
0#
#28710003
1#
#28715003
0#
#28720003
1#
#28725003
0#
#28730003
1#
#28735003
0#
#28740003
1#
#28745003
0#
#28750003
1#
#28755003
0#
#28760003
1#
#28765003
0#
#28770003
1#
#28775003
0#
#28780003
1#
#28785003
0#
#28790003
1#
#28795003
0#
#28800003
1#
#28805003
0#
#28810003
1#
#28815003
0#
#28820003
1#
#28825003
0#
#28830003
1#
#28835003
0#
#28840003
1#
#28845003
0#
#28850003
1#
#28855003
0#
#28860003
1#
#28865003
0#
#28870003
1#
#28875003
0#
#28880003
1#
#28885003
0#
#28890003
1#
#28895003
0#
#28900003
1#
#28905003
0#
#28910003
1#
#28915003
0#
#28920003
1#
#28925003
0#
#28930003
1#
#28935003
0#
#28940003
1#
#28945003
0#
#28950003
1#
#28955003
0#
#28960003
1#
#28965003
0#
#28970003
1#
#28975003
0#
#28980003
1#
#28985003
0#
#28990003
1#
#28995003
0#
#29000003
1#
#29005003
0#
#29010003
1#
#29015003
0#
#29020003
1#
#29025003
0#
#29030003
1#
#29035003
0#
#29040003
1#
#29045003
0#
#29050003
1#
#29055003
0#
#29060003
1#
#29065003
0#
#29070003
1#
#29075003
0#
#29080003
1#
#29085003
0#
#29090003
1#
#29095003
0#
#29100003
1#
#29105003
0#
#29110003
1#
#29115003
0#
#29120003
1#
#29125003
0#
#29130003
1#
#29135003
0#
#29140003
1#
#29145003
0#
#29150003
1#
#29155003
0#
#29160003
1#
#29165003
0#
#29170003
1#
#29175003
0#
#29180003
1#
#29185003
0#
#29190003
1#
#29195003
0#
#29200003
1#
#29205003
0#
#29210003
1#
#29215003
0#
#29220003
1#
#29225003
0#
#29230003
1#
#29235003
0#
#29240003
1#
#29245003
0#
#29250003
1#
#29255003
0#
#29260003
1#
#29265003
0#
#29270003
1#
#29275003
0#
#29280003
1#
#29285003
0#
#29290003
1#
#29295003
0#
#29300003
1#
#29305003
0#
#29310003
1#
#29315003
0#
#29320003
1#
#29325003
0#
#29330003
1#
#29335003
0#
#29340003
1#
#29345003
0#
#29350003
1#
#29355003
0#
#29360003
1#
#29365003
0#
#29370003
1#
#29375003
0#
#29380003
1#
#29385003
0#
#29390003
1#
#29395003
0#
#29400003
1#
#29405003
0#
#29410003
1#
#29415003
0#
#29420003
1#
#29425003
0#
#29430003
1#
#29435003
0#
#29440003
1#
#29445003
0#
#29450003
1#
#29455003
0#
#29460003
1#
#29465003
0#
#29470003
1#
#29475003
0#
#29480003
1#
#29485003
0#
#29490003
1#
#29495003
0#
#29500003
1#
#29505003
0#
#29510003
1#
#29515003
0#
#29520003
1#
#29525003
0#
#29530003
1#
#29535003
0#
#29540003
1#
#29545003
0#
#29550003
1#
#29555003
0#
#29560003
1#
#29565003
0#
#29570003
1#
#29575003
0#
#29580003
1#
#29585003
0#
#29590003
1#
#29595003
0#
#29600003
1#
#29605003
0#
#29610003
1#
#29615003
0#
#29620003
1#
#29625003
0#
#29630003
1#
#29635003
0#
#29640003
1#
#29645003
0#
#29650003
1#
#29655003
0#
#29660003
1#
#29665003
0#
#29670003
1#
#29675003
0#
#29680003
1#
#29685003
0#
#29690003
1#
#29695003
0#
#29700003
1#
#29705003
0#
#29710003
1#
#29715003
0#
#29720003
1#
#29725003
0#
#29730003
1#
#29735003
0#
#29740003
1#
#29745003
0#
#29750003
1#
#29755003
0#
#29760003
1#
#29765003
0#
#29770003
1#
#29775003
0#
#29780003
1#
#29785003
0#
#29790003
1#
#29795003
0#
#29800003
1#
#29805003
0#
#29810003
1#
#29815003
0#
#29820003
1#
#29825003
0#
#29830003
1#
#29835003
0#
#29840003
1#
#29845003
0#
#29850003
1#
#29855003
0#
#29860003
1#
#29865003
0#
#29870003
1#
#29875003
0#
#29880003
1#
#29885003
0#
#29890003
1#
#29895003
0#
#29900003
1#
#29905003
0#
#29910003
1#
#29915003
0#
#29920003
1#
#29925003
0#
#29930003
1#
#29935003
0#
#29940003
1#
#29945003
0#
#29950003
1#
#29955003
0#
#29960003
1#
#29965003
0#
#29970003
1#
#29975003
0#
#29980003
1#
#29985003
0#
#29990003
1#
#29995003
0#
#30000003
1#
#30005003
0#
#30010003
1#
#30015003
0#
#30020003
1#
#30025003
0#
#30030003
1#
#30035003
0#
#30040003
1#
#30045003
0#
#30050003
1#
#30055003
0#
#30060003
1#
#30065003
0#
#30070003
1#
#30075003
0#
#30080003
1#
#30085003
0#
#30090003
1#
#30095003
0#
#30100003
1#
#30105003
0#
#30110003
1#
#30115003
0#
#30120003
1#
#30125003
0#
#30130003
1#
#30135003
0#
#30140003
1#
#30145003
0#
#30150003
1#
#30155003
0#
#30160003
1#
#30165003
0#
#30170003
1#
#30175003
0#
#30180003
1#
#30185003
0#
#30190003
1#
#30195003
0#
#30200003
1#
#30205003
0#
#30210003
1#
#30215003
0#
#30220003
1#
#30225003
0#
#30230003
1#
#30235003
0#
#30240003
1#
#30245003
0#
#30250003
1#
#30255003
0#
#30260003
1#
#30265003
0#
#30270003
1#
#30275003
0#
#30280003
1#
#30285003
0#
#30290003
1#
#30295003
0#
#30300003
1#
#30305003
0#
#30310003
1#
#30315003
0#
#30320003
1#
#30325003
0#
#30330003
1#
#30335003
0#
#30340003
1#
#30345003
0#
#30350003
1#
#30355003
0#
#30360003
1#
#30365003
0#
#30370003
1#
#30375003
0#
#30380003
1#
#30385003
0#
#30390003
1#
#30395003
0#
#30400003
1#
#30405003
0#
#30410003
1#
#30415003
0#
#30420003
1#
#30425003
0#
#30430003
1#
#30435003
0#
#30440003
1#
#30445003
0#
#30450003
1#
#30455003
0#
#30460003
1#
#30465003
0#
#30470003
1#
#30475003
0#
#30480003
1#
#30485003
0#
#30490003
1#
#30495003
0#
#30500003
1#
#30505003
0#
#30510003
1#
#30515003
0#
#30520003
1#
#30525003
0#
#30530003
1#
#30535003
0#
#30540003
1#
#30545003
0#
#30550003
1#
#30555003
0#
#30560003
1#
#30565003
0#
#30570003
1#
#30575003
0#
#30580003
1#
#30585003
0#
#30590003
1#
#30595003
0#
#30600003
1#
#30605003
0#
#30610003
1#
#30615003
0#
#30620003
1#
#30625003
0#
#30630003
1#
#30635003
0#
#30640003
1#
#30645003
0#
#30650003
1#
#30655003
0#
#30660003
1#
#30665003
0#
#30670003
1#
#30675003
0#
#30680003
1#
#30685003
0#
#30690003
1#
#30695003
0#
#30700003
1#
#30705003
0#
#30710003
1#
#30715003
0#
#30720003
1#
#30725003
0#
#30730003
1#
#30735003
0#
#30740003
1#
#30745003
0#
#30750003
1#
#30755003
0#
#30760003
1#
#30765003
0#
#30770003
1#
#30775003
0#
#30780003
1#
#30785003
0#
#30790003
1#
#30795003
0#
#30800003
1#
#30805003
0#
#30810003
1#
#30815003
0#
#30820003
1#
#30825003
0#
#30830003
1#
#30835003
0#
#30840003
1#
#30845003
0#
#30850003
1#
#30855003
0#
#30860003
1#
#30865003
0#
#30870003
1#
#30875003
0#
#30880003
1#
#30885003
0#
#30890003
1#
#30895003
0#
#30900003
1#
#30905003
0#
#30910003
1#
#30915003
0#
#30920003
1#
#30925003
0#
#30930003
1#
#30935003
0#
#30940003
1#
#30945003
0#
#30950003
1#
#30955003
0#
#30960003
1#
#30965003
0#
#30970003
1#
#30975003
0#
#30980003
1#
#30985003
0#
#30990003
1#
#30995003
0#
#31000003
1#
#31005003
0#
#31010003
1#
#31015003
0#
#31020003
1#
#31025003
0#
#31030003
1#
#31035003
0#
#31040003
1#
#31045003
0#
#31050003
1#
#31055003
0#
#31060003
1#
#31065003
0#
#31070003
1#
#31075003
0#
#31080003
1#
#31085003
0#
#31090003
1#
#31095003
0#
#31100003
1#
#31105003
0#
#31110003
1#
#31115003
0#
#31120003
1#
#31125003
0#
#31130003
1#
#31135003
0#
#31140003
1#
#31145003
0#
#31150003
1#
#31155003
0#
#31160003
1#
#31165003
0#
#31170003
1#
#31175003
0#
#31180003
1#
#31185003
0#
#31190003
1#
#31195003
0#
#31200003
1#
#31205003
0#
#31210003
1#
#31215003
0#
#31220003
1#
#31225003
0#
#31230003
1#
#31235003
0#
#31240003
1#
#31245003
0#
#31250003
1#
#31255003
0#
#31260003
1#
#31265003
0#
#31270003
1#
#31275003
0#
#31280003
1#
#31285003
0#
#31290003
1#
#31295003
0#
#31300003
1#
#31305003
0#
#31310003
1#
#31315003
0#
#31320003
1#
#31325003
0#
#31330003
1#
#31335003
0#
#31340003
1#
#31345003
0#
#31350003
1#
#31355003
0#
#31360003
1#
#31365003
0#
#31370003
1#
#31375003
0#
#31380003
1#
#31385003
0#
#31390003
1#
#31395003
0#
#31400003
1#
#31405003
0#
#31410003
1#
#31415003
0#
#31420003
1#
#31425003
0#
#31430003
1#
#31435003
0#
#31440003
1#
#31445003
0#
#31450003
1#
#31455003
0#
#31460003
1#
#31465003
0#
#31470003
1#
#31475003
0#
#31480003
1#
#31485003
0#
#31490003
1#
#31495003
0#
#31500003
1#
#31505003
0#
#31510003
1#
#31515003
0#
#31520003
1#
#31525003
0#
#31530003
1#
#31535003
0#
#31540003
1#
#31545003
0#
#31550003
1#
#31555003
0#
#31560003
1#
#31565003
0#
#31570003
1#
#31575003
0#
#31580003
1#
#31585003
0#
#31590003
1#
#31595003
0#
#31600003
1#
#31605003
0#
#31610003
1#
#31615003
0#
#31620003
1#
#31625003
0#
#31630003
1#
#31635003
0#
#31640003
1#
#31645003
0#
#31650003
1#
#31655003
0#
#31660003
1#
#31665003
0#
#31670003
1#
#31675003
0#
#31680003
1#
#31685003
0#
#31690003
1#
#31695003
0#
#31700003
1#
#31705003
0#
#31710003
1#
#31715003
0#
#31720003
1#
#31725003
0#
#31730003
1#
#31735003
0#
#31740003
1#
#31745003
0#
#31750003
1#
#31755003
0#
#31760003
1#
#31765003
0#
#31770003
1#
#31775003
0#
#31780003
1#
#31785003
0#
#31790003
1#
#31795003
0#
#31800003
1#
#31805003
0#
#31810003
1#
#31815003
0#
#31820003
1#
#31825003
0#
#31830003
1#
#31835003
0#
#31840003
1#
#31845003
0#
#31850003
1#
#31855003
0#
#31860003
1#
#31865003
0#
#31870003
1#
#31875003
0#
#31880003
1#
#31885003
0#
#31890003
1#
#31895003
0#
#31900003
1#
#31905003
0#
#31910003
1#
#31915003
0#
#31920003
1#
#31925003
0#
#31930003
1#
#31935003
0#
#31940003
1#
#31945003
0#
#31950003
1#
#31955003
0#
#31960003
1#
#31965003
0#
#31970003
1#
#31975003
0#
#31980003
1#
#31985003
0#
#31990003
1#
#31995003
0#
#32000003
1#
#32005003
0#
#32010003
1#
#32015003
0#
#32020003
1#
#32025003
0#
#32030003
1#
#32035003
0#
#32040003
1#
#32045003
0#
#32050003
1#
#32055003
0#
#32060003
1#
#32065003
0#
#32070003
1#
#32075003
0#
#32080003
1#
#32085003
0#
#32090003
1#
#32095003
0#
#32100003
1#
#32105003
0#
#32110003
1#
#32115003
0#
#32120003
1#
#32125003
0#
#32130003
1#
#32135003
0#
#32140003
1#
#32145003
0#
#32150003
1#
#32155003
0#
#32160003
1#
#32165003
0#
#32170003
1#
#32175003
0#
#32180003
1#
#32185003
0#
#32190003
1#
#32195003
0#
#32200003
1#
#32205003
0#
#32210003
1#
#32215003
0#
#32220003
1#
#32225003
0#
#32230003
1#
#32235003
0#
#32240003
1#
#32245003
0#
#32250003
1#
#32255003
0#
#32260003
1#
#32265003
0#
#32270003
1#
#32275003
0#
#32280003
1#
#32285003
0#
#32290003
1#
#32295003
0#
#32300003
1#
#32305003
0#
#32310003
1#
#32315003
0#
#32320003
1#
#32325003
0#
#32330003
1#
#32335003
0#
#32340003
1#
#32345003
0#
#32350003
1#
#32355003
0#
#32360003
1#
#32365003
0#
#32370003
1#
#32375003
0#
#32380003
1#
#32385003
0#
#32390003
1#
#32395003
0#
#32400003
1#
#32405003
0#
#32410003
1#
#32415003
0#
#32420003
1#
#32425003
0#
#32430003
1#
#32435003
0#
#32440003
1#
#32445003
0#
#32450003
1#
#32455003
0#
#32460003
1#
#32465003
0#
#32470003
1#
#32475003
0#
#32480003
1#
#32485003
0#
#32490003
1#
#32495003
0#
#32500003
1#
#32505003
0#
#32510003
1#
#32515003
0#
#32520003
1#
#32525003
0#
#32530003
1#
#32535003
0#
#32540003
1#
#32545003
0#
#32550003
1#
#32555003
0#
#32560003
1#
#32565003
0#
#32570003
1#
#32575003
0#
#32580003
1#
#32585003
0#
#32590003
1#
#32595003
0#
#32600003
1#
#32605003
0#
#32610003
1#
#32615003
0#
#32620003
1#
#32625003
0#
#32630003
1#
#32635003
0#
#32640003
1#
#32645003
0#
#32650003
1#
#32655003
0#
#32660003
1#
#32665003
0#
#32670003
1#
#32675003
0#
#32680003
1#
#32685003
0#
#32690003
1#
#32695003
0#
#32700003
1#
#32705003
0#
#32710003
1#
#32715003
0#
#32720003
1#
#32725003
0#
#32730003
1#
#32735003
0#
#32740003
1#
#32745003
0#
#32750003
1#
#32755003
0#
#32760003
1#
#32765003
0#
#32770003
1#
#32775003
0#
#32780003
1#
#32785003
0#
#32790003
1#
#32795003
0#
#32800003
1#
#32805003
0#
#32810003
1#
#32815003
0#
#32820003
1#
#32825003
0#
#32830003
1#
#32835003
0#
#32840003
1#
#32845003
0#
#32850003
1#
#32855003
0#
#32860003
1#
#32865003
0#
#32870003
1#
#32875003
0#
#32880003
1#
#32885003
0#
#32890003
1#
#32895003
0#
#32900003
1#
#32905003
0#
#32910003
1#
#32915003
0#
#32920003
1#
#32925003
0#
#32930003
1#
#32935003
0#
#32940003
1#
#32945003
0#
#32950003
1#
#32955003
0#
#32960003
1#
#32965003
0#
#32970003
1#
#32975003
0#
#32980003
1#
#32985003
0#
#32990003
1#
#32995003
0#
#33000003
1#
#33005003
0#
#33010003
1#
#33015003
0#
#33020003
1#
#33025003
0#
#33030003
1#
#33035003
0#
#33040003
1#
#33045003
0#
#33050003
1#
#33055003
0#
#33060003
1#
#33065003
0#
#33070003
1#
#33075003
0#
#33080003
1#
#33085003
0#
#33090003
1#
#33095003
0#
#33100003
1#
#33105003
0#
#33110003
1#
#33115003
0#
#33120003
1#
#33125003
0#
#33130003
1#
#33135003
0#
#33140003
1#
#33145003
0#
#33150003
1#
#33155003
0#
#33160003
1#
#33165003
0#
#33170003
1#
#33175003
0#
#33180003
1#
#33185003
0#
#33190003
1#
#33195003
0#
#33200003
1#
#33205003
0#
#33210003
1#
#33215003
0#
#33220003
1#
#33225003
0#
#33230003
1#
#33235003
0#
#33240003
1#
#33245003
0#
#33250003
1#
#33255003
0#
#33260003
1#
#33265003
0#
#33270003
1#
#33275003
0#
#33280003
1#
#33285003
0#
#33290003
1#
#33295003
0#
#33300003
1#
#33305003
0#
#33310003
1#
#33315003
0#
#33320003
1#
#33325003
0#
#33330003
1#
#33335003
0#
#33340003
1#
#33345003
0#
#33350003
1#
#33355003
0#
#33360003
1#
#33365003
0#
#33370003
1#
#33375003
0#
#33380003
1#
#33385003
0#
#33390003
1#
#33395003
0#
#33400003
1#
#33405003
0#
#33410003
1#
#33415003
0#
#33420003
1#
#33425003
0#
#33430003
1#
#33435003
0#
#33440003
1#
#33445003
0#
#33450003
1#
#33455003
0#
#33460003
1#
#33465003
0#
#33470003
1#
#33475003
0#
#33480003
1#
#33485003
0#
#33490003
1#
#33495003
0#
#33500003
1#
#33505003
0#
#33510003
1#
#33515003
0#
#33520003
1#
#33525003
0#
#33530003
1#
#33535003
0#
#33540003
1#
#33545003
0#
#33550003
1#
#33555003
0#
#33560003
1#
#33565003
0#
#33570003
1#
#33575003
0#
#33580003
1#
#33585003
0#
#33590003
1#
#33595003
0#
#33600003
1#
#33605003
0#
#33610003
1#
#33615003
0#
#33620003
1#
#33625003
0#
#33630003
1#
#33635003
0#
#33640003
1#
#33645003
0#
#33650003
1#
#33655003
0#
#33660003
1#
#33665003
0#
#33670003
1#
#33675003
0#
#33680003
1#
#33685003
0#
#33690003
1#
#33695003
0#
#33700003
1#
#33705003
0#
#33710003
1#
#33715003
0#
#33720003
1#
#33725003
0#
#33730003
1#
#33735003
0#
#33740003
1#
#33745003
0#
#33750003
1#
#33755003
0#
#33760003
1#
#33765003
0#
#33770003
1#
#33775003
0#
#33780003
1#
#33785003
0#
#33790003
1#
#33795003
0#
#33800003
1#
#33805003
0#
#33810003
1#
#33815003
0#
#33820003
1#
#33825003
0#
#33830003
1#
#33835003
0#
#33840003
1#
#33845003
0#
#33850003
1#
#33855003
0#
#33860003
1#
#33865003
0#
#33870003
1#
#33875003
0#
#33880003
1#
#33885003
0#
#33890003
1#
#33895003
0#
#33900003
1#
#33905003
0#
#33910003
1#
#33915003
0#
#33920003
1#
#33925003
0#
#33930003
1#
#33935003
0#
#33940003
1#
#33945003
0#
#33950003
1#
#33955003
0#
#33960003
1#
#33965003
0#
#33970003
1#
#33975003
0#
#33980003
1#
#33985003
0#
#33990003
1#
#33995003
0#
#34000003
1#
#34005003
0#
#34010003
1#
#34015003
0#
#34020003
1#
#34025003
0#
#34030003
1#
#34035003
0#
#34040003
1#
#34045003
0#
#34050003
1#
#34055003
0#
#34060003
1#
#34065003
0#
#34070003
1#
#34075003
0#
#34080003
1#
#34085003
0#
#34090003
1#
#34095003
0#
#34100003
1#
#34105003
0#
#34110003
1#
#34115003
0#
#34120003
1#
#34125003
0#
#34130003
1#
#34135003
0#
#34140003
1#
#34145003
0#
#34150003
1#
#34155003
0#
#34160003
1#
#34165003
0#
#34170003
1#
#34175003
0#
#34180003
1#
#34185003
0#
#34190003
1#
#34195003
0#
#34200003
1#
#34205003
0#
#34210003
1#
#34215003
0#
#34220003
1#
#34225003
0#
#34230003
1#
#34235003
0#
#34240003
1#
#34245003
0#
#34250003
1#
#34255003
0#
#34260003
1#
#34265003
0#
#34270003
1#
#34275003
0#
#34280003
1#
#34285003
0#
#34290003
1#
#34295003
0#
#34300003
1#
#34305003
0#
#34310003
1#
#34315003
0#
#34320003
1#
#34325003
0#
#34330003
1#
#34335003
0#
#34340003
1#
#34345003
0#
#34350003
1#
#34355003
0#
#34360003
1#
#34365003
0#
#34370003
1#
#34375003
0#
#34380003
1#
#34385003
0#
#34390003
1#
#34395003
0#
#34400003
1#
#34405003
0#
#34410003
1#
#34415003
0#
#34420003
1#
#34425003
0#
#34430003
1#
#34435003
0#
#34440003
1#
#34445003
0#
#34450003
1#
#34455003
0#
#34460003
1#
#34465003
0#
#34470003
1#
#34475003
0#
#34480003
1#
#34485003
0#
#34490003
1#
#34495003
0#
#34500003
1#
#34505003
0#
#34510003
1#
#34515003
0#
#34520003
1#
#34525003
0#
#34530003
1#
#34535003
0#
#34540003
1#
#34545003
0#
#34550003
1#
#34555003
0#
#34560003
1#
#34565003
0#
#34570003
1#
#34575003
0#
#34580003
1#
#34585003
0#
#34590003
1#
#34595003
0#
#34600003
1#
#34605003
0#
#34610003
1#
#34615003
0#
#34620003
1#
#34625003
0#
#34630003
1#
#34635003
0#
#34640003
1#
#34645003
0#
#34650003
1#
#34655003
0#
#34660003
1#
#34665003
0#
#34670003
1#
#34675003
0#
#34680003
1#
#34685003
0#
#34690003
1#
#34695003
0#
#34700003
1#
#34705003
0#
#34710003
1#
#34715003
0#
#34720003
1#
#34725003
0#
#34730003
1#
#34735003
0#
#34740003
1#
#34745003
0#
#34750003
1#
#34755003
0#
#34760003
1#
#34765003
0#
#34770003
1#
#34775003
0#
#34780003
1#
#34785003
0#
#34790003
1#
#34795003
0#
#34800003
1#
#34805003
0#
#34810003
1#
#34815003
0#
#34820003
1#
#34825003
0#
#34830003
1#
#34835003
0#
#34840003
1#
#34845003
0#
#34850003
1#
#34855003
0#
#34860003
1#
#34865003
0#
#34870003
1#
#34875003
0#
#34880003
1#
#34885003
0#
#34890003
1#
#34895003
0#
#34900003
1#
#34905003
0#
#34910003
1#
#34915003
0#
#34920003
1#
#34925003
0#
#34930003
1#
#34935003
0#
#34940003
1#
#34945003
0#
#34950003
1#
#34955003
0#
#34960003
1#
#34965003
0#
#34970003
1#
#34975003
0#
#34980003
1#
#34985003
0#
#34990003
1#
#34995003
0#
#35000003
1#
#35005003
0#
#35010003
1#
#35015003
0#
#35020003
1#
#35025003
0#
#35030003
1#
#35035003
0#
#35040003
1#
#35045003
0#
#35050003
1#
#35055003
0#
#35060003
1#
#35065003
0#
#35070003
1#
#35075003
0#
#35080003
1#
#35085003
0#
#35090003
1#
#35095003
0#
#35100003
1#
#35105003
0#
#35110003
1#
#35115003
0#
#35120003
1#
#35125003
0#
#35130003
1#
#35135003
0#
#35140003
1#
#35145003
0#
#35150003
1#
#35155003
0#
#35160003
1#
#35165003
0#
#35170003
1#
#35175003
0#
#35180003
1#
#35185003
0#
#35190003
1#
#35195003
0#
#35200003
1#
#35205003
0#
#35210003
1#
#35215003
0#
#35220003
1#
#35225003
0#
#35230003
1#
#35235003
0#
#35240003
1#
#35245003
0#
#35250003
1#
#35255003
0#
#35260003
1#
#35265003
0#
#35270003
1#
#35275003
0#
#35280003
1#
#35285003
0#
#35290003
1#
#35295003
0#
#35300003
1#
#35305003
0#
#35310003
1#
#35315003
0#
#35320003
1#
#35325003
0#
#35330003
1#
#35335003
0#
#35340003
1#
#35345003
0#
#35350003
1#
#35355003
0#
#35360003
1#
#35365003
0#
#35370003
1#
#35375003
0#
#35380003
1#
#35385003
0#
#35390003
1#
#35395003
0#
#35400003
1#
#35405003
0#
#35410003
1#
#35415003
0#
#35420003
1#
#35425003
0#
#35430003
1#
#35435003
0#
#35440003
1#
#35445003
0#
#35450003
1#
#35455003
0#
#35460003
1#
#35465003
0#
#35470003
1#
#35475003
0#
#35480003
1#
#35485003
0#
#35490003
1#
#35495003
0#
#35500003
1#
#35505003
0#
#35510003
1#
#35515003
0#
#35520003
1#
#35525003
0#
#35530003
1#
#35535003
0#
#35540003
1#
#35545003
0#
#35550003
1#
#35555003
0#
#35560003
1#
#35565003
0#
#35570003
1#
#35575003
0#
#35580003
1#
#35585003
0#
#35590003
1#
#35595003
0#
#35600003
1#
#35605003
0#
#35610003
1#
#35615003
0#
#35620003
1#
#35625003
0#
#35630003
1#
#35635003
0#
#35640003
1#
#35645003
0#
#35650003
1#
#35655003
0#
#35660003
1#
#35665003
0#
#35670003
1#
#35675003
0#
#35680003
1#
#35685003
0#
#35690003
1#
#35695003
0#
#35700003
1#
#35705003
0#
#35710003
1#
#35715003
0#
#35720003
1#
#35725003
0#
#35730003
1#
#35735003
0#
#35740003
1#
#35745003
0#
#35750003
1#
#35755003
0#
#35760003
1#
#35765003
0#
#35770003
1#
#35775003
0#
#35780003
1#
#35785003
0#
#35790003
1#
#35795003
0#
#35800003
1#
#35805003
0#
#35810003
1#
#35815003
0#
#35820003
1#
#35825003
0#
#35830003
1#
#35835003
0#
#35840003
1#
#35845003
0#
#35850003
1#
#35855003
0#
#35860003
1#
#35865003
0#
#35870003
1#
#35875003
0#
#35880003
1#
#35885003
0#
#35890003
1#
#35895003
0#
#35900003
1#
#35905003
0#
#35910003
1#
#35915003
0#
#35920003
1#
#35925003
0#
#35930003
1#
#35935003
0#
#35940003
1#
#35945003
0#
#35950003
1#
#35955003
0#
#35960003
1#
#35965003
0#
#35970003
1#
#35975003
0#
#35980003
1#
#35985003
0#
#35990003
1#
#35995003
0#
#36000003
1#
#36005003
0#
#36010003
1#
#36015003
0#
#36020003
1#
#36025003
0#
#36030003
1#
#36035003
0#
#36040003
1#
#36045003
0#
#36050003
1#
#36055003
0#
#36060003
1#
#36065003
0#
#36070003
1#
#36075003
0#
#36080003
1#
#36085003
0#
#36090003
1#
#36095003
0#
#36100003
1#
#36105003
0#
#36110003
1#
#36115003
0#
#36120003
1#
#36125003
0#
#36130003
1#
#36135003
0#
#36140003
1#
#36145003
0#
#36150003
1#
#36155003
0#
#36160003
1#
#36165003
0#
#36170003
1#
#36175003
0#
#36180003
1#
#36185003
0#
#36190003
1#
#36195003
0#
#36200003
1#
#36205003
0#
#36210003
1#
#36215003
0#
#36220003
1#
#36225003
0#
#36230003
1#
#36235003
0#
#36240003
1#
#36245003
0#
#36250003
1#
#36255003
0#
#36260003
1#
#36265003
0#
#36270003
1#
#36275003
0#
#36280003
1#
#36285003
0#
#36290003
1#
#36295003
0#
#36300003
1#
#36305003
0#
#36310003
1#
#36315003
0#
#36320003
1#
#36325003
0#
#36330003
1#
#36335003
0#
#36340003
1#
#36345003
0#
#36350003
1#
#36355003
0#
#36360003
1#
#36365003
0#
#36370003
1#
#36375003
0#
#36380003
1#
#36385003
0#
#36390003
1#
#36395003
0#
#36400003
1#
#36405003
0#
#36410003
1#
#36415003
0#
#36420003
1#
#36425003
0#
#36430003
1#
#36435003
0#
#36440003
1#
#36445003
0#
#36450003
1#
#36455003
0#
#36460003
1#
#36465003
0#
#36470003
1#
#36475003
0#
#36480003
1#
#36485003
0#
#36490003
1#
#36495003
0#
#36500003
1#
#36505003
0#
#36510003
1#
#36515003
0#
#36520003
1#
#36525003
0#
#36530003
1#
#36535003
0#
#36540003
1#
#36545003
0#
#36550003
1#
#36555003
0#
#36560003
1#
#36565003
0#
#36570003
1#
#36575003
0#
#36580003
1#
#36585003
0#
#36590003
1#
#36595003
0#
#36600003
1#
#36605003
0#
#36610003
1#
#36615003
0#
#36620003
1#
#36625003
0#
#36630003
1#
#36635003
0#
#36640003
1#
#36645003
0#
#36650003
1#
#36655003
0#
#36660003
1#
#36665003
0#
#36670003
1#
#36675003
0#
#36680003
1#
#36685003
0#
#36690003
1#
#36695003
0#
#36700003
1#
#36705003
0#
#36710003
1#
#36715003
0#
#36720003
1#
#36725003
0#
#36730003
1#
#36735003
0#
#36740003
1#
#36745003
0#
#36750003
1#
#36755003
0#
#36760003
1#
#36765003
0#
#36770003
1#
#36775003
0#
#36780003
1#
#36785003
0#
#36790003
1#
#36795003
0#
#36800003
1#
#36805003
0#
#36810003
1#
#36815003
0#
#36820003
1#
#36825003
0#
#36830003
1#
#36835003
0#
#36840003
1#
#36845003
0#
#36850003
1#
#36855003
0#
#36860003
1#
#36865003
0#
#36870003
1#
#36875003
0#
#36880003
1#
#36885003
0#
#36890003
1#
#36895003
0#
#36900003
1#
#36905003
0#
#36910003
1#
#36915003
0#
#36920003
1#
#36925003
0#
#36930003
1#
#36935003
0#
#36940003
1#
#36945003
0#
#36950003
1#
#36955003
0#
#36960003
1#
#36965003
0#
#36970003
1#
#36975003
0#
#36980003
1#
#36985003
0#
#36990003
1#
#36995003
0#
#37000003
1#
#37005003
0#
#37010003
1#
#37015003
0#
#37020003
1#
#37025003
0#
#37030003
1#
#37035003
0#
#37040003
1#
#37045003
0#
#37050003
1#
#37055003
0#
#37060003
1#
#37065003
0#
#37070003
1#
#37075003
0#
#37080003
1#
#37085003
0#
#37090003
1#
#37095003
0#
#37100003
1#
#37105003
0#
#37110003
1#
#37115003
0#
#37120003
1#
#37125003
0#
#37130003
1#
#37135003
0#
#37140003
1#
#37145003
0#
#37150003
1#
#37155003
0#
#37160003
1#
#37165003
0#
#37170003
1#
#37175003
0#
#37180003
1#
#37185003
0#
#37190003
1#
#37195003
0#
#37200003
1#
#37205003
0#
#37210003
1#
#37215003
0#
#37220003
1#
#37225003
0#
#37230003
1#
#37235003
0#
#37240003
1#
#37245003
0#
#37250003
1#
#37255003
0#
#37260003
1#
#37265003
0#
#37270003
1#
#37275003
0#
#37280003
1#
#37285003
0#
#37290003
1#
#37295003
0#
#37300003
1#
#37305003
0#
#37310003
1#
#37315003
0#
#37320003
1#
#37325003
0#
#37330003
1#
#37335003
0#
#37340003
1#
#37345003
0#
#37350003
1#
#37355003
0#
#37360003
1#
#37365003
0#
#37370003
1#
#37375003
0#
#37380003
1#
#37385003
0#
#37390003
1#
#37395003
0#
#37400003
1#
#37405003
0#
#37410003
1#
#37415003
0#
#37420003
1#
#37425003
0#
#37430003
1#
#37435003
0#
#37440003
1#
#37445003
0#
#37450003
1#
#37455003
0#
#37460003
1#
#37465003
0#
#37470003
1#
#37475003
0#
#37480003
1#
#37485003
0#
#37490003
1#
#37495003
0#
#37500003
1#
#37505003
0#
#37510003
1#
#37515003
0#
#37520003
1#
#37525003
0#
#37530003
1#
#37535003
0#
#37540003
1#
#37545003
0#
#37550003
1#
#37555003
0#
#37560003
1#
#37565003
0#
#37570003
1#
#37575003
0#
#37580003
1#
#37585003
0#
#37590003
1#
#37595003
0#
#37600003
1#
#37605003
0#
#37610003
1#
#37615003
0#
#37620003
1#
#37625003
0#
#37630003
1#
#37635003
0#
#37640003
1#
#37645003
0#
#37650003
1#
#37655003
0#
#37660003
1#
#37665003
0#
#37670003
1#
#37675003
0#
#37680003
1#
#37685003
0#
#37690003
1#
#37695003
0#
#37700003
1#
#37705003
0#
#37710003
1#
#37715003
0#
#37720003
1#
#37725003
0#
#37730003
1#
#37735003
0#
#37740003
1#
#37745003
0#
#37750003
1#
#37755003
0#
#37760003
1#
#37765003
0#
#37770003
1#
#37775003
0#
#37780003
1#
#37785003
0#
#37790003
1#
#37795003
0#
#37800003
1#
#37805003
0#
#37810003
1#
#37815003
0#
#37820003
1#
#37825003
0#
#37830003
1#
#37835003
0#
#37840003
1#
#37845003
0#
#37850003
1#
#37855003
0#
#37860003
1#
#37865003
0#
#37870003
1#
#37875003
0#
#37880003
1#
#37885003
0#
#37890003
1#
#37895003
0#
#37900003
1#
#37905003
0#
#37910003
1#
#37915003
0#
#37920003
1#
#37925003
0#
#37930003
1#
#37935003
0#
#37940003
1#
#37945003
0#
#37950003
1#
#37955003
0#
#37960003
1#
#37965003
0#
#37970003
1#
#37975003
0#
#37980003
1#
#37985003
0#
#37990003
1#
#37995003
0#
#38000003
1#
#38005003
0#
#38010003
1#
#38015003
0#
#38020003
1#
#38025003
0#
#38030003
1#
#38035003
0#
#38040003
1#
#38045003
0#
#38050003
1#
#38055003
0#
#38060003
1#
#38065003
0#
#38070003
1#
#38075003
0#
#38080003
1#
#38085003
0#
#38090003
1#
#38095003
0#
#38100003
1#
#38105003
0#
#38110003
1#
#38115003
0#
#38120003
1#
#38125003
0#
#38130003
1#
#38135003
0#
#38140003
1#
#38145003
0#
#38150003
1#
#38155003
0#
#38160003
1#
#38165003
0#
#38170003
1#
#38175003
0#
#38180003
1#
#38185003
0#
#38190003
1#
#38195003
0#
#38200003
1#
#38205003
0#
#38210003
1#
#38215003
0#
#38220003
1#
#38225003
0#
#38230003
1#
#38235003
0#
#38240003
1#
#38245003
0#
#38250003
1#
#38255003
0#
#38260003
1#
#38265003
0#
#38270003
1#
#38275003
0#
#38280003
1#
#38285003
0#
#38290003
1#
#38295003
0#
#38300003
1#
#38305003
0#
#38310003
1#
#38315003
0#
#38320003
1#
#38325003
0#
#38330003
1#
#38335003
0#
#38340003
1#
#38345003
0#
#38350003
1#
#38355003
0#
#38360003
1#
#38365003
0#
#38370003
1#
#38375003
0#
#38380003
1#
#38385003
0#
#38390003
1#
#38395003
0#
#38400003
1#
#38405003
0#
#38410003
1#
#38415003
0#
#38420003
1#
#38425003
0#
#38430003
1#
#38435003
0#
#38440003
1#
#38445003
0#
#38450003
1#
#38455003
0#
#38460003
1#
#38465003
0#
#38470003
1#
#38475003
0#
#38480003
1#
#38485003
0#
#38490003
1#
#38495003
0#
#38500003
1#
#38505003
0#
#38510003
1#
#38515003
0#
#38520003
1#
#38525003
0#
#38530003
1#
#38535003
0#
#38540003
1#
#38545003
0#
#38550003
1#
#38555003
0#
#38560003
1#
#38565003
0#
#38570003
1#
#38575003
0#
#38580003
1#
#38585003
0#
#38590003
1#
#38595003
0#
#38600003
1#
#38605003
0#
#38610003
1#
#38615003
0#
#38620003
1#
#38625003
0#
#38630003
1#
#38635003
0#
#38640003
1#
#38645003
0#
#38650003
1#
#38655003
0#
#38660003
1#
#38665003
0#
#38670003
1#
#38675003
0#
#38680003
1#
#38685003
0#
#38690003
1#
#38695003
0#
#38700003
1#
#38705003
0#
#38710003
1#
#38715003
0#
#38720003
1#
#38725003
0#
#38730003
1#
#38735003
0#
#38740003
1#
#38745003
0#
#38750003
1#
#38755003
0#
#38760003
1#
#38765003
0#
#38770003
1#
#38775003
0#
#38780003
1#
#38785003
0#
#38790003
1#
#38795003
0#
#38800003
1#
#38805003
0#
#38810003
1#
#38815003
0#
#38820003
1#
#38825003
0#
#38830003
1#
#38835003
0#
#38840003
1#
#38845003
0#
#38850003
1#
#38855003
0#
#38860003
1#
#38865003
0#
#38870003
1#
#38875003
0#
#38880003
1#
#38885003
0#
#38890003
1#
#38895003
0#
#38900003
1#
#38905003
0#
#38910003
1#
#38915003
0#
#38920003
1#
#38925003
0#
#38930003
1#
#38935003
0#
#38940003
1#
#38945003
0#
#38950003
1#
#38955003
0#
#38960003
1#
#38965003
0#
#38970003
1#
#38975003
0#
#38980003
1#
#38985003
0#
#38990003
1#
#38995003
0#
#39000003
1#
#39005003
0#
#39010003
1#
#39015003
0#
#39020003
1#
#39025003
0#
#39030003
1#
#39035003
0#
#39040003
1#
#39045003
0#
#39050003
1#
#39055003
0#
#39060003
1#
#39065003
0#
#39070003
1#
#39075003
0#
#39080003
1#
#39085003
0#
#39090003
1#
#39095003
0#
#39100003
1#
#39105003
0#
#39110003
1#
#39115003
0#
#39120003
1#
#39125003
0#
#39130003
1#
#39135003
0#
#39140003
1#
#39145003
0#
#39150003
1#
#39155003
0#
#39160003
1#
#39165003
0#
#39170003
1#
#39175003
0#
#39180003
1#
#39185003
0#
#39190003
1#
#39195003
0#
#39200003
1#
#39205003
0#
#39210003
1#
#39215003
0#
#39220003
1#
#39225003
0#
#39230003
1#
#39235003
0#
#39240003
1#
#39245003
0#
#39250003
1#
#39255003
0#
#39260003
1#
#39265003
0#
#39270003
1#
#39275003
0#
#39280003
1#
#39285003
0#
#39290003
1#
#39295003
0#
#39300003
1#
#39305003
0#
#39310003
1#
#39315003
0#
#39320003
1#
#39325003
0#
#39330003
1#
#39335003
0#
#39340003
1#
#39345003
0#
#39350003
1#
#39355003
0#
#39360003
1#
#39365003
0#
#39370003
1#
#39375003
0#
#39380003
1#
#39385003
0#
#39390003
1#
#39395003
0#
#39400003
1#
#39405003
0#
#39410003
1#
#39415003
0#
#39420003
1#
#39425003
0#
#39430003
1#
#39435003
0#
#39440003
1#
#39445003
0#
#39450003
1#
#39455003
0#
#39460003
1#
#39465003
0#
#39470003
1#
#39475003
0#
#39480003
1#
#39485003
0#
#39490003
1#
#39495003
0#
#39500003
1#
#39505003
0#
#39510003
1#
#39515003
0#
#39520003
1#
#39525003
0#
#39530003
1#
#39535003
0#
#39540003
1#
#39545003
0#
#39550003
1#
#39555003
0#
#39560003
1#
#39565003
0#
#39570003
1#
#39575003
0#
#39580003
1#
#39585003
0#
#39590003
1#
#39595003
0#
#39600003
1#
#39605003
0#
#39610003
1#
#39615003
0#
#39620003
1#
#39625003
0#
#39630003
1#
#39635003
0#
#39640003
1#
#39645003
0#
#39650003
1#
#39655003
0#
#39660003
1#
#39665003
0#
#39670003
1#
#39675003
0#
#39680003
1#
#39685003
0#
#39690003
1#
#39695003
0#
#39700003
1#
#39705003
0#
#39710003
1#
#39715003
0#
#39720003
1#
#39725003
0#
#39730003
1#
#39735003
0#
#39740003
1#
#39745003
0#
#39750003
1#
#39755003
0#
#39760003
1#
#39765003
0#
#39770003
1#
#39775003
0#
#39780003
1#
#39785003
0#
#39790003
1#
#39795003
0#
#39800003
1#
#39805003
0#
#39810003
1#
#39815003
0#
#39820003
1#
#39825003
0#
#39830003
1#
#39835003
0#
#39840003
1#
#39845003
0#
#39850003
1#
#39855003
0#
#39860003
1#
#39865003
0#
#39870003
1#
#39875003
0#
#39880003
1#
#39885003
0#
#39890003
1#
#39895003
0#
#39900003
1#
#39905003
0#
#39910003
1#
#39915003
0#
#39920003
1#
#39925003
0#
#39930003
1#
#39935003
0#
#39940003
1#
#39945003
0#
#39950003
1#
#39955003
0#
#39960003
1#
#39965003
0#
#39970003
1#
#39975003
0#
#39980003
1#
#39985003
0#
#39990003
1#
#39995003
0#
#40000003
1#
#40005003
0#
#40010003
1#
#40015003
0#
#40020003
1#
#40025003
0#
#40030003
1#
#40035003
0#
#40040003
1#
#40045003
0#
#40050003
1#
#40055003
0#
#40060003
1#
#40065003
0#
#40070003
1#
#40075003
0#
#40080003
1#
#40085003
0#
#40090003
1#
#40095003
0#
#40100003
1#
#40105003
0#
#40110003
1#
#40115003
0#
#40120003
1#
#40125003
0#
#40130003
1#
#40135003
0#
#40140003
1#
#40145003
0#
#40150003
1#
#40155003
0#
#40160003
1#
#40165003
0#
#40170003
1#
#40175003
0#
#40180003
1#
#40185003
0#
#40190003
1#
#40195003
0#
#40200003
1#
#40205003
0#
#40210003
1#
#40215003
0#
#40220003
1#
#40225003
0#
#40230003
1#
#40235003
0#
#40240003
1#
#40245003
0#
#40250003
1#
#40255003
0#
#40260003
1#
#40265003
0#
#40270003
1#
#40275003
0#
#40280003
1#
#40285003
0#
#40290003
1#
#40295003
0#
#40300003
1#
#40305003
0#
#40310003
1#
#40315003
0#
#40320003
1#
#40325003
0#
#40330003
1#
#40335003
0#
#40340003
1#
#40345003
0#
#40350003
1#
#40355003
0#
#40360003
1#
#40365003
0#
#40370003
1#
#40375003
0#
#40380003
1#
#40385003
0#
#40390003
1#
#40395003
0#
#40400003
1#
#40405003
0#
#40410003
1#
#40415003
0#
#40420003
1#
#40425003
0#
#40430003
1#
#40435003
0#
#40440003
1#
#40445003
0#
#40450003
1#
#40455003
0#
#40460003
1#
#40465003
0#
#40470003
1#
#40475003
0#
#40480003
1#
#40485003
0#
#40490003
1#
#40495003
0#
#40500003
1#
#40505003
0#
#40510003
1#
#40515003
0#
#40520003
1#
#40525003
0#
#40530003
1#
#40535003
0#
#40540003
1#
#40545003
0#
#40550003
1#
#40555003
0#
#40560003
1#
#40565003
0#
#40570003
1#
#40575003
0#
#40580003
1#
#40585003
0#
#40590003
1#
#40595003
0#
#40600003
1#
#40605003
0#
#40610003
1#
#40615003
0#
#40620003
1#
#40625003
0#
#40630003
1#
#40635003
0#
#40640003
1#
#40645003
0#
#40650003
1#
#40655003
0#
#40660003
1#
#40665003
0#
#40670003
1#
#40675003
0#
#40680003
1#
#40685003
0#
#40690003
1#
#40695003
0#
#40700003
1#
#40705003
0#
#40710003
1#
#40715003
0#
#40720003
1#
#40725003
0#
#40730003
1#
#40735003
0#
#40740003
1#
#40745003
0#
#40750003
1#
#40755003
0#
#40760003
1#
#40765003
0#
#40770003
1#
#40775003
0#
#40780003
1#
#40785003
0#
#40790003
1#
#40795003
0#
#40800003
1#
#40805003
0#
#40810003
1#
#40815003
0#
#40820003
1#
#40825003
0#
#40830003
1#
#40835003
0#
#40840003
1#
#40845003
0#
#40850003
1#
#40855003
0#
#40860003
1#
#40865003
0#
#40870003
1#
#40875003
0#
#40880003
1#
#40885003
0#
#40890003
1#
#40895003
0#
#40900003
1#
#40905003
0#
#40910003
1#
#40915003
0#
#40920003
1#
#40925003
0#
#40930003
1#
#40935003
0#
#40940003
1#
#40945003
0#
#40950003
1#
#40955003
0#
#40960003
1#
#40965003
0#
#40970003
1#
#40975003
0#
#40980003
1#
#40985003
0#
#40990003
1#
#40995003
0#
#41000003
1#
#41000004
1(
#41005004
0#
#41010004
1#
#41015004
0#
#41020004
1#
#41025004
0#
#41030004
1#
#41035004
0#
#41040004
1#
#41045004
0#
#41050004
0(
1#
#41055004
0#
#41060004
1#
#41065004
0#
#41070004
1%
b1100100 '
1#
#41075004
0#
#41080004
0%
b1 =
b1100100 B
1#
#41085004
0#
#41090004
1%
b1100101 '
b1 &
1#
#41095004
0#
#41100004
0%
b10 =
b11001001 B
b1 A
1#
#41105004
0#
#41110004
1%
b1100110 '
b10 &
1#
#41115004
0#
#41120004
0%
b11 =
b100101111 B
b11 A
1#
#41125004
0#
#41130004
1%
b1100111 '
b11 &
1#
#41135004
0#
#41140004
0%
b100 =
b110010110 B
b110 A
1#
#41145004
0#
#41150004
1%
b1101000 '
b100 &
1#
#41155004
0#
#41160004
0%
b101 =
b111111110 B
b1010 A
1#
#41165004
0#
#41170004
1%
b1101001 '
b101 &
1#
#41175004
0#
#41180004
0%
b110 =
b1001100111 B
b1111 A
1#
#41185004
0#
#41190004
1%
b1101010 '
b110 &
1#
#41195004
0#
#41200004
0%
b111 =
b1011010001 B
b10101 A
1#
#41205004
0#
#41210004
1%
b1101011 '
b111 &
1#
#41215004
0#
#41220004
0%
b1000 =
b1100111100 B
b11100 A
1#
#41225004
0#
#41230004
1%
b1101100 '
b1000 &
1#
#41235004
0#
#41240004
0%
b1001 =
b1110101000 B
b100100 A
1#
#41245004
0#
#41250004
1%
b1101101 '
b1001 &
1#
#41255004
0#
#41260004
0%
b1010 =
b10000010101 B
b101101 A
1#
#41265004
0#
#41270004
1%
b1101110 '
b1010 &
1#
#41275004
0#
#41280004
0%
b1011 =
b10010000011 B
b110111 A
1#
#41285004
0#
#41290004
1%
b1101111 '
b1011 &
1#
#41295004
0#
#41300004
0%
b1100 =
b10011110010 B
b1000010 A
1#
#41305004
0#
#41310004
1%
b1110000 '
b1100 &
1#
#41315004
0#
#41320004
0%
b1101 =
b10101100010 B
b1001110 A
1#
#41325004
0#
#41330004
1%
b1110001 '
b1101 &
1#
#41335004
0#
#41340004
0%
b1110 =
b10111010011 B
b1011011 A
1#
#41345004
0#
#41350004
1%
b1110010 '
b1110 &
1#
#41355004
0#
#41360004
0%
b1111 =
b11001000101 B
b1101001 A
1#
#41365004
0#
#41370004
1%
b1110011 '
b1111 &
1#
#41375004
0#
#41380004
0%
b10000 =
b11010111000 B
b1111000 A
1#
#41385004
0#
#41390004
1%
b1110100 '
b10000 &
1#
#41395004
0#
#41400004
0%
b10001 =
b11100101100 B
b10001000 A
1#
#41405004
0#
#41410004
1%
b1110101 '
b10001 &
1#
#41415004
0#
#41420004
0%
b10010 =
b11110100001 B
b10011001 A
1#
#41425004
0#
#41430004
1%
b1110110 '
b10010 &
1#
#41435004
0#
#41440004
0%
b10011 =
b100000010111 B
b10101011 A
1#
#41445004
0#
#41450004
1%
b1110111 '
b10011 &
1#
#41455004
0#
#41460004
0%
b10100 =
b100010001110 B
b10111110 A
1#
#41465004
0#
#41470004
1%
b1111000 '
b10100 &
1#
#41475004
0#
#41480004
0%
b10101 =
b100100000110 B
b11010010 A
1#
#41485004
0#
#41490004
1%
b1111001 '
b10101 &
1#
#41495004
0#
#41500004
0%
b10110 =
b100101111111 B
b11100111 A
1#
#41505004
0#
#41510004
1%
b1111010 '
b10110 &
1#
#41515004
0#
#41520004
0%
b10111 =
b100111111001 B
b11111101 A
1#
#41525004
0#
#41530004
1%
b1111011 '
b10111 &
1#
#41535004
0#
#41540004
0%
b11000 =
b101001110100 B
b100010100 A
1#
#41545004
0#
#41550004
1%
b1111100 '
b11000 &
1#
#41555004
0#
#41560004
0%
b11001 =
b101011110000 B
b100101100 A
1#
#41565004
0#
#41570004
1%
b1111101 '
b11001 &
1#
#41575004
0#
#41580004
0%
b11010 =
b101101101101 B
b101000101 A
1#
#41585004
0#
#41590004
1%
b1111110 '
b11010 &
1#
#41595004
0#
#41600004
0%
b11011 =
b101111101011 B
b101011111 A
1#
#41605004
0#
#41610004
1%
b1111111 '
b11011 &
1#
#41615004
0#
#41620004
0%
b11100 =
b110001101010 B
b101111010 A
1#
#41625004
0#
#41630004
1%
b10000000 '
b11100 &
1#
#41635004
0#
#41640004
0%
b11101 =
b110011101010 B
b110010110 A
1#
#41645004
0#
#41650004
1%
b10000001 '
b11101 &
1#
#41655004
0#
#41660004
0%
b11110 =
b110101101011 B
b110110011 A
1#
#41665004
0#
#41670004
1%
b10000010 '
b11110 &
1#
#41675004
0#
#41680004
0%
b11111 =
b110111101101 B
b111010001 A
1#
#41685004
0#
#41690004
1%
b10000011 '
b11111 &
1#
#41695004
0#
#41700004
0%
b100000 =
b111001110000 B
b111110000 A
1#
#41705004
0#
#41710004
1%
b10000100 '
b100000 &
1#
#41715004
0#
#41720004
0%
b100001 =
b111011110100 B
b1000010000 A
1#
#41725004
0#
#41730004
1%
b10000101 '
b100001 &
1#
#41735004
0#
#41740004
0%
b100010 =
b111101111001 B
b1000110001 A
1#
#41745004
0#
#41750004
1%
b10000110 '
b100010 &
1#
#41755004
0#
#41760004
0%
b100011 =
b111111111111 B
b1001010011 A
1#
#41765004
0#
#41770004
1%
b10000111 '
b100011 &
1#
#41775004
0#
#41780004
0%
b100100 =
b1000010000110 B
b1001110110 A
1#
#41785004
0#
#41790004
1%
b10001000 '
b100100 &
1#
#41795004
0#
#41800004
0%
b100101 =
b1000100001110 B
b1010011010 A
1#
#41805004
0#
#41810004
1%
b10001001 '
b100101 &
1#
#41815004
0#
#41820004
0%
b100110 =
b1000110010111 B
b1010111111 A
1#
#41825004
0#
#41830004
1%
b10001010 '
b100110 &
1#
#41835004
0#
#41840004
0%
b100111 =
b1001000100001 B
b1011100101 A
1#
#41845004
0#
#41850004
1%
b10001011 '
b100111 &
1#
#41855004
0#
#41860004
0%
b101000 =
b1001010101100 B
b1100001100 A
1#
#41865004
0#
#41870004
1%
b10001100 '
b101000 &
1#
#41875004
0#
#41880004
0%
b101001 =
b1001100111000 B
b1100110100 A
1#
#41885004
0#
#41890004
1%
b10001101 '
b101001 &
1#
#41895004
0#
#41900004
0%
b101010 =
b1001111000101 B
b1101011101 A
1#
#41905004
0#
#41910004
1%
b10001110 '
b101010 &
1#
#41915004
0#
#41920004
0%
b101011 =
b1010001010011 B
b1110000111 A
1#
#41925004
0#
#41930004
1%
b10001111 '
b101011 &
1#
#41935004
0#
#41940004
0%
b101100 =
b1010011100010 B
b1110110010 A
1#
#41945004
0#
#41950004
1%
b10010000 '
b101100 &
1#
#41955004
0#
#41960004
0%
b101101 =
b1010101110010 B
b1111011110 A
1#
#41965004
0#
#41970004
1%
b10010001 '
b101101 &
1#
#41975004
0#
#41980004
0%
b101110 =
b1011000000011 B
b10000001011 A
1#
#41985004
0#
#41990004
1%
b10010010 '
b101110 &
1#
#41995004
0#
#42000004
0%
b101111 =
b1011010010101 B
b10000111001 A
1#
#42005004
0#
#42010004
1%
b10010011 '
b101111 &
1#
#42015004
0#
#42020004
0%
b110000 =
b1011100101000 B
b10001101000 A
1#
#42025004
0#
#42030004
1%
b10010100 '
b110000 &
1#
#42035004
0#
#42040004
0%
b110001 =
b1011110111100 B
b10010011000 A
1#
#42045004
0#
#42050004
1%
b10010101 '
b110001 &
1#
#42055004
0#
#42060004
0%
b110010 =
b1100001010001 B
b10011001001 A
1#
#42065004
0#
#42070004
1%
b10010110 '
b110010 &
1#
#42075004
0#
#42080004
0%
b110011 =
b1100011100111 B
b10011111011 A
1#
#42085004
0#
#42090004
1%
b10010111 '
b110011 &
1#
#42095004
0#
#42100004
0%
b110100 =
b1100101111110 B
b10100101110 A
1#
#42105004
0#
#42110004
1%
b10011000 '
b110100 &
1#
#42115004
0#
#42120004
0%
b110101 =
b1101000010110 B
b10101100010 A
1#
#42125004
0#
#42130004
1%
b10011001 '
b110101 &
1#
#42135004
0#
#42140004
0%
b110110 =
b1101010101111 B
b10110010111 A
1#
#42145004
0#
#42150004
1%
b10011010 '
b110110 &
1#
#42155004
0#
#42160004
0%
b110111 =
b1101101001001 B
b10111001101 A
1#
#42165004
0#
#42170004
1%
b10011011 '
b110111 &
1#
#42175004
0#
#42180004
0%
b111000 =
b1101111100100 B
b11000000100 A
1#
#42185004
0#
#42190004
1%
b10011100 '
b111000 &
1#
#42195004
0#
#42200004
0%
b111001 =
b1110010000000 B
b11000111100 A
1#
#42205004
0#
#42210004
1%
b10011101 '
b111001 &
1#
#42215004
0#
#42220004
0%
b111010 =
b1110100011101 B
b11001110101 A
1#
#42225004
0#
#42230004
1%
b10011110 '
b111010 &
1#
#42235004
0#
#42240004
0%
b111011 =
b1110110111011 B
b11010101111 A
1#
#42245004
0#
#42250004
1%
b10011111 '
b111011 &
1#
#42255004
0#
#42260004
0%
b111100 =
b1111001011010 B
b11011101010 A
1#
#42265004
0#
#42270004
1%
b10100000 '
b111100 &
1#
#42275004
0#
#42280004
0%
b111101 =
b1111011111010 B
b11100100110 A
1#
#42285004
0#
#42290004
1%
b10100001 '
b111101 &
1#
#42295004
0#
#42300004
0%
b111110 =
b1111110011011 B
b11101100011 A
1#
#42305004
0#
#42310004
1%
b10100010 '
b111110 &
1#
#42315004
0#
#42320004
0%
b111111 =
b10000000111101 B
b11110100001 A
1#
#42325004
0#
#42330004
1%
b10100011 '
b111111 &
1#
#42335004
0#
#42340004
0%
b1000000 =
b10000011100000 B
b11111100000 A
1#
#42345004
0#
#42350004
1%
b10100100 '
b1000000 &
1#
#42355004
0#
#42360004
0%
b1000001 =
b10000110000100 B
b100000100000 A
1#
#42365004
0#
#42370004
1%
b10100101 '
b1000001 &
1#
#42375004
0#
#42380004
0%
b1000010 =
b10001000101001 B
b100001100001 A
1#
#42385004
0#
#42390004
1%
b10100110 '
b1000010 &
1#
#42395004
0#
#42400004
0%
b1000011 =
b10001011001111 B
b100010100011 A
1#
#42405004
0#
#42410004
1%
b10100111 '
b1000011 &
1#
#42415004
0#
#42420004
0%
b1000100 =
b10001101110110 B
b100011100110 A
1#
#42425004
0#
#42430004
1%
b10101000 '
b1000100 &
1#
#42435004
0#
#42440004
0%
b1000101 =
b10010000011110 B
b100100101010 A
1#
#42445004
0#
#42450004
1%
b10101001 '
b1000101 &
1#
#42455004
0#
#42460004
0%
b1000110 =
b10010011000111 B
b100101101111 A
1#
#42465004
0#
#42470004
1%
b10101010 '
b1000110 &
1#
#42475004
0#
#42480004
0%
b1000111 =
b10010101110001 B
b100110110101 A
1#
#42485004
0#
#42490004
1%
b10101011 '
b1000111 &
1#
#42495004
0#
#42500004
0%
b1001000 =
b10011000011100 B
b100111111100 A
1#
#42505004
0#
#42510004
1%
b10101100 '
b1001000 &
1#
#42515004
0#
#42520004
0%
b1001001 =
b10011011001000 B
b101001000100 A
1#
#42525004
0#
#42530004
1%
b10101101 '
b1001001 &
1#
#42535004
0#
#42540004
0%
b1001010 =
b10011101110101 B
b101010001101 A
1#
#42545004
0#
#42550004
1%
b10101110 '
b1001010 &
1#
#42555004
0#
#42560004
0%
b1001011 =
b10100000100011 B
b101011010111 A
1#
#42565004
0#
#42570004
1%
b10101111 '
b1001011 &
1#
#42575004
0#
#42580004
0%
b1001100 =
b10100011010010 B
b101100100010 A
1#
#42585004
0#
#42590004
1%
b10110000 '
b1001100 &
1#
#42595004
0#
#42600004
0%
b1001101 =
b10100110000010 B
b101101101110 A
1#
#42605004
0#
#42610004
1%
b10110001 '
b1001101 &
1#
#42615004
0#
#42620004
0%
b1001110 =
b10101000110011 B
b101110111011 A
1#
#42625004
0#
#42630004
1%
b10110010 '
b1001110 &
1#
#42635004
0#
#42640004
0%
b1001111 =
b10101011100101 B
b110000001001 A
1#
#42645004
0#
#42650004
1%
b10110011 '
b1001111 &
1#
#42655004
0#
#42660004
0%
b1010000 =
b10101110011000 B
b110001011000 A
1#
#42665004
0#
#42670004
1%
b10110100 '
b1010000 &
1#
#42675004
0#
#42680004
0%
b1010001 =
b10110001001100 B
b110010101000 A
1#
#42685004
0#
#42690004
1%
b10110101 '
b1010001 &
1#
#42695004
0#
#42700004
0%
b1010010 =
b10110100000001 B
b110011111001 A
1#
#42705004
0#
#42710004
1%
b10110110 '
b1010010 &
1#
#42715004
0#
#42720004
0%
b1010011 =
b10110110110111 B
b110101001011 A
1#
#42725004
0#
#42730004
1%
b10110111 '
b1010011 &
1#
#42735004
0#
#42740004
0%
b1010100 =
b10111001101110 B
b110110011110 A
1#
#42745004
0#
#42750004
1%
b10111000 '
b1010100 &
1#
#42755004
0#
#42760004
0%
b1010101 =
b10111100100110 B
b110111110010 A
1#
#42765004
0#
#42770004
1%
b10111001 '
b1010101 &
1#
#42775004
0#
#42780004
0%
b1010110 =
b10111111011111 B
b111001000111 A
1#
#42785004
0#
#42790004
1%
b10111010 '
b1010110 &
1#
#42795004
0#
#42800004
0%
b1010111 =
b11000010011001 B
b111010011101 A
1#
#42805004
0#
#42810004
1%
b10111011 '
b1010111 &
1#
#42815004
0#
#42820004
0%
b1011000 =
b11000101010100 B
b111011110100 A
1#
#42825004
0#
#42830004
1%
b10111100 '
b1011000 &
1#
#42835004
0#
#42840004
0%
b1011001 =
b11001000010000 B
b111101001100 A
1#
#42845004
0#
#42850004
1%
b10111101 '
b1011001 &
1#
#42855004
0#
#42860004
0%
b1011010 =
b11001011001101 B
b111110100101 A
1#
#42865004
0#
#42870004
1%
b10111110 '
b1011010 &
1#
#42875004
0#
#42880004
0%
b1011011 =
b11001110001011 B
b111111111111 A
1#
#42885004
0#
#42890004
1%
b10111111 '
b1011011 &
1#
#42895004
0#
#42900004
0%
b1011100 =
b11010001001010 B
b1000001011010 A
1#
#42905004
0#
#42910004
1%
b11000000 '
b1011100 &
1#
#42915004
0#
#42920004
0%
b1011101 =
b11010100001010 B
b1000010110110 A
1#
#42925004
0#
#42930004
1%
b11000001 '
b1011101 &
1#
#42935004
0#
#42940004
0%
b1011110 =
b11010111001011 B
b1000100010011 A
1#
#42945004
0#
#42950004
1%
b11000010 '
b1011110 &
1#
#42955004
0#
#42960004
0%
b1011111 =
b11011010001101 B
b1000101110001 A
1#
#42965004
0#
#42970004
1%
b11000011 '
b1011111 &
1#
#42975004
0#
#42980004
0%
b1100000 =
b11011101010000 B
b1000111010000 A
1#
#42985004
0#
#42990004
1%
b11000100 '
b1100000 &
1#
#42995004
0#
#43000004
0%
b1100001 =
b11100000010100 B
b1001000110000 A
1#
#43005004
0#
#43010004
1%
b11000101 '
b1100001 &
1#
#43015004
0#
#43020004
0%
b1100010 =
b11100011011001 B
b1001010010001 A
1#
#43025004
0#
#43030004
1%
b11000110 '
b1100010 &
1#
#43035004
0#
#43040004
0%
b1100011 =
b11100110011111 B
b1001011110011 A
1#
#43045004
0#
#43050004
1%
b11000111 '
b1100011 &
1#
#43055004
0#
#43060004
0%
b1100100 =
b11101001100110 B
b1001101010110 A
1#
#43065004
0#
#43070004
1"
1!
1#
#43075004
0#
#43080004
0!
0"
1$
13
b0 =
b0 B
b0 A
1@
19
b1100100 :
b1100100 D
b1100100 M
b11101001100110 <
b11101001100110 L
b1001101010110 ;
b1001101010110 C
1#
#43085004
0#
#43090004
0$
0@
03
11
b1100100 P
b11101001100110 O
b1 T
12
b1100100 G
b1001101010110 F
b1 K
1#
#43095004
0#
#43100004
b1001011110010 F
b1 I
b11101000000010 O
b1 R
1#
#43105004
0#
#43110004
b11100110011110 O
b10 R
b1001010001110 F
b10 I
1#
#43115004
0#
#43120004
b1001000101010 F
b11 I
b11100100111010 O
b11 R
1#
#43125004
0#
#43130004
b11100011010110 O
b100 R
b1000111000110 F
b100 I
1#
#43135004
0#
#43140004
b1000101100010 F
b101 I
b11100001110010 O
b101 R
1#
#43145004
0#
#43150004
b11100000001110 O
b110 R
b1000011111110 F
b110 I
1#
#43155004
0#
#43160004
b1000010011010 F
b111 I
b11011110101010 O
b111 R
1#
#43165004
0#
#43170004
b11011101000110 O
b1000 R
b1000000110110 F
b1000 I
1#
#43175004
0#
#43180004
b111111010010 F
b1001 I
b11011011100010 O
b1001 R
1#
#43185004
0#
#43190004
b11011001111110 O
b1010 R
b111101101110 F
b1010 I
1#
#43195004
0#
#43200004
b111100001010 F
b1011 I
b11011000011010 O
b1011 R
1#
#43205004
0#
#43210004
b11010110110110 O
b1100 R
b111010100110 F
b1100 I
1#
#43215004
0#
#43220004
b111001000010 F
b1101 I
b11010101010010 O
b1101 R
1#
#43225004
0#
#43230004
b11010011101110 O
b1110 R
b110111011110 F
b1110 I
1#
#43235004
0#
#43240004
b110101111010 F
b1111 I
b11010010001010 O
b1111 R
1#
#43245004
0#
#43250004
b11010000100110 O
b10000 R
b110100010110 F
b10000 I
1#
#43255004
0#
#43260004
b110010110010 F
b10001 I
b11001111000010 O
b10001 R
1#
#43265004
0#
#43270004
b11001101011110 O
b10010 R
b110001001110 F
b10010 I
1#
#43275004
0#
#43280004
b101111101010 F
b10011 I
b11001011111010 O
b10011 R
1#
#43285004
0#
#43290004
b11001010010110 O
b10100 R
b101110000110 F
b10100 I
1#
#43295004
0#
#43300004
b101100100010 F
b10101 I
b11001000110010 O
b10101 R
1#
#43305004
0#
#43310004
b11000111001110 O
b10110 R
b101010111110 F
b10110 I
1#
#43315004
0#
#43320004
b101001011010 F
b10111 I
b11000101101010 O
b10111 R
1#
#43325004
0#
#43330004
b11000100000110 O
b11000 R
b100111110110 F
b11000 I
1#
#43335004
0#
#43340004
b100110010010 F
b11001 I
b11000010100010 O
b11001 R
1#
#43345004
0#
#43350004
b11000000111110 O
b11010 R
b100100101110 F
b11010 I
1#
#43355004
0#
#43360004
b100011001010 F
b11011 I
b10111111011010 O
b11011 R
1#
#43365004
0#
#43370004
b10111101110110 O
b11100 R
b100001100110 F
b11100 I
1#
#43375004
0#
#43380004
b100000000010 F
b11101 I
b10111100010010 O
b11101 R
1#
#43385004
0#
#43390004
b10111010101110 O
b11110 R
b11110011110 F
b11110 I
1#
#43395004
0#
#43400004
b11100111010 F
b11111 I
b10111001001010 O
b11111 R
1#
#43405004
0#
#43410004
b10110111100110 O
b100000 R
b11011010110 F
b100000 I
1#
#43415004
0#
#43420004
b11001110010 F
b100001 I
b10110110000010 O
b100001 R
1#
#43425004
0#
#43430004
b10110100011110 O
b100010 R
b11000001110 F
b100010 I
1#
#43435004
0#
#43440004
b10110101010 F
b100011 I
b10110010111010 O
b100011 R
1#
#43445004
0#
#43450004
b10110001010110 O
b100100 R
b10101000110 F
b100100 I
1#
#43455004
0#
#43460004
b10011100010 F
b100101 I
b10101111110010 O
b100101 R
1#
#43465004
0#
#43470004
b10101110001110 O
b100110 R
b10001111110 F
b100110 I
1#
#43475004
0#
#43480004
b10000011010 F
b100111 I
b10101100101010 O
b100111 R
1#
#43485004
0#
#43490004
b10101011000110 O
b101000 R
b1110110110 F
b101000 I
1#
#43495004
0#
#43500004
b1101010010 F
b101001 I
b10101001100010 O
b101001 R
1#
#43505004
0#
#43510004
b10100111111110 O
b101010 R
b1011101110 F
b101010 I
1#
#43515004
0#
#43520004
b1010001010 F
b101011 I
b10100110011010 O
b101011 R
1#
#43525004
0#
#43530004
b10100100110110 O
b101100 R
b1000100110 F
b101100 I
1#
#43535004
0#
#43540004
b111000010 F
b101101 I
b10100011010010 O
b101101 R
1#
#43545004
0#
#43550004
b10100001101110 O
b101110 R
b101011110 F
b101110 I
1#
#43555004
0#
#43560004
b11111010 F
b101111 I
b10100000001010 O
b101111 R
1#
#43565004
0#
#43570004
b10011110100110 O
b110000 R
b10010110 F
b110000 I
1#
#43575004
0#
#43580004
b110010 F
b110001 I
b10011101000010 O
b110001 R
1#
#43585004
0#
#43590004
b10011011011110 O
b110010 R
1*
02
b110001 .
b110001 H
b110010 ,
b110010 J
b0 K
1#
#43595004
0#
#43600004
0*
b10011001111010 O
b110011 R
17
b110001 >
1#
#43605004
0#
#43610004
b10011000010110 O
b110100 R
1#
#43615004
0#
#43620004
b10010110110010 O
b110101 R
1#
#43625004
0#
#43630004
b10010101001110 O
b110110 R
1#
#43635004
0#
#43640004
b10010011101010 O
b110111 R
1#
#43645004
0#
#43650004
b10010010000110 O
b111000 R
1#
#43655004
0#
#43660004
b10010000100010 O
b111001 R
1#
#43665004
0#
#43670004
b10001110111110 O
b111010 R
1#
#43675004
0#
#43680004
b10001101011010 O
b111011 R
1#
#43685004
0#
#43690004
b10001011110110 O
b111100 R
1#
#43695004
0#
#43700004
b10001010010010 O
b111101 R
1#
#43705004
0#
#43710004
b10001000101110 O
b111110 R
1#
#43715004
0#
#43720004
b10000111001010 O
b111111 R
1#
#43725004
0#
#43730004
b10000101100110 O
b1000000 R
1#
#43735004
0#
#43740004
b10000100000010 O
b1000001 R
1#
#43745004
0#
#43750004
b10000010011110 O
b1000010 R
1#
#43755004
0#
#43760004
b10000000111010 O
b1000011 R
1#
#43765004
0#
#43770004
b1111111010110 O
b1000100 R
1#
#43775004
0#
#43780004
b1111101110010 O
b1000101 R
1#
#43785004
0#
#43790004
b1111100001110 O
b1000110 R
1#
#43795004
0#
#43800004
b1111010101010 O
b1000111 R
1#
#43805004
0#
#43810004
b1111001000110 O
b1001000 R
1#
#43815004
0#
#43820004
b1110111100010 O
b1001001 R
1#
#43825004
0#
#43830004
b1110101111110 O
b1001010 R
1#
#43835004
0#
#43840004
b1110100011010 O
b1001011 R
1#
#43845004
0#
#43850004
b1110010110110 O
b1001100 R
1#
#43855004
0#
#43860004
b1110001010010 O
b1001101 R
1#
#43865004
0#
#43870004
b1101111101110 O
b1001110 R
1#
#43875004
0#
#43880004
b1101110001010 O
b1001111 R
1#
#43885004
0#
#43890004
b1101100100110 O
b1010000 R
1#
#43895004
0#
#43900004
b1101011000010 O
b1010001 R
1#
#43905004
0#
#43910004
b1101001011110 O
b1010010 R
1#
#43915004
0#
#43920004
b1100111111010 O
b1010011 R
1#
#43925004
0#
#43930004
b1100110010110 O
b1010100 R
1#
#43935004
0#
#43940004
b1100100110010 O
b1010101 R
1#
#43945004
0#
#43950004
b1100011001110 O
b1010110 R
1#
#43955004
0#
#43960004
b1100001101010 O
b1010111 R
1#
#43965004
0#
#43970004
b1100000000110 O
b1011000 R
1#
#43975004
0#
#43980004
b1011110100010 O
b1011001 R
1#
#43985004
0#
#43990004
b1011100111110 O
b1011010 R
1#
#43995004
0#
#44000004
b1011011011010 O
b1011011 R
1#
#44005004
0#
#44010004
b1011001110110 O
b1011100 R
1#
#44015004
0#
#44020004
b1011000010010 O
b1011101 R
1#
#44025004
0#
#44030004
b1010110101110 O
b1011110 R
1#
#44035004
0#
#44040004
b1010101001010 O
b1011111 R
1#
#44045004
0#
#44050004
b1010011100110 O
b1100000 R
1#
#44055004
0#
#44060004
b1010010000010 O
b1100001 R
1#
#44065004
0#
#44070004
b1010000011110 O
b1100010 R
1#
#44075004
0#
#44080004
b1001110111010 O
b1100011 R
1#
#44085004
0#
#44090004
b1001101010110 O
b1100100 R
1#
#44095004
0#
#44100004
b1001011110010 O
b1100101 R
1#
#44105004
0#
#44110004
b1001010001110 O
b1100110 R
1#
#44115004
0#
#44120004
b1001000101010 O
b1100111 R
1#
#44125004
0#
#44130004
b1000111000110 O
b1101000 R
1#
#44135004
0#
#44140004
b1000101100010 O
b1101001 R
1#
#44145004
0#
#44150004
b1000011111110 O
b1101010 R
1#
#44155004
0#
#44160004
b1000010011010 O
b1101011 R
1#
#44165004
0#
#44170004
b1000000110110 O
b1101100 R
1#
#44175004
0#
#44180004
b111111010010 O
b1101101 R
1#
#44185004
0#
#44190004
b111101101110 O
b1101110 R
1#
#44195004
0#
#44200004
b111100001010 O
b1101111 R
1#
#44205004
0#
#44210004
b111010100110 O
b1110000 R
1#
#44215004
0#
#44220004
b111001000010 O
b1110001 R
1#
#44225004
0#
#44230004
b110111011110 O
b1110010 R
1#
#44235004
0#
#44240004
b110101111010 O
b1110011 R
1#
#44245004
0#
#44250004
b110100010110 O
b1110100 R
1#
#44255004
0#
#44260004
b110010110010 O
b1110101 R
1#
#44265004
0#
#44270004
b110001001110 O
b1110110 R
1#
#44275004
0#
#44280004
b101111101010 O
b1110111 R
1#
#44285004
0#
#44290004
b101110000110 O
b1111000 R
1#
#44295004
0#
#44300004
b101100100010 O
b1111001 R
1#
#44305004
0#
#44310004
b101010111110 O
b1111010 R
1#
#44315004
0#
#44320004
b101001011010 O
b1111011 R
1#
#44325004
0#
#44330004
b100111110110 O
b1111100 R
1#
#44335004
0#
#44340004
b100110010010 O
b1111101 R
1#
#44345004
0#
#44350004
b100100101110 O
b1111110 R
1#
#44355004
0#
#44360004
b100011001010 O
b1111111 R
1#
#44365004
0#
#44370004
b100001100110 O
b10000000 R
1#
#44375004
0#
#44380004
b100000000010 O
b10000001 R
1#
#44385004
0#
#44390004
b11110011110 O
b10000010 R
1#
#44395004
0#
#44400004
b11100111010 O
b10000011 R
1#
#44405004
0#
#44410004
b11011010110 O
b10000100 R
1#
#44415004
0#
#44420004
b11001110010 O
b10000101 R
1#
#44425004
0#
#44430004
b11000001110 O
b10000110 R
1#
#44435004
0#
#44440004
b10110101010 O
b10000111 R
1#
#44445004
0#
#44450004
b10101000110 O
b10001000 R
1#
#44455004
0#
#44460004
b10011100010 O
b10001001 R
1#
#44465004
0#
#44470004
b10001111110 O
b10001010 R
1#
#44475004
0#
#44480004
b10000011010 O
b10001011 R
1#
#44485004
0#
#44490004
b1110110110 O
b10001100 R
1#
#44495004
0#
#44500004
b1101010010 O
b10001101 R
1#
#44505004
0#
#44510004
b1011101110 O
b10001110 R
1#
#44515004
0#
#44520004
b1010001010 O
b10001111 R
1#
#44525004
0#
#44530004
b1000100110 O
b10010000 R
1#
#44535004
0#
#44540004
b111000010 O
b10010001 R
1#
#44545004
0#
#44550004
b101011110 O
b10010010 R
1#
#44555004
0#
#44560004
b11111010 O
b10010011 R
1#
#44565004
0#
#44570004
b10010110 O
b10010100 R
1#
#44575004
0#
#44580004
b110010 O
b10010101 R
1#
#44585004
0#
#44590004
1)
01
b10010101 -
b10010101 Q
b110010 +
b110010 S
b0 T
1#
#44595004
0#
#44600004
0)
18
b10010101 ?
1#
#44605004
0#
#44610004
09
14
b10010101 6
b110001 5
1#
#44615004
0#
#44620004
04
1#
#44625004
0#
#44630004
1%
b0 '
b11001000 &
1#
#44635004
0#
#44640004
0%
b1 =
b11001000 A
1#
#44645004
0#
#44650004
1%
b1 '
b11001001 &
1#
#44655004
0#
#44660004
0%
b10 =
b1 B
b110010001 A
1#
#44665004
0#
#44670004
1%
b10 '
b11001010 &
1#
#44675004
0#
#44680004
0%
b11 =
b11 B
b1001011011 A
1#
#44685004
0#
#44690004
1%
b11 '
b11001011 &
1#
#44695004
0#
#44700004
0%
b100 =
b110 B
b1100100110 A
1#
#44705004
0#
#44710004
1%
b100 '
b11001100 &
1#
#44715004
0#
#44720004
0%
b101 =
b1010 B
b1111110010 A
1#
#44725004
0#
#44730004
1%
b101 '
b11001101 &
1#
#44735004
0#
#44740004
0%
b110 =
b1111 B
b10010111111 A
1#
#44745004
0#
#44750004
1%
b110 '
b11001110 &
1#
#44755004
0#
#44760004
0%
b111 =
b10101 B
b10110001101 A
1#
#44765004
0#
#44770004
1%
b111 '
b11001111 &
1#
#44775004
0#
#44780004
0%
b1000 =
b11100 B
b11001011100 A
1#
#44785004
0#
#44790004
1%
b1000 '
b11010000 &
1#
#44795004
0#
#44800004
0%
b1001 =
b100100 B
b11100101100 A
1#
#44805004
0#
#44810004
1%
b1001 '
b11010001 &
1#
#44815004
0#
#44820004
0%
b1010 =
b101101 B
b11111111101 A
1#
#44825004
0#
#44830004
1%
b1010 '
b11010010 &
1#
#44835004
0#
#44840004
0%
b1011 =
b110111 B
b100011001111 A
1#
#44845004
0#
#44850004
1%
b1011 '
b11010011 &
1#
#44855004
0#
#44860004
0%
b1100 =
b1000010 B
b100110100010 A
1#
#44865004
0#
#44870004
1%
b1100 '
b11010100 &
1#
#44875004
0#
#44880004
0%
b1101 =
b1001110 B
b101001110110 A
1#
#44885004
0#
#44890004
1%
b1101 '
b11010101 &
1#
#44895004
0#
#44900004
0%
b1110 =
b1011011 B
b101101001011 A
1#
#44905004
0#
#44910004
1%
b1110 '
b11010110 &
1#
#44915004
0#
#44920004
0%
b1111 =
b1101001 B
b110000100001 A
1#
#44925004
0#
#44930004
1%
b1111 '
b11010111 &
1#
#44935004
0#
#44940004
0%
b10000 =
b1111000 B
b110011111000 A
1#
#44945004
0#
#44950004
1%
b10000 '
b11011000 &
1#
#44955004
0#
#44960004
0%
b10001 =
b10001000 B
b110111010000 A
1#
#44965004
0#
#44970004
1%
b10001 '
b11011001 &
1#
#44975004
0#
#44980004
0%
b10010 =
b10011001 B
b111010101001 A
1#
#44985004
0#
#44990004
1%
b10010 '
b11011010 &
1#
#44995004
0#
#45000004
0%
b10011 =
b10101011 B
b111110000011 A
1#
#45005004
0#
#45010004
1%
b10011 '
b11011011 &
1#
#45015004
0#
#45020004
0%
b10100 =
b10111110 B
b1000001011110 A
1#
#45025004
0#
#45030004
1%
b10100 '
b11011100 &
1#
#45035004
0#
#45040004
0%
b10101 =
b11010010 B
b1000100111010 A
1#
#45045004
0#
#45050004
1%
b10101 '
b11011101 &
1#
#45055004
0#
#45060004
0%
b10110 =
b11100111 B
b1001000010111 A
1#
#45065004
0#
#45070004
1%
b10110 '
b11011110 &
1#
#45075004
0#
#45080004
0%
b10111 =
b11111101 B
b1001011110101 A
1#
#45085004
0#
#45090004
1%
b10111 '
b11011111 &
1#
#45095004
0#
#45100004
0%
b11000 =
b100010100 B
b1001111010100 A
1#
#45105004
0#
#45110004
1%
b11000 '
b11100000 &
1#
#45115004
0#
#45120004
0%
b11001 =
b100101100 B
b1010010110100 A
1#
#45125004
0#
#45130004
1%
b11001 '
b11100001 &
1#
#45135004
0#
#45140004
0%
b11010 =
b101000101 B
b1010110010101 A
1#
#45145004
0#
#45150004
1%
b11010 '
b11100010 &
1#
#45155004
0#
#45160004
0%
b11011 =
b101011111 B
b1011001110111 A
1#
#45165004
0#
#45170004
1%
b11011 '
b11100011 &
1#
#45175004
0#
#45180004
0%
b11100 =
b101111010 B
b1011101011010 A
1#
#45185004
0#
#45190004
1%
b11100 '
b11100100 &
1#
#45195004
0#
#45200004
0%
b11101 =
b110010110 B
b1100000111110 A
1#
#45205004
0#
#45210004
1%
b11101 '
b11100101 &
1#
#45215004
0#
#45220004
0%
b11110 =
b110110011 B
b1100100100011 A
1#
#45225004
0#
#45230004
1%
b11110 '
b11100110 &
1#
#45235004
0#
#45240004
0%
b11111 =
b111010001 B
b1101000001001 A
1#
#45245004
0#
#45250004
1%
b11111 '
b11100111 &
1#
#45255004
0#
#45260004
0%
b100000 =
b111110000 B
b1101011110000 A
1#
#45265004
0#
#45270004
1%
b100000 '
b11101000 &
1#
#45275004
0#
#45280004
0%
b100001 =
b1000010000 B
b1101111011000 A
1#
#45285004
0#
#45290004
1%
b100001 '
b11101001 &
1#
#45295004
0#
#45300004
0%
b100010 =
b1000110001 B
b1110011000001 A
1#
#45305004
0#
#45310004
1%
b100010 '
b11101010 &
1#
#45315004
0#
#45320004
0%
b100011 =
b1001010011 B
b1110110101011 A
1#
#45325004
0#
#45330004
1%
b100011 '
b11101011 &
1#
#45335004
0#
#45340004
0%
b100100 =
b1001110110 B
b1111010010110 A
1#
#45345004
0#
#45350004
1%
b100100 '
b11101100 &
1#
#45355004
0#
#45360004
0%
b100101 =
b1010011010 B
b1111110000010 A
1#
#45365004
0#
#45370004
1%
b100101 '
b11101101 &
1#
#45375004
0#
#45380004
0%
b100110 =
b1010111111 B
b10000001101111 A
1#
#45385004
0#
#45390004
1%
b100110 '
b11101110 &
1#
#45395004
0#
#45400004
0%
b100111 =
b1011100101 B
b10000101011101 A
1#
#45405004
0#
#45410004
1%
b100111 '
b11101111 &
1#
#45415004
0#
#45420004
0%
b101000 =
b1100001100 B
b10001001001100 A
1#
#45425004
0#
#45430004
1%
b101000 '
b11110000 &
1#
#45435004
0#
#45440004
0%
b101001 =
b1100110100 B
b10001100111100 A
1#
#45445004
0#
#45450004
1%
b101001 '
b11110001 &
1#
#45455004
0#
#45460004
0%
b101010 =
b1101011101 B
b10010000101101 A
1#
#45465004
0#
#45470004
1%
b101010 '
b11110010 &
1#
#45475004
0#
#45480004
0%
b101011 =
b1110000111 B
b10010100011111 A
1#
#45485004
0#
#45490004
1%
b101011 '
b11110011 &
1#
#45495004
0#
#45500004
0%
b101100 =
b1110110010 B
b10011000010010 A
1#
#45505004
0#
#45510004
1%
b101100 '
b11110100 &
1#
#45515004
0#
#45520004
0%
b101101 =
b1111011110 B
b10011100000110 A
1#
#45525004
0#
#45530004
1%
b101101 '
b11110101 &
1#
#45535004
0#
#45540004
0%
b101110 =
b10000001011 B
b10011111111011 A
1#
#45545004
0#
#45550004
1%
b101110 '
b11110110 &
1#
#45555004
0#
#45560004
0%
b101111 =
b10000111001 B
b10100011110001 A
1#
#45565004
0#
#45570004
1%
b101111 '
b11110111 &
1#
#45575004
0#
#45580004
0%
b110000 =
b10001101000 B
b10100111101000 A
1#
#45585004
0#
#45590004
1%
b110000 '
b11111000 &
1#
#45595004
0#
#45600004
0%
b110001 =
b10010011000 B
b10101011100000 A
1#
#45605004
0#
#45610004
1%
b110001 '
b11111001 &
1#
#45615004
0#
#45620004
0%
b110010 =
b10011001001 B
b10101111011001 A
1#
#45625004
0#
#45630004
1%
b110010 '
b11111010 &
1#
#45635004
0#
#45640004
0%
b110011 =
b10011111011 B
b10110011010011 A
1#
#45645004
0#
#45650004
1%
b110011 '
b11111011 &
1#
#45655004
0#
#45660004
0%
b110100 =
b10100101110 B
b10110111001110 A
1#
#45665004
0#
#45670004
1%
b110100 '
b11111100 &
1#
#45675004
0#
#45680004
0%
b110101 =
b10101100010 B
b10111011001010 A
1#
#45685004
0#
#45690004
1%
b110101 '
b11111101 &
1#
#45695004
0#
#45700004
0%
b110110 =
b10110010111 B
b10111111000111 A
1#
#45705004
0#
#45710004
1%
b110110 '
b11111110 &
1#
#45715004
0#
#45720004
0%
b110111 =
b10111001101 B
b11000011000101 A
1#
#45725004
0#
#45730004
1%
b110111 '
b11111111 &
1#
#45735004
0#
#45740004
0%
b111000 =
b11000000100 B
b11000111000100 A
1#
#45745004
0#
#45750004
1%
b111000 '
b100000000 &
1#
#45755004
0#
#45760004
0%
b111001 =
b11000111100 B
b11001011000100 A
1#
#45765004
0#
#45770004
1%
b111001 '
b100000001 &
1#
#45775004
0#
#45780004
0%
b111010 =
b11001110101 B
b11001111000101 A
1#
#45785004
0#
#45790004
1%
b111010 '
b100000010 &
1#
#45795004
0#
#45800004
0%
b111011 =
b11010101111 B
b11010011000111 A
1#
#45805004
0#
#45810004
1%
b111011 '
b100000011 &
1#
#45815004
0#
#45820004
0%
b111100 =
b11011101010 B
b11010111001010 A
1#
#45825004
0#
#45830004
1%
b111100 '
b100000100 &
1#
#45835004
0#
#45840004
0%
b111101 =
b11100100110 B
b11011011001110 A
1#
#45845004
0#
#45850004
1%
b111101 '
b100000101 &
1#
#45855004
0#
#45860004
0%
b111110 =
b11101100011 B
b11011111010011 A
1#
#45865004
0#
#45870004
1%
b111110 '
b100000110 &
1#
#45875004
0#
#45880004
0%
b111111 =
b11110100001 B
b11100011011001 A
1#
#45885004
0#
#45890004
1%
b111111 '
b100000111 &
1#
#45895004
0#
#45900004
0%
b1000000 =
b11111100000 B
b11100111100000 A
1#
#45905004
0#
#45910004
1%
b1000000 '
b100001000 &
1#
#45915004
0#
#45920004
0%
b1000001 =
b100000100000 B
b11101011101000 A
1#
#45925004
0#
#45930004
1%
b1000001 '
b100001001 &
1#
#45935004
0#
#45940004
0%
b1000010 =
b100001100001 B
b11101111110001 A
1#
#45945004
0#
#45950004
1%
b1000010 '
b100001010 &
1#
#45955004
0#
#45960004
0%
b1000011 =
b100010100011 B
b11110011111011 A
1#
#45965004
0#
#45970004
1%
b1000011 '
b100001011 &
1#
#45975004
0#
#45980004
0%
b1000100 =
b100011100110 B
b11111000000110 A
1#
#45985004
0#
#45990004
1%
b1000100 '
b100001100 &
1#
#45995004
0#
#46000004
0%
b1000101 =
b100100101010 B
b11111100010010 A
1#
#46005004
0#
#46010004
1%
b1000101 '
b100001101 &
1#
#46015004
0#
#46020004
0%
b1000110 =
b100101101111 B
b100000000011111 A
1#
#46025004
0#
#46030004
1%
b1000110 '
b100001110 &
1#
#46035004
0#
#46040004
0%
b1000111 =
b100110110101 B
b100000100101101 A
1#
#46045004
0#
#46050004
1%
b1000111 '
b100001111 &
1#
#46055004
0#
#46060004
0%
b1001000 =
b100111111100 B
b100001000111100 A
1#
#46065004
0#
#46070004
1%
b1001000 '
b100010000 &
1#
#46075004
0#
#46080004
0%
b1001001 =
b101001000100 B
b100001101001100 A
1#
#46085004
0#
#46090004
1%
b1001001 '
b100010001 &
1#
#46095004
0#
#46100004
0%
b1001010 =
b101010001101 B
b100010001011101 A
1#
#46105004
0#
#46110004
1%
b1001010 '
b100010010 &
1#
#46115004
0#
#46120004
0%
b1001011 =
b101011010111 B
b100010101101111 A
1#
#46125004
0#
#46130004
1%
b1001011 '
b100010011 &
1#
#46135004
0#
#46140004
0%
b1001100 =
b101100100010 B
b100011010000010 A
1#
#46145004
0#
#46150004
1%
b1001100 '
b100010100 &
1#
#46155004
0#
#46160004
0%
b1001101 =
b101101101110 B
b100011110010110 A
1#
#46165004
0#
#46170004
1%
b1001101 '
b100010101 &
1#
#46175004
0#
#46180004
0%
b1001110 =
b101110111011 B
b100100010101011 A
1#
#46185004
0#
#46190004
1%
b1001110 '
b100010110 &
1#
#46195004
0#
#46200004
0%
b1001111 =
b110000001001 B
b100100111000001 A
1#
#46205004
0#
#46210004
1%
b1001111 '
b100010111 &
1#
#46215004
0#
#46220004
0%
b1010000 =
b110001011000 B
b100101011011000 A
1#
#46225004
0#
#46230004
1%
b1010000 '
b100011000 &
1#
#46235004
0#
#46240004
0%
b1010001 =
b110010101000 B
b100101111110000 A
1#
#46245004
0#
#46250004
1%
b1010001 '
b100011001 &
1#
#46255004
0#
#46260004
0%
b1010010 =
b110011111001 B
b100110100001001 A
1#
#46265004
0#
#46270004
1%
b1010010 '
b100011010 &
1#
#46275004
0#
#46280004
0%
b1010011 =
b110101001011 B
b100111000100011 A
1#
#46285004
0#
#46290004
1%
b1010011 '
b100011011 &
1#
#46295004
0#
#46300004
0%
b1010100 =
b110110011110 B
b100111100111110 A
1#
#46305004
0#
#46310004
1%
b1010100 '
b100011100 &
1#
#46315004
0#
#46320004
0%
b1010101 =
b110111110010 B
b101000001011010 A
1#
#46325004
0#
#46330004
1%
b1010101 '
b100011101 &
1#
#46335004
0#
#46340004
0%
b1010110 =
b111001000111 B
b101000101110111 A
1#
#46345004
0#
#46350004
1%
b1010110 '
b100011110 &
1#
#46355004
0#
#46360004
0%
b1010111 =
b111010011101 B
b101001010010101 A
1#
#46365004
0#
#46370004
1%
b1010111 '
b100011111 &
1#
#46375004
0#
#46380004
0%
b1011000 =
b111011110100 B
b101001110110100 A
1#
#46385004
0#
#46390004
1%
b1011000 '
b100100000 &
1#
#46395004
0#
#46400004
0%
b1011001 =
b111101001100 B
b101010011010100 A
1#
#46405004
0#
#46410004
1%
b1011001 '
b100100001 &
1#
#46415004
0#
#46420004
0%
b1011010 =
b111110100101 B
b101010111110101 A
1#
#46425004
0#
#46430004
1%
b1011010 '
b100100010 &
1#
#46435004
0#
#46440004
0%
b1011011 =
b111111111111 B
b101011100010111 A
1#
#46445004
0#
#46450004
1%
b1011011 '
b100100011 &
1#
#46455004
0#
#46460004
0%
b1011100 =
b1000001011010 B
b101100000111010 A
1#
#46465004
0#
#46470004
1%
b1011100 '
b100100100 &
1#
#46475004
0#
#46480004
0%
b1011101 =
b1000010110110 B
b101100101011110 A
1#
#46485004
0#
#46490004
1%
b1011101 '
b100100101 &
1#
#46495004
0#
#46500004
0%
b1011110 =
b1000100010011 B
b101101010000011 A
1#
#46505004
0#
#46510004
1%
b1011110 '
b100100110 &
1#
#46515004
0#
#46520004
0%
b1011111 =
b1000101110001 B
b101101110101001 A
1#
#46525004
0#
#46530004
1%
b1011111 '
b100100111 &
1#
#46535004
0#
#46540004
0%
b1100000 =
b1000111010000 B
b101110011010000 A
1#
#46545004
0#
#46550004
1%
b1100000 '
b100101000 &
1#
#46555004
0#
#46560004
0%
b1100001 =
b1001000110000 B
b101110111111000 A
1#
#46565004
0#
#46570004
1%
b1100001 '
b100101001 &
1#
#46575004
0#
#46580004
0%
b1100010 =
b1001010010001 B
b101111100100001 A
1#
#46585004
0#
#46590004
1%
b1100010 '
b100101010 &
1#
#46595004
0#
#46600004
0%
b1100011 =
b1001011110011 B
b110000001001011 A
1#
#46605004
0#
#46610004
1%
b1100011 '
b100101011 &
1#
#46615004
0#
#46620004
0%
b1100100 =
b1001101010110 B
b110000101110110 A
1#
#46625004
0#
#46630004
1"
1!
1#
#46635004
0#
#46640004
0!
0"
1$
13
b0 =
b0 B
b0 A
1@
08
07
19
b1001101010110 <
b1001101010110 L
b110000101110110 ;
b110000101110110 C
1#
#46645004
0#
#46650004
0$
0@
03
11
b1001101010110 O
b0 R
b1 T
12
b110000101110110 F
b0 I
b1 K
1#
#46655004
0#
#46660004
b110000100010010 F
b1 I
b1001011110010 O
b1 R
1#
#46665004
0#
#46670004
b1001010001110 O
b10 R
b110000010101110 F
b10 I
1#
#46675004
0#
#46680004
b110000001001010 F
b11 I
b1001000101010 O
b11 R
1#
#46685004
0#
#46690004
b1000111000110 O
b100 R
b101111111100110 F
b100 I
1#
#46695004
0#
#46700004
b101111110000010 F
b101 I
b1000101100010 O
b101 R
1#
#46705004
0#
#46710004
b1000011111110 O
b110 R
b101111100011110 F
b110 I
1#
#46715004
0#
#46720004
b101111010111010 F
b111 I
b1000010011010 O
b111 R
1#
#46725004
0#
#46730004
b1000000110110 O
b1000 R
b101111001010110 F
b1000 I
1#
#46735004
0#
#46740004
b101110111110010 F
b1001 I
b111111010010 O
b1001 R
1#
#46745004
0#
#46750004
b111101101110 O
b1010 R
b101110110001110 F
b1010 I
1#
#46755004
0#
#46760004
b101110100101010 F
b1011 I
b111100001010 O
b1011 R
1#
#46765004
0#
#46770004
b111010100110 O
b1100 R
b101110011000110 F
b1100 I
1#
#46775004
0#
#46780004
b101110001100010 F
b1101 I
b111001000010 O
b1101 R
1#
#46785004
0#
#46790004
b110111011110 O
b1110 R
b101101111111110 F
b1110 I
1#
#46795004
0#
#46800004
b101101110011010 F
b1111 I
b110101111010 O
b1111 R
1#
#46805004
0#
#46810004
b110100010110 O
b10000 R
b101101100110110 F
b10000 I
1#
#46815004
0#
#46820004
b101101011010010 F
b10001 I
b110010110010 O
b10001 R
1#
#46825004
0#
#46830004
b110001001110 O
b10010 R
b101101001101110 F
b10010 I
1#
#46835004
0#
#46840004
b101101000001010 F
b10011 I
b101111101010 O
b10011 R
1#
#46845004
0#
#46850004
b101110000110 O
b10100 R
b101100110100110 F
b10100 I
1#
#46855004
0#
#46860004
b101100101000010 F
b10101 I
b101100100010 O
b10101 R
1#
#46865004
0#
#46870004
b101010111110 O
b10110 R
b101100011011110 F
b10110 I
1#
#46875004
0#
#46880004
b101100001111010 F
b10111 I
b101001011010 O
b10111 R
1#
#46885004
0#
#46890004
b100111110110 O
b11000 R
b101100000010110 F
b11000 I
1#
#46895004
0#
#46900004
b101011110110010 F
b11001 I
b100110010010 O
b11001 R
1#
#46905004
0#
#46910004
b100100101110 O
b11010 R
b101011101001110 F
b11010 I
1#
#46915004
0#
#46920004
b101011011101010 F
b11011 I
b100011001010 O
b11011 R
1#
#46925004
0#
#46930004
b100001100110 O
b11100 R
b101011010000110 F
b11100 I
1#
#46935004
0#
#46940004
b101011000100010 F
b11101 I
b100000000010 O
b11101 R
1#
#46945004
0#
#46950004
b11110011110 O
b11110 R
b101010110111110 F
b11110 I
1#
#46955004
0#
#46960004
b101010101011010 F
b11111 I
b11100111010 O
b11111 R
1#
#46965004
0#
#46970004
b11011010110 O
b100000 R
b101010011110110 F
b100000 I
1#
#46975004
0#
#46980004
b101010010010010 F
b100001 I
b11001110010 O
b100001 R
1#
#46985004
0#
#46990004
b11000001110 O
b100010 R
b101010000101110 F
b100010 I
1#
#46995004
0#
#47000004
b101001111001010 F
b100011 I
b10110101010 O
b100011 R
1#
#47005004
0#
#47010004
b10101000110 O
b100100 R
b101001101100110 F
b100100 I
1#
#47015004
0#
#47020004
b101001100000010 F
b100101 I
b10011100010 O
b100101 R
1#
#47025004
0#
#47030004
b10001111110 O
b100110 R
b101001010011110 F
b100110 I
1#
#47035004
0#
#47040004
b101001000111010 F
b100111 I
b10000011010 O
b100111 R
1#
#47045004
0#
#47050004
b1110110110 O
b101000 R
b101000111010110 F
b101000 I
1#
#47055004
0#
#47060004
b101000101110010 F
b101001 I
b1101010010 O
b101001 R
1#
#47065004
0#
#47070004
b1011101110 O
b101010 R
b101000100001110 F
b101010 I
1#
#47075004
0#
#47080004
b101000010101010 F
b101011 I
b1010001010 O
b101011 R
1#
#47085004
0#
#47090004
b1000100110 O
b101100 R
b101000001000110 F
b101100 I
1#
#47095004
0#
#47100004
b100111111100010 F
b101101 I
b111000010 O
b101101 R
1#
#47105004
0#
#47110004
b101011110 O
b101110 R
b100111101111110 F
b101110 I
1#
#47115004
0#
#47120004
b100111100011010 F
b101111 I
b11111010 O
b101111 R
1#
#47125004
0#
#47130004
b10010110 O
b110000 R
b100111010110110 F
b110000 I
1#
#47135004
0#
#47140004
b100111001010010 F
b110001 I
b110010 O
b110001 R
1#
#47145004
0#
#47150004
1)
01
b110001 -
b110001 Q
b0 T
b100110111101110 F
b110010 I
1#
#47155004
0#
#47160004
b100110110001010 F
b110011 I
0)
18
b110001 ?
1#
#47165004
0#
#47170004
b100110100100110 F
b110100 I
1#
#47175004
0#
#47180004
b100110011000010 F
b110101 I
1#
#47185004
0#
#47190004
b100110001011110 F
b110110 I
1#
#47195004
0#
#47200004
b100101111111010 F
b110111 I
1#
#47205004
0#
#47210004
b100101110010110 F
b111000 I
1#
#47215004
0#
#47220004
b100101100110010 F
b111001 I
1#
#47225004
0#
#47230004
b100101011001110 F
b111010 I
1#
#47235004
0#
#47240004
b100101001101010 F
b111011 I
1#
#47245004
0#
#47250004
b100101000000110 F
b111100 I
1#
#47255004
0#
#47260004
b100100110100010 F
b111101 I
1#
#47265004
0#
#47270004
b100100100111110 F
b111110 I
1#
#47275004
0#
#47280004
b100100011011010 F
b111111 I
1#
#47285004
0#
#47290004
b100100001110110 F
b1000000 I
1#
#47295004
0#
#47300004
b100100000010010 F
b1000001 I
1#
#47305004
0#
#47310004
b100011110101110 F
b1000010 I
1#
#47315004
0#
#47320004
b100011101001010 F
b1000011 I
1#
#47325004
0#
#47330004
b100011011100110 F
b1000100 I
1#
#47335004
0#
#47340004
b100011010000010 F
b1000101 I
1#
#47345004
0#
#47350004
b100011000011110 F
b1000110 I
1#
#47355004
0#
#47360004
b100010110111010 F
b1000111 I
1#
#47365004
0#
#47370004
b100010101010110 F
b1001000 I
1#
#47375004
0#
#47380004
b100010011110010 F
b1001001 I
1#
#47385004
0#
#47390004
b100010010001110 F
b1001010 I
1#
#47395004
0#
#47400004
b100010000101010 F
b1001011 I
1#
#47405004
0#
#47410004
b100001111000110 F
b1001100 I
1#
#47415004
0#
#47420004
b100001101100010 F
b1001101 I
1#
#47425004
0#
#47430004
b100001011111110 F
b1001110 I
1#
#47435004
0#
#47440004
b100001010011010 F
b1001111 I
1#
#47445004
0#
#47450004
b100001000110110 F
b1010000 I
1#
#47455004
0#
#47460004
b100000111010010 F
b1010001 I
1#
#47465004
0#
#47470004
b100000101101110 F
b1010010 I
1#
#47475004
0#
#47480004
b100000100001010 F
b1010011 I
1#
#47485004
0#
#47490004
b100000010100110 F
b1010100 I
1#
#47495004
0#
#47500004
b100000001000010 F
b1010101 I
1#
#47505004
0#
#47510004
b11111111011110 F
b1010110 I
1#
#47515004
0#
#47520004
b11111101111010 F
b1010111 I
1#
#47525004
0#
#47530004
b11111100010110 F
b1011000 I
1#
#47535004
0#
#47540004
b11111010110010 F
b1011001 I
1#
#47545004
0#
#47550004
b11111001001110 F
b1011010 I
1#
#47555004
0#
#47560004
b11110111101010 F
b1011011 I
1#
#47565004
0#
#47570004
b11110110000110 F
b1011100 I
1#
#47575004
0#
#47580004
b11110100100010 F
b1011101 I
1#
#47585004
0#
#47590004
b11110010111110 F
b1011110 I
1#
#47595004
0#
#47600004
b11110001011010 F
b1011111 I
1#
#47605004
0#
#47610004
b11101111110110 F
b1100000 I
1#
#47615004
0#
#47620004
b11101110010010 F
b1100001 I
1#
#47625004
0#
#47630004
b11101100101110 F
b1100010 I
1#
#47635004
0#
#47640004
b11101011001010 F
b1100011 I
1#
#47645004
0#
#47650004
b11101001100110 F
b1100100 I
1#
#47655004
0#
#47660004
b11101000000010 F
b1100101 I
1#
#47665004
0#
#47670004
b11100110011110 F
b1100110 I
1#
#47675004
0#
#47680004
b11100100111010 F
b1100111 I
1#
#47685004
0#
#47690004
b11100011010110 F
b1101000 I
1#
#47695004
0#
#47700004
b11100001110010 F
b1101001 I
1#
#47705004
0#
#47710004
b11100000001110 F
b1101010 I
1#
#47715004
0#
#47720004
b11011110101010 F
b1101011 I
1#
#47725004
0#
#47730004
b11011101000110 F
b1101100 I
1#
#47735004
0#
#47740004
b11011011100010 F
b1101101 I
1#
#47745004
0#
#47750004
b11011001111110 F
b1101110 I
1#
#47755004
0#
#47760004
b11011000011010 F
b1101111 I
1#
#47765004
0#
#47770004
b11010110110110 F
b1110000 I
1#
#47775004
0#
#47780004
b11010101010010 F
b1110001 I
1#
#47785004
0#
#47790004
b11010011101110 F
b1110010 I
1#
#47795004
0#
#47800004
b11010010001010 F
b1110011 I
1#
#47805004
0#
#47810004
b11010000100110 F
b1110100 I
1#
#47815004
0#
#47820004
b11001111000010 F
b1110101 I
1#
#47825004
0#
#47830004
b11001101011110 F
b1110110 I
1#
#47835004
0#
#47840004
b11001011111010 F
b1110111 I
1#
#47845004
0#
#47850004
b11001010010110 F
b1111000 I
1#
#47855004
0#
#47860004
b11001000110010 F
b1111001 I
1#
#47865004
0#
#47870004
b11000111001110 F
b1111010 I
1#
#47875004
0#
#47880004
b11000101101010 F
b1111011 I
1#
#47885004
0#
#47890004
b11000100000110 F
b1111100 I
1#
#47895004
0#
#47900004
b11000010100010 F
b1111101 I
1#
#47905004
0#
#47910004
b11000000111110 F
b1111110 I
1#
#47915004
0#
#47920004
b10111111011010 F
b1111111 I
1#
#47925004
0#
#47930004
b10111101110110 F
b10000000 I
1#
#47935004
0#
#47940004
b10111100010010 F
b10000001 I
1#
#47945004
0#
#47950004
b10111010101110 F
b10000010 I
1#
#47955004
0#
#47960004
b10111001001010 F
b10000011 I
1#
#47965004
0#
#47970004
b10110111100110 F
b10000100 I
1#
#47975004
0#
#47980004
b10110110000010 F
b10000101 I
1#
#47985004
0#
#47990004
b10110100011110 F
b10000110 I
1#
#47995004
0#
#48000004
b10110010111010 F
b10000111 I
1#
#48005004
0#
#48010004
b10110001010110 F
b10001000 I
1#
#48015004
0#
#48020004
b10101111110010 F
b10001001 I
1#
#48025004
0#
#48030004
b10101110001110 F
b10001010 I
1#
#48035004
0#
#48040004
b10101100101010 F
b10001011 I
1#
#48045004
0#
#48050004
b10101011000110 F
b10001100 I
1#
#48055004
0#
#48060004
b10101001100010 F
b10001101 I
1#
#48065004
0#
#48070004
b10100111111110 F
b10001110 I
1#
#48075004
0#
#48080004
b10100110011010 F
b10001111 I
1#
#48085004
0#
#48090004
b10100100110110 F
b10010000 I
1#
#48095004
0#
#48100004
b10100011010010 F
b10010001 I
1#
#48105004
0#
#48110004
b10100001101110 F
b10010010 I
1#
#48115004
0#
#48120004
b10100000001010 F
b10010011 I
1#
#48125004
0#
#48130004
b10011110100110 F
b10010100 I
1#
#48135004
0#
#48140004
b10011101000010 F
b10010101 I
1#
#48145004
0#
#48150004
b10011011011110 F
b10010110 I
1#
#48155004
0#
#48160004
b10011001111010 F
b10010111 I
1#
#48165004
0#
#48170004
b10011000010110 F
b10011000 I
1#
#48175004
0#
#48180004
b10010110110010 F
b10011001 I
1#
#48185004
0#
#48190004
b10010101001110 F
b10011010 I
1#
#48195004
0#
#48200004
b10010011101010 F
b10011011 I
1#
#48205004
0#
#48210004
b10010010000110 F
b10011100 I
1#
#48215004
0#
#48220004
b10010000100010 F
b10011101 I
1#
#48225004
0#
#48230004
b10001110111110 F
b10011110 I
1#
#48235004
0#
#48240004
b10001101011010 F
b10011111 I
1#
#48245004
0#
#48250004
b10001011110110 F
b10100000 I
1#
#48255004
0#
#48260004
b10001010010010 F
b10100001 I
1#
#48265004
0#
#48270004
b10001000101110 F
b10100010 I
1#
#48275004
0#
#48280004
b10000111001010 F
b10100011 I
1#
#48285004
0#
#48290004
b10000101100110 F
b10100100 I
1#
#48295004
0#
#48300004
b10000100000010 F
b10100101 I
1#
#48305004
0#
#48310004
b10000010011110 F
b10100110 I
1#
#48315004
0#
#48320004
b10000000111010 F
b10100111 I
1#
#48325004
0#
#48330004
b1111111010110 F
b10101000 I
1#
#48335004
0#
#48340004
b1111101110010 F
b10101001 I
1#
#48345004
0#
#48350004
b1111100001110 F
b10101010 I
1#
#48355004
0#
#48360004
b1111010101010 F
b10101011 I
1#
#48365004
0#
#48370004
b1111001000110 F
b10101100 I
1#
#48375004
0#
#48380004
b1110111100010 F
b10101101 I
1#
#48385004
0#
#48390004
b1110101111110 F
b10101110 I
1#
#48395004
0#
#48400004
b1110100011010 F
b10101111 I
1#
#48405004
0#
#48410004
b1110010110110 F
b10110000 I
1#
#48415004
0#
#48420004
b1110001010010 F
b10110001 I
1#
#48425004
0#
#48430004
b1101111101110 F
b10110010 I
1#
#48435004
0#
#48440004
b1101110001010 F
b10110011 I
1#
#48445004
0#
#48450004
b1101100100110 F
b10110100 I
1#
#48455004
0#
#48460004
b1101011000010 F
b10110101 I
1#
#48465004
0#
#48470004
b1101001011110 F
b10110110 I
1#
#48475004
0#
#48480004
b1100111111010 F
b10110111 I
1#
#48485004
0#
#48490004
b1100110010110 F
b10111000 I
1#
#48495004
0#
#48500004
b1100100110010 F
b10111001 I
1#
#48505004
0#
#48510004
b1100011001110 F
b10111010 I
1#
#48515004
0#
#48520004
b1100001101010 F
b10111011 I
1#
#48525004
0#
#48530004
b1100000000110 F
b10111100 I
1#
#48535004
0#
#48540004
b1011110100010 F
b10111101 I
1#
#48545004
0#
#48550004
b1011100111110 F
b10111110 I
1#
#48555004
0#
#48560004
b1011011011010 F
b10111111 I
1#
#48565004
0#
#48570004
b1011001110110 F
b11000000 I
1#
#48575004
0#
#48580004
b1011000010010 F
b11000001 I
1#
#48585004
0#
#48590004
b1010110101110 F
b11000010 I
1#
#48595004
0#
#48600004
b1010101001010 F
b11000011 I
1#
#48605004
0#
#48610004
b1010011100110 F
b11000100 I
1#
#48615004
0#
#48620004
b1010010000010 F
b11000101 I
1#
#48625004
0#
#48630004
b1010000011110 F
b11000110 I
1#
#48635004
0#
#48640004
b1001110111010 F
b11000111 I
1#
#48645004
0#
#48650004
b1001101010110 F
b11001000 I
1#
#48655004
0#
#48660004
b1001011110010 F
b11001001 I
1#
#48665004
0#
#48670004
b1001010001110 F
b11001010 I
1#
#48675004
0#
#48680004
b1001000101010 F
b11001011 I
1#
#48685004
0#
#48690004
b1000111000110 F
b11001100 I
1#
#48695004
0#
#48700004
b1000101100010 F
b11001101 I
1#
#48705004
0#
#48710004
b1000011111110 F
b11001110 I
1#
#48715004
0#
#48720004
b1000010011010 F
b11001111 I
1#
#48725004
0#
#48730004
b1000000110110 F
b11010000 I
1#
#48735004
0#
#48740004
b111111010010 F
b11010001 I
1#
#48745004
0#
#48750004
b111101101110 F
b11010010 I
1#
#48755004
0#
#48760004
b111100001010 F
b11010011 I
1#
#48765004
0#
#48770004
b111010100110 F
b11010100 I
1#
#48775004
0#
#48780004
b111001000010 F
b11010101 I
1#
#48785004
0#
#48790004
b110111011110 F
b11010110 I
1#
#48795004
0#
#48800004
b110101111010 F
b11010111 I
1#
#48805004
0#
#48810004
b110100010110 F
b11011000 I
1#
#48815004
0#
#48820004
b110010110010 F
b11011001 I
1#
#48825004
0#
#48830004
b110001001110 F
b11011010 I
1#
#48835004
0#
#48840004
b101111101010 F
b11011011 I
1#
#48845004
0#
#48850004
b101110000110 F
b11011100 I
1#
#48855004
0#
#48860004
b101100100010 F
b11011101 I
1#
#48865004
0#
#48870004
b101010111110 F
b11011110 I
1#
#48875004
0#
#48880004
b101001011010 F
b11011111 I
1#
#48885004
0#
#48890004
b100111110110 F
b11100000 I
1#
#48895004
0#
#48900004
b100110010010 F
b11100001 I
1#
#48905004
0#
#48910004
b100100101110 F
b11100010 I
1#
#48915004
0#
#48920004
b100011001010 F
b11100011 I
1#
#48925004
0#
#48930004
b100001100110 F
b11100100 I
1#
#48935004
0#
#48940004
b100000000010 F
b11100101 I
1#
#48945004
0#
#48950004
b11110011110 F
b11100110 I
1#
#48955004
0#
#48960004
b11100111010 F
b11100111 I
1#
#48965004
0#
#48970004
b11011010110 F
b11101000 I
1#
#48975004
0#
#48980004
b11001110010 F
b11101001 I
1#
#48985004
0#
#48990004
b11000001110 F
b11101010 I
1#
#48995004
0#
#49000004
b10110101010 F
b11101011 I
1#
#49005004
0#
#49010004
b10101000110 F
b11101100 I
1#
#49015004
0#
#49020004
b10011100010 F
b11101101 I
1#
#49025004
0#
#49030004
b10001111110 F
b11101110 I
1#
#49035004
0#
#49040004
b10000011010 F
b11101111 I
1#
#49045004
0#
#49050004
b1110110110 F
b11110000 I
1#
#49055004
0#
#49060004
b1101010010 F
b11110001 I
1#
#49065004
0#
#49070004
b1011101110 F
b11110010 I
1#
#49075004
0#
#49080004
b1010001010 F
b11110011 I
1#
#49085004
0#
#49090004
b1000100110 F
b11110100 I
1#
#49095004
0#
#49100004
b111000010 F
b11110101 I
1#
#49105004
0#
#49110004
b101011110 F
b11110110 I
1#
#49115004
0#
#49120004
b11111010 F
b11110111 I
1#
#49125004
0#
#49130004
b10010110 F
b11111000 I
1#
#49135004
0#
#49140004
b110010 F
b11111001 I
1#
#49145004
0#
#49150004
1*
02
b11111001 .
b11111001 H
b0 K
1#
#49155004
0#
#49160004
0*
17
b11111001 >
1#
#49165004
0#
#49170004
09
14
b110001 6
b11111001 5
1#
#49175004
0#
#49180004
04
1#
#49185004
0#
#49190004
1#
#49190005
1(
b0 '
b0 &
#49195005
0#
#49200005
b0 ,
b0 J
b0 G
b0 F
b0 I
b0 +
b0 S
b0 P
b0 O
b0 R
b0 ?
b0 >
08
07
b0 :
b0 D
b0 M
b0 <
b0 L
b0 ;
b0 C
b0 6
b0 5
1#
#49205005
0#
#49210005
1#
#49215005
0#
#49220005
1#
#49225005
0#
#49230005
1#
#49235005
0#
#49240005
0(
1#
#49245005
0#
#49250005
1#
#49255005
0#
#49260005
1%
b11111 '
1#
#49265005
0#
#49270005
0%
b1 =
b11111 B
1#
#49275005
0#
#49280005
1%
b1 &
1#
#49285005
0#
#49290005
0%
b10 =
b111110 B
b1 A
1#
#49295005
0#
#49300005
1%
b10 &
1#
#49305005
0#
#49310005
0%
b11 =
b1011101 B
b11 A
1#
#49315005
0#
#49320005
1%
b11 &
1#
#49325005
0#
#49330005
0%
b100 =
b1111100 B
b110 A
1#
#49335005
0#
#49340005
1%
b100 &
1#
#49345005
0#
#49350005
0%
b101 =
b10011011 B
b1010 A
1#
#49355005
0#
#49360005
1%
b101 &
1#
#49365005
0#
#49370005
0%
b110 =
b10111010 B
b1111 A
1#
#49375005
0#
#49380005
1%
b110 &
1#
#49385005
0#
#49390005
0%
b111 =
b11011001 B
b10101 A
1#
#49395005
0#
#49400005
1%
b111 &
1#
#49405005
0#
#49410005
0%
b1000 =
b11111000 B
b11100 A
1#
#49415005
0#
#49420005
1%
b1000 &
1#
#49425005
0#
#49430005
0%
b1001 =
b100010111 B
b100100 A
1#
#49435005
0#
#49440005
1%
b1001 &
1#
#49445005
0#
#49450005
0%
b1010 =
b100110110 B
b101101 A
1#
#49455005
0#
#49460005
1%
b1010 &
1#
#49465005
0#
#49470005
0%
b1011 =
b101010101 B
b110111 A
1#
#49475005
0#
#49480005
1%
b1011 &
1#
#49485005
0#
#49490005
0%
b1100 =
b101110100 B
b1000010 A
1#
#49495005
0#
#49500005
1%
b1100 &
1#
#49505005
0#
#49510005
0%
b1101 =
b110010011 B
b1001110 A
1#
#49515005
0#
#49520005
1%
b1101 &
1#
#49525005
0#
#49530005
0%
b1110 =
b110110010 B
b1011011 A
1#
#49535005
0#
#49540005
1%
b1110 &
1#
#49545005
0#
#49550005
0%
b1111 =
b111010001 B
b1101001 A
1#
#49555005
0#
#49560005
1%
b1111 &
1#
#49565005
0#
#49570005
0%
b10000 =
b111110000 B
b1111000 A
1#
#49575005
0#
#49580005
1%
b10000 &
1#
#49585005
0#
#49590005
0%
b10001 =
b1000001111 B
b10001000 A
1#
#49595005
0#
#49600005
1%
b10001 &
1#
#49605005
0#
#49610005
0%
b10010 =
b1000101110 B
b10011001 A
1#
#49615005
0#
#49620005
1%
b10010 &
1#
#49625005
0#
#49630005
0%
b10011 =
b1001001101 B
b10101011 A
1#
#49635005
0#
#49640005
1%
b10011 &
1#
#49645005
0#
#49650005
0%
b10100 =
b1001101100 B
b10111110 A
1#
#49655005
0#
#49660005
1%
b10100 &
1#
#49665005
0#
#49670005
0%
b10101 =
b1010001011 B
b11010010 A
1#
#49675005
0#
#49680005
1%
b10101 &
1#
#49685005
0#
#49690005
0%
b10110 =
b1010101010 B
b11100111 A
1#
#49695005
0#
#49700005
1%
b10110 &
1#
#49705005
0#
#49710005
0%
b10111 =
b1011001001 B
b11111101 A
1#
#49715005
0#
#49720005
1%
b10111 &
1#
#49725005
0#
#49730005
0%
b11000 =
b1011101000 B
b100010100 A
1#
#49735005
0#
#49740005
1%
b11000 &
1#
#49745005
0#
#49750005
0%
b11001 =
b1100000111 B
b100101100 A
1#
#49755005
0#
#49760005
1%
b11001 &
1#
#49765005
0#
#49770005
0%
b11010 =
b1100100110 B
b101000101 A
1#
#49775005
0#
#49780005
1%
b11010 &
1#
#49785005
0#
#49790005
0%
b11011 =
b1101000101 B
b101011111 A
1#
#49795005
0#
#49800005
1%
b11011 &
1#
#49805005
0#
#49810005
0%
b11100 =
b1101100100 B
b101111010 A
1#
#49815005
0#
#49820005
1%
b11100 &
1#
#49825005
0#
#49830005
0%
b11101 =
b1110000011 B
b110010110 A
1#
#49835005
0#
#49840005
1%
b11101 &
1#
#49845005
0#
#49850005
0%
b11110 =
b1110100010 B
b110110011 A
1#
#49855005
0#
#49860005
1%
b11110 &
1#
#49865005
0#
#49870005
0%
b11111 =
b1111000001 B
b111010001 A
1#
#49875005
0#
#49880005
1%
b11111 &
1#
#49885005
0#
#49890005
0%
b100000 =
b1111100000 B
b111110000 A
1#
#49895005
0#
#49900005
1%
b100000 &
1#
#49905005
0#
#49910005
0%
b100001 =
b1111111111 B
b1000010000 A
1#
#49915005
0#
#49920005
1%
b100001 &
1#
#49925005
0#
#49930005
0%
b100010 =
b10000011110 B
b1000110001 A
1#
#49935005
0#
#49940005
1%
b100010 &
1#
#49945005
0#
#49950005
0%
b100011 =
b10000111101 B
b1001010011 A
1#
#49955005
0#
#49960005
1%
b100011 &
1#
#49965005
0#
#49970005
0%
b100100 =
b10001011100 B
b1001110110 A
1#
#49975005
0#
#49980005
1%
b100100 &
1#
#49985005
0#
#49990005
0%
b100101 =
b10001111011 B
b1010011010 A
1#
#49995005
0#
#50000005
1%
b100101 &
1#
#50005005
0#
#50010005
0%
b100110 =
b10010011010 B
b1010111111 A
1#
#50015005
0#
#50020005
1%
b100110 &
1#
#50025005
0#
#50030005
0%
b100111 =
b10010111001 B
b1011100101 A
1#
#50035005
0#
#50040005
1%
b100111 &
1#
#50045005
0#
#50050005
0%
b101000 =
b10011011000 B
b1100001100 A
1#
#50055005
0#
#50060005
1%
b101000 &
1#
#50065005
0#
#50070005
0%
b101001 =
b10011110111 B
b1100110100 A
1#
#50075005
0#
#50080005
1%
b101001 &
1#
#50085005
0#
#50090005
0%
b101010 =
b10100010110 B
b1101011101 A
1#
#50095005
0#
#50100005
1%
b101010 &
1#
#50105005
0#
#50110005
0%
b101011 =
b10100110101 B
b1110000111 A
1#
#50115005
0#
#50120005
1%
b101011 &
1#
#50125005
0#
#50130005
0%
b101100 =
b10101010100 B
b1110110010 A
1#
#50135005
0#
#50140005
1%
b101100 &
1#
#50145005
0#
#50150005
0%
b101101 =
b10101110011 B
b1111011110 A
1#
#50155005
0#
#50160005
1%
b101101 &
1#
#50165005
0#
#50170005
0%
b101110 =
b10110010010 B
b10000001011 A
1#
#50175005
0#
#50180005
1%
b101110 &
1#
#50185005
0#
#50190005
0%
b101111 =
b10110110001 B
b10000111001 A
1#
#50195005
0#
#50200005
1%
b101111 &
1#
#50205005
0#
#50210005
0%
b110000 =
b10111010000 B
b10001101000 A
1#
#50215005
0#
#50220005
1%
b110000 &
1#
#50225005
0#
#50230005
0%
b110001 =
b10111101111 B
b10010011000 A
1#
#50235005
0#
#50240005
1%
b110001 &
1#
#50245005
0#
#50250005
0%
b110010 =
b11000001110 B
b10011001001 A
1#
#50255005
0#
#50260005
1%
b110010 &
1#
#50265005
0#
#50270005
0%
b110011 =
b11000101101 B
b10011111011 A
1#
#50275005
0#
#50280005
1%
b110011 &
1#
#50285005
0#
#50290005
0%
b110100 =
b11001001100 B
b10100101110 A
1#
#50295005
0#
#50300005
1%
b110100 &
1#
#50305005
0#
#50310005
0%
b110101 =
b11001101011 B
b10101100010 A
1#
#50315005
0#
#50320005
1%
b110101 &
1#
#50325005
0#
#50330005
0%
b110110 =
b11010001010 B
b10110010111 A
1#
#50335005
0#
#50340005
1%
b110110 &
1#
#50345005
0#
#50350005
0%
b110111 =
b11010101001 B
b10111001101 A
1#
#50355005
0#
#50360005
1%
b110111 &
1#
#50365005
0#
#50370005
0%
b111000 =
b11011001000 B
b11000000100 A
1#
#50375005
0#
#50380005
1%
b111000 &
1#
#50385005
0#
#50390005
0%
b111001 =
b11011100111 B
b11000111100 A
1#
#50395005
0#
#50400005
1%
b111001 &
1#
#50405005
0#
#50410005
0%
b111010 =
b11100000110 B
b11001110101 A
1#
#50415005
0#
#50420005
1%
b111010 &
1#
#50425005
0#
#50430005
0%
b111011 =
b11100100101 B
b11010101111 A
1#
#50435005
0#
#50440005
1%
b111011 &
1#
#50445005
0#
#50450005
0%
b111100 =
b11101000100 B
b11011101010 A
1#
#50455005
0#
#50460005
1%
b111100 &
1#
#50465005
0#
#50470005
0%
b111101 =
b11101100011 B
b11100100110 A
1#
#50475005
0#
#50480005
1%
b111101 &
1#
#50485005
0#
#50490005
0%
b111110 =
b11110000010 B
b11101100011 A
1#
#50495005
0#
#50500005
1%
b111110 &
1#
#50505005
0#
#50510005
0%
b111111 =
b11110100001 B
b11110100001 A
1#
#50515005
0#
#50520005
1%
b111111 &
1#
#50525005
0#
#50530005
0%
b1000000 =
b11111000000 B
b11111100000 A
1#
#50535005
0#
#50540005
1%
b0 &
1#
#50545005
0#
#50550005
0%
b1000001 =
b11111011111 B
1#
#50555005
0#
#50560005
1%
b1 &
1#
#50565005
0#
#50570005
0%
b1000010 =
b11111111110 B
b11111100001 A
1#
#50575005
0#
#50580005
1%
b10 &
1#
#50585005
0#
#50590005
0%
b1000011 =
b100000011101 B
b11111100011 A
1#
#50595005
0#
#50600005
1%
b11 &
1#
#50605005
0#
#50610005
0%
b1000100 =
b100000111100 B
b11111100110 A
1#
#50615005
0#
#50620005
1%
b100 &
1#
#50625005
0#
#50630005
0%
b1000101 =
b100001011011 B
b11111101010 A
1#
#50635005
0#
#50640005
1%
b101 &
1#
#50645005
0#
#50650005
0%
b1000110 =
b100001111010 B
b11111101111 A
1#
#50655005
0#
#50660005
1%
b110 &
1#
#50665005
0#
#50670005
0%
b1000111 =
b100010011001 B
b11111110101 A
1#
#50675005
0#
#50680005
1%
b111 &
1#
#50685005
0#
#50690005
0%
b1001000 =
b100010111000 B
b11111111100 A
1#
#50695005
0#
#50700005
1%
b1000 &
1#
#50705005
0#
#50710005
0%
b1001001 =
b100011010111 B
b100000000100 A
1#
#50715005
0#
#50720005
1%
b1001 &
1#
#50725005
0#
#50730005
0%
b1001010 =
b100011110110 B
b100000001101 A
1#
#50735005
0#
#50740005
1%
b1010 &
1#
#50745005
0#
#50750005
0%
b1001011 =
b100100010101 B
b100000010111 A
1#
#50755005
0#
#50760005
1%
b1011 &
1#
#50765005
0#
#50770005
0%
b1001100 =
b100100110100 B
b100000100010 A
1#
#50775005
0#
#50780005
1%
b1100 &
1#
#50785005
0#
#50790005
0%
b1001101 =
b100101010011 B
b100000101110 A
1#
#50795005
0#
#50800005
1%
b1101 &
1#
#50805005
0#
#50810005
0%
b1001110 =
b100101110010 B
b100000111011 A
1#
#50815005
0#
#50820005
1%
b1110 &
1#
#50825005
0#
#50830005
0%
b1001111 =
b100110010001 B
b100001001001 A
1#
#50835005
0#
#50840005
1%
b1111 &
1#
#50845005
0#
#50850005
0%
b1010000 =
b100110110000 B
b100001011000 A
1#
#50855005
0#
#50860005
1%
b10000 &
1#
#50865005
0#
#50870005
0%
b1010001 =
b100111001111 B
b100001101000 A
1#
#50875005
0#
#50880005
1%
b10001 &
1#
#50885005
0#
#50890005
0%
b1010010 =
b100111101110 B
b100001111001 A
1#
#50895005
0#
#50900005
1%
b10010 &
1#
#50905005
0#
#50910005
0%
b1010011 =
b101000001101 B
b100010001011 A
1#
#50915005
0#
#50920005
1%
b10011 &
1#
#50925005
0#
#50930005
0%
b1010100 =
b101000101100 B
b100010011110 A
1#
#50935005
0#
#50940005
1%
b10100 &
1#
#50945005
0#
#50950005
0%
b1010101 =
b101001001011 B
b100010110010 A
1#
#50955005
0#
#50960005
1%
b10101 &
1#
#50965005
0#
#50970005
0%
b1010110 =
b101001101010 B
b100011000111 A
1#
#50975005
0#
#50980005
1%
b10110 &
1#
#50985005
0#
#50990005
0%
b1010111 =
b101010001001 B
b100011011101 A
1#
#50995005
0#
#51000005
1%
b10111 &
1#
#51005005
0#
#51010005
0%
b1011000 =
b101010101000 B
b100011110100 A
1#
#51015005
0#
#51020005
1%
b11000 &
1#
#51025005
0#
#51030005
0%
b1011001 =
b101011000111 B
b100100001100 A
1#
#51035005
0#
#51040005
1%
b11001 &
1#
#51045005
0#
#51050005
0%
b1011010 =
b101011100110 B
b100100100101 A
1#
#51055005
0#
#51060005
1%
b11010 &
1#
#51065005
0#
#51070005
0%
b1011011 =
b101100000101 B
b100100111111 A
1#
#51075005
0#
#51080005
1%
b11011 &
1#
#51085005
0#
#51090005
0%
b1011100 =
b101100100100 B
b100101011010 A
1#
#51095005
0#
#51100005
1%
b11100 &
1#
#51105005
0#
#51110005
0%
b1011101 =
b101101000011 B
b100101110110 A
1#
#51115005
0#
#51120005
1%
b11101 &
1#
#51125005
0#
#51130005
0%
b1011110 =
b101101100010 B
b100110010011 A
1#
#51135005
0#
#51140005
1%
b11110 &
1#
#51145005
0#
#51150005
0%
b1011111 =
b101110000001 B
b100110110001 A
1#
#51155005
0#
#51160005
1%
b11111 &
1#
#51165005
0#
#51170005
0%
b1100000 =
b101110100000 B
b100111010000 A
1#
#51175005
0#
#51180005
1%
b100000 &
1#
#51185005
0#
#51190005
0%
b1100001 =
b101110111111 B
b100111110000 A
1#
#51195005
0#
#51200005
1%
b100001 &
1#
#51205005
0#
#51210005
0%
b1100010 =
b101111011110 B
b101000010001 A
1#
#51215005
0#
#51220005
1%
b100010 &
1#
#51225005
0#
#51230005
0%
b1100011 =
b101111111101 B
b101000110011 A
1#
#51235005
0#
#51240005
1%
b100011 &
1#
#51245005
0#
#51250005
0%
b1100100 =
b110000011100 B
b101001010110 A
1#
#51255005
0#
#51260005
1%
b100100 &
1#
#51265005
0#
#51270005
0%
b1100101 =
b110000111011 B
b101001111010 A
1#
#51275005
0#
#51280005
1%
b100101 &
1#
#51285005
0#
#51290005
0%
b1100110 =
b110001011010 B
b101010011111 A
1#
#51295005
0#
#51300005
1%
b100110 &
1#
#51305005
0#
#51310005
0%
b1100111 =
b110001111001 B
b101011000101 A
1#
#51315005
0#
#51320005
1%
b100111 &
1#
#51325005
0#
#51330005
0%
b1101000 =
b110010011000 B
b101011101100 A
1#
#51335005
0#
#51340005
1%
b101000 &
1#
#51345005
0#
#51350005
0%
b1101001 =
b110010110111 B
b101100010100 A
1#
#51355005
0#
#51360005
1%
b101001 &
1#
#51365005
0#
#51370005
0%
b1101010 =
b110011010110 B
b101100111101 A
1#
#51375005
0#
#51380005
1%
b101010 &
1#
#51385005
0#
#51390005
0%
b1101011 =
b110011110101 B
b101101100111 A
1#
#51395005
0#
#51400005
1%
b101011 &
1#
#51405005
0#
#51410005
0%
b1101100 =
b110100010100 B
b101110010010 A
1#
#51415005
0#
#51420005
1%
b101100 &
1#
#51425005
0#
#51430005
0%
b1101101 =
b110100110011 B
b101110111110 A
1#
#51435005
0#
#51440005
1%
b101101 &
1#
#51445005
0#
#51450005
0%
b1101110 =
b110101010010 B
b101111101011 A
1#
#51455005
0#
#51460005
1%
b101110 &
1#
#51465005
0#
#51470005
0%
b1101111 =
b110101110001 B
b110000011001 A
1#
#51475005
0#
#51480005
1%
b101111 &
1#
#51485005
0#
#51490005
0%
b1110000 =
b110110010000 B
b110001001000 A
1#
#51495005
0#
#51500005
1%
b110000 &
1#
#51505005
0#
#51510005
0%
b1110001 =
b110110101111 B
b110001111000 A
1#
#51515005
0#
#51520005
1%
b110001 &
1#
#51525005
0#
#51530005
0%
b1110010 =
b110111001110 B
b110010101001 A
1#
#51535005
0#
#51540005
1%
b110010 &
1#
#51545005
0#
#51550005
0%
b1110011 =
b110111101101 B
b110011011011 A
1#
#51555005
0#
#51560005
1%
b110011 &
1#
#51565005
0#
#51570005
0%
b1110100 =
b111000001100 B
b110100001110 A
1#
#51575005
0#
#51580005
1%
b110100 &
1#
#51585005
0#
#51590005
0%
b1110101 =
b111000101011 B
b110101000010 A
1#
#51595005
0#
#51600005
1%
b110101 &
1#
#51605005
0#
#51610005
0%
b1110110 =
b111001001010 B
b110101110111 A
1#
#51615005
0#
#51620005
1%
b110110 &
1#
#51625005
0#
#51630005
0%
b1110111 =
b111001101001 B
b110110101101 A
1#
#51635005
0#
#51640005
1%
b110111 &
1#
#51645005
0#
#51650005
0%
b1111000 =
b111010001000 B
b110111100100 A
1#
#51655005
0#
#51660005
1%
b111000 &
1#
#51665005
0#
#51670005
0%
b1111001 =
b111010100111 B
b111000011100 A
1#
#51675005
0#
#51680005
1%
b111001 &
1#
#51685005
0#
#51690005
0%
b1111010 =
b111011000110 B
b111001010101 A
1#
#51695005
0#
#51700005
1%
b111010 &
1#
#51705005
0#
#51710005
0%
b1111011 =
b111011100101 B
b111010001111 A
1#
#51715005
0#
#51720005
1%
b111011 &
1#
#51725005
0#
#51730005
0%
b1111100 =
b111100000100 B
b111011001010 A
1#
#51735005
0#
#51740005
1%
b111100 &
1#
#51745005
0#
#51750005
0%
b1111101 =
b111100100011 B
b111100000110 A
1#
#51755005
0#
#51760005
1%
b111101 &
1#
#51765005
0#
#51770005
0%
b1111110 =
b111101000010 B
b111101000011 A
1#
#51775005
0#
#51780005
1%
b111110 &
1#
#51785005
0#
#51790005
0%
b1111111 =
b111101100001 B
b111110000001 A
1#
#51795005
0#
#51800005
1%
b111111 &
1#
#51805005
0#
#51810005
0%
b10000000 =
b111110000000 B
b111111000000 A
1#
#51815005
0#
#51820005
1%
b0 &
1#
#51825005
0#
#51830005
0%
b10000001 =
b111110011111 B
1#
#51835005
0#
#51840005
1%
b1 &
1#
#51845005
0#
#51850005
0%
b10000010 =
b111110111110 B
b111111000001 A
1#
#51855005
0#
#51860005
1%
b10 &
1#
#51865005
0#
#51870005
0%
b10000011 =
b111111011101 B
b111111000011 A
1#
#51875005
0#
#51880005
1%
b11 &
1#
#51885005
0#
#51890005
0%
b10000100 =
b111111111100 B
b111111000110 A
1#
#51895005
0#
#51900005
1%
b100 &
1#
#51905005
0#
#51910005
0%
b10000101 =
b1000000011011 B
b111111001010 A
1#
#51915005
0#
#51920005
1%
b101 &
1#
#51925005
0#
#51930005
0%
b10000110 =
b1000000111010 B
b111111001111 A
1#
#51935005
0#
#51940005
1%
b110 &
1#
#51945005
0#
#51950005
0%
b10000111 =
b1000001011001 B
b111111010101 A
1#
#51955005
0#
#51960005
1%
b111 &
1#
#51965005
0#
#51970005
0%
b10001000 =
b1000001111000 B
b111111011100 A
1#
#51975005
0#
#51980005
1%
b1000 &
1#
#51985005
0#
#51990005
0%
b10001001 =
b1000010010111 B
b111111100100 A
1#
#51995005
0#
#52000005
1%
b1001 &
1#
#52005005
0#
#52010005
0%
b10001010 =
b1000010110110 B
b111111101101 A
1#
#52015005
0#
#52020005
1%
b1010 &
1#
#52025005
0#
#52030005
0%
b10001011 =
b1000011010101 B
b111111110111 A
1#
#52035005
0#
#52040005
1%
b1011 &
1#
#52045005
0#
#52050005
0%
b10001100 =
b1000011110100 B
b1000000000010 A
1#
#52055005
0#
#52060005
1%
b1100 &
1#
#52065005
0#
#52070005
0%
b10001101 =
b1000100010011 B
b1000000001110 A
1#
#52075005
0#
#52080005
1%
b1101 &
1#
#52085005
0#
#52090005
0%
b10001110 =
b1000100110010 B
b1000000011011 A
1#
#52095005
0#
#52100005
1%
b1110 &
1#
#52105005
0#
#52110005
0%
b10001111 =
b1000101010001 B
b1000000101001 A
1#
#52115005
0#
#52120005
1%
b1111 &
1#
#52125005
0#
#52130005
0%
b10010000 =
b1000101110000 B
b1000000111000 A
1#
#52135005
0#
#52140005
1%
b10000 &
1#
#52145005
0#
#52150005
0%
b10010001 =
b1000110001111 B
b1000001001000 A
1#
#52155005
0#
#52160005
1%
b10001 &
1#
#52165005
0#
#52170005
0%
b10010010 =
b1000110101110 B
b1000001011001 A
1#
#52175005
0#
#52180005
1%
b10010 &
1#
#52185005
0#
#52190005
0%
b10010011 =
b1000111001101 B
b1000001101011 A
1#
#52195005
0#
#52200005
1%
b10011 &
1#
#52205005
0#
#52210005
0%
b10010100 =
b1000111101100 B
b1000001111110 A
1#
#52215005
0#
#52220005
1%
b10100 &
1#
#52225005
0#
#52230005
0%
b10010101 =
b1001000001011 B
b1000010010010 A
1#
#52235005
0#
#52240005
1%
b10101 &
1#
#52245005
0#
#52250005
0%
b10010110 =
b1001000101010 B
b1000010100111 A
1#
#52255005
0#
#52260005
1%
b10110 &
1#
#52265005
0#
#52270005
0%
b10010111 =
b1001001001001 B
b1000010111101 A
1#
#52275005
0#
#52280005
1%
b10111 &
1#
#52285005
0#
#52290005
0%
b10011000 =
b1001001101000 B
b1000011010100 A
1#
#52295005
0#
#52300005
1%
b11000 &
1#
#52305005
0#
#52310005
0%
b10011001 =
b1001010000111 B
b1000011101100 A
1#
#52315005
0#
#52320005
1%
b11001 &
1#
#52325005
0#
#52330005
0%
b10011010 =
b1001010100110 B
b1000100000101 A
1#
#52335005
0#
#52340005
1%
b11010 &
1#
#52345005
0#
#52350005
0%
b10011011 =
b1001011000101 B
b1000100011111 A
1#
#52355005
0#
#52360005
1%
b11011 &
1#
#52365005
0#
#52370005
0%
b10011100 =
b1001011100100 B
b1000100111010 A
1#
#52375005
0#
#52380005
1%
b11100 &
1#
#52385005
0#
#52390005
0%
b10011101 =
b1001100000011 B
b1000101010110 A
1#
#52395005
0#
#52400005
1%
b11101 &
1#
#52405005
0#
#52410005
0%
b10011110 =
b1001100100010 B
b1000101110011 A
1#
#52415005
0#
#52420005
1%
b11110 &
1#
#52425005
0#
#52430005
0%
b10011111 =
b1001101000001 B
b1000110010001 A
1#
#52435005
0#
#52440005
1%
b11111 &
1#
#52445005
0#
#52450005
0%
b10100000 =
b1001101100000 B
b1000110110000 A
1#
#52455005
0#
#52460005
1%
b100000 &
1#
#52465005
0#
#52470005
0%
b10100001 =
b1001101111111 B
b1000111010000 A
1#
#52475005
0#
#52480005
1%
b100001 &
1#
#52485005
0#
#52490005
0%
b10100010 =
b1001110011110 B
b1000111110001 A
1#
#52495005
0#
#52500005
1%
b100010 &
1#
#52505005
0#
#52510005
0%
b10100011 =
b1001110111101 B
b1001000010011 A
1#
#52515005
0#
#52520005
1%
b100011 &
1#
#52525005
0#
#52530005
0%
b10100100 =
b1001111011100 B
b1001000110110 A
1#
#52535005
0#
#52540005
1%
b100100 &
1#
#52545005
0#
#52550005
0%
b10100101 =
b1001111111011 B
b1001001011010 A
1#
#52555005
0#
#52560005
1%
b100101 &
1#
#52565005
0#
#52570005
0%
b10100110 =
b1010000011010 B
b1001001111111 A
1#
#52575005
0#
#52580005
1%
b100110 &
1#
#52585005
0#
#52590005
0%
b10100111 =
b1010000111001 B
b1001010100101 A
1#
#52595005
0#
#52600005
1%
b100111 &
1#
#52605005
0#
#52610005
0%
b10101000 =
b1010001011000 B
b1001011001100 A
1#
#52615005
0#
#52620005
1%
b101000 &
1#
#52625005
0#
#52630005
0%
b10101001 =
b1010001110111 B
b1001011110100 A
1#
#52635005
0#
#52640005
1%
b101001 &
1#
#52645005
0#
#52650005
0%
b10101010 =
b1010010010110 B
b1001100011101 A
1#
#52655005
0#
#52660005
1%
b101010 &
1#
#52665005
0#
#52670005
0%
b10101011 =
b1010010110101 B
b1001101000111 A
1#
#52675005
0#
#52680005
1%
b101011 &
1#
#52685005
0#
#52690005
0%
b10101100 =
b1010011010100 B
b1001101110010 A
1#
#52695005
0#
#52700005
1%
b101100 &
1#
#52705005
0#
#52710005
0%
b10101101 =
b1010011110011 B
b1001110011110 A
1#
#52715005
0#
#52720005
1%
b101101 &
1#
#52725005
0#
#52730005
0%
b10101110 =
b1010100010010 B
b1001111001011 A
1#
#52735005
0#
#52740005
1%
b101110 &
1#
#52745005
0#
#52750005
0%
b10101111 =
b1010100110001 B
b1001111111001 A
1#
#52755005
0#
#52760005
1%
b101111 &
1#
#52765005
0#
#52770005
0%
b10110000 =
b1010101010000 B
b1010000101000 A
1#
#52775005
0#
#52780005
1%
b110000 &
1#
#52785005
0#
#52790005
0%
b10110001 =
b1010101101111 B
b1010001011000 A
1#
#52795005
0#
#52800005
1%
b110001 &
1#
#52805005
0#
#52810005
0%
b10110010 =
b1010110001110 B
b1010010001001 A
1#
#52815005
0#
#52820005
1%
b110010 &
1#
#52825005
0#
#52830005
0%
b10110011 =
b1010110101101 B
b1010010111011 A
1#
#52835005
0#
#52840005
1%
b110011 &
1#
#52845005
0#
#52850005
0%
b10110100 =
b1010111001100 B
b1010011101110 A
1#
#52855005
0#
#52860005
1%
b110100 &
1#
#52865005
0#
#52870005
0%
b10110101 =
b1010111101011 B
b1010100100010 A
1#
#52875005
0#
#52880005
1%
b110101 &
1#
#52885005
0#
#52890005
0%
b10110110 =
b1011000001010 B
b1010101010111 A
1#
#52895005
0#
#52900005
1%
b110110 &
1#
#52905005
0#
#52910005
0%
b10110111 =
b1011000101001 B
b1010110001101 A
1#
#52915005
0#
#52920005
1%
b110111 &
1#
#52925005
0#
#52930005
0%
b10111000 =
b1011001001000 B
b1010111000100 A
1#
#52935005
0#
#52940005
1%
b111000 &
1#
#52945005
0#
#52950005
0%
b10111001 =
b1011001100111 B
b1010111111100 A
1#
#52955005
0#
#52960005
1%
b111001 &
1#
#52965005
0#
#52970005
0%
b10111010 =
b1011010000110 B
b1011000110101 A
1#
#52975005
0#
#52980005
1%
b111010 &
1#
#52985005
0#
#52990005
0%
b10111011 =
b1011010100101 B
b1011001101111 A
1#
#52995005
0#
#53000005
1%
b111011 &
1#
#53005005
0#
#53010005
0%
b10111100 =
b1011011000100 B
b1011010101010 A
1#
#53015005
0#
#53020005
1%
b111100 &
1#
#53025005
0#
#53030005
0%
b10111101 =
b1011011100011 B
b1011011100110 A
1#
#53035005
0#
#53040005
1%
b111101 &
1#
#53045005
0#
#53050005
0%
b10111110 =
b1011100000010 B
b1011100100011 A
1#
#53055005
0#
#53060005
1%
b111110 &
1#
#53065005
0#
#53070005
0%
b10111111 =
b1011100100001 B
b1011101100001 A
1#
#53075005
0#
#53080005
1%
b111111 &
1#
#53085005
0#
#53090005
0%
b11000000 =
b1011101000000 B
b1011110100000 A
1#
#53095005
0#
#53100005
1%
b0 &
1#
#53105005
0#
#53110005
0%
b11000001 =
b1011101011111 B
1#
#53115005
0#
#53120005
1%
b1 &
1#
#53125005
0#
#53130005
0%
b11000010 =
b1011101111110 B
b1011110100001 A
1#
#53135005
0#
#53140005
1%
b10 &
1#
#53145005
0#
#53150005
0%
b11000011 =
b1011110011101 B
b1011110100011 A
1#
#53155005
0#
#53160005
1%
b11 &
1#
#53165005
0#
#53170005
0%
b11000100 =
b1011110111100 B
b1011110100110 A
1#
#53175005
0#
#53180005
1%
b100 &
1#
#53185005
0#
#53190005
0%
b11000101 =
b1011111011011 B
b1011110101010 A
1#
#53195005
0#
#53200005
1%
b101 &
1#
#53205005
0#
#53210005
0%
b11000110 =
b1011111111010 B
b1011110101111 A
1#
#53215005
0#
#53220005
1%
b110 &
1#
#53225005
0#
#53230005
0%
b11000111 =
b1100000011001 B
b1011110110101 A
1#
#53235005
0#
#53240005
1%
b111 &
1#
#53245005
0#
#53250005
0%
b11001000 =
b1100000111000 B
b1011110111100 A
1#
#53255005
0#
#53260005
1%
b1000 &
1#
#53265005
0#
#53270005
0%
b11001001 =
b1100001010111 B
b1011111000100 A
1#
#53275005
0#
#53280005
1%
b1001 &
1#
#53285005
0#
#53290005
0%
b11001010 =
b1100001110110 B
b1011111001101 A
1#
#53295005
0#
#53300005
1%
b1010 &
1#
#53305005
0#
#53310005
0%
b11001011 =
b1100010010101 B
b1011111010111 A
1#
#53315005
0#
#53320005
1%
b1011 &
1#
#53325005
0#
#53330005
0%
b11001100 =
b1100010110100 B
b1011111100010 A
1#
#53335005
0#
#53340005
1%
b1100 &
1#
#53345005
0#
#53350005
0%
b11001101 =
b1100011010011 B
b1011111101110 A
1#
#53355005
0#
#53360005
1%
b1101 &
1#
#53365005
0#
#53370005
0%
b11001110 =
b1100011110010 B
b1011111111011 A
1#
#53375005
0#
#53380005
1%
b1110 &
1#
#53385005
0#
#53390005
0%
b11001111 =
b1100100010001 B
b1100000001001 A
1#
#53395005
0#
#53400005
1%
b1111 &
1#
#53405005
0#
#53410005
0%
b11010000 =
b1100100110000 B
b1100000011000 A
1#
#53415005
0#
#53420005
1%
b10000 &
1#
#53425005
0#
#53430005
0%
b11010001 =
b1100101001111 B
b1100000101000 A
1#
#53435005
0#
#53440005
1%
b10001 &
1#
#53445005
0#
#53450005
0%
b11010010 =
b1100101101110 B
b1100000111001 A
1#
#53455005
0#
#53460005
1%
b10010 &
1#
#53465005
0#
#53470005
0%
b11010011 =
b1100110001101 B
b1100001001011 A
1#
#53475005
0#
#53480005
1%
b10011 &
1#
#53485005
0#
#53490005
0%
b11010100 =
b1100110101100 B
b1100001011110 A
1#
#53495005
0#
#53500005
1%
b10100 &
1#
#53505005
0#
#53510005
0%
b11010101 =
b1100111001011 B
b1100001110010 A
1#
#53515005
0#
#53520005
1%
b10101 &
1#
#53525005
0#
#53530005
0%
b11010110 =
b1100111101010 B
b1100010000111 A
1#
#53535005
0#
#53540005
1%
b10110 &
1#
#53545005
0#
#53550005
0%
b11010111 =
b1101000001001 B
b1100010011101 A
1#
#53555005
0#
#53560005
1%
b10111 &
1#
#53565005
0#
#53570005
0%
b11011000 =
b1101000101000 B
b1100010110100 A
1#
#53575005
0#
#53580005
1%
b11000 &
1#
#53585005
0#
#53590005
0%
b11011001 =
b1101001000111 B
b1100011001100 A
1#
#53595005
0#
#53600005
1%
b11001 &
1#
#53605005
0#
#53610005
0%
b11011010 =
b1101001100110 B
b1100011100101 A
1#
#53615005
0#
#53620005
1%
b11010 &
1#
#53625005
0#
#53630005
0%
b11011011 =
b1101010000101 B
b1100011111111 A
1#
#53635005
0#
#53640005
1%
b11011 &
1#
#53645005
0#
#53650005
0%
b11011100 =
b1101010100100 B
b1100100011010 A
1#
#53655005
0#
#53660005
1%
b11100 &
1#
#53665005
0#
#53670005
0%
b11011101 =
b1101011000011 B
b1100100110110 A
1#
#53675005
0#
#53680005
1%
b11101 &
1#
#53685005
0#
#53690005
0%
b11011110 =
b1101011100010 B
b1100101010011 A
1#
#53695005
0#
#53700005
1%
b11110 &
1#
#53705005
0#
#53710005
0%
b11011111 =
b1101100000001 B
b1100101110001 A
1#
#53715005
0#
#53720005
1%
b11111 &
1#
#53725005
0#
#53730005
0%
b11100000 =
b1101100100000 B
b1100110010000 A
1#
#53735005
0#
#53740005
1%
b100000 &
1#
#53745005
0#
#53750005
0%
b11100001 =
b1101100111111 B
b1100110110000 A
1#
#53755005
0#
#53760005
1%
b100001 &
1#
#53765005
0#
#53770005
0%
b11100010 =
b1101101011110 B
b1100111010001 A
1#
#53775005
0#
#53780005
1%
b100010 &
1#
#53785005
0#
#53790005
0%
b11100011 =
b1101101111101 B
b1100111110011 A
1#
#53795005
0#
#53800005
1%
b100011 &
1#
#53805005
0#
#53810005
0%
b11100100 =
b1101110011100 B
b1101000010110 A
1#
#53815005
0#
#53820005
1%
b100100 &
1#
#53825005
0#
#53830005
0%
b11100101 =
b1101110111011 B
b1101000111010 A
1#
#53835005
0#
#53840005
1%
b100101 &
1#
#53845005
0#
#53850005
0%
b11100110 =
b1101111011010 B
b1101001011111 A
1#
#53855005
0#
#53860005
1%
b100110 &
1#
#53865005
0#
#53870005
0%
b11100111 =
b1101111111001 B
b1101010000101 A
1#
#53875005
0#
#53880005
1%
b100111 &
1#
#53885005
0#
#53890005
0%
b11101000 =
b1110000011000 B
b1101010101100 A
1#
#53895005
0#
#53900005
1%
b101000 &
1#
#53905005
0#
#53910005
0%
b11101001 =
b1110000110111 B
b1101011010100 A
1#
#53915005
0#
#53920005
1%
b101001 &
1#
#53925005
0#
#53930005
0%
b11101010 =
b1110001010110 B
b1101011111101 A
1#
#53935005
0#
#53940005
1%
b101010 &
1#
#53945005
0#
#53950005
0%
b11101011 =
b1110001110101 B
b1101100100111 A
1#
#53955005
0#
#53960005
1%
b101011 &
1#
#53965005
0#
#53970005
0%
b11101100 =
b1110010010100 B
b1101101010010 A
1#
#53975005
0#
#53980005
1%
b101100 &
1#
#53985005
0#
#53990005
0%
b11101101 =
b1110010110011 B
b1101101111110 A
1#
#53995005
0#
#54000005
1%
b101101 &
1#
#54005005
0#
#54010005
0%
b11101110 =
b1110011010010 B
b1101110101011 A
1#
#54015005
0#
#54020005
1%
b101110 &
1#
#54025005
0#
#54030005
0%
b11101111 =
b1110011110001 B
b1101111011001 A
1#
#54035005
0#
#54040005
1%
b101111 &
1#
#54045005
0#
#54050005
0%
b11110000 =
b1110100010000 B
b1110000001000 A
1#
#54055005
0#
#54060005
1%
b110000 &
1#
#54065005
0#
#54070005
0%
b11110001 =
b1110100101111 B
b1110000111000 A
1#
#54075005
0#
#54080005
1%
b110001 &
1#
#54085005
0#
#54090005
0%
b11110010 =
b1110101001110 B
b1110001101001 A
1#
#54095005
0#
#54100005
1%
b110010 &
1#
#54105005
0#
#54110005
0%
b11110011 =
b1110101101101 B
b1110010011011 A
1#
#54115005
0#
#54120005
1%
b110011 &
1#
#54125005
0#
#54130005
0%
b11110100 =
b1110110001100 B
b1110011001110 A
1#
#54135005
0#
#54140005
1%
b110100 &
1#
#54145005
0#
#54150005
0%
b11110101 =
b1110110101011 B
b1110100000010 A
1#
#54155005
0#
#54160005
1%
b110101 &
1#
#54165005
0#
#54170005
0%
b11110110 =
b1110111001010 B
b1110100110111 A
1#
#54175005
0#
#54180005
1%
b110110 &
1#
#54185005
0#
#54190005
0%
b11110111 =
b1110111101001 B
b1110101101101 A
1#
#54195005
0#
#54200005
1%
b110111 &
1#
#54205005
0#
#54210005
0%
b11111000 =
b1111000001000 B
b1110110100100 A
1#
#54215005
0#
#54220005
1%
b111000 &
1#
#54225005
0#
#54230005
0%
b11111001 =
b1111000100111 B
b1110111011100 A
1#
#54235005
0#
#54240005
1%
b111001 &
1#
#54245005
0#
#54250005
0%
b11111010 =
b1111001000110 B
b1111000010101 A
1#
#54255005
0#
#54260005
1%
b111010 &
1#
#54265005
0#
#54270005
0%
b11111011 =
b1111001100101 B
b1111001001111 A
1#
#54275005
0#
#54280005
1%
b111011 &
1#
#54285005
0#
#54290005
0%
b11111100 =
b1111010000100 B
b1111010001010 A
1#
#54295005
0#
#54300005
1%
b111100 &
1#
#54305005
0#
#54310005
0%
b11111101 =
b1111010100011 B
b1111011000110 A
1#
#54315005
0#
#54320005
1%
b111101 &
1#
#54325005
0#
#54330005
0%
b11111110 =
b1111011000010 B
b1111100000011 A
1#
#54335005
0#
#54340005
1%
b111110 &
1#
#54345005
0#
#54350005
0%
b11111111 =
b1111011100001 B
b1111101000001 A
1#
#54355005
0#
#54360005
1%
b111111 &
1#
#54365005
0#
#54370005
0%
b100000000 =
b1111100000000 B
b1111110000000 A
1#
#54375005
0#
#54380005
1%
b0 &
1#
#54385005
0#
#54390005
0%
b100000001 =
b1111100011111 B
1#
#54395005
0#
#54400005
1%
b1 &
1#
#54405005
0#
#54410005
0%
b100000010 =
b1111100111110 B
b1111110000001 A
1#
#54415005
0#
#54420005
1%
b10 &
1#
#54425005
0#
#54430005
0%
b100000011 =
b1111101011101 B
b1111110000011 A
1#
#54435005
0#
#54440005
1%
b11 &
1#
#54445005
0#
#54450005
0%
b100000100 =
b1111101111100 B
b1111110000110 A
1#
#54455005
0#
#54460005
1%
b100 &
1#
#54465005
0#
#54470005
0%
b100000101 =
b1111110011011 B
b1111110001010 A
1#
#54475005
0#
#54480005
1%
b101 &
1#
#54485005
0#
#54490005
0%
b100000110 =
b1111110111010 B
b1111110001111 A
1#
#54495005
0#
#54500005
1%
b110 &
1#
#54505005
0#
#54510005
0%
b100000111 =
b1111111011001 B
b1111110010101 A
1#
#54515005
0#
#54520005
1%
b111 &
1#
#54525005
0#
#54530005
0%
b100001000 =
b1111111111000 B
b1111110011100 A
1#
#54535005
0#
#54540005
1%
b1000 &
1#
#54545005
0#
#54550005
0%
b100001001 =
b10000000010111 B
b1111110100100 A
1#
#54555005
0#
#54560005
1%
b1001 &
1#
#54565005
0#
#54570005
0%
b100001010 =
b10000000110110 B
b1111110101101 A
1#
#54575005
0#
#54580005
1%
b1010 &
1#
#54585005
0#
#54590005
0%
b100001011 =
b10000001010101 B
b1111110110111 A
1#
#54595005
0#
#54600005
1%
b1011 &
1#
#54605005
0#
#54610005
0%
b100001100 =
b10000001110100 B
b1111111000010 A
1#
#54615005
0#
#54620005
1%
b1100 &
1#
#54625005
0#
#54630005
0%
b100001101 =
b10000010010011 B
b1111111001110 A
1#
#54635005
0#
#54640005
1%
b1101 &
1#
#54645005
0#
#54650005
0%
b100001110 =
b10000010110010 B
b1111111011011 A
1#
#54655005
0#
#54660005
1%
b1110 &
1#
#54665005
0#
#54670005
0%
b100001111 =
b10000011010001 B
b1111111101001 A
1#
#54675005
0#
#54680005
1%
b1111 &
1#
#54685005
0#
#54690005
0%
b100010000 =
b10000011110000 B
b1111111111000 A
1#
#54695005
0#
#54700005
1%
b10000 &
1#
#54705005
0#
#54710005
0%
b100010001 =
b10000100001111 B
b10000000001000 A
1#
#54715005
0#
#54720005
1%
b10001 &
1#
#54725005
0#
#54730005
0%
b100010010 =
b10000100101110 B
b10000000011001 A
1#
#54735005
0#
#54740005
1%
b10010 &
1#
#54745005
0#
#54750005
0%
b100010011 =
b10000101001101 B
b10000000101011 A
1#
#54755005
0#
#54760005
1%
b10011 &
1#
#54765005
0#
#54770005
0%
b100010100 =
b10000101101100 B
b10000000111110 A
1#
#54775005
0#
#54780005
1%
b10100 &
1#
#54785005
0#
#54790005
0%
b100010101 =
b10000110001011 B
b10000001010010 A
1#
#54795005
0#
#54800005
1%
b10101 &
1#
#54805005
0#
#54810005
0%
b100010110 =
b10000110101010 B
b10000001100111 A
1#
#54815005
0#
#54820005
1%
b10110 &
1#
#54825005
0#
#54830005
0%
b100010111 =
b10000111001001 B
b10000001111101 A
1#
#54835005
0#
#54840005
1%
b10111 &
1#
#54845005
0#
#54850005
0%
b100011000 =
b10000111101000 B
b10000010010100 A
1#
#54855005
0#
#54860005
1%
b11000 &
1#
#54865005
0#
#54870005
0%
b100011001 =
b10001000000111 B
b10000010101100 A
1#
#54875005
0#
#54880005
1%
b11001 &
1#
#54885005
0#
#54890005
0%
b100011010 =
b10001000100110 B
b10000011000101 A
1#
#54895005
0#
#54900005
1%
b11010 &
1#
#54905005
0#
#54910005
0%
b100011011 =
b10001001000101 B
b10000011011111 A
1#
#54915005
0#
#54920005
1%
b11011 &
1#
#54925005
0#
#54930005
0%
b100011100 =
b10001001100100 B
b10000011111010 A
1#
#54935005
0#
#54940005
1%
b11100 &
1#
#54945005
0#
#54950005
0%
b100011101 =
b10001010000011 B
b10000100010110 A
1#
#54955005
0#
#54960005
1%
b11101 &
1#
#54965005
0#
#54970005
0%
b100011110 =
b10001010100010 B
b10000100110011 A
1#
#54975005
0#
#54980005
1%
b11110 &
1#
#54985005
0#
#54990005
0%
b100011111 =
b10001011000001 B
b10000101010001 A
1#
#54995005
0#
#55000005
1%
b11111 &
1#
#55005005
0#
#55010005
0%
b100100000 =
b10001011100000 B
b10000101110000 A
1#
#55015005
0#
#55020005
1%
b100000 &
1#
#55025005
0#
#55030005
0%
b100100001 =
b10001011111111 B
b10000110010000 A
1#
#55035005
0#
#55040005
1%
b100001 &
1#
#55045005
0#
#55050005
0%
b100100010 =
b10001100011110 B
b10000110110001 A
1#
#55055005
0#
#55060005
1%
b100010 &
1#
#55065005
0#
#55070005
0%
b100100011 =
b10001100111101 B
b10000111010011 A
1#
#55075005
0#
#55080005
1%
b100011 &
1#
#55085005
0#
#55090005
0%
b100100100 =
b10001101011100 B
b10000111110110 A
1#
#55095005
0#
#55100005
1%
b100100 &
1#
#55105005
0#
#55110005
0%
b100100101 =
b10001101111011 B
b10001000011010 A
1#
#55115005
0#
#55120005
1%
b100101 &
1#
#55125005
0#
#55130005
0%
b100100110 =
b10001110011010 B
b10001000111111 A
1#
#55135005
0#
#55140005
1%
b100110 &
1#
#55145005
0#
#55150005
0%
b100100111 =
b10001110111001 B
b10001001100101 A
1#
#55155005
0#
#55160005
1%
b100111 &
1#
#55165005
0#
#55170005
0%
b100101000 =
b10001111011000 B
b10001010001100 A
1#
#55175005
0#
#55180005
1%
b101000 &
1#
#55185005
0#
#55190005
0%
b100101001 =
b10001111110111 B
b10001010110100 A
1#
#55195005
0#
#55200005
1%
b101001 &
1#
#55205005
0#
#55210005
0%
b100101010 =
b10010000010110 B
b10001011011101 A
1#
#55215005
0#
#55220005
1%
b101010 &
1#
#55225005
0#
#55230005
0%
b100101011 =
b10010000110101 B
b10001100000111 A
1#
#55235005
0#
#55240005
1%
b101011 &
1#
#55245005
0#
#55250005
0%
b100101100 =
b10010001010100 B
b10001100110010 A
1#
#55255005
0#
#55260005
1%
b101100 &
1#
#55265005
0#
#55270005
0%
b100101101 =
b10010001110011 B
b10001101011110 A
1#
#55275005
0#
#55280005
1%
b101101 &
1#
#55285005
0#
#55290005
0%
b100101110 =
b10010010010010 B
b10001110001011 A
1#
#55295005
0#
#55300005
1%
b101110 &
1#
#55305005
0#
#55310005
0%
b100101111 =
b10010010110001 B
b10001110111001 A
1#
#55315005
0#
#55320005
1%
b101111 &
1#
#55325005
0#
#55330005
0%
b100110000 =
b10010011010000 B
b10001111101000 A
1#
#55335005
0#
#55340005
1%
b110000 &
1#
#55345005
0#
#55350005
0%
b100110001 =
b10010011101111 B
b10010000011000 A
1#
#55355005
0#
#55360005
1%
b110001 &
1#
#55365005
0#
#55370005
0%
b100110010 =
b10010100001110 B
b10010001001001 A
1#
#55375005
0#
#55380005
1%
b110010 &
1#
#55385005
0#
#55390005
0%
b100110011 =
b10010100101101 B
b10010001111011 A
1#
#55395005
0#
#55400005
1%
b110011 &
1#
#55405005
0#
#55410005
0%
b100110100 =
b10010101001100 B
b10010010101110 A
1#
#55415005
0#
#55420005
1%
b110100 &
1#
#55425005
0#
#55430005
0%
b100110101 =
b10010101101011 B
b10010011100010 A
1#
#55435005
0#
#55440005
1%
b110101 &
1#
#55445005
0#
#55450005
0%
b100110110 =
b10010110001010 B
b10010100010111 A
1#
#55455005
0#
#55460005
1%
b110110 &
1#
#55465005
0#
#55470005
0%
b100110111 =
b10010110101001 B
b10010101001101 A
1#
#55475005
0#
#55480005
1%
b110111 &
1#
#55485005
0#
#55490005
0%
b100111000 =
b10010111001000 B
b10010110000100 A
1#
#55495005
0#
#55500005
1%
b111000 &
1#
#55505005
0#
#55510005
0%
b100111001 =
b10010111100111 B
b10010110111100 A
1#
#55515005
0#
#55520005
1%
b111001 &
1#
#55525005
0#
#55530005
0%
b100111010 =
b10011000000110 B
b10010111110101 A
1#
#55535005
0#
#55540005
1%
b111010 &
1#
#55545005
0#
#55550005
0%
b100111011 =
b10011000100101 B
b10011000101111 A
1#
#55555005
0#
#55560005
1%
b111011 &
1#
#55565005
0#
#55570005
0%
b100111100 =
b10011001000100 B
b10011001101010 A
1#
#55575005
0#
#55580005
1%
b111100 &
1#
#55585005
0#
#55590005
0%
b100111101 =
b10011001100011 B
b10011010100110 A
1#
#55595005
0#
#55600005
1%
b111101 &
1#
#55605005
0#
#55610005
0%
b100111110 =
b10011010000010 B
b10011011100011 A
1#
#55615005
0#
#55620005
1%
b111110 &
1#
#55625005
0#
#55630005
0%
b100111111 =
b10011010100001 B
b10011100100001 A
1#
#55635005
0#
#55640005
1%
b111111 &
1#
#55645005
0#
#55650005
0%
b101000000 =
b10011011000000 B
b10011101100000 A
1#
#55655005
0#
#55660005
1%
b0 &
1#
#55665005
0#
#55670005
0%
b101000001 =
b10011011011111 B
1#
#55675005
0#
#55680005
1%
b1 &
1#
#55685005
0#
#55690005
0%
b101000010 =
b10011011111110 B
b10011101100001 A
1#
#55695005
0#
#55700005
1%
b10 &
1#
#55705005
0#
#55710005
0%
b101000011 =
b10011100011101 B
b10011101100011 A
1#
#55715005
0#
#55720005
1%
b11 &
1#
#55725005
0#
#55730005
0%
b101000100 =
b10011100111100 B
b10011101100110 A
1#
#55735005
0#
#55740005
1%
b100 &
1#
#55745005
0#
#55750005
0%
b101000101 =
b10011101011011 B
b10011101101010 A
1#
#55755005
0#
#55760005
1%
b101 &
1#
#55765005
0#
#55770005
0%
b101000110 =
b10011101111010 B
b10011101101111 A
1#
#55775005
0#
#55780005
1%
b110 &
1#
#55785005
0#
#55790005
0%
b101000111 =
b10011110011001 B
b10011101110101 A
1#
#55795005
0#
#55800005
1%
b111 &
1#
#55805005
0#
#55810005
0%
b101001000 =
b10011110111000 B
b10011101111100 A
1#
#55815005
0#
#55820005
1%
b1000 &
1#
#55825005
0#
#55830005
0%
b101001001 =
b10011111010111 B
b10011110000100 A
1#
#55835005
0#
#55840005
1%
b1001 &
1#
#55845005
0#
#55850005
0%
b101001010 =
b10011111110110 B
b10011110001101 A
1#
#55855005
0#
#55860005
1%
b1010 &
1#
#55865005
0#
#55870005
0%
b101001011 =
b10100000010101 B
b10011110010111 A
1#
#55875005
0#
#55880005
1%
b1011 &
1#
#55885005
0#
#55890005
0%
b101001100 =
b10100000110100 B
b10011110100010 A
1#
#55895005
0#
#55900005
1%
b1100 &
1#
#55905005
0#
#55910005
0%
b101001101 =
b10100001010011 B
b10011110101110 A
1#
#55915005
0#
#55920005
1%
b1101 &
1#
#55925005
0#
#55930005
0%
b101001110 =
b10100001110010 B
b10011110111011 A
1#
#55935005
0#
#55940005
1%
b1110 &
1#
#55945005
0#
#55950005
0%
b101001111 =
b10100010010001 B
b10011111001001 A
1#
#55955005
0#
#55960005
1%
b1111 &
1#
#55965005
0#
#55970005
0%
b101010000 =
b10100010110000 B
b10011111011000 A
1#
#55975005
0#
#55980005
1%
b10000 &
1#
#55985005
0#
#55990005
0%
b101010001 =
b10100011001111 B
b10011111101000 A
1#
#55995005
0#
#56000005
1%
b10001 &
1#
#56005005
0#
#56010005
0%
b101010010 =
b10100011101110 B
b10011111111001 A
1#
#56015005
0#
#56020005
1%
b10010 &
1#
#56025005
0#
#56030005
0%
b101010011 =
b10100100001101 B
b10100000001011 A
1#
#56035005
0#
#56040005
1%
b10011 &
1#
#56045005
0#
#56050005
0%
b101010100 =
b10100100101100 B
b10100000011110 A
1#
#56055005
0#
#56060005
1%
b10100 &
1#
#56065005
0#
#56070005
0%
b101010101 =
b10100101001011 B
b10100000110010 A
1#
#56075005
0#
#56080005
1%
b10101 &
1#
#56085005
0#
#56090005
0%
b101010110 =
b10100101101010 B
b10100001000111 A
1#
#56095005
0#
#56100005
1%
b10110 &
1#
#56105005
0#
#56110005
0%
b101010111 =
b10100110001001 B
b10100001011101 A
1#
#56115005
0#
#56120005
1%
b10111 &
1#
#56125005
0#
#56130005
0%
b101011000 =
b10100110101000 B
b10100001110100 A
1#
#56135005
0#
#56140005
1%
b11000 &
1#
#56145005
0#
#56150005
0%
b101011001 =
b10100111000111 B
b10100010001100 A
1#
#56155005
0#
#56160005
1%
b11001 &
1#
#56165005
0#
#56170005
0%
b101011010 =
b10100111100110 B
b10100010100101 A
1#
#56175005
0#
#56180005
1%
b11010 &
1#
#56185005
0#
#56190005
0%
b101011011 =
b10101000000101 B
b10100010111111 A
1#
#56195005
0#
#56200005
1%
b11011 &
1#
#56205005
0#
#56210005
0%
b101011100 =
b10101000100100 B
b10100011011010 A
1#
#56215005
0#
#56220005
1%
b11100 &
1#
#56225005
0#
#56230005
0%
b101011101 =
b10101001000011 B
b10100011110110 A
1#
#56235005
0#
#56240005
1%
b11101 &
1#
#56245005
0#
#56250005
0%
b101011110 =
b10101001100010 B
b10100100010011 A
1#
#56255005
0#
#56260005
1%
b11110 &
1#
#56265005
0#
#56270005
0%
b101011111 =
b10101010000001 B
b10100100110001 A
1#
#56275005
0#
#56280005
1%
b11111 &
1#
#56285005
0#
#56290005
0%
b101100000 =
b10101010100000 B
b10100101010000 A
1#
#56295005
0#
#56300005
1%
b100000 &
1#
#56305005
0#
#56310005
0%
b101100001 =
b10101010111111 B
b10100101110000 A
1#
#56315005
0#
#56320005
1%
b100001 &
1#
#56325005
0#
#56330005
0%
b101100010 =
b10101011011110 B
b10100110010001 A
1#
#56335005
0#
#56340005
1%
b100010 &
1#
#56345005
0#
#56350005
0%
b101100011 =
b10101011111101 B
b10100110110011 A
1#
#56355005
0#
#56360005
1%
b100011 &
1#
#56365005
0#
#56370005
0%
b101100100 =
b10101100011100 B
b10100111010110 A
1#
#56375005
0#
#56380005
1%
b100100 &
1#
#56385005
0#
#56390005
0%
b101100101 =
b10101100111011 B
b10100111111010 A
1#
#56395005
0#
#56400005
1%
b100101 &
1#
#56405005
0#
#56410005
0%
b101100110 =
b10101101011010 B
b10101000011111 A
1#
#56415005
0#
#56420005
1%
b100110 &
1#
#56425005
0#
#56430005
0%
b101100111 =
b10101101111001 B
b10101001000101 A
1#
#56435005
0#
#56440005
1%
b100111 &
1#
#56445005
0#
#56450005
0%
b101101000 =
b10101110011000 B
b10101001101100 A
1#
#56455005
0#
#56460005
1%
b101000 &
1#
#56465005
0#
#56470005
0%
b101101001 =
b10101110110111 B
b10101010010100 A
1#
#56475005
0#
#56480005
1%
b101001 &
1#
#56485005
0#
#56490005
0%
b101101010 =
b10101111010110 B
b10101010111101 A
1#
#56495005
0#
#56500005
1%
b101010 &
1#
#56505005
0#
#56510005
0%
b101101011 =
b10101111110101 B
b10101011100111 A
1#
#56515005
0#
#56520005
1%
b101011 &
1#
#56525005
0#
#56530005
0%
b101101100 =
b10110000010100 B
b10101100010010 A
1#
#56535005
0#
#56540005
1%
b101100 &
1#
#56545005
0#
#56550005
0%
b101101101 =
b10110000110011 B
b10101100111110 A
1#
#56555005
0#
#56560005
1%
b101101 &
1#
#56565005
0#
#56570005
0%
b101101110 =
b10110001010010 B
b10101101101011 A
1#
#56575005
0#
#56580005
1%
b101110 &
1#
#56585005
0#
#56590005
0%
b101101111 =
b10110001110001 B
b10101110011001 A
1#
#56595005
0#
#56600005
1%
b101111 &
1#
#56605005
0#
#56610005
0%
b101110000 =
b10110010010000 B
b10101111001000 A
1#
#56615005
0#
#56620005
1%
b110000 &
1#
#56625005
0#
#56630005
0%
b101110001 =
b10110010101111 B
b10101111111000 A
1#
#56635005
0#
#56640005
1%
b110001 &
1#
#56645005
0#
#56650005
0%
b101110010 =
b10110011001110 B
b10110000101001 A
1#
#56655005
0#
#56660005
1%
b110010 &
1#
#56665005
0#
#56670005
0%
b101110011 =
b10110011101101 B
b10110001011011 A
1#
#56675005
0#
#56680005
1%
b110011 &
1#
#56685005
0#
#56690005
0%
b101110100 =
b10110100001100 B
b10110010001110 A
1#
#56695005
0#
#56700005
1%
b110100 &
1#
#56705005
0#
#56710005
0%
b101110101 =
b10110100101011 B
b10110011000010 A
1#
#56715005
0#
#56720005
1%
b110101 &
1#
#56725005
0#
#56730005
0%
b101110110 =
b10110101001010 B
b10110011110111 A
1#
#56735005
0#
#56740005
1%
b110110 &
1#
#56745005
0#
#56750005
0%
b101110111 =
b10110101101001 B
b10110100101101 A
1#
#56755005
0#
#56760005
1%
b110111 &
1#
#56765005
0#
#56770005
0%
b101111000 =
b10110110001000 B
b10110101100100 A
1#
#56775005
0#
#56780005
1%
b111000 &
1#
#56785005
0#
#56790005
0%
b101111001 =
b10110110100111 B
b10110110011100 A
1#
#56795005
0#
#56800005
1%
b111001 &
1#
#56805005
0#
#56810005
0%
b101111010 =
b10110111000110 B
b10110111010101 A
1#
#56815005
0#
#56820005
1%
b111010 &
1#
#56825005
0#
#56830005
0%
b101111011 =
b10110111100101 B
b10111000001111 A
1#
#56835005
0#
#56840005
1%
b111011 &
1#
#56845005
0#
#56850005
0%
b101111100 =
b10111000000100 B
b10111001001010 A
1#
#56855005
0#
#56860005
1%
b111100 &
1#
#56865005
0#
#56870005
0%
b101111101 =
b10111000100011 B
b10111010000110 A
1#
#56875005
0#
#56880005
1%
b111101 &
1#
#56885005
0#
#56890005
0%
b101111110 =
b10111001000010 B
b10111011000011 A
1#
#56895005
0#
#56900005
1%
b111110 &
1#
#56905005
0#
#56910005
0%
b101111111 =
b10111001100001 B
b10111100000001 A
1#
#56915005
0#
#56920005
1%
b111111 &
1#
#56925005
0#
#56930005
0%
b110000000 =
b10111010000000 B
b10111101000000 A
1#
#56935005
0#
#56940005
1%
b0 &
1#
#56945005
0#
#56950005
0%
b110000001 =
b10111010011111 B
1#
#56955005
0#
#56960005
1%
b1 &
1#
#56965005
0#
#56970005
0%
b110000010 =
b10111010111110 B
b10111101000001 A
1#
#56975005
0#
#56980005
1%
b10 &
1#
#56985005
0#
#56990005
0%
b110000011 =
b10111011011101 B
b10111101000011 A
1#
#56995005
0#
#57000005
1%
b11 &
1#
#57005005
0#
#57010005
0%
b110000100 =
b10111011111100 B
b10111101000110 A
1#
#57015005
0#
#57020005
1%
b100 &
1#
#57025005
0#
#57030005
0%
b110000101 =
b10111100011011 B
b10111101001010 A
1#
#57035005
0#
#57040005
1%
b101 &
1#
#57045005
0#
#57050005
0%
b110000110 =
b10111100111010 B
b10111101001111 A
1#
#57055005
0#
#57060005
1%
b110 &
1#
#57065005
0#
#57070005
0%
b110000111 =
b10111101011001 B
b10111101010101 A
1#
#57075005
0#
#57080005
1%
b111 &
1#
#57085005
0#
#57090005
0%
b110001000 =
b10111101111000 B
b10111101011100 A
1#
#57095005
0#
#57100005
1%
b1000 &
1#
#57105005
0#
#57110005
0%
b110001001 =
b10111110010111 B
b10111101100100 A
1#
#57115005
0#
#57120005
1%
b1001 &
1#
#57125005
0#
#57130005
0%
b110001010 =
b10111110110110 B
b10111101101101 A
1#
#57135005
0#
#57140005
1%
b1010 &
1#
#57145005
0#
#57150005
0%
b110001011 =
b10111111010101 B
b10111101110111 A
1#
#57155005
0#
#57160005
1%
b1011 &
1#
#57165005
0#
#57170005
0%
b110001100 =
b10111111110100 B
b10111110000010 A
1#
#57175005
0#
#57180005
1%
b1100 &
1#
#57185005
0#
#57190005
0%
b110001101 =
b11000000010011 B
b10111110001110 A
1#
#57195005
0#
#57200005
1%
b1101 &
1#
#57205005
0#
#57210005
0%
b110001110 =
b11000000110010 B
b10111110011011 A
1#
#57215005
0#
#57220005
1%
b1110 &
1#
#57225005
0#
#57230005
0%
b110001111 =
b11000001010001 B
b10111110101001 A
1#
#57235005
0#
#57240005
1%
b1111 &
1#
#57245005
0#
#57250005
0%
b110010000 =
b11000001110000 B
b10111110111000 A
1#
#57255005
0#
#57260005
1%
b10000 &
1#
#57265005
0#
#57270005
0%
b110010001 =
b11000010001111 B
b10111111001000 A
1#
#57275005
0#
#57280005
1%
b10001 &
1#
#57285005
0#
#57290005
0%
b110010010 =
b11000010101110 B
b10111111011001 A
1#
#57295005
0#
#57300005
1%
b10010 &
1#
#57305005
0#
#57310005
0%
b110010011 =
b11000011001101 B
b10111111101011 A
1#
#57315005
0#
#57320005
1%
b10011 &
1#
#57325005
0#
#57330005
0%
b110010100 =
b11000011101100 B
b10111111111110 A
1#
#57335005
0#
#57340005
1%
b10100 &
1#
#57345005
0#
#57350005
0%
b110010101 =
b11000100001011 B
b11000000010010 A
1#
#57355005
0#
#57360005
1%
b10101 &
1#
#57365005
0#
#57370005
0%
b110010110 =
b11000100101010 B
b11000000100111 A
1#
#57375005
0#
#57380005
1%
b10110 &
1#
#57385005
0#
#57390005
0%
b110010111 =
b11000101001001 B
b11000000111101 A
1#
#57395005
0#
#57400005
1%
b10111 &
1#
#57405005
0#
#57410005
0%
b110011000 =
b11000101101000 B
b11000001010100 A
1#
#57415005
0#
#57420005
1%
b11000 &
1#
#57425005
0#
#57430005
0%
b110011001 =
b11000110000111 B
b11000001101100 A
1#
#57435005
0#
#57440005
1%
b11001 &
1#
#57445005
0#
#57450005
0%
b110011010 =
b11000110100110 B
b11000010000101 A
1#
#57455005
0#
#57460005
1%
b11010 &
1#
#57465005
0#
#57470005
0%
b110011011 =
b11000111000101 B
b11000010011111 A
1#
#57475005
0#
#57480005
1%
b11011 &
1#
#57485005
0#
#57490005
0%
b110011100 =
b11000111100100 B
b11000010111010 A
1#
#57495005
0#
#57500005
1%
b11100 &
1#
#57505005
0#
#57510005
0%
b110011101 =
b11001000000011 B
b11000011010110 A
1#
#57515005
0#
#57520005
1%
b11101 &
1#
#57525005
0#
#57530005
0%
b110011110 =
b11001000100010 B
b11000011110011 A
1#
#57535005
0#
#57540005
1%
b11110 &
1#
#57545005
0#
#57550005
0%
b110011111 =
b11001001000001 B
b11000100010001 A
1#
#57555005
0#
#57560005
1%
b11111 &
1#
#57565005
0#
#57570005
0%
b110100000 =
b11001001100000 B
b11000100110000 A
1#
#57575005
0#
#57580005
1%
b100000 &
1#
#57585005
0#
#57590005
0%
b110100001 =
b11001001111111 B
b11000101010000 A
1#
#57595005
0#
#57600005
1%
b100001 &
1#
#57605005
0#
#57610005
0%
b110100010 =
b11001010011110 B
b11000101110001 A
1#
#57615005
0#
#57620005
1%
b100010 &
1#
#57625005
0#
#57630005
0%
b110100011 =
b11001010111101 B
b11000110010011 A
1#
#57635005
0#
#57640005
1%
b100011 &
1#
#57645005
0#
#57650005
0%
b110100100 =
b11001011011100 B
b11000110110110 A
1#
#57655005
0#
#57660005
1%
b100100 &
1#
#57665005
0#
#57670005
0%
b110100101 =
b11001011111011 B
b11000111011010 A
1#
#57675005
0#
#57680005
1%
b100101 &
1#
#57685005
0#
#57690005
0%
b110100110 =
b11001100011010 B
b11000111111111 A
1#
#57695005
0#
#57700005
1%
b100110 &
1#
#57705005
0#
#57710005
0%
b110100111 =
b11001100111001 B
b11001000100101 A
1#
#57715005
0#
#57720005
1%
b100111 &
1#
#57725005
0#
#57730005
0%
b110101000 =
b11001101011000 B
b11001001001100 A
1#
#57735005
0#
#57740005
1%
b101000 &
1#
#57745005
0#
#57750005
0%
b110101001 =
b11001101110111 B
b11001001110100 A
1#
#57755005
0#
#57760005
1%
b101001 &
1#
#57765005
0#
#57770005
0%
b110101010 =
b11001110010110 B
b11001010011101 A
1#
#57775005
0#
#57780005
1%
b101010 &
1#
#57785005
0#
#57790005
0%
b110101011 =
b11001110110101 B
b11001011000111 A
1#
#57795005
0#
#57800005
1%
b101011 &
1#
#57805005
0#
#57810005
0%
b110101100 =
b11001111010100 B
b11001011110010 A
1#
#57815005
0#
#57820005
1%
b101100 &
1#
#57825005
0#
#57830005
0%
b110101101 =
b11001111110011 B
b11001100011110 A
1#
#57835005
0#
#57840005
1%
b101101 &
1#
#57845005
0#
#57850005
0%
b110101110 =
b11010000010010 B
b11001101001011 A
1#
#57855005
0#
#57860005
1%
b101110 &
1#
#57865005
0#
#57870005
0%
b110101111 =
b11010000110001 B
b11001101111001 A
1#
#57875005
0#
#57880005
1%
b101111 &
1#
#57885005
0#
#57890005
0%
b110110000 =
b11010001010000 B
b11001110101000 A
1#
#57895005
0#
#57900005
1%
b110000 &
1#
#57905005
0#
#57910005
0%
b110110001 =
b11010001101111 B
b11001111011000 A
1#
#57915005
0#
#57920005
1%
b110001 &
1#
#57925005
0#
#57930005
0%
b110110010 =
b11010010001110 B
b11010000001001 A
1#
#57935005
0#
#57940005
1%
b110010 &
1#
#57945005
0#
#57950005
0%
b110110011 =
b11010010101101 B
b11010000111011 A
1#
#57955005
0#
#57960005
1%
b110011 &
1#
#57965005
0#
#57970005
0%
b110110100 =
b11010011001100 B
b11010001101110 A
1#
#57975005
0#
#57980005
1%
b110100 &
1#
#57985005
0#
#57990005
0%
b110110101 =
b11010011101011 B
b11010010100010 A
1#
#57995005
0#
#58000005
1%
b110101 &
1#
#58005005
0#
#58010005
0%
b110110110 =
b11010100001010 B
b11010011010111 A
1#
#58015005
0#
#58020005
1%
b110110 &
1#
#58025005
0#
#58030005
0%
b110110111 =
b11010100101001 B
b11010100001101 A
1#
#58035005
0#
#58040005
1%
b110111 &
1#
#58045005
0#
#58050005
0%
b110111000 =
b11010101001000 B
b11010101000100 A
1#
#58055005
0#
#58060005
1%
b111000 &
1#
#58065005
0#
#58070005
0%
b110111001 =
b11010101100111 B
b11010101111100 A
1#
#58075005
0#
#58080005
1%
b111001 &
1#
#58085005
0#
#58090005
0%
b110111010 =
b11010110000110 B
b11010110110101 A
1#
#58095005
0#
#58100005
1%
b111010 &
1#
#58105005
0#
#58110005
0%
b110111011 =
b11010110100101 B
b11010111101111 A
1#
#58115005
0#
#58120005
1%
b111011 &
1#
#58125005
0#
#58130005
0%
b110111100 =
b11010111000100 B
b11011000101010 A
1#
#58135005
0#
#58140005
1%
b111100 &
1#
#58145005
0#
#58150005
0%
b110111101 =
b11010111100011 B
b11011001100110 A
1#
#58155005
0#
#58160005
1%
b111101 &
1#
#58165005
0#
#58170005
0%
b110111110 =
b11011000000010 B
b11011010100011 A
1#
#58175005
0#
#58180005
1%
b111110 &
1#
#58185005
0#
#58190005
0%
b110111111 =
b11011000100001 B
b11011011100001 A
1#
#58195005
0#
#58200005
1%
b111111 &
1#
#58205005
0#
#58210005
0%
b111000000 =
b11011001000000 B
b11011100100000 A
1#
#58215005
0#
#58220005
1%
b0 &
1#
#58225005
0#
#58230005
0%
b111000001 =
b11011001011111 B
1#
#58235005
0#
#58240005
1%
b1 &
1#
#58245005
0#
#58250005
0%
b111000010 =
b11011001111110 B
b11011100100001 A
1#
#58255005
0#
#58260005
1%
b10 &
1#
#58265005
0#
#58270005
0%
b111000011 =
b11011010011101 B
b11011100100011 A
1#
#58275005
0#
#58280005
1%
b11 &
1#
#58285005
0#
#58290005
0%
b111000100 =
b11011010111100 B
b11011100100110 A
1#
#58295005
0#
#58300005
1%
b100 &
1#
#58305005
0#
#58310005
0%
b111000101 =
b11011011011011 B
b11011100101010 A
1#
#58315005
0#
#58320005
1%
b101 &
1#
#58325005
0#
#58330005
0%
b111000110 =
b11011011111010 B
b11011100101111 A
1#
#58335005
0#
#58340005
1%
b110 &
1#
#58345005
0#
#58350005
0%
b111000111 =
b11011100011001 B
b11011100110101 A
1#
#58355005
0#
#58360005
1%
b111 &
1#
#58365005
0#
#58370005
0%
b111001000 =
b11011100111000 B
b11011100111100 A
1#
#58375005
0#
#58380005
1%
b1000 &
1#
#58385005
0#
#58390005
0%
b111001001 =
b11011101010111 B
b11011101000100 A
1#
#58395005
0#
#58400005
1%
b1001 &
1#
#58405005
0#
#58410005
0%
b111001010 =
b11011101110110 B
b11011101001101 A
1#
#58415005
0#
#58420005
1%
b1010 &
1#
#58425005
0#
#58430005
0%
b111001011 =
b11011110010101 B
b11011101010111 A
1#
#58435005
0#
#58440005
1%
b1011 &
1#
#58445005
0#
#58450005
0%
b111001100 =
b11011110110100 B
b11011101100010 A
1#
#58455005
0#
#58460005
1%
b1100 &
1#
#58465005
0#
#58470005
0%
b111001101 =
b11011111010011 B
b11011101101110 A
1#
#58475005
0#
#58480005
1%
b1101 &
1#
#58485005
0#
#58490005
0%
b111001110 =
b11011111110010 B
b11011101111011 A
1#
#58495005
0#
#58500005
1%
b1110 &
1#
#58505005
0#
#58510005
0%
b111001111 =
b11100000010001 B
b11011110001001 A
1#
#58515005
0#
#58520005
1%
b1111 &
1#
#58525005
0#
#58530005
0%
b111010000 =
b11100000110000 B
b11011110011000 A
1#
#58535005
0#
#58540005
1%
b10000 &
1#
#58545005
0#
#58550005
0%
b111010001 =
b11100001001111 B
b11011110101000 A
1#
#58555005
0#
#58560005
1%
b10001 &
1#
#58565005
0#
#58570005
0%
b111010010 =
b11100001101110 B
b11011110111001 A
1#
#58575005
0#
#58580005
1%
b10010 &
1#
#58585005
0#
#58590005
0%
b111010011 =
b11100010001101 B
b11011111001011 A
1#
#58595005
0#
#58600005
1%
b10011 &
1#
#58605005
0#
#58610005
0%
b111010100 =
b11100010101100 B
b11011111011110 A
1#
#58615005
0#
#58620005
1%
b10100 &
1#
#58625005
0#
#58630005
0%
b111010101 =
b11100011001011 B
b11011111110010 A
1#
#58635005
0#
#58640005
1%
b10101 &
1#
#58645005
0#
#58650005
0%
b111010110 =
b11100011101010 B
b11100000000111 A
1#
#58655005
0#
#58660005
1%
b10110 &
1#
#58665005
0#
#58670005
0%
b111010111 =
b11100100001001 B
b11100000011101 A
1#
#58675005
0#
#58680005
1%
b10111 &
1#
#58685005
0#
#58690005
0%
b111011000 =
b11100100101000 B
b11100000110100 A
1#
#58695005
0#
#58700005
1%
b11000 &
1#
#58705005
0#
#58710005
0%
b111011001 =
b11100101000111 B
b11100001001100 A
1#
#58715005
0#
#58720005
1%
b11001 &
1#
#58725005
0#
#58730005
0%
b111011010 =
b11100101100110 B
b11100001100101 A
1#
#58735005
0#
#58740005
1%
b11010 &
1#
#58745005
0#
#58750005
0%
b111011011 =
b11100110000101 B
b11100001111111 A
1#
#58755005
0#
#58760005
1%
b11011 &
1#
#58765005
0#
#58770005
0%
b111011100 =
b11100110100100 B
b11100010011010 A
1#
#58775005
0#
#58780005
1%
b11100 &
1#
#58785005
0#
#58790005
0%
b111011101 =
b11100111000011 B
b11100010110110 A
1#
#58795005
0#
#58800005
1%
b11101 &
1#
#58805005
0#
#58810005
0%
b111011110 =
b11100111100010 B
b11100011010011 A
1#
#58815005
0#
#58820005
1%
b11110 &
1#
#58825005
0#
#58830005
0%
b111011111 =
b11101000000001 B
b11100011110001 A
1#
#58835005
0#
#58840005
1%
b11111 &
1#
#58845005
0#
#58850005
0%
b111100000 =
b11101000100000 B
b11100100010000 A
1#
#58855005
0#
#58860005
1%
b100000 &
1#
#58865005
0#
#58870005
0%
b111100001 =
b11101000111111 B
b11100100110000 A
1#
#58875005
0#
#58880005
1%
b100001 &
1#
#58885005
0#
#58890005
0%
b111100010 =
b11101001011110 B
b11100101010001 A
1#
#58895005
0#
#58900005
1%
b100010 &
1#
#58905005
0#
#58910005
0%
b111100011 =
b11101001111101 B
b11100101110011 A
1#
#58915005
0#
#58920005
1%
b100011 &
1#
#58925005
0#
#58930005
0%
b111100100 =
b11101010011100 B
b11100110010110 A
1#
#58935005
0#
#58940005
1%
b100100 &
1#
#58945005
0#
#58950005
0%
b111100101 =
b11101010111011 B
b11100110111010 A
1#
#58955005
0#
#58960005
1%
b100101 &
1#
#58965005
0#
#58970005
0%
b111100110 =
b11101011011010 B
b11100111011111 A
1#
#58975005
0#
#58980005
1%
b100110 &
1#
#58985005
0#
#58990005
0%
b111100111 =
b11101011111001 B
b11101000000101 A
1#
#58995005
0#
#59000005
1%
b100111 &
1#
#59005005
0#
#59010005
0%
b111101000 =
b11101100011000 B
b11101000101100 A
1#
#59015005
0#
#59020005
1%
b101000 &
1#
#59025005
0#
#59030005
0%
b111101001 =
b11101100110111 B
b11101001010100 A
1#
#59035005
0#
#59040005
1%
b101001 &
1#
#59045005
0#
#59050005
0%
b111101010 =
b11101101010110 B
b11101001111101 A
1#
#59055005
0#
#59060005
1%
b101010 &
1#
#59065005
0#
#59070005
0%
b111101011 =
b11101101110101 B
b11101010100111 A
1#
#59075005
0#
#59080005
1%
b101011 &
1#
#59085005
0#
#59090005
0%
b111101100 =
b11101110010100 B
b11101011010010 A
1#
#59095005
0#
#59100005
1%
b101100 &
1#
#59105005
0#
#59110005
0%
b111101101 =
b11101110110011 B
b11101011111110 A
1#
#59115005
0#
#59120005
1%
b101101 &
1#
#59125005
0#
#59130005
0%
b111101110 =
b11101111010010 B
b11101100101011 A
1#
#59135005
0#
#59140005
1%
b101110 &
1#
#59145005
0#
#59150005
0%
b111101111 =
b11101111110001 B
b11101101011001 A
1#
#59155005
0#
#59160005
1%
b101111 &
1#
#59165005
0#
#59170005
0%
b111110000 =
b11110000010000 B
b11101110001000 A
1#
#59175005
0#
#59180005
1%
b110000 &
1#
#59185005
0#
#59190005
0%
b111110001 =
b11110000101111 B
b11101110111000 A
1#
#59195005
0#
#59200005
1%
b110001 &
1#
#59205005
0#
#59210005
0%
b111110010 =
b11110001001110 B
b11101111101001 A
1#
#59215005
0#
#59220005
1%
b110010 &
1#
#59225005
0#
#59230005
0%
b111110011 =
b11110001101101 B
b11110000011011 A
1#
#59235005
0#
#59240005
1%
b110011 &
1#
#59245005
0#
#59250005
0%
b111110100 =
b11110010001100 B
b11110001001110 A
1#
#59255005
0#
#59260005
1%
b110100 &
1#
#59265005
0#
#59270005
0%
b111110101 =
b11110010101011 B
b11110010000010 A
1#
#59275005
0#
#59280005
1%
b110101 &
1#
#59285005
0#
#59290005
0%
b111110110 =
b11110011001010 B
b11110010110111 A
1#
#59295005
0#
#59300005
1%
b110110 &
1#
#59305005
0#
#59310005
0%
b111110111 =
b11110011101001 B
b11110011101101 A
1#
#59315005
0#
#59320005
1%
b110111 &
1#
#59325005
0#
#59330005
0%
b111111000 =
b11110100001000 B
b11110100100100 A
1#
#59335005
0#
#59340005
1%
b111000 &
1#
#59345005
0#
#59350005
0%
b111111001 =
b11110100100111 B
b11110101011100 A
1#
#59355005
0#
#59360005
1%
b111001 &
1#
#59365005
0#
#59370005
0%
b111111010 =
b11110101000110 B
b11110110010101 A
1#
#59375005
0#
#59380005
1%
b111010 &
1#
#59385005
0#
#59390005
0%
b111111011 =
b11110101100101 B
b11110111001111 A
1#
#59395005
0#
#59400005
1%
b111011 &
1#
#59405005
0#
#59410005
0%
b111111100 =
b11110110000100 B
b11111000001010 A
1#
#59415005
0#
#59420005
1%
b111100 &
1#
#59425005
0#
#59430005
0%
b111111101 =
b11110110100011 B
b11111001000110 A
1#
#59435005
0#
#59440005
1%
b111101 &
1#
#59445005
0#
#59450005
0%
b111111110 =
b11110111000010 B
b11111010000011 A
1#
#59455005
0#
#59460005
1%
b111110 &
1#
#59465005
0#
#59470005
0%
b111111111 =
b11110111100001 B
b11111011000001 A
1#
#59475005
0#
#59480005
1%
b111111 &
1#
#59485005
0#
#59490005
0%
b1000000000 =
b11111000000000 B
b11111100000000 A
1#
#59495005
0#
#59500005
1%
b0 &
1#
#59505005
0#
#59510005
0%
b1000000001 =
b11111000011111 B
1#
#59515005
0#
#59520005
1%
b1 &
1#
#59525005
0#
#59530005
0%
b1000000010 =
b11111000111110 B
b11111100000001 A
1#
#59535005
0#
#59540005
1%
b10 &
1#
#59545005
0#
#59550005
0%
b1000000011 =
b11111001011101 B
b11111100000011 A
1#
#59555005
0#
#59560005
1%
b11 &
1#
#59565005
0#
#59570005
0%
b1000000100 =
b11111001111100 B
b11111100000110 A
1#
#59575005
0#
#59580005
1%
b100 &
1#
#59585005
0#
#59590005
0%
b1000000101 =
b11111010011011 B
b11111100001010 A
1#
#59595005
0#
#59600005
1%
b101 &
1#
#59605005
0#
#59610005
0%
b1000000110 =
b11111010111010 B
b11111100001111 A
1#
#59615005
0#
#59620005
1%
b110 &
1#
#59625005
0#
#59630005
0%
b1000000111 =
b11111011011001 B
b11111100010101 A
1#
#59635005
0#
#59640005
1%
b111 &
1#
#59645005
0#
#59650005
0%
b1000001000 =
b11111011111000 B
b11111100011100 A
1#
#59655005
0#
#59660005
1%
b1000 &
1#
#59665005
0#
#59670005
0%
b1000001001 =
b11111100010111 B
b11111100100100 A
1#
#59675005
0#
#59680005
1%
b1001 &
1#
#59685005
0#
#59690005
0%
b1000001010 =
b11111100110110 B
b11111100101101 A
1#
#59695005
0#
#59700005
1%
b1010 &
1#
#59705005
0#
#59710005
0%
b1000001011 =
b11111101010101 B
b11111100110111 A
1#
#59715005
0#
#59720005
1%
b1011 &
1#
#59725005
0#
#59730005
0%
b1000001100 =
b11111101110100 B
b11111101000010 A
1#
#59735005
0#
#59740005
1%
b1100 &
1#
#59745005
0#
#59750005
0%
b1000001101 =
b11111110010011 B
b11111101001110 A
1#
#59755005
0#
#59760005
1%
b1101 &
1#
#59765005
0#
#59770005
0%
b1000001110 =
b11111110110010 B
b11111101011011 A
1#
#59775005
0#
#59780005
1%
b1110 &
1#
#59785005
0#
#59790005
0%
b1000001111 =
b11111111010001 B
b11111101101001 A
1#
#59795005
0#
#59800005
1%
b1111 &
1#
#59805005
0#
#59810005
0%
b1000010000 =
b11111111110000 B
b11111101111000 A
1#
#59815005
0#
#59820005
1%
b10000 &
1#
#59825005
0#
#59830005
0%
b1000010001 =
b100000000001111 B
b11111110001000 A
1#
#59835005
0#
#59840005
1%
b10001 &
1#
#59845005
0#
#59850005
0%
b1000010010 =
b100000000101110 B
b11111110011001 A
1#
#59855005
0#
#59860005
1%
b10010 &
1#
#59865005
0#
#59870005
0%
b1000010011 =
b100000001001101 B
b11111110101011 A
1#
#59875005
0#
#59880005
1%
b10011 &
1#
#59885005
0#
#59890005
0%
b1000010100 =
b100000001101100 B
b11111110111110 A
1#
#59895005
0#
#59900005
1%
b10100 &
1#
#59905005
0#
#59910005
0%
b1000010101 =
b100000010001011 B
b11111111010010 A
1#
#59915005
0#
#59920005
1%
b10101 &
1#
#59925005
0#
#59930005
0%
b1000010110 =
b100000010101010 B
b11111111100111 A
1#
#59935005
0#
#59940005
1%
b10110 &
1#
#59945005
0#
#59950005
0%
b1000010111 =
b100000011001001 B
b11111111111101 A
1#
#59955005
0#
#59960005
1%
b10111 &
1#
#59965005
0#
#59970005
0%
b1000011000 =
b100000011101000 B
b100000000010100 A
1#
#59975005
0#
#59980005
1%
b11000 &
1#
#59985005
0#
#59990005
0%
b1000011001 =
b100000100000111 B
b100000000101100 A
1#
#59995005
0#
#60000005
1%
b11001 &
1#
#60005005
0#
#60010005
0%
b1000011010 =
b100000100100110 B
b100000001000101 A
1#
#60015005
0#
#60020005
1%
b11010 &
1#
#60025005
0#
#60030005
0%
b1000011011 =
b100000101000101 B
b100000001011111 A
1#
#60035005
0#
#60040005
1%
b11011 &
1#
#60045005
0#
#60050005
0%
b1000011100 =
b100000101100100 B
b100000001111010 A
1#
#60055005
0#
#60060005
1%
b11100 &
1#
#60065005
0#
#60070005
0%
b1000011101 =
b100000110000011 B
b100000010010110 A
1#
#60075005
0#
#60080005
1%
b11101 &
1#
#60085005
0#
#60090005
0%
b1000011110 =
b100000110100010 B
b100000010110011 A
1#
#60095005
0#
#60100005
1%
b11110 &
1#
#60105005
0#
#60110005
0%
b1000011111 =
b100000111000001 B
b100000011010001 A
1#
#60115005
0#
#60120005
1%
b11111 &
1#
#60125005
0#
#60130005
0%
b1000100000 =
b100000111100000 B
b100000011110000 A
1#
#60135005
0#
#60140005
1%
b100000 &
1#
#60145005
0#
#60150005
0%
b1000100001 =
b100000111111111 B
b100000100010000 A
1#
#60155005
0#
#60160005
1%
b100001 &
1#
#60165005
0#
#60170005
0%
b1000100010 =
b100001000011110 B
b100000100110001 A
1#
#60175005
0#
#60180005
1%
b100010 &
1#
#60185005
0#
#60190005
0%
b1000100011 =
b100001000111101 B
b100000101010011 A
1#
#60195005
0#
#60200005
1%
b100011 &
1#
#60205005
0#
#60210005
0%
b1000100100 =
b100001001011100 B
b100000101110110 A
1#
#60215005
0#
#60220005
1%
b100100 &
1#
#60225005
0#
#60230005
0%
b1000100101 =
b100001001111011 B
b100000110011010 A
1#
#60235005
0#
#60240005
1%
b100101 &
1#
#60245005
0#
#60250005
0%
b1000100110 =
b100001010011010 B
b100000110111111 A
1#
#60255005
0#
#60260005
1%
b100110 &
1#
#60265005
0#
#60270005
0%
b1000100111 =
b100001010111001 B
b100000111100101 A
1#
#60275005
0#
#60280005
1%
b100111 &
1#
#60285005
0#
#60290005
0%
b1000101000 =
b100001011011000 B
b100001000001100 A
1#
#60295005
0#
#60300005
1%
b101000 &
1#
#60305005
0#
#60310005
0%
b1000101001 =
b100001011110111 B
b100001000110100 A
1#
#60315005
0#
#60320005
1%
b101001 &
1#
#60325005
0#
#60330005
0%
b1000101010 =
b100001100010110 B
b100001001011101 A
1#
#60335005
0#
#60340005
1%
b101010 &
1#
#60345005
0#
#60350005
0%
b1000101011 =
b100001100110101 B
b100001010000111 A
1#
#60355005
0#
#60360005
1%
b101011 &
1#
#60365005
0#
#60370005
0%
b1000101100 =
b100001101010100 B
b100001010110010 A
1#
#60375005
0#
#60380005
1%
b101100 &
1#
#60385005
0#
#60390005
0%
b1000101101 =
b100001101110011 B
b100001011011110 A
1#
#60395005
0#
#60400005
1%
b101101 &
1#
#60405005
0#
#60410005
0%
b1000101110 =
b100001110010010 B
b100001100001011 A
1#
#60415005
0#
#60420005
1%
b101110 &
1#
#60425005
0#
#60430005
0%
b1000101111 =
b100001110110001 B
b100001100111001 A
1#
#60435005
0#
#60440005
1%
b101111 &
1#
#60445005
0#
#60450005
0%
b1000110000 =
b100001111010000 B
b100001101101000 A
1#
#60455005
0#
#60460005
1%
b110000 &
1#
#60465005
0#
#60470005
0%
b1000110001 =
b100001111101111 B
b100001110011000 A
1#
#60475005
0#
#60480005
1%
b110001 &
1#
#60485005
0#
#60490005
0%
b1000110010 =
b100010000001110 B
b100001111001001 A
1#
#60495005
0#
#60500005
1%
b110010 &
1#
#60505005
0#
#60510005
0%
b1000110011 =
b100010000101101 B
b100001111111011 A
1#
#60515005
0#
#60520005
1%
b110011 &
1#
#60525005
0#
#60530005
0%
b1000110100 =
b100010001001100 B
b100010000101110 A
1#
#60535005
0#
#60540005
1%
b110100 &
1#
#60545005
0#
#60550005
0%
b1000110101 =
b100010001101011 B
b100010001100010 A
1#
#60555005
0#
#60560005
1%
b110101 &
1#
#60565005
0#
#60570005
0%
b1000110110 =
b100010010001010 B
b100010010010111 A
1#
#60575005
0#
#60580005
1%
b110110 &
1#
#60585005
0#
#60590005
0%
b1000110111 =
b100010010101001 B
b100010011001101 A
1#
#60595005
0#
#60600005
1%
b110111 &
1#
#60605005
0#
#60610005
0%
b1000111000 =
b100010011001000 B
b100010100000100 A
1#
#60615005
0#
#60620005
1%
b111000 &
1#
#60625005
0#
#60630005
0%
b1000111001 =
b100010011100111 B
b100010100111100 A
1#
#60635005
0#
#60640005
1%
b111001 &
1#
#60645005
0#
#60650005
0%
b1000111010 =
b100010100000110 B
b100010101110101 A
1#
#60655005
0#
#60660005
1%
b111010 &
1#
#60665005
0#
#60670005
0%
b1000111011 =
b100010100100101 B
b100010110101111 A
1#
#60675005
0#
#60680005
1%
b111011 &
1#
#60685005
0#
#60690005
0%
b1000111100 =
b100010101000100 B
b100010111101010 A
1#
#60695005
0#
#60700005
1%
b111100 &
1#
#60705005
0#
#60710005
0%
b1000111101 =
b100010101100011 B
b100011000100110 A
1#
#60715005
0#
#60720005
1%
b111101 &
1#
#60725005
0#
#60730005
0%
b1000111110 =
b100010110000010 B
b100011001100011 A
1#
#60735005
0#
#60740005
1%
b111110 &
1#
#60745005
0#
#60750005
0%
b1000111111 =
b100010110100001 B
b100011010100001 A
1#
#60755005
0#
#60760005
1%
b111111 &
1#
#60765005
0#
#60770005
0%
b1001000000 =
b100010111000000 B
b100011011100000 A
1#
#60775005
0#
#60780005
1%
b0 &
1#
#60785005
0#
#60790005
0%
b1001000001 =
b100010111011111 B
1#
#60795005
0#
#60800005
1%
b1 &
1#
#60805005
0#
#60810005
0%
b1001000010 =
b100010111111110 B
b100011011100001 A
1#
#60815005
0#
#60820005
1%
b10 &
1#
#60825005
0#
#60830005
0%
b1001000011 =
b100011000011101 B
b100011011100011 A
1#
#60835005
0#
#60840005
1%
b11 &
1#
#60845005
0#
#60850005
0%
b1001000100 =
b100011000111100 B
b100011011100110 A
1#
#60855005
0#
#60860005
1%
b100 &
1#
#60865005
0#
#60870005
0%
b1001000101 =
b100011001011011 B
b100011011101010 A
1#
#60875005
0#
#60880005
1%
b101 &
1#
#60885005
0#
#60890005
0%
b1001000110 =
b100011001111010 B
b100011011101111 A
1#
#60895005
0#
#60900005
1%
b110 &
1#
#60905005
0#
#60910005
0%
b1001000111 =
b100011010011001 B
b100011011110101 A
1#
#60915005
0#
#60920005
1%
b111 &
1#
#60925005
0#
#60930005
0%
b1001001000 =
b100011010111000 B
b100011011111100 A
1#
#60935005
0#
#60940005
1%
b1000 &
1#
#60945005
0#
#60950005
0%
b1001001001 =
b100011011010111 B
b100011100000100 A
1#
#60955005
0#
#60960005
1%
b1001 &
1#
#60965005
0#
#60970005
0%
b1001001010 =
b100011011110110 B
b100011100001101 A
1#
#60975005
0#
#60980005
1%
b1010 &
1#
#60985005
0#
#60990005
0%
b1001001011 =
b100011100010101 B
b100011100010111 A
1#
#60995005
0#
#61000005
1%
b1011 &
1#
#61005005
0#
#61010005
0%
b1001001100 =
b100011100110100 B
b100011100100010 A
1#
#61015005
0#
#61020005
1%
b1100 &
1#
#61025005
0#
#61030005
0%
b1001001101 =
b100011101010011 B
b100011100101110 A
1#
#61035005
0#
#61040005
1%
b1101 &
1#
#61045005
0#
#61050005
0%
b1001001110 =
b100011101110010 B
b100011100111011 A
1#
#61055005
0#
#61060005
1%
b1110 &
1#
#61065005
0#
#61070005
0%
b1001001111 =
b100011110010001 B
b100011101001001 A
1#
#61075005
0#
#61080005
1%
b1111 &
1#
#61085005
0#
#61090005
0%
b1001010000 =
b100011110110000 B
b100011101011000 A
1#
#61095005
0#
#61100005
1%
b10000 &
1#
#61105005
0#
#61110005
0%
b1001010001 =
b100011111001111 B
b100011101101000 A
1#
#61115005
0#
#61120005
1%
b10001 &
1#
#61125005
0#
#61130005
0%
b1001010010 =
b100011111101110 B
b100011101111001 A
1#
#61135005
0#
#61140005
1%
b10010 &
1#
#61145005
0#
#61150005
0%
b1001010011 =
b100100000001101 B
b100011110001011 A
1#
#61155005
0#
#61160005
1%
b10011 &
1#
#61165005
0#
#61170005
0%
b1001010100 =
b100100000101100 B
b100011110011110 A
1#
#61175005
0#
#61180005
1%
b10100 &
1#
#61185005
0#
#61190005
0%
b1001010101 =
b100100001001011 B
b100011110110010 A
1#
#61195005
0#
#61200005
1%
b10101 &
1#
#61205005
0#
#61210005
0%
b1001010110 =
b100100001101010 B
b100011111000111 A
1#
#61215005
0#
#61220005
1%
b10110 &
1#
#61225005
0#
#61230005
0%
b1001010111 =
b100100010001001 B
b100011111011101 A
1#
#61235005
0#
#61240005
1%
b10111 &
1#
#61245005
0#
#61250005
0%
b1001011000 =
b100100010101000 B
b100011111110100 A
1#
#61255005
0#
#61260005
1%
b11000 &
1#
#61265005
0#
#61270005
0%
b1001011001 =
b100100011000111 B
b100100000001100 A
1#
#61275005
0#
#61280005
1%
b11001 &
1#
#61285005
0#
#61290005
0%
b1001011010 =
b100100011100110 B
b100100000100101 A
1#
#61295005
0#
#61300005
1%
b11010 &
1#
#61305005
0#
#61310005
0%
b1001011011 =
b100100100000101 B
b100100000111111 A
1#
#61315005
0#
#61320005
1%
b11011 &
1#
#61325005
0#
#61330005
0%
b1001011100 =
b100100100100100 B
b100100001011010 A
1#
#61335005
0#
#61340005
1%
b11100 &
1#
#61345005
0#
#61350005
0%
b1001011101 =
b100100101000011 B
b100100001110110 A
1#
#61355005
0#
#61360005
1%
b11101 &
1#
#61365005
0#
#61370005
0%
b1001011110 =
b100100101100010 B
b100100010010011 A
1#
#61375005
0#
#61380005
1%
b11110 &
1#
#61385005
0#
#61390005
0%
b1001011111 =
b100100110000001 B
b100100010110001 A
1#
#61395005
0#
#61400005
1%
b11111 &
1#
#61405005
0#
#61410005
0%
b1001100000 =
b100100110100000 B
b100100011010000 A
1#
#61415005
0#
#61420005
1%
b100000 &
1#
#61425005
0#
#61430005
0%
b1001100001 =
b100100110111111 B
b100100011110000 A
1#
#61435005
0#
#61440005
1%
b100001 &
1#
#61445005
0#
#61450005
0%
b1001100010 =
b100100111011110 B
b100100100010001 A
1#
#61455005
0#
#61460005
1%
b100010 &
1#
#61465005
0#
#61470005
0%
b1001100011 =
b100100111111101 B
b100100100110011 A
1#
#61475005
0#
#61480005
1%
b100011 &
1#
#61485005
0#
#61490005
0%
b1001100100 =
b100101000011100 B
b100100101010110 A
1#
#61495005
0#
#61500005
1%
b100100 &
1#
#61505005
0#
#61510005
0%
b1001100101 =
b100101000111011 B
b100100101111010 A
1#
#61515005
0#
#61520005
1%
b100101 &
1#
#61525005
0#
#61530005
0%
b1001100110 =
b100101001011010 B
b100100110011111 A
1#
#61535005
0#
#61540005
1%
b100110 &
1#
#61545005
0#
#61550005
0%
b1001100111 =
b100101001111001 B
b100100111000101 A
1#
#61555005
0#
#61560005
1%
b100111 &
1#
#61565005
0#
#61570005
0%
b1001101000 =
b100101010011000 B
b100100111101100 A
1#
#61575005
0#
#61580005
1%
b101000 &
1#
#61585005
0#
#61590005
0%
b1001101001 =
b100101010110111 B
b100101000010100 A
1#
#61595005
0#
#61600005
1%
b101001 &
1#
#61605005
0#
#61610005
0%
b1001101010 =
b100101011010110 B
b100101000111101 A
1#
#61615005
0#
#61620005
1%
b101010 &
1#
#61625005
0#
#61630005
0%
b1001101011 =
b100101011110101 B
b100101001100111 A
1#
#61635005
0#
#61640005
1%
b101011 &
1#
#61645005
0#
#61650005
0%
b1001101100 =
b100101100010100 B
b100101010010010 A
1#
#61655005
0#
#61660005
1%
b101100 &
1#
#61665005
0#
#61670005
0%
b1001101101 =
b100101100110011 B
b100101010111110 A
1#
#61675005
0#
#61680005
1%
b101101 &
1#
#61685005
0#
#61690005
0%
b1001101110 =
b100101101010010 B
b100101011101011 A
1#
#61695005
0#
#61700005
1%
b101110 &
1#
#61705005
0#
#61710005
0%
b1001101111 =
b100101101110001 B
b100101100011001 A
1#
#61715005
0#
#61720005
1%
b101111 &
1#
#61725005
0#
#61730005
0%
b1001110000 =
b100101110010000 B
b100101101001000 A
1#
#61735005
0#
#61740005
1%
b110000 &
1#
#61745005
0#
#61750005
0%
b1001110001 =
b100101110101111 B
b100101101111000 A
1#
#61755005
0#
#61760005
1%
b110001 &
1#
#61765005
0#
#61770005
0%
b1001110010 =
b100101111001110 B
b100101110101001 A
1#
#61775005
0#
#61780005
1%
b110010 &
1#
#61785005
0#
#61790005
0%
b1001110011 =
b100101111101101 B
b100101111011011 A
1#
#61795005
0#
#61800005
1%
b110011 &
1#
#61805005
0#
#61810005
0%
b1001110100 =
b100110000001100 B
b100110000001110 A
1#
#61815005
0#
#61820005
1%
b110100 &
1#
#61825005
0#
#61830005
0%
b1001110101 =
b100110000101011 B
b100110001000010 A
1#
#61835005
0#
#61840005
1%
b110101 &
1#
#61845005
0#
#61850005
0%
b1001110110 =
b100110001001010 B
b100110001110111 A
1#
#61855005
0#
#61860005
1%
b110110 &
1#
#61865005
0#
#61870005
0%
b1001110111 =
b100110001101001 B
b100110010101101 A
1#
#61875005
0#
#61880005
1%
b110111 &
1#
#61885005
0#
#61890005
0%
b1001111000 =
b100110010001000 B
b100110011100100 A
1#
#61895005
0#
#61900005
1%
b111000 &
1#
#61905005
0#
#61910005
0%
b1001111001 =
b100110010100111 B
b100110100011100 A
1#
#61915005
0#
#61920005
1%
b111001 &
1#
#61925005
0#
#61930005
0%
b1001111010 =
b100110011000110 B
b100110101010101 A
1#
#61935005
0#
#61940005
1%
b111010 &
1#
#61945005
0#
#61950005
0%
b1001111011 =
b100110011100101 B
b100110110001111 A
1#
#61955005
0#
#61960005
1%
b111011 &
1#
#61965005
0#
#61970005
0%
b1001111100 =
b100110100000100 B
b100110111001010 A
1#
#61975005
0#
#61980005
1%
b111100 &
1#
#61985005
0#
#61990005
0%
b1001111101 =
b100110100100011 B
b100111000000110 A
1#
#61995005
0#
#62000005
1%
b111101 &
1#
#62005005
0#
#62010005
0%
b1001111110 =
b100110101000010 B
b100111001000011 A
1#
#62015005
0#
#62020005
1%
b111110 &
1#
#62025005
0#
#62030005
0%
b1001111111 =
b100110101100001 B
b100111010000001 A
1#
#62035005
0#
#62040005
1%
b111111 &
1#
#62045005
0#
#62050005
0%
b1010000000 =
b100110110000000 B
b100111011000000 A
1#
#62055005
0#
#62060005
1%
b0 &
1#
#62065005
0#
#62070005
0%
b1010000001 =
b100110110011111 B
1#
#62075005
0#
#62080005
1%
b1 &
1#
#62085005
0#
#62090005
0%
b1010000010 =
b100110110111110 B
b100111011000001 A
1#
#62095005
0#
#62100005
1%
b10 &
1#
#62105005
0#
#62110005
0%
b1010000011 =
b100110111011101 B
b100111011000011 A
1#
#62115005
0#
#62120005
1%
b11 &
1#
#62125005
0#
#62130005
0%
b1010000100 =
b100110111111100 B
b100111011000110 A
1#
#62135005
0#
#62140005
1%
b100 &
1#
#62145005
0#
#62150005
0%
b1010000101 =
b100111000011011 B
b100111011001010 A
1#
#62155005
0#
#62160005
1%
b101 &
1#
#62165005
0#
#62170005
0%
b1010000110 =
b100111000111010 B
b100111011001111 A
1#
#62175005
0#
#62180005
1%
b110 &
1#
#62185005
0#
#62190005
0%
b1010000111 =
b100111001011001 B
b100111011010101 A
1#
#62195005
0#
#62200005
1%
b111 &
1#
#62205005
0#
#62210005
0%
b1010001000 =
b100111001111000 B
b100111011011100 A
1#
#62215005
0#
#62220005
1%
b1000 &
1#
#62225005
0#
#62230005
0%
b1010001001 =
b100111010010111 B
b100111011100100 A
1#
#62235005
0#
#62240005
1%
b1001 &
1#
#62245005
0#
#62250005
0%
b1010001010 =
b100111010110110 B
b100111011101101 A
1#
#62255005
0#
#62260005
1%
b1010 &
1#
#62265005
0#
#62270005
0%
b1010001011 =
b100111011010101 B
b100111011110111 A
1#
#62275005
0#
#62280005
1%
b1011 &
1#
#62285005
0#
#62290005
0%
b1010001100 =
b100111011110100 B
b100111100000010 A
1#
#62295005
0#
#62300005
1%
b1100 &
1#
#62305005
0#
#62310005
0%
b1010001101 =
b100111100010011 B
b100111100001110 A
1#
#62315005
0#
#62320005
1%
b1101 &
1#
#62325005
0#
#62330005
0%
b1010001110 =
b100111100110010 B
b100111100011011 A
1#
#62335005
0#
#62340005
1%
b1110 &
1#
#62345005
0#
#62350005
0%
b1010001111 =
b100111101010001 B
b100111100101001 A
1#
#62355005
0#
#62360005
1%
b1111 &
1#
#62365005
0#
#62370005
0%
b1010010000 =
b100111101110000 B
b100111100111000 A
1#
#62375005
0#
#62380005
1%
b10000 &
1#
#62385005
0#
#62390005
0%
b1010010001 =
b100111110001111 B
b100111101001000 A
1#
#62395005
0#
#62400005
1%
b10001 &
1#
#62405005
0#
#62410005
0%
b1010010010 =
b100111110101110 B
b100111101011001 A
1#
#62415005
0#
#62420005
1%
b10010 &
1#
#62425005
0#
#62430005
0%
b1010010011 =
b100111111001101 B
b100111101101011 A
1#
#62435005
0#
#62440005
1%
b10011 &
1#
#62445005
0#
#62450005
0%
b1010010100 =
b100111111101100 B
b100111101111110 A
1#
#62455005
0#
#62460005
1%
b10100 &
1#
#62465005
0#
#62470005
0%
b1010010101 =
b101000000001011 B
b100111110010010 A
1#
#62475005
0#
#62480005
1%
b10101 &
1#
#62485005
0#
#62490005
0%
b1010010110 =
b101000000101010 B
b100111110100111 A
1#
#62495005
0#
#62500005
1%
b10110 &
1#
#62505005
0#
#62510005
0%
b1010010111 =
b101000001001001 B
b100111110111101 A
1#
#62515005
0#
#62520005
1%
b10111 &
1#
#62525005
0#
#62530005
0%
b1010011000 =
b101000001101000 B
b100111111010100 A
1#
#62535005
0#
#62540005
1%
b11000 &
1#
#62545005
0#
#62550005
0%
b1010011001 =
b101000010000111 B
b100111111101100 A
1#
#62555005
0#
#62560005
1%
b11001 &
1#
#62565005
0#
#62570005
0%
b1010011010 =
b101000010100110 B
b101000000000101 A
1#
#62575005
0#
#62580005
1%
b11010 &
1#
#62585005
0#
#62590005
0%
b1010011011 =
b101000011000101 B
b101000000011111 A
1#
#62595005
0#
#62600005
1%
b11011 &
1#
#62605005
0#
#62610005
0%
b1010011100 =
b101000011100100 B
b101000000111010 A
1#
#62615005
0#
#62620005
1%
b11100 &
1#
#62625005
0#
#62630005
0%
b1010011101 =
b101000100000011 B
b101000001010110 A
1#
#62635005
0#
#62640005
1%
b11101 &
1#
#62645005
0#
#62650005
0%
b1010011110 =
b101000100100010 B
b101000001110011 A
1#
#62655005
0#
#62660005
1%
b11110 &
1#
#62665005
0#
#62670005
0%
b1010011111 =
b101000101000001 B
b101000010010001 A
1#
#62675005
0#
#62680005
1%
b11111 &
1#
#62685005
0#
#62690005
0%
b1010100000 =
b101000101100000 B
b101000010110000 A
1#
#62695005
0#
#62700005
1%
b100000 &
1#
#62705005
0#
#62710005
0%
b1010100001 =
b101000101111111 B
b101000011010000 A
1#
#62715005
0#
#62720005
1%
b100001 &
1#
#62725005
0#
#62730005
0%
b1010100010 =
b101000110011110 B
b101000011110001 A
1#
#62735005
0#
#62740005
1%
b100010 &
1#
#62745005
0#
#62750005
0%
b1010100011 =
b101000110111101 B
b101000100010011 A
1#
#62755005
0#
#62760005
1%
b100011 &
1#
#62765005
0#
#62770005
0%
b1010100100 =
b101000111011100 B
b101000100110110 A
1#
#62775005
0#
#62780005
1%
b100100 &
1#
#62785005
0#
#62790005
0%
b1010100101 =
b101000111111011 B
b101000101011010 A
1#
#62795005
0#
#62800005
1%
b100101 &
1#
#62805005
0#
#62810005
0%
b1010100110 =
b101001000011010 B
b101000101111111 A
1#
#62815005
0#
#62820005
1%
b100110 &
1#
#62825005
0#
#62830005
0%
b1010100111 =
b101001000111001 B
b101000110100101 A
1#
#62835005
0#
#62840005
1%
b100111 &
1#
#62845005
0#
#62850005
0%
b1010101000 =
b101001001011000 B
b101000111001100 A
1#
#62855005
0#
#62860005
1%
b101000 &
1#
#62865005
0#
#62870005
0%
b1010101001 =
b101001001110111 B
b101000111110100 A
1#
#62875005
0#
#62880005
1%
b101001 &
1#
#62885005
0#
#62890005
0%
b1010101010 =
b101001010010110 B
b101001000011101 A
1#
#62895005
0#
#62900005
1%
b101010 &
1#
#62905005
0#
#62910005
0%
b1010101011 =
b101001010110101 B
b101001001000111 A
1#
#62915005
0#
#62920005
1%
b101011 &
1#
#62925005
0#
#62930005
0%
b1010101100 =
b101001011010100 B
b101001001110010 A
1#
#62935005
0#
#62940005
1%
b101100 &
1#
#62945005
0#
#62950005
0%
b1010101101 =
b101001011110011 B
b101001010011110 A
1#
#62955005
0#
#62960005
1%
b101101 &
1#
#62965005
0#
#62970005
0%
b1010101110 =
b101001100010010 B
b101001011001011 A
1#
#62975005
0#
#62980005
1%
b101110 &
1#
#62985005
0#
#62990005
0%
b1010101111 =
b101001100110001 B
b101001011111001 A
1#
#62995005
0#
#63000005
1%
b101111 &
1#
#63005005
0#
#63010005
0%
b1010110000 =
b101001101010000 B
b101001100101000 A
1#
#63015005
0#
#63020005
1%
b110000 &
1#
#63025005
0#
#63030005
0%
b1010110001 =
b101001101101111 B
b101001101011000 A
1#
#63035005
0#
#63040005
1%
b110001 &
1#
#63045005
0#
#63050005
0%
b1010110010 =
b101001110001110 B
b101001110001001 A
1#
#63055005
0#
#63060005
1%
b110010 &
1#
#63065005
0#
#63070005
0%
b1010110011 =
b101001110101101 B
b101001110111011 A
1#
#63075005
0#
#63080005
1%
b110011 &
1#
#63085005
0#
#63090005
0%
b1010110100 =
b101001111001100 B
b101001111101110 A
1#
#63095005
0#
#63100005
1%
b110100 &
1#
#63105005
0#
#63110005
0%
b1010110101 =
b101001111101011 B
b101010000100010 A
1#
#63115005
0#
#63120005
1%
b110101 &
1#
#63125005
0#
#63130005
0%
b1010110110 =
b101010000001010 B
b101010001010111 A
1#
#63135005
0#
#63140005
1%
b110110 &
1#
#63145005
0#
#63150005
0%
b1010110111 =
b101010000101001 B
b101010010001101 A
1#
#63155005
0#
#63160005
1%
b110111 &
1#
#63165005
0#
#63170005
0%
b1010111000 =
b101010001001000 B
b101010011000100 A
1#
#63175005
0#
#63180005
1%
b111000 &
1#
#63185005
0#
#63190005
0%
b1010111001 =
b101010001100111 B
b101010011111100 A
1#
#63195005
0#
#63200005
1%
b111001 &
1#
#63205005
0#
#63210005
0%
b1010111010 =
b101010010000110 B
b101010100110101 A
1#
#63215005
0#
#63220005
1%
b111010 &
1#
#63225005
0#
#63230005
0%
b1010111011 =
b101010010100101 B
b101010101101111 A
1#
#63235005
0#
#63240005
1%
b111011 &
1#
#63245005
0#
#63250005
0%
b1010111100 =
b101010011000100 B
b101010110101010 A
1#
#63255005
0#
#63260005
1%
b111100 &
1#
#63265005
0#
#63270005
0%
b1010111101 =
b101010011100011 B
b101010111100110 A
1#
#63275005
0#
#63280005
1%
b111101 &
1#
#63285005
0#
#63290005
0%
b1010111110 =
b101010100000010 B
b101011000100011 A
1#
#63295005
0#
#63300005
1%
b111110 &
1#
#63305005
0#
#63310005
0%
b1010111111 =
b101010100100001 B
b101011001100001 A
1#
#63315005
0#
#63320005
1%
b111111 &
1#
#63325005
0#
#63330005
0%
b1011000000 =
b101010101000000 B
b101011010100000 A
1#
#63335005
0#
#63340005
1%
b0 &
1#
#63345005
0#
#63350005
0%
b1011000001 =
b101010101011111 B
1#
#63355005
0#
#63360005
1%
b1 &
1#
#63365005
0#
#63370005
0%
b1011000010 =
b101010101111110 B
b101011010100001 A
1#
#63375005
0#
#63380005
1%
b10 &
1#
#63385005
0#
#63390005
0%
b1011000011 =
b101010110011101 B
b101011010100011 A
1#
#63395005
0#
#63400005
1%
b11 &
1#
#63405005
0#
#63410005
0%
b1011000100 =
b101010110111100 B
b101011010100110 A
1#
#63415005
0#
#63420005
1%
b100 &
1#
#63425005
0#
#63430005
0%
b1011000101 =
b101010111011011 B
b101011010101010 A
1#
#63435005
0#
#63440005
1%
b101 &
1#
#63445005
0#
#63450005
0%
b1011000110 =
b101010111111010 B
b101011010101111 A
1#
#63455005
0#
#63460005
1%
b110 &
1#
#63465005
0#
#63470005
0%
b1011000111 =
b101011000011001 B
b101011010110101 A
1#
#63475005
0#
#63480005
1%
b111 &
1#
#63485005
0#
#63490005
0%
b1011001000 =
b101011000111000 B
b101011010111100 A
1#
#63495005
0#
#63500005
1%
b1000 &
1#
#63505005
0#
#63510005
0%
b1011001001 =
b101011001010111 B
b101011011000100 A
1#
#63515005
0#
#63520005
1%
b1001 &
1#
#63525005
0#
#63530005
0%
b1011001010 =
b101011001110110 B
b101011011001101 A
1#
#63535005
0#
#63540005
1%
b1010 &
1#
#63545005
0#
#63550005
0%
b1011001011 =
b101011010010101 B
b101011011010111 A
1#
#63555005
0#
#63560005
1%
b1011 &
1#
#63565005
0#
#63570005
0%
b1011001100 =
b101011010110100 B
b101011011100010 A
1#
#63575005
0#
#63580005
1%
b1100 &
1#
#63585005
0#
#63590005
0%
b1011001101 =
b101011011010011 B
b101011011101110 A
1#
#63595005
0#
#63600005
1%
b1101 &
1#
#63605005
0#
#63610005
0%
b1011001110 =
b101011011110010 B
b101011011111011 A
1#
#63615005
0#
#63620005
1%
b1110 &
1#
#63625005
0#
#63630005
0%
b1011001111 =
b101011100010001 B
b101011100001001 A
1#
#63635005
0#
#63640005
1%
b1111 &
1#
#63645005
0#
#63650005
0%
b1011010000 =
b101011100110000 B
b101011100011000 A
1#
#63655005
0#
#63660005
1%
b10000 &
1#
#63665005
0#
#63670005
0%
b1011010001 =
b101011101001111 B
b101011100101000 A
1#
#63675005
0#
#63680005
1%
b10001 &
1#
#63685005
0#
#63690005
0%
b1011010010 =
b101011101101110 B
b101011100111001 A
1#
#63695005
0#
#63700005
1%
b10010 &
1#
#63705005
0#
#63710005
0%
b1011010011 =
b101011110001101 B
b101011101001011 A
1#
#63715005
0#
#63720005
1%
b10011 &
1#
#63725005
0#
#63730005
0%
b1011010100 =
b101011110101100 B
b101011101011110 A
1#
#63735005
0#
#63740005
1%
b10100 &
1#
#63745005
0#
#63750005
0%
b1011010101 =
b101011111001011 B
b101011101110010 A
1#
#63755005
0#
#63760005
1%
b10101 &
1#
#63765005
0#
#63770005
0%
b1011010110 =
b101011111101010 B
b101011110000111 A
1#
#63775005
0#
#63780005
1%
b10110 &
1#
#63785005
0#
#63790005
0%
b1011010111 =
b101100000001001 B
b101011110011101 A
1#
#63795005
0#
#63800005
1%
b10111 &
1#
#63805005
0#
#63810005
0%
b1011011000 =
b101100000101000 B
b101011110110100 A
1#
#63815005
0#
#63820005
1%
b11000 &
1#
#63825005
0#
#63830005
0%
b1011011001 =
b101100001000111 B
b101011111001100 A
1#
#63835005
0#
#63840005
1%
b11001 &
1#
#63845005
0#
#63850005
0%
b1011011010 =
b101100001100110 B
b101011111100101 A
1#
#63855005
0#
#63860005
1%
b11010 &
1#
#63865005
0#
#63870005
0%
b1011011011 =
b101100010000101 B
b101011111111111 A
1#
#63875005
0#
#63880005
1%
b11011 &
1#
#63885005
0#
#63890005
0%
b1011011100 =
b101100010100100 B
b101100000011010 A
1#
#63895005
0#
#63900005
1%
b11100 &
1#
#63905005
0#
#63910005
0%
b1011011101 =
b101100011000011 B
b101100000110110 A
1#
#63915005
0#
#63920005
1%
b11101 &
1#
#63925005
0#
#63930005
0%
b1011011110 =
b101100011100010 B
b101100001010011 A
1#
#63935005
0#
#63940005
1%
b11110 &
1#
#63945005
0#
#63950005
0%
b1011011111 =
b101100100000001 B
b101100001110001 A
1#
#63955005
0#
#63960005
1%
b11111 &
1#
#63965005
0#
#63970005
0%
b1011100000 =
b101100100100000 B
b101100010010000 A
1#
#63975005
0#
#63980005
1%
b100000 &
1#
#63985005
0#
#63990005
0%
b1011100001 =
b101100100111111 B
b101100010110000 A
1#
#63995005
0#
#64000005
1%
b100001 &
1#
#64005005
0#
#64010005
0%
b1011100010 =
b101100101011110 B
b101100011010001 A
1#
#64015005
0#
#64020005
1%
b100010 &
1#
#64025005
0#
#64030005
0%
b1011100011 =
b101100101111101 B
b101100011110011 A
1#
#64035005
0#
#64040005
1%
b100011 &
1#
#64045005
0#
#64050005
0%
b1011100100 =
b101100110011100 B
b101100100010110 A
1#
#64055005
0#
#64060005
1%
b100100 &
1#
#64065005
0#
#64070005
0%
b1011100101 =
b101100110111011 B
b101100100111010 A
1#
#64075005
0#
#64080005
1%
b100101 &
1#
#64085005
0#
#64090005
0%
b1011100110 =
b101100111011010 B
b101100101011111 A
1#
#64095005
0#
#64100005
1%
b100110 &
1#
#64105005
0#
#64110005
0%
b1011100111 =
b101100111111001 B
b101100110000101 A
1#
#64115005
0#
#64120005
1%
b100111 &
1#
#64125005
0#
#64130005
0%
b1011101000 =
b101101000011000 B
b101100110101100 A
1#
#64135005
0#
#64140005
1%
b101000 &
1#
#64145005
0#
#64150005
0%
b1011101001 =
b101101000110111 B
b101100111010100 A
1#
#64155005
0#
#64160005
1%
b101001 &
1#
#64165005
0#
#64170005
0%
b1011101010 =
b101101001010110 B
b101100111111101 A
1#
#64175005
0#
#64180005
1%
b101010 &
1#
#64185005
0#
#64190005
0%
b1011101011 =
b101101001110101 B
b101101000100111 A
1#
#64195005
0#
#64200005
1%
b101011 &
1#
#64205005
0#
#64210005
0%
b1011101100 =
b101101010010100 B
b101101001010010 A
1#
#64215005
0#
#64220005
1%
b101100 &
1#
#64225005
0#
#64230005
0%
b1011101101 =
b101101010110011 B
b101101001111110 A
1#
#64235005
0#
#64240005
1%
b101101 &
1#
#64245005
0#
#64250005
0%
b1011101110 =
b101101011010010 B
b101101010101011 A
1#
#64255005
0#
#64260005
1%
b101110 &
1#
#64265005
0#
#64270005
0%
b1011101111 =
b101101011110001 B
b101101011011001 A
1#
#64275005
0#
#64280005
1%
b101111 &
1#
#64285005
0#
#64290005
0%
b1011110000 =
b101101100010000 B
b101101100001000 A
1#
#64295005
0#
#64300005
1%
b110000 &
1#
#64305005
0#
#64310005
0%
b1011110001 =
b101101100101111 B
b101101100111000 A
1#
#64315005
0#
#64320005
1%
b110001 &
1#
#64325005
0#
#64330005
0%
b1011110010 =
b101101101001110 B
b101101101101001 A
1#
#64335005
0#
#64340005
1%
b110010 &
1#
#64345005
0#
#64350005
0%
b1011110011 =
b101101101101101 B
b101101110011011 A
1#
#64355005
0#
#64360005
1%
b110011 &
1#
#64365005
0#
#64370005
0%
b1011110100 =
b101101110001100 B
b101101111001110 A
1#
#64375005
0#
#64380005
1%
b110100 &
1#
#64385005
0#
#64390005
0%
b1011110101 =
b101101110101011 B
b101110000000010 A
1#
#64395005
0#
#64400005
1%
b110101 &
1#
#64405005
0#
#64410005
0%
b1011110110 =
b101101111001010 B
b101110000110111 A
1#
#64415005
0#
#64420005
1%
b110110 &
1#
#64425005
0#
#64430005
0%
b1011110111 =
b101101111101001 B
b101110001101101 A
1#
#64435005
0#
#64440005
1%
b110111 &
1#
#64445005
0#
#64450005
0%
b1011111000 =
b101110000001000 B
b101110010100100 A
1#
#64455005
0#
#64460005
1%
b111000 &
1#
#64465005
0#
#64470005
0%
b1011111001 =
b101110000100111 B
b101110011011100 A
1#
#64475005
0#
#64480005
1%
b111001 &
1#
#64485005
0#
#64490005
0%
b1011111010 =
b101110001000110 B
b101110100010101 A
1#
#64495005
0#
#64500005
1%
b111010 &
1#
#64505005
0#
#64510005
0%
b1011111011 =
b101110001100101 B
b101110101001111 A
1#
#64515005
0#
#64520005
1%
b111011 &
1#
#64525005
0#
#64530005
0%
b1011111100 =
b101110010000100 B
b101110110001010 A
1#
#64535005
0#
#64540005
1%
b111100 &
1#
#64545005
0#
#64550005
0%
b1011111101 =
b101110010100011 B
b101110111000110 A
1#
#64555005
0#
#64560005
1%
b111101 &
1#
#64565005
0#
#64570005
0%
b1011111110 =
b101110011000010 B
b101111000000011 A
1#
#64575005
0#
#64580005
1%
b111110 &
1#
#64585005
0#
#64590005
0%
b1011111111 =
b101110011100001 B
b101111001000001 A
1#
#64595005
0#
#64600005
1%
b111111 &
1#
#64605005
0#
#64610005
0%
b1100000000 =
b101110100000000 B
b101111010000000 A
1#
#64615005
0#
#64620005
1%
b0 &
1#
#64625005
0#
#64630005
0%
b1100000001 =
b101110100011111 B
1#
#64635005
0#
#64640005
1%
b1 &
1#
#64645005
0#
#64650005
0%
b1100000010 =
b101110100111110 B
b101111010000001 A
1#
#64655005
0#
#64660005
1%
b10 &
1#
#64665005
0#
#64670005
0%
b1100000011 =
b101110101011101 B
b101111010000011 A
1#
#64675005
0#
#64680005
1%
b11 &
1#
#64685005
0#
#64690005
0%
b1100000100 =
b101110101111100 B
b101111010000110 A
1#
#64695005
0#
#64700005
1%
b100 &
1#
#64705005
0#
#64710005
0%
b1100000101 =
b101110110011011 B
b101111010001010 A
1#
#64715005
0#
#64720005
1%
b101 &
1#
#64725005
0#
#64730005
0%
b1100000110 =
b101110110111010 B
b101111010001111 A
1#
#64735005
0#
#64740005
1%
b110 &
1#
#64745005
0#
#64750005
0%
b1100000111 =
b101110111011001 B
b101111010010101 A
1#
#64755005
0#
#64760005
1%
b111 &
1#
#64765005
0#
#64770005
0%
b1100001000 =
b101110111111000 B
b101111010011100 A
1#
#64775005
0#
#64780005
1%
b1000 &
1#
#64785005
0#
#64790005
0%
b1100001001 =
b101111000010111 B
b101111010100100 A
1#
#64795005
0#
#64800005
1%
b1001 &
1#
#64805005
0#
#64810005
0%
b1100001010 =
b101111000110110 B
b101111010101101 A
1#
#64815005
0#
#64820005
1%
b1010 &
1#
#64825005
0#
#64830005
0%
b1100001011 =
b101111001010101 B
b101111010110111 A
1#
#64835005
0#
#64840005
1%
b1011 &
1#
#64845005
0#
#64850005
0%
b1100001100 =
b101111001110100 B
b101111011000010 A
1#
#64855005
0#
#64860005
1%
b1100 &
1#
#64865005
0#
#64870005
0%
b1100001101 =
b101111010010011 B
b101111011001110 A
1#
#64875005
0#
#64880005
1%
b1101 &
1#
#64885005
0#
#64890005
0%
b1100001110 =
b101111010110010 B
b101111011011011 A
1#
#64895005
0#
#64900005
1%
b1110 &
1#
#64905005
0#
#64910005
0%
b1100001111 =
b101111011010001 B
b101111011101001 A
1#
#64915005
0#
#64920005
1%
b1111 &
1#
#64925005
0#
#64930005
0%
b1100010000 =
b101111011110000 B
b101111011111000 A
1#
#64935005
0#
#64940005
1%
b10000 &
1#
#64945005
0#
#64950005
0%
b1100010001 =
b101111100001111 B
b101111100001000 A
1#
#64955005
0#
#64960005
1%
b10001 &
1#
#64965005
0#
#64970005
0%
b1100010010 =
b101111100101110 B
b101111100011001 A
1#
#64975005
0#
#64980005
1%
b10010 &
1#
#64985005
0#
#64990005
0%
b1100010011 =
b101111101001101 B
b101111100101011 A
1#
#64995005
0#
#65000005
1%
b10011 &
1#
#65005005
0#
#65010005
0%
b1100010100 =
b101111101101100 B
b101111100111110 A
1#
#65015005
0#
#65020005
1%
b10100 &
1#
#65025005
0#
#65030005
0%
b1100010101 =
b101111110001011 B
b101111101010010 A
1#
#65035005
0#
#65040005
1%
b10101 &
1#
#65045005
0#
#65050005
0%
b1100010110 =
b101111110101010 B
b101111101100111 A
1#
#65055005
0#
#65060005
1%
b10110 &
1#
#65065005
0#
#65070005
0%
b1100010111 =
b101111111001001 B
b101111101111101 A
1#
#65075005
0#
#65080005
1%
b10111 &
1#
#65085005
0#
#65090005
0%
b1100011000 =
b101111111101000 B
b101111110010100 A
1#
#65095005
0#
#65100005
1%
b11000 &
1#
#65105005
0#
#65110005
0%
b1100011001 =
b110000000000111 B
b101111110101100 A
1#
#65115005
0#
#65120005
1%
b11001 &
1#
#65125005
0#
#65130005
0%
b1100011010 =
b110000000100110 B
b101111111000101 A
1#
#65135005
0#
#65140005
1%
b11010 &
1#
#65145005
0#
#65150005
0%
b1100011011 =
b110000001000101 B
b101111111011111 A
1#
#65155005
0#
#65160005
1%
b11011 &
1#
#65165005
0#
#65170005
0%
b1100011100 =
b110000001100100 B
b101111111111010 A
1#
#65175005
0#
#65180005
1%
b11100 &
1#
#65185005
0#
#65190005
0%
b1100011101 =
b110000010000011 B
b110000000010110 A
1#
#65195005
0#
#65200005
1%
b11101 &
1#
#65205005
0#
#65210005
0%
b1100011110 =
b110000010100010 B
b110000000110011 A
1#
#65215005
0#
#65220005
1%
b11110 &
1#
#65225005
0#
#65230005
0%
b1100011111 =
b110000011000001 B
b110000001010001 A
1#
#65235005
0#
#65240005
1%
b11111 &
1#
#65245005
0#
#65250005
0%
b1100100000 =
b110000011100000 B
b110000001110000 A
1#
#65255005
0#
#65260005
1%
b100000 &
1#
#65265005
0#
#65270005
0%
b1100100001 =
b110000011111111 B
b110000010010000 A
1#
#65275005
0#
#65280005
1%
b100001 &
1#
#65285005
0#
#65290005
0%
b1100100010 =
b110000100011110 B
b110000010110001 A
1#
#65295005
0#
#65300005
1%
b100010 &
1#
#65305005
0#
#65310005
0%
b1100100011 =
b110000100111101 B
b110000011010011 A
1#
#65315005
0#
#65320005
1%
b100011 &
1#
#65325005
0#
#65330005
0%
b1100100100 =
b110000101011100 B
b110000011110110 A
1#
#65335005
0#
#65340005
1%
b100100 &
1#
#65345005
0#
#65350005
0%
b1100100101 =
b110000101111011 B
b110000100011010 A
1#
#65355005
0#
#65360005
1%
b100101 &
1#
#65365005
0#
#65370005
0%
b1100100110 =
b110000110011010 B
b110000100111111 A
1#
#65375005
0#
#65380005
1%
b100110 &
1#
#65385005
0#
#65390005
0%
b1100100111 =
b110000110111001 B
b110000101100101 A
1#
#65395005
0#
#65400005
1%
b100111 &
1#
#65405005
0#
#65410005
0%
b1100101000 =
b110000111011000 B
b110000110001100 A
1#
#65415005
0#
#65420005
1%
b101000 &
1#
#65425005
0#
#65430005
0%
b1100101001 =
b110000111110111 B
b110000110110100 A
1#
#65435005
0#
#65440005
1%
b101001 &
1#
#65445005
0#
#65450005
0%
b1100101010 =
b110001000010110 B
b110000111011101 A
1#
#65455005
0#
#65460005
1%
b101010 &
1#
#65465005
0#
#65470005
0%
b1100101011 =
b110001000110101 B
b110001000000111 A
1#
#65475005
0#
#65480005
1%
b101011 &
1#
#65485005
0#
#65490005
0%
b1100101100 =
b110001001010100 B
b110001000110010 A
1#
#65495005
0#
#65500005
1%
b101100 &
1#
#65505005
0#
#65510005
0%
b1100101101 =
b110001001110011 B
b110001001011110 A
1#
#65515005
0#
#65520005
1%
b101101 &
1#
#65525005
0#
#65530005
0%
b1100101110 =
b110001010010010 B
b110001010001011 A
1#
#65535005
0#
#65540005
1%
b101110 &
1#
#65545005
0#
#65550005
0%
b1100101111 =
b110001010110001 B
b110001010111001 A
1#
#65555005
0#
#65560005
1%
b101111 &
1#
#65565005
0#
#65570005
0%
b1100110000 =
b110001011010000 B
b110001011101000 A
1#
#65575005
0#
#65580005
1%
b110000 &
1#
#65585005
0#
#65590005
0%
b1100110001 =
b110001011101111 B
b110001100011000 A
1#
#65595005
0#
#65600005
1%
b110001 &
1#
#65605005
0#
#65610005
0%
b1100110010 =
b110001100001110 B
b110001101001001 A
1#
#65615005
0#
#65620005
1%
b110010 &
1#
#65625005
0#
#65630005
0%
b1100110011 =
b110001100101101 B
b110001101111011 A
1#
#65635005
0#
#65640005
1%
b110011 &
1#
#65645005
0#
#65650005
0%
b1100110100 =
b110001101001100 B
b110001110101110 A
1#
#65655005
0#
#65660005
1%
b110100 &
1#
#65665005
0#
#65670005
0%
b1100110101 =
b110001101101011 B
b110001111100010 A
1#
#65675005
0#
#65680005
1%
b110101 &
1#
#65685005
0#
#65690005
0%
b1100110110 =
b110001110001010 B
b110010000010111 A
1#
#65695005
0#
#65700005
1%
b110110 &
1#
#65705005
0#
#65710005
0%
b1100110111 =
b110001110101001 B
b110010001001101 A
1#
#65715005
0#
#65720005
1%
b110111 &
1#
#65725005
0#
#65730005
0%
b1100111000 =
b110001111001000 B
b110010010000100 A
1#
#65735005
0#
#65740005
1%
b111000 &
1#
#65745005
0#
#65750005
0%
b1100111001 =
b110001111100111 B
b110010010111100 A
1#
#65755005
0#
#65760005
1%
b111001 &
1#
#65765005
0#
#65770005
0%
b1100111010 =
b110010000000110 B
b110010011110101 A
1#
#65775005
0#
#65780005
1%
b111010 &
1#
#65785005
0#
#65790005
0%
b1100111011 =
b110010000100101 B
b110010100101111 A
1#
#65795005
0#
#65800005
1%
b111011 &
1#
#65805005
0#
#65810005
0%
b1100111100 =
b110010001000100 B
b110010101101010 A
1#
#65815005
0#
#65820005
1%
b111100 &
1#
#65825005
0#
#65830005
0%
b1100111101 =
b110010001100011 B
b110010110100110 A
1#
#65835005
0#
#65840005
1%
b111101 &
1#
#65845005
0#
#65850005
0%
b1100111110 =
b110010010000010 B
b110010111100011 A
1#
#65855005
0#
#65860005
1%
b111110 &
1#
#65865005
0#
#65870005
0%
b1100111111 =
b110010010100001 B
b110011000100001 A
1#
#65875005
0#
#65880005
1%
b111111 &
1#
#65885005
0#
#65890005
0%
b1101000000 =
b110010011000000 B
b110011001100000 A
1#
#65895005
0#
#65900005
1%
b0 &
1#
#65905005
0#
#65910005
0%
b1101000001 =
b110010011011111 B
1#
#65915005
0#
#65920005
1%
b1 &
1#
#65925005
0#
#65930005
0%
b1101000010 =
b110010011111110 B
b110011001100001 A
1#
#65935005
0#
#65940005
1%
b10 &
1#
#65945005
0#
#65950005
0%
b1101000011 =
b110010100011101 B
b110011001100011 A
1#
#65955005
0#
#65960005
1%
b11 &
1#
#65965005
0#
#65970005
0%
b1101000100 =
b110010100111100 B
b110011001100110 A
1#
#65975005
0#
#65980005
1%
b100 &
1#
#65985005
0#
#65990005
0%
b1101000101 =
b110010101011011 B
b110011001101010 A
1#
#65995005
0#
#66000005
1%
b101 &
1#
#66005005
0#
#66010005
0%
b1101000110 =
b110010101111010 B
b110011001101111 A
1#
#66015005
0#
#66020005
1%
b110 &
1#
#66025005
0#
#66030005
0%
b1101000111 =
b110010110011001 B
b110011001110101 A
1#
#66035005
0#
#66040005
1%
b111 &
1#
#66045005
0#
#66050005
0%
b1101001000 =
b110010110111000 B
b110011001111100 A
1#
#66055005
0#
#66060005
1%
b1000 &
1#
#66065005
0#
#66070005
0%
b1101001001 =
b110010111010111 B
b110011010000100 A
1#
#66075005
0#
#66080005
1%
b1001 &
1#
#66085005
0#
#66090005
0%
b1101001010 =
b110010111110110 B
b110011010001101 A
1#
#66095005
0#
#66100005
1%
b1010 &
1#
#66105005
0#
#66110005
0%
b1101001011 =
b110011000010101 B
b110011010010111 A
1#
#66115005
0#
#66120005
1%
b1011 &
1#
#66125005
0#
#66130005
0%
b1101001100 =
b110011000110100 B
b110011010100010 A
1#
#66135005
0#
#66140005
1%
b1100 &
1#
#66145005
0#
#66150005
0%
b1101001101 =
b110011001010011 B
b110011010101110 A
1#
#66155005
0#
#66160005
1%
b1101 &
1#
#66165005
0#
#66170005
0%
b1101001110 =
b110011001110010 B
b110011010111011 A
1#
#66175005
0#
#66180005
1%
b1110 &
1#
#66185005
0#
#66190005
0%
b1101001111 =
b110011010010001 B
b110011011001001 A
1#
#66195005
0#
#66200005
1%
b1111 &
1#
#66205005
0#
#66210005
0%
b1101010000 =
b110011010110000 B
b110011011011000 A
1#
#66215005
0#
#66220005
1%
b10000 &
1#
#66225005
0#
#66230005
0%
b1101010001 =
b110011011001111 B
b110011011101000 A
1#
#66235005
0#
#66240005
1%
b10001 &
1#
#66245005
0#
#66250005
0%
b1101010010 =
b110011011101110 B
b110011011111001 A
1#
#66255005
0#
#66260005
1%
b10010 &
1#
#66265005
0#
#66270005
0%
b1101010011 =
b110011100001101 B
b110011100001011 A
1#
#66275005
0#
#66280005
1%
b10011 &
1#
#66285005
0#
#66290005
0%
b1101010100 =
b110011100101100 B
b110011100011110 A
1#
#66295005
0#
#66300005
1%
b10100 &
1#
#66305005
0#
#66310005
0%
b1101010101 =
b110011101001011 B
b110011100110010 A
1#
#66315005
0#
#66320005
1%
b10101 &
1#
#66325005
0#
#66330005
0%
b1101010110 =
b110011101101010 B
b110011101000111 A
1#
#66335005
0#
#66340005
1%
b10110 &
1#
#66345005
0#
#66350005
0%
b1101010111 =
b110011110001001 B
b110011101011101 A
1#
#66355005
0#
#66360005
1%
b10111 &
1#
#66365005
0#
#66370005
0%
b1101011000 =
b110011110101000 B
b110011101110100 A
1#
#66375005
0#
#66380005
1%
b11000 &
1#
#66385005
0#
#66390005
0%
b1101011001 =
b110011111000111 B
b110011110001100 A
1#
#66395005
0#
#66400005
1%
b11001 &
1#
#66405005
0#
#66410005
0%
b1101011010 =
b110011111100110 B
b110011110100101 A
1#
#66415005
0#
#66420005
1%
b11010 &
1#
#66425005
0#
#66430005
0%
b1101011011 =
b110100000000101 B
b110011110111111 A
1#
#66435005
0#
#66440005
1%
b11011 &
1#
#66445005
0#
#66450005
0%
b1101011100 =
b110100000100100 B
b110011111011010 A
1#
#66455005
0#
#66460005
1%
b11100 &
1#
#66465005
0#
#66470005
0%
b1101011101 =
b110100001000011 B
b110011111110110 A
1#
#66475005
0#
#66480005
1%
b11101 &
1#
#66485005
0#
#66490005
0%
b1101011110 =
b110100001100010 B
b110100000010011 A
1#
#66495005
0#
#66500005
1%
b11110 &
1#
#66505005
0#
#66510005
0%
b1101011111 =
b110100010000001 B
b110100000110001 A
1#
#66515005
0#
#66520005
1%
b11111 &
1#
#66525005
0#
#66530005
0%
b1101100000 =
b110100010100000 B
b110100001010000 A
1#
#66535005
0#
#66540005
1%
b100000 &
1#
#66545005
0#
#66550005
0%
b1101100001 =
b110100010111111 B
b110100001110000 A
1#
#66555005
0#
#66560005
1%
b100001 &
1#
#66565005
0#
#66570005
0%
b1101100010 =
b110100011011110 B
b110100010010001 A
1#
#66575005
0#
#66580005
1%
b100010 &
1#
#66585005
0#
#66590005
0%
b1101100011 =
b110100011111101 B
b110100010110011 A
1#
#66595005
0#
#66600005
1%
b100011 &
1#
#66605005
0#
#66610005
0%
b1101100100 =
b110100100011100 B
b110100011010110 A
1#
#66615005
0#
#66620005
1%
b100100 &
1#
#66625005
0#
#66630005
0%
b1101100101 =
b110100100111011 B
b110100011111010 A
1#
#66635005
0#
#66640005
1%
b100101 &
1#
#66645005
0#
#66650005
0%
b1101100110 =
b110100101011010 B
b110100100011111 A
1#
#66655005
0#
#66660005
1%
b100110 &
1#
#66665005
0#
#66670005
0%
b1101100111 =
b110100101111001 B
b110100101000101 A
1#
#66675005
0#
#66680005
1%
b100111 &
1#
#66685005
0#
#66690005
0%
b1101101000 =
b110100110011000 B
b110100101101100 A
1#
#66695005
0#
#66700005
1%
b101000 &
1#
#66705005
0#
#66710005
0%
b1101101001 =
b110100110110111 B
b110100110010100 A
1#
#66715005
0#
#66720005
1%
b101001 &
1#
#66725005
0#
#66730005
0%
b1101101010 =
b110100111010110 B
b110100110111101 A
1#
#66735005
0#
#66740005
1%
b101010 &
1#
#66745005
0#
#66750005
0%
b1101101011 =
b110100111110101 B
b110100111100111 A
1#
#66755005
0#
#66760005
1%
b101011 &
1#
#66765005
0#
#66770005
0%
b1101101100 =
b110101000010100 B
b110101000010010 A
1#
#66775005
0#
#66780005
1%
b101100 &
1#
#66785005
0#
#66790005
0%
b1101101101 =
b110101000110011 B
b110101000111110 A
1#
#66795005
0#
#66800005
1%
b101101 &
1#
#66805005
0#
#66810005
0%
b1101101110 =
b110101001010010 B
b110101001101011 A
1#
#66815005
0#
#66820005
1%
b101110 &
1#
#66825005
0#
#66830005
0%
b1101101111 =
b110101001110001 B
b110101010011001 A
1#
#66835005
0#
#66840005
1%
b101111 &
1#
#66845005
0#
#66850005
0%
b1101110000 =
b110101010010000 B
b110101011001000 A
1#
#66855005
0#
#66860005
1%
b110000 &
1#
#66865005
0#
#66870005
0%
b1101110001 =
b110101010101111 B
b110101011111000 A
1#
#66875005
0#
#66880005
1%
b110001 &
1#
#66885005
0#
#66890005
0%
b1101110010 =
b110101011001110 B
b110101100101001 A
1#
#66895005
0#
#66900005
1%
b110010 &
1#
#66905005
0#
#66910005
0%
b1101110011 =
b110101011101101 B
b110101101011011 A
1#
#66915005
0#
#66920005
1%
b110011 &
1#
#66925005
0#
#66930005
0%
b1101110100 =
b110101100001100 B
b110101110001110 A
1#
#66935005
0#
#66940005
1%
b110100 &
1#
#66945005
0#
#66950005
0%
b1101110101 =
b110101100101011 B
b110101111000010 A
1#
#66955005
0#
#66960005
1%
b110101 &
1#
#66965005
0#
#66970005
0%
b1101110110 =
b110101101001010 B
b110101111110111 A
1#
#66975005
0#
#66980005
1%
b110110 &
1#
#66985005
0#
#66990005
0%
b1101110111 =
b110101101101001 B
b110110000101101 A
1#
#66995005
0#
#67000005
1%
b110111 &
1#
#67005005
0#
#67010005
0%
b1101111000 =
b110101110001000 B
b110110001100100 A
1#
#67015005
0#
#67020005
1%
b111000 &
1#
#67025005
0#
#67030005
0%
b1101111001 =
b110101110100111 B
b110110010011100 A
1#
#67035005
0#
#67040005
1%
b111001 &
1#
#67045005
0#
#67050005
0%
b1101111010 =
b110101111000110 B
b110110011010101 A
1#
#67055005
0#
#67060005
1%
b111010 &
1#
#67065005
0#
#67070005
0%
b1101111011 =
b110101111100101 B
b110110100001111 A
1#
#67075005
0#
#67080005
1%
b111011 &
1#
#67085005
0#
#67090005
0%
b1101111100 =
b110110000000100 B
b110110101001010 A
1#
#67095005
0#
#67100005
1%
b111100 &
1#
#67105005
0#
#67110005
0%
b1101111101 =
b110110000100011 B
b110110110000110 A
1#
#67115005
0#
#67120005
1%
b111101 &
1#
#67125005
0#
#67130005
0%
b1101111110 =
b110110001000010 B
b110110111000011 A
1#
#67135005
0#
#67140005
1%
b111110 &
1#
#67145005
0#
#67150005
0%
b1101111111 =
b110110001100001 B
b110111000000001 A
1#
#67155005
0#
#67160005
1%
b111111 &
1#
#67165005
0#
#67170005
0%
b1110000000 =
b110110010000000 B
b110111001000000 A
1#
#67175005
0#
#67180005
1%
b0 &
1#
#67185005
0#
#67190005
0%
b1110000001 =
b110110010011111 B
1#
#67195005
0#
#67200005
1%
b1 &
1#
#67205005
0#
#67210005
0%
b1110000010 =
b110110010111110 B
b110111001000001 A
1#
#67215005
0#
#67220005
1%
b10 &
1#
#67225005
0#
#67230005
0%
b1110000011 =
b110110011011101 B
b110111001000011 A
1#
#67235005
0#
#67240005
1%
b11 &
1#
#67245005
0#
#67250005
0%
b1110000100 =
b110110011111100 B
b110111001000110 A
1#
#67255005
0#
#67260005
1%
b100 &
1#
#67265005
0#
#67270005
0%
b1110000101 =
b110110100011011 B
b110111001001010 A
1#
#67275005
0#
#67280005
1%
b101 &
1#
#67285005
0#
#67290005
0%
b1110000110 =
b110110100111010 B
b110111001001111 A
1#
#67295005
0#
#67300005
1%
b110 &
1#
#67305005
0#
#67310005
0%
b1110000111 =
b110110101011001 B
b110111001010101 A
1#
#67315005
0#
#67320005
1%
b111 &
1#
#67325005
0#
#67330005
0%
b1110001000 =
b110110101111000 B
b110111001011100 A
1#
#67335005
0#
#67340005
1%
b1000 &
1#
#67345005
0#
#67350005
0%
b1110001001 =
b110110110010111 B
b110111001100100 A
1#
#67355005
0#
#67360005
1%
b1001 &
1#
#67365005
0#
#67370005
0%
b1110001010 =
b110110110110110 B
b110111001101101 A
1#
#67375005
0#
#67380005
1%
b1010 &
1#
#67385005
0#
#67390005
0%
b1110001011 =
b110110111010101 B
b110111001110111 A
1#
#67395005
0#
#67400005
1%
b1011 &
1#
#67405005
0#
#67410005
0%
b1110001100 =
b110110111110100 B
b110111010000010 A
1#
#67415005
0#
#67420005
1%
b1100 &
1#
#67425005
0#
#67430005
0%
b1110001101 =
b110111000010011 B
b110111010001110 A
1#
#67435005
0#
#67440005
1%
b1101 &
1#
#67445005
0#
#67450005
0%
b1110001110 =
b110111000110010 B
b110111010011011 A
1#
#67455005
0#
#67460005
1%
b1110 &
1#
#67465005
0#
#67470005
0%
b1110001111 =
b110111001010001 B
b110111010101001 A
1#
#67475005
0#
#67480005
1%
b1111 &
1#
#67485005
0#
#67490005
0%
b1110010000 =
b110111001110000 B
b110111010111000 A
1#
#67495005
0#
#67500005
1%
b10000 &
1#
#67505005
0#
#67510005
0%
b1110010001 =
b110111010001111 B
b110111011001000 A
1#
#67515005
0#
#67520005
1%
b10001 &
1#
#67525005
0#
#67530005
0%
b1110010010 =
b110111010101110 B
b110111011011001 A
1#
#67535005
0#
#67540005
1%
b10010 &
1#
#67545005
0#
#67550005
0%
b1110010011 =
b110111011001101 B
b110111011101011 A
1#
#67555005
0#
#67560005
1%
b10011 &
1#
#67565005
0#
#67570005
0%
b1110010100 =
b110111011101100 B
b110111011111110 A
1#
#67575005
0#
#67580005
1%
b10100 &
1#
#67585005
0#
#67590005
0%
b1110010101 =
b110111100001011 B
b110111100010010 A
1#
#67595005
0#
#67600005
1%
b10101 &
1#
#67605005
0#
#67610005
0%
b1110010110 =
b110111100101010 B
b110111100100111 A
1#
#67615005
0#
#67620005
1%
b10110 &
1#
#67625005
0#
#67630005
0%
b1110010111 =
b110111101001001 B
b110111100111101 A
1#
#67635005
0#
#67640005
1%
b10111 &
1#
#67645005
0#
#67650005
0%
b1110011000 =
b110111101101000 B
b110111101010100 A
1#
#67655005
0#
#67660005
1%
b11000 &
1#
#67665005
0#
#67670005
0%
b1110011001 =
b110111110000111 B
b110111101101100 A
1#
#67675005
0#
#67680005
1%
b11001 &
1#
#67685005
0#
#67690005
0%
b1110011010 =
b110111110100110 B
b110111110000101 A
1#
#67695005
0#
#67700005
1%
b11010 &
1#
#67705005
0#
#67710005
0%
b1110011011 =
b110111111000101 B
b110111110011111 A
1#
#67715005
0#
#67720005
1%
b11011 &
1#
#67725005
0#
#67730005
0%
b1110011100 =
b110111111100100 B
b110111110111010 A
1#
#67735005
0#
#67740005
1%
b11100 &
1#
#67745005
0#
#67750005
0%
b1110011101 =
b111000000000011 B
b110111111010110 A
1#
#67755005
0#
#67760005
1%
b11101 &
1#
#67765005
0#
#67770005
0%
b1110011110 =
b111000000100010 B
b110111111110011 A
1#
#67775005
0#
#67780005
1%
b11110 &
1#
#67785005
0#
#67790005
0%
b1110011111 =
b111000001000001 B
b111000000010001 A
1#
#67795005
0#
#67800005
1%
b11111 &
1#
#67805005
0#
#67810005
0%
b1110100000 =
b111000001100000 B
b111000000110000 A
1#
#67815005
0#
#67820005
1%
b100000 &
1#
#67825005
0#
#67830005
0%
b1110100001 =
b111000001111111 B
b111000001010000 A
1#
#67835005
0#
#67840005
1%
b100001 &
1#
#67845005
0#
#67850005
0%
b1110100010 =
b111000010011110 B
b111000001110001 A
1#
#67855005
0#
#67860005
1%
b100010 &
1#
#67865005
0#
#67870005
0%
b1110100011 =
b111000010111101 B
b111000010010011 A
1#
#67875005
0#
#67880005
1%
b100011 &
1#
#67885005
0#
#67890005
0%
b1110100100 =
b111000011011100 B
b111000010110110 A
1#
#67895005
0#
#67900005
1%
b100100 &
1#
#67905005
0#
#67910005
0%
b1110100101 =
b111000011111011 B
b111000011011010 A
1#
#67915005
0#
#67920005
1%
b100101 &
1#
#67925005
0#
#67930005
0%
b1110100110 =
b111000100011010 B
b111000011111111 A
1#
#67935005
0#
#67940005
1%
b100110 &
1#
#67945005
0#
#67950005
0%
b1110100111 =
b111000100111001 B
b111000100100101 A
1#
#67955005
0#
#67960005
1%
b100111 &
1#
#67965005
0#
#67970005
0%
b1110101000 =
b111000101011000 B
b111000101001100 A
1#
#67975005
0#
#67980005
1%
b101000 &
1#
#67985005
0#
#67990005
0%
b1110101001 =
b111000101110111 B
b111000101110100 A
1#
#67995005
0#
#68000005
1%
b101001 &
1#
#68005005
0#
#68010005
0%
b1110101010 =
b111000110010110 B
b111000110011101 A
1#
#68015005
0#
#68020005
1%
b101010 &
1#
#68025005
0#
#68030005
0%
b1110101011 =
b111000110110101 B
b111000111000111 A
1#
#68035005
0#
#68040005
1%
b101011 &
1#
#68045005
0#
#68050005
0%
b1110101100 =
b111000111010100 B
b111000111110010 A
1#
#68055005
0#
#68060005
1%
b101100 &
1#
#68065005
0#
#68070005
0%
b1110101101 =
b111000111110011 B
b111001000011110 A
1#
#68075005
0#
#68080005
1%
b101101 &
1#
#68085005
0#
#68090005
0%
b1110101110 =
b111001000010010 B
b111001001001011 A
1#
#68095005
0#
#68100005
1%
b101110 &
1#
#68105005
0#
#68110005
0%
b1110101111 =
b111001000110001 B
b111001001111001 A
1#
#68115005
0#
#68120005
1%
b101111 &
1#
#68125005
0#
#68130005
0%
b1110110000 =
b111001001010000 B
b111001010101000 A
1#
#68135005
0#
#68140005
1%
b110000 &
1#
#68145005
0#
#68150005
0%
b1110110001 =
b111001001101111 B
b111001011011000 A
1#
#68155005
0#
#68160005
1%
b110001 &
1#
#68165005
0#
#68170005
0%
b1110110010 =
b111001010001110 B
b111001100001001 A
1#
#68175005
0#
#68180005
1%
b110010 &
1#
#68185005
0#
#68190005
0%
b1110110011 =
b111001010101101 B
b111001100111011 A
1#
#68195005
0#
#68200005
1%
b110011 &
1#
#68205005
0#
#68210005
0%
b1110110100 =
b111001011001100 B
b111001101101110 A
1#
#68215005
0#
#68220005
1%
b110100 &
1#
#68225005
0#
#68230005
0%
b1110110101 =
b111001011101011 B
b111001110100010 A
1#
#68235005
0#
#68240005
1%
b110101 &
1#
#68245005
0#
#68250005
0%
b1110110110 =
b111001100001010 B
b111001111010111 A
1#
#68255005
0#
#68260005
1%
b110110 &
1#
#68265005
0#
#68270005
0%
b1110110111 =
b111001100101001 B
b111010000001101 A
1#
#68275005
0#
#68280005
1%
b110111 &
1#
#68285005
0#
#68290005
0%
b1110111000 =
b111001101001000 B
b111010001000100 A
1#
#68295005
0#
#68300005
1%
b111000 &
1#
#68305005
0#
#68310005
0%
b1110111001 =
b111001101100111 B
b111010001111100 A
1#
#68315005
0#
#68320005
1%
b111001 &
1#
#68325005
0#
#68330005
0%
b1110111010 =
b111001110000110 B
b111010010110101 A
1#
#68335005
0#
#68340005
1%
b111010 &
1#
#68345005
0#
#68350005
0%
b1110111011 =
b111001110100101 B
b111010011101111 A
1#
#68355005
0#
#68360005
1%
b111011 &
1#
#68365005
0#
#68370005
0%
b1110111100 =
b111001111000100 B
b111010100101010 A
1#
#68375005
0#
#68380005
1%
b111100 &
1#
#68385005
0#
#68390005
0%
b1110111101 =
b111001111100011 B
b111010101100110 A
1#
#68395005
0#
#68400005
1%
b111101 &
1#
#68405005
0#
#68410005
0%
b1110111110 =
b111010000000010 B
b111010110100011 A
1#
#68415005
0#
#68420005
1%
b111110 &
1#
#68425005
0#
#68430005
0%
b1110111111 =
b111010000100001 B
b111010111100001 A
1#
#68435005
0#
#68440005
1%
b111111 &
1#
#68445005
0#
#68450005
0%
b1111000000 =
b111010001000000 B
b111011000100000 A
1#
#68455005
0#
#68460005
1%
b0 &
1#
#68465005
0#
#68470005
0%
b1111000001 =
b111010001011111 B
1#
#68475005
0#
#68480005
1%
b1 &
1#
#68485005
0#
#68490005
0%
b1111000010 =
b111010001111110 B
b111011000100001 A
1#
#68495005
0#
#68500005
1%
b10 &
1#
#68505005
0#
#68510005
0%
b1111000011 =
b111010010011101 B
b111011000100011 A
1#
#68515005
0#
#68520005
1%
b11 &
1#
#68525005
0#
#68530005
0%
b1111000100 =
b111010010111100 B
b111011000100110 A
1#
#68535005
0#
#68540005
1%
b100 &
1#
#68545005
0#
#68550005
0%
b1111000101 =
b111010011011011 B
b111011000101010 A
1#
#68555005
0#
#68560005
1%
b101 &
1#
#68565005
0#
#68570005
0%
b1111000110 =
b111010011111010 B
b111011000101111 A
1#
#68575005
0#
#68580005
1%
b110 &
1#
#68585005
0#
#68590005
0%
b1111000111 =
b111010100011001 B
b111011000110101 A
1#
#68595005
0#
#68600005
1%
b111 &
1#
#68605005
0#
#68610005
0%
b1111001000 =
b111010100111000 B
b111011000111100 A
1#
#68615005
0#
#68620005
1%
b1000 &
1#
#68625005
0#
#68630005
0%
b1111001001 =
b111010101010111 B
b111011001000100 A
1#
#68635005
0#
#68640005
1%
b1001 &
1#
#68645005
0#
#68650005
0%
b1111001010 =
b111010101110110 B
b111011001001101 A
1#
#68655005
0#
#68660005
1%
b1010 &
1#
#68665005
0#
#68670005
0%
b1111001011 =
b111010110010101 B
b111011001010111 A
1#
#68675005
0#
#68680005
1%
b1011 &
1#
#68685005
0#
#68690005
0%
b1111001100 =
b111010110110100 B
b111011001100010 A
1#
#68695005
0#
#68700005
1%
b1100 &
1#
#68705005
0#
#68710005
0%
b1111001101 =
b111010111010011 B
b111011001101110 A
1#
#68715005
0#
#68720005
1%
b1101 &
1#
#68725005
0#
#68730005
0%
b1111001110 =
b111010111110010 B
b111011001111011 A
1#
#68735005
0#
#68740005
1%
b1110 &
1#
#68745005
0#
#68750005
0%
b1111001111 =
b111011000010001 B
b111011010001001 A
1#
#68755005
0#
#68760005
1%
b1111 &
1#
#68765005
0#
#68770005
0%
b1111010000 =
b111011000110000 B
b111011010011000 A
1#
#68775005
0#
#68780005
1%
b10000 &
1#
#68785005
0#
#68790005
0%
b1111010001 =
b111011001001111 B
b111011010101000 A
1#
#68795005
0#
#68800005
1%
b10001 &
1#
#68805005
0#
#68810005
0%
b1111010010 =
b111011001101110 B
b111011010111001 A
1#
#68815005
0#
#68820005
1%
b10010 &
1#
#68825005
0#
#68830005
0%
b1111010011 =
b111011010001101 B
b111011011001011 A
1#
#68835005
0#
#68840005
1%
b10011 &
1#
#68845005
0#
#68850005
0%
b1111010100 =
b111011010101100 B
b111011011011110 A
1#
#68855005
0#
#68860005
1%
b10100 &
1#
#68865005
0#
#68870005
0%
b1111010101 =
b111011011001011 B
b111011011110010 A
1#
#68875005
0#
#68880005
1%
b10101 &
1#
#68885005
0#
#68890005
0%
b1111010110 =
b111011011101010 B
b111011100000111 A
1#
#68895005
0#
#68900005
1%
b10110 &
1#
#68905005
0#
#68910005
0%
b1111010111 =
b111011100001001 B
b111011100011101 A
1#
#68915005
0#
#68920005
1%
b10111 &
1#
#68925005
0#
#68930005
0%
b1111011000 =
b111011100101000 B
b111011100110100 A
1#
#68935005
0#
#68940005
1%
b11000 &
1#
#68945005
0#
#68950005
0%
b1111011001 =
b111011101000111 B
b111011101001100 A
1#
#68955005
0#
#68960005
1%
b11001 &
1#
#68965005
0#
#68970005
0%
b1111011010 =
b111011101100110 B
b111011101100101 A
1#
#68975005
0#
#68980005
1%
b11010 &
1#
#68985005
0#
#68990005
0%
b1111011011 =
b111011110000101 B
b111011101111111 A
1#
#68995005
0#
#69000005
1%
b11011 &
1#
#69005005
0#
#69010005
0%
b1111011100 =
b111011110100100 B
b111011110011010 A
1#
#69015005
0#
#69020005
1%
b11100 &
1#
#69025005
0#
#69030005
0%
b1111011101 =
b111011111000011 B
b111011110110110 A
1#
#69035005
0#
#69040005
1%
b11101 &
1#
#69045005
0#
#69050005
0%
b1111011110 =
b111011111100010 B
b111011111010011 A
1#
#69055005
0#
#69060005
1%
b11110 &
1#
#69065005
0#
#69070005
0%
b1111011111 =
b111100000000001 B
b111011111110001 A
1#
#69075005
0#
#69080005
1%
b11111 &
1#
#69085005
0#
#69090005
0%
b1111100000 =
b111100000100000 B
b111100000010000 A
1#
#69095005
0#
#69100005
1%
b100000 &
1#
#69105005
0#
#69110005
0%
b1111100001 =
b111100000111111 B
b111100000110000 A
1#
#69115005
0#
#69120005
1%
b100001 &
1#
#69125005
0#
#69130005
0%
b1111100010 =
b111100001011110 B
b111100001010001 A
1#
#69135005
0#
#69140005
1%
b100010 &
1#
#69145005
0#
#69150005
0%
b1111100011 =
b111100001111101 B
b111100001110011 A
1#
#69155005
0#
#69160005
1%
b100011 &
1#
#69165005
0#
#69170005
0%
b1111100100 =
b111100010011100 B
b111100010010110 A
1#
#69175005
0#
#69180005
1%
b100100 &
1#
#69185005
0#
#69190005
0%
b1111100101 =
b111100010111011 B
b111100010111010 A
1#
#69195005
0#
#69200005
1%
b100101 &
1#
#69205005
0#
#69210005
0%
b1111100110 =
b111100011011010 B
b111100011011111 A
1#
#69215005
0#
#69220005
1%
b100110 &
1#
#69225005
0#
#69230005
0%
b1111100111 =
b111100011111001 B
b111100100000101 A
1#
#69235005
0#
#69240005
1%
b100111 &
1#
#69245005
0#
#69250005
0%
b1111101000 =
b111100100011000 B
b111100100101100 A
1#
#69255005
0#
#69260005
1%
b101000 &
1#
#69265005
0#
#69270005
0%
b1111101001 =
b111100100110111 B
b111100101010100 A
1#
#69275005
0#
#69280005
1%
b101001 &
1#
#69285005
0#
#69290005
0%
b1111101010 =
b111100101010110 B
b111100101111101 A
1#
#69295005
0#
#69300005
1%
b101010 &
1#
#69305005
0#
#69310005
0%
b1111101011 =
b111100101110101 B
b111100110100111 A
1#
#69315005
0#
#69320005
1%
b101011 &
1#
#69325005
0#
#69330005
0%
b1111101100 =
b111100110010100 B
b111100111010010 A
1#
#69335005
0#
#69340005
1%
b101100 &
1#
#69345005
0#
#69350005
0%
b1111101101 =
b111100110110011 B
b111100111111110 A
1#
#69355005
0#
#69360005
1%
b101101 &
1#
#69365005
0#
#69370005
0%
b1111101110 =
b111100111010010 B
b111101000101011 A
1#
#69375005
0#
#69380005
1%
b101110 &
1#
#69385005
0#
#69390005
0%
b1111101111 =
b111100111110001 B
b111101001011001 A
1#
#69395005
0#
#69400005
1%
b101111 &
1#
#69405005
0#
#69410005
0%
b1111110000 =
b111101000010000 B
b111101010001000 A
1#
#69415005
0#
#69420005
1%
b110000 &
1#
#69425005
0#
#69430005
0%
b1111110001 =
b111101000101111 B
b111101010111000 A
1#
#69435005
0#
#69440005
1%
b110001 &
1#
#69445005
0#
#69450005
0%
b1111110010 =
b111101001001110 B
b111101011101001 A
1#
#69455005
0#
#69460005
1%
b110010 &
1#
#69465005
0#
#69470005
0%
b1111110011 =
b111101001101101 B
b111101100011011 A
1#
#69475005
0#
#69480005
1%
b110011 &
1#
#69485005
0#
#69490005
0%
b1111110100 =
b111101010001100 B
b111101101001110 A
1#
#69495005
0#
#69500005
1%
b110100 &
1#
#69505005
0#
#69510005
0%
b1111110101 =
b111101010101011 B
b111101110000010 A
1#
#69515005
0#
#69520005
1%
b110101 &
1#
#69525005
0#
#69530005
0%
b1111110110 =
b111101011001010 B
b111101110110111 A
1#
#69535005
0#
#69540005
1%
b110110 &
1#
#69545005
0#
#69550005
0%
b1111110111 =
b111101011101001 B
b111101111101101 A
1#
#69555005
0#
#69560005
1%
b110111 &
1#
#69565005
0#
#69570005
0%
b1111111000 =
b111101100001000 B
b111110000100100 A
1#
#69575005
0#
#69580005
1%
b111000 &
1#
#69585005
0#
#69590005
0%
b1111111001 =
b111101100100111 B
b111110001011100 A
1#
#69595005
0#
#69600005
1%
b111001 &
1#
#69605005
0#
#69610005
0%
b1111111010 =
b111101101000110 B
b111110010010101 A
1#
#69615005
0#
#69620005
1%
b111010 &
1#
#69625005
0#
#69630005
0%
b1111111011 =
b111101101100101 B
b111110011001111 A
1#
#69635005
0#
#69640005
1%
b111011 &
1#
#69645005
0#
#69650005
0%
b1111111100 =
b111101110000100 B
b111110100001010 A
1#
#69655005
0#
#69660005
1%
b111100 &
1#
#69665005
0#
#69670005
0%
b1111111101 =
b111101110100011 B
b111110101000110 A
1#
#69675005
0#
#69680005
1%
b111101 &
1#
#69685005
0#
#69690005
0%
b1111111110 =
b111101111000010 B
b111110110000011 A
1#
#69695005
0#
#69700005
1%
b111110 &
1#
#69705005
0#
#69710005
0%
b1111111111 =
b111101111100001 B
b111110111000001 A
1#
#69715005
0#
#69720005
1%
b111111 &
1#
#69725005
0#
#69730005
0%
b10000000000 =
b111110000000000 B
b111111000000000 A
1#
#69735005
0#
#69740005
1%
b0 &
1#
#69745005
0#
#69750005
0%
b10000000001 =
b111110000011111 B
1#
#69755005
0#
#69760005
1%
b1 &
1#
#69765005
0#
#69770005
0%
b10000000010 =
b111110000111110 B
b111111000000001 A
1#
#69775005
0#
#69780005
1%
b10 &
1#
#69785005
0#
#69790005
0%
b10000000011 =
b111110001011101 B
b111111000000011 A
1#
#69795005
0#
#69800005
1%
b11 &
1#
#69805005
0#
#69810005
0%
b10000000100 =
b111110001111100 B
b111111000000110 A
1#
#69815005
0#
#69820005
1%
b100 &
1#
#69825005
0#
#69830005
0%
b10000000101 =
b111110010011011 B
b111111000001010 A
1#
#69835005
0#
#69840005
1%
b101 &
1#
#69845005
0#
#69850005
0%
b10000000110 =
b111110010111010 B
b111111000001111 A
1#
#69855005
0#
#69860005
1%
b110 &
1#
#69865005
0#
#69870005
0%
b10000000111 =
b111110011011001 B
b111111000010101 A
1#
#69875005
0#
#69880005
1%
b111 &
1#
#69885005
0#
#69890005
0%
b10000001000 =
b111110011111000 B
b111111000011100 A
1#
#69895005
0#
#69900005
1%
b1000 &
1#
#69905005
0#
#69910005
0%
b10000001001 =
b111110100010111 B
b111111000100100 A
1#
#69915005
0#
#69920005
1%
b1001 &
1#
#69925005
0#
#69930005
0%
b10000001010 =
b111110100110110 B
b111111000101101 A
1#
#69935005
0#
#69940005
1%
b1010 &
1#
#69945005
0#
#69950005
0%
b10000001011 =
b111110101010101 B
b111111000110111 A
1#
#69955005
0#
#69960005
1%
b1011 &
1#
#69965005
0#
#69970005
0%
b10000001100 =
b111110101110100 B
b111111001000010 A
1#
#69975005
0#
#69980005
1%
b1100 &
1#
#69985005
0#
#69990005
0%
b10000001101 =
b111110110010011 B
b111111001001110 A
1#
#69995005
0#
#70000005
1%
b1101 &
1#
#70005005
0#
#70010005
0%
b10000001110 =
b111110110110010 B
b111111001011011 A
1#
#70015005
0#
#70020005
1%
b1110 &
1#
#70025005
0#
#70030005
0%
b10000001111 =
b111110111010001 B
b111111001101001 A
1#
#70035005
0#
#70040005
1%
b1111 &
1#
#70045005
0#
#70050005
0%
b10000010000 =
b111110111110000 B
b111111001111000 A
1#
#70055005
0#
#70060005
1%
b10000 &
1#
#70065005
0#
#70070005
0%
b10000010001 =
b111111000001111 B
b111111010001000 A
1#
#70075005
0#
#70080005
1%
b10001 &
1#
#70085005
0#
#70090005
0%
b10000010010 =
b111111000101110 B
b111111010011001 A
1#
#70095005
0#
#70100005
1%
b10010 &
1#
#70105005
0#
#70110005
0%
b10000010011 =
b111111001001101 B
b111111010101011 A
1#
#70115005
0#
#70120005
1%
b10011 &
1#
#70125005
0#
#70130005
0%
b10000010100 =
b111111001101100 B
b111111010111110 A
1#
#70135005
0#
#70140005
1%
b10100 &
1#
#70145005
0#
#70150005
0%
b10000010101 =
b111111010001011 B
b111111011010010 A
1#
#70155005
0#
#70160005
1%
b10101 &
1#
#70165005
0#
#70170005
0%
b10000010110 =
b111111010101010 B
b111111011100111 A
1#
#70175005
0#
#70180005
1%
b10110 &
1#
#70185005
0#
#70190005
0%
b10000010111 =
b111111011001001 B
b111111011111101 A
1#
#70195005
0#
#70200005
1%
b10111 &
1#
#70205005
0#
#70210005
0%
b10000011000 =
b111111011101000 B
b111111100010100 A
1#
#70215005
0#
#70220005
1%
b11000 &
1#
#70225005
0#
#70230005
0%
b10000011001 =
b111111100000111 B
b111111100101100 A
1#
#70235005
0#
#70240005
1%
b11001 &
1#
#70245005
0#
#70250005
0%
b10000011010 =
b111111100100110 B
b111111101000101 A
1#
#70255005
0#
#70260005
1%
b11010 &
1#
#70265005
0#
#70270005
0%
b10000011011 =
b111111101000101 B
b111111101011111 A
1#
#70275005
0#
#70280005
1%
b11011 &
1#
#70285005
0#
#70290005
0%
b10000011100 =
b111111101100100 B
b111111101111010 A
1#
#70295005
0#
#70300005
1%
b11100 &
1#
#70305005
0#
#70310005
0%
b10000011101 =
b111111110000011 B
b111111110010110 A
1#
#70315005
0#
#70320005
1%
b11101 &
1#
#70325005
0#
#70330005
0%
b10000011110 =
b111111110100010 B
b111111110110011 A
1#
#70335005
0#
#70340005
1%
b11110 &
1#
#70345005
0#
#70350005
0%
b10000011111 =
b111111111000001 B
b111111111010001 A
1#
#70355005
0#
#70360005
1%
b11111 &
1#
#70365005
0#
#70370005
0%
b10000100000 =
b111111111100000 B
b111111111110000 A
1#
#70375005
0#
#70380005
1%
b100000 &
1#
#70385005
0#
#70390005
0%
b10000100001 =
b111111111111111 B
b1000000000010000 A
1#
#70395005
0#
#70400005
1%
b100001 &
1#
#70405005
0#
#70410005
0%
b10000100010 =
b1000000000011110 B
b1000000000110001 A
1#
#70415005
0#
#70420005
1%
b100010 &
1#
#70425005
0#
#70430005
0%
b10000100011 =
b1000000000111101 B
b1000000001010011 A
1#
#70435005
0#
#70440005
1%
b100011 &
1#
#70445005
0#
#70450005
0%
b10000100100 =
b1000000001011100 B
b1000000001110110 A
1#
#70455005
0#
#70460005
1%
b100100 &
1#
#70465005
0#
#70470005
0%
b10000100101 =
b1000000001111011 B
b1000000010011010 A
1#
#70475005
0#
#70480005
1%
b100101 &
1#
#70485005
0#
#70490005
0%
b10000100110 =
b1000000010011010 B
b1000000010111111 A
1#
#70495005
0#
#70500005
1%
b100110 &
1#
#70505005
0#
#70510005
0%
b10000100111 =
b1000000010111001 B
b1000000011100101 A
1#
#70515005
0#
#70520005
1%
b100111 &
1#
#70525005
0#
#70530005
0%
b10000101000 =
b1000000011011000 B
b1000000100001100 A
1#
#70535005
0#
#70540005
1%
b101000 &
1#
#70545005
0#
#70550005
0%
b10000101001 =
b1000000011110111 B
b1000000100110100 A
1#
#70555005
0#
#70560005
1%
b101001 &
1#
#70565005
0#
#70570005
0%
b10000101010 =
b1000000100010110 B
b1000000101011101 A
1#
#70575005
0#
#70580005
1%
b101010 &
1#
#70585005
0#
#70590005
0%
b10000101011 =
b1000000100110101 B
b1000000110000111 A
1#
#70595005
0#
#70600005
1%
b101011 &
1#
#70605005
0#
#70610005
0%
b10000101100 =
b1000000101010100 B
b1000000110110010 A
1#
#70615005
0#
#70620005
1%
b101100 &
1#
#70625005
0#
#70630005
0%
b10000101101 =
b1000000101110011 B
b1000000111011110 A
1#
#70635005
0#
#70640005
1%
b101101 &
1#
#70645005
0#
#70650005
0%
b10000101110 =
b1000000110010010 B
b1000001000001011 A
1#
#70655005
0#
#70660005
1%
b101110 &
1#
#70665005
0#
#70670005
0%
b10000101111 =
b1000000110110001 B
b1000001000111001 A
1#
#70675005
0#
#70680005
1%
b101111 &
1#
#70685005
0#
#70690005
0%
b10000110000 =
b1000000111010000 B
b1000001001101000 A
1#
#70695005
0#
#70700005
1%
b110000 &
1#
#70705005
0#
#70710005
0%
b10000110001 =
b1000000111101111 B
b1000001010011000 A
1#
#70715005
0#
#70720005
1%
b110001 &
1#
#70725005
0#
#70730005
0%
b10000110010 =
b1000001000001110 B
b1000001011001001 A
1#
#70735005
0#
#70740005
1%
b110010 &
1#
#70745005
0#
#70750005
0%
b10000110011 =
b1000001000101101 B
b1000001011111011 A
1#
#70755005
0#
#70760005
1%
b110011 &
1#
#70765005
0#
#70770005
0%
b10000110100 =
b1000001001001100 B
b1000001100101110 A
1#
#70775005
0#
#70780005
1%
b110100 &
1#
#70785005
0#
#70790005
0%
b10000110101 =
b1000001001101011 B
b1000001101100010 A
1#
#70795005
0#
#70800005
1%
b110101 &
1#
#70805005
0#
#70810005
0%
b10000110110 =
b1000001010001010 B
b1000001110010111 A
1#
#70815005
0#
#70820005
1%
b110110 &
1#
#70825005
0#
#70830005
0%
b10000110111 =
b1000001010101001 B
b1000001111001101 A
1#
#70835005
0#
#70840005
1%
b110111 &
1#
#70845005
0#
#70850005
0%
b10000111000 =
b1000001011001000 B
b1000010000000100 A
1#
#70855005
0#
#70860005
1%
b111000 &
1#
#70865005
0#
#70870005
0%
b10000111001 =
b1000001011100111 B
b1000010000111100 A
1#
#70875005
0#
#70880005
1%
b111001 &
1#
#70885005
0#
#70890005
0%
b10000111010 =
b1000001100000110 B
b1000010001110101 A
1#
#70895005
0#
#70900005
1%
b111010 &
1#
#70905005
0#
#70910005
0%
b10000111011 =
b1000001100100101 B
b1000010010101111 A
1#
#70915005
0#
#70920005
1%
b111011 &
1#
#70925005
0#
#70930005
0%
b10000111100 =
b1000001101000100 B
b1000010011101010 A
1#
#70935005
0#
#70940005
1%
b111100 &
1#
#70945005
0#
#70950005
0%
b10000111101 =
b1000001101100011 B
b1000010100100110 A
1#
#70955005
0#
#70960005
1%
b111101 &
1#
#70965005
0#
#70970005
0%
b10000111110 =
b1000001110000010 B
b1000010101100011 A
1#
#70975005
0#
#70980005
1%
b111110 &
1#
#70985005
0#
#70990005
0%
b10000111111 =
b1000001110100001 B
b1000010110100001 A
1#
#70995005
0#
#71000005
1%
b111111 &
1#
#71005005
0#
#71010005
0%
b10001000000 =
b1000001111000000 B
b1000010111100000 A
1#
#71015005
0#
#71020005
1%
b0 &
1#
#71025005
0#
#71030005
0%
b10001000001 =
b1000001111011111 B
1#
#71035005
0#
#71040005
1%
b1 &
1#
#71045005
0#
#71050005
0%
b10001000010 =
b1000001111111110 B
b1000010111100001 A
1#
#71055005
0#
#71060005
1%
b10 &
1#
#71065005
0#
#71070005
0%
b10001000011 =
b1000010000011101 B
b1000010111100011 A
1#
#71075005
0#
#71080005
1%
b11 &
1#
#71085005
0#
#71090005
0%
b10001000100 =
b1000010000111100 B
b1000010111100110 A
1#
#71095005
0#
#71100005
1%
b100 &
1#
#71105005
0#
#71110005
0%
b10001000101 =
b1000010001011011 B
b1000010111101010 A
1#
#71115005
0#
#71120005
1%
b101 &
1#
#71125005
0#
#71130005
0%
b10001000110 =
b1000010001111010 B
b1000010111101111 A
1#
#71135005
0#
#71140005
1%
b110 &
1#
#71145005
0#
#71150005
0%
b10001000111 =
b1000010010011001 B
b1000010111110101 A
1#
#71155005
0#
#71160005
1%
b111 &
1#
#71165005
0#
#71170005
0%
b10001001000 =
b1000010010111000 B
b1000010111111100 A
1#
#71175005
0#
#71180005
1%
b1000 &
1#
#71185005
0#
#71190005
0%
b10001001001 =
b1000010011010111 B
b1000011000000100 A
1#
#71195005
0#
#71200005
1%
b1001 &
1#
#71205005
0#
#71210005
0%
b10001001010 =
b1000010011110110 B
b1000011000001101 A
1#
#71215005
0#
#71220005
1%
b1010 &
1#
#71225005
0#
#71230005
0%
b10001001011 =
b1000010100010101 B
b1000011000010111 A
1#
#71235005
0#
#71240005
1%
b1011 &
1#
#71245005
0#
#71250005
0%
b10001001100 =
b1000010100110100 B
b1000011000100010 A
1#
#71255005
0#
#71260005
1%
b1100 &
1#
#71265005
0#
#71270005
0%
b10001001101 =
b1000010101010011 B
b1000011000101110 A
1#
#71275005
0#
#71280005
1%
b1101 &
1#
#71285005
0#
#71290005
0%
b10001001110 =
b1000010101110010 B
b1000011000111011 A
1#
#71295005
0#
#71300005
1%
b1110 &
1#
#71305005
0#
#71310005
0%
b10001001111 =
b1000010110010001 B
b1000011001001001 A
1#
#71315005
0#
#71320005
1%
b1111 &
1#
#71325005
0#
#71330005
0%
b10001010000 =
b1000010110110000 B
b1000011001011000 A
1#
#71335005
0#
#71340005
1%
b10000 &
1#
#71345005
0#
#71350005
0%
b10001010001 =
b1000010111001111 B
b1000011001101000 A
1#
#71355005
0#
#71360005
1%
b10001 &
1#
#71365005
0#
#71370005
0%
b10001010010 =
b1000010111101110 B
b1000011001111001 A
1#
#71375005
0#
#71380005
1%
b10010 &
1#
#71385005
0#
#71390005
0%
b10001010011 =
b1000011000001101 B
b1000011010001011 A
1#
#71395005
0#
#71400005
1%
b10011 &
1#
#71405005
0#
#71410005
0%
b10001010100 =
b1000011000101100 B
b1000011010011110 A
1#
#71415005
0#
#71420005
1%
b10100 &
1#
#71425005
0#
#71430005
0%
b10001010101 =
b1000011001001011 B
b1000011010110010 A
1#
#71435005
0#
#71440005
1%
b10101 &
1#
#71445005
0#
#71450005
0%
b10001010110 =
b1000011001101010 B
b1000011011000111 A
1#
#71455005
0#
#71460005
1%
b10110 &
1#
#71465005
0#
#71470005
0%
b10001010111 =
b1000011010001001 B
b1000011011011101 A
1#
#71475005
0#
#71480005
1%
b10111 &
1#
#71485005
0#
#71490005
0%
b10001011000 =
b1000011010101000 B
b1000011011110100 A
1#
#71495005
0#
#71500005
1%
b11000 &
1#
#71505005
0#
#71510005
0%
b10001011001 =
b1000011011000111 B
b1000011100001100 A
1#
#71515005
0#
#71520005
1%
b11001 &
1#
#71525005
0#
#71530005
0%
b10001011010 =
b1000011011100110 B
b1000011100100101 A
1#
#71535005
0#
#71540005
1%
b11010 &
1#
#71545005
0#
#71550005
0%
b10001011011 =
b1000011100000101 B
b1000011100111111 A
1#
#71555005
0#
#71560005
1%
b11011 &
1#
#71565005
0#
#71570005
0%
b10001011100 =
b1000011100100100 B
b1000011101011010 A
1#
#71575005
0#
#71580005
1%
b11100 &
1#
#71585005
0#
#71590005
0%
b10001011101 =
b1000011101000011 B
b1000011101110110 A
1#
#71595005
0#
#71600005
1%
b11101 &
1#
#71605005
0#
#71610005
0%
b10001011110 =
b1000011101100010 B
b1000011110010011 A
1#
#71615005
0#
#71620005
1%
b11110 &
1#
#71625005
0#
#71630005
0%
b10001011111 =
b1000011110000001 B
b1000011110110001 A
1#
#71635005
0#
#71640005
1%
b11111 &
1#
#71645005
0#
#71650005
0%
b10001100000 =
b1000011110100000 B
b1000011111010000 A
1#
#71655005
0#
#71660005
1%
b100000 &
1#
#71665005
0#
#71670005
0%
b10001100001 =
b1000011110111111 B
b1000011111110000 A
1#
#71675005
0#
#71680005
1%
b100001 &
1#
#71685005
0#
#71690005
0%
b10001100010 =
b1000011111011110 B
b1000100000010001 A
1#
#71695005
0#
#71700005
1%
b100010 &
1#
#71705005
0#
#71710005
0%
b10001100011 =
b1000011111111101 B
b1000100000110011 A
1#
#71715005
0#
#71720005
1%
b100011 &
1#
#71725005
0#
#71730005
0%
b10001100100 =
b1000100000011100 B
b1000100001010110 A
1#
#71735005
0#
#71740005
1%
b100100 &
1#
#71745005
0#
#71750005
0%
b10001100101 =
b1000100000111011 B
b1000100001111010 A
1#
#71755005
0#
#71760005
1%
b100101 &
1#
#71765005
0#
#71770005
0%
b10001100110 =
b1000100001011010 B
b1000100010011111 A
1#
#71775005
0#
#71780005
1%
b100110 &
1#
#71785005
0#
#71790005
0%
b10001100111 =
b1000100001111001 B
b1000100011000101 A
1#
#71795005
0#
#71800005
1%
b100111 &
1#
#71805005
0#
#71810005
0%
b10001101000 =
b1000100010011000 B
b1000100011101100 A
1#
#71815005
0#
#71820005
1%
b101000 &
1#
#71825005
0#
#71830005
0%
b10001101001 =
b1000100010110111 B
b1000100100010100 A
1#
#71835005
0#
#71840005
1%
b101001 &
1#
#71845005
0#
#71850005
0%
b10001101010 =
b1000100011010110 B
b1000100100111101 A
1#
#71855005
0#
#71860005
1%
b101010 &
1#
#71865005
0#
#71870005
0%
b10001101011 =
b1000100011110101 B
b1000100101100111 A
1#
#71875005
0#
#71880005
1%
b101011 &
1#
#71885005
0#
#71890005
0%
b10001101100 =
b1000100100010100 B
b1000100110010010 A
1#
#71895005
0#
#71900005
1%
b101100 &
1#
#71905005
0#
#71910005
0%
b10001101101 =
b1000100100110011 B
b1000100110111110 A
1#
#71915005
0#
#71920005
1%
b101101 &
1#
#71925005
0#
#71930005
0%
b10001101110 =
b1000100101010010 B
b1000100111101011 A
1#
#71935005
0#
#71940005
1%
b101110 &
1#
#71945005
0#
#71950005
0%
b10001101111 =
b1000100101110001 B
b1000101000011001 A
1#
#71955005
0#
#71960005
1%
b101111 &
1#
#71965005
0#
#71970005
0%
b10001110000 =
b1000100110010000 B
b1000101001001000 A
1#
#71975005
0#
#71980005
1%
b110000 &
1#
#71985005
0#
#71990005
0%
b10001110001 =
b1000100110101111 B
b1000101001111000 A
1#
#71995005
0#
#72000005
1%
b110001 &
1#
#72005005
0#
#72010005
0%
b10001110010 =
b1000100111001110 B
b1000101010101001 A
1#
#72015005
0#
#72020005
1%
b110010 &
1#
#72025005
0#
#72030005
0%
b10001110011 =
b1000100111101101 B
b1000101011011011 A
1#
#72035005
0#
#72040005
1%
b110011 &
1#
#72045005
0#
#72050005
0%
b10001110100 =
b1000101000001100 B
b1000101100001110 A
1#
#72055005
0#
#72060005
1%
b110100 &
1#
#72065005
0#
#72070005
0%
b10001110101 =
b1000101000101011 B
b1000101101000010 A
1#
#72075005
0#
#72080005
1%
b110101 &
1#
#72085005
0#
#72090005
0%
b10001110110 =
b1000101001001010 B
b1000101101110111 A
1#
#72095005
0#
#72100005
1%
b110110 &
1#
#72105005
0#
#72110005
0%
b10001110111 =
b1000101001101001 B
b1000101110101101 A
1#
#72115005
0#
#72120005
1%
b110111 &
1#
#72125005
0#
#72130005
0%
b10001111000 =
b1000101010001000 B
b1000101111100100 A
1#
#72135005
0#
#72140005
1%
b111000 &
1#
#72145005
0#
#72150005
0%
b10001111001 =
b1000101010100111 B
b1000110000011100 A
1#
#72155005
0#
#72160005
1%
b111001 &
1#
#72165005
0#
#72170005
0%
b10001111010 =
b1000101011000110 B
b1000110001010101 A
1#
#72175005
0#
#72180005
1%
b111010 &
1#
#72185005
0#
#72190005
0%
b10001111011 =
b1000101011100101 B
b1000110010001111 A
1#
#72195005
0#
#72200005
1%
b111011 &
1#
#72205005
0#
#72210005
0%
b10001111100 =
b1000101100000100 B
b1000110011001010 A
1#
#72215005
0#
#72220005
1%
b111100 &
1#
#72225005
0#
#72230005
0%
b10001111101 =
b1000101100100011 B
b1000110100000110 A
1#
#72235005
0#
#72240005
1%
b111101 &
1#
#72245005
0#
#72250005
0%
b10001111110 =
b1000101101000010 B
b1000110101000011 A
1#
#72255005
0#
#72260005
1%
b111110 &
1#
#72265005
0#
#72270005
0%
b10001111111 =
b1000101101100001 B
b1000110110000001 A
1#
#72275005
0#
#72280005
1%
b111111 &
1#
#72285005
0#
#72290005
0%
b10010000000 =
b1000101110000000 B
b1000110111000000 A
1#
#72295005
0#
#72300005
1%
b0 &
1#
#72305005
0#
#72310005
0%
b10010000001 =
b1000101110011111 B
1#
#72315005
0#
#72320005
1%
b1 &
1#
#72325005
0#
#72330005
0%
b10010000010 =
b1000101110111110 B
b1000110111000001 A
1#
#72335005
0#
#72340005
1%
b10 &
1#
#72345005
0#
#72350005
0%
b10010000011 =
b1000101111011101 B
b1000110111000011 A
1#
#72355005
0#
#72360005
1%
b11 &
1#
#72365005
0#
#72370005
0%
b10010000100 =
b1000101111111100 B
b1000110111000110 A
1#
#72375005
0#
#72380005
1%
b100 &
1#
#72385005
0#
#72390005
0%
b10010000101 =
b1000110000011011 B
b1000110111001010 A
1#
#72395005
0#
#72400005
1%
b101 &
1#
#72405005
0#
#72410005
0%
b10010000110 =
b1000110000111010 B
b1000110111001111 A
1#
#72415005
0#
#72420005
1%
b110 &
1#
#72425005
0#
#72430005
0%
b10010000111 =
b1000110001011001 B
b1000110111010101 A
1#
#72435005
0#
#72440005
1%
b111 &
1#
#72445005
0#
#72450005
0%
b10010001000 =
b1000110001111000 B
b1000110111011100 A
1#
#72455005
0#
#72460005
1%
b1000 &
1#
#72465005
0#
#72470005
0%
b10010001001 =
b1000110010010111 B
b1000110111100100 A
1#
#72475005
0#
#72480005
1%
b1001 &
1#
#72485005
0#
#72490005
0%
b10010001010 =
b1000110010110110 B
b1000110111101101 A
1#
#72495005
0#
#72500005
1%
b1010 &
1#
#72505005
0#
#72510005
0%
b10010001011 =
b1000110011010101 B
b1000110111110111 A
1#
#72515005
0#
#72520005
1%
b1011 &
1#
#72525005
0#
#72530005
0%
b10010001100 =
b1000110011110100 B
b1000111000000010 A
1#
#72535005
0#
#72540005
1%
b1100 &
1#
#72545005
0#
#72550005
0%
b10010001101 =
b1000110100010011 B
b1000111000001110 A
1#
#72555005
0#
#72560005
1%
b1101 &
1#
#72565005
0#
#72570005
0%
b10010001110 =
b1000110100110010 B
b1000111000011011 A
1#
#72575005
0#
#72580005
1%
b1110 &
1#
#72585005
0#
#72590005
0%
b10010001111 =
b1000110101010001 B
b1000111000101001 A
1#
#72595005
0#
#72600005
1%
b1111 &
1#
#72605005
0#
#72610005
0%
b10010010000 =
b1000110101110000 B
b1000111000111000 A
1#
#72615005
0#
#72620005
1%
b10000 &
1#
#72625005
0#
#72630005
0%
b10010010001 =
b1000110110001111 B
b1000111001001000 A
1#
#72635005
0#
#72640005
1%
b10001 &
1#
#72645005
0#
#72650005
0%
b10010010010 =
b1000110110101110 B
b1000111001011001 A
1#
#72655005
0#
#72660005
1%
b10010 &
1#
#72665005
0#
#72670005
0%
b10010010011 =
b1000110111001101 B
b1000111001101011 A
1#
#72675005
0#
#72680005
1%
b10011 &
1#
#72685005
0#
#72690005
0%
b10010010100 =
b1000110111101100 B
b1000111001111110 A
1#
#72695005
0#
#72700005
1%
b10100 &
1#
#72705005
0#
#72710005
0%
b10010010101 =
b1000111000001011 B
b1000111010010010 A
1#
#72715005
0#
#72720005
1%
b10101 &
1#
#72725005
0#
#72730005
0%
b10010010110 =
b1000111000101010 B
b1000111010100111 A
1#
#72735005
0#
#72740005
1%
b10110 &
1#
#72745005
0#
#72750005
0%
b10010010111 =
b1000111001001001 B
b1000111010111101 A
1#
#72755005
0#
#72760005
1%
b10111 &
1#
#72765005
0#
#72770005
0%
b10010011000 =
b1000111001101000 B
b1000111011010100 A
1#
#72775005
0#
#72780005
1%
b11000 &
1#
#72785005
0#
#72790005
0%
b10010011001 =
b1000111010000111 B
b1000111011101100 A
1#
#72795005
0#
#72800005
1%
b11001 &
1#
#72805005
0#
#72810005
0%
b10010011010 =
b1000111010100110 B
b1000111100000101 A
1#
#72815005
0#
#72820005
1%
b11010 &
1#
#72825005
0#
#72830005
0%
b10010011011 =
b1000111011000101 B
b1000111100011111 A
1#
#72835005
0#
#72840005
1%
b11011 &
1#
#72845005
0#
#72850005
0%
b10010011100 =
b1000111011100100 B
b1000111100111010 A
1#
#72855005
0#
#72860005
1%
b11100 &
1#
#72865005
0#
#72870005
0%
b10010011101 =
b1000111100000011 B
b1000111101010110 A
1#
#72875005
0#
#72880005
1%
b11101 &
1#
#72885005
0#
#72890005
0%
b10010011110 =
b1000111100100010 B
b1000111101110011 A
1#
#72895005
0#
#72900005
1%
b11110 &
1#
#72905005
0#
#72910005
0%
b10010011111 =
b1000111101000001 B
b1000111110010001 A
1#
#72915005
0#
#72920005
1%
b11111 &
1#
#72925005
0#
#72930005
0%
b10010100000 =
b1000111101100000 B
b1000111110110000 A
1#
#72935005
0#
#72940005
1%
b100000 &
1#
#72945005
0#
#72950005
0%
b10010100001 =
b1000111101111111 B
b1000111111010000 A
1#
#72955005
0#
#72960005
1%
b100001 &
1#
#72965005
0#
#72970005
0%
b10010100010 =
b1000111110011110 B
b1000111111110001 A
1#
#72975005
0#
#72980005
1%
b100010 &
1#
#72985005
0#
#72990005
0%
b10010100011 =
b1000111110111101 B
b1001000000010011 A
1#
#72995005
0#
#73000005
1%
b100011 &
1#
#73005005
0#
#73010005
0%
b10010100100 =
b1000111111011100 B
b1001000000110110 A
1#
#73015005
0#
#73020005
1%
b100100 &
1#
#73025005
0#
#73030005
0%
b10010100101 =
b1000111111111011 B
b1001000001011010 A
1#
#73035005
0#
#73040005
1%
b100101 &
1#
#73045005
0#
#73050005
0%
b10010100110 =
b1001000000011010 B
b1001000001111111 A
1#
#73055005
0#
#73060005
1%
b100110 &
1#
#73065005
0#
#73070005
0%
b10010100111 =
b1001000000111001 B
b1001000010100101 A
1#
#73075005
0#
#73080005
1%
b100111 &
1#
#73085005
0#
#73090005
0%
b10010101000 =
b1001000001011000 B
b1001000011001100 A
1#
#73095005
0#
#73100005
1%
b101000 &
1#
#73105005
0#
#73110005
0%
b10010101001 =
b1001000001110111 B
b1001000011110100 A
1#
#73115005
0#
#73120005
1%
b101001 &
1#
#73125005
0#
#73130005
0%
b10010101010 =
b1001000010010110 B
b1001000100011101 A
1#
#73135005
0#
#73140005
1%
b101010 &
1#
#73145005
0#
#73150005
0%
b10010101011 =
b1001000010110101 B
b1001000101000111 A
1#
#73155005
0#
#73160005
1%
b101011 &
1#
#73165005
0#
#73170005
0%
b10010101100 =
b1001000011010100 B
b1001000101110010 A
1#
#73175005
0#
#73180005
1%
b101100 &
1#
#73185005
0#
#73190005
0%
b10010101101 =
b1001000011110011 B
b1001000110011110 A
1#
#73195005
0#
#73200005
1%
b101101 &
1#
#73205005
0#
#73210005
0%
b10010101110 =
b1001000100010010 B
b1001000111001011 A
1#
#73215005
0#
#73220005
1%
b101110 &
1#
#73225005
0#
#73230005
0%
b10010101111 =
b1001000100110001 B
b1001000111111001 A
1#
#73235005
0#
#73240005
1%
b101111 &
1#
#73245005
0#
#73250005
0%
b10010110000 =
b1001000101010000 B
b1001001000101000 A
1#
#73255005
0#
#73260005
1%
b110000 &
1#
#73265005
0#
#73270005
0%
b10010110001 =
b1001000101101111 B
b1001001001011000 A
1#
#73275005
0#
#73280005
1%
b110001 &
1#
#73285005
0#
#73290005
0%
b10010110010 =
b1001000110001110 B
b1001001010001001 A
1#
#73295005
0#
#73300005
1%
b110010 &
1#
#73305005
0#
#73310005
0%
b10010110011 =
b1001000110101101 B
b1001001010111011 A
1#
#73315005
0#
#73320005
1%
b110011 &
1#
#73325005
0#
#73330005
0%
b10010110100 =
b1001000111001100 B
b1001001011101110 A
1#
#73335005
0#
#73340005
1%
b110100 &
1#
#73345005
0#
#73350005
0%
b10010110101 =
b1001000111101011 B
b1001001100100010 A
1#
#73355005
0#
#73360005
1%
b110101 &
1#
#73365005
0#
#73370005
0%
b10010110110 =
b1001001000001010 B
b1001001101010111 A
1#
#73375005
0#
#73380005
1%
b110110 &
1#
#73385005
0#
#73390005
0%
b10010110111 =
b1001001000101001 B
b1001001110001101 A
1#
#73395005
0#
#73400005
1%
b110111 &
1#
#73405005
0#
#73410005
0%
b10010111000 =
b1001001001001000 B
b1001001111000100 A
1#
#73415005
0#
#73420005
1%
b111000 &
1#
#73425005
0#
#73430005
0%
b10010111001 =
b1001001001100111 B
b1001001111111100 A
1#
#73435005
0#
#73440005
1%
b111001 &
1#
#73445005
0#
#73450005
0%
b10010111010 =
b1001001010000110 B
b1001010000110101 A
1#
#73455005
0#
#73460005
1%
b111010 &
1#
#73465005
0#
#73470005
0%
b10010111011 =
b1001001010100101 B
b1001010001101111 A
1#
#73475005
0#
#73480005
1%
b111011 &
1#
#73485005
0#
#73490005
0%
b10010111100 =
b1001001011000100 B
b1001010010101010 A
1#
#73495005
0#
#73500005
1%
b111100 &
1#
#73505005
0#
#73510005
0%
b10010111101 =
b1001001011100011 B
b1001010011100110 A
1#
#73515005
0#
#73520005
1%
b111101 &
1#
#73525005
0#
#73530005
0%
b10010111110 =
b1001001100000010 B
b1001010100100011 A
1#
#73535005
0#
#73540005
1%
b111110 &
1#
#73545005
0#
#73550005
0%
b10010111111 =
b1001001100100001 B
b1001010101100001 A
1#
#73555005
0#
#73560005
1%
b111111 &
1#
#73565005
0#
#73570005
0%
b10011000000 =
b1001001101000000 B
b1001010110100000 A
1#
#73575005
0#
#73580005
1%
b0 &
1#
#73585005
0#
#73590005
0%
b10011000001 =
b1001001101011111 B
1#
#73595005
0#
#73600005
1%
b1 &
1#
#73605005
0#
#73610005
0%
b10011000010 =
b1001001101111110 B
b1001010110100001 A
1#
#73615005
0#
#73620005
1%
b10 &
1#
#73625005
0#
#73630005
0%
b10011000011 =
b1001001110011101 B
b1001010110100011 A
1#
#73635005
0#
#73640005
1%
b11 &
1#
#73645005
0#
#73650005
0%
b10011000100 =
b1001001110111100 B
b1001010110100110 A
1#
#73655005
0#
#73660005
1%
b100 &
1#
#73665005
0#
#73670005
0%
b10011000101 =
b1001001111011011 B
b1001010110101010 A
1#
#73675005
0#
#73680005
1%
b101 &
1#
#73685005
0#
#73690005
0%
b10011000110 =
b1001001111111010 B
b1001010110101111 A
1#
#73695005
0#
#73700005
1%
b110 &
1#
#73705005
0#
#73710005
0%
b10011000111 =
b1001010000011001 B
b1001010110110101 A
1#
#73715005
0#
#73720005
1%
b111 &
1#
#73725005
0#
#73730005
0%
b10011001000 =
b1001010000111000 B
b1001010110111100 A
1#
#73735005
0#
#73740005
1%
b1000 &
1#
#73745005
0#
#73750005
0%
b10011001001 =
b1001010001010111 B
b1001010111000100 A
1#
#73755005
0#
#73760005
1%
b1001 &
1#
#73765005
0#
#73770005
0%
b10011001010 =
b1001010001110110 B
b1001010111001101 A
1#
#73775005
0#
#73780005
1%
b1010 &
1#
#73785005
0#
#73790005
0%
b10011001011 =
b1001010010010101 B
b1001010111010111 A
1#
#73795005
0#
#73800005
1%
b1011 &
1#
#73805005
0#
#73810005
0%
b10011001100 =
b1001010010110100 B
b1001010111100010 A
1#
#73815005
0#
#73820005
1%
b1100 &
1#
#73825005
0#
#73830005
0%
b10011001101 =
b1001010011010011 B
b1001010111101110 A
1#
#73835005
0#
#73840005
1%
b1101 &
1#
#73845005
0#
#73850005
0%
b10011001110 =
b1001010011110010 B
b1001010111111011 A
1#
#73855005
0#
#73860005
1%
b1110 &
1#
#73865005
0#
#73870005
0%
b10011001111 =
b1001010100010001 B
b1001011000001001 A
1#
#73875005
0#
#73880005
1%
b1111 &
1#
#73885005
0#
#73890005
0%
b10011010000 =
b1001010100110000 B
b1001011000011000 A
1#
#73895005
0#
#73900005
1%
b10000 &
1#
#73905005
0#
#73910005
0%
b10011010001 =
b1001010101001111 B
b1001011000101000 A
1#
#73915005
0#
#73920005
1%
b10001 &
1#
#73925005
0#
#73930005
0%
b10011010010 =
b1001010101101110 B
b1001011000111001 A
1#
#73935005
0#
#73940005
1%
b10010 &
1#
#73945005
0#
#73950005
0%
b10011010011 =
b1001010110001101 B
b1001011001001011 A
1#
#73955005
0#
#73960005
1%
b10011 &
1#
#73965005
0#
#73970005
0%
b10011010100 =
b1001010110101100 B
b1001011001011110 A
1#
#73975005
0#
#73980005
1%
b10100 &
1#
#73985005
0#
#73990005
0%
b10011010101 =
b1001010111001011 B
b1001011001110010 A
1#
#73995005
0#
#74000005
1%
b10101 &
1#
#74005005
0#
#74010005
0%
b10011010110 =
b1001010111101010 B
b1001011010000111 A
1#
#74015005
0#
#74020005
1%
b10110 &
1#
#74025005
0#
#74030005
0%
b10011010111 =
b1001011000001001 B
b1001011010011101 A
1#
#74035005
0#
#74040005
1%
b10111 &
1#
#74045005
0#
#74050005
0%
b10011011000 =
b1001011000101000 B
b1001011010110100 A
1#
#74055005
0#
#74060005
1%
b11000 &
1#
#74065005
0#
#74070005
0%
b10011011001 =
b1001011001000111 B
b1001011011001100 A
1#
#74075005
0#
#74080005
1%
b11001 &
1#
#74085005
0#
#74090005
0%
b10011011010 =
b1001011001100110 B
b1001011011100101 A
1#
#74095005
0#
#74100005
1%
b11010 &
1#
#74105005
0#
#74110005
0%
b10011011011 =
b1001011010000101 B
b1001011011111111 A
1#
#74115005
0#
#74120005
1%
b11011 &
1#
#74125005
0#
#74130005
0%
b10011011100 =
b1001011010100100 B
b1001011100011010 A
1#
#74135005
0#
#74140005
1%
b11100 &
1#
#74145005
0#
#74150005
0%
b10011011101 =
b1001011011000011 B
b1001011100110110 A
1#
#74155005
0#
#74160005
1%
b11101 &
1#
#74165005
0#
#74170005
0%
b10011011110 =
b1001011011100010 B
b1001011101010011 A
1#
#74175005
0#
#74180005
1%
b11110 &
1#
#74185005
0#
#74190005
0%
b10011011111 =
b1001011100000001 B
b1001011101110001 A
1#
#74195005
0#
#74200005
1%
b11111 &
1#
#74205005
0#
#74210005
0%
b10011100000 =
b1001011100100000 B
b1001011110010000 A
1#
#74215005
0#
#74220005
1%
b100000 &
1#
#74225005
0#
#74230005
0%
b10011100001 =
b1001011100111111 B
b1001011110110000 A
1#
#74235005
0#
#74240005
1%
b100001 &
1#
#74245005
0#
#74250005
0%
b10011100010 =
b1001011101011110 B
b1001011111010001 A
1#
#74255005
0#
#74260005
1%
b100010 &
1#
#74265005
0#
#74270005
0%
b10011100011 =
b1001011101111101 B
b1001011111110011 A
1#
#74275005
0#
#74280005
1%
b100011 &
1#
#74285005
0#
#74290005
0%
b10011100100 =
b1001011110011100 B
b1001100000010110 A
1#
#74295005
0#
#74300005
1%
b100100 &
1#
#74305005
0#
#74310005
0%
b10011100101 =
b1001011110111011 B
b1001100000111010 A
1#
#74315005
0#
#74320005
1%
b100101 &
1#
#74325005
0#
#74330005
0%
b10011100110 =
b1001011111011010 B
b1001100001011111 A
1#
#74335005
0#
#74340005
1%
b100110 &
1#
#74345005
0#
#74350005
0%
b10011100111 =
b1001011111111001 B
b1001100010000101 A
1#
#74355005
0#
#74360005
1%
b100111 &
1#
#74365005
0#
#74370005
0%
b10011101000 =
b1001100000011000 B
b1001100010101100 A
1#
#74375005
0#
#74380005
1%
b101000 &
1#
#74385005
0#
#74390005
0%
b10011101001 =
b1001100000110111 B
b1001100011010100 A
1#
#74395005
0#
#74400005
1%
b101001 &
1#
#74405005
0#
#74410005
0%
b10011101010 =
b1001100001010110 B
b1001100011111101 A
1#
#74415005
0#
#74420005
1%
b101010 &
1#
#74425005
0#
#74430005
0%
b10011101011 =
b1001100001110101 B
b1001100100100111 A
1#
#74435005
0#
#74440005
1%
b101011 &
1#
#74445005
0#
#74450005
0%
b10011101100 =
b1001100010010100 B
b1001100101010010 A
1#
#74455005
0#
#74460005
1%
b101100 &
1#
#74465005
0#
#74470005
0%
b10011101101 =
b1001100010110011 B
b1001100101111110 A
1#
#74475005
0#
#74480005
1%
b101101 &
1#
#74485005
0#
#74490005
0%
b10011101110 =
b1001100011010010 B
b1001100110101011 A
1#
#74495005
0#
#74500005
1%
b101110 &
1#
#74505005
0#
#74510005
0%
b10011101111 =
b1001100011110001 B
b1001100111011001 A
1#
#74515005
0#
#74520005
1%
b101111 &
1#
#74525005
0#
#74530005
0%
b10011110000 =
b1001100100010000 B
b1001101000001000 A
1#
#74535005
0#
#74540005
1%
b110000 &
1#
#74545005
0#
#74550005
0%
b10011110001 =
b1001100100101111 B
b1001101000111000 A
1#
#74555005
0#
#74560005
1%
b110001 &
1#
#74565005
0#
#74570005
0%
b10011110010 =
b1001100101001110 B
b1001101001101001 A
1#
#74575005
0#
#74580005
1%
b110010 &
1#
#74585005
0#
#74590005
0%
b10011110011 =
b1001100101101101 B
b1001101010011011 A
1#
#74595005
0#
#74600005
1%
b110011 &
1#
#74605005
0#
#74610005
0%
b10011110100 =
b1001100110001100 B
b1001101011001110 A
1#
#74615005
0#
#74620005
1%
b110100 &
1#
#74625005
0#
#74630005
0%
b10011110101 =
b1001100110101011 B
b1001101100000010 A
1#
#74635005
0#
#74640005
1%
b110101 &
1#
#74645005
0#
#74650005
0%
b10011110110 =
b1001100111001010 B
b1001101100110111 A
1#
#74655005
0#
#74660005
1%
b110110 &
1#
#74665005
0#
#74670005
0%
b10011110111 =
b1001100111101001 B
b1001101101101101 A
1#
#74675005
0#
#74680005
1%
b110111 &
1#
#74685005
0#
#74690005
0%
b10011111000 =
b1001101000001000 B
b1001101110100100 A
1#
#74695005
0#
#74700005
1%
b111000 &
1#
#74705005
0#
#74710005
0%
b10011111001 =
b1001101000100111 B
b1001101111011100 A
1#
#74715005
0#
#74720005
1%
b111001 &
1#
#74725005
0#
#74730005
0%
b10011111010 =
b1001101001000110 B
b1001110000010101 A
1#
#74735005
0#
#74740005
1%
b111010 &
1#
#74745005
0#
#74750005
0%
b10011111011 =
b1001101001100101 B
b1001110001001111 A
1#
#74755005
0#
#74760005
1%
b111011 &
1#
#74765005
0#
#74770005
0%
b10011111100 =
b1001101010000100 B
b1001110010001010 A
1#
#74775005
0#
#74780005
1%
b111100 &
1#
#74785005
0#
#74790005
0%
b10011111101 =
b1001101010100011 B
b1001110011000110 A
1#
#74795005
0#
#74800005
1%
b111101 &
1#
#74805005
0#
#74810005
0%
b10011111110 =
b1001101011000010 B
b1001110100000011 A
1#
#74815005
0#
#74820005
1%
b111110 &
1#
#74825005
0#
#74830005
0%
b10011111111 =
b1001101011100001 B
b1001110101000001 A
1#
#74835005
0#
#74840005
1%
b111111 &
1#
#74845005
0#
#74850005
0%
b10100000000 =
b1001101100000000 B
b1001110110000000 A
1#
#74855005
0#
#74860005
1%
b0 &
1#
#74865005
0#
#74870005
0%
b10100000001 =
b1001101100011111 B
1#
#74875005
0#
#74880005
1%
b1 &
1#
#74885005
0#
#74890005
0%
b10100000010 =
b1001101100111110 B
b1001110110000001 A
1#
#74895005
0#
#74900005
1%
b10 &
1#
#74905005
0#
#74910005
0%
b10100000011 =
b1001101101011101 B
b1001110110000011 A
1#
#74915005
0#
#74920005
1%
b11 &
1#
#74925005
0#
#74930005
0%
b10100000100 =
b1001101101111100 B
b1001110110000110 A
1#
#74935005
0#
#74940005
1%
b100 &
1#
#74945005
0#
#74950005
0%
b10100000101 =
b1001101110011011 B
b1001110110001010 A
1#
#74955005
0#
#74960005
1%
b101 &
1#
#74965005
0#
#74970005
0%
b10100000110 =
b1001101110111010 B
b1001110110001111 A
1#
#74975005
0#
#74980005
1%
b110 &
1#
#74985005
0#
#74990005
0%
b10100000111 =
b1001101111011001 B
b1001110110010101 A
1#
#74995005
0#
#75000005
1%
b111 &
1#
#75005005
0#
#75010005
0%
b10100001000 =
b1001101111111000 B
b1001110110011100 A
1#
#75015005
0#
#75020005
1%
b1000 &
1#
#75025005
0#
#75030005
0%
b10100001001 =
b1001110000010111 B
b1001110110100100 A
1#
#75035005
0#
#75040005
1%
b1001 &
1#
#75045005
0#
#75050005
0%
b10100001010 =
b1001110000110110 B
b1001110110101101 A
1#
#75055005
0#
#75060005
1%
b1010 &
1#
#75065005
0#
#75070005
0%
b10100001011 =
b1001110001010101 B
b1001110110110111 A
1#
#75075005
0#
#75080005
1%
b1011 &
1#
#75085005
0#
#75090005
0%
b10100001100 =
b1001110001110100 B
b1001110111000010 A
1#
#75095005
0#
#75100005
1%
b1100 &
1#
#75105005
0#
#75110005
0%
b10100001101 =
b1001110010010011 B
b1001110111001110 A
1#
#75115005
0#
#75120005
1%
b1101 &
1#
#75125005
0#
#75130005
0%
b10100001110 =
b1001110010110010 B
b1001110111011011 A
1#
#75135005
0#
#75140005
1%
b1110 &
1#
#75145005
0#
#75150005
0%
b10100001111 =
b1001110011010001 B
b1001110111101001 A
1#
#75155005
0#
#75160005
1%
b1111 &
1#
#75165005
0#
#75170005
0%
b10100010000 =
b1001110011110000 B
b1001110111111000 A
1#
#75175005
0#
#75180005
1%
b10000 &
1#
#75185005
0#
#75190005
0%
b10100010001 =
b1001110100001111 B
b1001111000001000 A
1#
#75195005
0#
#75200005
1%
b10001 &
1#
#75205005
0#
#75210005
0%
b10100010010 =
b1001110100101110 B
b1001111000011001 A
1#
#75215005
0#
#75220005
1%
b10010 &
1#
#75225005
0#
#75230005
0%
b10100010011 =
b1001110101001101 B
b1001111000101011 A
1#
#75235005
0#
#75240005
1%
b10011 &
1#
#75245005
0#
#75250005
0%
b10100010100 =
b1001110101101100 B
b1001111000111110 A
1#
#75255005
0#
#75260005
1%
b10100 &
1#
#75265005
0#
#75270005
0%
b10100010101 =
b1001110110001011 B
b1001111001010010 A
1#
#75275005
0#
#75280005
1%
b10101 &
1#
#75285005
0#
#75290005
0%
b10100010110 =
b1001110110101010 B
b1001111001100111 A
1#
#75295005
0#
#75300005
1%
b10110 &
1#
#75305005
0#
#75310005
0%
b10100010111 =
b1001110111001001 B
b1001111001111101 A
1#
#75315005
0#
#75320005
1%
b10111 &
1#
#75325005
0#
#75330005
0%
b10100011000 =
b1001110111101000 B
b1001111010010100 A
1#
#75335005
0#
#75340005
1%
b11000 &
1#
#75345005
0#
#75350005
0%
b10100011001 =
b1001111000000111 B
b1001111010101100 A
1#
#75355005
0#
#75360005
1%
b11001 &
1#
#75365005
0#
#75370005
0%
b10100011010 =
b1001111000100110 B
b1001111011000101 A
1#
#75375005
0#
#75380005
1%
b11010 &
1#
#75385005
0#
#75390005
0%
b10100011011 =
b1001111001000101 B
b1001111011011111 A
1#
#75395005
0#
#75400005
1%
b11011 &
1#
#75405005
0#
#75410005
0%
b10100011100 =
b1001111001100100 B
b1001111011111010 A
1#
#75415005
0#
#75420005
1%
b11100 &
1#
#75425005
0#
#75430005
0%
b10100011101 =
b1001111010000011 B
b1001111100010110 A
1#
#75435005
0#
#75440005
1%
b11101 &
1#
#75445005
0#
#75450005
0%
b10100011110 =
b1001111010100010 B
b1001111100110011 A
1#
#75455005
0#
#75460005
1%
b11110 &
1#
#75465005
0#
#75470005
0%
b10100011111 =
b1001111011000001 B
b1001111101010001 A
1#
#75475005
0#
#75480005
1%
b11111 &
1#
#75485005
0#
#75490005
0%
b10100100000 =
b1001111011100000 B
b1001111101110000 A
1#
#75495005
0#
#75500005
1%
b100000 &
1#
#75505005
0#
#75510005
0%
b10100100001 =
b1001111011111111 B
b1001111110010000 A
1#
#75515005
0#
#75520005
1%
b100001 &
1#
#75525005
0#
#75530005
0%
b10100100010 =
b1001111100011110 B
b1001111110110001 A
1#
#75535005
0#
#75540005
1%
b100010 &
1#
#75545005
0#
#75550005
0%
b10100100011 =
b1001111100111101 B
b1001111111010011 A
1#
#75555005
0#
#75560005
1%
b100011 &
1#
#75565005
0#
#75570005
0%
b10100100100 =
b1001111101011100 B
b1001111111110110 A
1#
#75575005
0#
#75580005
1%
b100100 &
1#
#75585005
0#
#75590005
0%
b10100100101 =
b1001111101111011 B
b1010000000011010 A
1#
#75595005
0#
#75600005
1%
b100101 &
1#
#75605005
0#
#75610005
0%
b10100100110 =
b1001111110011010 B
b1010000000111111 A
1#
#75615005
0#
#75620005
1%
b100110 &
1#
#75625005
0#
#75630005
0%
b10100100111 =
b1001111110111001 B
b1010000001100101 A
1#
#75635005
0#
#75640005
1%
b100111 &
1#
#75645005
0#
#75650005
0%
b10100101000 =
b1001111111011000 B
b1010000010001100 A
1#
#75655005
0#
#75660005
1%
b101000 &
1#
#75665005
0#
#75670005
0%
b10100101001 =
b1001111111110111 B
b1010000010110100 A
1#
#75675005
0#
#75680005
1%
b101001 &
1#
#75685005
0#
#75690005
0%
b10100101010 =
b1010000000010110 B
b1010000011011101 A
1#
#75695005
0#
#75700005
1%
b101010 &
1#
#75705005
0#
#75710005
0%
b10100101011 =
b1010000000110101 B
b1010000100000111 A
1#
#75715005
0#
#75720005
1%
b101011 &
1#
#75725005
0#
#75730005
0%
b10100101100 =
b1010000001010100 B
b1010000100110010 A
1#
#75735005
0#
#75740005
1%
b101100 &
1#
#75745005
0#
#75750005
0%
b10100101101 =
b1010000001110011 B
b1010000101011110 A
1#
#75755005
0#
#75760005
1%
b101101 &
1#
#75765005
0#
#75770005
0%
b10100101110 =
b1010000010010010 B
b1010000110001011 A
1#
#75775005
0#
#75780005
1%
b101110 &
1#
#75785005
0#
#75790005
0%
b10100101111 =
b1010000010110001 B
b1010000110111001 A
1#
#75795005
0#
#75800005
1%
b101111 &
1#
#75805005
0#
#75810005
0%
b10100110000 =
b1010000011010000 B
b1010000111101000 A
1#
#75815005
0#
#75820005
1%
b110000 &
1#
#75825005
0#
#75830005
0%
b10100110001 =
b1010000011101111 B
b1010001000011000 A
1#
#75835005
0#
#75840005
1%
b110001 &
1#
#75845005
0#
#75850005
0%
b10100110010 =
b1010000100001110 B
b1010001001001001 A
1#
#75855005
0#
#75860005
1%
b110010 &
1#
#75865005
0#
#75870005
0%
b10100110011 =
b1010000100101101 B
b1010001001111011 A
1#
#75875005
0#
#75880005
1%
b110011 &
1#
#75885005
0#
#75890005
0%
b10100110100 =
b1010000101001100 B
b1010001010101110 A
1#
#75895005
0#
#75900005
1%
b110100 &
1#
#75905005
0#
#75910005
0%
b10100110101 =
b1010000101101011 B
b1010001011100010 A
1#
#75915005
0#
#75920005
1%
b110101 &
1#
#75925005
0#
#75930005
0%
b10100110110 =
b1010000110001010 B
b1010001100010111 A
1#
#75935005
0#
#75940005
1%
b110110 &
1#
#75945005
0#
#75950005
0%
b10100110111 =
b1010000110101001 B
b1010001101001101 A
1#
#75955005
0#
#75960005
1%
b110111 &
1#
#75965005
0#
#75970005
0%
b10100111000 =
b1010000111001000 B
b1010001110000100 A
1#
#75975005
0#
#75980005
1%
b111000 &
1#
#75985005
0#
#75990005
0%
b10100111001 =
b1010000111100111 B
b1010001110111100 A
1#
#75995005
0#
#76000005
1%
b111001 &
1#
#76005005
0#
#76010005
0%
b10100111010 =
b1010001000000110 B
b1010001111110101 A
1#
#76015005
0#
#76020005
1%
b111010 &
1#
#76025005
0#
#76030005
0%
b10100111011 =
b1010001000100101 B
b1010010000101111 A
1#
#76035005
0#
#76040005
1%
b111011 &
1#
#76045005
0#
#76050005
0%
b10100111100 =
b1010001001000100 B
b1010010001101010 A
1#
#76055005
0#
#76060005
1%
b111100 &
1#
#76065005
0#
#76070005
0%
b10100111101 =
b1010001001100011 B
b1010010010100110 A
1#
#76075005
0#
#76080005
1%
b111101 &
1#
#76085005
0#
#76090005
0%
b10100111110 =
b1010001010000010 B
b1010010011100011 A
1#
#76095005
0#
#76100005
1%
b111110 &
1#
#76105005
0#
#76110005
0%
b10100111111 =
b1010001010100001 B
b1010010100100001 A
1#
#76115005
0#
#76120005
1%
b111111 &
1#
#76125005
0#
#76130005
0%
b10101000000 =
b1010001011000000 B
b1010010101100000 A
1#
#76135005
0#
#76140005
1%
b0 &
1#
#76145005
0#
#76150005
0%
b10101000001 =
b1010001011011111 B
1#
#76155005
0#
#76160005
1%
b1 &
1#
#76165005
0#
#76170005
0%
b10101000010 =
b1010001011111110 B
b1010010101100001 A
1#
#76175005
0#
#76180005
1%
b10 &
1#
#76185005
0#
#76190005
0%
b10101000011 =
b1010001100011101 B
b1010010101100011 A
1#
#76195005
0#
#76200005
1%
b11 &
1#
#76205005
0#
#76210005
0%
b10101000100 =
b1010001100111100 B
b1010010101100110 A
1#
#76215005
0#
#76220005
1%
b100 &
1#
#76225005
0#
#76230005
0%
b10101000101 =
b1010001101011011 B
b1010010101101010 A
1#
#76235005
0#
#76240005
1%
b101 &
1#
#76245005
0#
#76250005
0%
b10101000110 =
b1010001101111010 B
b1010010101101111 A
1#
#76255005
0#
#76260005
1%
b110 &
1#
#76265005
0#
#76270005
0%
b10101000111 =
b1010001110011001 B
b1010010101110101 A
1#
#76275005
0#
#76280005
1%
b111 &
1#
#76285005
0#
#76290005
0%
b10101001000 =
b1010001110111000 B
b1010010101111100 A
1#
#76295005
0#
#76300005
1%
b1000 &
1#
#76305005
0#
#76310005
0%
b10101001001 =
b1010001111010111 B
b1010010110000100 A
1#
#76315005
0#
#76320005
1%
b1001 &
1#
#76325005
0#
#76330005
0%
b10101001010 =
b1010001111110110 B
b1010010110001101 A
1#
#76335005
0#
#76340005
1%
b1010 &
1#
#76345005
0#
#76350005
0%
b10101001011 =
b1010010000010101 B
b1010010110010111 A
1#
#76355005
0#
#76360005
1%
b1011 &
1#
#76365005
0#
#76370005
0%
b10101001100 =
b1010010000110100 B
b1010010110100010 A
1#
#76375005
0#
#76380005
1%
b1100 &
1#
#76385005
0#
#76390005
0%
b10101001101 =
b1010010001010011 B
b1010010110101110 A
1#
#76395005
0#
#76400005
1%
b1101 &
1#
#76405005
0#
#76410005
0%
b10101001110 =
b1010010001110010 B
b1010010110111011 A
1#
#76415005
0#
#76420005
1%
b1110 &
1#
#76425005
0#
#76430005
0%
b10101001111 =
b1010010010010001 B
b1010010111001001 A
1#
#76435005
0#
#76440005
1%
b1111 &
1#
#76445005
0#
#76450005
0%
b10101010000 =
b1010010010110000 B
b1010010111011000 A
1#
#76455005
0#
#76460005
1%
b10000 &
1#
#76465005
0#
#76470005
0%
b10101010001 =
b1010010011001111 B
b1010010111101000 A
1#
#76475005
0#
#76480005
1%
b10001 &
1#
#76485005
0#
#76490005
0%
b10101010010 =
b1010010011101110 B
b1010010111111001 A
1#
#76495005
0#
#76500005
1%
b10010 &
1#
#76505005
0#
#76510005
0%
b10101010011 =
b1010010100001101 B
b1010011000001011 A
1#
#76515005
0#
#76520005
1%
b10011 &
1#
#76525005
0#
#76530005
0%
b10101010100 =
b1010010100101100 B
b1010011000011110 A
1#
#76535005
0#
#76540005
1%
b10100 &
1#
#76545005
0#
#76550005
0%
b10101010101 =
b1010010101001011 B
b1010011000110010 A
1#
#76555005
0#
#76560005
1%
b10101 &
1#
#76565005
0#
#76570005
0%
b10101010110 =
b1010010101101010 B
b1010011001000111 A
1#
#76575005
0#
#76580005
1%
b10110 &
1#
#76585005
0#
#76590005
0%
b10101010111 =
b1010010110001001 B
b1010011001011101 A
1#
#76595005
0#
#76600005
1%
b10111 &
1#
#76605005
0#
#76610005
0%
b10101011000 =
b1010010110101000 B
b1010011001110100 A
1#
#76615005
0#
#76620005
1%
b11000 &
1#
#76625005
0#
#76630005
0%
b10101011001 =
b1010010111000111 B
b1010011010001100 A
1#
#76635005
0#
#76640005
1%
b11001 &
1#
#76645005
0#
#76650005
0%
b10101011010 =
b1010010111100110 B
b1010011010100101 A
1#
#76655005
0#
#76660005
1%
b11010 &
1#
#76665005
0#
#76670005
0%
b10101011011 =
b1010011000000101 B
b1010011010111111 A
1#
#76675005
0#
#76680005
1%
b11011 &
1#
#76685005
0#
#76690005
0%
b10101011100 =
b1010011000100100 B
b1010011011011010 A
1#
#76695005
0#
#76700005
1%
b11100 &
1#
#76705005
0#
#76710005
0%
b10101011101 =
b1010011001000011 B
b1010011011110110 A
1#
#76715005
0#
#76720005
1%
b11101 &
1#
#76725005
0#
#76730005
0%
b10101011110 =
b1010011001100010 B
b1010011100010011 A
1#
#76735005
0#
#76740005
1%
b11110 &
1#
#76745005
0#
#76750005
0%
b10101011111 =
b1010011010000001 B
b1010011100110001 A
1#
#76755005
0#
#76760005
1%
b11111 &
1#
#76765005
0#
#76770005
0%
b10101100000 =
b1010011010100000 B
b1010011101010000 A
1#
#76775005
0#
#76780005
1%
b100000 &
1#
#76785005
0#
#76790005
0%
b10101100001 =
b1010011010111111 B
b1010011101110000 A
1#
#76795005
0#
#76800005
1%
b100001 &
1#
#76805005
0#
#76810005
0%
b10101100010 =
b1010011011011110 B
b1010011110010001 A
1#
#76815005
0#
#76820005
1%
b100010 &
1#
#76825005
0#
#76830005
0%
b10101100011 =
b1010011011111101 B
b1010011110110011 A
1#
#76835005
0#
#76840005
1%
b100011 &
1#
#76845005
0#
#76850005
0%
b10101100100 =
b1010011100011100 B
b1010011111010110 A
1#
#76855005
0#
#76860005
1%
b100100 &
1#
#76865005
0#
#76870005
0%
b10101100101 =
b1010011100111011 B
b1010011111111010 A
1#
#76875005
0#
#76880005
1%
b100101 &
1#
#76885005
0#
#76890005
0%
b10101100110 =
b1010011101011010 B
b1010100000011111 A
1#
#76895005
0#
#76900005
1%
b100110 &
1#
#76905005
0#
#76910005
0%
b10101100111 =
b1010011101111001 B
b1010100001000101 A
1#
#76915005
0#
#76920005
1%
b100111 &
1#
#76925005
0#
#76930005
0%
b10101101000 =
b1010011110011000 B
b1010100001101100 A
1#
#76935005
0#
#76940005
1%
b101000 &
1#
#76945005
0#
#76950005
0%
b10101101001 =
b1010011110110111 B
b1010100010010100 A
1#
#76955005
0#
#76960005
1%
b101001 &
1#
#76965005
0#
#76970005
0%
b10101101010 =
b1010011111010110 B
b1010100010111101 A
1#
#76975005
0#
#76980005
1%
b101010 &
1#
#76985005
0#
#76990005
0%
b10101101011 =
b1010011111110101 B
b1010100011100111 A
1#
#76995005
0#
#77000005
1%
b101011 &
1#
#77005005
0#
#77010005
0%
b10101101100 =
b1010100000010100 B
b1010100100010010 A
1#
#77015005
0#
#77020005
1%
b101100 &
1#
#77025005
0#
#77030005
0%
b10101101101 =
b1010100000110011 B
b1010100100111110 A
1#
#77035005
0#
#77040005
1%
b101101 &
1#
#77045005
0#
#77050005
0%
b10101101110 =
b1010100001010010 B
b1010100101101011 A
1#
#77055005
0#
#77060005
1%
b101110 &
1#
#77065005
0#
#77070005
0%
b10101101111 =
b1010100001110001 B
b1010100110011001 A
1#
#77075005
0#
#77080005
1%
b101111 &
1#
#77085005
0#
#77090005
0%
b10101110000 =
b1010100010010000 B
b1010100111001000 A
1#
#77095005
0#
#77100005
1%
b110000 &
1#
#77105005
0#
#77110005
0%
b10101110001 =
b1010100010101111 B
b1010100111111000 A
1#
#77115005
0#
#77120005
1%
b110001 &
1#
#77125005
0#
#77130005
0%
b10101110010 =
b1010100011001110 B
b1010101000101001 A
1#
#77135005
0#
#77140005
1%
b110010 &
1#
#77145005
0#
#77150005
0%
b10101110011 =
b1010100011101101 B
b1010101001011011 A
1#
#77155005
0#
#77160005
1%
b110011 &
1#
#77165005
0#
#77170005
0%
b10101110100 =
b1010100100001100 B
b1010101010001110 A
1#
#77175005
0#
#77180005
1%
b110100 &
1#
#77185005
0#
#77190005
0%
b10101110101 =
b1010100100101011 B
b1010101011000010 A
1#
#77195005
0#
#77200005
1%
b110101 &
1#
#77205005
0#
#77210005
0%
b10101110110 =
b1010100101001010 B
b1010101011110111 A
1#
#77215005
0#
#77220005
1%
b110110 &
1#
#77225005
0#
#77230005
0%
b10101110111 =
b1010100101101001 B
b1010101100101101 A
1#
#77235005
0#
#77240005
1%
b110111 &
1#
#77245005
0#
#77250005
0%
b10101111000 =
b1010100110001000 B
b1010101101100100 A
1#
#77255005
0#
#77260005
1%
b111000 &
1#
#77265005
0#
#77270005
0%
b10101111001 =
b1010100110100111 B
b1010101110011100 A
1#
#77275005
0#
#77280005
1%
b111001 &
1#
#77285005
0#
#77290005
0%
b10101111010 =
b1010100111000110 B
b1010101111010101 A
1#
#77295005
0#
#77300005
1%
b111010 &
1#
#77305005
0#
#77310005
0%
b10101111011 =
b1010100111100101 B
b1010110000001111 A
1#
#77315005
0#
#77320005
1%
b111011 &
1#
#77325005
0#
#77330005
0%
b10101111100 =
b1010101000000100 B
b1010110001001010 A
1#
#77335005
0#
#77340005
1%
b111100 &
1#
#77345005
0#
#77350005
0%
b10101111101 =
b1010101000100011 B
b1010110010000110 A
1#
#77355005
0#
#77360005
1%
b111101 &
1#
#77365005
0#
#77370005
0%
b10101111110 =
b1010101001000010 B
b1010110011000011 A
1#
#77375005
0#
#77380005
1%
b111110 &
1#
#77385005
0#
#77390005
0%
b10101111111 =
b1010101001100001 B
b1010110100000001 A
1#
#77395005
0#
#77400005
1%
b111111 &
1#
#77405005
0#
#77410005
0%
b10110000000 =
b1010101010000000 B
b1010110101000000 A
1#
#77415005
0#
#77420005
1%
b0 &
1#
#77425005
0#
#77430005
0%
b10110000001 =
b1010101010011111 B
1#
#77435005
0#
#77440005
1%
b1 &
1#
#77445005
0#
#77450005
0%
b10110000010 =
b1010101010111110 B
b1010110101000001 A
1#
#77455005
0#
#77460005
1%
b10 &
1#
#77465005
0#
#77470005
0%
b10110000011 =
b1010101011011101 B
b1010110101000011 A
1#
#77475005
0#
#77480005
1%
b11 &
1#
#77485005
0#
#77490005
0%
b10110000100 =
b1010101011111100 B
b1010110101000110 A
1#
#77495005
0#
#77500005
1%
b100 &
1#
#77505005
0#
#77510005
0%
b10110000101 =
b1010101100011011 B
b1010110101001010 A
1#
#77515005
0#
#77520005
1%
b101 &
1#
#77525005
0#
#77530005
0%
b10110000110 =
b1010101100111010 B
b1010110101001111 A
1#
#77535005
0#
#77540005
1%
b110 &
1#
#77545005
0#
#77550005
0%
b10110000111 =
b1010101101011001 B
b1010110101010101 A
1#
#77555005
0#
#77560005
1%
b111 &
1#
#77565005
0#
#77570005
0%
b10110001000 =
b1010101101111000 B
b1010110101011100 A
1#
#77575005
0#
#77580005
1%
b1000 &
1#
#77585005
0#
#77590005
0%
b10110001001 =
b1010101110010111 B
b1010110101100100 A
1#
#77595005
0#
#77600005
1%
b1001 &
1#
#77605005
0#
#77610005
0%
b10110001010 =
b1010101110110110 B
b1010110101101101 A
1#
#77615005
0#
#77620005
1%
b1010 &
1#
#77625005
0#
#77630005
0%
b10110001011 =
b1010101111010101 B
b1010110101110111 A
1#
#77635005
0#
#77640005
1%
b1011 &
1#
#77645005
0#
#77650005
0%
b10110001100 =
b1010101111110100 B
b1010110110000010 A
1#
#77655005
0#
#77660005
1%
b1100 &
1#
#77665005
0#
#77670005
0%
b10110001101 =
b1010110000010011 B
b1010110110001110 A
1#
#77675005
0#
#77680005
1%
b1101 &
1#
#77685005
0#
#77690005
0%
b10110001110 =
b1010110000110010 B
b1010110110011011 A
1#
#77695005
0#
#77700005
1%
b1110 &
1#
#77705005
0#
#77710005
0%
b10110001111 =
b1010110001010001 B
b1010110110101001 A
1#
#77715005
0#
#77720005
1%
b1111 &
1#
#77725005
0#
#77730005
0%
b10110010000 =
b1010110001110000 B
b1010110110111000 A
1#
#77735005
0#
#77740005
1%
b10000 &
1#
#77745005
0#
#77750005
0%
b10110010001 =
b1010110010001111 B
b1010110111001000 A
1#
#77755005
0#
#77760005
1%
b10001 &
1#
#77765005
0#
#77770005
0%
b10110010010 =
b1010110010101110 B
b1010110111011001 A
1#
#77775005
0#
#77780005
1%
b10010 &
1#
#77785005
0#
#77790005
0%
b10110010011 =
b1010110011001101 B
b1010110111101011 A
1#
#77795005
0#
#77800005
1%
b10011 &
1#
#77805005
0#
#77810005
0%
b10110010100 =
b1010110011101100 B
b1010110111111110 A
1#
#77815005
0#
#77820005
1%
b10100 &
1#
#77825005
0#
#77830005
0%
b10110010101 =
b1010110100001011 B
b1010111000010010 A
1#
#77835005
0#
#77840005
1%
b10101 &
1#
#77845005
0#
#77850005
0%
b10110010110 =
b1010110100101010 B
b1010111000100111 A
1#
#77855005
0#
#77860005
1%
b10110 &
1#
#77865005
0#
#77870005
0%
b10110010111 =
b1010110101001001 B
b1010111000111101 A
1#
#77875005
0#
#77880005
1%
b10111 &
1#
#77885005
0#
#77890005
0%
b10110011000 =
b1010110101101000 B
b1010111001010100 A
1#
#77895005
0#
#77900005
1%
b11000 &
1#
#77905005
0#
#77910005
0%
b10110011001 =
b1010110110000111 B
b1010111001101100 A
1#
#77915005
0#
#77920005
1%
b11001 &
1#
#77925005
0#
#77930005
0%
b10110011010 =
b1010110110100110 B
b1010111010000101 A
1#
#77935005
0#
#77940005
1%
b11010 &
1#
#77945005
0#
#77950005
0%
b10110011011 =
b1010110111000101 B
b1010111010011111 A
1#
#77955005
0#
#77960005
1%
b11011 &
1#
#77965005
0#
#77970005
0%
b10110011100 =
b1010110111100100 B
b1010111010111010 A
1#
#77975005
0#
#77980005
1%
b11100 &
1#
#77985005
0#
#77990005
0%
b10110011101 =
b1010111000000011 B
b1010111011010110 A
1#
#77995005
0#
#78000005
1%
b11101 &
1#
#78005005
0#
#78010005
0%
b10110011110 =
b1010111000100010 B
b1010111011110011 A
1#
#78015005
0#
#78020005
1%
b11110 &
1#
#78025005
0#
#78030005
0%
b10110011111 =
b1010111001000001 B
b1010111100010001 A
1#
#78035005
0#
#78040005
1%
b11111 &
1#
#78045005
0#
#78050005
0%
b10110100000 =
b1010111001100000 B
b1010111100110000 A
1#
#78055005
0#
#78060005
1%
b100000 &
1#
#78065005
0#
#78070005
0%
b10110100001 =
b1010111001111111 B
b1010111101010000 A
1#
#78075005
0#
#78080005
1%
b100001 &
1#
#78085005
0#
#78090005
0%
b10110100010 =
b1010111010011110 B
b1010111101110001 A
1#
#78095005
0#
#78100005
1%
b100010 &
1#
#78105005
0#
#78110005
0%
b10110100011 =
b1010111010111101 B
b1010111110010011 A
1#
#78115005
0#
#78120005
1%
b100011 &
1#
#78125005
0#
#78130005
0%
b10110100100 =
b1010111011011100 B
b1010111110110110 A
1#
#78135005
0#
#78140005
1%
b100100 &
1#
#78145005
0#
#78150005
0%
b10110100101 =
b1010111011111011 B
b1010111111011010 A
1#
#78155005
0#
#78160005
1%
b100101 &
1#
#78165005
0#
#78170005
0%
b10110100110 =
b1010111100011010 B
b1010111111111111 A
1#
#78175005
0#
#78180005
1%
b100110 &
1#
#78185005
0#
#78190005
0%
b10110100111 =
b1010111100111001 B
b1011000000100101 A
1#
#78195005
0#
#78200005
1%
b100111 &
1#
#78205005
0#
#78210005
0%
b10110101000 =
b1010111101011000 B
b1011000001001100 A
1#
#78215005
0#
#78220005
1%
b101000 &
1#
#78225005
0#
#78230005
0%
b10110101001 =
b1010111101110111 B
b1011000001110100 A
1#
#78235005
0#
#78240005
1%
b101001 &
1#
#78245005
0#
#78250005
0%
b10110101010 =
b1010111110010110 B
b1011000010011101 A
1#
#78255005
0#
#78260005
1%
b101010 &
1#
#78265005
0#
#78270005
0%
b10110101011 =
b1010111110110101 B
b1011000011000111 A
1#
#78275005
0#
#78280005
1%
b101011 &
1#
#78285005
0#
#78290005
0%
b10110101100 =
b1010111111010100 B
b1011000011110010 A
1#
#78295005
0#
#78300005
1%
b101100 &
1#
#78305005
0#
#78310005
0%
b10110101101 =
b1010111111110011 B
b1011000100011110 A
1#
#78315005
0#
#78320005
1%
b101101 &
1#
#78325005
0#
#78330005
0%
b10110101110 =
b1011000000010010 B
b1011000101001011 A
1#
#78335005
0#
#78340005
1%
b101110 &
1#
#78345005
0#
#78350005
0%
b10110101111 =
b1011000000110001 B
b1011000101111001 A
1#
#78355005
0#
#78360005
1%
b101111 &
1#
#78365005
0#
#78370005
0%
b10110110000 =
b1011000001010000 B
b1011000110101000 A
1#
#78375005
0#
#78380005
1%
b110000 &
1#
#78385005
0#
#78390005
0%
b10110110001 =
b1011000001101111 B
b1011000111011000 A
1#
#78395005
0#
#78400005
1%
b110001 &
1#
#78405005
0#
#78410005
0%
b10110110010 =
b1011000010001110 B
b1011001000001001 A
1#
#78415005
0#
#78420005
1%
b110010 &
1#
#78425005
0#
#78430005
0%
b10110110011 =
b1011000010101101 B
b1011001000111011 A
1#
#78435005
0#
#78440005
1%
b110011 &
1#
#78445005
0#
#78450005
0%
b10110110100 =
b1011000011001100 B
b1011001001101110 A
1#
#78455005
0#
#78460005
1%
b110100 &
1#
#78465005
0#
#78470005
0%
b10110110101 =
b1011000011101011 B
b1011001010100010 A
1#
#78475005
0#
#78480005
1%
b110101 &
1#
#78485005
0#
#78490005
0%
b10110110110 =
b1011000100001010 B
b1011001011010111 A
1#
#78495005
0#
#78500005
1%
b110110 &
1#
#78505005
0#
#78510005
0%
b10110110111 =
b1011000100101001 B
b1011001100001101 A
1#
#78515005
0#
#78520005
1%
b110111 &
1#
#78525005
0#
#78530005
0%
b10110111000 =
b1011000101001000 B
b1011001101000100 A
1#
#78535005
0#
#78540005
1%
b111000 &
1#
#78545005
0#
#78550005
0%
b10110111001 =
b1011000101100111 B
b1011001101111100 A
1#
#78555005
0#
#78560005
1%
b111001 &
1#
#78565005
0#
#78570005
0%
b10110111010 =
b1011000110000110 B
b1011001110110101 A
1#
#78575005
0#
#78580005
1%
b111010 &
1#
#78585005
0#
#78590005
0%
b10110111011 =
b1011000110100101 B
b1011001111101111 A
1#
#78595005
0#
#78600005
1%
b111011 &
1#
#78605005
0#
#78610005
0%
b10110111100 =
b1011000111000100 B
b1011010000101010 A
1#
#78615005
0#
#78620005
1%
b111100 &
1#
#78625005
0#
#78630005
0%
b10110111101 =
b1011000111100011 B
b1011010001100110 A
1#
#78635005
0#
#78640005
1%
b111101 &
1#
#78645005
0#
#78650005
0%
b10110111110 =
b1011001000000010 B
b1011010010100011 A
1#
#78655005
0#
#78660005
1%
b111110 &
1#
#78665005
0#
#78670005
0%
b10110111111 =
b1011001000100001 B
b1011010011100001 A
1#
#78675005
0#
#78680005
1%
b111111 &
1#
#78685005
0#
#78690005
0%
b10111000000 =
b1011001001000000 B
b1011010100100000 A
1#
#78695005
0#
#78700005
1%
b0 &
1#
#78705005
0#
#78710005
0%
b10111000001 =
b1011001001011111 B
1#
#78715005
0#
#78720005
1%
b1 &
1#
#78725005
0#
#78730005
0%
b10111000010 =
b1011001001111110 B
b1011010100100001 A
1#
#78735005
0#
#78740005
1%
b10 &
1#
#78745005
0#
#78750005
0%
b10111000011 =
b1011001010011101 B
b1011010100100011 A
1#
#78755005
0#
#78760005
1%
b11 &
1#
#78765005
0#
#78770005
0%
b10111000100 =
b1011001010111100 B
b1011010100100110 A
1#
#78775005
0#
#78780005
1%
b100 &
1#
#78785005
0#
#78790005
0%
b10111000101 =
b1011001011011011 B
b1011010100101010 A
1#
#78795005
0#
#78800005
1%
b101 &
1#
#78805005
0#
#78810005
0%
b10111000110 =
b1011001011111010 B
b1011010100101111 A
1#
#78815005
0#
#78820005
1%
b110 &
1#
#78825005
0#
#78830005
0%
b10111000111 =
b1011001100011001 B
b1011010100110101 A
1#
#78835005
0#
#78840005
1%
b111 &
1#
#78845005
0#
#78850005
0%
b10111001000 =
b1011001100111000 B
b1011010100111100 A
1#
#78855005
0#
#78860005
1%
b1000 &
1#
#78865005
0#
#78870005
0%
b10111001001 =
b1011001101010111 B
b1011010101000100 A
1#
#78875005
0#
#78880005
1%
b1001 &
1#
#78885005
0#
#78890005
0%
b10111001010 =
b1011001101110110 B
b1011010101001101 A
1#
#78895005
0#
#78900005
1%
b1010 &
1#
#78905005
0#
#78910005
0%
b10111001011 =
b1011001110010101 B
b1011010101010111 A
1#
#78915005
0#
#78920005
1%
b1011 &
1#
#78925005
0#
#78930005
0%
b10111001100 =
b1011001110110100 B
b1011010101100010 A
1#
#78935005
0#
#78940005
1%
b1100 &
1#
#78945005
0#
#78950005
0%
b10111001101 =
b1011001111010011 B
b1011010101101110 A
1#
#78955005
0#
#78960005
1%
b1101 &
1#
#78965005
0#
#78970005
0%
b10111001110 =
b1011001111110010 B
b1011010101111011 A
1#
#78975005
0#
#78980005
1%
b1110 &
1#
#78985005
0#
#78990005
0%
b10111001111 =
b1011010000010001 B
b1011010110001001 A
1#
#78995005
0#
#79000005
1%
b1111 &
1#
#79005005
0#
#79010005
0%
b10111010000 =
b1011010000110000 B
b1011010110011000 A
1#
#79015005
0#
#79020005
1%
b10000 &
1#
#79025005
0#
#79030005
0%
b10111010001 =
b1011010001001111 B
b1011010110101000 A
1#
#79035005
0#
#79040005
1%
b10001 &
1#
#79045005
0#
#79050005
0%
b10111010010 =
b1011010001101110 B
b1011010110111001 A
1#
#79055005
0#
#79060005
1%
b10010 &
1#
#79065005
0#
#79070005
0%
b10111010011 =
b1011010010001101 B
b1011010111001011 A
1#
#79075005
0#
#79080005
1%
b10011 &
1#
#79085005
0#
#79090005
0%
b10111010100 =
b1011010010101100 B
b1011010111011110 A
1#
#79095005
0#
#79100005
1%
b10100 &
1#
#79105005
0#
#79110005
0%
b10111010101 =
b1011010011001011 B
b1011010111110010 A
1#
#79115005
0#
#79120005
1%
b10101 &
1#
#79125005
0#
#79130005
0%
b10111010110 =
b1011010011101010 B
b1011011000000111 A
1#
#79135005
0#
#79140005
1%
b10110 &
1#
#79145005
0#
#79150005
0%
b10111010111 =
b1011010100001001 B
b1011011000011101 A
1#
#79155005
0#
#79160005
1%
b10111 &
1#
#79165005
0#
#79170005
0%
b10111011000 =
b1011010100101000 B
b1011011000110100 A
1#
#79175005
0#
#79180005
1%
b11000 &
1#
#79185005
0#
#79190005
0%
b10111011001 =
b1011010101000111 B
b1011011001001100 A
1#
#79195005
0#
#79200005
1%
b11001 &
1#
#79205005
0#
#79210005
0%
b10111011010 =
b1011010101100110 B
b1011011001100101 A
1#
#79215005
0#
#79220005
1%
b11010 &
1#
#79225005
0#
#79230005
0%
b10111011011 =
b1011010110000101 B
b1011011001111111 A
1#
#79235005
0#
#79240005
1%
b11011 &
1#
#79245005
0#
#79250005
0%
b10111011100 =
b1011010110100100 B
b1011011010011010 A
1#
#79255005
0#
#79260005
1%
b11100 &
1#
#79265005
0#
#79270005
0%
b10111011101 =
b1011010111000011 B
b1011011010110110 A
1#
#79275005
0#
#79280005
1%
b11101 &
1#
#79285005
0#
#79290005
0%
b10111011110 =
b1011010111100010 B
b1011011011010011 A
1#
#79295005
0#
#79300005
1%
b11110 &
1#
#79305005
0#
#79310005
0%
b10111011111 =
b1011011000000001 B
b1011011011110001 A
1#
#79315005
0#
#79320005
1%
b11111 &
1#
#79325005
0#
#79330005
0%
b10111100000 =
b1011011000100000 B
b1011011100010000 A
1#
#79335005
0#
#79340005
1%
b100000 &
1#
#79345005
0#
#79350005
0%
b10111100001 =
b1011011000111111 B
b1011011100110000 A
1#
#79355005
0#
#79360005
1%
b100001 &
1#
#79365005
0#
#79370005
0%
b10111100010 =
b1011011001011110 B
b1011011101010001 A
1#
#79375005
0#
#79380005
1%
b100010 &
1#
#79385005
0#
#79390005
0%
b10111100011 =
b1011011001111101 B
b1011011101110011 A
1#
#79395005
0#
#79400005
1%
b100011 &
1#
#79405005
0#
#79410005
0%
b10111100100 =
b1011011010011100 B
b1011011110010110 A
1#
#79415005
0#
#79420005
1%
b100100 &
1#
#79425005
0#
#79430005
0%
b10111100101 =
b1011011010111011 B
b1011011110111010 A
1#
#79435005
0#
#79440005
1%
b100101 &
1#
#79445005
0#
#79450005
0%
b10111100110 =
b1011011011011010 B
b1011011111011111 A
1#
#79455005
0#
#79460005
1%
b100110 &
1#
#79465005
0#
#79470005
0%
b10111100111 =
b1011011011111001 B
b1011100000000101 A
1#
#79475005
0#
#79480005
1%
b100111 &
1#
#79485005
0#
#79490005
0%
b10111101000 =
b1011011100011000 B
b1011100000101100 A
1#
#79495005
0#
#79500005
1%
b101000 &
1#
#79505005
0#
#79510005
0%
b10111101001 =
b1011011100110111 B
b1011100001010100 A
1#
#79515005
0#
#79520005
1%
b101001 &
1#
#79525005
0#
#79530005
0%
b10111101010 =
b1011011101010110 B
b1011100001111101 A
1#
#79535005
0#
#79540005
1%
b101010 &
1#
#79545005
0#
#79550005
0%
b10111101011 =
b1011011101110101 B
b1011100010100111 A
1#
#79555005
0#
#79560005
1%
b101011 &
1#
#79565005
0#
#79570005
0%
b10111101100 =
b1011011110010100 B
b1011100011010010 A
1#
#79575005
0#
#79580005
1%
b101100 &
1#
#79585005
0#
#79590005
0%
b10111101101 =
b1011011110110011 B
b1011100011111110 A
1#
#79595005
0#
#79600005
1%
b101101 &
1#
#79605005
0#
#79610005
0%
b10111101110 =
b1011011111010010 B
b1011100100101011 A
1#
#79615005
0#
#79620005
1%
b101110 &
1#
#79625005
0#
#79630005
0%
b10111101111 =
b1011011111110001 B
b1011100101011001 A
1#
#79635005
0#
#79640005
1%
b101111 &
1#
#79645005
0#
#79650005
0%
b10111110000 =
b1011100000010000 B
b1011100110001000 A
1#
#79655005
0#
#79660005
1%
b110000 &
1#
#79665005
0#
#79670005
0%
b10111110001 =
b1011100000101111 B
b1011100110111000 A
1#
#79675005
0#
#79680005
1%
b110001 &
1#
#79685005
0#
#79690005
0%
b10111110010 =
b1011100001001110 B
b1011100111101001 A
1#
#79695005
0#
#79700005
1%
b110010 &
1#
#79705005
0#
#79710005
0%
b10111110011 =
b1011100001101101 B
b1011101000011011 A
1#
#79715005
0#
#79720005
1%
b110011 &
1#
#79725005
0#
#79730005
0%
b10111110100 =
b1011100010001100 B
b1011101001001110 A
1#
#79735005
0#
#79740005
1%
b110100 &
1#
#79745005
0#
#79750005
0%
b10111110101 =
b1011100010101011 B
b1011101010000010 A
1#
#79755005
0#
#79760005
1%
b110101 &
1#
#79765005
0#
#79770005
0%
b10111110110 =
b1011100011001010 B
b1011101010110111 A
1#
#79775005
0#
#79780005
1%
b110110 &
1#
#79785005
0#
#79790005
0%
b10111110111 =
b1011100011101001 B
b1011101011101101 A
1#
#79795005
0#
#79800005
1%
b110111 &
1#
#79805005
0#
#79810005
0%
b10111111000 =
b1011100100001000 B
b1011101100100100 A
1#
#79815005
0#
#79820005
1%
b111000 &
1#
#79825005
0#
#79830005
0%
b10111111001 =
b1011100100100111 B
b1011101101011100 A
1#
#79835005
0#
#79840005
1%
b111001 &
1#
#79845005
0#
#79850005
0%
b10111111010 =
b1011100101000110 B
b1011101110010101 A
1#
#79855005
0#
#79860005
1%
b111010 &
1#
#79865005
0#
#79870005
0%
b10111111011 =
b1011100101100101 B
b1011101111001111 A
1#
#79875005
0#
#79880005
1%
b111011 &
1#
#79885005
0#
#79890005
0%
b10111111100 =
b1011100110000100 B
b1011110000001010 A
1#
#79895005
0#
#79900005
1%
b111100 &
1#
#79905005
0#
#79910005
0%
b10111111101 =
b1011100110100011 B
b1011110001000110 A
1#
#79915005
0#
#79920005
1%
b111101 &
1#
#79925005
0#
#79930005
0%
b10111111110 =
b1011100111000010 B
b1011110010000011 A
1#
#79935005
0#
#79940005
1%
b111110 &
1#
#79945005
0#
#79950005
0%
b10111111111 =
b1011100111100001 B
b1011110011000001 A
1#
#79955005
0#
#79960005
1%
b111111 &
1#
#79965005
0#
#79970005
0%
b11000000000 =
b1011101000000000 B
b1011110100000000 A
1#
#79975005
0#
#79980005
1%
b0 &
1#
#79985005
0#
#79990005
0%
b11000000001 =
b1011101000011111 B
1#
#79995005
0#
#80000005
1%
b1 &
1#
#80005005
0#
#80010005
0%
b11000000010 =
b1011101000111110 B
b1011110100000001 A
1#
#80015005
0#
#80020005
1%
b10 &
1#
#80025005
0#
#80030005
0%
b11000000011 =
b1011101001011101 B
b1011110100000011 A
1#
#80035005
0#
#80040005
1%
b11 &
1#
#80045005
0#
#80050005
0%
b11000000100 =
b1011101001111100 B
b1011110100000110 A
1#
#80055005
0#
#80060005
1%
b100 &
1#
#80065005
0#
#80070005
0%
b11000000101 =
b1011101010011011 B
b1011110100001010 A
1#
#80075005
0#
#80080005
1%
b101 &
1#
#80085005
0#
#80090005
0%
b11000000110 =
b1011101010111010 B
b1011110100001111 A
1#
#80095005
0#
#80100005
1%
b110 &
1#
#80105005
0#
#80110005
0%
b11000000111 =
b1011101011011001 B
b1011110100010101 A
1#
#80115005
0#
#80120005
1%
b111 &
1#
#80125005
0#
#80130005
0%
b11000001000 =
b1011101011111000 B
b1011110100011100 A
1#
#80135005
0#
#80140005
1%
b1000 &
1#
#80145005
0#
#80150005
0%
b11000001001 =
b1011101100010111 B
b1011110100100100 A
1#
#80155005
0#
#80160005
1%
b1001 &
1#
#80165005
0#
#80170005
0%
b11000001010 =
b1011101100110110 B
b1011110100101101 A
1#
#80175005
0#
#80180005
1%
b1010 &
1#
#80185005
0#
#80190005
0%
b11000001011 =
b1011101101010101 B
b1011110100110111 A
1#
#80195005
0#
#80200005
1%
b1011 &
1#
#80205005
0#
#80210005
0%
b11000001100 =
b1011101101110100 B
b1011110101000010 A
1#
#80215005
0#
#80220005
1%
b1100 &
1#
#80225005
0#
#80230005
0%
b11000001101 =
b1011101110010011 B
b1011110101001110 A
1#
#80235005
0#
#80240005
1%
b1101 &
1#
#80245005
0#
#80250005
0%
b11000001110 =
b1011101110110010 B
b1011110101011011 A
1#
#80255005
0#
#80260005
1%
b1110 &
1#
#80265005
0#
#80270005
0%
b11000001111 =
b1011101111010001 B
b1011110101101001 A
1#
#80275005
0#
#80280005
1%
b1111 &
1#
#80285005
0#
#80290005
0%
b11000010000 =
b1011101111110000 B
b1011110101111000 A
1#
#80295005
0#
#80300005
1%
b10000 &
1#
#80305005
0#
#80310005
0%
b11000010001 =
b1011110000001111 B
b1011110110001000 A
1#
#80315005
0#
#80320005
1%
b10001 &
1#
#80325005
0#
#80330005
0%
b11000010010 =
b1011110000101110 B
b1011110110011001 A
1#
#80335005
0#
#80340005
1%
b10010 &
1#
#80345005
0#
#80350005
0%
b11000010011 =
b1011110001001101 B
b1011110110101011 A
1#
#80355005
0#
#80360005
1%
b10011 &
1#
#80365005
0#
#80370005
0%
b11000010100 =
b1011110001101100 B
b1011110110111110 A
1#
#80375005
0#
#80380005
1%
b10100 &
1#
#80385005
0#
#80390005
0%
b11000010101 =
b1011110010001011 B
b1011110111010010 A
1#
#80395005
0#
#80400005
1%
b10101 &
1#
#80405005
0#
#80410005
0%
b11000010110 =
b1011110010101010 B
b1011110111100111 A
1#
#80415005
0#
#80420005
1%
b10110 &
1#
#80425005
0#
#80430005
0%
b11000010111 =
b1011110011001001 B
b1011110111111101 A
1#
#80435005
0#
#80440005
1%
b10111 &
1#
#80445005
0#
#80450005
0%
b11000011000 =
b1011110011101000 B
b1011111000010100 A
1#
#80455005
0#
#80460005
1%
b11000 &
1#
#80465005
0#
#80470005
0%
b11000011001 =
b1011110100000111 B
b1011111000101100 A
1#
#80475005
0#
#80480005
1%
b11001 &
1#
#80485005
0#
#80490005
0%
b11000011010 =
b1011110100100110 B
b1011111001000101 A
1#
#80495005
0#
#80500005
1%
b11010 &
1#
#80505005
0#
#80510005
0%
b11000011011 =
b1011110101000101 B
b1011111001011111 A
1#
#80515005
0#
#80520005
1%
b11011 &
1#
#80525005
0#
#80530005
0%
b11000011100 =
b1011110101100100 B
b1011111001111010 A
1#
#80535005
0#
#80540005
1%
b11100 &
1#
#80545005
0#
#80550005
0%
b11000011101 =
b1011110110000011 B
b1011111010010110 A
1#
#80555005
0#
#80560005
1%
b11101 &
1#
#80565005
0#
#80570005
0%
b11000011110 =
b1011110110100010 B
b1011111010110011 A
1#
#80575005
0#
#80580005
1%
b11110 &
1#
#80585005
0#
#80590005
0%
b11000011111 =
b1011110111000001 B
b1011111011010001 A
1#
#80595005
0#
#80600005
1%
b11111 &
1#
#80605005
0#
#80610005
0%
b11000100000 =
b1011110111100000 B
b1011111011110000 A
1#
#80615005
0#
#80620005
1%
b100000 &
1#
#80625005
0#
#80630005
0%
b11000100001 =
b1011110111111111 B
b1011111100010000 A
1#
#80635005
0#
#80640005
1%
b100001 &
1#
#80645005
0#
#80650005
0%
b11000100010 =
b1011111000011110 B
b1011111100110001 A
1#
#80655005
0#
#80660005
1%
b100010 &
1#
#80665005
0#
#80670005
0%
b11000100011 =
b1011111000111101 B
b1011111101010011 A
1#
#80675005
0#
#80680005
1%
b100011 &
1#
#80685005
0#
#80690005
0%
b11000100100 =
b1011111001011100 B
b1011111101110110 A
1#
#80695005
0#
#80700005
1%
b100100 &
1#
#80705005
0#
#80710005
0%
b11000100101 =
b1011111001111011 B
b1011111110011010 A
1#
#80715005
0#
#80720005
1%
b100101 &
1#
#80725005
0#
#80730005
0%
b11000100110 =
b1011111010011010 B
b1011111110111111 A
1#
#80735005
0#
#80740005
1%
b100110 &
1#
#80745005
0#
#80750005
0%
b11000100111 =
b1011111010111001 B
b1011111111100101 A
1#
#80755005
0#
#80760005
1%
b100111 &
1#
#80765005
0#
#80770005
0%
b11000101000 =
b1011111011011000 B
b1100000000001100 A
1#
#80775005
0#
#80780005
1%
b101000 &
1#
#80785005
0#
#80790005
0%
b11000101001 =
b1011111011110111 B
b1100000000110100 A
1#
#80795005
0#
#80800005
1%
b101001 &
1#
#80805005
0#
#80810005
0%
b11000101010 =
b1011111100010110 B
b1100000001011101 A
1#
#80815005
0#
#80820005
1%
b101010 &
1#
#80825005
0#
#80830005
0%
b11000101011 =
b1011111100110101 B
b1100000010000111 A
1#
#80835005
0#
#80840005
1%
b101011 &
1#
#80845005
0#
#80850005
0%
b11000101100 =
b1011111101010100 B
b1100000010110010 A
1#
#80855005
0#
#80860005
1%
b101100 &
1#
#80865005
0#
#80870005
0%
b11000101101 =
b1011111101110011 B
b1100000011011110 A
1#
#80875005
0#
#80880005
1%
b101101 &
1#
#80885005
0#
#80890005
0%
b11000101110 =
b1011111110010010 B
b1100000100001011 A
1#
#80895005
0#
#80900005
1%
b101110 &
1#
#80905005
0#
#80910005
0%
b11000101111 =
b1011111110110001 B
b1100000100111001 A
1#
#80915005
0#
#80920005
1%
b101111 &
1#
#80925005
0#
#80930005
0%
b11000110000 =
b1011111111010000 B
b1100000101101000 A
1#
#80935005
0#
#80940005
1%
b110000 &
1#
#80945005
0#
#80950005
0%
b11000110001 =
b1011111111101111 B
b1100000110011000 A
1#
#80955005
0#
#80960005
1%
b110001 &
1#
#80965005
0#
#80970005
0%
b11000110010 =
b1100000000001110 B
b1100000111001001 A
1#
#80975005
0#
#80980005
1%
b110010 &
1#
#80985005
0#
#80990005
0%
b11000110011 =
b1100000000101101 B
b1100000111111011 A
1#
#80995005
0#
#81000005
1%
b110011 &
1#
#81005005
0#
#81010005
0%
b11000110100 =
b1100000001001100 B
b1100001000101110 A
1#
#81015005
0#
#81020005
1%
b110100 &
1#
#81025005
0#
#81030005
0%
b11000110101 =
b1100000001101011 B
b1100001001100010 A
1#
#81035005
0#
#81040005
1%
b110101 &
1#
#81045005
0#
#81050005
0%
b11000110110 =
b1100000010001010 B
b1100001010010111 A
1#
#81055005
0#
#81060005
1%
b110110 &
1#
#81065005
0#
#81070005
0%
b11000110111 =
b1100000010101001 B
b1100001011001101 A
1#
#81075005
0#
#81080005
1%
b110111 &
1#
#81085005
0#
#81090005
0%
b11000111000 =
b1100000011001000 B
b1100001100000100 A
1#
#81095005
0#
#81100005
1%
b111000 &
1#
#81105005
0#
#81110005
0%
b11000111001 =
b1100000011100111 B
b1100001100111100 A
1#
#81115005
0#
#81120005
1%
b111001 &
1#
#81125005
0#
#81130005
0%
b11000111010 =
b1100000100000110 B
b1100001101110101 A
1#
#81135005
0#
#81140005
1%
b111010 &
1#
#81145005
0#
#81150005
0%
b11000111011 =
b1100000100100101 B
b1100001110101111 A
1#
#81155005
0#
#81160005
1%
b111011 &
1#
#81165005
0#
#81170005
0%
b11000111100 =
b1100000101000100 B
b1100001111101010 A
1#
#81175005
0#
#81180005
1%
b111100 &
1#
#81185005
0#
#81190005
0%
b11000111101 =
b1100000101100011 B
b1100010000100110 A
1#
#81195005
0#
#81200005
1%
b111101 &
1#
#81205005
0#
#81210005
0%
b11000111110 =
b1100000110000010 B
b1100010001100011 A
1#
#81215005
0#
#81220005
1%
b111110 &
1#
#81225005
0#
#81230005
0%
b11000111111 =
b1100000110100001 B
b1100010010100001 A
1#
#81235005
0#
#81240005
1%
b111111 &
1#
#81245005
0#
#81250005
0%
b11001000000 =
b1100000111000000 B
b1100010011100000 A
1#
#81255005
0#
#81260005
1%
b0 &
1#
#81265005
0#
#81270005
0%
b11001000001 =
b1100000111011111 B
1#
#81275005
0#
#81280005
1%
b1 &
1#
#81285005
0#
#81290005
0%
b11001000010 =
b1100000111111110 B
b1100010011100001 A
1#
#81295005
0#
#81300005
1%
b10 &
1#
#81305005
0#
#81310005
0%
b11001000011 =
b1100001000011101 B
b1100010011100011 A
1#
#81315005
0#
#81320005
1%
b11 &
1#
#81325005
0#
#81330005
0%
b11001000100 =
b1100001000111100 B
b1100010011100110 A
1#
#81335005
0#
#81340005
1%
b100 &
1#
#81345005
0#
#81350005
0%
b11001000101 =
b1100001001011011 B
b1100010011101010 A
1#
#81355005
0#
#81360005
1%
b101 &
1#
#81365005
0#
#81370005
0%
b11001000110 =
b1100001001111010 B
b1100010011101111 A
1#
#81375005
0#
#81380005
1%
b110 &
1#
#81385005
0#
#81390005
0%
b11001000111 =
b1100001010011001 B
b1100010011110101 A
1#
#81395005
0#
#81400005
1%
b111 &
1#
#81405005
0#
#81410005
0%
b11001001000 =
b1100001010111000 B
b1100010011111100 A
1#
#81415005
0#
#81420005
1%
b1000 &
1#
#81425005
0#
#81430005
0%
b11001001001 =
b1100001011010111 B
b1100010100000100 A
1#
#81435005
0#
#81440005
1%
b1001 &
1#
#81445005
0#
#81450005
0%
b11001001010 =
b1100001011110110 B
b1100010100001101 A
1#
#81455005
0#
#81460005
1%
b1010 &
1#
#81465005
0#
#81470005
0%
b11001001011 =
b1100001100010101 B
b1100010100010111 A
1#
#81475005
0#
#81480005
1%
b1011 &
1#
#81485005
0#
#81490005
0%
b11001001100 =
b1100001100110100 B
b1100010100100010 A
1#
#81495005
0#
#81500005
1%
b1100 &
1#
#81505005
0#
#81510005
0%
b11001001101 =
b1100001101010011 B
b1100010100101110 A
1#
#81515005
0#
#81520005
1%
b1101 &
1#
#81525005
0#
#81530005
0%
b11001001110 =
b1100001101110010 B
b1100010100111011 A
1#
#81535005
0#
#81540005
1%
b1110 &
1#
#81545005
0#
#81550005
0%
b11001001111 =
b1100001110010001 B
b1100010101001001 A
1#
#81555005
0#
#81560005
1%
b1111 &
1#
#81565005
0#
#81570005
0%
b11001010000 =
b1100001110110000 B
b1100010101011000 A
1#
#81575005
0#
#81580005
1%
b10000 &
1#
#81585005
0#
#81590005
0%
b11001010001 =
b1100001111001111 B
b1100010101101000 A
1#
#81595005
0#
#81600005
1%
b10001 &
1#
#81605005
0#
#81610005
0%
b11001010010 =
b1100001111101110 B
b1100010101111001 A
1#
#81615005
0#
#81620005
1%
b10010 &
1#
#81625005
0#
#81630005
0%
b11001010011 =
b1100010000001101 B
b1100010110001011 A
1#
#81635005
0#
#81640005
1%
b10011 &
1#
#81645005
0#
#81650005
0%
b11001010100 =
b1100010000101100 B
b1100010110011110 A
1#
#81655005
0#
#81660005
1%
b10100 &
1#
#81665005
0#
#81670005
0%
b11001010101 =
b1100010001001011 B
b1100010110110010 A
1#
#81675005
0#
#81680005
1%
b10101 &
1#
#81685005
0#
#81690005
0%
b11001010110 =
b1100010001101010 B
b1100010111000111 A
1#
#81695005
0#
#81700005
1%
b10110 &
1#
#81705005
0#
#81710005
0%
b11001010111 =
b1100010010001001 B
b1100010111011101 A
1#
#81715005
0#
#81720005
1%
b10111 &
1#
#81725005
0#
#81730005
0%
b11001011000 =
b1100010010101000 B
b1100010111110100 A
1#
#81735005
0#
#81740005
1%
b11000 &
1#
#81745005
0#
#81750005
0%
b11001011001 =
b1100010011000111 B
b1100011000001100 A
1#
#81755005
0#
#81760005
1%
b11001 &
1#
#81765005
0#
#81770005
0%
b11001011010 =
b1100010011100110 B
b1100011000100101 A
1#
#81775005
0#
#81780005
1%
b11010 &
1#
#81785005
0#
#81790005
0%
b11001011011 =
b1100010100000101 B
b1100011000111111 A
1#
#81795005
0#
#81800005
1%
b11011 &
1#
#81805005
0#
#81810005
0%
b11001011100 =
b1100010100100100 B
b1100011001011010 A
1#
#81815005
0#
#81820005
1%
b11100 &
1#
#81825005
0#
#81830005
0%
b11001011101 =
b1100010101000011 B
b1100011001110110 A
1#
#81835005
0#
#81840005
1%
b11101 &
1#
#81845005
0#
#81850005
0%
b11001011110 =
b1100010101100010 B
b1100011010010011 A
1#
#81855005
0#
#81860005
1%
b11110 &
1#
#81865005
0#
#81870005
0%
b11001011111 =
b1100010110000001 B
b1100011010110001 A
1#
#81875005
0#
#81880005
1%
b11111 &
1#
#81885005
0#
#81890005
0%
b11001100000 =
b1100010110100000 B
b1100011011010000 A
1#
#81895005
0#
#81900005
1%
b100000 &
1#
#81905005
0#
#81910005
0%
b11001100001 =
b1100010110111111 B
b1100011011110000 A
1#
#81915005
0#
#81920005
1%
b100001 &
1#
#81925005
0#
#81930005
0%
b11001100010 =
b1100010111011110 B
b1100011100010001 A
1#
#81935005
0#
#81940005
1%
b100010 &
1#
#81945005
0#
#81950005
0%
b11001100011 =
b1100010111111101 B
b1100011100110011 A
1#
#81955005
0#
#81960005
1%
b100011 &
1#
#81965005
0#
#81970005
0%
b11001100100 =
b1100011000011100 B
b1100011101010110 A
1#
#81975005
0#
#81980005
1%
b100100 &
1#
#81985005
0#
#81990005
0%
b11001100101 =
b1100011000111011 B
b1100011101111010 A
1#
#81995005
0#
#82000005
1%
b100101 &
1#
#82005005
0#
#82010005
0%
b11001100110 =
b1100011001011010 B
b1100011110011111 A
1#
#82015005
0#
#82020005
1%
b100110 &
1#
#82025005
0#
#82030005
0%
b11001100111 =
b1100011001111001 B
b1100011111000101 A
1#
#82035005
0#
#82040005
1%
b100111 &
1#
#82045005
0#
#82050005
0%
b11001101000 =
b1100011010011000 B
b1100011111101100 A
1#
#82055005
0#
#82060005
1%
b101000 &
1#
#82065005
0#
#82070005
0%
b11001101001 =
b1100011010110111 B
b1100100000010100 A
1#
#82075005
0#
#82080005
1%
b101001 &
1#
#82085005
0#
#82090005
0%
b11001101010 =
b1100011011010110 B
b1100100000111101 A
1#
#82095005
0#
#82100005
1%
b101010 &
1#
#82105005
0#
#82110005
0%
b11001101011 =
b1100011011110101 B
b1100100001100111 A
1#
#82115005
0#
#82120005
1%
b101011 &
1#
#82125005
0#
#82130005
0%
b11001101100 =
b1100011100010100 B
b1100100010010010 A
1#
#82135005
0#
#82140005
1%
b101100 &
1#
#82145005
0#
#82150005
0%
b11001101101 =
b1100011100110011 B
b1100100010111110 A
1#
#82155005
0#
#82160005
1%
b101101 &
1#
#82165005
0#
#82170005
0%
b11001101110 =
b1100011101010010 B
b1100100011101011 A
1#
#82175005
0#
#82180005
1%
b101110 &
1#
#82185005
0#
#82190005
0%
b11001101111 =
b1100011101110001 B
b1100100100011001 A
1#
#82195005
0#
#82200005
1%
b101111 &
1#
#82205005
0#
#82210005
0%
b11001110000 =
b1100011110010000 B
b1100100101001000 A
1#
#82215005
0#
#82220005
1%
b110000 &
1#
#82225005
0#
#82230005
0%
b11001110001 =
b1100011110101111 B
b1100100101111000 A
1#
#82235005
0#
#82240005
1%
b110001 &
1#
#82245005
0#
#82250005
0%
b11001110010 =
b1100011111001110 B
b1100100110101001 A
1#
#82255005
0#
#82260005
1%
b110010 &
1#
#82265005
0#
#82270005
0%
b11001110011 =
b1100011111101101 B
b1100100111011011 A
1#
#82275005
0#
#82280005
1%
b110011 &
1#
#82285005
0#
#82290005
0%
b11001110100 =
b1100100000001100 B
b1100101000001110 A
1#
#82295005
0#
#82300005
1%
b110100 &
1#
#82305005
0#
#82310005
0%
b11001110101 =
b1100100000101011 B
b1100101001000010 A
1#
#82315005
0#
#82320005
1%
b110101 &
1#
#82325005
0#
#82330005
0%
b11001110110 =
b1100100001001010 B
b1100101001110111 A
1#
#82335005
0#
#82340005
1%
b110110 &
1#
#82345005
0#
#82350005
0%
b11001110111 =
b1100100001101001 B
b1100101010101101 A
1#
#82355005
0#
#82360005
1%
b110111 &
1#
#82365005
0#
#82370005
0%
b11001111000 =
b1100100010001000 B
b1100101011100100 A
1#
#82375005
0#
#82380005
1%
b111000 &
1#
#82385005
0#
#82390005
0%
b11001111001 =
b1100100010100111 B
b1100101100011100 A
1#
#82395005
0#
#82400005
1%
b111001 &
1#
#82405005
0#
#82410005
0%
b11001111010 =
b1100100011000110 B
b1100101101010101 A
1#
#82415005
0#
#82420005
1%
b111010 &
1#
#82425005
0#
#82430005
0%
b11001111011 =
b1100100011100101 B
b1100101110001111 A
1#
#82435005
0#
#82440005
1%
b111011 &
1#
#82445005
0#
#82450005
0%
b11001111100 =
b1100100100000100 B
b1100101111001010 A
1#
#82455005
0#
#82460005
1%
b111100 &
1#
#82465005
0#
#82470005
0%
b11001111101 =
b1100100100100011 B
b1100110000000110 A
1#
#82475005
0#
#82480005
1%
b111101 &
1#
#82485005
0#
#82490005
0%
b11001111110 =
b1100100101000010 B
b1100110001000011 A
1#
#82495005
0#
#82500005
1%
b111110 &
1#
#82505005
0#
#82510005
0%
b11001111111 =
b1100100101100001 B
b1100110010000001 A
1#
#82515005
0#
#82520005
1%
b111111 &
1#
#82525005
0#
#82530005
0%
b11010000000 =
b1100100110000000 B
b1100110011000000 A
1#
#82535005
0#
#82540005
1%
b0 &
1#
#82545005
0#
#82550005
0%
b11010000001 =
b1100100110011111 B
1#
#82555005
0#
#82560005
1%
b1 &
1#
#82565005
0#
#82570005
0%
b11010000010 =
b1100100110111110 B
b1100110011000001 A
1#
#82575005
0#
#82580005
1%
b10 &
1#
#82585005
0#
#82590005
0%
b11010000011 =
b1100100111011101 B
b1100110011000011 A
1#
#82595005
0#
#82600005
1%
b11 &
1#
#82605005
0#
#82610005
0%
b11010000100 =
b1100100111111100 B
b1100110011000110 A
1#
#82615005
0#
#82620005
1%
b100 &
1#
#82625005
0#
#82630005
0%
b11010000101 =
b1100101000011011 B
b1100110011001010 A
1#
#82635005
0#
#82640005
1%
b101 &
1#
#82645005
0#
#82650005
0%
b11010000110 =
b1100101000111010 B
b1100110011001111 A
1#
#82655005
0#
#82660005
1%
b110 &
1#
#82665005
0#
#82670005
0%
b11010000111 =
b1100101001011001 B
b1100110011010101 A
1#
#82675005
0#
#82680005
1%
b111 &
1#
#82685005
0#
#82690005
0%
b11010001000 =
b1100101001111000 B
b1100110011011100 A
1#
#82695005
0#
#82700005
1%
b1000 &
1#
#82705005
0#
#82710005
0%
b11010001001 =
b1100101010010111 B
b1100110011100100 A
1#
#82715005
0#
#82720005
1%
b1001 &
1#
#82725005
0#
#82730005
0%
b11010001010 =
b1100101010110110 B
b1100110011101101 A
1#
#82735005
0#
#82740005
1%
b1010 &
1#
#82745005
0#
#82750005
0%
b11010001011 =
b1100101011010101 B
b1100110011110111 A
1#
#82755005
0#
#82760005
1%
b1011 &
1#
#82765005
0#
#82770005
0%
b11010001100 =
b1100101011110100 B
b1100110100000010 A
1#
#82775005
0#
#82780005
1%
b1100 &
1#
#82785005
0#
#82790005
0%
b11010001101 =
b1100101100010011 B
b1100110100001110 A
1#
#82795005
0#
#82800005
1%
b1101 &
1#
#82805005
0#
#82810005
0%
b11010001110 =
b1100101100110010 B
b1100110100011011 A
1#
#82815005
0#
#82820005
1%
b1110 &
1#
#82825005
0#
#82830005
0%
b11010001111 =
b1100101101010001 B
b1100110100101001 A
1#
#82835005
0#
#82840005
1%
b1111 &
1#
#82845005
0#
#82850005
0%
b11010010000 =
b1100101101110000 B
b1100110100111000 A
1#
#82855005
0#
#82860005
1%
b10000 &
1#
#82865005
0#
#82870005
0%
b11010010001 =
b1100101110001111 B
b1100110101001000 A
1#
#82875005
0#
#82880005
1%
b10001 &
1#
#82885005
0#
#82890005
0%
b11010010010 =
b1100101110101110 B
b1100110101011001 A
1#
#82895005
0#
#82900005
1%
b10010 &
1#
#82905005
0#
#82910005
0%
b11010010011 =
b1100101111001101 B
b1100110101101011 A
1#
#82915005
0#
#82920005
1%
b10011 &
1#
#82925005
0#
#82930005
0%
b11010010100 =
b1100101111101100 B
b1100110101111110 A
1#
#82935005
0#
#82940005
1%
b10100 &
1#
#82945005
0#
#82950005
0%
b11010010101 =
b1100110000001011 B
b1100110110010010 A
1#
#82955005
0#
#82960005
1%
b10101 &
1#
#82965005
0#
#82970005
0%
b11010010110 =
b1100110000101010 B
b1100110110100111 A
1#
#82975005
0#
#82980005
1%
b10110 &
1#
#82985005
0#
#82990005
0%
b11010010111 =
b1100110001001001 B
b1100110110111101 A
1#
#82995005
0#
#83000005
1%
b10111 &
1#
#83005005
0#
#83010005
0%
b11010011000 =
b1100110001101000 B
b1100110111010100 A
1#
#83015005
0#
#83020005
1%
b11000 &
1#
#83025005
0#
#83030005
0%
b11010011001 =
b1100110010000111 B
b1100110111101100 A
1#
#83035005
0#
#83040005
1%
b11001 &
1#
#83045005
0#
#83050005
0%
b11010011010 =
b1100110010100110 B
b1100111000000101 A
1#
#83055005
0#
#83060005
1%
b11010 &
1#
#83065005
0#
#83070005
0%
b11010011011 =
b1100110011000101 B
b1100111000011111 A
1#
#83075005
0#
#83080005
1%
b11011 &
1#
#83085005
0#
#83090005
0%
b11010011100 =
b1100110011100100 B
b1100111000111010 A
1#
#83095005
0#
#83100005
1%
b11100 &
1#
#83105005
0#
#83110005
0%
b11010011101 =
b1100110100000011 B
b1100111001010110 A
1#
#83115005
0#
#83120005
1%
b11101 &
1#
#83125005
0#
#83130005
0%
b11010011110 =
b1100110100100010 B
b1100111001110011 A
1#
#83135005
0#
#83140005
1%
b11110 &
1#
#83145005
0#
#83150005
0%
b11010011111 =
b1100110101000001 B
b1100111010010001 A
1#
#83155005
0#
#83160005
1%
b11111 &
1#
#83165005
0#
#83170005
0%
b11010100000 =
b1100110101100000 B
b1100111010110000 A
1#
#83175005
0#
#83180005
1%
b100000 &
1#
#83185005
0#
#83190005
0%
b11010100001 =
b1100110101111111 B
b1100111011010000 A
1#
#83195005
0#
#83200005
1%
b100001 &
1#
#83205005
0#
#83210005
0%
b11010100010 =
b1100110110011110 B
b1100111011110001 A
1#
#83215005
0#
#83220005
1%
b100010 &
1#
#83225005
0#
#83230005
0%
b11010100011 =
b1100110110111101 B
b1100111100010011 A
1#
#83235005
0#
#83240005
1%
b100011 &
1#
#83245005
0#
#83250005
0%
b11010100100 =
b1100110111011100 B
b1100111100110110 A
1#
#83255005
0#
#83260005
1%
b100100 &
1#
#83265005
0#
#83270005
0%
b11010100101 =
b1100110111111011 B
b1100111101011010 A
1#
#83275005
0#
#83280005
1%
b100101 &
1#
#83285005
0#
#83290005
0%
b11010100110 =
b1100111000011010 B
b1100111101111111 A
1#
#83295005
0#
#83300005
1%
b100110 &
1#
#83305005
0#
#83310005
0%
b11010100111 =
b1100111000111001 B
b1100111110100101 A
1#
#83315005
0#
#83320005
1%
b100111 &
1#
#83325005
0#
#83330005
0%
b11010101000 =
b1100111001011000 B
b1100111111001100 A
1#
#83335005
0#
#83340005
1%
b101000 &
1#
#83345005
0#
#83350005
0%
b11010101001 =
b1100111001110111 B
b1100111111110100 A
1#
#83355005
0#
#83360005
1%
b101001 &
1#
#83365005
0#
#83370005
0%
b11010101010 =
b1100111010010110 B
b1101000000011101 A
1#
#83375005
0#
#83380005
1%
b101010 &
1#
#83385005
0#
#83390005
0%
b11010101011 =
b1100111010110101 B
b1101000001000111 A
1#
#83395005
0#
#83400005
1%
b101011 &
1#
#83405005
0#
#83410005
0%
b11010101100 =
b1100111011010100 B
b1101000001110010 A
1#
#83415005
0#
#83420005
1%
b101100 &
1#
#83425005
0#
#83430005
0%
b11010101101 =
b1100111011110011 B
b1101000010011110 A
1#
#83435005
0#
#83440005
1%
b101101 &
1#
#83445005
0#
#83450005
0%
b11010101110 =
b1100111100010010 B
b1101000011001011 A
1#
#83455005
0#
#83460005
1%
b101110 &
1#
#83465005
0#
#83470005
0%
b11010101111 =
b1100111100110001 B
b1101000011111001 A
1#
#83475005
0#
#83480005
1%
b101111 &
1#
#83485005
0#
#83490005
0%
b11010110000 =
b1100111101010000 B
b1101000100101000 A
1#
#83495005
0#
#83500005
1%
b110000 &
1#
#83505005
0#
#83510005
0%
b11010110001 =
b1100111101101111 B
b1101000101011000 A
1#
#83515005
0#
#83520005
1%
b110001 &
1#
#83525005
0#
#83530005
0%
b11010110010 =
b1100111110001110 B
b1101000110001001 A
1#
#83535005
0#
#83540005
1%
b110010 &
1#
#83545005
0#
#83550005
0%
b11010110011 =
b1100111110101101 B
b1101000110111011 A
1#
#83555005
0#
#83560005
1%
b110011 &
1#
#83565005
0#
#83570005
0%
b11010110100 =
b1100111111001100 B
b1101000111101110 A
1#
#83575005
0#
#83580005
1%
b110100 &
1#
#83585005
0#
#83590005
0%
b11010110101 =
b1100111111101011 B
b1101001000100010 A
1#
#83595005
0#
#83600005
1%
b110101 &
1#
#83605005
0#
#83610005
0%
b11010110110 =
b1101000000001010 B
b1101001001010111 A
1#
#83615005
0#
#83620005
1%
b110110 &
1#
#83625005
0#
#83630005
0%
b11010110111 =
b1101000000101001 B
b1101001010001101 A
1#
#83635005
0#
#83640005
1%
b110111 &
1#
#83645005
0#
#83650005
0%
b11010111000 =
b1101000001001000 B
b1101001011000100 A
1#
#83655005
0#
#83660005
1%
b111000 &
1#
#83665005
0#
#83670005
0%
b11010111001 =
b1101000001100111 B
b1101001011111100 A
1#
#83675005
0#
#83680005
1%
b111001 &
1#
#83685005
0#
#83690005
0%
b11010111010 =
b1101000010000110 B
b1101001100110101 A
1#
#83695005
0#
#83700005
1%
b111010 &
1#
#83705005
0#
#83710005
0%
b11010111011 =
b1101000010100101 B
b1101001101101111 A
1#
#83715005
0#
#83720005
1%
b111011 &
1#
#83725005
0#
#83730005
0%
b11010111100 =
b1101000011000100 B
b1101001110101010 A
1#
#83735005
0#
#83740005
1%
b111100 &
1#
#83745005
0#
#83750005
0%
b11010111101 =
b1101000011100011 B
b1101001111100110 A
1#
#83755005
0#
#83760005
1%
b111101 &
1#
#83765005
0#
#83770005
0%
b11010111110 =
b1101000100000010 B
b1101010000100011 A
1#
#83775005
0#
#83780005
1%
b111110 &
1#
#83785005
0#
#83790005
0%
b11010111111 =
b1101000100100001 B
b1101010001100001 A
1#
#83795005
0#
#83800005
1%
b111111 &
1#
#83805005
0#
#83810005
0%
b11011000000 =
b1101000101000000 B
b1101010010100000 A
1#
#83815005
0#
#83820005
1%
b0 &
1#
#83825005
0#
#83830005
0%
b11011000001 =
b1101000101011111 B
1#
#83835005
0#
#83840005
1%
b1 &
1#
#83845005
0#
#83850005
0%
b11011000010 =
b1101000101111110 B
b1101010010100001 A
1#
#83855005
0#
#83860005
1%
b10 &
1#
#83865005
0#
#83870005
0%
b11011000011 =
b1101000110011101 B
b1101010010100011 A
1#
#83875005
0#
#83880005
1%
b11 &
1#
#83885005
0#
#83890005
0%
b11011000100 =
b1101000110111100 B
b1101010010100110 A
1#
#83895005
0#
#83900005
1%
b100 &
1#
#83905005
0#
#83910005
0%
b11011000101 =
b1101000111011011 B
b1101010010101010 A
1#
#83915005
0#
#83920005
1%
b101 &
1#
#83925005
0#
#83930005
0%
b11011000110 =
b1101000111111010 B
b1101010010101111 A
1#
#83935005
0#
#83940005
1%
b110 &
1#
#83945005
0#
#83950005
0%
b11011000111 =
b1101001000011001 B
b1101010010110101 A
1#
#83955005
0#
#83960005
1%
b111 &
1#
#83965005
0#
#83970005
0%
b11011001000 =
b1101001000111000 B
b1101010010111100 A
1#
#83975005
0#
#83980005
1%
b1000 &
1#
#83985005
0#
#83990005
0%
b11011001001 =
b1101001001010111 B
b1101010011000100 A
1#
#83995005
0#
#84000005
1%
b1001 &
1#
#84005005
0#
#84010005
0%
b11011001010 =
b1101001001110110 B
b1101010011001101 A
1#
#84015005
0#
#84020005
1%
b1010 &
1#
#84025005
0#
#84030005
0%
b11011001011 =
b1101001010010101 B
b1101010011010111 A
1#
#84035005
0#
#84040005
1%
b1011 &
1#
#84045005
0#
#84050005
0%
b11011001100 =
b1101001010110100 B
b1101010011100010 A
1#
#84055005
0#
#84060005
1%
b1100 &
1#
#84065005
0#
#84070005
0%
b11011001101 =
b1101001011010011 B
b1101010011101110 A
1#
#84075005
0#
#84080005
1%
b1101 &
1#
#84085005
0#
#84090005
0%
b11011001110 =
b1101001011110010 B
b1101010011111011 A
1#
#84095005
0#
#84100005
1%
b1110 &
1#
#84105005
0#
#84110005
0%
b11011001111 =
b1101001100010001 B
b1101010100001001 A
1#
#84115005
0#
#84120005
1%
b1111 &
1#
#84125005
0#
#84130005
0%
b11011010000 =
b1101001100110000 B
b1101010100011000 A
1#
#84135005
0#
#84140005
1%
b10000 &
1#
#84145005
0#
#84150005
0%
b11011010001 =
b1101001101001111 B
b1101010100101000 A
1#
#84155005
0#
#84160005
1%
b10001 &
1#
#84165005
0#
#84170005
0%
b11011010010 =
b1101001101101110 B
b1101010100111001 A
1#
#84175005
0#
#84180005
1%
b10010 &
1#
#84185005
0#
#84190005
0%
b11011010011 =
b1101001110001101 B
b1101010101001011 A
1#
#84195005
0#
#84200005
1%
b10011 &
1#
#84205005
0#
#84210005
0%
b11011010100 =
b1101001110101100 B
b1101010101011110 A
1#
#84215005
0#
#84220005
1%
b10100 &
1#
#84225005
0#
#84230005
0%
b11011010101 =
b1101001111001011 B
b1101010101110010 A
1#
#84235005
0#
#84240005
1%
b10101 &
1#
#84245005
0#
#84250005
0%
b11011010110 =
b1101001111101010 B
b1101010110000111 A
1#
#84255005
0#
#84260005
1%
b10110 &
1#
#84265005
0#
#84270005
0%
b11011010111 =
b1101010000001001 B
b1101010110011101 A
1#
#84275005
0#
#84280005
1%
b10111 &
1#
#84285005
0#
#84290005
0%
b11011011000 =
b1101010000101000 B
b1101010110110100 A
1#
#84295005
0#
#84300005
1%
b11000 &
1#
#84305005
0#
#84310005
0%
b11011011001 =
b1101010001000111 B
b1101010111001100 A
1#
#84315005
0#
#84320005
1%
b11001 &
1#
#84325005
0#
#84330005
0%
b11011011010 =
b1101010001100110 B
b1101010111100101 A
1#
#84335005
0#
#84340005
1%
b11010 &
1#
#84345005
0#
#84350005
0%
b11011011011 =
b1101010010000101 B
b1101010111111111 A
1#
#84355005
0#
#84360005
1%
b11011 &
1#
#84365005
0#
#84370005
0%
b11011011100 =
b1101010010100100 B
b1101011000011010 A
1#
#84375005
0#
#84380005
1%
b11100 &
1#
#84385005
0#
#84390005
0%
b11011011101 =
b1101010011000011 B
b1101011000110110 A
1#
#84395005
0#
#84400005
1%
b11101 &
1#
#84405005
0#
#84410005
0%
b11011011110 =
b1101010011100010 B
b1101011001010011 A
1#
#84415005
0#
#84420005
1%
b11110 &
1#
#84425005
0#
#84430005
0%
b11011011111 =
b1101010100000001 B
b1101011001110001 A
1#
#84435005
0#
#84440005
1%
b11111 &
1#
#84445005
0#
#84450005
0%
b11011100000 =
b1101010100100000 B
b1101011010010000 A
1#
#84455005
0#
#84460005
1%
b100000 &
1#
#84465005
0#
#84470005
0%
b11011100001 =
b1101010100111111 B
b1101011010110000 A
1#
#84475005
0#
#84480005
1%
b100001 &
1#
#84485005
0#
#84490005
0%
b11011100010 =
b1101010101011110 B
b1101011011010001 A
1#
#84495005
0#
#84500005
1%
b100010 &
1#
#84505005
0#
#84510005
0%
b11011100011 =
b1101010101111101 B
b1101011011110011 A
1#
#84515005
0#
#84520005
1%
b100011 &
1#
#84525005
0#
#84530005
0%
b11011100100 =
b1101010110011100 B
b1101011100010110 A
1#
#84535005
0#
#84540005
1%
b100100 &
1#
#84545005
0#
#84550005
0%
b11011100101 =
b1101010110111011 B
b1101011100111010 A
1#
#84555005
0#
#84560005
1%
b100101 &
1#
#84565005
0#
#84570005
0%
b11011100110 =
b1101010111011010 B
b1101011101011111 A
1#
#84575005
0#
#84580005
1%
b100110 &
1#
#84585005
0#
#84590005
0%
b11011100111 =
b1101010111111001 B
b1101011110000101 A
1#
#84595005
0#
#84600005
1%
b100111 &
1#
#84605005
0#
#84610005
0%
b11011101000 =
b1101011000011000 B
b1101011110101100 A
1#
#84615005
0#
#84620005
1%
b101000 &
1#
#84625005
0#
#84630005
0%
b11011101001 =
b1101011000110111 B
b1101011111010100 A
1#
#84635005
0#
#84640005
1%
b101001 &
1#
#84645005
0#
#84650005
0%
b11011101010 =
b1101011001010110 B
b1101011111111101 A
1#
#84655005
0#
#84660005
1%
b101010 &
1#
#84665005
0#
#84670005
0%
b11011101011 =
b1101011001110101 B
b1101100000100111 A
1#
#84675005
0#
#84680005
1%
b101011 &
1#
#84685005
0#
#84690005
0%
b11011101100 =
b1101011010010100 B
b1101100001010010 A
1#
#84695005
0#
#84700005
1%
b101100 &
1#
#84705005
0#
#84710005
0%
b11011101101 =
b1101011010110011 B
b1101100001111110 A
1#
#84715005
0#
#84720005
1%
b101101 &
1#
#84725005
0#
#84730005
0%
b11011101110 =
b1101011011010010 B
b1101100010101011 A
1#
#84735005
0#
#84740005
1%
b101110 &
1#
#84745005
0#
#84750005
0%
b11011101111 =
b1101011011110001 B
b1101100011011001 A
1#
#84755005
0#
#84760005
1%
b101111 &
1#
#84765005
0#
#84770005
0%
b11011110000 =
b1101011100010000 B
b1101100100001000 A
1#
#84775005
0#
#84780005
1%
b110000 &
1#
#84785005
0#
#84790005
0%
b11011110001 =
b1101011100101111 B
b1101100100111000 A
1#
#84795005
0#
#84800005
1%
b110001 &
1#
#84805005
0#
#84810005
0%
b11011110010 =
b1101011101001110 B
b1101100101101001 A
1#
#84815005
0#
#84820005
1%
b110010 &
1#
#84825005
0#
#84830005
0%
b11011110011 =
b1101011101101101 B
b1101100110011011 A
1#
#84835005
0#
#84840005
1%
b110011 &
1#
#84845005
0#
#84850005
0%
b11011110100 =
b1101011110001100 B
b1101100111001110 A
1#
#84855005
0#
#84860005
1%
b110100 &
1#
#84865005
0#
#84870005
0%
b11011110101 =
b1101011110101011 B
b1101101000000010 A
1#
#84875005
0#
#84880005
1%
b110101 &
1#
#84885005
0#
#84890005
0%
b11011110110 =
b1101011111001010 B
b1101101000110111 A
1#
#84895005
0#
#84900005
1%
b110110 &
1#
#84905005
0#
#84910005
0%
b11011110111 =
b1101011111101001 B
b1101101001101101 A
1#
#84915005
0#
#84920005
1%
b110111 &
1#
#84925005
0#
#84930005
0%
b11011111000 =
b1101100000001000 B
b1101101010100100 A
1#
#84935005
0#
#84940005
1%
b111000 &
1#
#84945005
0#
#84950005
0%
b11011111001 =
b1101100000100111 B
b1101101011011100 A
1#
#84955005
0#
#84960005
1%
b111001 &
1#
#84965005
0#
#84970005
0%
b11011111010 =
b1101100001000110 B
b1101101100010101 A
1#
#84975005
0#
#84980005
1%
b111010 &
1#
#84985005
0#
#84990005
0%
b11011111011 =
b1101100001100101 B
b1101101101001111 A
1#
#84995005
0#
#85000005
1%
b111011 &
1#
#85005005
0#
#85010005
0%
b11011111100 =
b1101100010000100 B
b1101101110001010 A
1#
#85015005
0#
#85020005
1%
b111100 &
1#
#85025005
0#
#85030005
0%
b11011111101 =
b1101100010100011 B
b1101101111000110 A
1#
#85035005
0#
#85040005
1%
b111101 &
1#
#85045005
0#
#85050005
0%
b11011111110 =
b1101100011000010 B
b1101110000000011 A
1#
#85055005
0#
#85060005
1%
b111110 &
1#
#85065005
0#
#85070005
0%
b11011111111 =
b1101100011100001 B
b1101110001000001 A
1#
#85075005
0#
#85080005
1%
b111111 &
1#
#85085005
0#
#85090005
0%
b11100000000 =
b1101100100000000 B
b1101110010000000 A
1#
#85095005
0#
#85100005
1%
b0 &
1#
#85105005
0#
#85110005
0%
b11100000001 =
b1101100100011111 B
1#
#85115005
0#
#85120005
1%
b1 &
1#
#85125005
0#
#85130005
0%
b11100000010 =
b1101100100111110 B
b1101110010000001 A
1#
#85135005
0#
#85140005
1%
b10 &
1#
#85145005
0#
#85150005
0%
b11100000011 =
b1101100101011101 B
b1101110010000011 A
1#
#85155005
0#
#85160005
1%
b11 &
1#
#85165005
0#
#85170005
0%
b11100000100 =
b1101100101111100 B
b1101110010000110 A
1#
#85175005
0#
#85180005
1%
b100 &
1#
#85185005
0#
#85190005
0%
b11100000101 =
b1101100110011011 B
b1101110010001010 A
1#
#85195005
0#
#85200005
1%
b101 &
1#
#85205005
0#
#85210005
0%
b11100000110 =
b1101100110111010 B
b1101110010001111 A
1#
#85215005
0#
#85220005
1%
b110 &
1#
#85225005
0#
#85230005
0%
b11100000111 =
b1101100111011001 B
b1101110010010101 A
1#
#85235005
0#
#85240005
1%
b111 &
1#
#85245005
0#
#85250005
0%
b11100001000 =
b1101100111111000 B
b1101110010011100 A
1#
#85255005
0#
#85260005
1%
b1000 &
1#
#85265005
0#
#85270005
0%
b11100001001 =
b1101101000010111 B
b1101110010100100 A
1#
#85275005
0#
#85280005
1%
b1001 &
1#
#85285005
0#
#85290005
0%
b11100001010 =
b1101101000110110 B
b1101110010101101 A
1#
#85295005
0#
#85300005
1%
b1010 &
1#
#85305005
0#
#85310005
0%
b11100001011 =
b1101101001010101 B
b1101110010110111 A
1#
#85315005
0#
#85320005
1%
b1011 &
1#
#85325005
0#
#85330005
0%
b11100001100 =
b1101101001110100 B
b1101110011000010 A
1#
#85335005
0#
#85340005
1%
b1100 &
1#
#85345005
0#
#85350005
0%
b11100001101 =
b1101101010010011 B
b1101110011001110 A
1#
#85355005
0#
#85360005
1%
b1101 &
1#
#85365005
0#
#85370005
0%
b11100001110 =
b1101101010110010 B
b1101110011011011 A
1#
#85375005
0#
#85380005
1%
b1110 &
1#
#85385005
0#
#85390005
0%
b11100001111 =
b1101101011010001 B
b1101110011101001 A
1#
#85395005
0#
#85400005
1%
b1111 &
1#
#85405005
0#
#85410005
0%
b11100010000 =
b1101101011110000 B
b1101110011111000 A
1#
#85415005
0#
#85420005
1%
b10000 &
1#
#85425005
0#
#85430005
0%
b11100010001 =
b1101101100001111 B
b1101110100001000 A
1#
#85435005
0#
#85440005
1%
b10001 &
1#
#85445005
0#
#85450005
0%
b11100010010 =
b1101101100101110 B
b1101110100011001 A
1#
#85455005
0#
#85460005
1%
b10010 &
1#
#85465005
0#
#85470005
0%
b11100010011 =
b1101101101001101 B
b1101110100101011 A
1#
#85475005
0#
#85480005
1%
b10011 &
1#
#85485005
0#
#85490005
0%
b11100010100 =
b1101101101101100 B
b1101110100111110 A
1#
#85495005
0#
#85500005
1%
b10100 &
1#
#85505005
0#
#85510005
0%
b11100010101 =
b1101101110001011 B
b1101110101010010 A
1#
#85515005
0#
#85520005
1%
b10101 &
1#
#85525005
0#
#85530005
0%
b11100010110 =
b1101101110101010 B
b1101110101100111 A
1#
#85535005
0#
#85540005
1%
b10110 &
1#
#85545005
0#
#85550005
0%
b11100010111 =
b1101101111001001 B
b1101110101111101 A
1#
#85555005
0#
#85560005
1%
b10111 &
1#
#85565005
0#
#85570005
0%
b11100011000 =
b1101101111101000 B
b1101110110010100 A
1#
#85575005
0#
#85580005
1%
b11000 &
1#
#85585005
0#
#85590005
0%
b11100011001 =
b1101110000000111 B
b1101110110101100 A
1#
#85595005
0#
#85600005
1%
b11001 &
1#
#85605005
0#
#85610005
0%
b11100011010 =
b1101110000100110 B
b1101110111000101 A
1#
#85615005
0#
#85620005
1%
b11010 &
1#
#85625005
0#
#85630005
0%
b11100011011 =
b1101110001000101 B
b1101110111011111 A
1#
#85635005
0#
#85640005
1%
b11011 &
1#
#85645005
0#
#85650005
0%
b11100011100 =
b1101110001100100 B
b1101110111111010 A
1#
#85655005
0#
#85660005
1%
b11100 &
1#
#85665005
0#
#85670005
0%
b11100011101 =
b1101110010000011 B
b1101111000010110 A
1#
#85675005
0#
#85680005
1%
b11101 &
1#
#85685005
0#
#85690005
0%
b11100011110 =
b1101110010100010 B
b1101111000110011 A
1#
#85695005
0#
#85700005
1%
b11110 &
1#
#85705005
0#
#85710005
0%
b11100011111 =
b1101110011000001 B
b1101111001010001 A
1#
#85715005
0#
#85720005
1%
b11111 &
1#
#85725005
0#
#85730005
0%
b11100100000 =
b1101110011100000 B
b1101111001110000 A
1#
#85735005
0#
#85740005
1%
b100000 &
1#
#85745005
0#
#85750005
0%
b11100100001 =
b1101110011111111 B
b1101111010010000 A
1#
#85755005
0#
#85760005
1%
b100001 &
1#
#85765005
0#
#85770005
0%
b11100100010 =
b1101110100011110 B
b1101111010110001 A
1#
#85775005
0#
#85780005
1%
b100010 &
1#
#85785005
0#
#85790005
0%
b11100100011 =
b1101110100111101 B
b1101111011010011 A
1#
#85795005
0#
#85800005
1%
b100011 &
1#
#85805005
0#
#85810005
0%
b11100100100 =
b1101110101011100 B
b1101111011110110 A
1#
#85815005
0#
#85820005
1%
b100100 &
1#
#85825005
0#
#85830005
0%
b11100100101 =
b1101110101111011 B
b1101111100011010 A
1#
#85835005
0#
#85840005
1%
b100101 &
1#
#85845005
0#
#85850005
0%
b11100100110 =
b1101110110011010 B
b1101111100111111 A
1#
#85855005
0#
#85860005
1%
b100110 &
1#
#85865005
0#
#85870005
0%
b11100100111 =
b1101110110111001 B
b1101111101100101 A
1#
#85875005
0#
#85880005
1%
b100111 &
1#
#85885005
0#
#85890005
0%
b11100101000 =
b1101110111011000 B
b1101111110001100 A
1#
#85895005
0#
#85900005
1%
b101000 &
1#
#85905005
0#
#85910005
0%
b11100101001 =
b1101110111110111 B
b1101111110110100 A
1#
#85915005
0#
#85920005
1%
b101001 &
1#
#85925005
0#
#85930005
0%
b11100101010 =
b1101111000010110 B
b1101111111011101 A
1#
#85935005
0#
#85940005
1%
b101010 &
1#
#85945005
0#
#85950005
0%
b11100101011 =
b1101111000110101 B
b1110000000000111 A
1#
#85955005
0#
#85960005
1%
b101011 &
1#
#85965005
0#
#85970005
0%
b11100101100 =
b1101111001010100 B
b1110000000110010 A
1#
#85975005
0#
#85980005
1%
b101100 &
1#
#85985005
0#
#85990005
0%
b11100101101 =
b1101111001110011 B
b1110000001011110 A
1#
#85995005
0#
#86000005
1%
b101101 &
1#
#86005005
0#
#86010005
0%
b11100101110 =
b1101111010010010 B
b1110000010001011 A
1#
#86015005
0#
#86020005
1%
b101110 &
1#
#86025005
0#
#86030005
0%
b11100101111 =
b1101111010110001 B
b1110000010111001 A
1#
#86035005
0#
#86040005
1%
b101111 &
1#
#86045005
0#
#86050005
0%
b11100110000 =
b1101111011010000 B
b1110000011101000 A
1#
#86055005
0#
#86060005
1%
b110000 &
1#
#86065005
0#
#86070005
0%
b11100110001 =
b1101111011101111 B
b1110000100011000 A
1#
#86075005
0#
#86080005
1%
b110001 &
1#
#86085005
0#
#86090005
0%
b11100110010 =
b1101111100001110 B
b1110000101001001 A
1#
#86095005
0#
#86100005
1%
b110010 &
1#
#86105005
0#
#86110005
0%
b11100110011 =
b1101111100101101 B
b1110000101111011 A
1#
#86115005
0#
#86120005
1%
b110011 &
1#
#86125005
0#
#86130005
0%
b11100110100 =
b1101111101001100 B
b1110000110101110 A
1#
#86135005
0#
#86140005
1%
b110100 &
1#
#86145005
0#
#86150005
0%
b11100110101 =
b1101111101101011 B
b1110000111100010 A
1#
#86155005
0#
#86160005
1%
b110101 &
1#
#86165005
0#
#86170005
0%
b11100110110 =
b1101111110001010 B
b1110001000010111 A
1#
#86175005
0#
#86180005
1%
b110110 &
1#
#86185005
0#
#86190005
0%
b11100110111 =
b1101111110101001 B
b1110001001001101 A
1#
#86195005
0#
#86200005
1%
b110111 &
1#
#86205005
0#
#86210005
0%
b11100111000 =
b1101111111001000 B
b1110001010000100 A
1#
#86215005
0#
#86220005
1%
b111000 &
1#
#86225005
0#
#86230005
0%
b11100111001 =
b1101111111100111 B
b1110001010111100 A
1#
#86235005
0#
#86240005
1%
b111001 &
1#
#86245005
0#
#86250005
0%
b11100111010 =
b1110000000000110 B
b1110001011110101 A
1#
#86255005
0#
#86260005
1%
b111010 &
1#
#86265005
0#
#86270005
0%
b11100111011 =
b1110000000100101 B
b1110001100101111 A
1#
#86275005
0#
#86280005
1%
b111011 &
1#
#86285005
0#
#86290005
0%
b11100111100 =
b1110000001000100 B
b1110001101101010 A
1#
#86295005
0#
#86300005
1%
b111100 &
1#
#86305005
0#
#86310005
0%
b11100111101 =
b1110000001100011 B
b1110001110100110 A
1#
#86315005
0#
#86320005
1%
b111101 &
1#
#86325005
0#
#86330005
0%
b11100111110 =
b1110000010000010 B
b1110001111100011 A
1#
#86335005
0#
#86340005
1%
b111110 &
1#
#86345005
0#
#86350005
0%
b11100111111 =
b1110000010100001 B
b1110010000100001 A
1#
#86355005
0#
#86360005
1%
b111111 &
1#
#86365005
0#
#86370005
0%
b11101000000 =
b1110000011000000 B
b1110010001100000 A
1#
#86375005
0#
#86380005
1%
b0 &
1#
#86385005
0#
#86390005
0%
b11101000001 =
b1110000011011111 B
1#
#86395005
0#
#86400005
1%
b1 &
1#
#86405005
0#
#86410005
0%
b11101000010 =
b1110000011111110 B
b1110010001100001 A
1#
#86415005
0#
#86420005
1%
b10 &
1#
#86425005
0#
#86430005
0%
b11101000011 =
b1110000100011101 B
b1110010001100011 A
1#
#86435005
0#
#86440005
1%
b11 &
1#
#86445005
0#
#86450005
0%
b11101000100 =
b1110000100111100 B
b1110010001100110 A
1#
#86455005
0#
#86460005
1%
b100 &
1#
#86465005
0#
#86470005
0%
b11101000101 =
b1110000101011011 B
b1110010001101010 A
1#
#86475005
0#
#86480005
1%
b101 &
1#
#86485005
0#
#86490005
0%
b11101000110 =
b1110000101111010 B
b1110010001101111 A
1#
#86495005
0#
#86500005
1%
b110 &
1#
#86505005
0#
#86510005
0%
b11101000111 =
b1110000110011001 B
b1110010001110101 A
1#
#86515005
0#
#86520005
1%
b111 &
1#
#86525005
0#
#86530005
0%
b11101001000 =
b1110000110111000 B
b1110010001111100 A
1#
#86535005
0#
#86540005
1%
b1000 &
1#
#86545005
0#
#86550005
0%
b11101001001 =
b1110000111010111 B
b1110010010000100 A
1#
#86555005
0#
#86560005
1%
b1001 &
1#
#86565005
0#
#86570005
0%
b11101001010 =
b1110000111110110 B
b1110010010001101 A
1#
#86575005
0#
#86580005
1%
b1010 &
1#
#86585005
0#
#86590005
0%
b11101001011 =
b1110001000010101 B
b1110010010010111 A
1#
#86595005
0#
#86600005
1%
b1011 &
1#
#86605005
0#
#86610005
0%
b11101001100 =
b1110001000110100 B
b1110010010100010 A
1#
#86615005
0#
#86620005
1%
b1100 &
1#
#86625005
0#
#86630005
0%
b11101001101 =
b1110001001010011 B
b1110010010101110 A
1#
#86635005
0#
#86640005
1%
b1101 &
1#
#86645005
0#
#86650005
0%
b11101001110 =
b1110001001110010 B
b1110010010111011 A
1#
#86655005
0#
#86660005
1%
b1110 &
1#
#86665005
0#
#86670005
0%
b11101001111 =
b1110001010010001 B
b1110010011001001 A
1#
#86675005
0#
#86680005
1%
b1111 &
1#
#86685005
0#
#86690005
0%
b11101010000 =
b1110001010110000 B
b1110010011011000 A
1#
#86695005
0#
#86700005
1%
b10000 &
1#
#86705005
0#
#86710005
0%
b11101010001 =
b1110001011001111 B
b1110010011101000 A
1#
#86715005
0#
#86720005
1%
b10001 &
1#
#86725005
0#
#86730005
0%
b11101010010 =
b1110001011101110 B
b1110010011111001 A
1#
#86735005
0#
#86740005
1%
b10010 &
1#
#86745005
0#
#86750005
0%
b11101010011 =
b1110001100001101 B
b1110010100001011 A
1#
#86755005
0#
#86760005
1%
b10011 &
1#
#86765005
0#
#86770005
0%
b11101010100 =
b1110001100101100 B
b1110010100011110 A
1#
#86775005
0#
#86780005
1%
b10100 &
1#
#86785005
0#
#86790005
0%
b11101010101 =
b1110001101001011 B
b1110010100110010 A
1#
#86795005
0#
#86800005
1%
b10101 &
1#
#86805005
0#
#86810005
0%
b11101010110 =
b1110001101101010 B
b1110010101000111 A
1#
#86815005
0#
#86820005
1%
b10110 &
1#
#86825005
0#
#86830005
0%
b11101010111 =
b1110001110001001 B
b1110010101011101 A
1#
#86835005
0#
#86840005
1%
b10111 &
1#
#86845005
0#
#86850005
0%
b11101011000 =
b1110001110101000 B
b1110010101110100 A
1#
#86855005
0#
#86860005
1%
b11000 &
1#
#86865005
0#
#86870005
0%
b11101011001 =
b1110001111000111 B
b1110010110001100 A
1#
#86875005
0#
#86880005
1%
b11001 &
1#
#86885005
0#
#86890005
0%
b11101011010 =
b1110001111100110 B
b1110010110100101 A
1#
#86895005
0#
#86900005
1%
b11010 &
1#
#86905005
0#
#86910005
0%
b11101011011 =
b1110010000000101 B
b1110010110111111 A
1#
#86915005
0#
#86920005
1%
b11011 &
1#
#86925005
0#
#86930005
0%
b11101011100 =
b1110010000100100 B
b1110010111011010 A
1#
#86935005
0#
#86940005
1%
b11100 &
1#
#86945005
0#
#86950005
0%
b11101011101 =
b1110010001000011 B
b1110010111110110 A
1#
#86955005
0#
#86960005
1%
b11101 &
1#
#86965005
0#
#86970005
0%
b11101011110 =
b1110010001100010 B
b1110011000010011 A
1#
#86975005
0#
#86980005
1%
b11110 &
1#
#86985005
0#
#86990005
0%
b11101011111 =
b1110010010000001 B
b1110011000110001 A
1#
#86995005
0#
#87000005
1%
b11111 &
1#
#87005005
0#
#87010005
0%
b11101100000 =
b1110010010100000 B
b1110011001010000 A
1#
#87015005
0#
#87020005
1%
b100000 &
1#
#87025005
0#
#87030005
0%
b11101100001 =
b1110010010111111 B
b1110011001110000 A
1#
#87035005
0#
#87040005
1%
b100001 &
1#
#87045005
0#
#87050005
0%
b11101100010 =
b1110010011011110 B
b1110011010010001 A
1#
#87055005
0#
#87060005
1%
b100010 &
1#
#87065005
0#
#87070005
0%
b11101100011 =
b1110010011111101 B
b1110011010110011 A
1#
#87075005
0#
#87080005
1%
b100011 &
1#
#87085005
0#
#87090005
0%
b11101100100 =
b1110010100011100 B
b1110011011010110 A
1#
#87095005
0#
#87100005
1%
b100100 &
1#
#87105005
0#
#87110005
0%
b11101100101 =
b1110010100111011 B
b1110011011111010 A
1#
#87115005
0#
#87120005
1%
b100101 &
1#
#87125005
0#
#87130005
0%
b11101100110 =
b1110010101011010 B
b1110011100011111 A
1#
#87135005
0#
#87140005
1%
b100110 &
1#
#87145005
0#
#87150005
0%
b11101100111 =
b1110010101111001 B
b1110011101000101 A
1#
#87155005
0#
#87160005
1%
b100111 &
1#
#87165005
0#
#87170005
0%
b11101101000 =
b1110010110011000 B
b1110011101101100 A
1#
#87175005
0#
#87180005
1%
b101000 &
1#
#87185005
0#
#87190005
0%
b11101101001 =
b1110010110110111 B
b1110011110010100 A
1#
#87195005
0#
#87200005
1%
b101001 &
1#
#87205005
0#
#87210005
0%
b11101101010 =
b1110010111010110 B
b1110011110111101 A
1#
#87215005
0#
#87220005
1%
b101010 &
1#
#87225005
0#
#87230005
0%
b11101101011 =
b1110010111110101 B
b1110011111100111 A
1#
#87235005
0#
#87240005
1%
b101011 &
1#
#87245005
0#
#87250005
0%
b11101101100 =
b1110011000010100 B
b1110100000010010 A
1#
#87255005
0#
#87260005
1%
b101100 &
1#
#87265005
0#
#87270005
0%
b11101101101 =
b1110011000110011 B
b1110100000111110 A
1#
#87275005
0#
#87280005
1%
b101101 &
1#
#87285005
0#
#87290005
0%
b11101101110 =
b1110011001010010 B
b1110100001101011 A
1#
#87295005
0#
#87300005
1%
b101110 &
1#
#87305005
0#
#87310005
0%
b11101101111 =
b1110011001110001 B
b1110100010011001 A
1#
#87315005
0#
#87320005
1%
b101111 &
1#
#87325005
0#
#87330005
0%
b11101110000 =
b1110011010010000 B
b1110100011001000 A
1#
#87335005
0#
#87340005
1%
b110000 &
1#
#87345005
0#
#87350005
0%
b11101110001 =
b1110011010101111 B
b1110100011111000 A
1#
#87355005
0#
#87360005
1%
b110001 &
1#
#87365005
0#
#87370005
0%
b11101110010 =
b1110011011001110 B
b1110100100101001 A
1#
#87375005
0#
#87380005
1%
b110010 &
1#
#87385005
0#
#87390005
0%
b11101110011 =
b1110011011101101 B
b1110100101011011 A
1#
#87395005
0#
#87400005
1%
b110011 &
1#
#87405005
0#
#87410005
0%
b11101110100 =
b1110011100001100 B
b1110100110001110 A
1#
#87415005
0#
#87420005
1%
b110100 &
1#
#87425005
0#
#87430005
0%
b11101110101 =
b1110011100101011 B
b1110100111000010 A
1#
#87435005
0#
#87440005
1%
b110101 &
1#
#87445005
0#
#87450005
0%
b11101110110 =
b1110011101001010 B
b1110100111110111 A
1#
#87455005
0#
#87460005
1%
b110110 &
1#
#87465005
0#
#87470005
0%
b11101110111 =
b1110011101101001 B
b1110101000101101 A
1#
#87475005
0#
#87480005
1%
b110111 &
1#
#87485005
0#
#87490005
0%
b11101111000 =
b1110011110001000 B
b1110101001100100 A
1#
#87495005
0#
#87500005
1%
b111000 &
1#
#87505005
0#
#87510005
0%
b11101111001 =
b1110011110100111 B
b1110101010011100 A
1#
#87515005
0#
#87520005
1%
b111001 &
1#
#87525005
0#
#87530005
0%
b11101111010 =
b1110011111000110 B
b1110101011010101 A
1#
#87535005
0#
#87540005
1%
b111010 &
1#
#87545005
0#
#87550005
0%
b11101111011 =
b1110011111100101 B
b1110101100001111 A
1#
#87555005
0#
#87560005
1%
b111011 &
1#
#87565005
0#
#87570005
0%
b11101111100 =
b1110100000000100 B
b1110101101001010 A
1#
#87575005
0#
#87580005
1%
b111100 &
1#
#87585005
0#
#87590005
0%
b11101111101 =
b1110100000100011 B
b1110101110000110 A
1#
#87595005
0#
#87600005
1%
b111101 &
1#
#87605005
0#
#87610005
0%
b11101111110 =
b1110100001000010 B
b1110101111000011 A
1#
#87615005
0#
#87620005
1%
b111110 &
1#
#87625005
0#
#87630005
0%
b11101111111 =
b1110100001100001 B
b1110110000000001 A
1#
#87635005
0#
#87640005
1%
b111111 &
1#
#87645005
0#
#87650005
0%
b11110000000 =
b1110100010000000 B
b1110110001000000 A
1#
#87655005
0#
#87660005
1%
b0 &
1#
#87665005
0#
#87670005
0%
b11110000001 =
b1110100010011111 B
1#
#87675005
0#
#87680005
1%
b1 &
1#
#87685005
0#
#87690005
0%
b11110000010 =
b1110100010111110 B
b1110110001000001 A
1#
#87695005
0#
#87700005
1%
b10 &
1#
#87705005
0#
#87710005
0%
b11110000011 =
b1110100011011101 B
b1110110001000011 A
1#
#87715005
0#
#87720005
1%
b11 &
1#
#87725005
0#
#87730005
0%
b11110000100 =
b1110100011111100 B
b1110110001000110 A
1#
#87735005
0#
#87740005
1%
b100 &
1#
#87745005
0#
#87750005
0%
b11110000101 =
b1110100100011011 B
b1110110001001010 A
1#
#87755005
0#
#87760005
1%
b101 &
1#
#87765005
0#
#87770005
0%
b11110000110 =
b1110100100111010 B
b1110110001001111 A
1#
#87775005
0#
#87780005
1%
b110 &
1#
#87785005
0#
#87790005
0%
b11110000111 =
b1110100101011001 B
b1110110001010101 A
1#
#87795005
0#
#87800005
1%
b111 &
1#
#87805005
0#
#87810005
0%
b11110001000 =
b1110100101111000 B
b1110110001011100 A
1#
#87815005
0#
#87820005
1%
b1000 &
1#
#87825005
0#
#87830005
0%
b11110001001 =
b1110100110010111 B
b1110110001100100 A
1#
#87835005
0#
#87840005
1%
b1001 &
1#
#87845005
0#
#87850005
0%
b11110001010 =
b1110100110110110 B
b1110110001101101 A
1#
#87855005
0#
#87860005
1%
b1010 &
1#
#87865005
0#
#87870005
0%
b11110001011 =
b1110100111010101 B
b1110110001110111 A
1#
#87875005
0#
#87880005
1%
b1011 &
1#
#87885005
0#
#87890005
0%
b11110001100 =
b1110100111110100 B
b1110110010000010 A
1#
#87895005
0#
#87900005
1%
b1100 &
1#
#87905005
0#
#87910005
0%
b11110001101 =
b1110101000010011 B
b1110110010001110 A
1#
#87915005
0#
#87920005
1%
b1101 &
1#
#87925005
0#
#87930005
0%
b11110001110 =
b1110101000110010 B
b1110110010011011 A
1#
#87935005
0#
#87940005
1%
b1110 &
1#
#87945005
0#
#87950005
0%
b11110001111 =
b1110101001010001 B
b1110110010101001 A
1#
#87955005
0#
#87960005
1%
b1111 &
1#
#87965005
0#
#87970005
0%
b11110010000 =
b1110101001110000 B
b1110110010111000 A
1#
#87975005
0#
#87980005
1%
b10000 &
1#
#87985005
0#
#87990005
0%
b11110010001 =
b1110101010001111 B
b1110110011001000 A
1#
#87995005
0#
#88000005
1%
b10001 &
1#
#88005005
0#
#88010005
0%
b11110010010 =
b1110101010101110 B
b1110110011011001 A
1#
#88015005
0#
#88020005
1%
b10010 &
1#
#88025005
0#
#88030005
0%
b11110010011 =
b1110101011001101 B
b1110110011101011 A
1#
#88035005
0#
#88040005
1%
b10011 &
1#
#88045005
0#
#88050005
0%
b11110010100 =
b1110101011101100 B
b1110110011111110 A
1#
#88055005
0#
#88060005
1%
b10100 &
1#
#88065005
0#
#88070005
0%
b11110010101 =
b1110101100001011 B
b1110110100010010 A
1#
#88075005
0#
#88080005
1%
b10101 &
1#
#88085005
0#
#88090005
0%
b11110010110 =
b1110101100101010 B
b1110110100100111 A
1#
#88095005
0#
#88100005
1%
b10110 &
1#
#88105005
0#
#88110005
0%
b11110010111 =
b1110101101001001 B
b1110110100111101 A
1#
#88115005
0#
#88120005
1%
b10111 &
1#
#88125005
0#
#88130005
0%
b11110011000 =
b1110101101101000 B
b1110110101010100 A
1#
#88135005
0#
#88140005
1%
b11000 &
1#
#88145005
0#
#88150005
0%
b11110011001 =
b1110101110000111 B
b1110110101101100 A
1#
#88155005
0#
#88160005
1%
b11001 &
1#
#88165005
0#
#88170005
0%
b11110011010 =
b1110101110100110 B
b1110110110000101 A
1#
#88175005
0#
#88180005
1%
b11010 &
1#
#88185005
0#
#88190005
0%
b11110011011 =
b1110101111000101 B
b1110110110011111 A
1#
#88195005
0#
#88200005
1%
b11011 &
1#
#88205005
0#
#88210005
0%
b11110011100 =
b1110101111100100 B
b1110110110111010 A
1#
#88215005
0#
#88220005
1%
b11100 &
1#
#88225005
0#
#88230005
0%
b11110011101 =
b1110110000000011 B
b1110110111010110 A
1#
#88235005
0#
#88240005
1%
b11101 &
1#
#88245005
0#
#88250005
0%
b11110011110 =
b1110110000100010 B
b1110110111110011 A
1#
#88255005
0#
#88260005
1%
b11110 &
1#
#88265005
0#
#88270005
0%
b11110011111 =
b1110110001000001 B
b1110111000010001 A
1#
#88275005
0#
#88280005
1%
b11111 &
1#
#88285005
0#
#88290005
0%
b11110100000 =
b1110110001100000 B
b1110111000110000 A
1#
#88295005
0#
#88300005
1%
b100000 &
1#
#88305005
0#
#88310005
0%
b11110100001 =
b1110110001111111 B
b1110111001010000 A
1#
#88315005
0#
#88320005
1%
b100001 &
1#
#88325005
0#
#88330005
0%
b11110100010 =
b1110110010011110 B
b1110111001110001 A
1#
#88335005
0#
#88340005
1%
b100010 &
1#
#88345005
0#
#88350005
0%
b11110100011 =
b1110110010111101 B
b1110111010010011 A
1#
#88355005
0#
#88360005
1%
b100011 &
1#
#88365005
0#
#88370005
0%
b11110100100 =
b1110110011011100 B
b1110111010110110 A
1#
#88375005
0#
#88380005
1%
b100100 &
1#
#88385005
0#
#88390005
0%
b11110100101 =
b1110110011111011 B
b1110111011011010 A
1#
#88395005
0#
#88400005
1%
b100101 &
1#
#88405005
0#
#88410005
0%
b11110100110 =
b1110110100011010 B
b1110111011111111 A
1#
#88415005
0#
#88420005
1%
b100110 &
1#
#88425005
0#
#88430005
0%
b11110100111 =
b1110110100111001 B
b1110111100100101 A
1#
#88435005
0#
#88440005
1%
b100111 &
1#
#88445005
0#
#88450005
0%
b11110101000 =
b1110110101011000 B
b1110111101001100 A
1#
#88455005
0#
#88460005
1%
b101000 &
1#
#88465005
0#
#88470005
0%
b11110101001 =
b1110110101110111 B
b1110111101110100 A
1#
#88475005
0#
#88480005
1%
b101001 &
1#
#88485005
0#
#88490005
0%
b11110101010 =
b1110110110010110 B
b1110111110011101 A
1#
#88495005
0#
#88500005
1%
b101010 &
1#
#88505005
0#
#88510005
0%
b11110101011 =
b1110110110110101 B
b1110111111000111 A
1#
#88515005
0#
#88520005
1%
b101011 &
1#
#88525005
0#
#88530005
0%
b11110101100 =
b1110110111010100 B
b1110111111110010 A
1#
#88535005
0#
#88540005
1%
b101100 &
1#
#88545005
0#
#88550005
0%
b11110101101 =
b1110110111110011 B
b1111000000011110 A
1#
#88555005
0#
#88560005
1%
b101101 &
1#
#88565005
0#
#88570005
0%
b11110101110 =
b1110111000010010 B
b1111000001001011 A
1#
#88575005
0#
#88580005
1%
b101110 &
1#
#88585005
0#
#88590005
0%
b11110101111 =
b1110111000110001 B
b1111000001111001 A
1#
#88595005
0#
#88600005
1%
b101111 &
1#
#88605005
0#
#88610005
0%
b11110110000 =
b1110111001010000 B
b1111000010101000 A
1#
#88615005
0#
#88620005
1%
b110000 &
1#
#88625005
0#
#88630005
0%
b11110110001 =
b1110111001101111 B
b1111000011011000 A
1#
#88635005
0#
#88640005
1%
b110001 &
1#
#88645005
0#
#88650005
0%
b11110110010 =
b1110111010001110 B
b1111000100001001 A
1#
#88655005
0#
#88660005
1%
b110010 &
1#
#88665005
0#
#88670005
0%
b11110110011 =
b1110111010101101 B
b1111000100111011 A
1#
#88675005
0#
#88680005
1%
b110011 &
1#
#88685005
0#
#88690005
0%
b11110110100 =
b1110111011001100 B
b1111000101101110 A
1#
#88695005
0#
#88700005
1%
b110100 &
1#
#88705005
0#
#88710005
0%
b11110110101 =
b1110111011101011 B
b1111000110100010 A
1#
#88715005
0#
#88720005
1%
b110101 &
1#
#88725005
0#
#88730005
0%
b11110110110 =
b1110111100001010 B
b1111000111010111 A
1#
#88735005
0#
#88740005
1%
b110110 &
1#
#88745005
0#
#88750005
0%
b11110110111 =
b1110111100101001 B
b1111001000001101 A
1#
#88755005
0#
#88760005
1%
b110111 &
1#
#88765005
0#
#88770005
0%
b11110111000 =
b1110111101001000 B
b1111001001000100 A
1#
#88775005
0#
#88780005
1%
b111000 &
1#
#88785005
0#
#88790005
0%
b11110111001 =
b1110111101100111 B
b1111001001111100 A
1#
#88795005
0#
#88800005
1%
b111001 &
1#
#88805005
0#
#88810005
0%
b11110111010 =
b1110111110000110 B
b1111001010110101 A
1#
#88815005
0#
#88820005
1%
b111010 &
1#
#88825005
0#
#88830005
0%
b11110111011 =
b1110111110100101 B
b1111001011101111 A
1#
#88835005
0#
#88840005
1%
b111011 &
1#
#88845005
0#
#88850005
0%
b11110111100 =
b1110111111000100 B
b1111001100101010 A
1#
#88855005
0#
#88860005
1%
b111100 &
1#
#88865005
0#
#88870005
0%
b11110111101 =
b1110111111100011 B
b1111001101100110 A
1#
#88875005
0#
#88880005
1%
b111101 &
1#
#88885005
0#
#88890005
0%
b11110111110 =
b1111000000000010 B
b1111001110100011 A
1#
#88895005
0#
#88900005
1%
b111110 &
1#
#88905005
0#
#88910005
0%
b11110111111 =
b1111000000100001 B
b1111001111100001 A
1#
#88915005
0#
#88920005
1%
b111111 &
1#
#88925005
0#
#88930005
0%
b11111000000 =
b1111000001000000 B
b1111010000100000 A
1#
#88935005
0#
#88940005
1%
b0 &
1#
#88945005
0#
#88950005
0%
b11111000001 =
b1111000001011111 B
1#
#88955005
0#
#88960005
1%
b1 &
1#
#88965005
0#
#88970005
0%
b11111000010 =
b1111000001111110 B
b1111010000100001 A
1#
#88975005
0#
#88980005
1%
b10 &
1#
#88985005
0#
#88990005
0%
b11111000011 =
b1111000010011101 B
b1111010000100011 A
1#
#88995005
0#
#89000005
1%
b11 &
1#
#89005005
0#
#89010005
0%
b11111000100 =
b1111000010111100 B
b1111010000100110 A
1#
#89015005
0#
#89020005
1%
b100 &
1#
#89025005
0#
#89030005
0%
b11111000101 =
b1111000011011011 B
b1111010000101010 A
1#
#89035005
0#
#89040005
1%
b101 &
1#
#89045005
0#
#89050005
0%
b11111000110 =
b1111000011111010 B
b1111010000101111 A
1#
#89055005
0#
#89060005
1%
b110 &
1#
#89065005
0#
#89070005
0%
b11111000111 =
b1111000100011001 B
b1111010000110101 A
1#
#89075005
0#
#89080005
1%
b111 &
1#
#89085005
0#
#89090005
0%
b11111001000 =
b1111000100111000 B
b1111010000111100 A
1#
#89095005
0#
#89100005
1%
b1000 &
1#
#89105005
0#
#89110005
0%
b11111001001 =
b1111000101010111 B
b1111010001000100 A
1#
#89115005
0#
#89120005
1%
b1001 &
1#
#89125005
0#
#89130005
0%
b11111001010 =
b1111000101110110 B
b1111010001001101 A
1#
#89135005
0#
#89140005
1%
b1010 &
1#
#89145005
0#
#89150005
0%
b11111001011 =
b1111000110010101 B
b1111010001010111 A
1#
#89155005
0#
#89160005
1%
b1011 &
1#
#89165005
0#
#89170005
0%
b11111001100 =
b1111000110110100 B
b1111010001100010 A
1#
#89175005
0#
#89180005
1%
b1100 &
1#
#89185005
0#
#89190005
0%
b11111001101 =
b1111000111010011 B
b1111010001101110 A
1#
#89195005
0#
#89200005
1%
b1101 &
1#
#89205005
0#
#89210005
0%
b11111001110 =
b1111000111110010 B
b1111010001111011 A
1#
#89215005
0#
#89220005
1%
b1110 &
1#
#89225005
0#
#89230005
0%
b11111001111 =
b1111001000010001 B
b1111010010001001 A
1#
#89235005
0#
#89240005
1%
b1111 &
1#
#89245005
0#
#89250005
0%
b11111010000 =
b1111001000110000 B
b1111010010011000 A
1#
#89255005
0#
#89260005
1%
b10000 &
1#
#89265005
0#
#89270005
0%
b11111010001 =
b1111001001001111 B
b1111010010101000 A
1#
#89275005
0#
#89280005
1%
b10001 &
1#
#89285005
0#
#89290005
0%
b11111010010 =
b1111001001101110 B
b1111010010111001 A
1#
#89295005
0#
#89300005
1%
b10010 &
1#
#89305005
0#
#89310005
0%
b11111010011 =
b1111001010001101 B
b1111010011001011 A
1#
#89315005
0#
#89320005
1%
b10011 &
1#
#89325005
0#
#89330005
0%
b11111010100 =
b1111001010101100 B
b1111010011011110 A
1#
#89335005
0#
#89340005
1%
b10100 &
1#
#89345005
0#
#89350005
0%
b11111010101 =
b1111001011001011 B
b1111010011110010 A
1#
#89355005
0#
#89360005
1%
b10101 &
1#
#89365005
0#
#89370005
0%
b11111010110 =
b1111001011101010 B
b1111010100000111 A
1#
#89375005
0#
#89380005
1%
b10110 &
1#
#89385005
0#
#89390005
0%
b11111010111 =
b1111001100001001 B
b1111010100011101 A
1#
#89395005
0#
#89400005
1%
b10111 &
1#
#89405005
0#
#89410005
0%
b11111011000 =
b1111001100101000 B
b1111010100110100 A
1#
#89415005
0#
#89420005
1%
b11000 &
1#
#89425005
0#
#89430005
0%
b11111011001 =
b1111001101000111 B
b1111010101001100 A
1#
#89435005
0#
#89440005
1%
b11001 &
1#
#89445005
0#
#89450005
0%
b11111011010 =
b1111001101100110 B
b1111010101100101 A
1#
#89455005
0#
#89460005
1%
b11010 &
1#
#89465005
0#
#89470005
0%
b11111011011 =
b1111001110000101 B
b1111010101111111 A
1#
#89475005
0#
#89480005
1%
b11011 &
1#
#89485005
0#
#89490005
0%
b11111011100 =
b1111001110100100 B
b1111010110011010 A
1#
#89495005
0#
#89500005
1%
b11100 &
1#
#89505005
0#
#89510005
0%
b11111011101 =
b1111001111000011 B
b1111010110110110 A
1#
#89515005
0#
#89520005
1%
b11101 &
1#
#89525005
0#
#89530005
0%
b11111011110 =
b1111001111100010 B
b1111010111010011 A
1#
#89535005
0#
#89540005
1%
b11110 &
1#
#89545005
0#
#89550005
0%
b11111011111 =
b1111010000000001 B
b1111010111110001 A
1#
#89555005
0#
#89560005
1%
b11111 &
1#
#89565005
0#
#89570005
0%
b11111100000 =
b1111010000100000 B
b1111011000010000 A
1#
#89575005
0#
#89580005
1%
b100000 &
1#
#89585005
0#
#89590005
0%
b11111100001 =
b1111010000111111 B
b1111011000110000 A
1#
#89595005
0#
#89600005
1%
b100001 &
1#
#89605005
0#
#89610005
0%
b11111100010 =
b1111010001011110 B
b1111011001010001 A
1#
#89615005
0#
#89620005
1%
b100010 &
1#
#89625005
0#
#89630005
0%
b11111100011 =
b1111010001111101 B
b1111011001110011 A
1#
#89635005
0#
#89640005
1%
b100011 &
1#
#89645005
0#
#89650005
0%
b11111100100 =
b1111010010011100 B
b1111011010010110 A
1#
#89655005
0#
#89660005
1%
b100100 &
1#
#89665005
0#
#89670005
0%
b11111100101 =
b1111010010111011 B
b1111011010111010 A
1#
#89675005
0#
#89680005
1%
b100101 &
1#
#89685005
0#
#89690005
0%
b11111100110 =
b1111010011011010 B
b1111011011011111 A
1#
#89695005
0#
#89700005
1%
b100110 &
1#
#89705005
0#
#89710005
0%
b11111100111 =
b1111010011111001 B
b1111011100000101 A
1#
#89715005
0#
#89720005
1%
b100111 &
1#
#89725005
0#
#89730005
0%
b11111101000 =
b1111010100011000 B
b1111011100101100 A
1#
#89735005
0#
#89740005
1%
b101000 &
1#
#89745005
0#
#89750005
0%
b11111101001 =
b1111010100110111 B
b1111011101010100 A
1#
#89755005
0#
#89760005
1%
b101001 &
1#
#89765005
0#
#89770005
0%
b11111101010 =
b1111010101010110 B
b1111011101111101 A
1#
#89775005
0#
#89780005
1%
b101010 &
1#
#89785005
0#
#89790005
0%
b11111101011 =
b1111010101110101 B
b1111011110100111 A
1#
#89795005
0#
#89800005
1%
b101011 &
1#
#89805005
0#
#89810005
0%
b11111101100 =
b1111010110010100 B
b1111011111010010 A
1#
#89815005
0#
#89820005
1%
b101100 &
1#
#89825005
0#
#89830005
0%
b11111101101 =
b1111010110110011 B
b1111011111111110 A
1#
#89835005
0#
#89840005
1%
b101101 &
1#
#89845005
0#
#89850005
0%
b11111101110 =
b1111010111010010 B
b1111100000101011 A
1#
#89855005
0#
#89860005
1%
b101110 &
1#
#89865005
0#
#89870005
0%
b11111101111 =
b1111010111110001 B
b1111100001011001 A
1#
#89875005
0#
#89880005
1%
b101111 &
1#
#89885005
0#
#89890005
0%
b11111110000 =
b1111011000010000 B
b1111100010001000 A
1#
#89895005
0#
#89900005
1%
b110000 &
1#
#89905005
0#
#89910005
0%
b11111110001 =
b1111011000101111 B
b1111100010111000 A
1#
#89915005
0#
#89920005
1%
b110001 &
1#
#89925005
0#
#89930005
0%
b11111110010 =
b1111011001001110 B
b1111100011101001 A
1#
#89935005
0#
#89940005
1%
b110010 &
1#
#89945005
0#
#89950005
0%
b11111110011 =
b1111011001101101 B
b1111100100011011 A
1#
#89955005
0#
#89960005
1%
b110011 &
1#
#89965005
0#
#89970005
0%
b11111110100 =
b1111011010001100 B
b1111100101001110 A
1#
#89975005
0#
#89980005
1%
b110100 &
1#
#89985005
0#
#89990005
0%
b11111110101 =
b1111011010101011 B
b1111100110000010 A
1#
#89995005
0#
#90000005
1%
b110101 &
1#
#90005005
0#
#90010005
0%
b11111110110 =
b1111011011001010 B
b1111100110110111 A
1#
#90015005
0#
#90020005
1%
b110110 &
1#
#90025005
0#
#90030005
0%
b11111110111 =
b1111011011101001 B
b1111100111101101 A
1#
#90035005
0#
#90040005
1%
b110111 &
1#
#90045005
0#
#90050005
0%
b11111111000 =
b1111011100001000 B
b1111101000100100 A
1#
#90055005
0#
#90060005
1%
b111000 &
1#
#90065005
0#
#90070005
0%
b11111111001 =
b1111011100100111 B
b1111101001011100 A
1#
#90075005
0#
#90080005
1%
b111001 &
1#
#90085005
0#
#90090005
0%
b11111111010 =
b1111011101000110 B
b1111101010010101 A
1#
#90095005
0#
#90100005
1%
b111010 &
1#
#90105005
0#
#90110005
0%
b11111111011 =
b1111011101100101 B
b1111101011001111 A
1#
#90115005
0#
#90120005
1%
b111011 &
1#
#90125005
0#
#90130005
0%
b11111111100 =
b1111011110000100 B
b1111101100001010 A
1#
#90135005
0#
#90140005
1%
b111100 &
1#
#90145005
0#
#90150005
0%
b11111111101 =
b1111011110100011 B
b1111101101000110 A
1#
#90155005
0#
#90160005
1%
b111101 &
1#
#90165005
0#
#90170005
0%
b11111111110 =
b1111011111000010 B
b1111101110000011 A
1#
#90175005
0#
#90180005
1%
b111110 &
1#
#90185005
0#
#90190005
0%
b11111111111 =
b1111011111100001 B
b1111101111000001 A
1#
#90195005
0#
#90200005
1%
b111111 &
1#
#90205005
0#
#90210005
0%
b100000000000 =
b1111100000000000 B
b1111110000000000 A
1#
#90215005
0#
#90220005
1%
b0 &
1#
#90225005
0#
#90230005
0%
b100000000001 =
b1111100000011111 B
1#
#90235005
0#
#90240005
1%
b1 &
1#
#90245005
0#
#90250005
0%
b100000000010 =
b1111100000111110 B
b1111110000000001 A
1#
#90255005
0#
#90260005
1%
b10 &
1#
#90265005
0#
#90270005
0%
b100000000011 =
b1111100001011101 B
b1111110000000011 A
1#
#90275005
0#
#90280005
1%
b11 &
1#
#90285005
0#
#90290005
0%
b100000000100 =
b1111100001111100 B
b1111110000000110 A
1#
#90295005
0#
#90300005
1%
b100 &
1#
#90305005
0#
#90310005
0%
b100000000101 =
b1111100010011011 B
b1111110000001010 A
1#
#90315005
0#
#90320005
1%
b101 &
1#
#90325005
0#
#90330005
0%
b100000000110 =
b1111100010111010 B
b1111110000001111 A
1#
#90335005
0#
#90340005
1%
b110 &
1#
#90345005
0#
#90350005
0%
b100000000111 =
b1111100011011001 B
b1111110000010101 A
1#
#90355005
0#
#90360005
1%
b111 &
1#
#90365005
0#
#90370005
0%
b100000001000 =
b1111100011111000 B
b1111110000011100 A
1#
#90375005
0#
#90380005
1%
b1000 &
1#
#90385005
0#
#90390005
0%
b100000001001 =
b1111100100010111 B
b1111110000100100 A
1#
#90395005
0#
#90400005
1%
b1001 &
1#
#90405005
0#
#90410005
0%
b100000001010 =
b1111100100110110 B
b1111110000101101 A
1#
#90415005
0#
#90420005
1%
b1010 &
1#
#90425005
0#
#90430005
0%
b100000001011 =
b1111100101010101 B
b1111110000110111 A
1#
#90435005
0#
#90440005
1%
b1011 &
1#
#90445005
0#
#90450005
0%
b100000001100 =
b1111100101110100 B
b1111110001000010 A
1#
#90455005
0#
#90460005
1%
b1100 &
1#
#90465005
0#
#90470005
0%
b100000001101 =
b1111100110010011 B
b1111110001001110 A
1#
#90475005
0#
#90480005
1%
b1101 &
1#
#90485005
0#
#90490005
0%
b100000001110 =
b1111100110110010 B
b1111110001011011 A
1#
#90495005
0#
#90500005
1%
b1110 &
1#
#90505005
0#
#90510005
0%
b100000001111 =
b1111100111010001 B
b1111110001101001 A
1#
#90515005
0#
#90520005
1%
b1111 &
1#
#90525005
0#
#90530005
0%
b100000010000 =
b1111100111110000 B
b1111110001111000 A
1#
#90535005
0#
#90540005
1%
b10000 &
1#
#90545005
0#
#90550005
0%
b100000010001 =
b1111101000001111 B
b1111110010001000 A
1#
#90555005
0#
#90560005
1%
b10001 &
1#
#90565005
0#
#90570005
0%
b100000010010 =
b1111101000101110 B
b1111110010011001 A
1#
#90575005
0#
#90580005
1%
b10010 &
1#
#90585005
0#
#90590005
0%
b100000010011 =
b1111101001001101 B
b1111110010101011 A
1#
#90595005
0#
#90600005
1%
b10011 &
1#
#90605005
0#
#90610005
0%
b100000010100 =
b1111101001101100 B
b1111110010111110 A
1#
#90615005
0#
#90620005
1%
b10100 &
1#
#90625005
0#
#90630005
0%
b100000010101 =
b1111101010001011 B
b1111110011010010 A
1#
#90635005
0#
#90640005
1%
b10101 &
1#
#90645005
0#
#90650005
0%
b100000010110 =
b1111101010101010 B
b1111110011100111 A
1#
#90655005
0#
#90660005
1%
b10110 &
1#
#90665005
0#
#90670005
0%
b100000010111 =
b1111101011001001 B
b1111110011111101 A
1#
#90675005
0#
#90680005
1%
b10111 &
1#
#90685005
0#
#90690005
0%
b100000011000 =
b1111101011101000 B
b1111110100010100 A
1#
#90695005
0#
#90700005
1%
b11000 &
1#
#90705005
0#
#90710005
0%
b100000011001 =
b1111101100000111 B
b1111110100101100 A
1#
#90715005
0#
#90720005
1%
b11001 &
1#
#90725005
0#
#90730005
0%
b100000011010 =
b1111101100100110 B
b1111110101000101 A
1#
#90735005
0#
#90740005
1%
b11010 &
1#
#90745005
0#
#90750005
0%
b100000011011 =
b1111101101000101 B
b1111110101011111 A
1#
#90755005
0#
#90760005
1%
b11011 &
1#
#90765005
0#
#90770005
0%
b100000011100 =
b1111101101100100 B
b1111110101111010 A
1#
#90775005
0#
#90780005
1%
b11100 &
1#
#90785005
0#
#90790005
0%
b100000011101 =
b1111101110000011 B
b1111110110010110 A
1#
#90795005
0#
#90800005
1%
b11101 &
1#
#90805005
0#
#90810005
0%
b100000011110 =
b1111101110100010 B
b1111110110110011 A
1#
#90815005
0#
#90820005
1%
b11110 &
1#
#90825005
0#
#90830005
0%
b100000011111 =
b1111101111000001 B
b1111110111010001 A
1#
#90835005
0#
#90840005
1%
b11111 &
1#
#90845005
0#
#90850005
0%
b100000100000 =
b1111101111100000 B
b1111110111110000 A
1#
#90855005
0#
#90860005
1%
b100000 &
1#
#90865005
0#
#90870005
0%
b100000100001 =
b1111101111111111 B
b1111111000010000 A
1#
#90875005
0#
#90880005
1%
b100001 &
1#
#90885005
0#
#90890005
0%
b100000100010 =
b1111110000011110 B
b1111111000110001 A
1#
#90895005
0#
#90900005
1%
b100010 &
1#
#90905005
0#
#90910005
0%
b100000100011 =
b1111110000111101 B
b1111111001010011 A
1#
#90915005
0#
#90920005
1%
b100011 &
1#
#90925005
0#
#90930005
0%
b100000100100 =
b1111110001011100 B
b1111111001110110 A
1#
#90935005
0#
#90940005
1%
b100100 &
1#
#90945005
0#
#90950005
0%
b100000100101 =
b1111110001111011 B
b1111111010011010 A
1#
#90955005
0#
#90960005
1%
b100101 &
1#
#90965005
0#
#90970005
0%
b100000100110 =
b1111110010011010 B
b1111111010111111 A
1#
#90975005
0#
#90980005
1%
b100110 &
1#
#90985005
0#
#90990005
0%
b100000100111 =
b1111110010111001 B
b1111111011100101 A
1#
#90995005
0#
#91000005
1%
b100111 &
1#
#91005005
0#
#91010005
0%
b100000101000 =
b1111110011011000 B
b1111111100001100 A
1#
#91015005
0#
#91020005
1%
b101000 &
1#
#91025005
0#
#91030005
0%
b100000101001 =
b1111110011110111 B
b1111111100110100 A
1#
#91035005
0#
#91040005
1%
b101001 &
1#
#91045005
0#
#91050005
0%
b100000101010 =
b1111110100010110 B
b1111111101011101 A
1#
#91055005
0#
#91060005
1%
b101010 &
1#
#91065005
0#
#91070005
0%
b100000101011 =
b1111110100110101 B
b1111111110000111 A
1#
#91075005
0#
#91080005
1%
b101011 &
1#
#91085005
0#
#91090005
0%
b100000101100 =
b1111110101010100 B
b1111111110110010 A
1#
#91095005
0#
#91100005
1%
b101100 &
1#
#91105005
0#
#91110005
0%
b100000101101 =
b1111110101110011 B
b1111111111011110 A
1#
#91115005
0#
#91120005
1%
b101101 &
1#
#91125005
0#
#91130005
0%
b100000101110 =
b1111110110010010 B
b10000000000001011 A
1#
#91135005
0#
#91140005
1%
b101110 &
1#
#91145005
0#
#91150005
0%
b100000101111 =
b1111110110110001 B
b10000000000111001 A
1#
#91155005
0#
#91160005
1%
b101111 &
1#
#91165005
0#
#91170005
0%
b100000110000 =
b1111110111010000 B
b10000000001101000 A
1#
#91175005
0#
#91180005
1%
b110000 &
1#
#91185005
0#
#91190005
0%
b100000110001 =
b1111110111101111 B
b10000000010011000 A
1#
#91195005
0#
#91200005
1%
b110001 &
1#
#91205005
0#
#91210005
0%
b100000110010 =
b1111111000001110 B
b10000000011001001 A
1#
#91215005
0#
#91220005
1%
b110010 &
1#
#91225005
0#
#91230005
0%
b100000110011 =
b1111111000101101 B
b10000000011111011 A
1#
#91235005
0#
#91240005
1%
b110011 &
1#
#91245005
0#
#91250005
0%
b100000110100 =
b1111111001001100 B
b10000000100101110 A
1#
#91255005
0#
#91260005
1%
b110100 &
1#
#91265005
0#
#91270005
0%
b100000110101 =
b1111111001101011 B
b10000000101100010 A
1#
#91275005
0#
#91280005
1%
b110101 &
1#
#91285005
0#
#91290005
0%
b100000110110 =
b1111111010001010 B
b10000000110010111 A
1#
#91295005
0#
#91300005
1%
b110110 &
1#
#91305005
0#
#91310005
0%
b100000110111 =
b1111111010101001 B
b10000000111001101 A
1#
#91315005
0#
#91320005
1%
b110111 &
1#
#91325005
0#
#91330005
0%
b100000111000 =
b1111111011001000 B
b10000001000000100 A
1#
#91335005
0#
#91340005
1%
b111000 &
1#
#91345005
0#
#91350005
0%
b100000111001 =
b1111111011100111 B
b10000001000111100 A
1#
#91355005
0#
#91360005
1%
b111001 &
1#
#91365005
0#
#91370005
0%
b100000111010 =
b1111111100000110 B
b10000001001110101 A
1#
#91375005
0#
#91380005
1%
b111010 &
1#
#91385005
0#
#91390005
0%
b100000111011 =
b1111111100100101 B
b10000001010101111 A
1#
#91395005
0#
#91400005
1%
b111011 &
1#
#91405005
0#
#91410005
0%
b100000111100 =
b1111111101000100 B
b10000001011101010 A
1#
#91415005
0#
#91420005
1%
b111100 &
1#
#91425005
0#
#91430005
0%
b100000111101 =
b1111111101100011 B
b10000001100100110 A
1#
#91435005
0#
#91440005
1%
b111101 &
1#
#91445005
0#
#91450005
0%
b100000111110 =
b1111111110000010 B
b10000001101100011 A
1#
#91455005
0#
#91460005
1%
b111110 &
1#
#91465005
0#
#91470005
0%
b100000111111 =
b1111111110100001 B
b10000001110100001 A
1#
#91475005
0#
#91480005
1%
b111111 &
1#
#91485005
0#
#91490005
0%
b100001000000 =
b1111111111000000 B
b10000001111100000 A
1#
#91495005
0#
#91500005
1%
b0 &
1#
#91505005
0#
#91510005
0%
b100001000001 =
b1111111111011111 B
1#
#91515005
0#
#91520005
1%
b1 &
1#
#91525005
0#
#91530005
0%
b100001000010 =
b1111111111111110 B
b10000001111100001 A
1#
#91535005
0#
#91540005
1%
b10 &
1#
#91545005
0#
#91550005
0%
b100001000011 =
b10000000000011101 B
b10000001111100011 A
1#
#91555005
0#
#91560005
1%
b11 &
1#
#91565005
0#
#91570005
0%
b100001000100 =
b10000000000111100 B
b10000001111100110 A
1#
#91575005
0#
#91580005
1%
b100 &
1#
#91585005
0#
#91590005
0%
b100001000101 =
b10000000001011011 B
b10000001111101010 A
1#
#91595005
0#
#91600005
1%
b101 &
1#
#91605005
0#
#91610005
0%
b100001000110 =
b10000000001111010 B
b10000001111101111 A
1#
#91615005
0#
#91620005
1%
b110 &
1#
#91625005
0#
#91630005
0%
b100001000111 =
b10000000010011001 B
b10000001111110101 A
1#
#91635005
0#
#91640005
1%
b111 &
1#
#91645005
0#
#91650005
0%
b100001001000 =
b10000000010111000 B
b10000001111111100 A
1#
#91655005
0#
#91660005
1%
b1000 &
1#
#91665005
0#
#91670005
0%
b100001001001 =
b10000000011010111 B
b10000010000000100 A
1#
#91675005
0#
#91680005
1%
b1001 &
1#
#91685005
0#
#91690005
0%
b100001001010 =
b10000000011110110 B
b10000010000001101 A
1#
#91695005
0#
#91700005
1%
b1010 &
1#
#91705005
0#
#91710005
0%
b100001001011 =
b10000000100010101 B
b10000010000010111 A
1#
#91715005
0#
#91720005
1%
b1011 &
1#
#91725005
0#
#91730005
0%
b100001001100 =
b10000000100110100 B
b10000010000100010 A
1#
#91735005
0#
#91740005
1%
b1100 &
1#
#91745005
0#
#91750005
0%
b100001001101 =
b10000000101010011 B
b10000010000101110 A
1#
#91755005
0#
#91760005
1%
b1101 &
1#
#91765005
0#
#91770005
0%
b100001001110 =
b10000000101110010 B
b10000010000111011 A
1#
#91775005
0#
#91780005
1%
b1110 &
1#
#91785005
0#
#91790005
0%
b100001001111 =
b10000000110010001 B
b10000010001001001 A
1#
#91795005
0#
#91800005
1%
b1111 &
1#
#91805005
0#
#91810005
0%
b100001010000 =
b10000000110110000 B
b10000010001011000 A
1#
#91815005
0#
#91820005
1%
b10000 &
1#
#91825005
0#
#91830005
0%
b100001010001 =
b10000000111001111 B
b10000010001101000 A
1#
#91835005
0#
#91840005
1%
b10001 &
1#
#91845005
0#
#91850005
0%
b100001010010 =
b10000000111101110 B
b10000010001111001 A
1#
#91855005
0#
#91860005
1%
b10010 &
1#
#91865005
0#
#91870005
0%
b100001010011 =
b10000001000001101 B
b10000010010001011 A
1#
#91875005
0#
#91880005
1%
b10011 &
1#
#91885005
0#
#91890005
0%
b100001010100 =
b10000001000101100 B
b10000010010011110 A
1#
#91895005
0#
#91900005
1%
b10100 &
1#
#91905005
0#
#91910005
0%
b100001010101 =
b10000001001001011 B
b10000010010110010 A
1#
#91915005
0#
#91920005
1%
b10101 &
1#
#91925005
0#
#91930005
0%
b100001010110 =
b10000001001101010 B
b10000010011000111 A
1#
#91935005
0#
#91940005
1%
b10110 &
1#
#91945005
0#
#91950005
0%
b100001010111 =
b10000001010001001 B
b10000010011011101 A
1#
#91955005
0#
#91960005
1%
b10111 &
1#
#91965005
0#
#91970005
0%
b100001011000 =
b10000001010101000 B
b10000010011110100 A
1#
#91975005
0#
#91980005
1%
b11000 &
1#
#91985005
0#
#91990005
0%
b100001011001 =
b10000001011000111 B
b10000010100001100 A
1#
#91995005
0#
#92000005
1%
b11001 &
1#
#92005005
0#
#92010005
0%
b100001011010 =
b10000001011100110 B
b10000010100100101 A
1#
#92015005
0#
#92020005
1%
b11010 &
1#
#92025005
0#
#92030005
0%
b100001011011 =
b10000001100000101 B
b10000010100111111 A
1#
#92035005
0#
#92040005
1%
b11011 &
1#
#92045005
0#
#92050005
0%
b100001011100 =
b10000001100100100 B
b10000010101011010 A
1#
#92055005
0#
#92060005
1%
b11100 &
1#
#92065005
0#
#92070005
0%
b100001011101 =
b10000001101000011 B
b10000010101110110 A
1#
#92075005
0#
#92080005
1%
b11101 &
1#
#92085005
0#
#92090005
0%
b100001011110 =
b10000001101100010 B
b10000010110010011 A
1#
#92095005
0#
#92100005
1%
b11110 &
1#
#92105005
0#
#92110005
0%
b100001011111 =
b10000001110000001 B
b10000010110110001 A
1#
#92115005
0#
#92120005
1%
b11111 &
1#
#92125005
0#
#92130005
0%
b100001100000 =
b10000001110100000 B
b10000010111010000 A
1#
#92135005
0#
#92140005
1%
b100000 &
1#
#92145005
0#
#92150005
0%
b100001100001 =
b10000001110111111 B
b10000010111110000 A
1#
#92155005
0#
#92160005
1%
b100001 &
1#
#92165005
0#
#92170005
0%
b100001100010 =
b10000001111011110 B
b10000011000010001 A
1#
#92175005
0#
#92180005
1%
b100010 &
1#
#92185005
0#
#92190005
0%
b100001100011 =
b10000001111111101 B
b10000011000110011 A
1#
#92195005
0#
#92200005
1%
b100011 &
1#
#92205005
0#
#92210005
0%
b100001100100 =
b10000010000011100 B
b10000011001010110 A
1#
#92215005
0#
#92220005
1%
b100100 &
1#
#92225005
0#
#92230005
0%
b100001100101 =
b10000010000111011 B
b10000011001111010 A
1#
#92235005
0#
#92240005
1%
b100101 &
1#
#92245005
0#
#92250005
0%
b100001100110 =
b10000010001011010 B
b10000011010011111 A
1#
#92255005
0#
#92260005
1%
b100110 &
1#
#92265005
0#
#92270005
0%
b100001100111 =
b10000010001111001 B
b10000011011000101 A
1#
#92275005
0#
#92280005
1%
b100111 &
1#
#92285005
0#
#92290005
0%
b100001101000 =
b10000010010011000 B
b10000011011101100 A
1#
#92295005
0#
#92300005
1%
b101000 &
1#
#92305005
0#
#92310005
0%
b100001101001 =
b10000010010110111 B
b10000011100010100 A
1#
#92315005
0#
#92320005
1%
b101001 &
1#
#92325005
0#
#92330005
0%
b100001101010 =
b10000010011010110 B
b10000011100111101 A
1#
#92335005
0#
#92340005
1%
b101010 &
1#
#92345005
0#
#92350005
0%
b100001101011 =
b10000010011110101 B
b10000011101100111 A
1#
#92355005
0#
#92360005
1%
b101011 &
1#
#92365005
0#
#92370005
0%
b100001101100 =
b10000010100010100 B
b10000011110010010 A
1#
#92375005
0#
#92380005
1%
b101100 &
1#
#92385005
0#
#92390005
0%
b100001101101 =
b10000010100110011 B
b10000011110111110 A
1#
#92395005
0#
#92400005
1%
b101101 &
1#
#92405005
0#
#92410005
0%
b100001101110 =
b10000010101010010 B
b10000011111101011 A
1#
#92415005
0#
#92420005
1%
b101110 &
1#
#92425005
0#
#92430005
0%
b100001101111 =
b10000010101110001 B
b10000100000011001 A
1#
#92435005
0#
#92440005
1%
b101111 &
1#
#92445005
0#
#92450005
0%
b100001110000 =
b10000010110010000 B
b10000100001001000 A
1#
#92455005
0#
#92460005
1%
b110000 &
1#
#92465005
0#
#92470005
0%
b100001110001 =
b10000010110101111 B
b10000100001111000 A
1#
#92475005
0#
#92480005
1%
b110001 &
1#
#92485005
0#
#92490005
0%
b100001110010 =
b10000010111001110 B
b10000100010101001 A
1#
#92495005
0#
#92500005
1%
b110010 &
1#
#92505005
0#
#92510005
0%
b100001110011 =
b10000010111101101 B
b10000100011011011 A
1#
#92515005
0#
#92520005
1%
b110011 &
1#
#92525005
0#
#92530005
0%
b100001110100 =
b10000011000001100 B
b10000100100001110 A
1#
#92535005
0#
#92540005
1%
b110100 &
1#
#92545005
0#
#92550005
0%
b100001110101 =
b10000011000101011 B
b10000100101000010 A
1#
#92555005
0#
#92560005
1%
b110101 &
1#
#92565005
0#
#92570005
0%
b100001110110 =
b10000011001001010 B
b10000100101110111 A
1#
#92575005
0#
#92580005
1%
b110110 &
1#
#92585005
0#
#92590005
0%
b100001110111 =
b10000011001101001 B
b10000100110101101 A
1#
#92595005
0#
#92600005
1%
b110111 &
1#
#92605005
0#
#92610005
0%
b100001111000 =
b10000011010001000 B
b10000100111100100 A
1#
#92615005
0#
#92620005
1%
b111000 &
1#
#92625005
0#
#92630005
0%
b100001111001 =
b10000011010100111 B
b10000101000011100 A
1#
#92635005
0#
#92640005
1%
b111001 &
1#
#92645005
0#
#92650005
0%
b100001111010 =
b10000011011000110 B
b10000101001010101 A
1#
#92655005
0#
#92660005
1%
b111010 &
1#
#92665005
0#
#92670005
0%
b100001111011 =
b10000011011100101 B
b10000101010001111 A
1#
#92675005
0#
#92680005
1%
b111011 &
1#
#92685005
0#
#92690005
0%
b100001111100 =
b10000011100000100 B
b10000101011001010 A
1#
#92695005
0#
#92700005
1%
b111100 &
1#
#92705005
0#
#92710005
0%
b100001111101 =
b10000011100100011 B
b10000101100000110 A
1#
#92715005
0#
#92720005
1%
b111101 &
1#
#92725005
0#
#92730005
0%
b100001111110 =
b10000011101000010 B
b10000101101000011 A
1#
#92735005
0#
#92740005
1%
b111110 &
1#
#92745005
0#
#92750005
0%
b100001111111 =
b10000011101100001 B
b10000101110000001 A
1#
#92755005
0#
#92760005
1%
b111111 &
1#
#92765005
0#
#92770005
0%
b100010000000 =
b10000011110000000 B
b10000101111000000 A
1#
#92775005
0#
#92780005
1%
b0 &
1#
#92785005
0#
#92790005
0%
b100010000001 =
b10000011110011111 B
1#
#92795005
0#
#92800005
1%
b1 &
1#
#92805005
0#
#92810005
0%
b100010000010 =
b10000011110111110 B
b10000101111000001 A
1#
#92815005
0#
#92820005
1%
b10 &
1#
#92825005
0#
#92830005
0%
b100010000011 =
b10000011111011101 B
b10000101111000011 A
1#
#92835005
0#
#92840005
1%
b11 &
1#
#92845005
0#
#92850005
0%
b100010000100 =
b10000011111111100 B
b10000101111000110 A
1#
#92855005
0#
#92860005
1%
b100 &
1#
#92865005
0#
#92870005
0%
b100010000101 =
b10000100000011011 B
b10000101111001010 A
1#
#92875005
0#
#92880005
1%
b101 &
1#
#92885005
0#
#92890005
0%
b100010000110 =
b10000100000111010 B
b10000101111001111 A
1#
#92895005
0#
#92900005
1%
b110 &
1#
#92905005
0#
#92910005
0%
b100010000111 =
b10000100001011001 B
b10000101111010101 A
1#
#92915005
0#
#92920005
1%
b111 &
1#
#92925005
0#
#92930005
0%
b100010001000 =
b10000100001111000 B
b10000101111011100 A
1#
#92935005
0#
#92940005
1%
b1000 &
1#
#92945005
0#
#92950005
0%
b100010001001 =
b10000100010010111 B
b10000101111100100 A
1#
#92955005
0#
#92960005
1%
b1001 &
1#
#92965005
0#
#92970005
0%
b100010001010 =
b10000100010110110 B
b10000101111101101 A
1#
#92975005
0#
#92980005
1%
b1010 &
1#
#92985005
0#
#92990005
0%
b100010001011 =
b10000100011010101 B
b10000101111110111 A
1#
#92995005
0#
#93000005
1%
b1011 &
1#
#93005005
0#
#93010005
0%
b100010001100 =
b10000100011110100 B
b10000110000000010 A
1#
#93015005
0#
#93020005
1%
b1100 &
1#
#93025005
0#
#93030005
0%
b100010001101 =
b10000100100010011 B
b10000110000001110 A
1#
#93035005
0#
#93040005
1%
b1101 &
1#
#93045005
0#
#93050005
0%
b100010001110 =
b10000100100110010 B
b10000110000011011 A
1#
#93055005
0#
#93060005
1%
b1110 &
1#
#93065005
0#
#93070005
0%
b100010001111 =
b10000100101010001 B
b10000110000101001 A
1#
#93075005
0#
#93080005
1%
b1111 &
1#
#93085005
0#
#93090005
0%
b100010010000 =
b10000100101110000 B
b10000110000111000 A
1#
#93095005
0#
#93100005
1%
b10000 &
1#
#93105005
0#
#93110005
0%
b100010010001 =
b10000100110001111 B
b10000110001001000 A
1#
#93115005
0#
#93120005
1%
b10001 &
1#
#93125005
0#
#93130005
0%
b100010010010 =
b10000100110101110 B
b10000110001011001 A
1#
#93135005
0#
#93140005
1%
b10010 &
1#
#93145005
0#
#93150005
0%
b100010010011 =
b10000100111001101 B
b10000110001101011 A
1#
#93155005
0#
#93160005
1%
b10011 &
1#
#93165005
0#
#93170005
0%
b100010010100 =
b10000100111101100 B
b10000110001111110 A
1#
#93175005
0#
#93180005
1%
b10100 &
1#
#93185005
0#
#93190005
0%
b100010010101 =
b10000101000001011 B
b10000110010010010 A
1#
#93195005
0#
#93200005
1%
b10101 &
1#
#93205005
0#
#93210005
0%
b100010010110 =
b10000101000101010 B
b10000110010100111 A
1#
#93215005
0#
#93220005
1%
b10110 &
1#
#93225005
0#
#93230005
0%
b100010010111 =
b10000101001001001 B
b10000110010111101 A
1#
#93235005
0#
#93240005
1%
b10111 &
1#
#93245005
0#
#93250005
0%
b100010011000 =
b10000101001101000 B
b10000110011010100 A
1#
#93255005
0#
#93260005
1%
b11000 &
1#
#93265005
0#
#93270005
0%
b100010011001 =
b10000101010000111 B
b10000110011101100 A
1#
#93275005
0#
#93280005
1%
b11001 &
1#
#93285005
0#
#93290005
0%
b100010011010 =
b10000101010100110 B
b10000110100000101 A
1#
#93295005
0#
#93300005
1%
b11010 &
1#
#93305005
0#
#93310005
0%
b100010011011 =
b10000101011000101 B
b10000110100011111 A
1#
#93315005
0#
#93320005
1%
b11011 &
1#
#93325005
0#
#93330005
0%
b100010011100 =
b10000101011100100 B
b10000110100111010 A
1#
#93335005
0#
#93340005
1%
b11100 &
1#
#93345005
0#
#93350005
0%
b100010011101 =
b10000101100000011 B
b10000110101010110 A
1#
#93355005
0#
#93360005
1%
b11101 &
1#
#93365005
0#
#93370005
0%
b100010011110 =
b10000101100100010 B
b10000110101110011 A
1#
#93375005
0#
#93380005
1%
b11110 &
1#
#93385005
0#
#93390005
0%
b100010011111 =
b10000101101000001 B
b10000110110010001 A
1#
#93395005
0#
#93400005
1%
b11111 &
1#
#93405005
0#
#93410005
0%
b100010100000 =
b10000101101100000 B
b10000110110110000 A
1#
#93415005
0#
#93420005
1%
b100000 &
1#
#93425005
0#
#93430005
0%
b100010100001 =
b10000101101111111 B
b10000110111010000 A
1#
#93435005
0#
#93440005
1%
b100001 &
1#
#93445005
0#
#93450005
0%
b100010100010 =
b10000101110011110 B
b10000110111110001 A
1#
#93455005
0#
#93460005
1%
b100010 &
1#
#93465005
0#
#93470005
0%
b100010100011 =
b10000101110111101 B
b10000111000010011 A
1#
#93475005
0#
#93480005
1%
b100011 &
1#
#93485005
0#
#93490005
0%
b100010100100 =
b10000101111011100 B
b10000111000110110 A
1#
#93495005
0#
#93500005
1%
b100100 &
1#
#93505005
0#
#93510005
0%
b100010100101 =
b10000101111111011 B
b10000111001011010 A
1#
#93515005
0#
#93520005
1%
b100101 &
1#
#93525005
0#
#93530005
0%
b100010100110 =
b10000110000011010 B
b10000111001111111 A
1#
#93535005
0#
#93540005
1%
b100110 &
1#
#93545005
0#
#93550005
0%
b100010100111 =
b10000110000111001 B
b10000111010100101 A
1#
#93555005
0#
#93560005
1%
b100111 &
1#
#93565005
0#
#93570005
0%
b100010101000 =
b10000110001011000 B
b10000111011001100 A
1#
#93575005
0#
#93580005
1%
b101000 &
1#
#93585005
0#
#93590005
0%
b100010101001 =
b10000110001110111 B
b10000111011110100 A
1#
#93595005
0#
#93600005
1%
b101001 &
1#
#93605005
0#
#93610005
0%
b100010101010 =
b10000110010010110 B
b10000111100011101 A
1#
#93615005
0#
#93620005
1%
b101010 &
1#
#93625005
0#
#93630005
0%
b100010101011 =
b10000110010110101 B
b10000111101000111 A
1#
#93635005
0#
#93640005
1%
b101011 &
1#
#93645005
0#
#93650005
0%
b100010101100 =
b10000110011010100 B
b10000111101110010 A
1#
#93655005
0#
#93660005
1%
b101100 &
1#
#93665005
0#
#93670005
0%
b100010101101 =
b10000110011110011 B
b10000111110011110 A
1#
#93675005
0#
#93680005
1%
b101101 &
1#
#93685005
0#
#93690005
0%
b100010101110 =
b10000110100010010 B
b10000111111001011 A
1#
#93695005
0#
#93700005
1%
b101110 &
1#
#93705005
0#
#93710005
0%
b100010101111 =
b10000110100110001 B
b10000111111111001 A
1#
#93715005
0#
#93720005
1%
b101111 &
1#
#93725005
0#
#93730005
0%
b100010110000 =
b10000110101010000 B
b10001000000101000 A
1#
#93735005
0#
#93740005
1%
b110000 &
1#
#93745005
0#
#93750005
0%
b100010110001 =
b10000110101101111 B
b10001000001011000 A
1#
#93755005
0#
#93760005
1%
b110001 &
1#
#93765005
0#
#93770005
0%
b100010110010 =
b10000110110001110 B
b10001000010001001 A
1#
#93775005
0#
#93780005
1%
b110010 &
1#
#93785005
0#
#93790005
0%
b100010110011 =
b10000110110101101 B
b10001000010111011 A
1#
#93795005
0#
#93800005
1%
b110011 &
1#
#93805005
0#
#93810005
0%
b100010110100 =
b10000110111001100 B
b10001000011101110 A
1#
#93815005
0#
#93820005
1%
b110100 &
1#
#93825005
0#
#93830005
0%
b100010110101 =
b10000110111101011 B
b10001000100100010 A
1#
#93835005
0#
#93840005
1%
b110101 &
1#
#93845005
0#
#93850005
0%
b100010110110 =
b10000111000001010 B
b10001000101010111 A
1#
#93855005
0#
#93860005
1%
b110110 &
1#
#93865005
0#
#93870005
0%
b100010110111 =
b10000111000101001 B
b10001000110001101 A
1#
#93875005
0#
#93880005
1%
b110111 &
1#
#93885005
0#
#93890005
0%
b100010111000 =
b10000111001001000 B
b10001000111000100 A
1#
#93895005
0#
#93900005
1%
b111000 &
1#
#93905005
0#
#93910005
0%
b100010111001 =
b10000111001100111 B
b10001000111111100 A
1#
#93915005
0#
#93920005
1%
b111001 &
1#
#93925005
0#
#93930005
0%
b100010111010 =
b10000111010000110 B
b10001001000110101 A
1#
#93935005
0#
#93940005
1%
b111010 &
1#
#93945005
0#
#93950005
0%
b100010111011 =
b10000111010100101 B
b10001001001101111 A
1#
#93955005
0#
#93960005
1%
b111011 &
1#
#93965005
0#
#93970005
0%
b100010111100 =
b10000111011000100 B
b10001001010101010 A
1#
#93975005
0#
#93980005
1%
b111100 &
1#
#93985005
0#
#93990005
0%
b100010111101 =
b10000111011100011 B
b10001001011100110 A
1#
#93995005
0#
#94000005
1%
b111101 &
1#
#94005005
0#
#94010005
0%
b100010111110 =
b10000111100000010 B
b10001001100100011 A
1#
#94015005
0#
#94020005
1%
b111110 &
1#
#94025005
0#
#94030005
0%
b100010111111 =
b10000111100100001 B
b10001001101100001 A
1#
#94035005
0#
#94040005
1%
b111111 &
1#
#94045005
0#
#94050005
0%
b100011000000 =
b10000111101000000 B
b10001001110100000 A
1#
#94055005
0#
#94060005
1%
b0 &
1#
#94065005
0#
#94070005
0%
b100011000001 =
b10000111101011111 B
1#
#94075005
0#
#94080005
1%
b1 &
1#
#94085005
0#
#94090005
0%
b100011000010 =
b10000111101111110 B
b10001001110100001 A
1#
#94095005
0#
#94100005
1%
b10 &
1#
#94105005
0#
#94110005
0%
b100011000011 =
b10000111110011101 B
b10001001110100011 A
1#
#94115005
0#
#94120005
1%
b11 &
1#
#94125005
0#
#94130005
0%
b100011000100 =
b10000111110111100 B
b10001001110100110 A
1#
#94135005
0#
#94140005
1%
b100 &
1#
#94145005
0#
#94150005
0%
b100011000101 =
b10000111111011011 B
b10001001110101010 A
1#
#94155005
0#
#94160005
1%
b101 &
1#
#94165005
0#
#94170005
0%
b100011000110 =
b10000111111111010 B
b10001001110101111 A
1#
#94175005
0#
#94180005
1%
b110 &
1#
#94185005
0#
#94190005
0%
b100011000111 =
b10001000000011001 B
b10001001110110101 A
1#
#94195005
0#
#94200005
1%
b111 &
1#
#94205005
0#
#94210005
0%
b100011001000 =
b10001000000111000 B
b10001001110111100 A
1#
#94215005
0#
#94220005
1%
b1000 &
1#
#94225005
0#
#94230005
0%
b100011001001 =
b10001000001010111 B
b10001001111000100 A
1#
#94235005
0#
#94240005
1%
b1001 &
1#
#94245005
0#
#94250005
0%
b100011001010 =
b10001000001110110 B
b10001001111001101 A
1#
#94255005
0#
#94260005
1%
b1010 &
1#
#94265005
0#
#94270005
0%
b100011001011 =
b10001000010010101 B
b10001001111010111 A
1#
#94275005
0#
#94280005
1%
b1011 &
1#
#94285005
0#
#94290005
0%
b100011001100 =
b10001000010110100 B
b10001001111100010 A
1#
#94295005
0#
#94300005
1%
b1100 &
1#
#94305005
0#
#94310005
0%
b100011001101 =
b10001000011010011 B
b10001001111101110 A
1#
#94315005
0#
#94320005
1%
b1101 &
1#
#94325005
0#
#94330005
0%
b100011001110 =
b10001000011110010 B
b10001001111111011 A
1#
#94335005
0#
#94340005
1%
b1110 &
1#
#94345005
0#
#94350005
0%
b100011001111 =
b10001000100010001 B
b10001010000001001 A
1#
#94355005
0#
#94360005
1%
b1111 &
1#
#94365005
0#
#94370005
0%
b100011010000 =
b10001000100110000 B
b10001010000011000 A
1#
#94375005
0#
#94380005
1%
b10000 &
1#
#94385005
0#
#94390005
0%
b100011010001 =
b10001000101001111 B
b10001010000101000 A
1#
#94395005
0#
#94400005
1%
b10001 &
1#
#94405005
0#
#94410005
0%
b100011010010 =
b10001000101101110 B
b10001010000111001 A
1#
#94415005
0#
#94420005
1%
b10010 &
1#
#94425005
0#
#94430005
0%
b100011010011 =
b10001000110001101 B
b10001010001001011 A
1#
#94435005
0#
#94440005
1%
b10011 &
1#
#94445005
0#
#94450005
0%
b100011010100 =
b10001000110101100 B
b10001010001011110 A
1#
#94455005
0#
#94460005
1%
b10100 &
1#
#94465005
0#
#94470005
0%
b100011010101 =
b10001000111001011 B
b10001010001110010 A
1#
#94475005
0#
#94480005
1%
b10101 &
1#
#94485005
0#
#94490005
0%
b100011010110 =
b10001000111101010 B
b10001010010000111 A
1#
#94495005
0#
#94500005
1%
b10110 &
1#
#94505005
0#
#94510005
0%
b100011010111 =
b10001001000001001 B
b10001010010011101 A
1#
#94515005
0#
#94520005
1%
b10111 &
1#
#94525005
0#
#94530005
0%
b100011011000 =
b10001001000101000 B
b10001010010110100 A
1#
#94535005
0#
#94540005
1%
b11000 &
1#
#94545005
0#
#94550005
0%
b100011011001 =
b10001001001000111 B
b10001010011001100 A
1#
#94555005
0#
#94560005
1%
b11001 &
1#
#94565005
0#
#94570005
0%
b100011011010 =
b10001001001100110 B
b10001010011100101 A
1#
#94575005
0#
#94580005
1%
b11010 &
1#
#94585005
0#
#94590005
0%
b100011011011 =
b10001001010000101 B
b10001010011111111 A
1#
#94595005
0#
#94600005
1%
b11011 &
1#
#94605005
0#
#94610005
0%
b100011011100 =
b10001001010100100 B
b10001010100011010 A
1#
#94615005
0#
#94620005
1%
b11100 &
1#
#94625005
0#
#94630005
0%
b100011011101 =
b10001001011000011 B
b10001010100110110 A
1#
#94635005
0#
#94640005
1%
b11101 &
1#
#94645005
0#
#94650005
0%
b100011011110 =
b10001001011100010 B
b10001010101010011 A
1#
#94655005
0#
#94660005
1%
b11110 &
1#
#94665005
0#
#94670005
0%
b100011011111 =
b10001001100000001 B
b10001010101110001 A
1#
#94675005
0#
#94680005
1%
b11111 &
1#
#94685005
0#
#94690005
0%
b100011100000 =
b10001001100100000 B
b10001010110010000 A
1#
#94695005
0#
#94700005
1%
b100000 &
1#
#94705005
0#
#94710005
0%
b100011100001 =
b10001001100111111 B
b10001010110110000 A
1#
#94715005
0#
#94720005
1%
b100001 &
1#
#94725005
0#
#94730005
0%
b100011100010 =
b10001001101011110 B
b10001010111010001 A
1#
#94735005
0#
#94740005
1%
b100010 &
1#
#94745005
0#
#94750005
0%
b100011100011 =
b10001001101111101 B
b10001010111110011 A
1#
#94755005
0#
#94760005
1%
b100011 &
1#
#94765005
0#
#94770005
0%
b100011100100 =
b10001001110011100 B
b10001011000010110 A
1#
#94775005
0#
#94780005
1%
b100100 &
1#
#94785005
0#
#94790005
0%
b100011100101 =
b10001001110111011 B
b10001011000111010 A
1#
#94795005
0#
#94800005
1%
b100101 &
1#
#94805005
0#
#94810005
0%
b100011100110 =
b10001001111011010 B
b10001011001011111 A
1#
#94815005
0#
#94820005
1%
b100110 &
1#
#94825005
0#
#94830005
0%
b100011100111 =
b10001001111111001 B
b10001011010000101 A
1#
#94835005
0#
#94840005
1%
b100111 &
1#
#94845005
0#
#94850005
0%
b100011101000 =
b10001010000011000 B
b10001011010101100 A
1#
#94855005
0#
#94860005
1%
b101000 &
1#
#94865005
0#
#94870005
0%
b100011101001 =
b10001010000110111 B
b10001011011010100 A
1#
#94875005
0#
#94880005
1%
b101001 &
1#
#94885005
0#
#94890005
0%
b100011101010 =
b10001010001010110 B
b10001011011111101 A
1#
#94895005
0#
#94900005
1%
b101010 &
1#
#94905005
0#
#94910005
0%
b100011101011 =
b10001010001110101 B
b10001011100100111 A
1#
#94915005
0#
#94920005
1%
b101011 &
1#
#94925005
0#
#94930005
0%
b100011101100 =
b10001010010010100 B
b10001011101010010 A
1#
#94935005
0#
#94940005
1%
b101100 &
1#
#94945005
0#
#94950005
0%
b100011101101 =
b10001010010110011 B
b10001011101111110 A
1#
#94955005
0#
#94960005
1%
b101101 &
1#
#94965005
0#
#94970005
0%
b100011101110 =
b10001010011010010 B
b10001011110101011 A
1#
#94975005
0#
#94980005
1%
b101110 &
1#
#94985005
0#
#94990005
0%
b100011101111 =
b10001010011110001 B
b10001011111011001 A
1#
#94995005
0#
#95000005
1%
b101111 &
1#
#95005005
0#
#95010005
0%
b100011110000 =
b10001010100010000 B
b10001100000001000 A
1#
#95015005
0#
#95020005
1%
b110000 &
1#
#95025005
0#
#95030005
0%
b100011110001 =
b10001010100101111 B
b10001100000111000 A
1#
#95035005
0#
#95040005
1%
b110001 &
1#
#95045005
0#
#95050005
0%
b100011110010 =
b10001010101001110 B
b10001100001101001 A
1#
#95055005
0#
#95060005
1%
b110010 &
1#
#95065005
0#
#95070005
0%
b100011110011 =
b10001010101101101 B
b10001100010011011 A
1#
#95075005
0#
#95080005
1%
b110011 &
1#
#95085005
0#
#95090005
0%
b100011110100 =
b10001010110001100 B
b10001100011001110 A
1#
#95095005
0#
#95100005
1%
b110100 &
1#
#95105005
0#
#95110005
0%
b100011110101 =
b10001010110101011 B
b10001100100000010 A
1#
#95115005
0#
#95120005
1%
b110101 &
1#
#95125005
0#
#95130005
0%
b100011110110 =
b10001010111001010 B
b10001100100110111 A
1#
#95135005
0#
#95140005
1%
b110110 &
1#
#95145005
0#
#95150005
0%
b100011110111 =
b10001010111101001 B
b10001100101101101 A
1#
#95155005
0#
#95160005
1%
b110111 &
1#
#95165005
0#
#95170005
0%
b100011111000 =
b10001011000001000 B
b10001100110100100 A
1#
#95175005
0#
#95180005
1%
b111000 &
1#
#95185005
0#
#95190005
0%
b100011111001 =
b10001011000100111 B
b10001100111011100 A
1#
#95195005
0#
#95200005
1%
b111001 &
1#
#95205005
0#
#95210005
0%
b100011111010 =
b10001011001000110 B
b10001101000010101 A
1#
#95215005
0#
#95220005
1%
b111010 &
1#
#95225005
0#
#95230005
0%
b100011111011 =
b10001011001100101 B
b10001101001001111 A
1#
#95235005
0#
#95240005
1%
b111011 &
1#
#95245005
0#
#95250005
0%
b100011111100 =
b10001011010000100 B
b10001101010001010 A
1#
#95255005
0#
#95260005
1%
b111100 &
1#
#95265005
0#
#95270005
0%
b100011111101 =
b10001011010100011 B
b10001101011000110 A
1#
#95275005
0#
#95280005
1%
b111101 &
1#
#95285005
0#
#95290005
0%
b100011111110 =
b10001011011000010 B
b10001101100000011 A
1#
#95295005
0#
#95300005
1%
b111110 &
1#
#95305005
0#
#95310005
0%
b100011111111 =
b10001011011100001 B
b10001101101000001 A
1#
#95315005
0#
#95320005
1%
b111111 &
1#
#95325005
0#
#95330005
0%
b100100000000 =
b10001011100000000 B
b10001101110000000 A
1#
#95335005
0#
#95340005
1%
b0 &
1#
#95345005
0#
#95350005
0%
b100100000001 =
b10001011100011111 B
1#
#95355005
0#
#95360005
1%
b1 &
1#
#95365005
0#
#95370005
0%
b100100000010 =
b10001011100111110 B
b10001101110000001 A
1#
#95375005
0#
#95380005
1%
b10 &
1#
#95385005
0#
#95390005
0%
b100100000011 =
b10001011101011101 B
b10001101110000011 A
1#
#95395005
0#
#95400005
1%
b11 &
1#
#95405005
0#
#95410005
0%
b100100000100 =
b10001011101111100 B
b10001101110000110 A
1#
#95415005
0#
#95420005
1%
b100 &
1#
#95425005
0#
#95430005
0%
b100100000101 =
b10001011110011011 B
b10001101110001010 A
1#
#95435005
0#
#95440005
1%
b101 &
1#
#95445005
0#
#95450005
0%
b100100000110 =
b10001011110111010 B
b10001101110001111 A
1#
#95455005
0#
#95460005
1%
b110 &
1#
#95465005
0#
#95470005
0%
b100100000111 =
b10001011111011001 B
b10001101110010101 A
1#
#95475005
0#
#95480005
1%
b111 &
1#
#95485005
0#
#95490005
0%
b100100001000 =
b10001011111111000 B
b10001101110011100 A
1#
#95495005
0#
#95500005
1%
b1000 &
1#
#95505005
0#
#95510005
0%
b100100001001 =
b10001100000010111 B
b10001101110100100 A
1#
#95515005
0#
#95520005
1%
b1001 &
1#
#95525005
0#
#95530005
0%
b100100001010 =
b10001100000110110 B
b10001101110101101 A
1#
#95535005
0#
#95540005
1%
b1010 &
1#
#95545005
0#
#95550005
0%
b100100001011 =
b10001100001010101 B
b10001101110110111 A
1#
#95555005
0#
#95560005
1%
b1011 &
1#
#95565005
0#
#95570005
0%
b100100001100 =
b10001100001110100 B
b10001101111000010 A
1#
#95575005
0#
#95580005
1%
b1100 &
1#
#95585005
0#
#95590005
0%
b100100001101 =
b10001100010010011 B
b10001101111001110 A
1#
#95595005
0#
#95600005
1%
b1101 &
1#
#95605005
0#
#95610005
0%
b100100001110 =
b10001100010110010 B
b10001101111011011 A
1#
#95615005
0#
#95620005
1%
b1110 &
1#
#95625005
0#
#95630005
0%
b100100001111 =
b10001100011010001 B
b10001101111101001 A
1#
#95635005
0#
#95640005
1%
b1111 &
1#
#95645005
0#
#95650005
0%
b100100010000 =
b10001100011110000 B
b10001101111111000 A
1#
#95655005
0#
#95660005
1%
b10000 &
1#
#95665005
0#
#95670005
0%
b100100010001 =
b10001100100001111 B
b10001110000001000 A
1#
#95675005
0#
#95680005
1%
b10001 &
1#
#95685005
0#
#95690005
0%
b100100010010 =
b10001100100101110 B
b10001110000011001 A
1#
#95695005
0#
#95700005
1%
b10010 &
1#
#95705005
0#
#95710005
0%
b100100010011 =
b10001100101001101 B
b10001110000101011 A
1#
#95715005
0#
#95720005
1%
b10011 &
1#
#95725005
0#
#95730005
0%
b100100010100 =
b10001100101101100 B
b10001110000111110 A
1#
#95735005
0#
#95740005
1%
b10100 &
1#
#95745005
0#
#95750005
0%
b100100010101 =
b10001100110001011 B
b10001110001010010 A
1#
#95755005
0#
#95760005
1%
b10101 &
1#
#95765005
0#
#95770005
0%
b100100010110 =
b10001100110101010 B
b10001110001100111 A
1#
#95775005
0#
#95780005
1%
b10110 &
1#
#95785005
0#
#95790005
0%
b100100010111 =
b10001100111001001 B
b10001110001111101 A
1#
#95795005
0#
#95800005
1%
b10111 &
1#
#95805005
0#
#95810005
0%
b100100011000 =
b10001100111101000 B
b10001110010010100 A
1#
#95815005
0#
#95820005
1%
b11000 &
1#
#95825005
0#
#95830005
0%
b100100011001 =
b10001101000000111 B
b10001110010101100 A
1#
#95835005
0#
#95840005
1%
b11001 &
1#
#95845005
0#
#95850005
0%
b100100011010 =
b10001101000100110 B
b10001110011000101 A
1#
#95855005
0#
#95860005
1%
b11010 &
1#
#95865005
0#
#95870005
0%
b100100011011 =
b10001101001000101 B
b10001110011011111 A
1#
#95875005
0#
#95880005
1%
b11011 &
1#
#95885005
0#
#95890005
0%
b100100011100 =
b10001101001100100 B
b10001110011111010 A
1#
#95895005
0#
#95900005
1%
b11100 &
1#
#95905005
0#
#95910005
0%
b100100011101 =
b10001101010000011 B
b10001110100010110 A
1#
#95915005
0#
#95920005
1%
b11101 &
1#
#95925005
0#
#95930005
0%
b100100011110 =
b10001101010100010 B
b10001110100110011 A
1#
#95935005
0#
#95940005
1%
b11110 &
1#
#95945005
0#
#95950005
0%
b100100011111 =
b10001101011000001 B
b10001110101010001 A
1#
#95955005
0#
#95960005
1%
b11111 &
1#
#95965005
0#
#95970005
0%
b100100100000 =
b10001101011100000 B
b10001110101110000 A
1#
#95975005
0#
#95980005
1%
b100000 &
1#
#95985005
0#
#95990005
0%
b100100100001 =
b10001101011111111 B
b10001110110010000 A
1#
#95995005
0#
#96000005
1%
b100001 &
1#
#96005005
0#
#96010005
0%
b100100100010 =
b10001101100011110 B
b10001110110110001 A
1#
#96015005
0#
#96020005
1%
b100010 &
1#
#96025005
0#
#96030005
0%
b100100100011 =
b10001101100111101 B
b10001110111010011 A
1#
#96035005
0#
#96040005
1%
b100011 &
1#
#96045005
0#
#96050005
0%
b100100100100 =
b10001101101011100 B
b10001110111110110 A
1#
#96055005
0#
#96060005
1%
b100100 &
1#
#96065005
0#
#96070005
0%
b100100100101 =
b10001101101111011 B
b10001111000011010 A
1#
#96075005
0#
#96080005
1%
b100101 &
1#
#96085005
0#
#96090005
0%
b100100100110 =
b10001101110011010 B
b10001111000111111 A
1#
#96095005
0#
#96100005
1%
b100110 &
1#
#96105005
0#
#96110005
0%
b100100100111 =
b10001101110111001 B
b10001111001100101 A
1#
#96115005
0#
#96120005
1%
b100111 &
1#
#96125005
0#
#96130005
0%
b100100101000 =
b10001101111011000 B
b10001111010001100 A
1#
#96135005
0#
#96140005
1%
b101000 &
1#
#96145005
0#
#96150005
0%
b100100101001 =
b10001101111110111 B
b10001111010110100 A
1#
#96155005
0#
#96160005
1%
b101001 &
1#
#96165005
0#
#96170005
0%
b100100101010 =
b10001110000010110 B
b10001111011011101 A
1#
#96175005
0#
#96180005
1%
b101010 &
1#
#96185005
0#
#96190005
0%
b100100101011 =
b10001110000110101 B
b10001111100000111 A
1#
#96195005
0#
#96200005
1%
b101011 &
1#
#96205005
0#
#96210005
0%
b100100101100 =
b10001110001010100 B
b10001111100110010 A
1#
#96215005
0#
#96220005
1%
b101100 &
1#
#96225005
0#
#96230005
0%
b100100101101 =
b10001110001110011 B
b10001111101011110 A
1#
#96235005
0#
#96240005
1%
b101101 &
1#
#96245005
0#
#96250005
0%
b100100101110 =
b10001110010010010 B
b10001111110001011 A
1#
#96255005
0#
#96260005
1%
b101110 &
1#
#96265005
0#
#96270005
0%
b100100101111 =
b10001110010110001 B
b10001111110111001 A
1#
#96275005
0#
#96280005
1%
b101111 &
1#
#96285005
0#
#96290005
0%
b100100110000 =
b10001110011010000 B
b10001111111101000 A
1#
#96295005
0#
#96300005
1%
b110000 &
1#
#96305005
0#
#96310005
0%
b100100110001 =
b10001110011101111 B
b10010000000011000 A
1#
#96315005
0#
#96320005
1%
b110001 &
1#
#96325005
0#
#96330005
0%
b100100110010 =
b10001110100001110 B
b10010000001001001 A
1#
#96335005
0#
#96340005
1%
b110010 &
1#
#96345005
0#
#96350005
0%
b100100110011 =
b10001110100101101 B
b10010000001111011 A
1#
#96355005
0#
#96360005
1%
b110011 &
1#
#96365005
0#
#96370005
0%
b100100110100 =
b10001110101001100 B
b10010000010101110 A
1#
#96375005
0#
#96380005
1%
b110100 &
1#
#96385005
0#
#96390005
0%
b100100110101 =
b10001110101101011 B
b10010000011100010 A
1#
#96395005
0#
#96400005
1%
b110101 &
1#
#96405005
0#
#96410005
0%
b100100110110 =
b10001110110001010 B
b10010000100010111 A
1#
#96415005
0#
#96420005
1%
b110110 &
1#
#96425005
0#
#96430005
0%
b100100110111 =
b10001110110101001 B
b10010000101001101 A
1#
#96435005
0#
#96440005
1%
b110111 &
1#
#96445005
0#
#96450005
0%
b100100111000 =
b10001110111001000 B
b10010000110000100 A
1#
#96455005
0#
#96460005
1%
b111000 &
1#
#96465005
0#
#96470005
0%
b100100111001 =
b10001110111100111 B
b10010000110111100 A
1#
#96475005
0#
#96480005
1%
b111001 &
1#
#96485005
0#
#96490005
0%
b100100111010 =
b10001111000000110 B
b10010000111110101 A
1#
#96495005
0#
#96500005
1%
b111010 &
1#
#96505005
0#
#96510005
0%
b100100111011 =
b10001111000100101 B
b10010001000101111 A
1#
#96515005
0#
#96520005
1%
b111011 &
1#
#96525005
0#
#96530005
0%
b100100111100 =
b10001111001000100 B
b10010001001101010 A
1#
#96535005
0#
#96540005
1%
b111100 &
1#
#96545005
0#
#96550005
0%
b100100111101 =
b10001111001100011 B
b10010001010100110 A
1#
#96555005
0#
#96560005
1%
b111101 &
1#
#96565005
0#
#96570005
0%
b100100111110 =
b10001111010000010 B
b10010001011100011 A
1#
#96575005
0#
#96580005
1%
b111110 &
1#
#96585005
0#
#96590005
0%
b100100111111 =
b10001111010100001 B
b10010001100100001 A
1#
#96595005
0#
#96600005
1%
b111111 &
1#
#96605005
0#
#96610005
0%
b100101000000 =
b10001111011000000 B
b10010001101100000 A
1#
#96615005
0#
#96620005
1%
b0 &
1#
#96625005
0#
#96630005
0%
b100101000001 =
b10001111011011111 B
1#
#96635005
0#
#96640005
1%
b1 &
1#
#96645005
0#
#96650005
0%
b100101000010 =
b10001111011111110 B
b10010001101100001 A
1#
#96655005
0#
#96660005
1%
b10 &
1#
#96665005
0#
#96670005
0%
b100101000011 =
b10001111100011101 B
b10010001101100011 A
1#
#96675005
0#
#96680005
1%
b11 &
1#
#96685005
0#
#96690005
0%
b100101000100 =
b10001111100111100 B
b10010001101100110 A
1#
#96695005
0#
#96700005
1%
b100 &
1#
#96705005
0#
#96710005
0%
b100101000101 =
b10001111101011011 B
b10010001101101010 A
1#
#96715005
0#
#96720005
1%
b101 &
1#
#96725005
0#
#96730005
0%
b100101000110 =
b10001111101111010 B
b10010001101101111 A
1#
#96735005
0#
#96740005
1%
b110 &
1#
#96745005
0#
#96750005
0%
b100101000111 =
b10001111110011001 B
b10010001101110101 A
1#
#96755005
0#
#96760005
1%
b111 &
1#
#96765005
0#
#96770005
0%
b100101001000 =
b10001111110111000 B
b10010001101111100 A
1#
#96775005
0#
#96780005
1%
b1000 &
1#
#96785005
0#
#96790005
0%
b100101001001 =
b10001111111010111 B
b10010001110000100 A
1#
#96795005
0#
#96800005
1%
b1001 &
1#
#96805005
0#
#96810005
0%
b100101001010 =
b10001111111110110 B
b10010001110001101 A
1#
#96815005
0#
#96820005
1%
b1010 &
1#
#96825005
0#
#96830005
0%
b100101001011 =
b10010000000010101 B
b10010001110010111 A
1#
#96835005
0#
#96840005
1%
b1011 &
1#
#96845005
0#
#96850005
0%
b100101001100 =
b10010000000110100 B
b10010001110100010 A
1#
#96855005
0#
#96860005
1%
b1100 &
1#
#96865005
0#
#96870005
0%
b100101001101 =
b10010000001010011 B
b10010001110101110 A
1#
#96875005
0#
#96880005
1%
b1101 &
1#
#96885005
0#
#96890005
0%
b100101001110 =
b10010000001110010 B
b10010001110111011 A
1#
#96895005
0#
#96900005
1%
b1110 &
1#
#96905005
0#
#96910005
0%
b100101001111 =
b10010000010010001 B
b10010001111001001 A
1#
#96915005
0#
#96920005
1%
b1111 &
1#
#96925005
0#
#96930005
0%
b100101010000 =
b10010000010110000 B
b10010001111011000 A
1#
#96935005
0#
#96940005
1%
b10000 &
1#
#96945005
0#
#96950005
0%
b100101010001 =
b10010000011001111 B
b10010001111101000 A
1#
#96955005
0#
#96960005
1%
b10001 &
1#
#96965005
0#
#96970005
0%
b100101010010 =
b10010000011101110 B
b10010001111111001 A
1#
#96975005
0#
#96980005
1%
b10010 &
1#
#96985005
0#
#96990005
0%
b100101010011 =
b10010000100001101 B
b10010010000001011 A
1#
#96995005
0#
#97000005
1%
b10011 &
1#
#97005005
0#
#97010005
0%
b100101010100 =
b10010000100101100 B
b10010010000011110 A
1#
#97015005
0#
#97020005
1%
b10100 &
1#
#97025005
0#
#97030005
0%
b100101010101 =
b10010000101001011 B
b10010010000110010 A
1#
#97035005
0#
#97040005
1%
b10101 &
1#
#97045005
0#
#97050005
0%
b100101010110 =
b10010000101101010 B
b10010010001000111 A
1#
#97055005
0#
#97060005
1%
b10110 &
1#
#97065005
0#
#97070005
0%
b100101010111 =
b10010000110001001 B
b10010010001011101 A
1#
#97075005
0#
#97080005
1%
b10111 &
1#
#97085005
0#
#97090005
0%
b100101011000 =
b10010000110101000 B
b10010010001110100 A
1#
#97095005
0#
#97100005
1%
b11000 &
1#
#97105005
0#
#97110005
0%
b100101011001 =
b10010000111000111 B
b10010010010001100 A
1#
#97115005
0#
#97120005
1%
b11001 &
1#
#97125005
0#
#97130005
0%
b100101011010 =
b10010000111100110 B
b10010010010100101 A
1#
#97135005
0#
#97140005
1%
b11010 &
1#
#97145005
0#
#97150005
0%
b100101011011 =
b10010001000000101 B
b10010010010111111 A
1#
#97155005
0#
#97160005
1%
b11011 &
1#
#97165005
0#
#97170005
0%
b100101011100 =
b10010001000100100 B
b10010010011011010 A
1#
#97175005
0#
#97180005
1%
b11100 &
1#
#97185005
0#
#97190005
0%
b100101011101 =
b10010001001000011 B
b10010010011110110 A
1#
#97195005
0#
#97200005
1%
b11101 &
1#
#97205005
0#
#97210005
0%
b100101011110 =
b10010001001100010 B
b10010010100010011 A
1#
#97215005
0#
#97220005
1%
b11110 &
1#
#97225005
0#
#97230005
0%
b100101011111 =
b10010001010000001 B
b10010010100110001 A
1#
#97235005
0#
#97240005
1%
b11111 &
1#
#97245005
0#
#97250005
0%
b100101100000 =
b10010001010100000 B
b10010010101010000 A
1#
#97255005
0#
#97260005
1%
b100000 &
1#
#97265005
0#
#97270005
0%
b100101100001 =
b10010001010111111 B
b10010010101110000 A
1#
#97275005
0#
#97280005
1%
b100001 &
1#
#97285005
0#
#97290005
0%
b100101100010 =
b10010001011011110 B
b10010010110010001 A
1#
#97295005
0#
#97300005
1%
b100010 &
1#
#97305005
0#
#97310005
0%
b100101100011 =
b10010001011111101 B
b10010010110110011 A
1#
#97315005
0#
#97320005
1%
b100011 &
1#
#97325005
0#
#97330005
0%
b100101100100 =
b10010001100011100 B
b10010010111010110 A
1#
#97335005
0#
#97340005
1%
b100100 &
1#
#97345005
0#
#97350005
0%
b100101100101 =
b10010001100111011 B
b10010010111111010 A
1#
#97355005
0#
#97360005
1%
b100101 &
1#
#97365005
0#
#97370005
0%
b100101100110 =
b10010001101011010 B
b10010011000011111 A
1#
#97375005
0#
#97380005
1%
b100110 &
1#
#97385005
0#
#97390005
0%
b100101100111 =
b10010001101111001 B
b10010011001000101 A
1#
#97395005
0#
#97400005
1%
b100111 &
1#
#97405005
0#
#97410005
0%
b100101101000 =
b10010001110011000 B
b10010011001101100 A
1#
#97415005
0#
#97420005
1%
b101000 &
1#
#97425005
0#
#97430005
0%
b100101101001 =
b10010001110110111 B
b10010011010010100 A
1#
#97435005
0#
#97440005
1%
b101001 &
1#
#97445005
0#
#97450005
0%
b100101101010 =
b10010001111010110 B
b10010011010111101 A
1#
#97455005
0#
#97460005
1%
b101010 &
1#
#97465005
0#
#97470005
0%
b100101101011 =
b10010001111110101 B
b10010011011100111 A
1#
#97475005
0#
#97480005
1%
b101011 &
1#
#97485005
0#
#97490005
0%
b100101101100 =
b10010010000010100 B
b10010011100010010 A
1#
#97495005
0#
#97500005
1%
b101100 &
1#
#97505005
0#
#97510005
0%
b100101101101 =
b10010010000110011 B
b10010011100111110 A
1#
#97515005
0#
#97520005
1%
b101101 &
1#
#97525005
0#
#97530005
0%
b100101101110 =
b10010010001010010 B
b10010011101101011 A
1#
#97535005
0#
#97540005
1%
b101110 &
1#
#97545005
0#
#97550005
0%
b100101101111 =
b10010010001110001 B
b10010011110011001 A
1#
#97555005
0#
#97560005
1%
b101111 &
1#
#97565005
0#
#97570005
0%
b100101110000 =
b10010010010010000 B
b10010011111001000 A
1#
#97575005
0#
#97580005
1%
b110000 &
1#
#97585005
0#
#97590005
0%
b100101110001 =
b10010010010101111 B
b10010011111111000 A
1#
#97595005
0#
#97600005
1%
b110001 &
1#
#97605005
0#
#97610005
0%
b100101110010 =
b10010010011001110 B
b10010100000101001 A
1#
#97615005
0#
#97620005
1%
b110010 &
1#
#97625005
0#
#97630005
0%
b100101110011 =
b10010010011101101 B
b10010100001011011 A
1#
#97635005
0#
#97640005
1%
b110011 &
1#
#97645005
0#
#97650005
0%
b100101110100 =
b10010010100001100 B
b10010100010001110 A
1#
#97655005
0#
#97660005
1%
b110100 &
1#
#97665005
0#
#97670005
0%
b100101110101 =
b10010010100101011 B
b10010100011000010 A
1#
#97675005
0#
#97680005
1%
b110101 &
1#
#97685005
0#
#97690005
0%
b100101110110 =
b10010010101001010 B
b10010100011110111 A
1#
#97695005
0#
#97700005
1%
b110110 &
1#
#97705005
0#
#97710005
0%
b100101110111 =
b10010010101101001 B
b10010100100101101 A
1#
#97715005
0#
#97720005
1%
b110111 &
1#
#97725005
0#
#97730005
0%
b100101111000 =
b10010010110001000 B
b10010100101100100 A
1#
#97735005
0#
#97740005
1%
b111000 &
1#
#97745005
0#
#97750005
0%
b100101111001 =
b10010010110100111 B
b10010100110011100 A
1#
#97755005
0#
#97760005
1%
b111001 &
1#
#97765005
0#
#97770005
0%
b100101111010 =
b10010010111000110 B
b10010100111010101 A
1#
#97775005
0#
#97780005
1%
b111010 &
1#
#97785005
0#
#97790005
0%
b100101111011 =
b10010010111100101 B
b10010101000001111 A
1#
#97795005
0#
#97800005
1%
b111011 &
1#
#97805005
0#
#97810005
0%
b100101111100 =
b10010011000000100 B
b10010101001001010 A
1#
#97815005
0#
#97820005
1%
b111100 &
1#
#97825005
0#
#97830005
0%
b100101111101 =
b10010011000100011 B
b10010101010000110 A
1#
#97835005
0#
#97840005
1%
b111101 &
1#
#97845005
0#
#97850005
0%
b100101111110 =
b10010011001000010 B
b10010101011000011 A
1#
#97855005
0#
#97860005
1%
b111110 &
1#
#97865005
0#
#97870005
0%
b100101111111 =
b10010011001100001 B
b10010101100000001 A
1#
#97875005
0#
#97880005
1%
b111111 &
1#
#97885005
0#
#97890005
0%
b100110000000 =
b10010011010000000 B
b10010101101000000 A
1#
#97895005
0#
#97900005
1%
b0 &
1#
#97905005
0#
#97910005
0%
b100110000001 =
b10010011010011111 B
1#
#97915005
0#
#97920005
1%
b1 &
1#
#97925005
0#
#97930005
0%
b100110000010 =
b10010011010111110 B
b10010101101000001 A
1#
#97935005
0#
#97940005
1%
b10 &
1#
#97945005
0#
#97950005
0%
b100110000011 =
b10010011011011101 B
b10010101101000011 A
1#
#97955005
0#
#97960005
1%
b11 &
1#
#97965005
0#
#97970005
0%
b100110000100 =
b10010011011111100 B
b10010101101000110 A
1#
#97975005
0#
#97980005
1%
b100 &
1#
#97985005
0#
#97990005
0%
b100110000101 =
b10010011100011011 B
b10010101101001010 A
1#
#97995005
0#
#98000005
1%
b101 &
1#
#98005005
0#
#98010005
0%
b100110000110 =
b10010011100111010 B
b10010101101001111 A
1#
#98015005
0#
#98020005
1%
b110 &
1#
#98025005
0#
#98030005
0%
b100110000111 =
b10010011101011001 B
b10010101101010101 A
1#
#98035005
0#
#98040005
1%
b111 &
1#
#98045005
0#
#98050005
0%
b100110001000 =
b10010011101111000 B
b10010101101011100 A
1#
#98055005
0#
#98060005
1%
b1000 &
1#
#98065005
0#
#98070005
0%
b100110001001 =
b10010011110010111 B
b10010101101100100 A
1#
#98075005
0#
#98080005
1%
b1001 &
1#
#98085005
0#
#98090005
0%
b100110001010 =
b10010011110110110 B
b10010101101101101 A
1#
#98095005
0#
#98100005
1%
b1010 &
1#
#98105005
0#
#98110005
0%
b100110001011 =
b10010011111010101 B
b10010101101110111 A
1#
#98115005
0#
#98120005
1%
b1011 &
1#
#98125005
0#
#98130005
0%
b100110001100 =
b10010011111110100 B
b10010101110000010 A
1#
#98135005
0#
#98140005
1%
b1100 &
1#
#98145005
0#
#98150005
0%
b100110001101 =
b10010100000010011 B
b10010101110001110 A
1#
#98155005
0#
#98160005
1%
b1101 &
1#
#98165005
0#
#98170005
0%
b100110001110 =
b10010100000110010 B
b10010101110011011 A
1#
#98175005
0#
#98180005
1%
b1110 &
1#
#98185005
0#
#98190005
0%
b100110001111 =
b10010100001010001 B
b10010101110101001 A
1#
#98195005
0#
#98200005
1%
b1111 &
1#
#98205005
0#
#98210005
0%
b100110010000 =
b10010100001110000 B
b10010101110111000 A
1#
#98215005
0#
#98220005
1%
b10000 &
1#
#98225005
0#
#98230005
0%
b100110010001 =
b10010100010001111 B
b10010101111001000 A
1#
#98235005
0#
#98240005
1%
b10001 &
1#
#98245005
0#
#98250005
0%
b100110010010 =
b10010100010101110 B
b10010101111011001 A
1#
#98255005
0#
#98260005
1%
b10010 &
1#
#98265005
0#
#98270005
0%
b100110010011 =
b10010100011001101 B
b10010101111101011 A
1#
#98275005
0#
#98280005
1%
b10011 &
1#
#98285005
0#
#98290005
0%
b100110010100 =
b10010100011101100 B
b10010101111111110 A
1#
#98295005
0#
#98300005
1%
b10100 &
1#
#98305005
0#
#98310005
0%
b100110010101 =
b10010100100001011 B
b10010110000010010 A
1#
#98315005
0#
#98320005
1%
b10101 &
1#
#98325005
0#
#98330005
0%
b100110010110 =
b10010100100101010 B
b10010110000100111 A
1#
#98335005
0#
#98340005
1%
b10110 &
1#
#98345005
0#
#98350005
0%
b100110010111 =
b10010100101001001 B
b10010110000111101 A
1#
#98355005
0#
#98360005
1%
b10111 &
1#
#98365005
0#
#98370005
0%
b100110011000 =
b10010100101101000 B
b10010110001010100 A
1#
#98375005
0#
#98380005
1%
b11000 &
1#
#98385005
0#
#98390005
0%
b100110011001 =
b10010100110000111 B
b10010110001101100 A
1#
#98395005
0#
#98400005
1%
b11001 &
1#
#98405005
0#
#98410005
0%
b100110011010 =
b10010100110100110 B
b10010110010000101 A
1#
#98415005
0#
#98420005
1%
b11010 &
1#
#98425005
0#
#98430005
0%
b100110011011 =
b10010100111000101 B
b10010110010011111 A
1#
#98435005
0#
#98440005
1%
b11011 &
1#
#98445005
0#
#98450005
0%
b100110011100 =
b10010100111100100 B
b10010110010111010 A
1#
#98455005
0#
#98460005
1%
b11100 &
1#
#98465005
0#
#98470005
0%
b100110011101 =
b10010101000000011 B
b10010110011010110 A
1#
#98475005
0#
#98480005
1%
b11101 &
1#
#98485005
0#
#98490005
0%
b100110011110 =
b10010101000100010 B
b10010110011110011 A
1#
#98495005
0#
#98500005
1%
b11110 &
1#
#98505005
0#
#98510005
0%
b100110011111 =
b10010101001000001 B
b10010110100010001 A
1#
#98515005
0#
#98520005
1%
b11111 &
1#
#98525005
0#
#98530005
0%
b100110100000 =
b10010101001100000 B
b10010110100110000 A
1#
#98535005
0#
#98540005
1%
b100000 &
1#
#98545005
0#
#98550005
0%
b100110100001 =
b10010101001111111 B
b10010110101010000 A
1#
#98555005
0#
#98560005
1%
b100001 &
1#
#98565005
0#
#98570005
0%
b100110100010 =
b10010101010011110 B
b10010110101110001 A
1#
#98575005
0#
#98580005
1%
b100010 &
1#
#98585005
0#
#98590005
0%
b100110100011 =
b10010101010111101 B
b10010110110010011 A
1#
#98595005
0#
#98600005
1%
b100011 &
1#
#98605005
0#
#98610005
0%
b100110100100 =
b10010101011011100 B
b10010110110110110 A
1#
#98615005
0#
#98620005
1%
b100100 &
1#
#98625005
0#
#98630005
0%
b100110100101 =
b10010101011111011 B
b10010110111011010 A
1#
#98635005
0#
#98640005
1%
b100101 &
1#
#98645005
0#
#98650005
0%
b100110100110 =
b10010101100011010 B
b10010110111111111 A
1#
#98655005
0#
#98660005
1%
b100110 &
1#
#98665005
0#
#98670005
0%
b100110100111 =
b10010101100111001 B
b10010111000100101 A
1#
#98675005
0#
#98680005
1%
b100111 &
1#
#98685005
0#
#98690005
0%
b100110101000 =
b10010101101011000 B
b10010111001001100 A
1#
#98695005
0#
#98700005
1%
b101000 &
1#
#98705005
0#
#98710005
0%
b100110101001 =
b10010101101110111 B
b10010111001110100 A
1#
#98715005
0#
#98720005
1%
b101001 &
1#
#98725005
0#
#98730005
0%
b100110101010 =
b10010101110010110 B
b10010111010011101 A
1#
#98735005
0#
#98740005
1%
b101010 &
1#
#98745005
0#
#98750005
0%
b100110101011 =
b10010101110110101 B
b10010111011000111 A
1#
#98755005
0#
#98760005
1%
b101011 &
1#
#98765005
0#
#98770005
0%
b100110101100 =
b10010101111010100 B
b10010111011110010 A
1#
#98775005
0#
#98780005
1%
b101100 &
1#
#98785005
0#
#98790005
0%
b100110101101 =
b10010101111110011 B
b10010111100011110 A
1#
#98795005
0#
#98800005
1%
b101101 &
1#
#98805005
0#
#98810005
0%
b100110101110 =
b10010110000010010 B
b10010111101001011 A
1#
#98815005
0#
#98820005
1%
b101110 &
1#
#98825005
0#
#98830005
0%
b100110101111 =
b10010110000110001 B
b10010111101111001 A
1#
#98835005
0#
#98840005
1%
b101111 &
1#
#98845005
0#
#98850005
0%
b100110110000 =
b10010110001010000 B
b10010111110101000 A
1#
#98855005
0#
#98860005
1%
b110000 &
1#
#98865005
0#
#98870005
0%
b100110110001 =
b10010110001101111 B
b10010111111011000 A
1#
#98875005
0#
#98880005
1%
b110001 &
1#
#98885005
0#
#98890005
0%
b100110110010 =
b10010110010001110 B
b10011000000001001 A
1#
#98895005
0#
#98900005
1%
b110010 &
1#
#98905005
0#
#98910005
0%
b100110110011 =
b10010110010101101 B
b10011000000111011 A
1#
#98915005
0#
#98920005
1%
b110011 &
1#
#98925005
0#
#98930005
0%
b100110110100 =
b10010110011001100 B
b10011000001101110 A
1#
#98935005
0#
#98940005
1%
b110100 &
1#
#98945005
0#
#98950005
0%
b100110110101 =
b10010110011101011 B
b10011000010100010 A
1#
#98955005
0#
#98960005
1%
b110101 &
1#
#98965005
0#
#98970005
0%
b100110110110 =
b10010110100001010 B
b10011000011010111 A
1#
#98975005
0#
#98980005
1%
b110110 &
1#
#98985005
0#
#98990005
0%
b100110110111 =
b10010110100101001 B
b10011000100001101 A
1#
#98995005
0#
#99000005
1%
b110111 &
1#
#99005005
0#
#99010005
0%
b100110111000 =
b10010110101001000 B
b10011000101000100 A
1#
#99015005
0#
#99020005
1%
b111000 &
1#
#99025005
0#
#99030005
0%
b100110111001 =
b10010110101100111 B
b10011000101111100 A
1#
#99035005
0#
#99040005
1%
b111001 &
1#
#99045005
0#
#99050005
0%
b100110111010 =
b10010110110000110 B
b10011000110110101 A
1#
#99055005
0#
#99060005
1%
b111010 &
1#
#99065005
0#
#99070005
0%
b100110111011 =
b10010110110100101 B
b10011000111101111 A
1#
#99075005
0#
#99080005
1%
b111011 &
1#
#99085005
0#
#99090005
0%
b100110111100 =
b10010110111000100 B
b10011001000101010 A
1#
#99095005
0#
#99100005
1%
b111100 &
1#
#99105005
0#
#99110005
0%
b100110111101 =
b10010110111100011 B
b10011001001100110 A
1#
#99115005
0#
#99120005
1%
b111101 &
1#
#99125005
0#
#99130005
0%
b100110111110 =
b10010111000000010 B
b10011001010100011 A
1#
#99135005
0#
#99140005
1%
b111110 &
1#
#99145005
0#
#99150005
0%
b100110111111 =
b10010111000100001 B
b10011001011100001 A
1#
#99155005
0#
#99160005
1%
b111111 &
1#
#99165005
0#
#99170005
0%
b100111000000 =
b10010111001000000 B
b10011001100100000 A
1#
#99175005
0#
#99180005
1%
b0 &
1#
#99185005
0#
#99190005
0%
b100111000001 =
b10010111001011111 B
1#
#99195005
0#
#99200005
1%
b1 &
1#
#99205005
0#
#99210005
0%
b100111000010 =
b10010111001111110 B
b10011001100100001 A
1#
#99215005
0#
#99220005
1%
b10 &
1#
#99225005
0#
#99230005
0%
b100111000011 =
b10010111010011101 B
b10011001100100011 A
1#
#99235005
0#
#99240005
1%
b11 &
1#
#99245005
0#
#99250005
0%
b100111000100 =
b10010111010111100 B
b10011001100100110 A
1#
#99255005
0#
#99260005
1%
b100 &
1#
#99265005
0#
#99270005
0%
b100111000101 =
b10010111011011011 B
b10011001100101010 A
1#
#99275005
0#
#99280005
1%
b101 &
1#
#99285005
0#
#99290005
0%
b100111000110 =
b10010111011111010 B
b10011001100101111 A
1#
#99295005
0#
#99300005
1%
b110 &
1#
#99305005
0#
#99310005
0%
b100111000111 =
b10010111100011001 B
b10011001100110101 A
1#
#99315005
0#
#99320005
1%
b111 &
1#
#99325005
0#
#99330005
0%
b100111001000 =
b10010111100111000 B
b10011001100111100 A
1#
#99335005
0#
#99340005
1%
b1000 &
1#
#99345005
0#
#99350005
0%
b100111001001 =
b10010111101010111 B
b10011001101000100 A
1#
#99355005
0#
#99360005
1%
b1001 &
1#
#99365005
0#
#99370005
0%
b100111001010 =
b10010111101110110 B
b10011001101001101 A
1#
#99375005
0#
#99380005
1%
b1010 &
1#
#99385005
0#
#99390005
0%
b100111001011 =
b10010111110010101 B
b10011001101010111 A
1#
#99395005
0#
#99400005
1%
b1011 &
1#
#99405005
0#
#99410005
0%
b100111001100 =
b10010111110110100 B
b10011001101100010 A
1#
#99415005
0#
#99420005
1%
b1100 &
1#
#99425005
0#
#99430005
0%
b100111001101 =
b10010111111010011 B
b10011001101101110 A
1#
#99435005
0#
#99440005
1%
b1101 &
1#
#99445005
0#
#99450005
0%
b100111001110 =
b10010111111110010 B
b10011001101111011 A
1#
#99455005
0#
#99460005
1%
b1110 &
1#
#99465005
0#
#99470005
0%
b100111001111 =
b10011000000010001 B
b10011001110001001 A
1#
#99475005
0#
#99480005
1%
b1111 &
1#
#99485005
0#
#99490005
0%
b100111010000 =
b10011000000110000 B
b10011001110011000 A
1#
#99495005
0#
#99500005
1%
b10000 &
1#
#99505005
0#
#99510005
0%
b100111010001 =
b10011000001001111 B
b10011001110101000 A
1#
#99515005
0#
#99520005
1%
b10001 &
1#
#99525005
0#
#99530005
0%
b100111010010 =
b10011000001101110 B
b10011001110111001 A
1#
#99535005
0#
#99540005
1%
b10010 &
1#
#99545005
0#
#99550005
0%
b100111010011 =
b10011000010001101 B
b10011001111001011 A
1#
#99555005
0#
#99560005
1%
b10011 &
1#
#99565005
0#
#99570005
0%
b100111010100 =
b10011000010101100 B
b10011001111011110 A
1#
#99575005
0#
#99580005
1%
b10100 &
1#
#99585005
0#
#99590005
0%
b100111010101 =
b10011000011001011 B
b10011001111110010 A
1#
#99595005
0#
#99600005
1%
b10101 &
1#
#99605005
0#
#99610005
0%
b100111010110 =
b10011000011101010 B
b10011010000000111 A
1#
#99615005
0#
#99620005
1%
b10110 &
1#
#99625005
0#
#99630005
0%
b100111010111 =
b10011000100001001 B
b10011010000011101 A
1#
#99635005
0#
#99640005
1%
b10111 &
1#
#99645005
0#
#99650005
0%
b100111011000 =
b10011000100101000 B
b10011010000110100 A
1#
#99655005
0#
#99660005
1%
b11000 &
1#
#99665005
0#
#99670005
0%
b100111011001 =
b10011000101000111 B
b10011010001001100 A
1#
#99675005
0#
#99680005
1%
b11001 &
1#
#99685005
0#
#99690005
0%
b100111011010 =
b10011000101100110 B
b10011010001100101 A
1#
#99695005
0#
#99700005
1%
b11010 &
1#
#99705005
0#
#99710005
0%
b100111011011 =
b10011000110000101 B
b10011010001111111 A
1#
#99715005
0#
#99720005
1%
b11011 &
1#
#99725005
0#
#99730005
0%
b100111011100 =
b10011000110100100 B
b10011010010011010 A
1#
#99735005
0#
#99740005
1%
b11100 &
1#
#99745005
0#
#99750005
0%
b100111011101 =
b10011000111000011 B
b10011010010110110 A
1#
#99755005
0#
#99760005
1%
b11101 &
1#
#99765005
0#
#99770005
0%
b100111011110 =
b10011000111100010 B
b10011010011010011 A
1#
#99775005
0#
#99780005
1%
b11110 &
1#
#99785005
0#
#99790005
0%
b100111011111 =
b10011001000000001 B
b10011010011110001 A
1#
#99795005
0#
#99800005
1%
b11111 &
1#
#99805005
0#
#99810005
0%
b100111100000 =
b10011001000100000 B
b10011010100010000 A
1#
#99815005
0#
#99820005
1%
b100000 &
1#
#99825005
0#
#99830005
0%
b100111100001 =
b10011001000111111 B
b10011010100110000 A
1#
#99835005
0#
#99840005
1%
b100001 &
1#
#99845005
0#
#99850005
0%
b100111100010 =
b10011001001011110 B
b10011010101010001 A
1#
#99855005
0#
#99860005
1%
b100010 &
1#
#99865005
0#
#99870005
0%
b100111100011 =
b10011001001111101 B
b10011010101110011 A
1#
#99875005
0#
#99880005
1%
b100011 &
1#
#99885005
0#
#99890005
0%
b100111100100 =
b10011001010011100 B
b10011010110010110 A
1#
#99895005
0#
#99900005
1%
b100100 &
1#
#99905005
0#
#99910005
0%
b100111100101 =
b10011001010111011 B
b10011010110111010 A
1#
#99915005
0#
#99920005
1%
b100101 &
1#
#99925005
0#
#99930005
0%
b100111100110 =
b10011001011011010 B
b10011010111011111 A
1#
#99935005
0#
#99940005
1%
b100110 &
1#
#99945005
0#
#99950005
0%
b100111100111 =
b10011001011111001 B
b10011011000000101 A
1#
#99955005
0#
#99960005
1%
b100111 &
1#
#99965005
0#
#99970005
0%
b100111101000 =
b10011001100011000 B
b10011011000101100 A
1#
#99975005
0#
#99980005
1%
b101000 &
1#
#99985005
0#
#99990005
0%
b100111101001 =
b10011001100110111 B
b10011011001010100 A
1#
#99995005
0#
#100000005
1%
b101001 &
1#
#100005005
0#
#100010005
0%
b100111101010 =
b10011001101010110 B
b10011011001111101 A
1#
#100015005
0#
#100020005
1%
b101010 &
1#
#100025005
0#
#100030005
0%
b100111101011 =
b10011001101110101 B
b10011011010100111 A
1#
#100035005
0#
#100040005
1%
b101011 &
1#
#100045005
0#
#100050005
0%
b100111101100 =
b10011001110010100 B
b10011011011010010 A
1#
#100055005
0#
#100060005
1%
b101100 &
1#
#100065005
0#
#100070005
0%
b100111101101 =
b10011001110110011 B
b10011011011111110 A
1#
#100075005
0#
#100080005
1%
b101101 &
1#
#100085005
0#
#100090005
0%
b100111101110 =
b10011001111010010 B
b10011011100101011 A
1#
#100095005
0#
#100100005
1%
b101110 &
1#
#100105005
0#
#100110005
0%
b100111101111 =
b10011001111110001 B
b10011011101011001 A
1#
#100115005
0#
#100120005
1%
b101111 &
1#
#100125005
0#
#100130005
0%
b100111110000 =
b10011010000010000 B
b10011011110001000 A
1#
#100135005
0#
#100140005
1%
b110000 &
1#
#100145005
0#
#100150005
0%
b100111110001 =
b10011010000101111 B
b10011011110111000 A
1#
#100155005
0#
#100160005
1%
b110001 &
1#
#100165005
0#
#100170005
0%
b100111110010 =
b10011010001001110 B
b10011011111101001 A
1#
#100175005
0#
#100180005
1%
b110010 &
1#
#100185005
0#
#100190005
0%
b100111110011 =
b10011010001101101 B
b10011100000011011 A
1#
#100195005
0#
#100200005
1%
b110011 &
1#
#100205005
0#
#100210005
0%
b100111110100 =
b10011010010001100 B
b10011100001001110 A
1#
#100215005
0#
#100220005
1%
b110100 &
1#
#100225005
0#
#100230005
0%
b100111110101 =
b10011010010101011 B
b10011100010000010 A
1#
#100235005
0#
#100240005
1%
b110101 &
1#
#100245005
0#
#100250005
0%
b100111110110 =
b10011010011001010 B
b10011100010110111 A
1#
#100255005
0#
#100260005
1%
b110110 &
1#
#100265005
0#
#100270005
0%
b100111110111 =
b10011010011101001 B
b10011100011101101 A
1#
#100275005
0#
#100280005
1%
b110111 &
1#
#100285005
0#
#100290005
0%
b100111111000 =
b10011010100001000 B
b10011100100100100 A
1#
#100295005
0#
#100300005
1%
b111000 &
1#
#100305005
0#
#100310005
0%
b100111111001 =
b10011010100100111 B
b10011100101011100 A
1#
#100315005
0#
#100320005
1%
b111001 &
1#
#100325005
0#
#100330005
0%
b100111111010 =
b10011010101000110 B
b10011100110010101 A
1#
#100335005
0#
#100340005
1%
b111010 &
1#
#100345005
0#
#100350005
0%
b100111111011 =
b10011010101100101 B
b10011100111001111 A
1#
#100355005
0#
#100360005
1%
b111011 &
1#
#100365005
0#
#100370005
0%
b100111111100 =
b10011010110000100 B
b10011101000001010 A
1#
#100375005
0#
#100380005
1%
b111100 &
1#
#100385005
0#
#100390005
0%
b100111111101 =
b10011010110100011 B
b10011101001000110 A
1#
#100395005
0#
#100400005
1%
b111101 &
1#
#100405005
0#
#100410005
0%
b100111111110 =
b10011010111000010 B
b10011101010000011 A
1#
#100415005
0#
#100420005
1%
b111110 &
1#
#100425005
0#
#100430005
0%
b100111111111 =
b10011010111100001 B
b10011101011000001 A
1#
#100435005
0#
#100440005
1%
b111111 &
1#
#100445005
0#
#100450005
0%
b101000000000 =
b10011011000000000 B
b10011101100000000 A
1#
#100455005
0#
#100460005
1%
b0 &
1#
#100465005
0#
#100470005
0%
b101000000001 =
b10011011000011111 B
1#
#100475005
0#
#100480005
1%
b1 &
1#
#100485005
0#
#100490005
0%
b101000000010 =
b10011011000111110 B
b10011101100000001 A
1#
#100495005
0#
#100500005
1%
b10 &
1#
#100505005
0#
#100510005
0%
b101000000011 =
b10011011001011101 B
b10011101100000011 A
1#
#100515005
0#
#100520005
1%
b11 &
1#
#100525005
0#
#100530005
0%
b101000000100 =
b10011011001111100 B
b10011101100000110 A
1#
#100535005
0#
#100540005
1%
b100 &
1#
#100545005
0#
#100550005
0%
b101000000101 =
b10011011010011011 B
b10011101100001010 A
1#
#100555005
0#
#100560005
1%
b101 &
1#
#100565005
0#
#100570005
0%
b101000000110 =
b10011011010111010 B
b10011101100001111 A
1#
#100575005
0#
#100580005
1%
b110 &
1#
#100585005
0#
#100590005
0%
b101000000111 =
b10011011011011001 B
b10011101100010101 A
1#
#100595005
0#
#100600005
1%
b111 &
1#
#100605005
0#
#100610005
0%
b101000001000 =
b10011011011111000 B
b10011101100011100 A
1#
#100615005
0#
#100620005
1%
b1000 &
1#
#100625005
0#
#100630005
0%
b101000001001 =
b10011011100010111 B
b10011101100100100 A
1#
#100635005
0#
#100640005
1%
b1001 &
1#
#100645005
0#
#100650005
0%
b101000001010 =
b10011011100110110 B
b10011101100101101 A
1#
#100655005
0#
#100660005
1%
b1010 &
1#
#100665005
0#
#100670005
0%
b101000001011 =
b10011011101010101 B
b10011101100110111 A
1#
#100675005
0#
#100680005
1%
b1011 &
1#
#100685005
0#
#100690005
0%
b101000001100 =
b10011011101110100 B
b10011101101000010 A
1#
#100695005
0#
#100700005
1%
b1100 &
1#
#100705005
0#
#100710005
0%
b101000001101 =
b10011011110010011 B
b10011101101001110 A
1#
#100715005
0#
#100720005
1%
b1101 &
1#
#100725005
0#
#100730005
0%
b101000001110 =
b10011011110110010 B
b10011101101011011 A
1#
#100735005
0#
#100740005
1%
b1110 &
1#
#100745005
0#
#100750005
0%
b101000001111 =
b10011011111010001 B
b10011101101101001 A
1#
#100755005
0#
#100760005
1%
b1111 &
1#
#100765005
0#
#100770005
0%
b101000010000 =
b10011011111110000 B
b10011101101111000 A
1#
#100775005
0#
#100780005
1%
b10000 &
1#
#100785005
0#
#100790005
0%
b101000010001 =
b10011100000001111 B
b10011101110001000 A
1#
#100795005
0#
#100800005
1%
b10001 &
1#
#100805005
0#
#100810005
0%
b101000010010 =
b10011100000101110 B
b10011101110011001 A
1#
#100815005
0#
#100820005
1%
b10010 &
1#
#100825005
0#
#100830005
0%
b101000010011 =
b10011100001001101 B
b10011101110101011 A
1#
#100835005
0#
#100840005
1%
b10011 &
1#
#100845005
0#
#100850005
0%
b101000010100 =
b10011100001101100 B
b10011101110111110 A
1#
#100855005
0#
#100860005
1%
b10100 &
1#
#100865005
0#
#100870005
0%
b101000010101 =
b10011100010001011 B
b10011101111010010 A
1#
#100875005
0#
#100880005
1%
b10101 &
1#
#100885005
0#
#100890005
0%
b101000010110 =
b10011100010101010 B
b10011101111100111 A
1#
#100895005
0#
#100900005
1%
b10110 &
1#
#100905005
0#
#100910005
0%
b101000010111 =
b10011100011001001 B
b10011101111111101 A
1#
#100915005
0#
#100920005
1%
b10111 &
1#
#100925005
0#
#100930005
0%
b101000011000 =
b10011100011101000 B
b10011110000010100 A
1#
#100935005
0#
#100940005
1%
b11000 &
1#
#100945005
0#
#100950005
0%
b101000011001 =
b10011100100000111 B
b10011110000101100 A
1#
#100955005
0#
#100960005
1%
b11001 &
1#
#100965005
0#
#100970005
0%
b101000011010 =
b10011100100100110 B
b10011110001000101 A
1#
#100975005
0#
#100980005
1%
b11010 &
1#
#100985005
0#
#100990005
0%
b101000011011 =
b10011100101000101 B
b10011110001011111 A
1#
#100995005
0#
#101000005
1%
b11011 &
1#
#101005005
0#
#101010005
0%
b101000011100 =
b10011100101100100 B
b10011110001111010 A
1#
#101015005
0#
#101020005
1%
b11100 &
1#
#101025005
0#
#101030005
0%
b101000011101 =
b10011100110000011 B
b10011110010010110 A
1#
#101035005
0#
#101040005
1%
b11101 &
1#
#101045005
0#
#101050005
0%
b101000011110 =
b10011100110100010 B
b10011110010110011 A
1#
#101055005
0#
#101060005
1%
b11110 &
1#
#101065005
0#
#101070005
0%
b101000011111 =
b10011100111000001 B
b10011110011010001 A
1#
#101075005
0#
#101080005
1%
b11111 &
1#
#101085005
0#
#101090005
0%
b101000100000 =
b10011100111100000 B
b10011110011110000 A
1#
#101095005
0#
#101100005
1%
b100000 &
1#
#101105005
0#
#101110005
0%
b101000100001 =
b10011100111111111 B
b10011110100010000 A
1#
#101115005
0#
#101120005
1%
b100001 &
1#
#101125005
0#
#101130005
0%
b101000100010 =
b10011101000011110 B
b10011110100110001 A
1#
#101135005
0#
#101140005
1%
b100010 &
1#
#101145005
0#
#101150005
0%
b101000100011 =
b10011101000111101 B
b10011110101010011 A
1#
#101155005
0#
#101160005
1%
b100011 &
1#
#101165005
0#
#101170005
0%
b101000100100 =
b10011101001011100 B
b10011110101110110 A
1#
#101175005
0#
#101180005
1%
b100100 &
1#
#101185005
0#
#101190005
0%
b101000100101 =
b10011101001111011 B
b10011110110011010 A
1#
#101195005
0#
#101200005
1%
b100101 &
1#
#101205005
0#
#101210005
0%
b101000100110 =
b10011101010011010 B
b10011110110111111 A
1#
#101215005
0#
#101220005
1%
b100110 &
1#
#101225005
0#
#101230005
0%
b101000100111 =
b10011101010111001 B
b10011110111100101 A
1#
#101235005
0#
#101240005
1%
b100111 &
1#
#101245005
0#
#101250005
0%
b101000101000 =
b10011101011011000 B
b10011111000001100 A
1#
#101255005
0#
#101260005
1%
b101000 &
1#
#101265005
0#
#101270005
0%
b101000101001 =
b10011101011110111 B
b10011111000110100 A
1#
#101275005
0#
#101280005
1%
b101001 &
1#
#101285005
0#
#101290005
0%
b101000101010 =
b10011101100010110 B
b10011111001011101 A
1#
#101295005
0#
#101300005
1%
b101010 &
1#
#101305005
0#
#101310005
0%
b101000101011 =
b10011101100110101 B
b10011111010000111 A
1#
#101315005
0#
#101320005
1%
b101011 &
1#
#101325005
0#
#101330005
0%
b101000101100 =
b10011101101010100 B
b10011111010110010 A
1#
#101335005
0#
#101340005
1%
b101100 &
1#
#101345005
0#
#101350005
0%
b101000101101 =
b10011101101110011 B
b10011111011011110 A
1#
#101355005
0#
#101360005
1%
b101101 &
1#
#101365005
0#
#101370005
0%
b101000101110 =
b10011101110010010 B
b10011111100001011 A
1#
#101375005
0#
#101380005
1%
b101110 &
1#
#101385005
0#
#101390005
0%
b101000101111 =
b10011101110110001 B
b10011111100111001 A
1#
#101395005
0#
#101400005
1%
b101111 &
1#
#101405005
0#
#101410005
0%
b101000110000 =
b10011101111010000 B
b10011111101101000 A
1#
#101415005
0#
#101420005
1%
b110000 &
1#
#101425005
0#
#101430005
0%
b101000110001 =
b10011101111101111 B
b10011111110011000 A
1#
#101435005
0#
#101440005
1%
b110001 &
1#
#101445005
0#
#101450005
0%
b101000110010 =
b10011110000001110 B
b10011111111001001 A
1#
#101455005
0#
#101460005
1%
b110010 &
1#
#101465005
0#
#101470005
0%
b101000110011 =
b10011110000101101 B
b10011111111111011 A
1#
#101475005
0#
#101480005
1%
b110011 &
1#
#101485005
0#
#101490005
0%
b101000110100 =
b10011110001001100 B
b10100000000101110 A
1#
#101495005
0#
#101500005
1%
b110100 &
1#
#101505005
0#
#101510005
0%
b101000110101 =
b10011110001101011 B
b10100000001100010 A
1#
#101515005
0#
#101520005
1%
b110101 &
1#
#101525005
0#
#101530005
0%
b101000110110 =
b10011110010001010 B
b10100000010010111 A
1#
#101535005
0#
#101540005
1%
b110110 &
1#
#101545005
0#
#101550005
0%
b101000110111 =
b10011110010101001 B
b10100000011001101 A
1#
#101555005
0#
#101560005
1%
b110111 &
1#
#101565005
0#
#101570005
0%
b101000111000 =
b10011110011001000 B
b10100000100000100 A
1#
#101575005
0#
#101580005
1%
b111000 &
1#
#101585005
0#
#101590005
0%
b101000111001 =
b10011110011100111 B
b10100000100111100 A
1#
#101595005
0#
#101600005
1%
b111001 &
1#
#101605005
0#
#101610005
0%
b101000111010 =
b10011110100000110 B
b10100000101110101 A
1#
#101615005
0#
#101620005
1%
b111010 &
1#
#101625005
0#
#101630005
0%
b101000111011 =
b10011110100100101 B
b10100000110101111 A
1#
#101635005
0#
#101640005
1%
b111011 &
1#
#101645005
0#
#101650005
0%
b101000111100 =
b10011110101000100 B
b10100000111101010 A
1#
#101655005
0#
#101660005
1%
b111100 &
1#
#101665005
0#
#101670005
0%
b101000111101 =
b10011110101100011 B
b10100001000100110 A
1#
#101675005
0#
#101680005
1%
b111101 &
1#
#101685005
0#
#101690005
0%
b101000111110 =
b10011110110000010 B
b10100001001100011 A
1#
#101695005
0#
#101700005
1%
b111110 &
1#
#101705005
0#
#101710005
0%
b101000111111 =
b10011110110100001 B
b10100001010100001 A
1#
#101715005
0#
#101720005
1%
b111111 &
1#
#101725005
0#
#101730005
0%
b101001000000 =
b10011110111000000 B
b10100001011100000 A
1#
#101735005
0#
#101740005
1%
b0 &
1#
#101745005
0#
#101750005
0%
b101001000001 =
b10011110111011111 B
1#
#101755005
0#
#101760005
1%
b1 &
1#
#101765005
0#
#101770005
0%
b101001000010 =
b10011110111111110 B
b10100001011100001 A
1#
#101775005
0#
#101780005
1%
b10 &
1#
#101785005
0#
#101790005
0%
b101001000011 =
b10011111000011101 B
b10100001011100011 A
1#
#101795005
0#
#101800005
1%
b11 &
1#
#101805005
0#
#101810005
0%
b101001000100 =
b10011111000111100 B
b10100001011100110 A
1#
#101815005
0#
#101820005
1%
b100 &
1#
#101825005
0#
#101830005
0%
b101001000101 =
b10011111001011011 B
b10100001011101010 A
1#
#101835005
0#
#101840005
1%
b101 &
1#
#101845005
0#
#101850005
0%
b101001000110 =
b10011111001111010 B
b10100001011101111 A
1#
#101855005
0#
#101860005
1%
b110 &
1#
#101865005
0#
#101870005
0%
b101001000111 =
b10011111010011001 B
b10100001011110101 A
1#
#101875005
0#
#101880005
1%
b111 &
1#
#101885005
0#
#101890005
0%
b101001001000 =
b10011111010111000 B
b10100001011111100 A
1#
#101895005
0#
#101900005
1%
b1000 &
1#
#101905005
0#
#101910005
0%
b101001001001 =
b10011111011010111 B
b10100001100000100 A
1#
#101915005
0#
#101920005
1%
b1001 &
1#
#101925005
0#
#101930005
0%
b101001001010 =
b10011111011110110 B
b10100001100001101 A
1#
#101935005
0#
#101940005
1%
b1010 &
1#
#101945005
0#
#101950005
0%
b101001001011 =
b10011111100010101 B
b10100001100010111 A
1#
#101955005
0#
#101960005
1%
b1011 &
1#
#101965005
0#
#101970005
0%
b101001001100 =
b10011111100110100 B
b10100001100100010 A
1#
#101975005
0#
#101980005
1%
b1100 &
1#
#101985005
0#
#101990005
0%
b101001001101 =
b10011111101010011 B
b10100001100101110 A
1#
#101995005
0#
#102000005
1%
b1101 &
1#
#102005005
0#
#102010005
0%
b101001001110 =
b10011111101110010 B
b10100001100111011 A
1#
#102015005
0#
#102020005
1%
b1110 &
1#
#102025005
0#
#102030005
0%
b101001001111 =
b10011111110010001 B
b10100001101001001 A
1#
#102035005
0#
#102040005
1%
b1111 &
1#
#102045005
0#
#102050005
0%
b101001010000 =
b10011111110110000 B
b10100001101011000 A
1#
#102055005
0#
#102060005
1%
b10000 &
1#
#102065005
0#
#102070005
0%
b101001010001 =
b10011111111001111 B
b10100001101101000 A
1#
#102075005
0#
#102080005
1%
b10001 &
1#
#102085005
0#
#102090005
0%
b101001010010 =
b10011111111101110 B
b10100001101111001 A
1#
#102095005
0#
#102100005
1%
b10010 &
1#
#102105005
0#
#102110005
0%
b101001010011 =
b10100000000001101 B
b10100001110001011 A
1#
#102115005
0#
#102120005
1%
b10011 &
1#
#102125005
0#
#102130005
0%
b101001010100 =
b10100000000101100 B
b10100001110011110 A
1#
#102135005
0#
#102140005
1%
b10100 &
1#
#102145005
0#
#102150005
0%
b101001010101 =
b10100000001001011 B
b10100001110110010 A
1#
#102155005
0#
#102160005
1%
b10101 &
1#
#102165005
0#
#102170005
0%
b101001010110 =
b10100000001101010 B
b10100001111000111 A
1#
#102175005
0#
#102180005
1%
b10110 &
1#
#102185005
0#
#102190005
0%
b101001010111 =
b10100000010001001 B
b10100001111011101 A
1#
#102195005
0#
#102200005
1%
b10111 &
1#
#102205005
0#
#102210005
0%
b101001011000 =
b10100000010101000 B
b10100001111110100 A
1#
#102215005
0#
#102220005
1%
b11000 &
1#
#102225005
0#
#102230005
0%
b101001011001 =
b10100000011000111 B
b10100010000001100 A
1#
#102235005
0#
#102240005
1%
b11001 &
1#
#102245005
0#
#102250005
0%
b101001011010 =
b10100000011100110 B
b10100010000100101 A
1#
#102255005
0#
#102260005
1%
b11010 &
1#
#102265005
0#
#102270005
0%
b101001011011 =
b10100000100000101 B
b10100010000111111 A
1#
#102275005
0#
#102280005
1%
b11011 &
1#
#102285005
0#
#102290005
0%
b101001011100 =
b10100000100100100 B
b10100010001011010 A
1#
#102295005
0#
#102300005
1%
b11100 &
1#
#102305005
0#
#102310005
0%
b101001011101 =
b10100000101000011 B
b10100010001110110 A
1#
#102315005
0#
#102320005
1%
b11101 &
1#
#102325005
0#
#102330005
0%
b101001011110 =
b10100000101100010 B
b10100010010010011 A
1#
#102335005
0#
#102340005
1%
b11110 &
1#
#102345005
0#
#102350005
0%
b101001011111 =
b10100000110000001 B
b10100010010110001 A
1#
#102355005
0#
#102360005
1%
b11111 &
1#
#102365005
0#
#102370005
0%
b101001100000 =
b10100000110100000 B
b10100010011010000 A
1#
#102375005
0#
#102380005
1%
b100000 &
1#
#102385005
0#
#102390005
0%
b101001100001 =
b10100000110111111 B
b10100010011110000 A
1#
#102395005
0#
#102400005
1%
b100001 &
1#
#102405005
0#
#102410005
0%
b101001100010 =
b10100000111011110 B
b10100010100010001 A
1#
#102415005
0#
#102420005
1%
b100010 &
1#
#102425005
0#
#102430005
0%
b101001100011 =
b10100000111111101 B
b10100010100110011 A
1#
#102435005
0#
#102440005
1%
b100011 &
1#
#102445005
0#
#102450005
0%
b101001100100 =
b10100001000011100 B
b10100010101010110 A
1#
#102455005
0#
#102460005
1%
b100100 &
1#
#102465005
0#
#102470005
0%
b101001100101 =
b10100001000111011 B
b10100010101111010 A
1#
#102475005
0#
#102480005
1%
b100101 &
1#
#102485005
0#
#102490005
0%
b101001100110 =
b10100001001011010 B
b10100010110011111 A
1#
#102495005
0#
#102500005
1%
b100110 &
1#
#102505005
0#
#102510005
0%
b101001100111 =
b10100001001111001 B
b10100010111000101 A
1#
#102515005
0#
#102520005
1%
b100111 &
1#
#102525005
0#
#102530005
0%
b101001101000 =
b10100001010011000 B
b10100010111101100 A
1#
#102535005
0#
#102540005
1%
b101000 &
1#
#102545005
0#
#102550005
0%
b101001101001 =
b10100001010110111 B
b10100011000010100 A
1#
#102555005
0#
#102560005
1%
b101001 &
1#
#102565005
0#
#102570005
0%
b101001101010 =
b10100001011010110 B
b10100011000111101 A
1#
#102575005
0#
#102580005
1%
b101010 &
1#
#102585005
0#
#102590005
0%
b101001101011 =
b10100001011110101 B
b10100011001100111 A
1#
#102595005
0#
#102600005
1%
b101011 &
1#
#102605005
0#
#102610005
0%
b101001101100 =
b10100001100010100 B
b10100011010010010 A
1#
#102615005
0#
#102620005
1%
b101100 &
1#
#102625005
0#
#102630005
0%
b101001101101 =
b10100001100110011 B
b10100011010111110 A
1#
#102635005
0#
#102640005
1%
b101101 &
1#
#102645005
0#
#102650005
0%
b101001101110 =
b10100001101010010 B
b10100011011101011 A
1#
#102655005
0#
#102660005
1%
b101110 &
1#
#102665005
0#
#102670005
0%
b101001101111 =
b10100001101110001 B
b10100011100011001 A
1#
#102675005
0#
#102680005
1%
b101111 &
1#
#102685005
0#
#102690005
0%
b101001110000 =
b10100001110010000 B
b10100011101001000 A
1#
#102695005
0#
#102700005
1%
b110000 &
1#
#102705005
0#
#102710005
0%
b101001110001 =
b10100001110101111 B
b10100011101111000 A
1#
#102715005
0#
#102720005
1%
b110001 &
1#
#102725005
0#
#102730005
0%
b101001110010 =
b10100001111001110 B
b10100011110101001 A
1#
#102735005
0#
#102740005
1%
b110010 &
1#
#102745005
0#
#102750005
0%
b101001110011 =
b10100001111101101 B
b10100011111011011 A
1#
#102755005
0#
#102760005
1%
b110011 &
1#
#102765005
0#
#102770005
0%
b101001110100 =
b10100010000001100 B
b10100100000001110 A
1#
#102775005
0#
#102780005
1%
b110100 &
1#
#102785005
0#
#102790005
0%
b101001110101 =
b10100010000101011 B
b10100100001000010 A
1#
#102795005
0#
#102800005
1%
b110101 &
1#
#102805005
0#
#102810005
0%
b101001110110 =
b10100010001001010 B
b10100100001110111 A
1#
#102815005
0#
#102820005
1%
b110110 &
1#
#102825005
0#
#102830005
0%
b101001110111 =
b10100010001101001 B
b10100100010101101 A
1#
#102835005
0#
#102840005
1%
b110111 &
1#
#102845005
0#
#102850005
0%
b101001111000 =
b10100010010001000 B
b10100100011100100 A
1#
#102855005
0#
#102860005
1%
b111000 &
1#
#102865005
0#
#102870005
0%
b101001111001 =
b10100010010100111 B
b10100100100011100 A
1#
#102875005
0#
#102880005
1%
b111001 &
1#
#102885005
0#
#102890005
0%
b101001111010 =
b10100010011000110 B
b10100100101010101 A
1#
#102895005
0#
#102900005
1%
b111010 &
1#
#102905005
0#
#102910005
0%
b101001111011 =
b10100010011100101 B
b10100100110001111 A
1#
#102915005
0#
#102920005
1%
b111011 &
1#
#102925005
0#
#102930005
0%
b101001111100 =
b10100010100000100 B
b10100100111001010 A
1#
#102935005
0#
#102940005
1%
b111100 &
1#
#102945005
0#
#102950005
0%
b101001111101 =
b10100010100100011 B
b10100101000000110 A
1#
#102955005
0#
#102960005
1%
b111101 &
1#
#102965005
0#
#102970005
0%
b101001111110 =
b10100010101000010 B
b10100101001000011 A
1#
#102975005
0#
#102980005
1%
b111110 &
1#
#102985005
0#
#102990005
0%
b101001111111 =
b10100010101100001 B
b10100101010000001 A
1#
#102995005
0#
#103000005
1%
b111111 &
1#
#103005005
0#
#103010005
0%
b101010000000 =
b10100010110000000 B
b10100101011000000 A
1#
#103015005
0#
#103020005
1%
b0 &
1#
#103025005
0#
#103030005
0%
b101010000001 =
b10100010110011111 B
1#
#103035005
0#
#103040005
1%
b1 &
1#
#103045005
0#
#103050005
0%
b101010000010 =
b10100010110111110 B
b10100101011000001 A
1#
#103055005
0#
#103060005
1%
b10 &
1#
#103065005
0#
#103070005
0%
b101010000011 =
b10100010111011101 B
b10100101011000011 A
1#
#103075005
0#
#103080005
1%
b11 &
1#
#103085005
0#
#103090005
0%
b101010000100 =
b10100010111111100 B
b10100101011000110 A
1#
#103095005
0#
#103100005
1%
b100 &
1#
#103105005
0#
#103110005
0%
b101010000101 =
b10100011000011011 B
b10100101011001010 A
1#
#103115005
0#
#103120005
1%
b101 &
1#
#103125005
0#
#103130005
0%
b101010000110 =
b10100011000111010 B
b10100101011001111 A
1#
#103135005
0#
#103140005
1%
b110 &
1#
#103145005
0#
#103150005
0%
b101010000111 =
b10100011001011001 B
b10100101011010101 A
1#
#103155005
0#
#103160005
1%
b111 &
1#
#103165005
0#
#103170005
0%
b101010001000 =
b10100011001111000 B
b10100101011011100 A
1#
#103175005
0#
#103180005
1%
b1000 &
1#
#103185005
0#
#103190005
0%
b101010001001 =
b10100011010010111 B
b10100101011100100 A
1#
#103195005
0#
#103200005
1%
b1001 &
1#
#103205005
0#
#103210005
0%
b101010001010 =
b10100011010110110 B
b10100101011101101 A
1#
#103215005
0#
#103220005
1%
b1010 &
1#
#103225005
0#
#103230005
0%
b101010001011 =
b10100011011010101 B
b10100101011110111 A
1#
#103235005
0#
#103240005
1%
b1011 &
1#
#103245005
0#
#103250005
0%
b101010001100 =
b10100011011110100 B
b10100101100000010 A
1#
#103255005
0#
#103260005
1%
b1100 &
1#
#103265005
0#
#103270005
0%
b101010001101 =
b10100011100010011 B
b10100101100001110 A
1#
#103275005
0#
#103280005
1%
b1101 &
1#
#103285005
0#
#103290005
0%
b101010001110 =
b10100011100110010 B
b10100101100011011 A
1#
#103295005
0#
#103300005
1%
b1110 &
1#
#103305005
0#
#103310005
0%
b101010001111 =
b10100011101010001 B
b10100101100101001 A
1#
#103315005
0#
#103320005
1%
b1111 &
1#
#103325005
0#
#103330005
0%
b101010010000 =
b10100011101110000 B
b10100101100111000 A
1#
#103335005
0#
#103340005
1%
b10000 &
1#
#103345005
0#
#103350005
0%
b101010010001 =
b10100011110001111 B
b10100101101001000 A
1#
#103355005
0#
#103360005
1%
b10001 &
1#
#103365005
0#
#103370005
0%
b101010010010 =
b10100011110101110 B
b10100101101011001 A
1#
#103375005
0#
#103380005
1%
b10010 &
1#
#103385005
0#
#103390005
0%
b101010010011 =
b10100011111001101 B
b10100101101101011 A
1#
#103395005
0#
#103400005
1%
b10011 &
1#
#103405005
0#
#103410005
0%
b101010010100 =
b10100011111101100 B
b10100101101111110 A
1#
#103415005
0#
#103420005
1%
b10100 &
1#
#103425005
0#
#103430005
0%
b101010010101 =
b10100100000001011 B
b10100101110010010 A
1#
#103435005
0#
#103440005
1%
b10101 &
1#
#103445005
0#
#103450005
0%
b101010010110 =
b10100100000101010 B
b10100101110100111 A
1#
#103455005
0#
#103460005
1%
b10110 &
1#
#103465005
0#
#103470005
0%
b101010010111 =
b10100100001001001 B
b10100101110111101 A
1#
#103475005
0#
#103480005
1%
b10111 &
1#
#103485005
0#
#103490005
0%
b101010011000 =
b10100100001101000 B
b10100101111010100 A
1#
#103495005
0#
#103500005
1%
b11000 &
1#
#103505005
0#
#103510005
0%
b101010011001 =
b10100100010000111 B
b10100101111101100 A
1#
#103515005
0#
#103520005
1%
b11001 &
1#
#103525005
0#
#103530005
0%
b101010011010 =
b10100100010100110 B
b10100110000000101 A
1#
#103535005
0#
#103540005
1%
b11010 &
1#
#103545005
0#
#103550005
0%
b101010011011 =
b10100100011000101 B
b10100110000011111 A
1#
#103555005
0#
#103560005
1%
b11011 &
1#
#103565005
0#
#103570005
0%
b101010011100 =
b10100100011100100 B
b10100110000111010 A
1#
#103575005
0#
#103580005
1%
b11100 &
1#
#103585005
0#
#103590005
0%
b101010011101 =
b10100100100000011 B
b10100110001010110 A
1#
#103595005
0#
#103600005
1%
b11101 &
1#
#103605005
0#
#103610005
0%
b101010011110 =
b10100100100100010 B
b10100110001110011 A
1#
#103615005
0#
#103620005
1%
b11110 &
1#
#103625005
0#
#103630005
0%
b101010011111 =
b10100100101000001 B
b10100110010010001 A
1#
#103635005
0#
#103640005
1%
b11111 &
1#
#103645005
0#
#103650005
0%
b101010100000 =
b10100100101100000 B
b10100110010110000 A
1#
#103655005
0#
#103660005
1%
b100000 &
1#
#103665005
0#
#103670005
0%
b101010100001 =
b10100100101111111 B
b10100110011010000 A
1#
#103675005
0#
#103680005
1%
b100001 &
1#
#103685005
0#
#103690005
0%
b101010100010 =
b10100100110011110 B
b10100110011110001 A
1#
#103695005
0#
#103700005
1%
b100010 &
1#
#103705005
0#
#103710005
0%
b101010100011 =
b10100100110111101 B
b10100110100010011 A
1#
#103715005
0#
#103720005
1%
b100011 &
1#
#103725005
0#
#103730005
0%
b101010100100 =
b10100100111011100 B
b10100110100110110 A
1#
#103735005
0#
#103740005
1%
b100100 &
1#
#103745005
0#
#103750005
0%
b101010100101 =
b10100100111111011 B
b10100110101011010 A
1#
#103755005
0#
#103760005
1%
b100101 &
1#
#103765005
0#
#103770005
0%
b101010100110 =
b10100101000011010 B
b10100110101111111 A
1#
#103775005
0#
#103780005
1%
b100110 &
1#
#103785005
0#
#103790005
0%
b101010100111 =
b10100101000111001 B
b10100110110100101 A
1#
#103795005
0#
#103800005
1%
b100111 &
1#
#103805005
0#
#103810005
0%
b101010101000 =
b10100101001011000 B
b10100110111001100 A
1#
#103815005
0#
#103820005
1%
b101000 &
1#
#103825005
0#
#103830005
0%
b101010101001 =
b10100101001110111 B
b10100110111110100 A
1#
#103835005
0#
#103840005
1%
b101001 &
1#
#103845005
0#
#103850005
0%
b101010101010 =
b10100101010010110 B
b10100111000011101 A
1#
#103855005
0#
#103860005
1%
b101010 &
1#
#103865005
0#
#103870005
0%
b101010101011 =
b10100101010110101 B
b10100111001000111 A
1#
#103875005
0#
#103880005
1%
b101011 &
1#
#103885005
0#
#103890005
0%
b101010101100 =
b10100101011010100 B
b10100111001110010 A
1#
#103895005
0#
#103900005
1%
b101100 &
1#
#103905005
0#
#103910005
0%
b101010101101 =
b10100101011110011 B
b10100111010011110 A
1#
#103915005
0#
#103920005
1%
b101101 &
1#
#103925005
0#
#103930005
0%
b101010101110 =
b10100101100010010 B
b10100111011001011 A
1#
#103935005
0#
#103940005
1%
b101110 &
1#
#103945005
0#
#103950005
0%
b101010101111 =
b10100101100110001 B
b10100111011111001 A
1#
#103955005
0#
#103960005
1%
b101111 &
1#
#103965005
0#
#103970005
0%
b101010110000 =
b10100101101010000 B
b10100111100101000 A
1#
#103975005
0#
#103980005
1%
b110000 &
1#
#103985005
0#
#103990005
0%
b101010110001 =
b10100101101101111 B
b10100111101011000 A
1#
#103995005
0#
#104000005
1%
b110001 &
1#
#104005005
0#
#104010005
0%
b101010110010 =
b10100101110001110 B
b10100111110001001 A
1#
#104015005
0#
#104020005
1%
b110010 &
1#
#104025005
0#
#104030005
0%
b101010110011 =
b10100101110101101 B
b10100111110111011 A
1#
#104035005
0#
#104040005
1%
b110011 &
1#
#104045005
0#
#104050005
0%
b101010110100 =
b10100101111001100 B
b10100111111101110 A
1#
#104055005
0#
#104060005
1%
b110100 &
1#
#104065005
0#
#104070005
0%
b101010110101 =
b10100101111101011 B
b10101000000100010 A
1#
#104075005
0#
#104080005
1%
b110101 &
1#
#104085005
0#
#104090005
0%
b101010110110 =
b10100110000001010 B
b10101000001010111 A
1#
#104095005
0#
#104100005
1%
b110110 &
1#
#104105005
0#
#104110005
0%
b101010110111 =
b10100110000101001 B
b10101000010001101 A
1#
#104115005
0#
#104120005
1%
b110111 &
1#
#104125005
0#
#104130005
0%
b101010111000 =
b10100110001001000 B
b10101000011000100 A
1#
#104135005
0#
#104140005
1%
b111000 &
1#
#104145005
0#
#104150005
0%
b101010111001 =
b10100110001100111 B
b10101000011111100 A
1#
#104155005
0#
#104160005
1%
b111001 &
1#
#104165005
0#
#104170005
0%
b101010111010 =
b10100110010000110 B
b10101000100110101 A
1#
#104175005
0#
#104180005
1%
b111010 &
1#
#104185005
0#
#104190005
0%
b101010111011 =
b10100110010100101 B
b10101000101101111 A
1#
#104195005
0#
#104200005
1%
b111011 &
1#
#104205005
0#
#104210005
0%
b101010111100 =
b10100110011000100 B
b10101000110101010 A
1#
#104215005
0#
#104220005
1%
b111100 &
1#
#104225005
0#
#104230005
0%
b101010111101 =
b10100110011100011 B
b10101000111100110 A
1#
#104235005
0#
#104240005
1%
b111101 &
1#
#104245005
0#
#104250005
0%
b101010111110 =
b10100110100000010 B
b10101001000100011 A
1#
#104255005
0#
#104260005
1%
b111110 &
1#
#104265005
0#
#104270005
0%
b101010111111 =
b10100110100100001 B
b10101001001100001 A
1#
#104275005
0#
#104280005
1%
b111111 &
1#
#104285005
0#
#104290005
0%
b101011000000 =
b10100110101000000 B
b10101001010100000 A
1#
#104295005
0#
#104300005
1%
b0 &
1#
#104305005
0#
#104310005
0%
b101011000001 =
b10100110101011111 B
1#
#104315005
0#
#104320005
1%
b1 &
1#
#104325005
0#
#104330005
0%
b101011000010 =
b10100110101111110 B
b10101001010100001 A
1#
#104335005
0#
#104340005
1%
b10 &
1#
#104345005
0#
#104350005
0%
b101011000011 =
b10100110110011101 B
b10101001010100011 A
1#
#104355005
0#
#104360005
1%
b11 &
1#
#104365005
0#
#104370005
0%
b101011000100 =
b10100110110111100 B
b10101001010100110 A
1#
#104375005
0#
#104380005
1%
b100 &
1#
#104385005
0#
#104390005
0%
b101011000101 =
b10100110111011011 B
b10101001010101010 A
1#
#104395005
0#
#104400005
1%
b101 &
1#
#104405005
0#
#104410005
0%
b101011000110 =
b10100110111111010 B
b10101001010101111 A
1#
#104415005
0#
#104420005
1%
b110 &
1#
#104425005
0#
#104430005
0%
b101011000111 =
b10100111000011001 B
b10101001010110101 A
1#
#104435005
0#
#104440005
1%
b111 &
1#
#104445005
0#
#104450005
0%
b101011001000 =
b10100111000111000 B
b10101001010111100 A
1#
#104455005
0#
#104460005
1%
b1000 &
1#
#104465005
0#
#104470005
0%
b101011001001 =
b10100111001010111 B
b10101001011000100 A
1#
#104475005
0#
#104480005
1%
b1001 &
1#
#104485005
0#
#104490005
0%
b101011001010 =
b10100111001110110 B
b10101001011001101 A
1#
#104495005
0#
#104500005
1%
b1010 &
1#
#104505005
0#
#104510005
0%
b101011001011 =
b10100111010010101 B
b10101001011010111 A
1#
#104515005
0#
#104520005
1%
b1011 &
1#
#104525005
0#
#104530005
0%
b101011001100 =
b10100111010110100 B
b10101001011100010 A
1#
#104535005
0#
#104540005
1%
b1100 &
1#
#104545005
0#
#104550005
0%
b101011001101 =
b10100111011010011 B
b10101001011101110 A
1#
#104555005
0#
#104560005
1%
b1101 &
1#
#104565005
0#
#104570005
0%
b101011001110 =
b10100111011110010 B
b10101001011111011 A
1#
#104575005
0#
#104580005
1%
b1110 &
1#
#104585005
0#
#104590005
0%
b101011001111 =
b10100111100010001 B
b10101001100001001 A
1#
#104595005
0#
#104600005
1%
b1111 &
1#
#104605005
0#
#104610005
0%
b101011010000 =
b10100111100110000 B
b10101001100011000 A
1#
#104615005
0#
#104620005
1%
b10000 &
1#
#104625005
0#
#104630005
0%
b101011010001 =
b10100111101001111 B
b10101001100101000 A
1#
#104635005
0#
#104640005
1%
b10001 &
1#
#104645005
0#
#104650005
0%
b101011010010 =
b10100111101101110 B
b10101001100111001 A
1#
#104655005
0#
#104660005
1%
b10010 &
1#
#104665005
0#
#104670005
0%
b101011010011 =
b10100111110001101 B
b10101001101001011 A
1#
#104675005
0#
#104680005
1%
b10011 &
1#
#104685005
0#
#104690005
0%
b101011010100 =
b10100111110101100 B
b10101001101011110 A
1#
#104695005
0#
#104700005
1%
b10100 &
1#
#104705005
0#
#104710005
0%
b101011010101 =
b10100111111001011 B
b10101001101110010 A
1#
#104715005
0#
#104720005
1%
b10101 &
1#
#104725005
0#
#104730005
0%
b101011010110 =
b10100111111101010 B
b10101001110000111 A
1#
#104735005
0#
#104740005
1%
b10110 &
1#
#104745005
0#
#104750005
0%
b101011010111 =
b10101000000001001 B
b10101001110011101 A
1#
#104755005
0#
#104760005
1%
b10111 &
1#
#104765005
0#
#104770005
0%
b101011011000 =
b10101000000101000 B
b10101001110110100 A
1#
#104775005
0#
#104780005
1%
b11000 &
1#
#104785005
0#
#104790005
0%
b101011011001 =
b10101000001000111 B
b10101001111001100 A
1#
#104795005
0#
#104800005
1%
b11001 &
1#
#104805005
0#
#104810005
0%
b101011011010 =
b10101000001100110 B
b10101001111100101 A
1#
#104815005
0#
#104820005
1%
b11010 &
1#
#104825005
0#
#104830005
0%
b101011011011 =
b10101000010000101 B
b10101001111111111 A
1#
#104835005
0#
#104840005
1%
b11011 &
1#
#104845005
0#
#104850005
0%
b101011011100 =
b10101000010100100 B
b10101010000011010 A
1#
#104855005
0#
#104860005
1%
b11100 &
1#
#104865005
0#
#104870005
0%
b101011011101 =
b10101000011000011 B
b10101010000110110 A
1#
#104875005
0#
#104880005
1%
b11101 &
1#
#104885005
0#
#104890005
0%
b101011011110 =
b10101000011100010 B
b10101010001010011 A
1#
#104895005
0#
#104900005
1%
b11110 &
1#
#104905005
0#
#104910005
0%
b101011011111 =
b10101000100000001 B
b10101010001110001 A
1#
#104915005
0#
#104920005
1%
b11111 &
1#
#104925005
0#
#104930005
0%
b101011100000 =
b10101000100100000 B
b10101010010010000 A
1#
#104935005
0#
#104940005
1%
b100000 &
1#
#104945005
0#
#104950005
0%
b101011100001 =
b10101000100111111 B
b10101010010110000 A
1#
#104955005
0#
#104960005
1%
b100001 &
1#
#104965005
0#
#104970005
0%
b101011100010 =
b10101000101011110 B
b10101010011010001 A
1#
#104975005
0#
#104980005
1%
b100010 &
1#
#104985005
0#
#104990005
0%
b101011100011 =
b10101000101111101 B
b10101010011110011 A
1#
#104995005
0#
#105000005
1%
b100011 &
1#
#105005005
0#
#105010005
0%
b101011100100 =
b10101000110011100 B
b10101010100010110 A
1#
#105015005
0#
#105020005
1%
b100100 &
1#
#105025005
0#
#105030005
0%
b101011100101 =
b10101000110111011 B
b10101010100111010 A
1#
#105035005
0#
#105040005
1%
b100101 &
1#
#105045005
0#
#105050005
0%
b101011100110 =
b10101000111011010 B
b10101010101011111 A
1#
#105055005
0#
#105060005
1%
b100110 &
1#
#105065005
0#
#105070005
0%
b101011100111 =
b10101000111111001 B
b10101010110000101 A
1#
#105075005
0#
#105080005
1%
b100111 &
1#
#105085005
0#
#105090005
0%
b101011101000 =
b10101001000011000 B
b10101010110101100 A
1#
#105095005
0#
#105100005
1%
b101000 &
1#
#105105005
0#
#105110005
0%
b101011101001 =
b10101001000110111 B
b10101010111010100 A
1#
#105115005
0#
#105120005
1%
b101001 &
1#
#105125005
0#
#105130005
0%
b101011101010 =
b10101001001010110 B
b10101010111111101 A
1#
#105135005
0#
#105140005
1%
b101010 &
1#
#105145005
0#
#105150005
0%
b101011101011 =
b10101001001110101 B
b10101011000100111 A
1#
#105155005
0#
#105160005
1%
b101011 &
1#
#105165005
0#
#105170005
0%
b101011101100 =
b10101001010010100 B
b10101011001010010 A
1#
#105175005
0#
#105180005
1%
b101100 &
1#
#105185005
0#
#105190005
0%
b101011101101 =
b10101001010110011 B
b10101011001111110 A
1#
#105195005
0#
#105200005
1%
b101101 &
1#
#105205005
0#
#105210005
0%
b101011101110 =
b10101001011010010 B
b10101011010101011 A
1#
#105215005
0#
#105220005
1%
b101110 &
1#
#105225005
0#
#105230005
0%
b101011101111 =
b10101001011110001 B
b10101011011011001 A
1#
#105235005
0#
#105240005
1%
b101111 &
1#
#105245005
0#
#105250005
0%
b101011110000 =
b10101001100010000 B
b10101011100001000 A
1#
#105255005
0#
#105260005
1%
b110000 &
1#
#105265005
0#
#105270005
0%
b101011110001 =
b10101001100101111 B
b10101011100111000 A
1#
#105275005
0#
#105280005
1%
b110001 &
1#
#105285005
0#
#105290005
0%
b101011110010 =
b10101001101001110 B
b10101011101101001 A
1#
#105295005
0#
#105300005
1%
b110010 &
1#
#105305005
0#
#105310005
0%
b101011110011 =
b10101001101101101 B
b10101011110011011 A
1#
#105315005
0#
#105320005
1%
b110011 &
1#
#105325005
0#
#105330005
0%
b101011110100 =
b10101001110001100 B
b10101011111001110 A
1#
#105335005
0#
#105340005
1%
b110100 &
1#
#105345005
0#
#105350005
0%
b101011110101 =
b10101001110101011 B
b10101100000000010 A
1#
#105355005
0#
#105360005
1%
b110101 &
1#
#105365005
0#
#105370005
0%
b101011110110 =
b10101001111001010 B
b10101100000110111 A
1#
#105375005
0#
#105380005
1%
b110110 &
1#
#105385005
0#
#105390005
0%
b101011110111 =
b10101001111101001 B
b10101100001101101 A
1#
#105395005
0#
#105400005
1%
b110111 &
1#
#105405005
0#
#105410005
0%
b101011111000 =
b10101010000001000 B
b10101100010100100 A
1#
#105415005
0#
#105420005
1%
b111000 &
1#
#105425005
0#
#105430005
0%
b101011111001 =
b10101010000100111 B
b10101100011011100 A
1#
#105435005
0#
#105440005
1%
b111001 &
1#
#105445005
0#
#105450005
0%
b101011111010 =
b10101010001000110 B
b10101100100010101 A
1#
#105455005
0#
#105460005
1%
b111010 &
1#
#105465005
0#
#105470005
0%
b101011111011 =
b10101010001100101 B
b10101100101001111 A
1#
#105475005
0#
#105480005
1%
b111011 &
1#
#105485005
0#
#105490005
0%
b101011111100 =
b10101010010000100 B
b10101100110001010 A
1#
#105495005
0#
#105500005
1%
b111100 &
1#
#105505005
0#
#105510005
0%
b101011111101 =
b10101010010100011 B
b10101100111000110 A
1#
#105515005
0#
#105520005
1%
b111101 &
1#
#105525005
0#
#105530005
0%
b101011111110 =
b10101010011000010 B
b10101101000000011 A
1#
#105535005
0#
#105540005
1%
b111110 &
1#
#105545005
0#
#105550005
0%
b101011111111 =
b10101010011100001 B
b10101101001000001 A
1#
#105555005
0#
#105560005
1%
b111111 &
1#
#105565005
0#
#105570005
0%
b101100000000 =
b10101010100000000 B
b10101101010000000 A
1#
#105575005
0#
#105580005
1%
b0 &
1#
#105585005
0#
#105590005
0%
b101100000001 =
b10101010100011111 B
1#
#105595005
0#
#105600005
1%
b1 &
1#
#105605005
0#
#105610005
0%
b101100000010 =
b10101010100111110 B
b10101101010000001 A
1#
#105615005
0#
#105620005
1%
b10 &
1#
#105625005
0#
#105630005
0%
b101100000011 =
b10101010101011101 B
b10101101010000011 A
1#
#105635005
0#
#105640005
1%
b11 &
1#
#105645005
0#
#105650005
0%
b101100000100 =
b10101010101111100 B
b10101101010000110 A
1#
#105655005
0#
#105660005
1%
b100 &
1#
#105665005
0#
#105670005
0%
b101100000101 =
b10101010110011011 B
b10101101010001010 A
1#
#105675005
0#
#105680005
1%
b101 &
1#
#105685005
0#
#105690005
0%
b101100000110 =
b10101010110111010 B
b10101101010001111 A
1#
#105695005
0#
#105700005
1%
b110 &
1#
#105705005
0#
#105710005
0%
b101100000111 =
b10101010111011001 B
b10101101010010101 A
1#
#105715005
0#
#105720005
1%
b111 &
1#
#105725005
0#
#105730005
0%
b101100001000 =
b10101010111111000 B
b10101101010011100 A
1#
#105735005
0#
#105740005
1%
b1000 &
1#
#105745005
0#
#105750005
0%
b101100001001 =
b10101011000010111 B
b10101101010100100 A
1#
#105755005
0#
#105760005
1%
b1001 &
1#
#105765005
0#
#105770005
0%
b101100001010 =
b10101011000110110 B
b10101101010101101 A
1#
#105775005
0#
#105780005
1%
b1010 &
1#
#105785005
0#
#105790005
0%
b101100001011 =
b10101011001010101 B
b10101101010110111 A
1#
#105795005
0#
#105800005
1%
b1011 &
1#
#105805005
0#
#105810005
0%
b101100001100 =
b10101011001110100 B
b10101101011000010 A
1#
#105815005
0#
#105820005
1%
b1100 &
1#
#105825005
0#
#105830005
0%
b101100001101 =
b10101011010010011 B
b10101101011001110 A
1#
#105835005
0#
#105840005
1%
b1101 &
1#
#105845005
0#
#105850005
0%
b101100001110 =
b10101011010110010 B
b10101101011011011 A
1#
#105855005
0#
#105860005
1%
b1110 &
1#
#105865005
0#
#105870005
0%
b101100001111 =
b10101011011010001 B
b10101101011101001 A
1#
#105875005
0#
#105880005
1%
b1111 &
1#
#105885005
0#
#105890005
0%
b101100010000 =
b10101011011110000 B
b10101101011111000 A
1#
#105895005
0#
#105900005
1%
b10000 &
1#
#105905005
0#
#105910005
0%
b101100010001 =
b10101011100001111 B
b10101101100001000 A
1#
#105915005
0#
#105920005
1%
b10001 &
1#
#105925005
0#
#105930005
0%
b101100010010 =
b10101011100101110 B
b10101101100011001 A
1#
#105935005
0#
#105940005
1%
b10010 &
1#
#105945005
0#
#105950005
0%
b101100010011 =
b10101011101001101 B
b10101101100101011 A
1#
#105955005
0#
#105960005
1%
b10011 &
1#
#105965005
0#
#105970005
0%
b101100010100 =
b10101011101101100 B
b10101101100111110 A
1#
#105975005
0#
#105980005
1%
b10100 &
1#
#105985005
0#
#105990005
0%
b101100010101 =
b10101011110001011 B
b10101101101010010 A
1#
#105995005
0#
#106000005
1%
b10101 &
1#
#106005005
0#
#106010005
0%
b101100010110 =
b10101011110101010 B
b10101101101100111 A
1#
#106015005
0#
#106020005
1%
b10110 &
1#
#106025005
0#
#106030005
0%
b101100010111 =
b10101011111001001 B
b10101101101111101 A
1#
#106035005
0#
#106040005
1%
b10111 &
1#
#106045005
0#
#106050005
0%
b101100011000 =
b10101011111101000 B
b10101101110010100 A
1#
#106055005
0#
#106060005
1%
b11000 &
1#
#106065005
0#
#106070005
0%
b101100011001 =
b10101100000000111 B
b10101101110101100 A
1#
#106075005
0#
#106080005
1%
b11001 &
1#
#106085005
0#
#106090005
0%
b101100011010 =
b10101100000100110 B
b10101101111000101 A
1#
#106095005
0#
#106100005
1%
b11010 &
1#
#106105005
0#
#106110005
0%
b101100011011 =
b10101100001000101 B
b10101101111011111 A
1#
#106115005
0#
#106120005
1%
b11011 &
1#
#106125005
0#
#106130005
0%
b101100011100 =
b10101100001100100 B
b10101101111111010 A
1#
#106135005
0#
#106140005
1%
b11100 &
1#
#106145005
0#
#106150005
0%
b101100011101 =
b10101100010000011 B
b10101110000010110 A
1#
#106155005
0#
#106160005
1%
b11101 &
1#
#106165005
0#
#106170005
0%
b101100011110 =
b10101100010100010 B
b10101110000110011 A
1#
#106175005
0#
#106180005
1%
b11110 &
1#
#106185005
0#
#106190005
0%
b101100011111 =
b10101100011000001 B
b10101110001010001 A
1#
#106195005
0#
#106200005
1%
b11111 &
1#
#106205005
0#
#106210005
0%
b101100100000 =
b10101100011100000 B
b10101110001110000 A
1#
#106215005
0#
#106220005
1%
b100000 &
1#
#106225005
0#
#106230005
0%
b101100100001 =
b10101100011111111 B
b10101110010010000 A
1#
#106235005
0#
#106240005
1%
b100001 &
1#
#106245005
0#
#106250005
0%
b101100100010 =
b10101100100011110 B
b10101110010110001 A
1#
#106255005
0#
#106260005
1%
b100010 &
1#
#106265005
0#
#106270005
0%
b101100100011 =
b10101100100111101 B
b10101110011010011 A
1#
#106275005
0#
#106280005
1%
b100011 &
1#
#106285005
0#
#106290005
0%
b101100100100 =
b10101100101011100 B
b10101110011110110 A
1#
#106295005
0#
#106300005
1%
b100100 &
1#
#106305005
0#
#106310005
0%
b101100100101 =
b10101100101111011 B
b10101110100011010 A
1#
#106315005
0#
#106320005
1%
b100101 &
1#
#106325005
0#
#106330005
0%
b101100100110 =
b10101100110011010 B
b10101110100111111 A
1#
#106335005
0#
#106340005
1%
b100110 &
1#
#106345005
0#
#106350005
0%
b101100100111 =
b10101100110111001 B
b10101110101100101 A
1#
#106355005
0#
#106360005
1%
b100111 &
1#
#106365005
0#
#106370005
0%
b101100101000 =
b10101100111011000 B
b10101110110001100 A
1#
#106375005
0#
#106380005
1%
b101000 &
1#
#106385005
0#
#106390005
0%
b101100101001 =
b10101100111110111 B
b10101110110110100 A
1#
#106395005
0#
#106400005
1%
b101001 &
1#
#106405005
0#
#106410005
0%
b101100101010 =
b10101101000010110 B
b10101110111011101 A
1#
#106415005
0#
#106420005
1%
b101010 &
1#
#106425005
0#
#106430005
0%
b101100101011 =
b10101101000110101 B
b10101111000000111 A
1#
#106435005
0#
#106440005
1%
b101011 &
1#
#106445005
0#
#106450005
0%
b101100101100 =
b10101101001010100 B
b10101111000110010 A
1#
#106455005
0#
#106460005
1%
b101100 &
1#
#106465005
0#
#106470005
0%
b101100101101 =
b10101101001110011 B
b10101111001011110 A
1#
#106475005
0#
#106480005
1%
b101101 &
1#
#106485005
0#
#106490005
0%
b101100101110 =
b10101101010010010 B
b10101111010001011 A
1#
#106495005
0#
#106500005
1%
b101110 &
1#
#106505005
0#
#106510005
0%
b101100101111 =
b10101101010110001 B
b10101111010111001 A
1#
#106515005
0#
#106520005
1%
b101111 &
1#
#106525005
0#
#106530005
0%
b101100110000 =
b10101101011010000 B
b10101111011101000 A
1#
#106535005
0#
#106540005
1%
b110000 &
1#
#106545005
0#
#106550005
0%
b101100110001 =
b10101101011101111 B
b10101111100011000 A
1#
#106555005
0#
#106560005
1%
b110001 &
1#
#106565005
0#
#106570005
0%
b101100110010 =
b10101101100001110 B
b10101111101001001 A
1#
#106575005
0#
#106580005
1%
b110010 &
1#
#106585005
0#
#106590005
0%
b101100110011 =
b10101101100101101 B
b10101111101111011 A
1#
#106595005
0#
#106600005
1%
b110011 &
1#
#106605005
0#
#106610005
0%
b101100110100 =
b10101101101001100 B
b10101111110101110 A
1#
#106615005
0#
#106620005
1%
b110100 &
1#
#106625005
0#
#106630005
0%
b101100110101 =
b10101101101101011 B
b10101111111100010 A
1#
#106635005
0#
#106640005
1%
b110101 &
1#
#106645005
0#
#106650005
0%
b101100110110 =
b10101101110001010 B
b10110000000010111 A
1#
#106655005
0#
#106660005
1%
b110110 &
1#
#106665005
0#
#106670005
0%
b101100110111 =
b10101101110101001 B
b10110000001001101 A
1#
#106675005
0#
#106680005
1%
b110111 &
1#
#106685005
0#
#106690005
0%
b101100111000 =
b10101101111001000 B
b10110000010000100 A
1#
#106695005
0#
#106700005
1%
b111000 &
1#
#106705005
0#
#106710005
0%
b101100111001 =
b10101101111100111 B
b10110000010111100 A
1#
#106715005
0#
#106720005
1%
b111001 &
1#
#106725005
0#
#106730005
0%
b101100111010 =
b10101110000000110 B
b10110000011110101 A
1#
#106735005
0#
#106740005
1%
b111010 &
1#
#106745005
0#
#106750005
0%
b101100111011 =
b10101110000100101 B
b10110000100101111 A
1#
#106755005
0#
#106760005
1%
b111011 &
1#
#106765005
0#
#106770005
0%
b101100111100 =
b10101110001000100 B
b10110000101101010 A
1#
#106775005
0#
#106780005
1%
b111100 &
1#
#106785005
0#
#106790005
0%
b101100111101 =
b10101110001100011 B
b10110000110100110 A
1#
#106795005
0#
#106800005
1%
b111101 &
1#
#106805005
0#
#106810005
0%
b101100111110 =
b10101110010000010 B
b10110000111100011 A
1#
#106815005
0#
#106820005
1%
b111110 &
1#
#106825005
0#
#106830005
0%
b101100111111 =
b10101110010100001 B
b10110001000100001 A
1#
#106835005
0#
#106840005
1%
b111111 &
1#
#106845005
0#
#106850005
0%
b101101000000 =
b10101110011000000 B
b10110001001100000 A
1#
#106855005
0#
#106860005
1%
b0 &
1#
#106865005
0#
#106870005
0%
b101101000001 =
b10101110011011111 B
1#
#106875005
0#
#106880005
1%
b1 &
1#
#106885005
0#
#106890005
0%
b101101000010 =
b10101110011111110 B
b10110001001100001 A
1#
#106895005
0#
#106900005
1%
b10 &
1#
#106905005
0#
#106910005
0%
b101101000011 =
b10101110100011101 B
b10110001001100011 A
1#
#106915005
0#
#106920005
1%
b11 &
1#
#106925005
0#
#106930005
0%
b101101000100 =
b10101110100111100 B
b10110001001100110 A
1#
#106935005
0#
#106940005
1%
b100 &
1#
#106945005
0#
#106950005
0%
b101101000101 =
b10101110101011011 B
b10110001001101010 A
1#
#106955005
0#
#106960005
1%
b101 &
1#
#106965005
0#
#106970005
0%
b101101000110 =
b10101110101111010 B
b10110001001101111 A
1#
#106975005
0#
#106980005
1%
b110 &
1#
#106985005
0#
#106990005
0%
b101101000111 =
b10101110110011001 B
b10110001001110101 A
1#
#106995005
0#
#107000005
1%
b111 &
1#
#107005005
0#
#107010005
0%
b101101001000 =
b10101110110111000 B
b10110001001111100 A
1#
#107015005
0#
#107020005
1%
b1000 &
1#
#107025005
0#
#107030005
0%
b101101001001 =
b10101110111010111 B
b10110001010000100 A
1#
#107035005
0#
#107040005
1%
b1001 &
1#
#107045005
0#
#107050005
0%
b101101001010 =
b10101110111110110 B
b10110001010001101 A
1#
#107055005
0#
#107060005
1%
b1010 &
1#
#107065005
0#
#107070005
0%
b101101001011 =
b10101111000010101 B
b10110001010010111 A
1#
#107075005
0#
#107080005
1%
b1011 &
1#
#107085005
0#
#107090005
0%
b101101001100 =
b10101111000110100 B
b10110001010100010 A
1#
#107095005
0#
#107100005
1%
b1100 &
1#
#107105005
0#
#107110005
0%
b101101001101 =
b10101111001010011 B
b10110001010101110 A
1#
#107115005
0#
#107120005
1%
b1101 &
1#
#107125005
0#
#107130005
0%
b101101001110 =
b10101111001110010 B
b10110001010111011 A
1#
#107135005
0#
#107140005
1%
b1110 &
1#
#107145005
0#
#107150005
0%
b101101001111 =
b10101111010010001 B
b10110001011001001 A
1#
#107155005
0#
#107160005
1%
b1111 &
1#
#107165005
0#
#107170005
0%
b101101010000 =
b10101111010110000 B
b10110001011011000 A
1#
#107175005
0#
#107180005
1%
b10000 &
1#
#107185005
0#
#107190005
0%
b101101010001 =
b10101111011001111 B
b10110001011101000 A
1#
#107195005
0#
#107200005
1%
b10001 &
1#
#107205005
0#
#107210005
0%
b101101010010 =
b10101111011101110 B
b10110001011111001 A
1#
#107215005
0#
#107220005
1%
b10010 &
1#
#107225005
0#
#107230005
0%
b101101010011 =
b10101111100001101 B
b10110001100001011 A
1#
#107235005
0#
#107240005
1%
b10011 &
1#
#107245005
0#
#107250005
0%
b101101010100 =
b10101111100101100 B
b10110001100011110 A
1#
#107255005
0#
#107260005
1%
b10100 &
1#
#107265005
0#
#107270005
0%
b101101010101 =
b10101111101001011 B
b10110001100110010 A
1#
#107275005
0#
#107280005
1%
b10101 &
1#
#107285005
0#
#107290005
0%
b101101010110 =
b10101111101101010 B
b10110001101000111 A
1#
#107295005
0#
#107300005
1%
b10110 &
1#
#107305005
0#
#107310005
0%
b101101010111 =
b10101111110001001 B
b10110001101011101 A
1#
#107315005
0#
#107320005
1%
b10111 &
1#
#107325005
0#
#107330005
0%
b101101011000 =
b10101111110101000 B
b10110001101110100 A
1#
#107335005
0#
#107340005
1%
b11000 &
1#
#107345005
0#
#107350005
0%
b101101011001 =
b10101111111000111 B
b10110001110001100 A
1#
#107355005
0#
#107360005
1%
b11001 &
1#
#107365005
0#
#107370005
0%
b101101011010 =
b10101111111100110 B
b10110001110100101 A
1#
#107375005
0#
#107380005
1%
b11010 &
1#
#107385005
0#
#107390005
0%
b101101011011 =
b10110000000000101 B
b10110001110111111 A
1#
#107395005
0#
#107400005
1%
b11011 &
1#
#107405005
0#
#107410005
0%
b101101011100 =
b10110000000100100 B
b10110001111011010 A
1#
#107415005
0#
#107420005
1%
b11100 &
1#
#107425005
0#
#107430005
0%
b101101011101 =
b10110000001000011 B
b10110001111110110 A
1#
#107435005
0#
#107440005
1%
b11101 &
1#
#107445005
0#
#107450005
0%
b101101011110 =
b10110000001100010 B
b10110010000010011 A
1#
#107455005
0#
#107460005
1%
b11110 &
1#
#107465005
0#
#107470005
0%
b101101011111 =
b10110000010000001 B
b10110010000110001 A
1#
#107475005
0#
#107480005
1%
b11111 &
1#
#107485005
0#
#107490005
0%
b101101100000 =
b10110000010100000 B
b10110010001010000 A
1#
#107495005
0#
#107500005
1%
b100000 &
1#
#107505005
0#
#107510005
0%
b101101100001 =
b10110000010111111 B
b10110010001110000 A
1#
#107515005
0#
#107520005
1%
b100001 &
1#
#107525005
0#
#107530005
0%
b101101100010 =
b10110000011011110 B
b10110010010010001 A
1#
#107535005
0#
#107540005
1%
b100010 &
1#
#107545005
0#
#107550005
0%
b101101100011 =
b10110000011111101 B
b10110010010110011 A
1#
#107555005
0#
#107560005
1%
b100011 &
1#
#107565005
0#
#107570005
0%
b101101100100 =
b10110000100011100 B
b10110010011010110 A
1#
#107575005
0#
#107580005
1%
b100100 &
1#
#107585005
0#
#107590005
0%
b101101100101 =
b10110000100111011 B
b10110010011111010 A
1#
#107595005
0#
#107600005
1%
b100101 &
1#
#107605005
0#
#107610005
0%
b101101100110 =
b10110000101011010 B
b10110010100011111 A
1#
#107615005
0#
#107620005
1%
b100110 &
1#
#107625005
0#
#107630005
0%
b101101100111 =
b10110000101111001 B
b10110010101000101 A
1#
#107635005
0#
#107640005
1%
b100111 &
1#
#107645005
0#
#107650005
0%
b101101101000 =
b10110000110011000 B
b10110010101101100 A
1#
#107655005
0#
#107660005
1%
b101000 &
1#
#107665005
0#
#107670005
0%
b101101101001 =
b10110000110110111 B
b10110010110010100 A
1#
#107675005
0#
#107680005
1%
b101001 &
1#
#107685005
0#
#107690005
0%
b101101101010 =
b10110000111010110 B
b10110010110111101 A
1#
#107695005
0#
#107700005
1%
b101010 &
1#
#107705005
0#
#107710005
0%
b101101101011 =
b10110000111110101 B
b10110010111100111 A
1#
#107715005
0#
#107720005
1%
b101011 &
1#
#107725005
0#
#107730005
0%
b101101101100 =
b10110001000010100 B
b10110011000010010 A
1#
#107735005
0#
#107740005
1%
b101100 &
1#
#107745005
0#
#107750005
0%
b101101101101 =
b10110001000110011 B
b10110011000111110 A
1#
#107755005
0#
#107760005
1%
b101101 &
1#
#107765005
0#
#107770005
0%
b101101101110 =
b10110001001010010 B
b10110011001101011 A
1#
#107775005
0#
#107780005
1%
b101110 &
1#
#107785005
0#
#107790005
0%
b101101101111 =
b10110001001110001 B
b10110011010011001 A
1#
#107795005
0#
#107800005
1%
b101111 &
1#
#107805005
0#
#107810005
0%
b101101110000 =
b10110001010010000 B
b10110011011001000 A
1#
#107815005
0#
#107820005
1%
b110000 &
1#
#107825005
0#
#107830005
0%
b101101110001 =
b10110001010101111 B
b10110011011111000 A
1#
#107835005
0#
#107840005
1%
b110001 &
1#
#107845005
0#
#107850005
0%
b101101110010 =
b10110001011001110 B
b10110011100101001 A
1#
#107855005
0#
#107860005
1%
b110010 &
1#
#107865005
0#
#107870005
0%
b101101110011 =
b10110001011101101 B
b10110011101011011 A
1#
#107875005
0#
#107880005
1%
b110011 &
1#
#107885005
0#
#107890005
0%
b101101110100 =
b10110001100001100 B
b10110011110001110 A
1#
#107895005
0#
#107900005
1%
b110100 &
1#
#107905005
0#
#107910005
0%
b101101110101 =
b10110001100101011 B
b10110011111000010 A
1#
#107915005
0#
#107920005
1%
b110101 &
1#
#107925005
0#
#107930005
0%
b101101110110 =
b10110001101001010 B
b10110011111110111 A
1#
#107935005
0#
#107940005
1%
b110110 &
1#
#107945005
0#
#107950005
0%
b101101110111 =
b10110001101101001 B
b10110100000101101 A
1#
#107955005
0#
#107960005
1%
b110111 &
1#
#107965005
0#
#107970005
0%
b101101111000 =
b10110001110001000 B
b10110100001100100 A
1#
#107975005
0#
#107980005
1%
b111000 &
1#
#107985005
0#
#107990005
0%
b101101111001 =
b10110001110100111 B
b10110100010011100 A
1#
#107995005
0#
#108000005
1%
b111001 &
1#
#108005005
0#
#108010005
0%
b101101111010 =
b10110001111000110 B
b10110100011010101 A
1#
#108015005
0#
#108020005
1%
b111010 &
1#
#108025005
0#
#108030005
0%
b101101111011 =
b10110001111100101 B
b10110100100001111 A
1#
#108035005
0#
#108040005
1%
b111011 &
1#
#108045005
0#
#108050005
0%
b101101111100 =
b10110010000000100 B
b10110100101001010 A
1#
#108055005
0#
#108060005
1%
b111100 &
1#
#108065005
0#
#108070005
0%
b101101111101 =
b10110010000100011 B
b10110100110000110 A
1#
#108075005
0#
#108080005
1%
b111101 &
1#
#108085005
0#
#108090005
0%
b101101111110 =
b10110010001000010 B
b10110100111000011 A
1#
#108095005
0#
#108100005
1%
b111110 &
1#
#108105005
0#
#108110005
0%
b101101111111 =
b10110010001100001 B
b10110101000000001 A
1#
#108115005
0#
#108120005
1%
b111111 &
1#
#108125005
0#
#108130005
0%
b101110000000 =
b10110010010000000 B
b10110101001000000 A
1#
#108135005
0#
#108140005
1%
b0 &
1#
#108145005
0#
#108150005
0%
b101110000001 =
b10110010010011111 B
1#
#108155005
0#
#108160005
1%
b1 &
1#
#108165005
0#
#108170005
0%
b101110000010 =
b10110010010111110 B
b10110101001000001 A
1#
#108175005
0#
#108180005
1%
b10 &
1#
#108185005
0#
#108190005
0%
b101110000011 =
b10110010011011101 B
b10110101001000011 A
1#
#108195005
0#
#108200005
1%
b11 &
1#
#108205005
0#
#108210005
0%
b101110000100 =
b10110010011111100 B
b10110101001000110 A
1#
#108215005
0#
#108220005
1%
b100 &
1#
#108225005
0#
#108230005
0%
b101110000101 =
b10110010100011011 B
b10110101001001010 A
1#
#108235005
0#
#108240005
1%
b101 &
1#
#108245005
0#
#108250005
0%
b101110000110 =
b10110010100111010 B
b10110101001001111 A
1#
#108255005
0#
#108260005
1%
b110 &
1#
#108265005
0#
#108270005
0%
b101110000111 =
b10110010101011001 B
b10110101001010101 A
1#
#108275005
0#
#108280005
1%
b111 &
1#
#108285005
0#
#108290005
0%
b101110001000 =
b10110010101111000 B
b10110101001011100 A
1#
#108295005
0#
#108300005
1%
b1000 &
1#
#108305005
0#
#108310005
0%
b101110001001 =
b10110010110010111 B
b10110101001100100 A
1#
#108315005
0#
#108320005
1%
b1001 &
1#
#108325005
0#
#108330005
0%
b101110001010 =
b10110010110110110 B
b10110101001101101 A
1#
#108335005
0#
#108340005
1%
b1010 &
1#
#108345005
0#
#108350005
0%
b101110001011 =
b10110010111010101 B
b10110101001110111 A
1#
#108355005
0#
#108360005
1%
b1011 &
1#
#108365005
0#
#108370005
0%
b101110001100 =
b10110010111110100 B
b10110101010000010 A
1#
#108375005
0#
#108380005
1%
b1100 &
1#
#108385005
0#
#108390005
0%
b101110001101 =
b10110011000010011 B
b10110101010001110 A
1#
#108395005
0#
#108400005
1%
b1101 &
1#
#108405005
0#
#108410005
0%
b101110001110 =
b10110011000110010 B
b10110101010011011 A
1#
#108415005
0#
#108420005
1%
b1110 &
1#
#108425005
0#
#108430005
0%
b101110001111 =
b10110011001010001 B
b10110101010101001 A
1#
#108435005
0#
#108440005
1%
b1111 &
1#
#108445005
0#
#108450005
0%
b101110010000 =
b10110011001110000 B
b10110101010111000 A
1#
#108455005
0#
#108460005
1%
b10000 &
1#
#108465005
0#
#108470005
0%
b101110010001 =
b10110011010001111 B
b10110101011001000 A
1#
#108475005
0#
#108480005
1%
b10001 &
1#
#108485005
0#
#108490005
0%
b101110010010 =
b10110011010101110 B
b10110101011011001 A
1#
#108495005
0#
#108500005
1%
b10010 &
1#
#108505005
0#
#108510005
0%
b101110010011 =
b10110011011001101 B
b10110101011101011 A
1#
#108515005
0#
#108520005
1%
b10011 &
1#
#108525005
0#
#108530005
0%
b101110010100 =
b10110011011101100 B
b10110101011111110 A
1#
#108535005
0#
#108540005
1%
b10100 &
1#
#108545005
0#
#108550005
0%
b101110010101 =
b10110011100001011 B
b10110101100010010 A
1#
#108555005
0#
#108560005
1%
b10101 &
1#
#108565005
0#
#108570005
0%
b101110010110 =
b10110011100101010 B
b10110101100100111 A
1#
#108575005
0#
#108580005
1%
b10110 &
1#
#108585005
0#
#108590005
0%
b101110010111 =
b10110011101001001 B
b10110101100111101 A
1#
#108595005
0#
#108600005
1%
b10111 &
1#
#108605005
0#
#108610005
0%
b101110011000 =
b10110011101101000 B
b10110101101010100 A
1#
#108615005
0#
#108620005
1%
b11000 &
1#
#108625005
0#
#108630005
0%
b101110011001 =
b10110011110000111 B
b10110101101101100 A
1#
#108635005
0#
#108640005
1%
b11001 &
1#
#108645005
0#
#108650005
0%
b101110011010 =
b10110011110100110 B
b10110101110000101 A
1#
#108655005
0#
#108660005
1%
b11010 &
1#
#108665005
0#
#108670005
0%
b101110011011 =
b10110011111000101 B
b10110101110011111 A
1#
#108675005
0#
#108680005
1%
b11011 &
1#
#108685005
0#
#108690005
0%
b101110011100 =
b10110011111100100 B
b10110101110111010 A
1#
#108695005
0#
#108700005
1%
b11100 &
1#
#108705005
0#
#108710005
0%
b101110011101 =
b10110100000000011 B
b10110101111010110 A
1#
#108715005
0#
#108720005
1%
b11101 &
1#
#108725005
0#
#108730005
0%
b101110011110 =
b10110100000100010 B
b10110101111110011 A
1#
#108735005
0#
#108740005
1%
b11110 &
1#
#108745005
0#
#108750005
0%
b101110011111 =
b10110100001000001 B
b10110110000010001 A
1#
#108755005
0#
#108760005
1%
b11111 &
1#
#108765005
0#
#108770005
0%
b101110100000 =
b10110100001100000 B
b10110110000110000 A
1#
#108775005
0#
#108780005
1%
b100000 &
1#
#108785005
0#
#108790005
0%
b101110100001 =
b10110100001111111 B
b10110110001010000 A
1#
#108795005
0#
#108800005
1%
b100001 &
1#
#108805005
0#
#108810005
0%
b101110100010 =
b10110100010011110 B
b10110110001110001 A
1#
#108815005
0#
#108820005
1%
b100010 &
1#
#108825005
0#
#108830005
0%
b101110100011 =
b10110100010111101 B
b10110110010010011 A
1#
#108835005
0#
#108840005
1%
b100011 &
1#
#108845005
0#
#108850005
0%
b101110100100 =
b10110100011011100 B
b10110110010110110 A
1#
#108855005
0#
#108860005
1%
b100100 &
1#
#108865005
0#
#108870005
0%
b101110100101 =
b10110100011111011 B
b10110110011011010 A
1#
#108875005
0#
#108880005
1%
b100101 &
1#
#108885005
0#
#108890005
0%
b101110100110 =
b10110100100011010 B
b10110110011111111 A
1#
#108895005
0#
#108900005
1%
b100110 &
1#
#108905005
0#
#108910005
0%
b101110100111 =
b10110100100111001 B
b10110110100100101 A
1#
#108915005
0#
#108920005
1%
b100111 &
1#
#108925005
0#
#108930005
0%
b101110101000 =
b10110100101011000 B
b10110110101001100 A
1#
#108935005
0#
#108940005
1%
b101000 &
1#
#108945005
0#
#108950005
0%
b101110101001 =
b10110100101110111 B
b10110110101110100 A
1#
#108955005
0#
#108960005
1%
b101001 &
1#
#108965005
0#
#108970005
0%
b101110101010 =
b10110100110010110 B
b10110110110011101 A
1#
#108975005
0#
#108980005
1%
b101010 &
1#
#108985005
0#
#108990005
0%
b101110101011 =
b10110100110110101 B
b10110110111000111 A
1#
#108995005
0#
#109000005
1%
b101011 &
1#
#109005005
0#
#109010005
0%
b101110101100 =
b10110100111010100 B
b10110110111110010 A
1#
#109015005
0#
#109020005
1%
b101100 &
1#
#109025005
0#
#109030005
0%
b101110101101 =
b10110100111110011 B
b10110111000011110 A
1#
#109035005
0#
#109040005
1%
b101101 &
1#
#109045005
0#
#109050005
0%
b101110101110 =
b10110101000010010 B
b10110111001001011 A
1#
#109055005
0#
#109060005
1%
b101110 &
1#
#109065005
0#
#109070005
0%
b101110101111 =
b10110101000110001 B
b10110111001111001 A
1#
#109075005
0#
#109080005
1%
b101111 &
1#
#109085005
0#
#109090005
0%
b101110110000 =
b10110101001010000 B
b10110111010101000 A
1#
#109095005
0#
#109100005
1%
b110000 &
1#
#109105005
0#
#109110005
0%
b101110110001 =
b10110101001101111 B
b10110111011011000 A
1#
#109115005
0#
#109120005
1%
b110001 &
1#
#109125005
0#
#109130005
0%
b101110110010 =
b10110101010001110 B
b10110111100001001 A
1#
#109135005
0#
#109140005
1%
b110010 &
1#
#109145005
0#
#109150005
0%
b101110110011 =
b10110101010101101 B
b10110111100111011 A
1#
#109155005
0#
#109160005
1%
b110011 &
1#
#109165005
0#
#109170005
0%
b101110110100 =
b10110101011001100 B
b10110111101101110 A
1#
#109175005
0#
#109180005
1%
b110100 &
1#
#109185005
0#
#109190005
0%
b101110110101 =
b10110101011101011 B
b10110111110100010 A
1#
#109195005
0#
#109200005
1%
b110101 &
1#
#109205005
0#
#109210005
0%
b101110110110 =
b10110101100001010 B
b10110111111010111 A
1#
#109215005
0#
#109220005
1%
b110110 &
1#
#109225005
0#
#109230005
0%
b101110110111 =
b10110101100101001 B
b10111000000001101 A
1#
#109235005
0#
#109240005
1%
b110111 &
1#
#109245005
0#
#109250005
0%
b101110111000 =
b10110101101001000 B
b10111000001000100 A
1#
#109255005
0#
#109260005
1%
b111000 &
1#
#109265005
0#
#109270005
0%
b101110111001 =
b10110101101100111 B
b10111000001111100 A
1#
#109275005
0#
#109280005
1%
b111001 &
1#
#109285005
0#
#109290005
0%
b101110111010 =
b10110101110000110 B
b10111000010110101 A
1#
#109295005
0#
#109300005
1%
b111010 &
1#
#109305005
0#
#109310005
0%
b101110111011 =
b10110101110100101 B
b10111000011101111 A
1#
#109315005
0#
#109320005
1%
b111011 &
1#
#109325005
0#
#109330005
0%
b101110111100 =
b10110101111000100 B
b10111000100101010 A
1#
#109335005
0#
#109340005
1%
b111100 &
1#
#109345005
0#
#109350005
0%
b101110111101 =
b10110101111100011 B
b10111000101100110 A
1#
#109355005
0#
#109360005
1%
b111101 &
1#
#109365005
0#
#109370005
0%
b101110111110 =
b10110110000000010 B
b10111000110100011 A
1#
#109375005
0#
#109380005
1%
b111110 &
1#
#109385005
0#
#109390005
0%
b101110111111 =
b10110110000100001 B
b10111000111100001 A
1#
#109395005
0#
#109400005
1%
b111111 &
1#
#109405005
0#
#109410005
0%
b101111000000 =
b10110110001000000 B
b10111001000100000 A
1#
#109415005
0#
#109420005
1%
b0 &
1#
#109425005
0#
#109430005
0%
b101111000001 =
b10110110001011111 B
1#
#109435005
0#
#109440005
1%
b1 &
1#
#109445005
0#
#109450005
0%
b101111000010 =
b10110110001111110 B
b10111001000100001 A
1#
#109455005
0#
#109460005
1%
b10 &
1#
#109465005
0#
#109470005
0%
b101111000011 =
b10110110010011101 B
b10111001000100011 A
1#
#109475005
0#
#109480005
1%
b11 &
1#
#109485005
0#
#109490005
0%
b101111000100 =
b10110110010111100 B
b10111001000100110 A
1#
#109495005
0#
#109500005
1%
b100 &
1#
#109505005
0#
#109510005
0%
b101111000101 =
b10110110011011011 B
b10111001000101010 A
1#
#109515005
0#
#109520005
1%
b101 &
1#
#109525005
0#
#109530005
0%
b101111000110 =
b10110110011111010 B
b10111001000101111 A
1#
#109535005
0#
#109540005
1%
b110 &
1#
#109545005
0#
#109550005
0%
b101111000111 =
b10110110100011001 B
b10111001000110101 A
1#
#109555005
0#
#109560005
1%
b111 &
1#
#109565005
0#
#109570005
0%
b101111001000 =
b10110110100111000 B
b10111001000111100 A
1#
#109575005
0#
#109580005
1%
b1000 &
1#
#109585005
0#
#109590005
0%
b101111001001 =
b10110110101010111 B
b10111001001000100 A
1#
#109595005
0#
#109600005
1%
b1001 &
1#
#109605005
0#
#109610005
0%
b101111001010 =
b10110110101110110 B
b10111001001001101 A
1#
#109615005
0#
#109620005
1%
b1010 &
1#
#109625005
0#
#109630005
0%
b101111001011 =
b10110110110010101 B
b10111001001010111 A
1#
#109635005
0#
#109640005
1%
b1011 &
1#
#109645005
0#
#109650005
0%
b101111001100 =
b10110110110110100 B
b10111001001100010 A
1#
#109655005
0#
#109660005
1%
b1100 &
1#
#109665005
0#
#109670005
0%
b101111001101 =
b10110110111010011 B
b10111001001101110 A
1#
#109675005
0#
#109680005
1%
b1101 &
1#
#109685005
0#
#109690005
0%
b101111001110 =
b10110110111110010 B
b10111001001111011 A
1#
#109695005
0#
#109700005
1%
b1110 &
1#
#109705005
0#
#109710005
0%
b101111001111 =
b10110111000010001 B
b10111001010001001 A
1#
#109715005
0#
#109720005
1%
b1111 &
1#
#109725005
0#
#109730005
0%
b101111010000 =
b10110111000110000 B
b10111001010011000 A
1#
#109735005
0#
#109740005
1%
b10000 &
1#
#109745005
0#
#109750005
0%
b101111010001 =
b10110111001001111 B
b10111001010101000 A
1#
#109755005
0#
#109760005
1%
b10001 &
1#
#109765005
0#
#109770005
0%
b101111010010 =
b10110111001101110 B
b10111001010111001 A
1#
#109775005
0#
#109780005
1%
b10010 &
1#
#109785005
0#
#109790005
0%
b101111010011 =
b10110111010001101 B
b10111001011001011 A
1#
#109795005
0#
#109800005
1%
b10011 &
1#
#109805005
0#
#109810005
0%
b101111010100 =
b10110111010101100 B
b10111001011011110 A
1#
#109815005
0#
#109820005
1%
b10100 &
1#
#109825005
0#
#109830005
0%
b101111010101 =
b10110111011001011 B
b10111001011110010 A
1#
#109835005
0#
#109840005
1%
b10101 &
1#
#109845005
0#
#109850005
0%
b101111010110 =
b10110111011101010 B
b10111001100000111 A
1#
#109855005
0#
#109860005
1%
b10110 &
1#
#109865005
0#
#109870005
0%
b101111010111 =
b10110111100001001 B
b10111001100011101 A
1#
#109875005
0#
#109880005
1%
b10111 &
1#
#109885005
0#
#109890005
0%
b101111011000 =
b10110111100101000 B
b10111001100110100 A
1#
#109895005
0#
#109900005
1%
b11000 &
1#
#109905005
0#
#109910005
0%
b101111011001 =
b10110111101000111 B
b10111001101001100 A
1#
#109915005
0#
#109920005
1%
b11001 &
1#
#109925005
0#
#109930005
0%
b101111011010 =
b10110111101100110 B
b10111001101100101 A
1#
#109935005
0#
#109940005
1%
b11010 &
1#
#109945005
0#
#109950005
0%
b101111011011 =
b10110111110000101 B
b10111001101111111 A
1#
#109955005
0#
#109960005
1%
b11011 &
1#
#109965005
0#
#109970005
0%
b101111011100 =
b10110111110100100 B
b10111001110011010 A
1#
#109975005
0#
#109980005
1%
b11100 &
1#
#109985005
0#
#109990005
0%
b101111011101 =
b10110111111000011 B
b10111001110110110 A
1#
#109995005
0#
#110000005
1%
b11101 &
1#
#110005005
0#
#110010005
0%
b101111011110 =
b10110111111100010 B
b10111001111010011 A
1#
#110015005
0#
#110020005
1%
b11110 &
1#
#110025005
0#
#110030005
0%
b101111011111 =
b10111000000000001 B
b10111001111110001 A
1#
#110035005
0#
#110040005
1%
b11111 &
1#
#110045005
0#
#110050005
0%
b101111100000 =
b10111000000100000 B
b10111010000010000 A
1#
#110055005
0#
#110060005
1%
b100000 &
1#
#110065005
0#
#110070005
0%
b101111100001 =
b10111000000111111 B
b10111010000110000 A
1#
#110075005
0#
#110080005
1%
b100001 &
1#
#110085005
0#
#110090005
0%
b101111100010 =
b10111000001011110 B
b10111010001010001 A
1#
#110095005
0#
#110100005
1%
b100010 &
1#
#110105005
0#
#110110005
0%
b101111100011 =
b10111000001111101 B
b10111010001110011 A
1#
#110115005
0#
#110120005
1%
b100011 &
1#
#110125005
0#
#110130005
0%
b101111100100 =
b10111000010011100 B
b10111010010010110 A
1#
#110135005
0#
#110140005
1%
b100100 &
1#
#110145005
0#
#110150005
0%
b101111100101 =
b10111000010111011 B
b10111010010111010 A
1#
#110155005
0#
#110160005
1%
b100101 &
1#
#110165005
0#
#110170005
0%
b101111100110 =
b10111000011011010 B
b10111010011011111 A
1#
#110175005
0#
#110180005
1%
b100110 &
1#
#110185005
0#
#110190005
0%
b101111100111 =
b10111000011111001 B
b10111010100000101 A
1#
#110195005
0#
#110200005
1%
b100111 &
1#
#110205005
0#
#110210005
0%
b101111101000 =
b10111000100011000 B
b10111010100101100 A
1#
#110215005
0#
#110220005
1%
b101000 &
1#
#110225005
0#
#110230005
0%
b101111101001 =
b10111000100110111 B
b10111010101010100 A
1#
#110235005
0#
#110240005
1%
b101001 &
1#
#110245005
0#
#110250005
0%
b101111101010 =
b10111000101010110 B
b10111010101111101 A
1#
#110255005
0#
#110260005
1%
b101010 &
1#
#110265005
0#
#110270005
0%
b101111101011 =
b10111000101110101 B
b10111010110100111 A
1#
#110275005
0#
#110280005
1%
b101011 &
1#
#110285005
0#
#110290005
0%
b101111101100 =
b10111000110010100 B
b10111010111010010 A
1#
#110295005
0#
#110300005
1%
b101100 &
1#
#110305005
0#
#110310005
0%
b101111101101 =
b10111000110110011 B
b10111010111111110 A
1#
#110315005
0#
#110320005
1%
b101101 &
1#
#110325005
0#
#110330005
0%
b101111101110 =
b10111000111010010 B
b10111011000101011 A
1#
#110335005
0#
#110340005
1%
b101110 &
1#
#110345005
0#
#110350005
0%
b101111101111 =
b10111000111110001 B
b10111011001011001 A
1#
#110355005
0#
#110360005
1%
b101111 &
1#
#110365005
0#
#110370005
0%
b101111110000 =
b10111001000010000 B
b10111011010001000 A
1#
#110375005
0#
#110380005
1%
b110000 &
1#
#110385005
0#
#110390005
0%
b101111110001 =
b10111001000101111 B
b10111011010111000 A
1#
#110395005
0#
#110400005
1%
b110001 &
1#
#110405005
0#
#110410005
0%
b101111110010 =
b10111001001001110 B
b10111011011101001 A
1#
#110415005
0#
#110420005
1%
b110010 &
1#
#110425005
0#
#110430005
0%
b101111110011 =
b10111001001101101 B
b10111011100011011 A
1#
#110435005
0#
#110440005
1%
b110011 &
1#
#110445005
0#
#110450005
0%
b101111110100 =
b10111001010001100 B
b10111011101001110 A
1#
#110455005
0#
#110460005
1%
b110100 &
1#
#110465005
0#
#110470005
0%
b101111110101 =
b10111001010101011 B
b10111011110000010 A
1#
#110475005
0#
#110480005
1%
b110101 &
1#
#110485005
0#
#110490005
0%
b101111110110 =
b10111001011001010 B
b10111011110110111 A
1#
#110495005
0#
#110500005
1%
b110110 &
1#
#110505005
0#
#110510005
0%
b101111110111 =
b10111001011101001 B
b10111011111101101 A
1#
#110515005
0#
#110520005
1%
b110111 &
1#
#110525005
0#
#110530005
0%
b101111111000 =
b10111001100001000 B
b10111100000100100 A
1#
#110535005
0#
#110540005
1%
b111000 &
1#
#110545005
0#
#110550005
0%
b101111111001 =
b10111001100100111 B
b10111100001011100 A
1#
#110555005
0#
#110560005
1%
b111001 &
1#
#110565005
0#
#110570005
0%
b101111111010 =
b10111001101000110 B
b10111100010010101 A
1#
#110575005
0#
#110580005
1%
b111010 &
1#
#110585005
0#
#110590005
0%
b101111111011 =
b10111001101100101 B
b10111100011001111 A
1#
#110595005
0#
#110600005
1%
b111011 &
1#
#110605005
0#
#110610005
0%
b101111111100 =
b10111001110000100 B
b10111100100001010 A
1#
#110615005
0#
#110620005
1%
b111100 &
1#
#110625005
0#
#110630005
0%
b101111111101 =
b10111001110100011 B
b10111100101000110 A
1#
#110635005
0#
#110640005
1%
b111101 &
1#
#110645005
0#
#110650005
0%
b101111111110 =
b10111001111000010 B
b10111100110000011 A
1#
#110655005
0#
#110660005
1%
b111110 &
1#
#110665005
0#
#110670005
0%
b101111111111 =
b10111001111100001 B
b10111100111000001 A
1#
#110675005
0#
#110680005
1%
b111111 &
1#
#110685005
0#
#110690005
0%
b110000000000 =
b10111010000000000 B
b10111101000000000 A
1#
#110695005
0#
#110700005
1%
b0 &
1#
#110705005
0#
#110710005
0%
b110000000001 =
b10111010000011111 B
1#
#110715005
0#
#110720005
1%
b1 &
1#
#110725005
0#
#110730005
0%
b110000000010 =
b10111010000111110 B
b10111101000000001 A
1#
#110735005
0#
#110740005
1%
b10 &
1#
#110745005
0#
#110750005
0%
b110000000011 =
b10111010001011101 B
b10111101000000011 A
1#
#110755005
0#
#110760005
1%
b11 &
1#
#110765005
0#
#110770005
0%
b110000000100 =
b10111010001111100 B
b10111101000000110 A
1#
#110775005
0#
#110780005
1%
b100 &
1#
#110785005
0#
#110790005
0%
b110000000101 =
b10111010010011011 B
b10111101000001010 A
1#
#110795005
0#
#110800005
1%
b101 &
1#
#110805005
0#
#110810005
0%
b110000000110 =
b10111010010111010 B
b10111101000001111 A
1#
#110815005
0#
#110820005
1%
b110 &
1#
#110825005
0#
#110830005
0%
b110000000111 =
b10111010011011001 B
b10111101000010101 A
1#
#110835005
0#
#110840005
1%
b111 &
1#
#110845005
0#
#110850005
0%
b110000001000 =
b10111010011111000 B
b10111101000011100 A
1#
#110855005
0#
#110860005
1%
b1000 &
1#
#110865005
0#
#110870005
0%
b110000001001 =
b10111010100010111 B
b10111101000100100 A
1#
#110875005
0#
#110880005
1%
b1001 &
1#
#110885005
0#
#110890005
0%
b110000001010 =
b10111010100110110 B
b10111101000101101 A
1#
#110895005
0#
#110900005
1%
b1010 &
1#
#110905005
0#
#110910005
0%
b110000001011 =
b10111010101010101 B
b10111101000110111 A
1#
#110915005
0#
#110920005
1%
b1011 &
1#
#110925005
0#
#110930005
0%
b110000001100 =
b10111010101110100 B
b10111101001000010 A
1#
#110935005
0#
#110940005
1%
b1100 &
1#
#110945005
0#
#110950005
0%
b110000001101 =
b10111010110010011 B
b10111101001001110 A
1#
#110955005
0#
#110960005
1%
b1101 &
1#
#110965005
0#
#110970005
0%
b110000001110 =
b10111010110110010 B
b10111101001011011 A
1#
#110975005
0#
#110980005
1%
b1110 &
1#
#110985005
0#
#110990005
0%
b110000001111 =
b10111010111010001 B
b10111101001101001 A
1#
#110995005
0#
#111000005
1%
b1111 &
1#
#111005005
0#
#111010005
0%
b110000010000 =
b10111010111110000 B
b10111101001111000 A
1#
#111015005
0#
#111020005
1%
b10000 &
1#
#111025005
0#
#111030005
0%
b110000010001 =
b10111011000001111 B
b10111101010001000 A
1#
#111035005
0#
#111040005
1%
b10001 &
1#
#111045005
0#
#111050005
0%
b110000010010 =
b10111011000101110 B
b10111101010011001 A
1#
#111055005
0#
#111060005
1%
b10010 &
1#
#111065005
0#
#111070005
0%
b110000010011 =
b10111011001001101 B
b10111101010101011 A
1#
#111075005
0#
#111080005
1%
b10011 &
1#
#111085005
0#
#111090005
0%
b110000010100 =
b10111011001101100 B
b10111101010111110 A
1#
#111095005
0#
#111100005
1%
b10100 &
1#
#111105005
0#
#111110005
0%
b110000010101 =
b10111011010001011 B
b10111101011010010 A
1#
#111115005
0#
#111120005
1%
b10101 &
1#
#111125005
0#
#111130005
0%
b110000010110 =
b10111011010101010 B
b10111101011100111 A
1#
#111135005
0#
#111140005
1%
b10110 &
1#
#111145005
0#
#111150005
0%
b110000010111 =
b10111011011001001 B
b10111101011111101 A
1#
#111155005
0#
#111160005
1%
b10111 &
1#
#111165005
0#
#111170005
0%
b110000011000 =
b10111011011101000 B
b10111101100010100 A
1#
#111175005
0#
#111180005
1%
b11000 &
1#
#111185005
0#
#111190005
0%
b110000011001 =
b10111011100000111 B
b10111101100101100 A
1#
#111195005
0#
#111200005
1%
b11001 &
1#
#111205005
0#
#111210005
0%
b110000011010 =
b10111011100100110 B
b10111101101000101 A
1#
#111215005
0#
#111220005
1%
b11010 &
1#
#111225005
0#
#111230005
0%
b110000011011 =
b10111011101000101 B
b10111101101011111 A
1#
#111235005
0#
#111240005
1%
b11011 &
1#
#111245005
0#
#111250005
0%
b110000011100 =
b10111011101100100 B
b10111101101111010 A
1#
#111255005
0#
#111260005
1%
b11100 &
1#
#111265005
0#
#111270005
0%
b110000011101 =
b10111011110000011 B
b10111101110010110 A
1#
#111275005
0#
#111280005
1%
b11101 &
1#
#111285005
0#
#111290005
0%
b110000011110 =
b10111011110100010 B
b10111101110110011 A
1#
#111295005
0#
#111300005
1%
b11110 &
1#
#111305005
0#
#111310005
0%
b110000011111 =
b10111011111000001 B
b10111101111010001 A
1#
#111315005
0#
#111320005
1%
b11111 &
1#
#111325005
0#
#111330005
0%
b110000100000 =
b10111011111100000 B
b10111101111110000 A
1#
#111335005
0#
#111340005
1%
b100000 &
1#
#111345005
0#
#111350005
0%
b110000100001 =
b10111011111111111 B
b10111110000010000 A
1#
#111355005
0#
#111360005
1%
b100001 &
1#
#111365005
0#
#111370005
0%
b110000100010 =
b10111100000011110 B
b10111110000110001 A
1#
#111375005
0#
#111380005
1%
b100010 &
1#
#111385005
0#
#111390005
0%
b110000100011 =
b10111100000111101 B
b10111110001010011 A
1#
#111395005
0#
#111400005
1%
b100011 &
1#
#111405005
0#
#111410005
0%
b110000100100 =
b10111100001011100 B
b10111110001110110 A
1#
#111415005
0#
#111420005
1%
b100100 &
1#
#111425005
0#
#111430005
0%
b110000100101 =
b10111100001111011 B
b10111110010011010 A
1#
#111435005
0#
#111440005
1%
b100101 &
1#
#111445005
0#
#111450005
0%
b110000100110 =
b10111100010011010 B
b10111110010111111 A
1#
#111455005
0#
#111460005
1%
b100110 &
1#
#111465005
0#
#111470005
0%
b110000100111 =
b10111100010111001 B
b10111110011100101 A
1#
#111475005
0#
#111480005
1%
b100111 &
1#
#111485005
0#
#111490005
0%
b110000101000 =
b10111100011011000 B
b10111110100001100 A
1#
#111495005
0#
#111500005
1%
b101000 &
1#
#111505005
0#
#111510005
0%
b110000101001 =
b10111100011110111 B
b10111110100110100 A
1#
#111515005
0#
#111520005
1%
b101001 &
1#
#111525005
0#
#111530005
0%
b110000101010 =
b10111100100010110 B
b10111110101011101 A
1#
#111535005
0#
#111540005
1%
b101010 &
1#
#111545005
0#
#111550005
0%
b110000101011 =
b10111100100110101 B
b10111110110000111 A
1#
#111555005
0#
#111560005
1%
b101011 &
1#
#111565005
0#
#111570005
0%
b110000101100 =
b10111100101010100 B
b10111110110110010 A
1#
#111575005
0#
#111580005
1%
b101100 &
1#
#111585005
0#
#111590005
0%
b110000101101 =
b10111100101110011 B
b10111110111011110 A
1#
#111595005
0#
#111600005
1%
b101101 &
1#
#111605005
0#
#111610005
0%
b110000101110 =
b10111100110010010 B
b10111111000001011 A
1#
#111615005
0#
#111620005
1%
b101110 &
1#
#111625005
0#
#111630005
0%
b110000101111 =
b10111100110110001 B
b10111111000111001 A
1#
#111635005
0#
#111640005
1%
b101111 &
1#
#111645005
0#
#111650005
0%
b110000110000 =
b10111100111010000 B
b10111111001101000 A
1#
#111655005
0#
#111660005
1%
b110000 &
1#
#111665005
0#
#111670005
0%
b110000110001 =
b10111100111101111 B
b10111111010011000 A
1#
#111675005
0#
#111680005
1%
b110001 &
1#
#111685005
0#
#111690005
0%
b110000110010 =
b10111101000001110 B
b10111111011001001 A
1#
#111695005
0#
#111700005
1%
b110010 &
1#
#111705005
0#
#111710005
0%
b110000110011 =
b10111101000101101 B
b10111111011111011 A
1#
#111715005
0#
#111720005
1%
b110011 &
1#
#111725005
0#
#111730005
0%
b110000110100 =
b10111101001001100 B
b10111111100101110 A
1#
#111735005
0#
#111740005
1%
b110100 &
1#
#111745005
0#
#111750005
0%
b110000110101 =
b10111101001101011 B
b10111111101100010 A
1#
#111755005
0#
#111760005
1%
b110101 &
1#
#111765005
0#
#111770005
0%
b110000110110 =
b10111101010001010 B
b10111111110010111 A
1#
#111775005
0#
#111780005
1%
b110110 &
1#
#111785005
0#
#111790005
0%
b110000110111 =
b10111101010101001 B
b10111111111001101 A
1#
#111795005
0#
#111800005
1%
b110111 &
1#
#111805005
0#
#111810005
0%
b110000111000 =
b10111101011001000 B
b11000000000000100 A
1#
#111815005
0#
#111820005
1%
b111000 &
1#
#111825005
0#
#111830005
0%
b110000111001 =
b10111101011100111 B
b11000000000111100 A
1#
#111835005
0#
#111840005
1%
b111001 &
1#
#111845005
0#
#111850005
0%
b110000111010 =
b10111101100000110 B
b11000000001110101 A
1#
#111855005
0#
#111860005
1%
b111010 &
1#
#111865005
0#
#111870005
0%
b110000111011 =
b10111101100100101 B
b11000000010101111 A
1#
#111875005
0#
#111880005
1%
b111011 &
1#
#111885005
0#
#111890005
0%
b110000111100 =
b10111101101000100 B
b11000000011101010 A
1#
#111895005
0#
#111900005
1%
b111100 &
1#
#111905005
0#
#111910005
0%
b110000111101 =
b10111101101100011 B
b11000000100100110 A
1#
#111915005
0#
#111920005
1%
b111101 &
1#
#111925005
0#
#111930005
0%
b110000111110 =
b10111101110000010 B
b11000000101100011 A
1#
#111935005
0#
#111940005
1%
b111110 &
1#
#111945005
0#
#111950005
0%
b110000111111 =
b10111101110100001 B
b11000000110100001 A
1#
#111955005
0#
#111960005
1%
b111111 &
1#
#111965005
0#
#111970005
0%
b110001000000 =
b10111101111000000 B
b11000000111100000 A
1#
#111975005
0#
#111980005
1%
b0 &
1#
#111985005
0#
#111990005
0%
b110001000001 =
b10111101111011111 B
1#
#111995005
0#
#112000005
1%
b1 &
1#
#112005005
0#
#112010005
0%
b110001000010 =
b10111101111111110 B
b11000000111100001 A
1#
#112015005
0#
#112020005
1%
b10 &
1#
#112025005
0#
#112030005
0%
b110001000011 =
b10111110000011101 B
b11000000111100011 A
1#
#112035005
0#
#112040005
1%
b11 &
1#
#112045005
0#
#112050005
0%
b110001000100 =
b10111110000111100 B
b11000000111100110 A
1#
#112055005
0#
#112060005
1%
b100 &
1#
#112065005
0#
#112070005
0%
b110001000101 =
b10111110001011011 B
b11000000111101010 A
1#
#112075005
0#
#112080005
1%
b101 &
1#
#112085005
0#
#112090005
0%
b110001000110 =
b10111110001111010 B
b11000000111101111 A
1#
#112095005
0#
#112100005
1%
b110 &
1#
#112105005
0#
#112110005
0%
b110001000111 =
b10111110010011001 B
b11000000111110101 A
1#
#112115005
0#
#112120005
1%
b111 &
1#
#112125005
0#
#112130005
0%
b110001001000 =
b10111110010111000 B
b11000000111111100 A
1#
#112135005
0#
#112140005
1%
b1000 &
1#
#112145005
0#
#112150005
0%
b110001001001 =
b10111110011010111 B
b11000001000000100 A
1#
#112155005
0#
#112160005
1%
b1001 &
1#
#112165005
0#
#112170005
0%
b110001001010 =
b10111110011110110 B
b11000001000001101 A
1#
#112175005
0#
#112180005
1%
b1010 &
1#
#112185005
0#
#112190005
0%
b110001001011 =
b10111110100010101 B
b11000001000010111 A
1#
#112195005
0#
#112200005
1%
b1011 &
1#
#112205005
0#
#112210005
0%
b110001001100 =
b10111110100110100 B
b11000001000100010 A
1#
#112215005
0#
#112220005
1%
b1100 &
1#
#112225005
0#
#112230005
0%
b110001001101 =
b10111110101010011 B
b11000001000101110 A
1#
#112235005
0#
#112240005
1%
b1101 &
1#
#112245005
0#
#112250005
0%
b110001001110 =
b10111110101110010 B
b11000001000111011 A
1#
#112255005
0#
#112260005
1%
b1110 &
1#
#112265005
0#
#112270005
0%
b110001001111 =
b10111110110010001 B
b11000001001001001 A
1#
#112275005
0#
#112280005
1%
b1111 &
1#
#112285005
0#
#112290005
0%
b110001010000 =
b10111110110110000 B
b11000001001011000 A
1#
#112295005
0#
#112300005
1%
b10000 &
1#
#112305005
0#
#112310005
0%
b110001010001 =
b10111110111001111 B
b11000001001101000 A
1#
#112315005
0#
#112320005
1%
b10001 &
1#
#112325005
0#
#112330005
0%
b110001010010 =
b10111110111101110 B
b11000001001111001 A
1#
#112335005
0#
#112340005
1%
b10010 &
1#
#112345005
0#
#112350005
0%
b110001010011 =
b10111111000001101 B
b11000001010001011 A
1#
#112355005
0#
#112360005
1%
b10011 &
1#
#112365005
0#
#112370005
0%
b110001010100 =
b10111111000101100 B
b11000001010011110 A
1#
#112375005
0#
#112380005
1%
b10100 &
1#
#112385005
0#
#112390005
0%
b110001010101 =
b10111111001001011 B
b11000001010110010 A
1#
#112395005
0#
#112400005
1%
b10101 &
1#
#112405005
0#
#112410005
0%
b110001010110 =
b10111111001101010 B
b11000001011000111 A
1#
#112415005
0#
#112420005
1%
b10110 &
1#
#112425005
0#
#112430005
0%
b110001010111 =
b10111111010001001 B
b11000001011011101 A
1#
#112435005
0#
#112440005
1%
b10111 &
1#
#112445005
0#
#112450005
0%
b110001011000 =
b10111111010101000 B
b11000001011110100 A
1#
#112455005
0#
#112460005
1%
b11000 &
1#
#112465005
0#
#112470005
0%
b110001011001 =
b10111111011000111 B
b11000001100001100 A
1#
#112475005
0#
#112480005
1%
b11001 &
1#
#112485005
0#
#112490005
0%
b110001011010 =
b10111111011100110 B
b11000001100100101 A
1#
#112495005
0#
#112500005
1%
b11010 &
1#
#112505005
0#
#112510005
0%
b110001011011 =
b10111111100000101 B
b11000001100111111 A
1#
#112515005
0#
#112520005
1%
b11011 &
1#
#112525005
0#
#112530005
0%
b110001011100 =
b10111111100100100 B
b11000001101011010 A
1#
#112535005
0#
#112540005
1%
b11100 &
1#
#112545005
0#
#112550005
0%
b110001011101 =
b10111111101000011 B
b11000001101110110 A
1#
#112555005
0#
#112560005
1%
b11101 &
1#
#112565005
0#
#112570005
0%
b110001011110 =
b10111111101100010 B
b11000001110010011 A
1#
#112575005
0#
#112580005
1%
b11110 &
1#
#112585005
0#
#112590005
0%
b110001011111 =
b10111111110000001 B
b11000001110110001 A
1#
#112595005
0#
#112600005
1%
b11111 &
1#
#112605005
0#
#112610005
0%
b110001100000 =
b10111111110100000 B
b11000001111010000 A
1#
#112615005
0#
#112620005
1%
b100000 &
1#
#112625005
0#
#112630005
0%
b110001100001 =
b10111111110111111 B
b11000001111110000 A
1#
#112635005
0#
#112640005
1%
b100001 &
1#
#112645005
0#
#112650005
0%
b110001100010 =
b10111111111011110 B
b11000010000010001 A
1#
#112655005
0#
#112660005
1%
b100010 &
1#
#112665005
0#
#112670005
0%
b110001100011 =
b10111111111111101 B
b11000010000110011 A
1#
#112675005
0#
#112680005
1%
b100011 &
1#
#112685005
0#
#112690005
0%
b110001100100 =
b11000000000011100 B
b11000010001010110 A
1#
#112695005
0#
#112700005
1%
b100100 &
1#
#112705005
0#
#112710005
0%
b110001100101 =
b11000000000111011 B
b11000010001111010 A
1#
#112715005
0#
#112720005
1%
b100101 &
1#
#112725005
0#
#112730005
0%
b110001100110 =
b11000000001011010 B
b11000010010011111 A
1#
#112735005
0#
#112740005
1%
b100110 &
1#
#112745005
0#
#112750005
0%
b110001100111 =
b11000000001111001 B
b11000010011000101 A
1#
#112755005
0#
#112760005
1%
b100111 &
1#
#112765005
0#
#112770005
0%
b110001101000 =
b11000000010011000 B
b11000010011101100 A
1#
#112775005
0#
#112780005
1%
b101000 &
1#
#112785005
0#
#112790005
0%
b110001101001 =
b11000000010110111 B
b11000010100010100 A
1#
#112795005
0#
#112800005
1%
b101001 &
1#
#112805005
0#
#112810005
0%
b110001101010 =
b11000000011010110 B
b11000010100111101 A
1#
#112815005
0#
#112820005
1%
b101010 &
1#
#112825005
0#
#112830005
0%
b110001101011 =
b11000000011110101 B
b11000010101100111 A
1#
#112835005
0#
#112840005
1%
b101011 &
1#
#112845005
0#
#112850005
0%
b110001101100 =
b11000000100010100 B
b11000010110010010 A
1#
#112855005
0#
#112860005
1%
b101100 &
1#
#112865005
0#
#112870005
0%
b110001101101 =
b11000000100110011 B
b11000010110111110 A
1#
#112875005
0#
#112880005
1%
b101101 &
1#
#112885005
0#
#112890005
0%
b110001101110 =
b11000000101010010 B
b11000010111101011 A
1#
#112895005
0#
#112900005
1%
b101110 &
1#
#112905005
0#
#112910005
0%
b110001101111 =
b11000000101110001 B
b11000011000011001 A
1#
#112915005
0#
#112920005
1%
b101111 &
1#
#112925005
0#
#112930005
0%
b110001110000 =
b11000000110010000 B
b11000011001001000 A
1#
#112935005
0#
#112940005
1%
b110000 &
1#
#112945005
0#
#112950005
0%
b110001110001 =
b11000000110101111 B
b11000011001111000 A
1#
#112955005
0#
#112960005
1%
b110001 &
1#
#112965005
0#
#112970005
0%
b110001110010 =
b11000000111001110 B
b11000011010101001 A
1#
#112975005
0#
#112980005
1%
b110010 &
1#
#112985005
0#
#112990005
0%
b110001110011 =
b11000000111101101 B
b11000011011011011 A
1#
#112995005
0#
#113000005
1%
b110011 &
1#
#113005005
0#
#113010005
0%
b110001110100 =
b11000001000001100 B
b11000011100001110 A
1#
#113015005
0#
#113020005
1%
b110100 &
1#
#113025005
0#
#113030005
0%
b110001110101 =
b11000001000101011 B
b11000011101000010 A
1#
#113035005
0#
#113040005
1%
b110101 &
1#
#113045005
0#
#113050005
0%
b110001110110 =
b11000001001001010 B
b11000011101110111 A
1#
#113055005
0#
#113060005
1%
b110110 &
1#
#113065005
0#
#113070005
0%
b110001110111 =
b11000001001101001 B
b11000011110101101 A
1#
#113075005
0#
#113080005
1%
b110111 &
1#
#113085005
0#
#113090005
0%
b110001111000 =
b11000001010001000 B
b11000011111100100 A
1#
#113095005
0#
#113100005
1%
b111000 &
1#
#113105005
0#
#113110005
0%
b110001111001 =
b11000001010100111 B
b11000100000011100 A
1#
#113115005
0#
#113120005
1%
b111001 &
1#
#113125005
0#
#113130005
0%
b110001111010 =
b11000001011000110 B
b11000100001010101 A
1#
#113135005
0#
#113140005
1%
b111010 &
1#
#113145005
0#
#113150005
0%
b110001111011 =
b11000001011100101 B
b11000100010001111 A
1#
#113155005
0#
#113160005
1%
b111011 &
1#
#113165005
0#
#113170005
0%
b110001111100 =
b11000001100000100 B
b11000100011001010 A
1#
#113175005
0#
#113180005
1%
b111100 &
1#
#113185005
0#
#113190005
0%
b110001111101 =
b11000001100100011 B
b11000100100000110 A
1#
#113195005
0#
#113200005
1%
b111101 &
1#
#113205005
0#
#113210005
0%
b110001111110 =
b11000001101000010 B
b11000100101000011 A
1#
#113215005
0#
#113220005
1%
b111110 &
1#
#113225005
0#
#113230005
0%
b110001111111 =
b11000001101100001 B
b11000100110000001 A
1#
#113235005
0#
#113240005
1%
b111111 &
1#
#113245005
0#
#113250005
0%
b110010000000 =
b11000001110000000 B
b11000100111000000 A
1#
#113255005
0#
#113260005
1%
b0 &
1#
#113265005
0#
#113270005
0%
b110010000001 =
b11000001110011111 B
1#
#113275005
0#
#113280005
1%
b1 &
1#
#113285005
0#
#113290005
0%
b110010000010 =
b11000001110111110 B
b11000100111000001 A
1#
#113295005
0#
#113300005
1%
b10 &
1#
#113305005
0#
#113310005
0%
b110010000011 =
b11000001111011101 B
b11000100111000011 A
1#
#113315005
0#
#113320005
1%
b11 &
1#
#113325005
0#
#113330005
0%
b110010000100 =
b11000001111111100 B
b11000100111000110 A
1#
#113335005
0#
#113340005
1%
b100 &
1#
#113345005
0#
#113350005
0%
b110010000101 =
b11000010000011011 B
b11000100111001010 A
1#
#113355005
0#
#113360005
1%
b101 &
1#
#113365005
0#
#113370005
0%
b110010000110 =
b11000010000111010 B
b11000100111001111 A
1#
#113375005
0#
#113380005
1%
b110 &
1#
#113385005
0#
#113390005
0%
b110010000111 =
b11000010001011001 B
b11000100111010101 A
1#
#113395005
0#
#113400005
1%
b111 &
1#
#113405005
0#
#113410005
0%
b110010001000 =
b11000010001111000 B
b11000100111011100 A
1#
#113415005
0#
#113420005
1%
b1000 &
1#
#113425005
0#
#113430005
0%
b110010001001 =
b11000010010010111 B
b11000100111100100 A
1#
#113435005
0#
#113440005
1%
b1001 &
1#
#113445005
0#
#113450005
0%
b110010001010 =
b11000010010110110 B
b11000100111101101 A
1#
#113455005
0#
#113460005
1%
b1010 &
1#
#113465005
0#
#113470005
0%
b110010001011 =
b11000010011010101 B
b11000100111110111 A
1#
#113475005
0#
#113480005
1%
b1011 &
1#
#113485005
0#
#113490005
0%
b110010001100 =
b11000010011110100 B
b11000101000000010 A
1#
#113495005
0#
#113500005
1%
b1100 &
1#
#113505005
0#
#113510005
0%
b110010001101 =
b11000010100010011 B
b11000101000001110 A
1#
#113515005
0#
#113520005
1%
b1101 &
1#
#113525005
0#
#113530005
0%
b110010001110 =
b11000010100110010 B
b11000101000011011 A
1#
#113535005
0#
#113540005
1%
b1110 &
1#
#113545005
0#
#113550005
0%
b110010001111 =
b11000010101010001 B
b11000101000101001 A
1#
#113555005
0#
#113560005
1%
b1111 &
1#
#113565005
0#
#113570005
0%
b110010010000 =
b11000010101110000 B
b11000101000111000 A
1#
#113575005
0#
#113580005
1%
b10000 &
1#
#113585005
0#
#113590005
0%
b110010010001 =
b11000010110001111 B
b11000101001001000 A
1#
#113595005
0#
#113600005
1%
b10001 &
1#
#113605005
0#
#113610005
0%
b110010010010 =
b11000010110101110 B
b11000101001011001 A
1#
#113615005
0#
#113620005
1%
b10010 &
1#
#113625005
0#
#113630005
0%
b110010010011 =
b11000010111001101 B
b11000101001101011 A
1#
#113635005
0#
#113640005
1%
b10011 &
1#
#113645005
0#
#113650005
0%
b110010010100 =
b11000010111101100 B
b11000101001111110 A
1#
#113655005
0#
#113660005
1%
b10100 &
1#
#113665005
0#
#113670005
0%
b110010010101 =
b11000011000001011 B
b11000101010010010 A
1#
#113675005
0#
#113680005
1%
b10101 &
1#
#113685005
0#
#113690005
0%
b110010010110 =
b11000011000101010 B
b11000101010100111 A
1#
#113695005
0#
#113700005
1%
b10110 &
1#
#113705005
0#
#113710005
0%
b110010010111 =
b11000011001001001 B
b11000101010111101 A
1#
#113715005
0#
#113720005
1%
b10111 &
1#
#113725005
0#
#113730005
0%
b110010011000 =
b11000011001101000 B
b11000101011010100 A
1#
#113735005
0#
#113740005
1%
b11000 &
1#
#113745005
0#
#113750005
0%
b110010011001 =
b11000011010000111 B
b11000101011101100 A
1#
#113755005
0#
#113760005
1%
b11001 &
1#
#113765005
0#
#113770005
0%
b110010011010 =
b11000011010100110 B
b11000101100000101 A
1#
#113775005
0#
#113780005
1%
b11010 &
1#
#113785005
0#
#113790005
0%
b110010011011 =
b11000011011000101 B
b11000101100011111 A
1#
#113795005
0#
#113800005
1%
b11011 &
1#
#113805005
0#
#113810005
0%
b110010011100 =
b11000011011100100 B
b11000101100111010 A
1#
#113815005
0#
#113820005
1%
b11100 &
1#
#113825005
0#
#113830005
0%
b110010011101 =
b11000011100000011 B
b11000101101010110 A
1#
#113835005
0#
#113840005
1%
b11101 &
1#
#113845005
0#
#113850005
0%
b110010011110 =
b11000011100100010 B
b11000101101110011 A
1#
#113855005
0#
#113860005
1%
b11110 &
1#
#113865005
0#
#113870005
0%
b110010011111 =
b11000011101000001 B
b11000101110010001 A
1#
#113875005
0#
#113880005
1%
b11111 &
1#
#113885005
0#
#113890005
0%
b110010100000 =
b11000011101100000 B
b11000101110110000 A
1#
#113895005
0#
#113900005
1%
b100000 &
1#
#113905005
0#
#113910005
0%
b110010100001 =
b11000011101111111 B
b11000101111010000 A
1#
#113915005
0#
#113920005
1%
b100001 &
1#
#113925005
0#
#113930005
0%
b110010100010 =
b11000011110011110 B
b11000101111110001 A
1#
#113935005
0#
#113940005
1%
b100010 &
1#
#113945005
0#
#113950005
0%
b110010100011 =
b11000011110111101 B
b11000110000010011 A
1#
#113955005
0#
#113960005
1%
b100011 &
1#
#113965005
0#
#113970005
0%
b110010100100 =
b11000011111011100 B
b11000110000110110 A
1#
#113975005
0#
#113980005
1%
b100100 &
1#
#113985005
0#
#113990005
0%
b110010100101 =
b11000011111111011 B
b11000110001011010 A
1#
#113995005
0#
#114000005
1%
b100101 &
1#
#114005005
0#
#114010005
0%
b110010100110 =
b11000100000011010 B
b11000110001111111 A
1#
#114015005
0#
#114020005
1%
b100110 &
1#
#114025005
0#
#114030005
0%
b110010100111 =
b11000100000111001 B
b11000110010100101 A
1#
#114035005
0#
#114040005
1%
b100111 &
1#
#114045005
0#
#114050005
0%
b110010101000 =
b11000100001011000 B
b11000110011001100 A
1#
#114055005
0#
#114060005
1%
b101000 &
1#
#114065005
0#
#114070005
0%
b110010101001 =
b11000100001110111 B
b11000110011110100 A
1#
#114075005
0#
#114080005
1%
b101001 &
1#
#114085005
0#
#114090005
0%
b110010101010 =
b11000100010010110 B
b11000110100011101 A
1#
#114095005
0#
#114100005
1%
b101010 &
1#
#114105005
0#
#114110005
0%
b110010101011 =
b11000100010110101 B
b11000110101000111 A
1#
#114115005
0#
#114120005
1%
b101011 &
1#
#114125005
0#
#114130005
0%
b110010101100 =
b11000100011010100 B
b11000110101110010 A
1#
#114135005
0#
#114140005
1%
b101100 &
1#
#114145005
0#
#114150005
0%
b110010101101 =
b11000100011110011 B
b11000110110011110 A
1#
#114155005
0#
#114160005
1%
b101101 &
1#
#114165005
0#
#114170005
0%
b110010101110 =
b11000100100010010 B
b11000110111001011 A
1#
#114175005
0#
#114180005
1%
b101110 &
1#
#114185005
0#
#114190005
0%
b110010101111 =
b11000100100110001 B
b11000110111111001 A
1#
#114195005
0#
#114200005
1%
b101111 &
1#
#114205005
0#
#114210005
0%
b110010110000 =
b11000100101010000 B
b11000111000101000 A
1#
#114215005
0#
#114220005
1%
b110000 &
1#
#114225005
0#
#114230005
0%
b110010110001 =
b11000100101101111 B
b11000111001011000 A
1#
#114235005
0#
#114240005
1%
b110001 &
1#
#114245005
0#
#114250005
0%
b110010110010 =
b11000100110001110 B
b11000111010001001 A
1#
#114255005
0#
#114260005
1%
b110010 &
1#
#114265005
0#
#114270005
0%
b110010110011 =
b11000100110101101 B
b11000111010111011 A
1#
#114275005
0#
#114280005
1%
b110011 &
1#
#114285005
0#
#114290005
0%
b110010110100 =
b11000100111001100 B
b11000111011101110 A
1#
#114295005
0#
#114300005
1%
b110100 &
1#
#114305005
0#
#114310005
0%
b110010110101 =
b11000100111101011 B
b11000111100100010 A
1#
#114315005
0#
#114320005
1%
b110101 &
1#
#114325005
0#
#114330005
0%
b110010110110 =
b11000101000001010 B
b11000111101010111 A
1#
#114335005
0#
#114340005
1%
b110110 &
1#
#114345005
0#
#114350005
0%
b110010110111 =
b11000101000101001 B
b11000111110001101 A
1#
#114355005
0#
#114360005
1%
b110111 &
1#
#114365005
0#
#114370005
0%
b110010111000 =
b11000101001001000 B
b11000111111000100 A
1#
#114375005
0#
#114380005
1%
b111000 &
1#
#114385005
0#
#114390005
0%
b110010111001 =
b11000101001100111 B
b11000111111111100 A
1#
#114395005
0#
#114400005
1%
b111001 &
1#
#114405005
0#
#114410005
0%
b110010111010 =
b11000101010000110 B
b11001000000110101 A
1#
#114415005
0#
#114420005
1%
b111010 &
1#
#114425005
0#
#114430005
0%
b110010111011 =
b11000101010100101 B
b11001000001101111 A
1#
#114435005
0#
#114440005
1%
b111011 &
1#
#114445005
0#
#114450005
0%
b110010111100 =
b11000101011000100 B
b11001000010101010 A
1#
#114455005
0#
#114460005
1%
b111100 &
1#
#114465005
0#
#114470005
0%
b110010111101 =
b11000101011100011 B
b11001000011100110 A
1#
#114475005
0#
#114480005
1%
b111101 &
1#
#114485005
0#
#114490005
0%
b110010111110 =
b11000101100000010 B
b11001000100100011 A
1#
#114495005
0#
#114500005
1%
b111110 &
1#
#114505005
0#
#114510005
0%
b110010111111 =
b11000101100100001 B
b11001000101100001 A
1#
#114515005
0#
#114520005
1%
b111111 &
1#
#114525005
0#
#114530005
0%
b110011000000 =
b11000101101000000 B
b11001000110100000 A
1#
#114535005
0#
#114540005
1%
b0 &
1#
#114545005
0#
#114550005
0%
b110011000001 =
b11000101101011111 B
1#
#114555005
0#
#114560005
1%
b1 &
1#
#114565005
0#
#114570005
0%
b110011000010 =
b11000101101111110 B
b11001000110100001 A
1#
#114575005
0#
#114580005
1%
b10 &
1#
#114585005
0#
#114590005
0%
b110011000011 =
b11000101110011101 B
b11001000110100011 A
1#
#114595005
0#
#114600005
1%
b11 &
1#
#114605005
0#
#114610005
0%
b110011000100 =
b11000101110111100 B
b11001000110100110 A
1#
#114615005
0#
#114620005
1%
b100 &
1#
#114625005
0#
#114630005
0%
b110011000101 =
b11000101111011011 B
b11001000110101010 A
1#
#114635005
0#
#114640005
1%
b101 &
1#
#114645005
0#
#114650005
0%
b110011000110 =
b11000101111111010 B
b11001000110101111 A
1#
#114655005
0#
#114660005
1%
b110 &
1#
#114665005
0#
#114670005
0%
b110011000111 =
b11000110000011001 B
b11001000110110101 A
1#
#114675005
0#
#114680005
1%
b111 &
1#
#114685005
0#
#114690005
0%
b110011001000 =
b11000110000111000 B
b11001000110111100 A
1#
#114695005
0#
#114700005
1%
b1000 &
1#
#114705005
0#
#114710005
0%
b110011001001 =
b11000110001010111 B
b11001000111000100 A
1#
#114715005
0#
#114720005
1%
b1001 &
1#
#114725005
0#
#114730005
0%
b110011001010 =
b11000110001110110 B
b11001000111001101 A
1#
#114735005
0#
#114740005
1%
b1010 &
1#
#114745005
0#
#114750005
0%
b110011001011 =
b11000110010010101 B
b11001000111010111 A
1#
#114755005
0#
#114760005
1%
b1011 &
1#
#114765005
0#
#114770005
0%
b110011001100 =
b11000110010110100 B
b11001000111100010 A
1#
#114775005
0#
#114780005
1%
b1100 &
1#
#114785005
0#
#114790005
0%
b110011001101 =
b11000110011010011 B
b11001000111101110 A
1#
#114795005
0#
#114800005
1%
b1101 &
1#
#114805005
0#
#114810005
0%
b110011001110 =
b11000110011110010 B
b11001000111111011 A
1#
#114815005
0#
#114820005
1%
b1110 &
1#
#114825005
0#
#114830005
0%
b110011001111 =
b11000110100010001 B
b11001001000001001 A
1#
#114835005
0#
#114840005
1%
b1111 &
1#
#114845005
0#
#114850005
0%
b110011010000 =
b11000110100110000 B
b11001001000011000 A
1#
#114855005
0#
#114860005
1%
b10000 &
1#
#114865005
0#
#114870005
0%
b110011010001 =
b11000110101001111 B
b11001001000101000 A
1#
#114875005
0#
#114880005
1%
b10001 &
1#
#114885005
0#
#114890005
0%
b110011010010 =
b11000110101101110 B
b11001001000111001 A
1#
#114895005
0#
#114900005
1%
b10010 &
1#
#114905005
0#
#114910005
0%
b110011010011 =
b11000110110001101 B
b11001001001001011 A
1#
#114915005
0#
#114920005
1%
b10011 &
1#
#114925005
0#
#114930005
0%
b110011010100 =
b11000110110101100 B
b11001001001011110 A
1#
#114935005
0#
#114940005
1%
b10100 &
1#
#114945005
0#
#114950005
0%
b110011010101 =
b11000110111001011 B
b11001001001110010 A
1#
#114955005
0#
#114960005
1%
b10101 &
1#
#114965005
0#
#114970005
0%
b110011010110 =
b11000110111101010 B
b11001001010000111 A
1#
#114975005
0#
#114980005
1%
b10110 &
1#
#114985005
0#
#114990005
0%
b110011010111 =
b11000111000001001 B
b11001001010011101 A
1#
#114995005
0#
#115000005
1%
b10111 &
1#
#115005005
0#
#115010005
0%
b110011011000 =
b11000111000101000 B
b11001001010110100 A
1#
#115015005
0#
#115020005
1%
b11000 &
1#
#115025005
0#
#115030005
0%
b110011011001 =
b11000111001000111 B
b11001001011001100 A
1#
#115035005
0#
#115040005
1%
b11001 &
1#
#115045005
0#
#115050005
0%
b110011011010 =
b11000111001100110 B
b11001001011100101 A
1#
#115055005
0#
#115060005
1%
b11010 &
1#
#115065005
0#
#115070005
0%
b110011011011 =
b11000111010000101 B
b11001001011111111 A
1#
#115075005
0#
#115080005
1%
b11011 &
1#
#115085005
0#
#115090005
0%
b110011011100 =
b11000111010100100 B
b11001001100011010 A
1#
#115095005
0#
#115100005
1%
b11100 &
1#
#115105005
0#
#115110005
0%
b110011011101 =
b11000111011000011 B
b11001001100110110 A
1#
#115115005
0#
#115120005
1%
b11101 &
1#
#115125005
0#
#115130005
0%
b110011011110 =
b11000111011100010 B
b11001001101010011 A
1#
#115135005
0#
#115140005
1%
b11110 &
1#
#115145005
0#
#115150005
0%
b110011011111 =
b11000111100000001 B
b11001001101110001 A
1#
#115155005
0#
#115160005
1%
b11111 &
1#
#115165005
0#
#115170005
0%
b110011100000 =
b11000111100100000 B
b11001001110010000 A
1#
#115175005
0#
#115180005
1%
b100000 &
1#
#115185005
0#
#115190005
0%
b110011100001 =
b11000111100111111 B
b11001001110110000 A
1#
#115195005
0#
#115200005
1%
b100001 &
1#
#115205005
0#
#115210005
0%
b110011100010 =
b11000111101011110 B
b11001001111010001 A
1#
#115215005
0#
#115220005
1%
b100010 &
1#
#115225005
0#
#115230005
0%
b110011100011 =
b11000111101111101 B
b11001001111110011 A
1#
#115235005
0#
#115240005
1%
b100011 &
1#
#115245005
0#
#115250005
0%
b110011100100 =
b11000111110011100 B
b11001010000010110 A
1#
#115255005
0#
#115260005
1%
b100100 &
1#
#115265005
0#
#115270005
0%
b110011100101 =
b11000111110111011 B
b11001010000111010 A
1#
#115275005
0#
#115280005
1%
b100101 &
1#
#115285005
0#
#115290005
0%
b110011100110 =
b11000111111011010 B
b11001010001011111 A
1#
#115295005
0#
#115300005
1%
b100110 &
1#
#115305005
0#
#115310005
0%
b110011100111 =
b11000111111111001 B
b11001010010000101 A
1#
#115315005
0#
#115320005
1%
b100111 &
1#
#115325005
0#
#115330005
0%
b110011101000 =
b11001000000011000 B
b11001010010101100 A
1#
#115335005
0#
#115340005
1%
b101000 &
1#
#115345005
0#
#115350005
0%
b110011101001 =
b11001000000110111 B
b11001010011010100 A
1#
#115355005
0#
#115360005
1%
b101001 &
1#
#115365005
0#
#115370005
0%
b110011101010 =
b11001000001010110 B
b11001010011111101 A
1#
#115375005
0#
#115380005
1%
b101010 &
1#
#115385005
0#
#115390005
0%
b110011101011 =
b11001000001110101 B
b11001010100100111 A
1#
#115395005
0#
#115400005
1%
b101011 &
1#
#115405005
0#
#115410005
0%
b110011101100 =
b11001000010010100 B
b11001010101010010 A
1#
#115415005
0#
#115420005
1%
b101100 &
1#
#115425005
0#
#115430005
0%
b110011101101 =
b11001000010110011 B
b11001010101111110 A
1#
#115435005
0#
#115440005
1%
b101101 &
1#
#115445005
0#
#115450005
0%
b110011101110 =
b11001000011010010 B
b11001010110101011 A
1#
#115455005
0#
#115460005
1%
b101110 &
1#
#115465005
0#
#115470005
0%
b110011101111 =
b11001000011110001 B
b11001010111011001 A
1#
#115475005
0#
#115480005
1%
b101111 &
1#
#115485005
0#
#115490005
0%
b110011110000 =
b11001000100010000 B
b11001011000001000 A
1#
#115495005
0#
#115500005
1%
b110000 &
1#
#115505005
0#
#115510005
0%
b110011110001 =
b11001000100101111 B
b11001011000111000 A
1#
#115515005
0#
#115520005
1%
b110001 &
1#
#115525005
0#
#115530005
0%
b110011110010 =
b11001000101001110 B
b11001011001101001 A
1#
#115535005
0#
#115540005
1%
b110010 &
1#
#115545005
0#
#115550005
0%
b110011110011 =
b11001000101101101 B
b11001011010011011 A
1#
#115555005
0#
#115560005
1%
b110011 &
1#
#115565005
0#
#115570005
0%
b110011110100 =
b11001000110001100 B
b11001011011001110 A
1#
#115575005
0#
#115580005
1%
b110100 &
1#
#115585005
0#
#115590005
0%
b110011110101 =
b11001000110101011 B
b11001011100000010 A
1#
#115595005
0#
#115600005
1%
b110101 &
1#
#115605005
0#
#115610005
0%
b110011110110 =
b11001000111001010 B
b11001011100110111 A
1#
#115615005
0#
#115620005
1%
b110110 &
1#
#115625005
0#
#115630005
0%
b110011110111 =
b11001000111101001 B
b11001011101101101 A
1#
#115635005
0#
#115640005
1%
b110111 &
1#
#115645005
0#
#115650005
0%
b110011111000 =
b11001001000001000 B
b11001011110100100 A
1#
#115655005
0#
#115660005
1%
b111000 &
1#
#115665005
0#
#115670005
0%
b110011111001 =
b11001001000100111 B
b11001011111011100 A
1#
#115675005
0#
#115680005
1%
b111001 &
1#
#115685005
0#
#115690005
0%
b110011111010 =
b11001001001000110 B
b11001100000010101 A
1#
#115695005
0#
#115700005
1%
b111010 &
1#
#115705005
0#
#115710005
0%
b110011111011 =
b11001001001100101 B
b11001100001001111 A
1#
#115715005
0#
#115720005
1%
b111011 &
1#
#115725005
0#
#115730005
0%
b110011111100 =
b11001001010000100 B
b11001100010001010 A
1#
#115735005
0#
#115740005
1%
b111100 &
1#
#115745005
0#
#115750005
0%
b110011111101 =
b11001001010100011 B
b11001100011000110 A
1#
#115755005
0#
#115760005
1%
b111101 &
1#
#115765005
0#
#115770005
0%
b110011111110 =
b11001001011000010 B
b11001100100000011 A
1#
#115775005
0#
#115780005
1%
b111110 &
1#
#115785005
0#
#115790005
0%
b110011111111 =
b11001001011100001 B
b11001100101000001 A
1#
#115795005
0#
#115800005
1%
b111111 &
1#
#115805005
0#
#115810005
0%
b110100000000 =
b11001001100000000 B
b11001100110000000 A
1#
#115815005
0#
#115820005
1%
b0 &
1#
#115825005
0#
#115830005
0%
b110100000001 =
b11001001100011111 B
1#
#115835005
0#
#115840005
1%
b1 &
1#
#115845005
0#
#115850005
0%
b110100000010 =
b11001001100111110 B
b11001100110000001 A
1#
#115855005
0#
#115860005
1%
b10 &
1#
#115865005
0#
#115870005
0%
b110100000011 =
b11001001101011101 B
b11001100110000011 A
1#
#115875005
0#
#115880005
1%
b11 &
1#
#115885005
0#
#115890005
0%
b110100000100 =
b11001001101111100 B
b11001100110000110 A
1#
#115895005
0#
#115900005
1%
b100 &
1#
#115905005
0#
#115910005
0%
b110100000101 =
b11001001110011011 B
b11001100110001010 A
1#
#115915005
0#
#115920005
1%
b101 &
1#
#115925005
0#
#115930005
0%
b110100000110 =
b11001001110111010 B
b11001100110001111 A
1#
#115935005
0#
#115940005
1%
b110 &
1#
#115945005
0#
#115950005
0%
b110100000111 =
b11001001111011001 B
b11001100110010101 A
1#
#115955005
0#
#115960005
1%
b111 &
1#
#115965005
0#
#115970005
0%
b110100001000 =
b11001001111111000 B
b11001100110011100 A
1#
#115975005
0#
#115980005
1%
b1000 &
1#
#115985005
0#
#115990005
0%
b110100001001 =
b11001010000010111 B
b11001100110100100 A
1#
#115995005
0#
#116000005
1%
b1001 &
1#
#116005005
0#
#116010005
0%
b110100001010 =
b11001010000110110 B
b11001100110101101 A
1#
#116015005
0#
#116020005
1%
b1010 &
1#
#116025005
0#
#116030005
0%
b110100001011 =
b11001010001010101 B
b11001100110110111 A
1#
#116035005
0#
#116040005
1%
b1011 &
1#
#116045005
0#
#116050005
0%
b110100001100 =
b11001010001110100 B
b11001100111000010 A
1#
#116055005
0#
#116060005
1%
b1100 &
1#
#116065005
0#
#116070005
0%
b110100001101 =
b11001010010010011 B
b11001100111001110 A
1#
#116075005
0#
#116080005
1%
b1101 &
1#
#116085005
0#
#116090005
0%
b110100001110 =
b11001010010110010 B
b11001100111011011 A
1#
#116095005
0#
#116100005
1%
b1110 &
1#
#116105005
0#
#116110005
0%
b110100001111 =
b11001010011010001 B
b11001100111101001 A
1#
#116115005
0#
#116120005
1%
b1111 &
1#
#116125005
0#
#116130005
0%
b110100010000 =
b11001010011110000 B
b11001100111111000 A
1#
#116135005
0#
#116140005
1%
b10000 &
1#
#116145005
0#
#116150005
0%
b110100010001 =
b11001010100001111 B
b11001101000001000 A
1#
#116155005
0#
#116160005
1%
b10001 &
1#
#116165005
0#
#116170005
0%
b110100010010 =
b11001010100101110 B
b11001101000011001 A
1#
#116175005
0#
#116180005
1%
b10010 &
1#
#116185005
0#
#116190005
0%
b110100010011 =
b11001010101001101 B
b11001101000101011 A
1#
#116195005
0#
#116200005
1%
b10011 &
1#
#116205005
0#
#116210005
0%
b110100010100 =
b11001010101101100 B
b11001101000111110 A
1#
#116215005
0#
#116220005
1%
b10100 &
1#
#116225005
0#
#116230005
0%
b110100010101 =
b11001010110001011 B
b11001101001010010 A
1#
#116235005
0#
#116240005
1%
b10101 &
1#
#116245005
0#
#116250005
0%
b110100010110 =
b11001010110101010 B
b11001101001100111 A
1#
#116255005
0#
#116260005
1%
b10110 &
1#
#116265005
0#
#116270005
0%
b110100010111 =
b11001010111001001 B
b11001101001111101 A
1#
#116275005
0#
#116280005
1%
b10111 &
1#
#116285005
0#
#116290005
0%
b110100011000 =
b11001010111101000 B
b11001101010010100 A
1#
#116295005
0#
#116300005
1%
b11000 &
1#
#116305005
0#
#116310005
0%
b110100011001 =
b11001011000000111 B
b11001101010101100 A
1#
#116315005
0#
#116320005
1%
b11001 &
1#
#116325005
0#
#116330005
0%
b110100011010 =
b11001011000100110 B
b11001101011000101 A
1#
#116335005
0#
#116340005
1%
b11010 &
1#
#116345005
0#
#116350005
0%
b110100011011 =
b11001011001000101 B
b11001101011011111 A
1#
#116355005
0#
#116360005
1%
b11011 &
1#
#116365005
0#
#116370005
0%
b110100011100 =
b11001011001100100 B
b11001101011111010 A
1#
#116375005
0#
#116380005
1%
b11100 &
1#
#116385005
0#
#116390005
0%
b110100011101 =
b11001011010000011 B
b11001101100010110 A
1#
#116395005
0#
#116400005
1%
b11101 &
1#
#116405005
0#
#116410005
0%
b110100011110 =
b11001011010100010 B
b11001101100110011 A
1#
#116415005
0#
#116420005
1%
b11110 &
1#
#116425005
0#
#116430005
0%
b110100011111 =
b11001011011000001 B
b11001101101010001 A
1#
#116435005
0#
#116440005
1%
b11111 &
1#
#116445005
0#
#116450005
0%
b110100100000 =
b11001011011100000 B
b11001101101110000 A
1#
#116455005
0#
#116460005
1%
b100000 &
1#
#116465005
0#
#116470005
0%
b110100100001 =
b11001011011111111 B
b11001101110010000 A
1#
#116475005
0#
#116480005
1%
b100001 &
1#
#116485005
0#
#116490005
0%
b110100100010 =
b11001011100011110 B
b11001101110110001 A
1#
#116495005
0#
#116500005
1%
b100010 &
1#
#116505005
0#
#116510005
0%
b110100100011 =
b11001011100111101 B
b11001101111010011 A
1#
#116515005
0#
#116520005
1%
b100011 &
1#
#116525005
0#
#116530005
0%
b110100100100 =
b11001011101011100 B
b11001101111110110 A
1#
#116535005
0#
#116540005
1%
b100100 &
1#
#116545005
0#
#116550005
0%
b110100100101 =
b11001011101111011 B
b11001110000011010 A
1#
#116555005
0#
#116560005
1%
b100101 &
1#
#116565005
0#
#116570005
0%
b110100100110 =
b11001011110011010 B
b11001110000111111 A
1#
#116575005
0#
#116580005
1%
b100110 &
1#
#116585005
0#
#116590005
0%
b110100100111 =
b11001011110111001 B
b11001110001100101 A
1#
#116595005
0#
#116600005
1%
b100111 &
1#
#116605005
0#
#116610005
0%
b110100101000 =
b11001011111011000 B
b11001110010001100 A
1#
#116615005
0#
#116620005
1%
b101000 &
1#
#116625005
0#
#116630005
0%
b110100101001 =
b11001011111110111 B
b11001110010110100 A
1#
#116635005
0#
#116640005
1%
b101001 &
1#
#116645005
0#
#116650005
0%
b110100101010 =
b11001100000010110 B
b11001110011011101 A
1#
#116655005
0#
#116660005
1%
b101010 &
1#
#116665005
0#
#116670005
0%
b110100101011 =
b11001100000110101 B
b11001110100000111 A
1#
#116675005
0#
#116680005
1%
b101011 &
1#
#116685005
0#
#116690005
0%
b110100101100 =
b11001100001010100 B
b11001110100110010 A
1#
#116695005
0#
#116700005
1%
b101100 &
1#
#116705005
0#
#116710005
0%
b110100101101 =
b11001100001110011 B
b11001110101011110 A
1#
#116715005
0#
#116720005
1%
b101101 &
1#
#116725005
0#
#116730005
0%
b110100101110 =
b11001100010010010 B
b11001110110001011 A
1#
#116735005
0#
#116740005
1%
b101110 &
1#
#116745005
0#
#116750005
0%
b110100101111 =
b11001100010110001 B
b11001110110111001 A
1#
#116755005
0#
#116760005
1%
b101111 &
1#
#116765005
0#
#116770005
0%
b110100110000 =
b11001100011010000 B
b11001110111101000 A
1#
#116775005
0#
#116780005
1%
b110000 &
1#
#116785005
0#
#116790005
0%
b110100110001 =
b11001100011101111 B
b11001111000011000 A
1#
#116795005
0#
#116800005
1%
b110001 &
1#
#116805005
0#
#116810005
0%
b110100110010 =
b11001100100001110 B
b11001111001001001 A
1#
#116815005
0#
#116820005
1%
b110010 &
1#
#116825005
0#
#116830005
0%
b110100110011 =
b11001100100101101 B
b11001111001111011 A
1#
#116835005
0#
#116840005
1%
b110011 &
1#
#116845005
0#
#116850005
0%
b110100110100 =
b11001100101001100 B
b11001111010101110 A
1#
#116855005
0#
#116860005
1%
b110100 &
1#
#116865005
0#
#116870005
0%
b110100110101 =
b11001100101101011 B
b11001111011100010 A
1#
#116875005
0#
#116880005
1%
b110101 &
1#
#116885005
0#
#116890005
0%
b110100110110 =
b11001100110001010 B
b11001111100010111 A
1#
#116895005
0#
#116900005
1%
b110110 &
1#
#116905005
0#
#116910005
0%
b110100110111 =
b11001100110101001 B
b11001111101001101 A
1#
#116915005
0#
#116920005
1%
b110111 &
1#
#116925005
0#
#116930005
0%
b110100111000 =
b11001100111001000 B
b11001111110000100 A
1#
#116935005
0#
#116940005
1%
b111000 &
1#
#116945005
0#
#116950005
0%
b110100111001 =
b11001100111100111 B
b11001111110111100 A
1#
#116955005
0#
#116960005
1%
b111001 &
1#
#116965005
0#
#116970005
0%
b110100111010 =
b11001101000000110 B
b11001111111110101 A
1#
#116975005
0#
#116980005
1%
b111010 &
1#
#116985005
0#
#116990005
0%
b110100111011 =
b11001101000100101 B
b11010000000101111 A
1#
#116995005
0#
#117000005
1%
b111011 &
1#
#117005005
0#
#117010005
0%
b110100111100 =
b11001101001000100 B
b11010000001101010 A
1#
#117015005
0#
#117020005
1%
b111100 &
1#
#117025005
0#
#117030005
0%
b110100111101 =
b11001101001100011 B
b11010000010100110 A
1#
#117035005
0#
#117040005
1%
b111101 &
1#
#117045005
0#
#117050005
0%
b110100111110 =
b11001101010000010 B
b11010000011100011 A
1#
#117055005
0#
#117060005
1%
b111110 &
1#
#117065005
0#
#117070005
0%
b110100111111 =
b11001101010100001 B
b11010000100100001 A
1#
#117075005
0#
#117080005
1%
b111111 &
1#
#117085005
0#
#117090005
0%
b110101000000 =
b11001101011000000 B
b11010000101100000 A
1#
#117095005
0#
#117100005
1%
b0 &
1#
#117105005
0#
#117110005
0%
b110101000001 =
b11001101011011111 B
1#
#117115005
0#
#117120005
1%
b1 &
1#
#117125005
0#
#117130005
0%
b110101000010 =
b11001101011111110 B
b11010000101100001 A
1#
#117135005
0#
#117140005
1%
b10 &
1#
#117145005
0#
#117150005
0%
b110101000011 =
b11001101100011101 B
b11010000101100011 A
1#
#117155005
0#
#117160005
1%
b11 &
1#
#117165005
0#
#117170005
0%
b110101000100 =
b11001101100111100 B
b11010000101100110 A
1#
#117175005
0#
#117180005
1%
b100 &
1#
#117185005
0#
#117190005
0%
b110101000101 =
b11001101101011011 B
b11010000101101010 A
1#
#117195005
0#
#117200005
1%
b101 &
1#
#117205005
0#
#117210005
0%
b110101000110 =
b11001101101111010 B
b11010000101101111 A
1#
#117215005
0#
#117220005
1%
b110 &
1#
#117225005
0#
#117230005
0%
b110101000111 =
b11001101110011001 B
b11010000101110101 A
1#
#117235005
0#
#117240005
1%
b111 &
1#
#117245005
0#
#117250005
0%
b110101001000 =
b11001101110111000 B
b11010000101111100 A
1#
#117255005
0#
#117260005
1%
b1000 &
1#
#117265005
0#
#117270005
0%
b110101001001 =
b11001101111010111 B
b11010000110000100 A
1#
#117275005
0#
#117280005
1%
b1001 &
1#
#117285005
0#
#117290005
0%
b110101001010 =
b11001101111110110 B
b11010000110001101 A
1#
#117295005
0#
#117300005
1%
b1010 &
1#
#117305005
0#
#117310005
0%
b110101001011 =
b11001110000010101 B
b11010000110010111 A
1#
#117315005
0#
#117320005
1%
b1011 &
1#
#117325005
0#
#117330005
0%
b110101001100 =
b11001110000110100 B
b11010000110100010 A
1#
#117335005
0#
#117340005
1%
b1100 &
1#
#117345005
0#
#117350005
0%
b110101001101 =
b11001110001010011 B
b11010000110101110 A
1#
#117355005
0#
#117360005
1%
b1101 &
1#
#117365005
0#
#117370005
0%
b110101001110 =
b11001110001110010 B
b11010000110111011 A
1#
#117375005
0#
#117380005
1%
b1110 &
1#
#117385005
0#
#117390005
0%
b110101001111 =
b11001110010010001 B
b11010000111001001 A
1#
#117395005
0#
#117400005
1%
b1111 &
1#
#117405005
0#
#117410005
0%
b110101010000 =
b11001110010110000 B
b11010000111011000 A
1#
#117415005
0#
#117420005
1%
b10000 &
1#
#117425005
0#
#117430005
0%
b110101010001 =
b11001110011001111 B
b11010000111101000 A
1#
#117435005
0#
#117440005
1%
b10001 &
1#
#117445005
0#
#117450005
0%
b110101010010 =
b11001110011101110 B
b11010000111111001 A
1#
#117455005
0#
#117460005
1%
b10010 &
1#
#117465005
0#
#117470005
0%
b110101010011 =
b11001110100001101 B
b11010001000001011 A
1#
#117475005
0#
#117480005
1%
b10011 &
1#
#117485005
0#
#117490005
0%
b110101010100 =
b11001110100101100 B
b11010001000011110 A
1#
#117495005
0#
#117500005
1%
b10100 &
1#
#117505005
0#
#117510005
0%
b110101010101 =
b11001110101001011 B
b11010001000110010 A
1#
#117515005
0#
#117520005
1%
b10101 &
1#
#117525005
0#
#117530005
0%
b110101010110 =
b11001110101101010 B
b11010001001000111 A
1#
#117535005
0#
#117540005
1%
b10110 &
1#
#117545005
0#
#117550005
0%
b110101010111 =
b11001110110001001 B
b11010001001011101 A
1#
#117555005
0#
#117560005
1%
b10111 &
1#
#117565005
0#
#117570005
0%
b110101011000 =
b11001110110101000 B
b11010001001110100 A
1#
#117575005
0#
#117580005
1%
b11000 &
1#
#117585005
0#
#117590005
0%
b110101011001 =
b11001110111000111 B
b11010001010001100 A
1#
#117595005
0#
#117600005
1%
b11001 &
1#
#117605005
0#
#117610005
0%
b110101011010 =
b11001110111100110 B
b11010001010100101 A
1#
#117615005
0#
#117620005
1%
b11010 &
1#
#117625005
0#
#117630005
0%
b110101011011 =
b11001111000000101 B
b11010001010111111 A
1#
#117635005
0#
#117640005
1%
b11011 &
1#
#117645005
0#
#117650005
0%
b110101011100 =
b11001111000100100 B
b11010001011011010 A
1#
#117655005
0#
#117660005
1%
b11100 &
1#
#117665005
0#
#117670005
0%
b110101011101 =
b11001111001000011 B
b11010001011110110 A
1#
#117675005
0#
#117680005
1%
b11101 &
1#
#117685005
0#
#117690005
0%
b110101011110 =
b11001111001100010 B
b11010001100010011 A
1#
#117695005
0#
#117700005
1%
b11110 &
1#
#117705005
0#
#117710005
0%
b110101011111 =
b11001111010000001 B
b11010001100110001 A
1#
#117715005
0#
#117720005
1%
b11111 &
1#
#117725005
0#
#117730005
0%
b110101100000 =
b11001111010100000 B
b11010001101010000 A
1#
#117735005
0#
#117740005
1%
b100000 &
1#
#117745005
0#
#117750005
0%
b110101100001 =
b11001111010111111 B
b11010001101110000 A
1#
#117755005
0#
#117760005
1%
b100001 &
1#
#117765005
0#
#117770005
0%
b110101100010 =
b11001111011011110 B
b11010001110010001 A
1#
#117775005
0#
#117780005
1%
b100010 &
1#
#117785005
0#
#117790005
0%
b110101100011 =
b11001111011111101 B
b11010001110110011 A
1#
#117795005
0#
#117800005
1%
b100011 &
1#
#117805005
0#
#117810005
0%
b110101100100 =
b11001111100011100 B
b11010001111010110 A
1#
#117815005
0#
#117820005
1%
b100100 &
1#
#117825005
0#
#117830005
0%
b110101100101 =
b11001111100111011 B
b11010001111111010 A
1#
#117835005
0#
#117840005
1%
b100101 &
1#
#117845005
0#
#117850005
0%
b110101100110 =
b11001111101011010 B
b11010010000011111 A
1#
#117855005
0#
#117860005
1%
b100110 &
1#
#117865005
0#
#117870005
0%
b110101100111 =
b11001111101111001 B
b11010010001000101 A
1#
#117875005
0#
#117880005
1%
b100111 &
1#
#117885005
0#
#117890005
0%
b110101101000 =
b11001111110011000 B
b11010010001101100 A
1#
#117895005
0#
#117900005
1%
b101000 &
1#
#117905005
0#
#117910005
0%
b110101101001 =
b11001111110110111 B
b11010010010010100 A
1#
#117915005
0#
#117920005
1%
b101001 &
1#
#117925005
0#
#117930005
0%
b110101101010 =
b11001111111010110 B
b11010010010111101 A
1#
#117935005
0#
#117940005
1%
b101010 &
1#
#117945005
0#
#117950005
0%
b110101101011 =
b11001111111110101 B
b11010010011100111 A
1#
#117955005
0#
#117960005
1%
b101011 &
1#
#117965005
0#
#117970005
0%
b110101101100 =
b11010000000010100 B
b11010010100010010 A
1#
#117975005
0#
#117980005
1%
b101100 &
1#
#117985005
0#
#117990005
0%
b110101101101 =
b11010000000110011 B
b11010010100111110 A
1#
#117995005
0#
#118000005
1%
b101101 &
1#
#118005005
0#
#118010005
0%
b110101101110 =
b11010000001010010 B
b11010010101101011 A
1#
#118015005
0#
#118020005
1%
b101110 &
1#
#118025005
0#
#118030005
0%
b110101101111 =
b11010000001110001 B
b11010010110011001 A
1#
#118035005
0#
#118040005
1%
b101111 &
1#
#118045005
0#
#118050005
0%
b110101110000 =
b11010000010010000 B
b11010010111001000 A
1#
#118055005
0#
#118060005
1%
b110000 &
1#
#118065005
0#
#118070005
0%
b110101110001 =
b11010000010101111 B
b11010010111111000 A
1#
#118075005
0#
#118080005
1%
b110001 &
1#
#118085005
0#
#118090005
0%
b110101110010 =
b11010000011001110 B
b11010011000101001 A
1#
#118095005
0#
#118100005
1%
b110010 &
1#
#118105005
0#
#118110005
0%
b110101110011 =
b11010000011101101 B
b11010011001011011 A
1#
#118115005
0#
#118120005
1%
b110011 &
1#
#118125005
0#
#118130005
0%
b110101110100 =
b11010000100001100 B
b11010011010001110 A
1#
#118135005
0#
#118140005
1%
b110100 &
1#
#118145005
0#
#118150005
0%
b110101110101 =
b11010000100101011 B
b11010011011000010 A
1#
#118155005
0#
#118160005
1%
b110101 &
1#
#118165005
0#
#118170005
0%
b110101110110 =
b11010000101001010 B
b11010011011110111 A
1#
#118175005
0#
#118180005
1%
b110110 &
1#
#118185005
0#
#118190005
0%
b110101110111 =
b11010000101101001 B
b11010011100101101 A
1#
#118195005
0#
#118200005
1%
b110111 &
1#
#118205005
0#
#118210005
0%
b110101111000 =
b11010000110001000 B
b11010011101100100 A
1#
#118215005
0#
#118220005
1%
b111000 &
1#
#118225005
0#
#118230005
0%
b110101111001 =
b11010000110100111 B
b11010011110011100 A
1#
#118235005
0#
#118240005
1%
b111001 &
1#
#118245005
0#
#118250005
0%
b110101111010 =
b11010000111000110 B
b11010011111010101 A
1#
#118255005
0#
#118260005
1%
b111010 &
1#
#118265005
0#
#118270005
0%
b110101111011 =
b11010000111100101 B
b11010100000001111 A
1#
#118275005
0#
#118280005
1%
b111011 &
1#
#118285005
0#
#118290005
0%
b110101111100 =
b11010001000000100 B
b11010100001001010 A
1#
#118295005
0#
#118300005
1%
b111100 &
1#
#118305005
0#
#118310005
0%
b110101111101 =
b11010001000100011 B
b11010100010000110 A
1#
#118315005
0#
#118320005
1%
b111101 &
1#
#118325005
0#
#118330005
0%
b110101111110 =
b11010001001000010 B
b11010100011000011 A
1#
#118335005
0#
#118340005
1%
b111110 &
1#
#118345005
0#
#118350005
0%
b110101111111 =
b11010001001100001 B
b11010100100000001 A
1#
#118355005
0#
#118360005
1%
b111111 &
1#
#118365005
0#
#118370005
0%
b110110000000 =
b11010001010000000 B
b11010100101000000 A
1#
#118375005
0#
#118380005
1%
b0 &
1#
#118385005
0#
#118390005
0%
b110110000001 =
b11010001010011111 B
1#
#118395005
0#
#118400005
1%
b1 &
1#
#118405005
0#
#118410005
0%
b110110000010 =
b11010001010111110 B
b11010100101000001 A
1#
#118415005
0#
#118420005
1%
b10 &
1#
#118425005
0#
#118430005
0%
b110110000011 =
b11010001011011101 B
b11010100101000011 A
1#
#118435005
0#
#118440005
1%
b11 &
1#
#118445005
0#
#118450005
0%
b110110000100 =
b11010001011111100 B
b11010100101000110 A
1#
#118455005
0#
#118460005
1%
b100 &
1#
#118465005
0#
#118470005
0%
b110110000101 =
b11010001100011011 B
b11010100101001010 A
1#
#118475005
0#
#118480005
1%
b101 &
1#
#118485005
0#
#118490005
0%
b110110000110 =
b11010001100111010 B
b11010100101001111 A
1#
#118495005
0#
#118500005
1%
b110 &
1#
#118505005
0#
#118510005
0%
b110110000111 =
b11010001101011001 B
b11010100101010101 A
1#
#118515005
0#
#118520005
1%
b111 &
1#
#118525005
0#
#118530005
0%
b110110001000 =
b11010001101111000 B
b11010100101011100 A
1#
#118535005
0#
#118540005
1%
b1000 &
1#
#118545005
0#
#118550005
0%
b110110001001 =
b11010001110010111 B
b11010100101100100 A
1#
#118555005
0#
#118560005
1%
b1001 &
1#
#118565005
0#
#118570005
0%
b110110001010 =
b11010001110110110 B
b11010100101101101 A
1#
#118575005
0#
#118580005
1%
b1010 &
1#
#118585005
0#
#118590005
0%
b110110001011 =
b11010001111010101 B
b11010100101110111 A
1#
#118595005
0#
#118600005
1%
b1011 &
1#
#118605005
0#
#118610005
0%
b110110001100 =
b11010001111110100 B
b11010100110000010 A
1#
#118615005
0#
#118620005
1%
b1100 &
1#
#118625005
0#
#118630005
0%
b110110001101 =
b11010010000010011 B
b11010100110001110 A
1#
#118635005
0#
#118640005
1%
b1101 &
1#
#118645005
0#
#118650005
0%
b110110001110 =
b11010010000110010 B
b11010100110011011 A
1#
#118655005
0#
#118660005
1%
b1110 &
1#
#118665005
0#
#118670005
0%
b110110001111 =
b11010010001010001 B
b11010100110101001 A
1#
#118675005
0#
#118680005
1%
b1111 &
1#
#118685005
0#
#118690005
0%
b110110010000 =
b11010010001110000 B
b11010100110111000 A
1#
#118695005
0#
#118700005
1%
b10000 &
1#
#118705005
0#
#118710005
0%
b110110010001 =
b11010010010001111 B
b11010100111001000 A
1#
#118715005
0#
#118720005
1%
b10001 &
1#
#118725005
0#
#118730005
0%
b110110010010 =
b11010010010101110 B
b11010100111011001 A
1#
#118735005
0#
#118740005
1%
b10010 &
1#
#118745005
0#
#118750005
0%
b110110010011 =
b11010010011001101 B
b11010100111101011 A
1#
#118755005
0#
#118760005
1%
b10011 &
1#
#118765005
0#
#118770005
0%
b110110010100 =
b11010010011101100 B
b11010100111111110 A
1#
#118775005
0#
#118780005
1%
b10100 &
1#
#118785005
0#
#118790005
0%
b110110010101 =
b11010010100001011 B
b11010101000010010 A
1#
#118795005
0#
#118800005
1%
b10101 &
1#
#118805005
0#
#118810005
0%
b110110010110 =
b11010010100101010 B
b11010101000100111 A
1#
#118815005
0#
#118820005
1%
b10110 &
1#
#118825005
0#
#118830005
0%
b110110010111 =
b11010010101001001 B
b11010101000111101 A
1#
#118835005
0#
#118840005
1%
b10111 &
1#
#118845005
0#
#118850005
0%
b110110011000 =
b11010010101101000 B
b11010101001010100 A
1#
#118855005
0#
#118860005
1%
b11000 &
1#
#118865005
0#
#118870005
0%
b110110011001 =
b11010010110000111 B
b11010101001101100 A
1#
#118875005
0#
#118880005
1%
b11001 &
1#
#118885005
0#
#118890005
0%
b110110011010 =
b11010010110100110 B
b11010101010000101 A
1#
#118895005
0#
#118900005
1%
b11010 &
1#
#118905005
0#
#118910005
0%
b110110011011 =
b11010010111000101 B
b11010101010011111 A
1#
#118915005
0#
#118920005
1%
b11011 &
1#
#118925005
0#
#118930005
0%
b110110011100 =
b11010010111100100 B
b11010101010111010 A
1#
#118935005
0#
#118940005
1%
b11100 &
1#
#118945005
0#
#118950005
0%
b110110011101 =
b11010011000000011 B
b11010101011010110 A
1#
#118955005
0#
#118960005
1%
b11101 &
1#
#118965005
0#
#118970005
0%
b110110011110 =
b11010011000100010 B
b11010101011110011 A
1#
#118975005
0#
#118980005
1%
b11110 &
1#
#118985005
0#
#118990005
0%
b110110011111 =
b11010011001000001 B
b11010101100010001 A
1#
#118995005
0#
#119000005
1%
b11111 &
1#
#119005005
0#
#119010005
0%
b110110100000 =
b11010011001100000 B
b11010101100110000 A
1#
#119015005
0#
#119020005
1%
b100000 &
1#
#119025005
0#
#119030005
0%
b110110100001 =
b11010011001111111 B
b11010101101010000 A
1#
#119035005
0#
#119040005
1%
b100001 &
1#
#119045005
0#
#119050005
0%
b110110100010 =
b11010011010011110 B
b11010101101110001 A
1#
#119055005
0#
#119060005
1%
b100010 &
1#
#119065005
0#
#119070005
0%
b110110100011 =
b11010011010111101 B
b11010101110010011 A
1#
#119075005
0#
#119080005
1%
b100011 &
1#
#119085005
0#
#119090005
0%
b110110100100 =
b11010011011011100 B
b11010101110110110 A
1#
#119095005
0#
#119100005
1%
b100100 &
1#
#119105005
0#
#119110005
0%
b110110100101 =
b11010011011111011 B
b11010101111011010 A
1#
#119115005
0#
#119120005
1%
b100101 &
1#
#119125005
0#
#119130005
0%
b110110100110 =
b11010011100011010 B
b11010101111111111 A
1#
#119135005
0#
#119140005
1%
b100110 &
1#
#119145005
0#
#119150005
0%
b110110100111 =
b11010011100111001 B
b11010110000100101 A
1#
#119155005
0#
#119160005
1%
b100111 &
1#
#119165005
0#
#119170005
0%
b110110101000 =
b11010011101011000 B
b11010110001001100 A
1#
#119175005
0#
#119180005
1%
b101000 &
1#
#119185005
0#
#119190005
0%
b110110101001 =
b11010011101110111 B
b11010110001110100 A
1#
#119195005
0#
#119200005
1%
b101001 &
1#
#119205005
0#
#119210005
0%
b110110101010 =
b11010011110010110 B
b11010110010011101 A
1#
#119215005
0#
#119220005
1%
b101010 &
1#
#119225005
0#
#119230005
0%
b110110101011 =
b11010011110110101 B
b11010110011000111 A
1#
#119235005
0#
#119240005
1%
b101011 &
1#
#119245005
0#
#119250005
0%
b110110101100 =
b11010011111010100 B
b11010110011110010 A
1#
#119255005
0#
#119260005
1%
b101100 &
1#
#119265005
0#
#119270005
0%
b110110101101 =
b11010011111110011 B
b11010110100011110 A
1#
#119275005
0#
#119280005
1%
b101101 &
1#
#119285005
0#
#119290005
0%
b110110101110 =
b11010100000010010 B
b11010110101001011 A
1#
#119295005
0#
#119300005
1%
b101110 &
1#
#119305005
0#
#119310005
0%
b110110101111 =
b11010100000110001 B
b11010110101111001 A
1#
#119315005
0#
#119320005
1%
b101111 &
1#
#119325005
0#
#119330005
0%
b110110110000 =
b11010100001010000 B
b11010110110101000 A
1#
#119335005
0#
#119340005
1%
b110000 &
1#
#119345005
0#
#119350005
0%
b110110110001 =
b11010100001101111 B
b11010110111011000 A
1#
#119355005
0#
#119360005
1%
b110001 &
1#
#119365005
0#
#119370005
0%
b110110110010 =
b11010100010001110 B
b11010111000001001 A
1#
#119375005
0#
#119380005
1%
b110010 &
1#
#119385005
0#
#119390005
0%
b110110110011 =
b11010100010101101 B
b11010111000111011 A
1#
#119395005
0#
#119400005
1%
b110011 &
1#
#119405005
0#
#119410005
0%
b110110110100 =
b11010100011001100 B
b11010111001101110 A
1#
#119415005
0#
#119420005
1%
b110100 &
1#
#119425005
0#
#119430005
0%
b110110110101 =
b11010100011101011 B
b11010111010100010 A
1#
#119435005
0#
#119440005
1%
b110101 &
1#
#119445005
0#
#119450005
0%
b110110110110 =
b11010100100001010 B
b11010111011010111 A
1#
#119455005
0#
#119460005
1%
b110110 &
1#
#119465005
0#
#119470005
0%
b110110110111 =
b11010100100101001 B
b11010111100001101 A
1#
#119475005
0#
#119480005
1%
b110111 &
1#
#119485005
0#
#119490005
0%
b110110111000 =
b11010100101001000 B
b11010111101000100 A
1#
#119495005
0#
#119500005
1%
b111000 &
1#
#119505005
0#
#119510005
0%
b110110111001 =
b11010100101100111 B
b11010111101111100 A
1#
#119515005
0#
#119520005
1%
b111001 &
1#
#119525005
0#
#119530005
0%
b110110111010 =
b11010100110000110 B
b11010111110110101 A
1#
#119535005
0#
#119540005
1%
b111010 &
1#
#119545005
0#
#119550005
0%
b110110111011 =
b11010100110100101 B
b11010111111101111 A
1#
#119555005
0#
#119560005
1%
b111011 &
1#
#119565005
0#
#119570005
0%
b110110111100 =
b11010100111000100 B
b11011000000101010 A
1#
#119575005
0#
#119580005
1%
b111100 &
1#
#119585005
0#
#119590005
0%
b110110111101 =
b11010100111100011 B
b11011000001100110 A
1#
#119595005
0#
#119600005
1%
b111101 &
1#
#119605005
0#
#119610005
0%
b110110111110 =
b11010101000000010 B
b11011000010100011 A
1#
#119615005
0#
#119620005
1%
b111110 &
1#
#119625005
0#
#119630005
0%
b110110111111 =
b11010101000100001 B
b11011000011100001 A
1#
#119635005
0#
#119640005
1%
b111111 &
1#
#119645005
0#
#119650005
0%
b110111000000 =
b11010101001000000 B
b11011000100100000 A
1#
#119655005
0#
#119660005
1%
b0 &
1#
#119665005
0#
#119670005
0%
b110111000001 =
b11010101001011111 B
1#
#119675005
0#
#119680005
1%
b1 &
1#
#119685005
0#
#119690005
0%
b110111000010 =
b11010101001111110 B
b11011000100100001 A
1#
#119695005
0#
#119700005
1%
b10 &
1#
#119705005
0#
#119710005
0%
b110111000011 =
b11010101010011101 B
b11011000100100011 A
1#
#119715005
0#
#119720005
1%
b11 &
1#
#119725005
0#
#119730005
0%
b110111000100 =
b11010101010111100 B
b11011000100100110 A
1#
#119735005
0#
#119740005
1%
b100 &
1#
#119745005
0#
#119750005
0%
b110111000101 =
b11010101011011011 B
b11011000100101010 A
1#
#119755005
0#
#119760005
1%
b101 &
1#
#119765005
0#
#119770005
0%
b110111000110 =
b11010101011111010 B
b11011000100101111 A
1#
#119775005
0#
#119780005
1%
b110 &
1#
#119785005
0#
#119790005
0%
b110111000111 =
b11010101100011001 B
b11011000100110101 A
1#
#119795005
0#
#119800005
1%
b111 &
1#
#119805005
0#
#119810005
0%
b110111001000 =
b11010101100111000 B
b11011000100111100 A
1#
#119815005
0#
#119820005
1%
b1000 &
1#
#119825005
0#
#119830005
0%
b110111001001 =
b11010101101010111 B
b11011000101000100 A
1#
#119835005
0#
#119840005
1%
b1001 &
1#
#119845005
0#
#119850005
0%
b110111001010 =
b11010101101110110 B
b11011000101001101 A
1#
#119855005
0#
#119860005
1%
b1010 &
1#
#119865005
0#
#119870005
0%
b110111001011 =
b11010101110010101 B
b11011000101010111 A
1#
#119875005
0#
#119880005
1%
b1011 &
1#
#119885005
0#
#119890005
0%
b110111001100 =
b11010101110110100 B
b11011000101100010 A
1#
#119895005
0#
#119900005
1%
b1100 &
1#
#119905005
0#
#119910005
0%
b110111001101 =
b11010101111010011 B
b11011000101101110 A
1#
#119915005
0#
#119920005
1%
b1101 &
1#
#119925005
0#
#119930005
0%
b110111001110 =
b11010101111110010 B
b11011000101111011 A
1#
#119935005
0#
#119940005
1%
b1110 &
1#
#119945005
0#
#119950005
0%
b110111001111 =
b11010110000010001 B
b11011000110001001 A
1#
#119955005
0#
#119960005
1%
b1111 &
1#
#119965005
0#
#119970005
0%
b110111010000 =
b11010110000110000 B
b11011000110011000 A
1#
#119975005
0#
#119980005
1%
b10000 &
1#
#119985005
0#
#119990005
0%
b110111010001 =
b11010110001001111 B
b11011000110101000 A
1#
#119995005
0#
#120000005
1%
b10001 &
1#
#120005005
0#
#120010005
0%
b110111010010 =
b11010110001101110 B
b11011000110111001 A
1#
#120015005
0#
#120020005
1%
b10010 &
1#
#120025005
0#
#120030005
0%
b110111010011 =
b11010110010001101 B
b11011000111001011 A
1#
#120035005
0#
#120040005
1%
b10011 &
1#
#120045005
0#
#120050005
0%
b110111010100 =
b11010110010101100 B
b11011000111011110 A
1#
#120055005
0#
#120060005
1%
b10100 &
1#
#120065005
0#
#120070005
0%
b110111010101 =
b11010110011001011 B
b11011000111110010 A
1#
#120075005
0#
#120080005
1%
b10101 &
1#
#120085005
0#
#120090005
0%
b110111010110 =
b11010110011101010 B
b11011001000000111 A
1#
#120095005
0#
#120100005
1%
b10110 &
1#
#120105005
0#
#120110005
0%
b110111010111 =
b11010110100001001 B
b11011001000011101 A
1#
#120115005
0#
#120120005
1%
b10111 &
1#
#120125005
0#
#120130005
0%
b110111011000 =
b11010110100101000 B
b11011001000110100 A
1#
#120135005
0#
#120140005
1%
b11000 &
1#
#120145005
0#
#120150005
0%
b110111011001 =
b11010110101000111 B
b11011001001001100 A
1#
#120155005
0#
#120160005
1%
b11001 &
1#
#120165005
0#
#120170005
0%
b110111011010 =
b11010110101100110 B
b11011001001100101 A
1#
#120175005
0#
#120180005
1%
b11010 &
1#
#120185005
0#
#120190005
0%
b110111011011 =
b11010110110000101 B
b11011001001111111 A
1#
#120195005
0#
#120200005
1%
b11011 &
1#
#120205005
0#
#120210005
0%
b110111011100 =
b11010110110100100 B
b11011001010011010 A
1#
#120215005
0#
#120220005
1%
b11100 &
1#
#120225005
0#
#120230005
0%
b110111011101 =
b11010110111000011 B
b11011001010110110 A
1#
#120235005
0#
#120240005
1%
b11101 &
1#
#120245005
0#
#120250005
0%
b110111011110 =
b11010110111100010 B
b11011001011010011 A
1#
#120255005
0#
#120260005
1%
b11110 &
1#
#120265005
0#
#120270005
0%
b110111011111 =
b11010111000000001 B
b11011001011110001 A
1#
#120275005
0#
#120280005
1%
b11111 &
1#
#120285005
0#
#120290005
0%
b110111100000 =
b11010111000100000 B
b11011001100010000 A
1#
#120295005
0#
#120300005
1%
b100000 &
1#
#120305005
0#
#120310005
0%
b110111100001 =
b11010111000111111 B
b11011001100110000 A
1#
#120315005
0#
#120320005
1%
b100001 &
1#
#120325005
0#
#120330005
0%
b110111100010 =
b11010111001011110 B
b11011001101010001 A
1#
#120335005
0#
#120340005
1%
b100010 &
1#
#120345005
0#
#120350005
0%
b110111100011 =
b11010111001111101 B
b11011001101110011 A
1#
#120355005
0#
#120360005
1%
b100011 &
1#
#120365005
0#
#120370005
0%
b110111100100 =
b11010111010011100 B
b11011001110010110 A
1#
#120375005
0#
#120380005
1%
b100100 &
1#
#120385005
0#
#120390005
0%
b110111100101 =
b11010111010111011 B
b11011001110111010 A
1#
#120395005
0#
#120400005
1%
b100101 &
1#
#120405005
0#
#120410005
0%
b110111100110 =
b11010111011011010 B
b11011001111011111 A
1#
#120415005
0#
#120420005
1%
b100110 &
1#
#120425005
0#
#120430005
0%
b110111100111 =
b11010111011111001 B
b11011010000000101 A
1#
#120435005
0#
#120440005
1%
b100111 &
1#
#120445005
0#
#120450005
0%
b110111101000 =
b11010111100011000 B
b11011010000101100 A
1#
#120455005
0#
#120460005
1%
b101000 &
1#
#120465005
0#
#120470005
0%
b110111101001 =
b11010111100110111 B
b11011010001010100 A
1#
#120475005
0#
#120480005
1%
b101001 &
1#
#120485005
0#
#120490005
0%
b110111101010 =
b11010111101010110 B
b11011010001111101 A
1#
#120495005
0#
#120500005
1%
b101010 &
1#
#120505005
0#
#120510005
0%
b110111101011 =
b11010111101110101 B
b11011010010100111 A
1#
#120515005
0#
#120520005
1%
b101011 &
1#
#120525005
0#
#120530005
0%
b110111101100 =
b11010111110010100 B
b11011010011010010 A
1#
#120535005
0#
#120540005
1%
b101100 &
1#
#120545005
0#
#120550005
0%
b110111101101 =
b11010111110110011 B
b11011010011111110 A
1#
#120555005
0#
#120560005
1%
b101101 &
1#
#120565005
0#
#120570005
0%
b110111101110 =
b11010111111010010 B
b11011010100101011 A
1#
#120575005
0#
#120580005
1%
b101110 &
1#
#120585005
0#
#120590005
0%
b110111101111 =
b11010111111110001 B
b11011010101011001 A
1#
#120595005
0#
#120600005
1%
b101111 &
1#
#120605005
0#
#120610005
0%
b110111110000 =
b11011000000010000 B
b11011010110001000 A
1#
#120615005
0#
#120620005
1%
b110000 &
1#
#120625005
0#
#120630005
0%
b110111110001 =
b11011000000101111 B
b11011010110111000 A
1#
#120635005
0#
#120640005
1%
b110001 &
1#
#120645005
0#
#120650005
0%
b110111110010 =
b11011000001001110 B
b11011010111101001 A
1#
#120655005
0#
#120660005
1%
b110010 &
1#
#120665005
0#
#120670005
0%
b110111110011 =
b11011000001101101 B
b11011011000011011 A
1#
#120675005
0#
#120680005
1%
b110011 &
1#
#120685005
0#
#120690005
0%
b110111110100 =
b11011000010001100 B
b11011011001001110 A
1#
#120695005
0#
#120700005
1%
b110100 &
1#
#120705005
0#
#120710005
0%
b110111110101 =
b11011000010101011 B
b11011011010000010 A
1#
#120715005
0#
#120720005
1%
b110101 &
1#
#120725005
0#
#120730005
0%
b110111110110 =
b11011000011001010 B
b11011011010110111 A
1#
#120735005
0#
#120740005
1%
b110110 &
1#
#120745005
0#
#120750005
0%
b110111110111 =
b11011000011101001 B
b11011011011101101 A
1#
#120755005
0#
#120760005
1%
b110111 &
1#
#120765005
0#
#120770005
0%
b110111111000 =
b11011000100001000 B
b11011011100100100 A
1#
#120775005
0#
#120780005
1%
b111000 &
1#
#120785005
0#
#120790005
0%
b110111111001 =
b11011000100100111 B
b11011011101011100 A
1#
#120795005
0#
#120800005
1%
b111001 &
1#
#120805005
0#
#120810005
0%
b110111111010 =
b11011000101000110 B
b11011011110010101 A
1#
#120815005
0#
#120820005
1%
b111010 &
1#
#120825005
0#
#120830005
0%
b110111111011 =
b11011000101100101 B
b11011011111001111 A
1#
#120835005
0#
#120840005
1%
b111011 &
1#
#120845005
0#
#120850005
0%
b110111111100 =
b11011000110000100 B
b11011100000001010 A
1#
#120855005
0#
#120860005
1%
b111100 &
1#
#120865005
0#
#120870005
0%
b110111111101 =
b11011000110100011 B
b11011100001000110 A
1#
#120875005
0#
#120880005
1%
b111101 &
1#
#120885005
0#
#120890005
0%
b110111111110 =
b11011000111000010 B
b11011100010000011 A
1#
#120895005
0#
#120900005
1%
b111110 &
1#
#120905005
0#
#120910005
0%
b110111111111 =
b11011000111100001 B
b11011100011000001 A
1#
#120915005
0#
#120920005
1%
b111111 &
1#
#120925005
0#
#120930005
0%
b111000000000 =
b11011001000000000 B
b11011100100000000 A
1#
#120935005
0#
#120940005
1%
b0 &
1#
#120945005
0#
#120950005
0%
b111000000001 =
b11011001000011111 B
1#
#120955005
0#
#120960005
1%
b1 &
1#
#120965005
0#
#120970005
0%
b111000000010 =
b11011001000111110 B
b11011100100000001 A
1#
#120975005
0#
#120980005
1%
b10 &
1#
#120985005
0#
#120990005
0%
b111000000011 =
b11011001001011101 B
b11011100100000011 A
1#
#120995005
0#
#121000005
1%
b11 &
1#
#121005005
0#
#121010005
0%
b111000000100 =
b11011001001111100 B
b11011100100000110 A
1#
#121015005
0#
#121020005
1%
b100 &
1#
#121025005
0#
#121030005
0%
b111000000101 =
b11011001010011011 B
b11011100100001010 A
1#
#121035005
0#
#121040005
1%
b101 &
1#
#121045005
0#
#121050005
0%
b111000000110 =
b11011001010111010 B
b11011100100001111 A
1#
#121055005
0#
#121060005
1%
b110 &
1#
#121065005
0#
#121070005
0%
b111000000111 =
b11011001011011001 B
b11011100100010101 A
1#
#121075005
0#
#121080005
1%
b111 &
1#
#121085005
0#
#121090005
0%
b111000001000 =
b11011001011111000 B
b11011100100011100 A
1#
#121095005
0#
#121100005
1%
b1000 &
1#
#121105005
0#
#121110005
0%
b111000001001 =
b11011001100010111 B
b11011100100100100 A
1#
#121115005
0#
#121120005
1%
b1001 &
1#
#121125005
0#
#121130005
0%
b111000001010 =
b11011001100110110 B
b11011100100101101 A
1#
#121135005
0#
#121140005
1%
b1010 &
1#
#121145005
0#
#121150005
0%
b111000001011 =
b11011001101010101 B
b11011100100110111 A
1#
#121155005
0#
#121160005
1%
b1011 &
1#
#121165005
0#
#121170005
0%
b111000001100 =
b11011001101110100 B
b11011100101000010 A
1#
#121175005
0#
#121180005
1%
b1100 &
1#
#121185005
0#
#121190005
0%
b111000001101 =
b11011001110010011 B
b11011100101001110 A
1#
#121195005
0#
#121200005
1%
b1101 &
1#
#121205005
0#
#121210005
0%
b111000001110 =
b11011001110110010 B
b11011100101011011 A
1#
#121215005
0#
#121220005
1%
b1110 &
1#
#121225005
0#
#121230005
0%
b111000001111 =
b11011001111010001 B
b11011100101101001 A
1#
#121235005
0#
#121240005
1%
b1111 &
1#
#121245005
0#
#121250005
0%
b111000010000 =
b11011001111110000 B
b11011100101111000 A
1#
#121255005
0#
#121260005
1%
b10000 &
1#
#121265005
0#
#121270005
0%
b111000010001 =
b11011010000001111 B
b11011100110001000 A
1#
#121275005
0#
#121280005
1%
b10001 &
1#
#121285005
0#
#121290005
0%
b111000010010 =
b11011010000101110 B
b11011100110011001 A
1#
#121295005
0#
#121300005
1%
b10010 &
1#
#121305005
0#
#121310005
0%
b111000010011 =
b11011010001001101 B
b11011100110101011 A
1#
#121315005
0#
#121320005
1%
b10011 &
1#
#121325005
0#
#121330005
0%
b111000010100 =
b11011010001101100 B
b11011100110111110 A
1#
#121335005
0#
#121340005
1%
b10100 &
1#
#121345005
0#
#121350005
0%
b111000010101 =
b11011010010001011 B
b11011100111010010 A
1#
#121355005
0#
#121360005
1%
b10101 &
1#
#121365005
0#
#121370005
0%
b111000010110 =
b11011010010101010 B
b11011100111100111 A
1#
#121375005
0#
#121380005
1%
b10110 &
1#
#121385005
0#
#121390005
0%
b111000010111 =
b11011010011001001 B
b11011100111111101 A
1#
#121395005
0#
#121400005
1%
b10111 &
1#
#121405005
0#
#121410005
0%
b111000011000 =
b11011010011101000 B
b11011101000010100 A
1#
#121415005
0#
#121420005
1%
b11000 &
1#
#121425005
0#
#121430005
0%
b111000011001 =
b11011010100000111 B
b11011101000101100 A
1#
#121435005
0#
#121440005
1%
b11001 &
1#
#121445005
0#
#121450005
0%
b111000011010 =
b11011010100100110 B
b11011101001000101 A
1#
#121455005
0#
#121460005
1%
b11010 &
1#
#121465005
0#
#121470005
0%
b111000011011 =
b11011010101000101 B
b11011101001011111 A
1#
#121475005
0#
#121480005
1%
b11011 &
1#
#121485005
0#
#121490005
0%
b111000011100 =
b11011010101100100 B
b11011101001111010 A
1#
#121495005
0#
#121500005
1%
b11100 &
1#
#121505005
0#
#121510005
0%
b111000011101 =
b11011010110000011 B
b11011101010010110 A
1#
#121515005
0#
#121520005
1%
b11101 &
1#
#121525005
0#
#121530005
0%
b111000011110 =
b11011010110100010 B
b11011101010110011 A
1#
#121535005
0#
#121540005
1%
b11110 &
1#
#121545005
0#
#121550005
0%
b111000011111 =
b11011010111000001 B
b11011101011010001 A
1#
#121555005
0#
#121560005
1%
b11111 &
1#
#121565005
0#
#121570005
0%
b111000100000 =
b11011010111100000 B
b11011101011110000 A
1#
#121575005
0#
#121580005
1%
b100000 &
1#
#121585005
0#
#121590005
0%
b111000100001 =
b11011010111111111 B
b11011101100010000 A
1#
#121595005
0#
#121600005
1%
b100001 &
1#
#121605005
0#
#121610005
0%
b111000100010 =
b11011011000011110 B
b11011101100110001 A
1#
#121615005
0#
#121620005
1%
b100010 &
1#
#121625005
0#
#121630005
0%
b111000100011 =
b11011011000111101 B
b11011101101010011 A
1#
#121635005
0#
#121640005
1%
b100011 &
1#
#121645005
0#
#121650005
0%
b111000100100 =
b11011011001011100 B
b11011101101110110 A
1#
#121655005
0#
#121660005
1%
b100100 &
1#
#121665005
0#
#121670005
0%
b111000100101 =
b11011011001111011 B
b11011101110011010 A
1#
#121675005
0#
#121680005
1%
b100101 &
1#
#121685005
0#
#121690005
0%
b111000100110 =
b11011011010011010 B
b11011101110111111 A
1#
#121695005
0#
#121700005
1%
b100110 &
1#
#121705005
0#
#121710005
0%
b111000100111 =
b11011011010111001 B
b11011101111100101 A
1#
#121715005
0#
#121720005
1%
b100111 &
1#
#121725005
0#
#121730005
0%
b111000101000 =
b11011011011011000 B
b11011110000001100 A
1#
#121735005
0#
#121740005
1%
b101000 &
1#
#121745005
0#
#121750005
0%
b111000101001 =
b11011011011110111 B
b11011110000110100 A
1#
#121755005
0#
#121760005
1%
b101001 &
1#
#121765005
0#
#121770005
0%
b111000101010 =
b11011011100010110 B
b11011110001011101 A
1#
#121775005
0#
#121780005
1%
b101010 &
1#
#121785005
0#
#121790005
0%
b111000101011 =
b11011011100110101 B
b11011110010000111 A
1#
#121795005
0#
#121800005
1%
b101011 &
1#
#121805005
0#
#121810005
0%
b111000101100 =
b11011011101010100 B
b11011110010110010 A
1#
#121815005
0#
#121820005
1%
b101100 &
1#
#121825005
0#
#121830005
0%
b111000101101 =
b11011011101110011 B
b11011110011011110 A
1#
#121835005
0#
#121840005
1%
b101101 &
1#
#121845005
0#
#121850005
0%
b111000101110 =
b11011011110010010 B
b11011110100001011 A
1#
#121855005
0#
#121860005
1%
b101110 &
1#
#121865005
0#
#121870005
0%
b111000101111 =
b11011011110110001 B
b11011110100111001 A
1#
#121875005
0#
#121880005
1%
b101111 &
1#
#121885005
0#
#121890005
0%
b111000110000 =
b11011011111010000 B
b11011110101101000 A
1#
#121895005
0#
#121900005
1%
b110000 &
1#
#121905005
0#
#121910005
0%
b111000110001 =
b11011011111101111 B
b11011110110011000 A
1#
#121915005
0#
#121920005
1%
b110001 &
1#
#121925005
0#
#121930005
0%
b111000110010 =
b11011100000001110 B
b11011110111001001 A
1#
#121935005
0#
#121940005
1%
b110010 &
1#
#121945005
0#
#121950005
0%
b111000110011 =
b11011100000101101 B
b11011110111111011 A
1#
#121955005
0#
#121960005
1%
b110011 &
1#
#121965005
0#
#121970005
0%
b111000110100 =
b11011100001001100 B
b11011111000101110 A
1#
#121975005
0#
#121980005
1%
b110100 &
1#
#121985005
0#
#121990005
0%
b111000110101 =
b11011100001101011 B
b11011111001100010 A
1#
#121995005
0#
#122000005
1%
b110101 &
1#
#122005005
0#
#122010005
0%
b111000110110 =
b11011100010001010 B
b11011111010010111 A
1#
#122015005
0#
#122020005
1%
b110110 &
1#
#122025005
0#
#122030005
0%
b111000110111 =
b11011100010101001 B
b11011111011001101 A
1#
#122035005
0#
#122040005
1%
b110111 &
1#
#122045005
0#
#122050005
0%
b111000111000 =
b11011100011001000 B
b11011111100000100 A
1#
#122055005
0#
#122060005
1%
b111000 &
1#
#122065005
0#
#122070005
0%
b111000111001 =
b11011100011100111 B
b11011111100111100 A
1#
#122075005
0#
#122080005
1%
b111001 &
1#
#122085005
0#
#122090005
0%
b111000111010 =
b11011100100000110 B
b11011111101110101 A
1#
#122095005
0#
#122100005
1%
b111010 &
1#
#122105005
0#
#122110005
0%
b111000111011 =
b11011100100100101 B
b11011111110101111 A
1#
#122115005
0#
#122120005
1%
b111011 &
1#
#122125005
0#
#122130005
0%
b111000111100 =
b11011100101000100 B
b11011111111101010 A
1#
#122135005
0#
#122140005
1%
b111100 &
1#
#122145005
0#
#122150005
0%
b111000111101 =
b11011100101100011 B
b11100000000100110 A
1#
#122155005
0#
#122160005
1%
b111101 &
1#
#122165005
0#
#122170005
0%
b111000111110 =
b11011100110000010 B
b11100000001100011 A
1#
#122175005
0#
#122180005
1%
b111110 &
1#
#122185005
0#
#122190005
0%
b111000111111 =
b11011100110100001 B
b11100000010100001 A
1#
#122195005
0#
#122200005
1%
b111111 &
1#
#122205005
0#
#122210005
0%
b111001000000 =
b11011100111000000 B
b11100000011100000 A
1#
#122215005
0#
#122220005
1%
b0 &
1#
#122225005
0#
#122230005
0%
b111001000001 =
b11011100111011111 B
1#
#122235005
0#
#122240005
1%
b1 &
1#
#122245005
0#
#122250005
0%
b111001000010 =
b11011100111111110 B
b11100000011100001 A
1#
#122255005
0#
#122260005
1%
b10 &
1#
#122265005
0#
#122270005
0%
b111001000011 =
b11011101000011101 B
b11100000011100011 A
1#
#122275005
0#
#122280005
1%
b11 &
1#
#122285005
0#
#122290005
0%
b111001000100 =
b11011101000111100 B
b11100000011100110 A
1#
#122295005
0#
#122300005
1%
b100 &
1#
#122305005
0#
#122310005
0%
b111001000101 =
b11011101001011011 B
b11100000011101010 A
1#
#122315005
0#
#122320005
1%
b101 &
1#
#122325005
0#
#122330005
0%
b111001000110 =
b11011101001111010 B
b11100000011101111 A
1#
#122335005
0#
#122340005
1%
b110 &
1#
#122345005
0#
#122350005
0%
b111001000111 =
b11011101010011001 B
b11100000011110101 A
1#
#122355005
0#
#122360005
1%
b111 &
1#
#122365005
0#
#122370005
0%
b111001001000 =
b11011101010111000 B
b11100000011111100 A
1#
#122375005
0#
#122380005
1%
b1000 &
1#
#122385005
0#
#122390005
0%
b111001001001 =
b11011101011010111 B
b11100000100000100 A
1#
#122395005
0#
#122400005
1%
b1001 &
1#
#122405005
0#
#122410005
0%
b111001001010 =
b11011101011110110 B
b11100000100001101 A
1#
#122415005
0#
#122420005
1%
b1010 &
1#
#122425005
0#
#122430005
0%
b111001001011 =
b11011101100010101 B
b11100000100010111 A
1#
#122435005
0#
#122440005
1%
b1011 &
1#
#122445005
0#
#122450005
0%
b111001001100 =
b11011101100110100 B
b11100000100100010 A
1#
#122455005
0#
#122460005
1%
b1100 &
1#
#122465005
0#
#122470005
0%
b111001001101 =
b11011101101010011 B
b11100000100101110 A
1#
#122475005
0#
#122480005
1%
b1101 &
1#
#122485005
0#
#122490005
0%
b111001001110 =
b11011101101110010 B
b11100000100111011 A
1#
#122495005
0#
#122500005
1%
b1110 &
1#
#122505005
0#
#122510005
0%
b111001001111 =
b11011101110010001 B
b11100000101001001 A
1#
#122515005
0#
#122520005
1%
b1111 &
1#
#122525005
0#
#122530005
0%
b111001010000 =
b11011101110110000 B
b11100000101011000 A
1#
#122535005
0#
#122540005
1%
b10000 &
1#
#122545005
0#
#122550005
0%
b111001010001 =
b11011101111001111 B
b11100000101101000 A
1#
#122555005
0#
#122560005
1%
b10001 &
1#
#122565005
0#
#122570005
0%
b111001010010 =
b11011101111101110 B
b11100000101111001 A
1#
#122575005
0#
#122580005
1%
b10010 &
1#
#122585005
0#
#122590005
0%
b111001010011 =
b11011110000001101 B
b11100000110001011 A
1#
#122595005
0#
#122600005
1%
b10011 &
1#
#122605005
0#
#122610005
0%
b111001010100 =
b11011110000101100 B
b11100000110011110 A
1#
#122615005
0#
#122620005
1%
b10100 &
1#
#122625005
0#
#122630005
0%
b111001010101 =
b11011110001001011 B
b11100000110110010 A
1#
#122635005
0#
#122640005
1%
b10101 &
1#
#122645005
0#
#122650005
0%
b111001010110 =
b11011110001101010 B
b11100000111000111 A
1#
#122655005
0#
#122660005
1%
b10110 &
1#
#122665005
0#
#122670005
0%
b111001010111 =
b11011110010001001 B
b11100000111011101 A
1#
#122675005
0#
#122680005
1%
b10111 &
1#
#122685005
0#
#122690005
0%
b111001011000 =
b11011110010101000 B
b11100000111110100 A
1#
#122695005
0#
#122700005
1%
b11000 &
1#
#122705005
0#
#122710005
0%
b111001011001 =
b11011110011000111 B
b11100001000001100 A
1#
#122715005
0#
#122720005
1%
b11001 &
1#
#122725005
0#
#122730005
0%
b111001011010 =
b11011110011100110 B
b11100001000100101 A
1#
#122735005
0#
#122740005
1%
b11010 &
1#
#122745005
0#
#122750005
0%
b111001011011 =
b11011110100000101 B
b11100001000111111 A
1#
#122755005
0#
#122760005
1%
b11011 &
1#
#122765005
0#
#122770005
0%
b111001011100 =
b11011110100100100 B
b11100001001011010 A
1#
#122775005
0#
#122780005
1%
b11100 &
1#
#122785005
0#
#122790005
0%
b111001011101 =
b11011110101000011 B
b11100001001110110 A
1#
#122795005
0#
#122800005
1%
b11101 &
1#
#122805005
0#
#122810005
0%
b111001011110 =
b11011110101100010 B
b11100001010010011 A
1#
#122815005
0#
#122820005
1%
b11110 &
1#
#122825005
0#
#122830005
0%
b111001011111 =
b11011110110000001 B
b11100001010110001 A
1#
#122835005
0#
#122840005
1%
b11111 &
1#
#122845005
0#
#122850005
0%
b111001100000 =
b11011110110100000 B
b11100001011010000 A
1#
#122855005
0#
#122860005
1%
b100000 &
1#
#122865005
0#
#122870005
0%
b111001100001 =
b11011110110111111 B
b11100001011110000 A
1#
#122875005
0#
#122880005
1%
b100001 &
1#
#122885005
0#
#122890005
0%
b111001100010 =
b11011110111011110 B
b11100001100010001 A
1#
#122895005
0#
#122900005
1%
b100010 &
1#
#122905005
0#
#122910005
0%
b111001100011 =
b11011110111111101 B
b11100001100110011 A
1#
#122915005
0#
#122920005
1%
b100011 &
1#
#122925005
0#
#122930005
0%
b111001100100 =
b11011111000011100 B
b11100001101010110 A
1#
#122935005
0#
#122940005
1%
b100100 &
1#
#122945005
0#
#122950005
0%
b111001100101 =
b11011111000111011 B
b11100001101111010 A
1#
#122955005
0#
#122960005
1%
b100101 &
1#
#122965005
0#
#122970005
0%
b111001100110 =
b11011111001011010 B
b11100001110011111 A
1#
#122975005
0#
#122980005
1%
b100110 &
1#
#122985005
0#
#122990005
0%
b111001100111 =
b11011111001111001 B
b11100001111000101 A
1#
#122995005
0#
#123000005
1%
b100111 &
1#
#123005005
0#
#123010005
0%
b111001101000 =
b11011111010011000 B
b11100001111101100 A
1#
#123015005
0#
#123020005
1%
b101000 &
1#
#123025005
0#
#123030005
0%
b111001101001 =
b11011111010110111 B
b11100010000010100 A
1#
#123035005
0#
#123040005
1%
b101001 &
1#
#123045005
0#
#123050005
0%
b111001101010 =
b11011111011010110 B
b11100010000111101 A
1#
#123055005
0#
#123060005
1%
b101010 &
1#
#123065005
0#
#123070005
0%
b111001101011 =
b11011111011110101 B
b11100010001100111 A
1#
#123075005
0#
#123080005
1%
b101011 &
1#
#123085005
0#
#123090005
0%
b111001101100 =
b11011111100010100 B
b11100010010010010 A
1#
#123095005
0#
#123100005
1%
b101100 &
1#
#123105005
0#
#123110005
0%
b111001101101 =
b11011111100110011 B
b11100010010111110 A
1#
#123115005
0#
#123120005
1%
b101101 &
1#
#123125005
0#
#123130005
0%
b111001101110 =
b11011111101010010 B
b11100010011101011 A
1#
#123135005
0#
#123140005
1%
b101110 &
1#
#123145005
0#
#123150005
0%
b111001101111 =
b11011111101110001 B
b11100010100011001 A
1#
#123155005
0#
#123160005
1%
b101111 &
1#
#123165005
0#
#123170005
0%
b111001110000 =
b11011111110010000 B
b11100010101001000 A
1#
#123175005
0#
#123180005
1%
b110000 &
1#
#123185005
0#
#123190005
0%
b111001110001 =
b11011111110101111 B
b11100010101111000 A
1#
#123195005
0#
#123200005
1%
b110001 &
1#
#123205005
0#
#123210005
0%
b111001110010 =
b11011111111001110 B
b11100010110101001 A
1#
#123215005
0#
#123220005
1%
b110010 &
1#
#123225005
0#
#123230005
0%
b111001110011 =
b11011111111101101 B
b11100010111011011 A
1#
#123235005
0#
#123240005
1%
b110011 &
1#
#123245005
0#
#123250005
0%
b111001110100 =
b11100000000001100 B
b11100011000001110 A
1#
#123255005
0#
#123260005
1%
b110100 &
1#
#123265005
0#
#123270005
0%
b111001110101 =
b11100000000101011 B
b11100011001000010 A
1#
#123275005
0#
#123280005
1%
b110101 &
1#
#123285005
0#
#123290005
0%
b111001110110 =
b11100000001001010 B
b11100011001110111 A
1#
#123295005
0#
#123300005
1%
b110110 &
1#
#123305005
0#
#123310005
0%
b111001110111 =
b11100000001101001 B
b11100011010101101 A
1#
#123315005
0#
#123320005
1%
b110111 &
1#
#123325005
0#
#123330005
0%
b111001111000 =
b11100000010001000 B
b11100011011100100 A
1#
#123335005
0#
#123340005
1%
b111000 &
1#
#123345005
0#
#123350005
0%
b111001111001 =
b11100000010100111 B
b11100011100011100 A
1#
#123355005
0#
#123360005
1%
b111001 &
1#
#123365005
0#
#123370005
0%
b111001111010 =
b11100000011000110 B
b11100011101010101 A
1#
#123375005
0#
#123380005
1%
b111010 &
1#
#123385005
0#
#123390005
0%
b111001111011 =
b11100000011100101 B
b11100011110001111 A
1#
#123395005
0#
#123400005
1%
b111011 &
1#
#123405005
0#
#123410005
0%
b111001111100 =
b11100000100000100 B
b11100011111001010 A
1#
#123415005
0#
#123420005
1%
b111100 &
1#
#123425005
0#
#123430005
0%
b111001111101 =
b11100000100100011 B
b11100100000000110 A
1#
#123435005
0#
#123440005
1%
b111101 &
1#
#123445005
0#
#123450005
0%
b111001111110 =
b11100000101000010 B
b11100100001000011 A
1#
#123455005
0#
#123460005
1%
b111110 &
1#
#123465005
0#
#123470005
0%
b111001111111 =
b11100000101100001 B
b11100100010000001 A
1#
#123475005
0#
#123480005
1%
b111111 &
1#
#123485005
0#
#123490005
0%
b111010000000 =
b11100000110000000 B
b11100100011000000 A
1#
#123495005
0#
#123500005
1%
b0 &
1#
#123505005
0#
#123510005
0%
b111010000001 =
b11100000110011111 B
1#
#123515005
0#
#123520005
1%
b1 &
1#
#123525005
0#
#123530005
0%
b111010000010 =
b11100000110111110 B
b11100100011000001 A
1#
#123535005
0#
#123540005
1%
b10 &
1#
#123545005
0#
#123550005
0%
b111010000011 =
b11100000111011101 B
b11100100011000011 A
1#
#123555005
0#
#123560005
1%
b11 &
1#
#123565005
0#
#123570005
0%
b111010000100 =
b11100000111111100 B
b11100100011000110 A
1#
#123575005
0#
#123580005
1%
b100 &
1#
#123585005
0#
#123590005
0%
b111010000101 =
b11100001000011011 B
b11100100011001010 A
1#
#123595005
0#
#123600005
1%
b101 &
1#
#123605005
0#
#123610005
0%
b111010000110 =
b11100001000111010 B
b11100100011001111 A
1#
#123615005
0#
#123620005
1%
b110 &
1#
#123625005
0#
#123630005
0%
b111010000111 =
b11100001001011001 B
b11100100011010101 A
1#
#123635005
0#
#123640005
1%
b111 &
1#
#123645005
0#
#123650005
0%
b111010001000 =
b11100001001111000 B
b11100100011011100 A
1#
#123655005
0#
#123660005
1%
b1000 &
1#
#123665005
0#
#123670005
0%
b111010001001 =
b11100001010010111 B
b11100100011100100 A
1#
#123675005
0#
#123680005
1%
b1001 &
1#
#123685005
0#
#123690005
0%
b111010001010 =
b11100001010110110 B
b11100100011101101 A
1#
#123695005
0#
#123700005
1%
b1010 &
1#
#123705005
0#
#123710005
0%
b111010001011 =
b11100001011010101 B
b11100100011110111 A
1#
#123715005
0#
#123720005
1%
b1011 &
1#
#123725005
0#
#123730005
0%
b111010001100 =
b11100001011110100 B
b11100100100000010 A
1#
#123735005
0#
#123740005
1%
b1100 &
1#
#123745005
0#
#123750005
0%
b111010001101 =
b11100001100010011 B
b11100100100001110 A
1#
#123755005
0#
#123760005
1%
b1101 &
1#
#123765005
0#
#123770005
0%
b111010001110 =
b11100001100110010 B
b11100100100011011 A
1#
#123775005
0#
#123780005
1%
b1110 &
1#
#123785005
0#
#123790005
0%
b111010001111 =
b11100001101010001 B
b11100100100101001 A
1#
#123795005
0#
#123800005
1%
b1111 &
1#
#123805005
0#
#123810005
0%
b111010010000 =
b11100001101110000 B
b11100100100111000 A
1#
#123815005
0#
#123820005
1%
b10000 &
1#
#123825005
0#
#123830005
0%
b111010010001 =
b11100001110001111 B
b11100100101001000 A
1#
#123835005
0#
#123840005
1%
b10001 &
1#
#123845005
0#
#123850005
0%
b111010010010 =
b11100001110101110 B
b11100100101011001 A
1#
#123855005
0#
#123860005
1%
b10010 &
1#
#123865005
0#
#123870005
0%
b111010010011 =
b11100001111001101 B
b11100100101101011 A
1#
#123875005
0#
#123880005
1%
b10011 &
1#
#123885005
0#
#123890005
0%
b111010010100 =
b11100001111101100 B
b11100100101111110 A
1#
#123895005
0#
#123900005
1%
b10100 &
1#
#123905005
0#
#123910005
0%
b111010010101 =
b11100010000001011 B
b11100100110010010 A
1#
#123915005
0#
#123920005
1%
b10101 &
1#
#123925005
0#
#123930005
0%
b111010010110 =
b11100010000101010 B
b11100100110100111 A
1#
#123935005
0#
#123940005
1%
b10110 &
1#
#123945005
0#
#123950005
0%
b111010010111 =
b11100010001001001 B
b11100100110111101 A
1#
#123955005
0#
#123960005
1%
b10111 &
1#
#123965005
0#
#123970005
0%
b111010011000 =
b11100010001101000 B
b11100100111010100 A
1#
#123975005
0#
#123980005
1%
b11000 &
1#
#123985005
0#
#123990005
0%
b111010011001 =
b11100010010000111 B
b11100100111101100 A
1#
#123995005
0#
#124000005
1%
b11001 &
1#
#124005005
0#
#124010005
0%
b111010011010 =
b11100010010100110 B
b11100101000000101 A
1#
#124015005
0#
#124020005
1%
b11010 &
1#
#124025005
0#
#124030005
0%
b111010011011 =
b11100010011000101 B
b11100101000011111 A
1#
#124035005
0#
#124040005
1%
b11011 &
1#
#124045005
0#
#124050005
0%
b111010011100 =
b11100010011100100 B
b11100101000111010 A
1#
#124055005
0#
#124060005
1%
b11100 &
1#
#124065005
0#
#124070005
0%
b111010011101 =
b11100010100000011 B
b11100101001010110 A
1#
#124075005
0#
#124080005
1%
b11101 &
1#
#124085005
0#
#124090005
0%
b111010011110 =
b11100010100100010 B
b11100101001110011 A
1#
#124095005
0#
#124100005
1%
b11110 &
1#
#124105005
0#
#124110005
0%
b111010011111 =
b11100010101000001 B
b11100101010010001 A
1#
#124115005
0#
#124120005
1%
b11111 &
1#
#124125005
0#
#124130005
0%
b111010100000 =
b11100010101100000 B
b11100101010110000 A
1#
#124135005
0#
#124140005
1%
b100000 &
1#
#124145005
0#
#124150005
0%
b111010100001 =
b11100010101111111 B
b11100101011010000 A
1#
#124155005
0#
#124160005
1%
b100001 &
1#
#124165005
0#
#124170005
0%
b111010100010 =
b11100010110011110 B
b11100101011110001 A
1#
#124175005
0#
#124180005
1%
b100010 &
1#
#124185005
0#
#124190005
0%
b111010100011 =
b11100010110111101 B
b11100101100010011 A
1#
#124195005
0#
#124200005
1%
b100011 &
1#
#124205005
0#
#124210005
0%
b111010100100 =
b11100010111011100 B
b11100101100110110 A
1#
#124215005
0#
#124220005
1%
b100100 &
1#
#124225005
0#
#124230005
0%
b111010100101 =
b11100010111111011 B
b11100101101011010 A
1#
#124235005
0#
#124240005
1%
b100101 &
1#
#124245005
0#
#124250005
0%
b111010100110 =
b11100011000011010 B
b11100101101111111 A
1#
#124255005
0#
#124260005
1%
b100110 &
1#
#124265005
0#
#124270005
0%
b111010100111 =
b11100011000111001 B
b11100101110100101 A
1#
#124275005
0#
#124280005
1%
b100111 &
1#
#124285005
0#
#124290005
0%
b111010101000 =
b11100011001011000 B
b11100101111001100 A
1#
#124295005
0#
#124300005
1%
b101000 &
1#
#124305005
0#
#124310005
0%
b111010101001 =
b11100011001110111 B
b11100101111110100 A
1#
#124315005
0#
#124320005
1%
b101001 &
1#
#124325005
0#
#124330005
0%
b111010101010 =
b11100011010010110 B
b11100110000011101 A
1#
#124335005
0#
#124340005
1%
b101010 &
1#
#124345005
0#
#124350005
0%
b111010101011 =
b11100011010110101 B
b11100110001000111 A
1#
#124355005
0#
#124360005
1%
b101011 &
1#
#124365005
0#
#124370005
0%
b111010101100 =
b11100011011010100 B
b11100110001110010 A
1#
#124375005
0#
#124380005
1%
b101100 &
1#
#124385005
0#
#124390005
0%
b111010101101 =
b11100011011110011 B
b11100110010011110 A
1#
#124395005
0#
#124400005
1%
b101101 &
1#
#124405005
0#
#124410005
0%
b111010101110 =
b11100011100010010 B
b11100110011001011 A
1#
#124415005
0#
#124420005
1%
b101110 &
1#
#124425005
0#
#124430005
0%
b111010101111 =
b11100011100110001 B
b11100110011111001 A
1#
#124435005
0#
#124440005
1%
b101111 &
1#
#124445005
0#
#124450005
0%
b111010110000 =
b11100011101010000 B
b11100110100101000 A
1#
#124455005
0#
#124460005
1%
b110000 &
1#
#124465005
0#
#124470005
0%
b111010110001 =
b11100011101101111 B
b11100110101011000 A
1#
#124475005
0#
#124480005
1%
b110001 &
1#
#124485005
0#
#124490005
0%
b111010110010 =
b11100011110001110 B
b11100110110001001 A
1#
#124495005
0#
#124500005
1%
b110010 &
1#
#124505005
0#
#124510005
0%
b111010110011 =
b11100011110101101 B
b11100110110111011 A
1#
#124515005
0#
#124520005
1%
b110011 &
1#
#124525005
0#
#124530005
0%
b111010110100 =
b11100011111001100 B
b11100110111101110 A
1#
#124535005
0#
#124540005
1%
b110100 &
1#
#124545005
0#
#124550005
0%
b111010110101 =
b11100011111101011 B
b11100111000100010 A
1#
#124555005
0#
#124560005
1%
b110101 &
1#
#124565005
0#
#124570005
0%
b111010110110 =
b11100100000001010 B
b11100111001010111 A
1#
#124575005
0#
#124580005
1%
b110110 &
1#
#124585005
0#
#124590005
0%
b111010110111 =
b11100100000101001 B
b11100111010001101 A
1#
#124595005
0#
#124600005
1%
b110111 &
1#
#124605005
0#
#124610005
0%
b111010111000 =
b11100100001001000 B
b11100111011000100 A
1#
#124615005
0#
#124620005
1%
b111000 &
1#
#124625005
0#
#124630005
0%
b111010111001 =
b11100100001100111 B
b11100111011111100 A
1#
#124635005
0#
#124640005
1%
b111001 &
1#
#124645005
0#
#124650005
0%
b111010111010 =
b11100100010000110 B
b11100111100110101 A
1#
#124655005
0#
#124660005
1%
b111010 &
1#
#124665005
0#
#124670005
0%
b111010111011 =
b11100100010100101 B
b11100111101101111 A
1#
#124675005
0#
#124680005
1%
b111011 &
1#
#124685005
0#
#124690005
0%
b111010111100 =
b11100100011000100 B
b11100111110101010 A
1#
#124695005
0#
#124700005
1%
b111100 &
1#
#124705005
0#
#124710005
0%
b111010111101 =
b11100100011100011 B
b11100111111100110 A
1#
#124715005
0#
#124720005
1%
b111101 &
1#
#124725005
0#
#124730005
0%
b111010111110 =
b11100100100000010 B
b11101000000100011 A
1#
#124735005
0#
#124740005
1%
b111110 &
1#
#124745005
0#
#124750005
0%
b111010111111 =
b11100100100100001 B
b11101000001100001 A
1#
#124755005
0#
#124760005
1%
b111111 &
1#
#124765005
0#
#124770005
0%
b111011000000 =
b11100100101000000 B
b11101000010100000 A
1#
#124775005
0#
#124780005
1%
b0 &
1#
#124785005
0#
#124790005
0%
b111011000001 =
b11100100101011111 B
1#
#124795005
0#
#124800005
1%
b1 &
1#
#124805005
0#
#124810005
0%
b111011000010 =
b11100100101111110 B
b11101000010100001 A
1#
#124815005
0#
#124820005
1%
b10 &
1#
#124825005
0#
#124830005
0%
b111011000011 =
b11100100110011101 B
b11101000010100011 A
1#
#124835005
0#
#124840005
1%
b11 &
1#
#124845005
0#
#124850005
0%
b111011000100 =
b11100100110111100 B
b11101000010100110 A
1#
#124855005
0#
#124860005
1%
b100 &
1#
#124865005
0#
#124870005
0%
b111011000101 =
b11100100111011011 B
b11101000010101010 A
1#
#124875005
0#
#124880005
1%
b101 &
1#
#124885005
0#
#124890005
0%
b111011000110 =
b11100100111111010 B
b11101000010101111 A
1#
#124895005
0#
#124900005
1%
b110 &
1#
#124905005
0#
#124910005
0%
b111011000111 =
b11100101000011001 B
b11101000010110101 A
1#
#124915005
0#
#124920005
1%
b111 &
1#
#124925005
0#
#124930005
0%
b111011001000 =
b11100101000111000 B
b11101000010111100 A
1#
#124935005
0#
#124940005
1%
b1000 &
1#
#124945005
0#
#124950005
0%
b111011001001 =
b11100101001010111 B
b11101000011000100 A
1#
#124955005
0#
#124960005
1%
b1001 &
1#
#124965005
0#
#124970005
0%
b111011001010 =
b11100101001110110 B
b11101000011001101 A
1#
#124975005
0#
#124980005
1%
b1010 &
1#
#124985005
0#
#124990005
0%
b111011001011 =
b11100101010010101 B
b11101000011010111 A
1#
#124995005
0#
#125000005
1%
b1011 &
1#
#125005005
0#
#125010005
0%
b111011001100 =
b11100101010110100 B
b11101000011100010 A
1#
#125015005
0#
#125020005
1%
b1100 &
1#
#125025005
0#
#125030005
0%
b111011001101 =
b11100101011010011 B
b11101000011101110 A
1#
#125035005
0#
#125040005
1%
b1101 &
1#
#125045005
0#
#125050005
0%
b111011001110 =
b11100101011110010 B
b11101000011111011 A
1#
#125055005
0#
#125060005
1%
b1110 &
1#
#125065005
0#
#125070005
0%
b111011001111 =
b11100101100010001 B
b11101000100001001 A
1#
#125075005
0#
#125080005
1%
b1111 &
1#
#125085005
0#
#125090005
0%
b111011010000 =
b11100101100110000 B
b11101000100011000 A
1#
#125095005
0#
#125100005
1%
b10000 &
1#
#125105005
0#
#125110005
0%
b111011010001 =
b11100101101001111 B
b11101000100101000 A
1#
#125115005
0#
#125120005
1%
b10001 &
1#
#125125005
0#
#125130005
0%
b111011010010 =
b11100101101101110 B
b11101000100111001 A
1#
#125135005
0#
#125140005
1%
b10010 &
1#
#125145005
0#
#125150005
0%
b111011010011 =
b11100101110001101 B
b11101000101001011 A
1#
#125155005
0#
#125160005
1%
b10011 &
1#
#125165005
0#
#125170005
0%
b111011010100 =
b11100101110101100 B
b11101000101011110 A
1#
#125175005
0#
#125180005
1%
b10100 &
1#
#125185005
0#
#125190005
0%
b111011010101 =
b11100101111001011 B
b11101000101110010 A
1#
#125195005
0#
#125200005
1%
b10101 &
1#
#125205005
0#
#125210005
0%
b111011010110 =
b11100101111101010 B
b11101000110000111 A
1#
#125215005
0#
#125220005
1%
b10110 &
1#
#125225005
0#
#125230005
0%
b111011010111 =
b11100110000001001 B
b11101000110011101 A
1#
#125235005
0#
#125240005
1%
b10111 &
1#
#125245005
0#
#125250005
0%
b111011011000 =
b11100110000101000 B
b11101000110110100 A
1#
#125255005
0#
#125260005
1%
b11000 &
1#
#125265005
0#
#125270005
0%
b111011011001 =
b11100110001000111 B
b11101000111001100 A
1#
#125275005
0#
#125280005
1%
b11001 &
1#
#125285005
0#
#125290005
0%
b111011011010 =
b11100110001100110 B
b11101000111100101 A
1#
#125295005
0#
#125300005
1%
b11010 &
1#
#125305005
0#
#125310005
0%
b111011011011 =
b11100110010000101 B
b11101000111111111 A
1#
#125315005
0#
#125320005
1%
b11011 &
1#
#125325005
0#
#125330005
0%
b111011011100 =
b11100110010100100 B
b11101001000011010 A
1#
#125335005
0#
#125340005
1%
b11100 &
1#
#125345005
0#
#125350005
0%
b111011011101 =
b11100110011000011 B
b11101001000110110 A
1#
#125355005
0#
#125360005
1%
b11101 &
1#
#125365005
0#
#125370005
0%
b111011011110 =
b11100110011100010 B
b11101001001010011 A
1#
#125375005
0#
#125380005
1%
b11110 &
1#
#125385005
0#
#125390005
0%
b111011011111 =
b11100110100000001 B
b11101001001110001 A
1#
#125395005
0#
#125400005
1%
b11111 &
1#
#125405005
0#
#125410005
0%
b111011100000 =
b11100110100100000 B
b11101001010010000 A
1#
#125415005
0#
#125420005
1%
b100000 &
1#
#125425005
0#
#125430005
0%
b111011100001 =
b11100110100111111 B
b11101001010110000 A
1#
#125435005
0#
#125440005
1%
b100001 &
1#
#125445005
0#
#125450005
0%
b111011100010 =
b11100110101011110 B
b11101001011010001 A
1#
#125455005
0#
#125460005
1%
b100010 &
1#
#125465005
0#
#125470005
0%
b111011100011 =
b11100110101111101 B
b11101001011110011 A
1#
#125475005
0#
#125480005
1%
b100011 &
1#
#125485005
0#
#125490005
0%
b111011100100 =
b11100110110011100 B
b11101001100010110 A
1#
#125495005
0#
#125500005
1%
b100100 &
1#
#125505005
0#
#125510005
0%
b111011100101 =
b11100110110111011 B
b11101001100111010 A
1#
#125515005
0#
#125520005
1%
b100101 &
1#
#125525005
0#
#125530005
0%
b111011100110 =
b11100110111011010 B
b11101001101011111 A
1#
#125535005
0#
#125540005
1%
b100110 &
1#
#125545005
0#
#125550005
0%
b111011100111 =
b11100110111111001 B
b11101001110000101 A
1#
#125555005
0#
#125560005
1%
b100111 &
1#
#125565005
0#
#125570005
0%
b111011101000 =
b11100111000011000 B
b11101001110101100 A
1#
#125575005
0#
#125580005
1%
b101000 &
1#
#125585005
0#
#125590005
0%
b111011101001 =
b11100111000110111 B
b11101001111010100 A
1#
#125595005
0#
#125600005
1%
b101001 &
1#
#125605005
0#
#125610005
0%
b111011101010 =
b11100111001010110 B
b11101001111111101 A
1#
#125615005
0#
#125620005
1%
b101010 &
1#
#125625005
0#
#125630005
0%
b111011101011 =
b11100111001110101 B
b11101010000100111 A
1#
#125635005
0#
#125640005
1%
b101011 &
1#
#125645005
0#
#125650005
0%
b111011101100 =
b11100111010010100 B
b11101010001010010 A
1#
#125655005
0#
#125660005
1%
b101100 &
1#
#125665005
0#
#125670005
0%
b111011101101 =
b11100111010110011 B
b11101010001111110 A
1#
#125675005
0#
#125680005
1%
b101101 &
1#
#125685005
0#
#125690005
0%
b111011101110 =
b11100111011010010 B
b11101010010101011 A
1#
#125695005
0#
#125700005
1%
b101110 &
1#
#125705005
0#
#125710005
0%
b111011101111 =
b11100111011110001 B
b11101010011011001 A
1#
#125715005
0#
#125720005
1%
b101111 &
1#
#125725005
0#
#125730005
0%
b111011110000 =
b11100111100010000 B
b11101010100001000 A
1#
#125735005
0#
#125740005
1%
b110000 &
1#
#125745005
0#
#125750005
0%
b111011110001 =
b11100111100101111 B
b11101010100111000 A
1#
#125755005
0#
#125760005
1%
b110001 &
1#
#125765005
0#
#125770005
0%
b111011110010 =
b11100111101001110 B
b11101010101101001 A
1#
#125775005
0#
#125780005
1%
b110010 &
1#
#125785005
0#
#125790005
0%
b111011110011 =
b11100111101101101 B
b11101010110011011 A
1#
#125795005
0#
#125800005
1%
b110011 &
1#
#125805005
0#
#125810005
0%
b111011110100 =
b11100111110001100 B
b11101010111001110 A
1#
#125815005
0#
#125820005
1%
b110100 &
1#
#125825005
0#
#125830005
0%
b111011110101 =
b11100111110101011 B
b11101011000000010 A
1#
#125835005
0#
#125840005
1%
b110101 &
1#
#125845005
0#
#125850005
0%
b111011110110 =
b11100111111001010 B
b11101011000110111 A
1#
#125855005
0#
#125860005
1%
b110110 &
1#
#125865005
0#
#125870005
0%
b111011110111 =
b11100111111101001 B
b11101011001101101 A
1#
#125875005
0#
#125880005
1%
b110111 &
1#
#125885005
0#
#125890005
0%
b111011111000 =
b11101000000001000 B
b11101011010100100 A
1#
#125895005
0#
#125900005
1%
b111000 &
1#
#125905005
0#
#125910005
0%
b111011111001 =
b11101000000100111 B
b11101011011011100 A
1#
#125915005
0#
#125920005
1%
b111001 &
1#
#125925005
0#
#125930005
0%
b111011111010 =
b11101000001000110 B
b11101011100010101 A
1#
#125935005
0#
#125940005
1%
b111010 &
1#
#125945005
0#
#125950005
0%
b111011111011 =
b11101000001100101 B
b11101011101001111 A
1#
#125955005
0#
#125960005
1%
b111011 &
1#
#125965005
0#
#125970005
0%
b111011111100 =
b11101000010000100 B
b11101011110001010 A
1#
#125975005
0#
#125980005
1%
b111100 &
1#
#125985005
0#
#125990005
0%
b111011111101 =
b11101000010100011 B
b11101011111000110 A
1#
#125995005
0#
#126000005
1%
b111101 &
1#
#126005005
0#
#126010005
0%
b111011111110 =
b11101000011000010 B
b11101100000000011 A
1#
#126015005
0#
#126020005
1%
b111110 &
1#
#126025005
0#
#126030005
0%
b111011111111 =
b11101000011100001 B
b11101100001000001 A
1#
#126035005
0#
#126040005
1%
b111111 &
1#
#126045005
0#
#126050005
0%
b111100000000 =
b11101000100000000 B
b11101100010000000 A
1#
#126055005
0#
#126060005
1%
b0 &
1#
#126065005
0#
#126070005
0%
b111100000001 =
b11101000100011111 B
1#
#126075005
0#
#126080005
1%
b1 &
1#
#126085005
0#
#126090005
0%
b111100000010 =
b11101000100111110 B
b11101100010000001 A
1#
#126095005
0#
#126100005
1%
b10 &
1#
#126105005
0#
#126110005
0%
b111100000011 =
b11101000101011101 B
b11101100010000011 A
1#
#126115005
0#
#126120005
1%
b11 &
1#
#126125005
0#
#126130005
0%
b111100000100 =
b11101000101111100 B
b11101100010000110 A
1#
#126135005
0#
#126140005
1%
b100 &
1#
#126145005
0#
#126150005
0%
b111100000101 =
b11101000110011011 B
b11101100010001010 A
1#
#126155005
0#
#126160005
1%
b101 &
1#
#126165005
0#
#126170005
0%
b111100000110 =
b11101000110111010 B
b11101100010001111 A
1#
#126175005
0#
#126180005
1%
b110 &
1#
#126185005
0#
#126190005
0%
b111100000111 =
b11101000111011001 B
b11101100010010101 A
1#
#126195005
0#
#126200005
1%
b111 &
1#
#126205005
0#
#126210005
0%
b111100001000 =
b11101000111111000 B
b11101100010011100 A
1#
#126215005
0#
#126220005
1%
b1000 &
1#
#126225005
0#
#126230005
0%
b111100001001 =
b11101001000010111 B
b11101100010100100 A
1#
#126235005
0#
#126240005
1%
b1001 &
1#
#126245005
0#
#126250005
0%
b111100001010 =
b11101001000110110 B
b11101100010101101 A
1#
#126255005
0#
#126260005
1%
b1010 &
1#
#126265005
0#
#126270005
0%
b111100001011 =
b11101001001010101 B
b11101100010110111 A
1#
#126275005
0#
#126280005
1%
b1011 &
1#
#126285005
0#
#126290005
0%
b111100001100 =
b11101001001110100 B
b11101100011000010 A
1#
#126295005
0#
#126300005
1%
b1100 &
1#
#126305005
0#
#126310005
0%
b111100001101 =
b11101001010010011 B
b11101100011001110 A
1#
#126315005
0#
#126320005
1%
b1101 &
1#
#126325005
0#
#126330005
0%
b111100001110 =
b11101001010110010 B
b11101100011011011 A
1#
#126335005
0#
#126340005
1%
b1110 &
1#
#126345005
0#
#126350005
0%
b111100001111 =
b11101001011010001 B
b11101100011101001 A
1#
#126355005
0#
#126360005
1%
b1111 &
1#
#126365005
0#
#126370005
0%
b111100010000 =
b11101001011110000 B
b11101100011111000 A
1#
#126375005
0#
#126380005
1%
b10000 &
1#
#126385005
0#
#126390005
0%
b111100010001 =
b11101001100001111 B
b11101100100001000 A
1#
#126395005
0#
#126400005
1%
b10001 &
1#
#126405005
0#
#126410005
0%
b111100010010 =
b11101001100101110 B
b11101100100011001 A
1#
#126415005
0#
#126420005
1%
b10010 &
1#
#126425005
0#
#126430005
0%
b111100010011 =
b11101001101001101 B
b11101100100101011 A
1#
#126435005
0#
#126440005
1%
b10011 &
1#
#126445005
0#
#126450005
0%
b111100010100 =
b11101001101101100 B
b11101100100111110 A
1#
#126455005
0#
#126460005
1%
b10100 &
1#
#126465005
0#
#126470005
0%
b111100010101 =
b11101001110001011 B
b11101100101010010 A
1#
#126475005
0#
#126480005
1%
b10101 &
1#
#126485005
0#
#126490005
0%
b111100010110 =
b11101001110101010 B
b11101100101100111 A
1#
#126495005
0#
#126500005
1%
b10110 &
1#
#126505005
0#
#126510005
0%
b111100010111 =
b11101001111001001 B
b11101100101111101 A
1#
#126515005
0#
#126520005
1%
b10111 &
1#
#126525005
0#
#126530005
0%
b111100011000 =
b11101001111101000 B
b11101100110010100 A
1#
#126535005
0#
#126540005
1%
b11000 &
1#
#126545005
0#
#126550005
0%
b111100011001 =
b11101010000000111 B
b11101100110101100 A
1#
#126555005
0#
#126560005
1%
b11001 &
1#
#126565005
0#
#126570005
0%
b111100011010 =
b11101010000100110 B
b11101100111000101 A
1#
#126575005
0#
#126580005
1%
b11010 &
1#
#126585005
0#
#126590005
0%
b111100011011 =
b11101010001000101 B
b11101100111011111 A
1#
#126595005
0#
#126600005
1%
b11011 &
1#
#126605005
0#
#126610005
0%
b111100011100 =
b11101010001100100 B
b11101100111111010 A
1#
#126615005
0#
#126620005
1%
b11100 &
1#
#126625005
0#
#126630005
0%
b111100011101 =
b11101010010000011 B
b11101101000010110 A
1#
#126635005
0#
#126640005
1%
b11101 &
1#
#126645005
0#
#126650005
0%
b111100011110 =
b11101010010100010 B
b11101101000110011 A
1#
#126655005
0#
#126660005
1%
b11110 &
1#
#126665005
0#
#126670005
0%
b111100011111 =
b11101010011000001 B
b11101101001010001 A
1#
#126675005
0#
#126680005
1%
b11111 &
1#
#126685005
0#
#126690005
0%
b111100100000 =
b11101010011100000 B
b11101101001110000 A
1#
#126695005
0#
#126700005
1%
b100000 &
1#
#126705005
0#
#126710005
0%
b111100100001 =
b11101010011111111 B
b11101101010010000 A
1#
#126715005
0#
#126720005
1%
b100001 &
1#
#126725005
0#
#126730005
0%
b111100100010 =
b11101010100011110 B
b11101101010110001 A
1#
#126735005
0#
#126740005
1%
b100010 &
1#
#126745005
0#
#126750005
0%
b111100100011 =
b11101010100111101 B
b11101101011010011 A
1#
#126755005
0#
#126760005
1%
b100011 &
1#
#126765005
0#
#126770005
0%
b111100100100 =
b11101010101011100 B
b11101101011110110 A
1#
#126775005
0#
#126780005
1%
b100100 &
1#
#126785005
0#
#126790005
0%
b111100100101 =
b11101010101111011 B
b11101101100011010 A
1#
#126795005
0#
#126800005
1%
b100101 &
1#
#126805005
0#
#126810005
0%
b111100100110 =
b11101010110011010 B
b11101101100111111 A
1#
#126815005
0#
#126820005
1%
b100110 &
1#
#126825005
0#
#126830005
0%
b111100100111 =
b11101010110111001 B
b11101101101100101 A
1#
#126835005
0#
#126840005
1%
b100111 &
1#
#126845005
0#
#126850005
0%
b111100101000 =
b11101010111011000 B
b11101101110001100 A
1#
#126855005
0#
#126860005
1%
b101000 &
1#
#126865005
0#
#126870005
0%
b111100101001 =
b11101010111110111 B
b11101101110110100 A
1#
#126875005
0#
#126880005
1%
b101001 &
1#
#126885005
0#
#126890005
0%
b111100101010 =
b11101011000010110 B
b11101101111011101 A
1#
#126895005
0#
#126900005
1%
b101010 &
1#
#126905005
0#
#126910005
0%
b111100101011 =
b11101011000110101 B
b11101110000000111 A
1#
#126915005
0#
#126920005
1%
b101011 &
1#
#126925005
0#
#126930005
0%
b111100101100 =
b11101011001010100 B
b11101110000110010 A
1#
#126935005
0#
#126940005
1%
b101100 &
1#
#126945005
0#
#126950005
0%
b111100101101 =
b11101011001110011 B
b11101110001011110 A
1#
#126955005
0#
#126960005
1%
b101101 &
1#
#126965005
0#
#126970005
0%
b111100101110 =
b11101011010010010 B
b11101110010001011 A
1#
#126975005
0#
#126980005
1%
b101110 &
1#
#126985005
0#
#126990005
0%
b111100101111 =
b11101011010110001 B
b11101110010111001 A
1#
#126995005
0#
#127000005
1%
b101111 &
1#
#127005005
0#
#127010005
0%
b111100110000 =
b11101011011010000 B
b11101110011101000 A
1#
#127015005
0#
#127020005
1%
b110000 &
1#
#127025005
0#
#127030005
0%
b111100110001 =
b11101011011101111 B
b11101110100011000 A
1#
#127035005
0#
#127040005
1%
b110001 &
1#
#127045005
0#
#127050005
0%
b111100110010 =
b11101011100001110 B
b11101110101001001 A
1#
#127055005
0#
#127060005
1%
b110010 &
1#
#127065005
0#
#127070005
0%
b111100110011 =
b11101011100101101 B
b11101110101111011 A
1#
#127075005
0#
#127080005
1%
b110011 &
1#
#127085005
0#
#127090005
0%
b111100110100 =
b11101011101001100 B
b11101110110101110 A
1#
#127095005
0#
#127100005
1%
b110100 &
1#
#127105005
0#
#127110005
0%
b111100110101 =
b11101011101101011 B
b11101110111100010 A
1#
#127115005
0#
#127120005
1%
b110101 &
1#
#127125005
0#
#127130005
0%
b111100110110 =
b11101011110001010 B
b11101111000010111 A
1#
#127135005
0#
#127140005
1%
b110110 &
1#
#127145005
0#
#127150005
0%
b111100110111 =
b11101011110101001 B
b11101111001001101 A
1#
#127155005
0#
#127160005
1%
b110111 &
1#
#127165005
0#
#127170005
0%
b111100111000 =
b11101011111001000 B
b11101111010000100 A
1#
#127175005
0#
#127180005
1%
b111000 &
1#
#127185005
0#
#127190005
0%
b111100111001 =
b11101011111100111 B
b11101111010111100 A
1#
#127195005
0#
#127200005
1%
b111001 &
1#
#127205005
0#
#127210005
0%
b111100111010 =
b11101100000000110 B
b11101111011110101 A
1#
#127215005
0#
#127220005
1%
b111010 &
1#
#127225005
0#
#127230005
0%
b111100111011 =
b11101100000100101 B
b11101111100101111 A
1#
#127235005
0#
#127240005
1%
b111011 &
1#
#127245005
0#
#127250005
0%
b111100111100 =
b11101100001000100 B
b11101111101101010 A
1#
#127255005
0#
#127260005
1%
b111100 &
1#
#127265005
0#
#127270005
0%
b111100111101 =
b11101100001100011 B
b11101111110100110 A
1#
#127275005
0#
#127280005
1%
b111101 &
1#
#127285005
0#
#127290005
0%
b111100111110 =
b11101100010000010 B
b11101111111100011 A
1#
#127295005
0#
#127300005
1%
b111110 &
1#
#127305005
0#
#127310005
0%
b111100111111 =
b11101100010100001 B
b11110000000100001 A
1#
#127315005
0#
#127320005
1%
b111111 &
1#
#127325005
0#
#127330005
0%
b111101000000 =
b11101100011000000 B
b11110000001100000 A
1#
#127335005
0#
#127340005
1%
b0 &
1#
#127345005
0#
#127350005
0%
b111101000001 =
b11101100011011111 B
1#
#127355005
0#
#127360005
1%
b1 &
1#
#127365005
0#
#127370005
0%
b111101000010 =
b11101100011111110 B
b11110000001100001 A
1#
#127375005
0#
#127380005
1%
b10 &
1#
#127385005
0#
#127390005
0%
b111101000011 =
b11101100100011101 B
b11110000001100011 A
1#
#127395005
0#
#127400005
1%
b11 &
1#
#127405005
0#
#127410005
0%
b111101000100 =
b11101100100111100 B
b11110000001100110 A
1#
#127415005
0#
#127420005
1%
b100 &
1#
#127425005
0#
#127430005
0%
b111101000101 =
b11101100101011011 B
b11110000001101010 A
1#
#127435005
0#
#127440005
1%
b101 &
1#
#127445005
0#
#127450005
0%
b111101000110 =
b11101100101111010 B
b11110000001101111 A
1#
#127455005
0#
#127460005
1%
b110 &
1#
#127465005
0#
#127470005
0%
b111101000111 =
b11101100110011001 B
b11110000001110101 A
1#
#127475005
0#
#127480005
1%
b111 &
1#
#127485005
0#
#127490005
0%
b111101001000 =
b11101100110111000 B
b11110000001111100 A
1#
#127495005
0#
#127500005
1%
b1000 &
1#
#127505005
0#
#127510005
0%
b111101001001 =
b11101100111010111 B
b11110000010000100 A
1#
#127515005
0#
#127520005
1%
b1001 &
1#
#127525005
0#
#127530005
0%
b111101001010 =
b11101100111110110 B
b11110000010001101 A
1#
#127535005
0#
#127540005
1%
b1010 &
1#
#127545005
0#
#127550005
0%
b111101001011 =
b11101101000010101 B
b11110000010010111 A
1#
#127555005
0#
#127560005
1%
b1011 &
1#
#127565005
0#
#127570005
0%
b111101001100 =
b11101101000110100 B
b11110000010100010 A
1#
#127575005
0#
#127580005
1%
b1100 &
1#
#127585005
0#
#127590005
0%
b111101001101 =
b11101101001010011 B
b11110000010101110 A
1#
#127595005
0#
#127600005
1%
b1101 &
1#
#127605005
0#
#127610005
0%
b111101001110 =
b11101101001110010 B
b11110000010111011 A
1#
#127615005
0#
#127620005
1%
b1110 &
1#
#127625005
0#
#127630005
0%
b111101001111 =
b11101101010010001 B
b11110000011001001 A
1#
#127635005
0#
#127640005
1%
b1111 &
1#
#127645005
0#
#127650005
0%
b111101010000 =
b11101101010110000 B
b11110000011011000 A
1#
#127655005
0#
#127660005
1%
b10000 &
1#
#127665005
0#
#127670005
0%
b111101010001 =
b11101101011001111 B
b11110000011101000 A
1#
#127675005
0#
#127680005
1%
b10001 &
1#
#127685005
0#
#127690005
0%
b111101010010 =
b11101101011101110 B
b11110000011111001 A
1#
#127695005
0#
#127700005
1%
b10010 &
1#
#127705005
0#
#127710005
0%
b111101010011 =
b11101101100001101 B
b11110000100001011 A
1#
#127715005
0#
#127720005
1%
b10011 &
1#
#127725005
0#
#127730005
0%
b111101010100 =
b11101101100101100 B
b11110000100011110 A
1#
#127735005
0#
#127740005
1%
b10100 &
1#
#127745005
0#
#127750005
0%
b111101010101 =
b11101101101001011 B
b11110000100110010 A
1#
#127755005
0#
#127760005
1%
b10101 &
1#
#127765005
0#
#127770005
0%
b111101010110 =
b11101101101101010 B
b11110000101000111 A
1#
#127775005
0#
#127780005
1%
b10110 &
1#
#127785005
0#
#127790005
0%
b111101010111 =
b11101101110001001 B
b11110000101011101 A
1#
#127795005
0#
#127800005
1%
b10111 &
1#
#127805005
0#
#127810005
0%
b111101011000 =
b11101101110101000 B
b11110000101110100 A
1#
#127815005
0#
#127820005
1%
b11000 &
1#
#127825005
0#
#127830005
0%
b111101011001 =
b11101101111000111 B
b11110000110001100 A
1#
#127835005
0#
#127840005
1%
b11001 &
1#
#127845005
0#
#127850005
0%
b111101011010 =
b11101101111100110 B
b11110000110100101 A
1#
#127855005
0#
#127860005
1%
b11010 &
1#
#127865005
0#
#127870005
0%
b111101011011 =
b11101110000000101 B
b11110000110111111 A
1#
#127875005
0#
#127880005
1%
b11011 &
1#
#127885005
0#
#127890005
0%
b111101011100 =
b11101110000100100 B
b11110000111011010 A
1#
#127895005
0#
#127900005
1%
b11100 &
1#
#127905005
0#
#127910005
0%
b111101011101 =
b11101110001000011 B
b11110000111110110 A
1#
#127915005
0#
#127920005
1%
b11101 &
1#
#127925005
0#
#127930005
0%
b111101011110 =
b11101110001100010 B
b11110001000010011 A
1#
#127935005
0#
#127940005
1%
b11110 &
1#
#127945005
0#
#127950005
0%
b111101011111 =
b11101110010000001 B
b11110001000110001 A
1#
#127955005
0#
#127960005
1%
b11111 &
1#
#127965005
0#
#127970005
0%
b111101100000 =
b11101110010100000 B
b11110001001010000 A
1#
#127975005
0#
#127980005
1%
b100000 &
1#
#127985005
0#
#127990005
0%
b111101100001 =
b11101110010111111 B
b11110001001110000 A
1#
#127995005
0#
#128000005
1%
b100001 &
1#
#128005005
0#
#128010005
0%
b111101100010 =
b11101110011011110 B
b11110001010010001 A
1#
#128015005
0#
#128020005
1%
b100010 &
1#
#128025005
0#
#128030005
0%
b111101100011 =
b11101110011111101 B
b11110001010110011 A
1#
#128035005
0#
#128040005
1%
b100011 &
1#
#128045005
0#
#128050005
0%
b111101100100 =
b11101110100011100 B
b11110001011010110 A
1#
#128055005
0#
#128060005
1%
b100100 &
1#
#128065005
0#
#128070005
0%
b111101100101 =
b11101110100111011 B
b11110001011111010 A
1#
#128075005
0#
#128080005
1%
b100101 &
1#
#128085005
0#
#128090005
0%
b111101100110 =
b11101110101011010 B
b11110001100011111 A
1#
#128095005
0#
#128100005
1%
b100110 &
1#
#128105005
0#
#128110005
0%
b111101100111 =
b11101110101111001 B
b11110001101000101 A
1#
#128115005
0#
#128120005
1%
b100111 &
1#
#128125005
0#
#128130005
0%
b111101101000 =
b11101110110011000 B
b11110001101101100 A
1#
#128135005
0#
#128140005
1%
b101000 &
1#
#128145005
0#
#128150005
0%
b111101101001 =
b11101110110110111 B
b11110001110010100 A
1#
#128155005
0#
#128160005
1%
b101001 &
1#
#128165005
0#
#128170005
0%
b111101101010 =
b11101110111010110 B
b11110001110111101 A
1#
#128175005
0#
#128180005
1%
b101010 &
1#
#128185005
0#
#128190005
0%
b111101101011 =
b11101110111110101 B
b11110001111100111 A
1#
#128195005
0#
#128200005
1%
b101011 &
1#
#128205005
0#
#128210005
0%
b111101101100 =
b11101111000010100 B
b11110010000010010 A
1#
#128215005
0#
#128220005
1%
b101100 &
1#
#128225005
0#
#128230005
0%
b111101101101 =
b11101111000110011 B
b11110010000111110 A
1#
#128235005
0#
#128240005
1%
b101101 &
1#
#128245005
0#
#128250005
0%
b111101101110 =
b11101111001010010 B
b11110010001101011 A
1#
#128255005
0#
#128260005
1%
b101110 &
1#
#128265005
0#
#128270005
0%
b111101101111 =
b11101111001110001 B
b11110010010011001 A
1#
#128275005
0#
#128280005
1%
b101111 &
1#
#128285005
0#
#128290005
0%
b111101110000 =
b11101111010010000 B
b11110010011001000 A
1#
#128295005
0#
#128300005
1%
b110000 &
1#
#128305005
0#
#128310005
0%
b111101110001 =
b11101111010101111 B
b11110010011111000 A
1#
#128315005
0#
#128320005
1%
b110001 &
1#
#128325005
0#
#128330005
0%
b111101110010 =
b11101111011001110 B
b11110010100101001 A
1#
#128335005
0#
#128340005
1%
b110010 &
1#
#128345005
0#
#128350005
0%
b111101110011 =
b11101111011101101 B
b11110010101011011 A
1#
#128355005
0#
#128360005
1%
b110011 &
1#
#128365005
0#
#128370005
0%
b111101110100 =
b11101111100001100 B
b11110010110001110 A
1#
#128375005
0#
#128380005
1%
b110100 &
1#
#128385005
0#
#128390005
0%
b111101110101 =
b11101111100101011 B
b11110010111000010 A
1#
#128395005
0#
#128400005
1%
b110101 &
1#
#128405005
0#
#128410005
0%
b111101110110 =
b11101111101001010 B
b11110010111110111 A
1#
#128415005
0#
#128420005
1%
b110110 &
1#
#128425005
0#
#128430005
0%
b111101110111 =
b11101111101101001 B
b11110011000101101 A
1#
#128435005
0#
#128440005
1%
b110111 &
1#
#128445005
0#
#128450005
0%
b111101111000 =
b11101111110001000 B
b11110011001100100 A
1#
#128455005
0#
#128460005
1%
b111000 &
1#
#128465005
0#
#128470005
0%
b111101111001 =
b11101111110100111 B
b11110011010011100 A
1#
#128475005
0#
#128480005
1%
b111001 &
1#
#128485005
0#
#128490005
0%
b111101111010 =
b11101111111000110 B
b11110011011010101 A
1#
#128495005
0#
#128500005
1%
b111010 &
1#
#128505005
0#
#128510005
0%
b111101111011 =
b11101111111100101 B
b11110011100001111 A
1#
#128515005
0#
#128520005
1%
b111011 &
1#
#128525005
0#
#128530005
0%
b111101111100 =
b11110000000000100 B
b11110011101001010 A
1#
#128535005
0#
#128540005
1%
b111100 &
1#
#128545005
0#
#128550005
0%
b111101111101 =
b11110000000100011 B
b11110011110000110 A
1#
#128555005
0#
#128560005
1%
b111101 &
1#
#128565005
0#
#128570005
0%
b111101111110 =
b11110000001000010 B
b11110011111000011 A
1#
#128575005
0#
#128580005
1%
b111110 &
1#
#128585005
0#
#128590005
0%
b111101111111 =
b11110000001100001 B
b11110100000000001 A
1#
#128595005
0#
#128600005
1%
b111111 &
1#
#128605005
0#
#128610005
0%
b111110000000 =
b11110000010000000 B
b11110100001000000 A
1#
#128615005
0#
#128620005
1%
b0 &
1#
#128625005
0#
#128630005
0%
b111110000001 =
b11110000010011111 B
1#
#128635005
0#
#128640005
1%
b1 &
1#
#128645005
0#
#128650005
0%
b111110000010 =
b11110000010111110 B
b11110100001000001 A
1#
#128655005
0#
#128660005
1%
b10 &
1#
#128665005
0#
#128670005
0%
b111110000011 =
b11110000011011101 B
b11110100001000011 A
1#
#128675005
0#
#128680005
1%
b11 &
1#
#128685005
0#
#128690005
0%
b111110000100 =
b11110000011111100 B
b11110100001000110 A
1#
#128695005
0#
#128700005
1%
b100 &
1#
#128705005
0#
#128710005
0%
b111110000101 =
b11110000100011011 B
b11110100001001010 A
1#
#128715005
0#
#128720005
1%
b101 &
1#
#128725005
0#
#128730005
0%
b111110000110 =
b11110000100111010 B
b11110100001001111 A
1#
#128735005
0#
#128740005
1%
b110 &
1#
#128745005
0#
#128750005
0%
b111110000111 =
b11110000101011001 B
b11110100001010101 A
1#
#128755005
0#
#128760005
1%
b111 &
1#
#128765005
0#
#128770005
0%
b111110001000 =
b11110000101111000 B
b11110100001011100 A
1#
#128775005
0#
#128780005
1%
b1000 &
1#
#128785005
0#
#128790005
0%
b111110001001 =
b11110000110010111 B
b11110100001100100 A
1#
#128795005
0#
#128800005
1%
b1001 &
1#
#128805005
0#
#128810005
0%
b111110001010 =
b11110000110110110 B
b11110100001101101 A
1#
#128815005
0#
#128820005
1%
b1010 &
1#
#128825005
0#
#128830005
0%
b111110001011 =
b11110000111010101 B
b11110100001110111 A
1#
#128835005
0#
#128840005
1%
b1011 &
1#
#128845005
0#
#128850005
0%
b111110001100 =
b11110000111110100 B
b11110100010000010 A
1#
#128855005
0#
#128860005
1%
b1100 &
1#
#128865005
0#
#128870005
0%
b111110001101 =
b11110001000010011 B
b11110100010001110 A
1#
#128875005
0#
#128880005
1%
b1101 &
1#
#128885005
0#
#128890005
0%
b111110001110 =
b11110001000110010 B
b11110100010011011 A
1#
#128895005
0#
#128900005
1%
b1110 &
1#
#128905005
0#
#128910005
0%
b111110001111 =
b11110001001010001 B
b11110100010101001 A
1#
#128915005
0#
#128920005
1%
b1111 &
1#
#128925005
0#
#128930005
0%
b111110010000 =
b11110001001110000 B
b11110100010111000 A
1#
#128935005
0#
#128940005
1%
b10000 &
1#
#128945005
0#
#128950005
0%
b111110010001 =
b11110001010001111 B
b11110100011001000 A
1#
#128955005
0#
#128960005
1%
b10001 &
1#
#128965005
0#
#128970005
0%
b111110010010 =
b11110001010101110 B
b11110100011011001 A
1#
#128975005
0#
#128980005
1%
b10010 &
1#
#128985005
0#
#128990005
0%
b111110010011 =
b11110001011001101 B
b11110100011101011 A
1#
#128995005
0#
#129000005
1%
b10011 &
1#
#129005005
0#
#129010005
0%
b111110010100 =
b11110001011101100 B
b11110100011111110 A
1#
#129015005
0#
#129020005
1%
b10100 &
1#
#129025005
0#
#129030005
0%
b111110010101 =
b11110001100001011 B
b11110100100010010 A
1#
#129035005
0#
#129040005
1%
b10101 &
1#
#129045005
0#
#129050005
0%
b111110010110 =
b11110001100101010 B
b11110100100100111 A
1#
#129055005
0#
#129060005
1%
b10110 &
1#
#129065005
0#
#129070005
0%
b111110010111 =
b11110001101001001 B
b11110100100111101 A
1#
#129075005
0#
#129080005
1%
b10111 &
1#
#129085005
0#
#129090005
0%
b111110011000 =
b11110001101101000 B
b11110100101010100 A
1#
#129095005
0#
#129100005
1%
b11000 &
1#
#129105005
0#
#129110005
0%
b111110011001 =
b11110001110000111 B
b11110100101101100 A
1#
#129115005
0#
#129120005
1%
b11001 &
1#
#129125005
0#
#129130005
0%
b111110011010 =
b11110001110100110 B
b11110100110000101 A
1#
#129135005
0#
#129140005
1%
b11010 &
1#
#129145005
0#
#129150005
0%
b111110011011 =
b11110001111000101 B
b11110100110011111 A
1#
#129155005
0#
#129160005
1%
b11011 &
1#
#129165005
0#
#129170005
0%
b111110011100 =
b11110001111100100 B
b11110100110111010 A
1#
#129175005
0#
#129180005
1%
b11100 &
1#
#129185005
0#
#129190005
0%
b111110011101 =
b11110010000000011 B
b11110100111010110 A
1#
#129195005
0#
#129200005
1%
b11101 &
1#
#129205005
0#
#129210005
0%
b111110011110 =
b11110010000100010 B
b11110100111110011 A
1#
#129215005
0#
#129220005
1%
b11110 &
1#
#129225005
0#
#129230005
0%
b111110011111 =
b11110010001000001 B
b11110101000010001 A
1#
#129235005
0#
#129240005
1%
b11111 &
1#
#129245005
0#
#129250005
0%
b111110100000 =
b11110010001100000 B
b11110101000110000 A
1#
#129255005
0#
#129260005
1%
b100000 &
1#
#129265005
0#
#129270005
0%
b111110100001 =
b11110010001111111 B
b11110101001010000 A
1#
#129275005
0#
#129280005
1%
b100001 &
1#
#129285005
0#
#129290005
0%
b111110100010 =
b11110010010011110 B
b11110101001110001 A
1#
#129295005
0#
#129300005
1%
b100010 &
1#
#129305005
0#
#129310005
0%
b111110100011 =
b11110010010111101 B
b11110101010010011 A
1#
#129315005
0#
#129320005
1%
b100011 &
1#
#129325005
0#
#129330005
0%
b111110100100 =
b11110010011011100 B
b11110101010110110 A
1#
#129335005
0#
#129340005
1%
b100100 &
1#
#129345005
0#
#129350005
0%
b111110100101 =
b11110010011111011 B
b11110101011011010 A
1#
#129355005
0#
#129360005
1%
b100101 &
1#
#129365005
0#
#129370005
0%
b111110100110 =
b11110010100011010 B
b11110101011111111 A
1#
#129375005
0#
#129380005
1%
b100110 &
1#
#129385005
0#
#129390005
0%
b111110100111 =
b11110010100111001 B
b11110101100100101 A
1#
#129395005
0#
#129400005
1%
b100111 &
1#
#129405005
0#
#129410005
0%
b111110101000 =
b11110010101011000 B
b11110101101001100 A
1#
#129415005
0#
#129420005
1%
b101000 &
1#
#129425005
0#
#129430005
0%
b111110101001 =
b11110010101110111 B
b11110101101110100 A
1#
#129435005
0#
#129440005
1%
b101001 &
1#
#129445005
0#
#129450005
0%
b111110101010 =
b11110010110010110 B
b11110101110011101 A
1#
#129455005
0#
#129460005
1%
b101010 &
1#
#129465005
0#
#129470005
0%
b111110101011 =
b11110010110110101 B
b11110101111000111 A
1#
#129475005
0#
#129480005
1%
b101011 &
1#
#129485005
0#
#129490005
0%
b111110101100 =
b11110010111010100 B
b11110101111110010 A
1#
#129495005
0#
#129500005
1%
b101100 &
1#
#129505005
0#
#129510005
0%
b111110101101 =
b11110010111110011 B
b11110110000011110 A
1#
#129515005
0#
#129520005
1%
b101101 &
1#
#129525005
0#
#129530005
0%
b111110101110 =
b11110011000010010 B
b11110110001001011 A
1#
#129535005
0#
#129540005
1%
b101110 &
1#
#129545005
0#
#129550005
0%
b111110101111 =
b11110011000110001 B
b11110110001111001 A
1#
#129555005
0#
#129560005
1%
b101111 &
1#
#129565005
0#
#129570005
0%
b111110110000 =
b11110011001010000 B
b11110110010101000 A
1#
#129575005
0#
#129580005
1%
b110000 &
1#
#129585005
0#
#129590005
0%
b111110110001 =
b11110011001101111 B
b11110110011011000 A
1#
#129595005
0#
#129600005
1%
b110001 &
1#
#129605005
0#
#129610005
0%
b111110110010 =
b11110011010001110 B
b11110110100001001 A
1#
#129615005
0#
#129620005
1%
b110010 &
1#
#129625005
0#
#129630005
0%
b111110110011 =
b11110011010101101 B
b11110110100111011 A
1#
#129635005
0#
#129640005
1%
b110011 &
1#
#129645005
0#
#129650005
0%
b111110110100 =
b11110011011001100 B
b11110110101101110 A
1#
#129655005
0#
#129660005
1%
b110100 &
1#
#129665005
0#
#129670005
0%
b111110110101 =
b11110011011101011 B
b11110110110100010 A
1#
#129675005
0#
#129680005
1%
b110101 &
1#
#129685005
0#
#129690005
0%
b111110110110 =
b11110011100001010 B
b11110110111010111 A
1#
#129695005
0#
#129700005
1%
b110110 &
1#
#129705005
0#
#129710005
0%
b111110110111 =
b11110011100101001 B
b11110111000001101 A
1#
#129715005
0#
#129720005
1%
b110111 &
1#
#129725005
0#
#129730005
0%
b111110111000 =
b11110011101001000 B
b11110111001000100 A
1#
#129735005
0#
#129740005
1%
b111000 &
1#
#129745005
0#
#129750005
0%
b111110111001 =
b11110011101100111 B
b11110111001111100 A
1#
#129755005
0#
#129760005
1%
b111001 &
1#
#129765005
0#
#129770005
0%
b111110111010 =
b11110011110000110 B
b11110111010110101 A
1#
#129775005
0#
#129780005
1%
b111010 &
1#
#129785005
0#
#129790005
0%
b111110111011 =
b11110011110100101 B
b11110111011101111 A
1#
#129795005
0#
#129800005
1%
b111011 &
1#
#129805005
0#
#129810005
0%
b111110111100 =
b11110011111000100 B
b11110111100101010 A
1#
#129815005
0#
#129820005
1%
b111100 &
1#
#129825005
0#
#129830005
0%
b111110111101 =
b11110011111100011 B
b11110111101100110 A
1#
#129835005
0#
#129840005
1%
b111101 &
1#
#129845005
0#
#129850005
0%
b111110111110 =
b11110100000000010 B
b11110111110100011 A
1#
#129855005
0#
#129860005
1%
b111110 &
1#
#129865005
0#
#129870005
0%
b111110111111 =
b11110100000100001 B
b11110111111100001 A
1#
#129875005
0#
#129880005
1%
b111111 &
1#
#129885005
0#
#129890005
0%
b111111000000 =
b11110100001000000 B
b11111000000100000 A
1#
#129895005
0#
#129900005
1%
b0 &
1#
#129905005
0#
#129910005
0%
b111111000001 =
b11110100001011111 B
1#
#129915005
0#
#129920005
1%
b1 &
1#
#129925005
0#
#129930005
0%
b111111000010 =
b11110100001111110 B
b11111000000100001 A
1#
#129935005
0#
#129940005
1%
b10 &
1#
#129945005
0#
#129950005
0%
b111111000011 =
b11110100010011101 B
b11111000000100011 A
1#
#129955005
0#
#129960005
1%
b11 &
1#
#129965005
0#
#129970005
0%
b111111000100 =
b11110100010111100 B
b11111000000100110 A
1#
#129975005
0#
#129980005
1%
b100 &
1#
#129985005
0#
#129990005
0%
b111111000101 =
b11110100011011011 B
b11111000000101010 A
1#
#129995005
0#
#130000005
1%
b101 &
1#
#130005005
0#
#130010005
0%
b111111000110 =
b11110100011111010 B
b11111000000101111 A
1#
#130015005
0#
#130020005
1%
b110 &
1#
#130025005
0#
#130030005
0%
b111111000111 =
b11110100100011001 B
b11111000000110101 A
1#
#130035005
0#
#130040005
1%
b111 &
1#
#130045005
0#
#130050005
0%
b111111001000 =
b11110100100111000 B
b11111000000111100 A
1#
#130055005
0#
#130060005
1%
b1000 &
1#
#130065005
0#
#130070005
0%
b111111001001 =
b11110100101010111 B
b11111000001000100 A
1#
#130075005
0#
#130080005
1%
b1001 &
1#
#130085005
0#
#130090005
0%
b111111001010 =
b11110100101110110 B
b11111000001001101 A
1#
#130095005
0#
#130100005
1%
b1010 &
1#
#130105005
0#
#130110005
0%
b111111001011 =
b11110100110010101 B
b11111000001010111 A
1#
#130115005
0#
#130120005
1%
b1011 &
1#
#130125005
0#
#130130005
0%
b111111001100 =
b11110100110110100 B
b11111000001100010 A
1#
#130135005
0#
#130140005
1%
b1100 &
1#
#130145005
0#
#130150005
0%
b111111001101 =
b11110100111010011 B
b11111000001101110 A
1#
#130155005
0#
#130160005
1%
b1101 &
1#
#130165005
0#
#130170005
0%
b111111001110 =
b11110100111110010 B
b11111000001111011 A
1#
#130175005
0#
#130180005
1%
b1110 &
1#
#130185005
0#
#130190005
0%
b111111001111 =
b11110101000010001 B
b11111000010001001 A
1#
#130195005
0#
#130200005
1%
b1111 &
1#
#130205005
0#
#130210005
0%
b111111010000 =
b11110101000110000 B
b11111000010011000 A
1#
#130215005
0#
#130220005
1%
b10000 &
1#
#130225005
0#
#130230005
0%
b111111010001 =
b11110101001001111 B
b11111000010101000 A
1#
#130235005
0#
#130240005
1%
b10001 &
1#
#130245005
0#
#130250005
0%
b111111010010 =
b11110101001101110 B
b11111000010111001 A
1#
#130255005
0#
#130260005
1%
b10010 &
1#
#130265005
0#
#130270005
0%
b111111010011 =
b11110101010001101 B
b11111000011001011 A
1#
#130275005
0#
#130280005
1%
b10011 &
1#
#130285005
0#
#130290005
0%
b111111010100 =
b11110101010101100 B
b11111000011011110 A
1#
#130295005
0#
#130300005
1%
b10100 &
1#
#130305005
0#
#130310005
0%
b111111010101 =
b11110101011001011 B
b11111000011110010 A
1#
#130315005
0#
#130320005
1%
b10101 &
1#
#130325005
0#
#130330005
0%
b111111010110 =
b11110101011101010 B
b11111000100000111 A
1#
#130335005
0#
#130340005
1%
b10110 &
1#
#130345005
0#
#130350005
0%
b111111010111 =
b11110101100001001 B
b11111000100011101 A
1#
#130355005
0#
#130360005
1%
b10111 &
1#
#130365005
0#
#130370005
0%
b111111011000 =
b11110101100101000 B
b11111000100110100 A
1#
#130375005
0#
#130380005
1%
b11000 &
1#
#130385005
0#
#130390005
0%
b111111011001 =
b11110101101000111 B
b11111000101001100 A
1#
#130395005
0#
#130400005
1%
b11001 &
1#
#130405005
0#
#130410005
0%
b111111011010 =
b11110101101100110 B
b11111000101100101 A
1#
#130415005
0#
#130420005
1%
b11010 &
1#
#130425005
0#
#130430005
0%
b111111011011 =
b11110101110000101 B
b11111000101111111 A
1#
#130435005
0#
#130440005
1%
b11011 &
1#
#130445005
0#
#130450005
0%
b111111011100 =
b11110101110100100 B
b11111000110011010 A
1#
#130455005
0#
#130460005
1%
b11100 &
1#
#130465005
0#
#130470005
0%
b111111011101 =
b11110101111000011 B
b11111000110110110 A
1#
#130475005
0#
#130480005
1%
b11101 &
1#
#130485005
0#
#130490005
0%
b111111011110 =
b11110101111100010 B
b11111000111010011 A
1#
#130495005
0#
#130500005
1%
b11110 &
1#
#130505005
0#
#130510005
0%
b111111011111 =
b11110110000000001 B
b11111000111110001 A
1#
#130515005
0#
#130520005
1%
b11111 &
1#
#130525005
0#
#130530005
0%
b111111100000 =
b11110110000100000 B
b11111001000010000 A
1#
#130535005
0#
#130540005
1%
b100000 &
1#
#130545005
0#
#130550005
0%
b111111100001 =
b11110110000111111 B
b11111001000110000 A
1#
#130555005
0#
#130560005
1%
b100001 &
1#
#130565005
0#
#130570005
0%
b111111100010 =
b11110110001011110 B
b11111001001010001 A
1#
#130575005
0#
#130580005
1%
b100010 &
1#
#130585005
0#
#130590005
0%
b111111100011 =
b11110110001111101 B
b11111001001110011 A
1#
#130595005
0#
#130600005
1%
b100011 &
1#
#130605005
0#
#130610005
0%
b111111100100 =
b11110110010011100 B
b11111001010010110 A
1#
#130615005
0#
#130620005
1%
b100100 &
1#
#130625005
0#
#130630005
0%
b111111100101 =
b11110110010111011 B
b11111001010111010 A
1#
#130635005
0#
#130640005
1%
b100101 &
1#
#130645005
0#
#130650005
0%
b111111100110 =
b11110110011011010 B
b11111001011011111 A
1#
#130655005
0#
#130660005
1%
b100110 &
1#
#130665005
0#
#130670005
0%
b111111100111 =
b11110110011111001 B
b11111001100000101 A
1#
#130675005
0#
#130680005
1%
b100111 &
1#
#130685005
0#
#130690005
0%
b111111101000 =
b11110110100011000 B
b11111001100101100 A
1#
#130695005
0#
#130700005
1%
b101000 &
1#
#130705005
0#
#130710005
0%
b111111101001 =
b11110110100110111 B
b11111001101010100 A
1#
#130715005
0#
#130720005
1%
b101001 &
1#
#130725005
0#
#130730005
0%
b111111101010 =
b11110110101010110 B
b11111001101111101 A
1#
#130735005
0#
#130740005
1%
b101010 &
1#
#130745005
0#
#130750005
0%
b111111101011 =
b11110110101110101 B
b11111001110100111 A
1#
#130755005
0#
#130760005
1%
b101011 &
1#
#130765005
0#
#130770005
0%
b111111101100 =
b11110110110010100 B
b11111001111010010 A
1#
#130775005
0#
#130780005
1%
b101100 &
1#
#130785005
0#
#130790005
0%
b111111101101 =
b11110110110110011 B
b11111001111111110 A
1#
#130795005
0#
#130800005
1%
b101101 &
1#
#130805005
0#
#130810005
0%
b111111101110 =
b11110110111010010 B
b11111010000101011 A
1#
#130815005
0#
#130820005
1%
b101110 &
1#
#130825005
0#
#130830005
0%
b111111101111 =
b11110110111110001 B
b11111010001011001 A
1#
#130835005
0#
#130840005
1%
b101111 &
1#
#130845005
0#
#130850005
0%
b111111110000 =
b11110111000010000 B
b11111010010001000 A
1#
#130855005
0#
#130860005
1%
b110000 &
1#
#130865005
0#
#130870005
0%
b111111110001 =
b11110111000101111 B
b11111010010111000 A
1#
#130875005
0#
#130880005
1%
b110001 &
1#
#130885005
0#
#130890005
0%
b111111110010 =
b11110111001001110 B
b11111010011101001 A
1#
#130895005
0#
#130900005
1%
b110010 &
1#
#130905005
0#
#130910005
0%
b111111110011 =
b11110111001101101 B
b11111010100011011 A
1#
#130915005
0#
#130920005
1%
b110011 &
1#
#130925005
0#
#130930005
0%
b111111110100 =
b11110111010001100 B
b11111010101001110 A
1#
#130935005
0#
#130940005
1%
b110100 &
1#
#130945005
0#
#130950005
0%
b111111110101 =
b11110111010101011 B
b11111010110000010 A
1#
#130955005
0#
#130960005
1%
b110101 &
1#
#130965005
0#
#130970005
0%
b111111110110 =
b11110111011001010 B
b11111010110110111 A
1#
#130975005
0#
#130980005
1%
b110110 &
1#
#130985005
0#
#130990005
0%
b111111110111 =
b11110111011101001 B
b11111010111101101 A
1#
#130995005
0#
#131000005
1%
b110111 &
1#
#131005005
0#
#131010005
0%
b111111111000 =
b11110111100001000 B
b11111011000100100 A
1#
#131015005
0#
#131020005
1%
b111000 &
1#
#131025005
0#
#131030005
0%
b111111111001 =
b11110111100100111 B
b11111011001011100 A
1#
#131035005
0#
#131040005
1%
b111001 &
1#
#131045005
0#
#131050005
0%
b111111111010 =
b11110111101000110 B
b11111011010010101 A
1#
#131055005
0#
#131060005
1%
b111010 &
1#
#131065005
0#
#131070005
0%
b111111111011 =
b11110111101100101 B
b11111011011001111 A
1#
#131075005
0#
#131080005
1%
b111011 &
1#
#131085005
0#
#131090005
0%
b111111111100 =
b11110111110000100 B
b11111011100001010 A
1#
#131095005
0#
#131100005
1%
b111100 &
1#
#131105005
0#
#131110005
0%
b111111111101 =
b11110111110100011 B
b11111011101000110 A
1#
#131115005
0#
#131120005
1%
b111101 &
1#
#131125005
0#
#131130005
0%
b111111111110 =
b11110111111000010 B
b11111011110000011 A
1#
#131135005
0#
#131140005
1%
b111110 &
1#
#131145005
0#
#131150005
0%
b111111111111 =
b11110111111100001 B
b11111011111000001 A
1#
#131155005
0#
#131160005
1%
b111111 &
1#
#131165005
0#
#131170005
0%
b1000000000000 =
b11111000000000000 B
b11111100000000000 A
1#
#131175005
0#
#131180005
1"
1!
1#
#131185005
0#
#131190005
0!
1$
0"
19
b1000000000000 :
b1000000000000 D
b1000000000000 M
b11111000000000000 <
b11111000000000000 L
b11111100000000000 ;
b11111100000000000 C
1@
b0 =
b0 B
b0 A
13
1#
#131195005
0#
#131200005
0$
12
b1000000000000 G
b11111100000000000 F
b1 K
11
b1000000000000 P
b11111000000000000 O
b1 T
03
0@
1#
#131205005
0#
#131210005
b11110000000000000 O
b1 R
b11110100000000000 F
b1 I
1#
#131215005
0#
#131220005
b11101100000000000 F
b10 I
b11101000000000000 O
b10 R
1#
#131225005
0#
#131230005
b11100000000000000 O
b11 R
b11100100000000000 F
b11 I
1#
#131235005
0#
#131240005
b11011100000000000 F
b100 I
b11011000000000000 O
b100 R
1#
#131245005
0#
#131250005
b11010000000000000 O
b101 R
b11010100000000000 F
b101 I
1#
#131255005
0#
#131260005
b11001100000000000 F
b110 I
b11001000000000000 O
b110 R
1#
#131265005
0#
#131270005
b11000000000000000 O
b111 R
b11000100000000000 F
b111 I
1#
#131275005
0#
#131280005
b10111100000000000 F
b1000 I
b10111000000000000 O
b1000 R
1#
#131285005
0#
#131290005
b10110000000000000 O
b1001 R
b10110100000000000 F
b1001 I
1#
#131295005
0#
#131300005
b10101100000000000 F
b1010 I
b10101000000000000 O
b1010 R
1#
#131305005
0#
#131310005
b10100000000000000 O
b1011 R
b10100100000000000 F
b1011 I
1#
#131315005
0#
#131320005
b10011100000000000 F
b1100 I
b10011000000000000 O
b1100 R
1#
#131325005
0#
#131330005
b10010000000000000 O
b1101 R
b10010100000000000 F
b1101 I
1#
#131335005
0#
#131340005
b10001100000000000 F
b1110 I
b10001000000000000 O
b1110 R
1#
#131345005
0#
#131350005
b10000000000000000 O
b1111 R
b10000100000000000 F
b1111 I
1#
#131355005
0#
#131360005
b1111100000000000 F
b10000 I
b1111000000000000 O
b10000 R
1#
#131365005
0#
#131370005
b1110000000000000 O
b10001 R
b1110100000000000 F
b10001 I
1#
#131375005
0#
#131380005
b1101100000000000 F
b10010 I
b1101000000000000 O
b10010 R
1#
#131385005
0#
#131390005
b1100000000000000 O
b10011 R
b1100100000000000 F
b10011 I
1#
#131395005
0#
#131400005
b1011100000000000 F
b10100 I
b1011000000000000 O
b10100 R
1#
#131405005
0#
#131410005
b1010000000000000 O
b10101 R
b1010100000000000 F
b10101 I
1#
#131415005
0#
#131420005
b1001100000000000 F
b10110 I
b1001000000000000 O
b10110 R
1#
#131425005
0#
#131430005
b1000000000000000 O
b10111 R
b1000100000000000 F
b10111 I
1#
#131435005
0#
#131440005
b111100000000000 F
b11000 I
b111000000000000 O
b11000 R
1#
#131445005
0#
#131450005
b110000000000000 O
b11001 R
b110100000000000 F
b11001 I
1#
#131455005
0#
#131460005
b101100000000000 F
b11010 I
b101000000000000 O
b11010 R
1#
#131465005
0#
#131470005
b100000000000000 O
b11011 R
b100100000000000 F
b11011 I
1#
#131475005
0#
#131480005
b11100000000000 F
b11100 I
b11000000000000 O
b11100 R
1#
#131485005
0#
#131490005
b10000000000000 O
b11101 R
b10100000000000 F
b11101 I
1#
#131495005
0#
#131500005
b1100000000000 F
b11110 I
b1000000000000 O
b11110 R
1#
#131505005
0#
#131510005
b0 O
b11111 R
b100000000000 F
b11111 I
1#
#131515005
0#
#131520005
1*
02
b11111 .
b11111 H
b100000000000 ,
b100000000000 J
b0 K
1)
01
b11111 -
b11111 Q
b0 T
1#
#131525005
0#
#131530005
18
b11111 ?
17
b11111 >
0)
0*
1#
#131535005
0#
#131540005
09
14
b11111 6
b11111 5
1#
#131545005
0#
#131550005
04
1#
#131555005
0#
#131560005
1#
#131560006
