#-----------------------------------------------------------
# Vivado v2025.1 (64-bit)
# SW Build 6140274 on Wed May 21 22:58:25 MDT 2025
# IP Build 6138677 on Thu May 22 03:10:11 MDT 2025
# SharedData Build 6139179 on Tue May 20 17:58:58 MDT 2025
# Start of session at: Tue Sep 23 21:50:00 2025
# Process ID         : 573484
# Current directory  : /home/fpga/worker_place/temp/temp/a76a12aa64674857bb3248b4411d25c3
# Command line       : vivado -mode batch -source build.tcl
# Log file           : /home/fpga/worker_place/temp/temp/a76a12aa64674857bb3248b4411d25c3/vivado.log
# Journal file       : /home/fpga/worker_place/temp/temp/a76a12aa64674857bb3248b4411d25c3/vivado.jou
# Running On         : eecs-digital-16
# Platform           : Ubuntu
# Operating System   : Ubuntu 24.04.3 LTS
# Processor Detail   : 13th Gen Intel(R) Core(TM) i7-13700
# CPU Frequency      : 800.196 MHz
# CPU Physical cores : 16
# CPU Logical cores  : 24
# Host memory        : 33325 MB
# Swap memory        : 8589 MB
# Total Virtual      : 41915 MB
# Available Virtual  : 40065 MB
#-----------------------------------------------------------
source build.tcl
# set_param general.maxThreads 4
# set partNum xc7s50csga324-1
# set outputDir obj
# file mkdir $outputDir
# set files [glob -nocomplain "$outputDir/*"]
# if {[llength $files] != 0} {
#     # clear folder contents
#     puts "deleting contents of $outputDir"
#     file delete -force {*}[glob -directory $outputDir *];
# } else {
#     puts "$outputDir is empty"
# }
obj is empty
# set sources_sv [ glob ./hdl/*.sv ]
# read_verilog -sv $sources_sv
# set sources_v [ glob -nocomplain ./hdl/*.v ]
# if {[llength $sources_v] > 0 } {
#     read_verilog $sources_v
# }
# read_xdc [ glob ./xdc/*.xdc ]
# set sources_mem [ glob -nocomplain ./data/*.mem ]
# if {[llength $sources_mem] > 0} {
#     read_mem $sources_mem
# }
# set_part $partNum
INFO: [Coretcl 2-1500] The part has been set to 'xc7s50csga324-1' for the current project only. Run set_part -help for more details. To evaluate different speed grades in the current design, use the set_speed_grade command, or use the open_checkpoint -part command to change the part used by an existing checkpoint design.
# set sources_ip [ glob -nocomplain -directory ./ip -tails * ]
# puts $sources_ip

# foreach ip_source $sources_ip {
#     if {[file isdirectory ./ip/$ip_source]} {
# 	read_ip ./ip/$ip_source/$ip_source.xci
#     }
# }
WARNING: [Coretcl 2-176] No IPs found
# generate_target all [get_ips]
WARNING: [Coretcl 2-176] No IPs found
# synth_ip [get_ips]
INFO: [Vivado 12-3441] generate_netlist_ip - operation complete
# synth_design -top top_level -part $partNum -verbose
Command: synth_design -top top_level -part xc7s50csga324-1 -verbose
Starting synth_design
Attempting to get a license for feature 'Synthesis' and/or device 'xc7s50'
INFO: [Common 17-349] Got license for feature 'Synthesis' and/or device 'xc7s50'
INFO: [Device 21-403] Loading part xc7s50csga324-1
INFO: [Synth 8-7079] Multithreading enabled for synth_design using a maximum of 4 processes.
INFO: [Synth 8-7078] Launching helper process for spawning children vivado processes
INFO: [Synth 8-7075] Helper process launched with PID 573513
---------------------------------------------------------------------------------
Starting RTL Elaboration : Time (s): cpu = 00:00:02 ; elapsed = 00:00:02 . Memory (MB): peak = 2107.730 ; gain = 440.742 ; free physical = 21017 ; free virtual = 36865
---------------------------------------------------------------------------------
WARNING: [Synth 8-6901] identifier 'addra' is used before its declaration [/home/fpga/worker_place/temp/temp/a76a12aa64674857bb3248b4411d25c3/hdl/top_level.sv:43]
WARNING: [Synth 8-6901] identifier 'addrb' is used before its declaration [/home/fpga/worker_place/temp/temp/a76a12aa64674857bb3248b4411d25c3/hdl/top_level.sv:44]
INFO: [Synth 8-6157] synthesizing module 'top_level' [/home/fpga/worker_place/temp/temp/a76a12aa64674857bb3248b4411d25c3/hdl/top_level.sv:3]
INFO: [Synth 8-6157] synthesizing module 'counter' [/home/fpga/worker_place/temp/temp/a76a12aa64674857bb3248b4411d25c3/hdl/counter.sv:1]
INFO: [Synth 8-6155] done synthesizing module 'counter' (0#1) [/home/fpga/worker_place/temp/temp/a76a12aa64674857bb3248b4411d25c3/hdl/counter.sv:1]
INFO: [Synth 8-6157] synthesizing module 'spi_con' [/home/fpga/worker_place/temp/temp/a76a12aa64674857bb3248b4411d25c3/hdl/spi_con.sv:4]
	Parameter DATA_WIDTH bound to: 17 - type: integer 
	Parameter DATA_CLK_PERIOD bound to: 100 - type: integer 
INFO: [Synth 8-6155] done synthesizing module 'spi_con' (0#1) [/home/fpga/worker_place/temp/temp/a76a12aa64674857bb3248b4411d25c3/hdl/spi_con.sv:4]
INFO: [Synth 8-6157] synthesizing module 'debouncer' [/home/fpga/worker_place/temp/temp/a76a12aa64674857bb3248b4411d25c3/hdl/debouncer.sv:4]
INFO: [Synth 8-6155] done synthesizing module 'debouncer' (0#1) [/home/fpga/worker_place/temp/temp/a76a12aa64674857bb3248b4411d25c3/hdl/debouncer.sv:4]
INFO: [Synth 8-6157] synthesizing module 'uart_transmit' [/home/fpga/worker_place/temp/temp/a76a12aa64674857bb3248b4411d25c3/hdl/uart_transmit.sv:4]
	Parameter INPUT_CLOCK_FREQ bound to: 100000000 - type: integer 
	Parameter BAUD_RATE bound to: 115200 - type: integer 
INFO: [Synth 8-6155] done synthesizing module 'uart_transmit' (0#1) [/home/fpga/worker_place/temp/temp/a76a12aa64674857bb3248b4411d25c3/hdl/uart_transmit.sv:4]
INFO: [Synth 8-6157] synthesizing module 'uart_receive' [/home/fpga/worker_place/temp/temp/a76a12aa64674857bb3248b4411d25c3/hdl/uart_receive.sv:4]
	Parameter INPUT_CLOCK_FREQ bound to: 100000000 - type: integer 
	Parameter BAUD_RATE bound to: 115200 - type: integer 
INFO: [Synth 8-155] case statement is not full and has no default [/home/fpga/worker_place/temp/temp/a76a12aa64674857bb3248b4411d25c3/hdl/uart_receive.sv:48]
INFO: [Synth 8-6155] done synthesizing module 'uart_receive' (0#1) [/home/fpga/worker_place/temp/temp/a76a12aa64674857bb3248b4411d25c3/hdl/uart_receive.sv:4]
INFO: [Synth 8-6157] synthesizing module 'xilinx_true_dual_port_read_first_2_clock_ram' [/home/fpga/worker_place/temp/temp/a76a12aa64674857bb3248b4411d25c3/hdl/xilinx_true_dual_port_read_first_2_clock_ram.v:10]
	Parameter RAM_WIDTH bound to: 8 - type: integer 
	Parameter RAM_DEPTH bound to: 40000 - type: integer 
INFO: [Synth 8-6155] done synthesizing module 'xilinx_true_dual_port_read_first_2_clock_ram' (0#1) [/home/fpga/worker_place/temp/temp/a76a12aa64674857bb3248b4411d25c3/hdl/xilinx_true_dual_port_read_first_2_clock_ram.v:10]
INFO: [Synth 8-6157] synthesizing module 'evt_counter' [/home/fpga/worker_place/temp/temp/a76a12aa64674857bb3248b4411d25c3/hdl/evt_counter.sv:2]
	Parameter MAX_COUNT bound to: 40000 - type: integer 
INFO: [Synth 8-6155] done synthesizing module 'evt_counter' (0#1) [/home/fpga/worker_place/temp/temp/a76a12aa64674857bb3248b4411d25c3/hdl/evt_counter.sv:2]
INFO: [Synth 8-6157] synthesizing module 'pwm' [/home/fpga/worker_place/temp/temp/a76a12aa64674857bb3248b4411d25c3/hdl/pwm.sv:1]
INFO: [Synth 8-6155] done synthesizing module 'pwm' (0#1) [/home/fpga/worker_place/temp/temp/a76a12aa64674857bb3248b4411d25c3/hdl/pwm.sv:1]
INFO: [Synth 8-6155] done synthesizing module 'top_level' (0#1) [/home/fpga/worker_place/temp/temp/a76a12aa64674857bb3248b4411d25c3/hdl/top_level.sv:3]
WARNING: [Synth 8-6014] Unused sequential element tx_idx_reg was removed.  [/home/fpga/worker_place/temp/temp/a76a12aa64674857bb3248b4411d25c3/hdl/spi_con.sv:50]
WARNING: [Synth 8-3848] Net led in module/entity top_level does not have driver. [/home/fpga/worker_place/temp/temp/a76a12aa64674857bb3248b4411d25c3/hdl/top_level.sv:8]
WARNING: [Synth 8-3917] design top_level has port rgb0[2] driven by constant 0
WARNING: [Synth 8-3917] design top_level has port rgb0[1] driven by constant 0
WARNING: [Synth 8-3917] design top_level has port rgb0[0] driven by constant 0
WARNING: [Synth 8-3917] design top_level has port rgb1[2] driven by constant 0
WARNING: [Synth 8-3917] design top_level has port rgb1[1] driven by constant 0
WARNING: [Synth 8-3917] design top_level has port rgb1[0] driven by constant 0
WARNING: [Synth 8-7129] Port led[15] in module top_level is either unconnected or has no load
WARNING: [Synth 8-7129] Port led[14] in module top_level is either unconnected or has no load
WARNING: [Synth 8-7129] Port led[13] in module top_level is either unconnected or has no load
WARNING: [Synth 8-7129] Port led[12] in module top_level is either unconnected or has no load
WARNING: [Synth 8-7129] Port led[11] in module top_level is either unconnected or has no load
WARNING: [Synth 8-7129] Port led[10] in module top_level is either unconnected or has no load
WARNING: [Synth 8-7129] Port led[9] in module top_level is either unconnected or has no load
WARNING: [Synth 8-7129] Port led[8] in module top_level is either unconnected or has no load
WARNING: [Synth 8-7129] Port led[7] in module top_level is either unconnected or has no load
WARNING: [Synth 8-7129] Port led[6] in module top_level is either unconnected or has no load
WARNING: [Synth 8-7129] Port led[5] in module top_level is either unconnected or has no load
WARNING: [Synth 8-7129] Port led[4] in module top_level is either unconnected or has no load
WARNING: [Synth 8-7129] Port led[3] in module top_level is either unconnected or has no load
WARNING: [Synth 8-7129] Port led[2] in module top_level is either unconnected or has no load
WARNING: [Synth 8-7129] Port led[1] in module top_level is either unconnected or has no load
WARNING: [Synth 8-7129] Port led[0] in module top_level is either unconnected or has no load
WARNING: [Synth 8-7129] Port sw[15] in module top_level is either unconnected or has no load
WARNING: [Synth 8-7129] Port sw[14] in module top_level is either unconnected or has no load
WARNING: [Synth 8-7129] Port sw[13] in module top_level is either unconnected or has no load
WARNING: [Synth 8-7129] Port sw[12] in module top_level is either unconnected or has no load
WARNING: [Synth 8-7129] Port sw[11] in module top_level is either unconnected or has no load
WARNING: [Synth 8-7129] Port sw[10] in module top_level is either unconnected or has no load
WARNING: [Synth 8-7129] Port sw[9] in module top_level is either unconnected or has no load
WARNING: [Synth 8-7129] Port sw[8] in module top_level is either unconnected or has no load
WARNING: [Synth 8-7129] Port sw[7] in module top_level is either unconnected or has no load
WARNING: [Synth 8-7129] Port sw[6] in module top_level is either unconnected or has no load
WARNING: [Synth 8-7129] Port sw[5] in module top_level is either unconnected or has no load
WARNING: [Synth 8-7129] Port sw[4] in module top_level is either unconnected or has no load
WARNING: [Synth 8-7129] Port sw[3] in module top_level is either unconnected or has no load
WARNING: [Synth 8-7129] Port sw[2] in module top_level is either unconnected or has no load
WARNING: [Synth 8-7129] Port sw[1] in module top_level is either unconnected or has no load
WARNING: [Synth 8-7129] Port btn[3] in module top_level is either unconnected or has no load
WARNING: [Synth 8-7129] Port btn[2] in module top_level is either unconnected or has no load
WARNING: [Synth 8-7129] Port btn[1] in module top_level is either unconnected or has no load
---------------------------------------------------------------------------------
Finished RTL Elaboration : Time (s): cpu = 00:00:04 ; elapsed = 00:00:04 . Memory (MB): peak = 2242.668 ; gain = 575.680 ; free physical = 20852 ; free virtual = 36702
---------------------------------------------------------------------------------
---------------------------------------------------------------------------------
Start Handling Custom Attributes
---------------------------------------------------------------------------------
---------------------------------------------------------------------------------
Finished Handling Custom Attributes : Time (s): cpu = 00:00:04 ; elapsed = 00:00:04 . Memory (MB): peak = 2245.637 ; gain = 578.648 ; free physical = 20852 ; free virtual = 36702
---------------------------------------------------------------------------------
---------------------------------------------------------------------------------
Finished RTL Optimization Phase 1 : Time (s): cpu = 00:00:04 ; elapsed = 00:00:04 . Memory (MB): peak = 2245.637 ; gain = 578.648 ; free physical = 20852 ; free virtual = 36702
---------------------------------------------------------------------------------
Netlist sorting complete. Time (s): cpu = 00:00:00.01 ; elapsed = 00:00:00.01 . Memory (MB): peak = 2245.637 ; gain = 0.000 ; free physical = 20852 ; free virtual = 36702
INFO: [Project 1-570] Preparing netlist for logic optimization

Processing XDC Constraints
Initializing timing engine
Parsing XDC File [/home/fpga/worker_place/temp/temp/a76a12aa64674857bb3248b4411d25c3/xdc/top_level.xdc]
WARNING: [Vivado 12-584] No ports matched 'ss0_an[0]'. [/home/fpga/worker_place/temp/temp/a76a12aa64674857bb3248b4411d25c3/xdc/top_level.xdc:61]
CRITICAL WARNING: [Common 17-55] 'set_property' expects at least one object. [/home/fpga/worker_place/temp/temp/a76a12aa64674857bb3248b4411d25c3/xdc/top_level.xdc:61]
Resolution: If [get_<value>] was used to populate the object, check to make sure this command returns at least one valid object.
WARNING: [Vivado 12-584] No ports matched 'ss0_an[1]'. [/home/fpga/worker_place/temp/temp/a76a12aa64674857bb3248b4411d25c3/xdc/top_level.xdc:62]
CRITICAL WARNING: [Common 17-55] 'set_property' expects at least one object. [/home/fpga/worker_place/temp/temp/a76a12aa64674857bb3248b4411d25c3/xdc/top_level.xdc:62]
Resolution: If [get_<value>] was used to populate the object, check to make sure this command returns at least one valid object.
WARNING: [Vivado 12-584] No ports matched 'ss0_an[2]'. [/home/fpga/worker_place/temp/temp/a76a12aa64674857bb3248b4411d25c3/xdc/top_level.xdc:63]
CRITICAL WARNING: [Common 17-55] 'set_property' expects at least one object. [/home/fpga/worker_place/temp/temp/a76a12aa64674857bb3248b4411d25c3/xdc/top_level.xdc:63]
Resolution: If [get_<value>] was used to populate the object, check to make sure this command returns at least one valid object.
WARNING: [Vivado 12-584] No ports matched 'ss0_an[3]'. [/home/fpga/worker_place/temp/temp/a76a12aa64674857bb3248b4411d25c3/xdc/top_level.xdc:64]
CRITICAL WARNING: [Common 17-55] 'set_property' expects at least one object. [/home/fpga/worker_place/temp/temp/a76a12aa64674857bb3248b4411d25c3/xdc/top_level.xdc:64]
Resolution: If [get_<value>] was used to populate the object, check to make sure this command returns at least one valid object.
WARNING: [Vivado 12-584] No ports matched 'ss1_an[0]'. [/home/fpga/worker_place/temp/temp/a76a12aa64674857bb3248b4411d25c3/xdc/top_level.xdc:66]
CRITICAL WARNING: [Common 17-55] 'set_property' expects at least one object. [/home/fpga/worker_place/temp/temp/a76a12aa64674857bb3248b4411d25c3/xdc/top_level.xdc:66]
Resolution: If [get_<value>] was used to populate the object, check to make sure this command returns at least one valid object.
WARNING: [Vivado 12-584] No ports matched 'ss1_an[1]'. [/home/fpga/worker_place/temp/temp/a76a12aa64674857bb3248b4411d25c3/xdc/top_level.xdc:67]
CRITICAL WARNING: [Common 17-55] 'set_property' expects at least one object. [/home/fpga/worker_place/temp/temp/a76a12aa64674857bb3248b4411d25c3/xdc/top_level.xdc:67]
Resolution: If [get_<value>] was used to populate the object, check to make sure this command returns at least one valid object.
WARNING: [Vivado 12-584] No ports matched 'ss1_an[2]'. [/home/fpga/worker_place/temp/temp/a76a12aa64674857bb3248b4411d25c3/xdc/top_level.xdc:68]
CRITICAL WARNING: [Common 17-55] 'set_property' expects at least one object. [/home/fpga/worker_place/temp/temp/a76a12aa64674857bb3248b4411d25c3/xdc/top_level.xdc:68]
Resolution: If [get_<value>] was used to populate the object, check to make sure this command returns at least one valid object.
WARNING: [Vivado 12-584] No ports matched 'ss1_an[3]'. [/home/fpga/worker_place/temp/temp/a76a12aa64674857bb3248b4411d25c3/xdc/top_level.xdc:69]
CRITICAL WARNING: [Common 17-55] 'set_property' expects at least one object. [/home/fpga/worker_place/temp/temp/a76a12aa64674857bb3248b4411d25c3/xdc/top_level.xdc:69]
Resolution: If [get_<value>] was used to populate the object, check to make sure this command returns at least one valid object.
WARNING: [Vivado 12-584] No ports matched 'ss0_c[0]'. [/home/fpga/worker_place/temp/temp/a76a12aa64674857bb3248b4411d25c3/xdc/top_level.xdc:72]
CRITICAL WARNING: [Common 17-55] 'set_property' expects at least one object. [/home/fpga/worker_place/temp/temp/a76a12aa64674857bb3248b4411d25c3/xdc/top_level.xdc:72]
Resolution: If [get_<value>] was used to populate the object, check to make sure this command returns at least one valid object.
WARNING: [Vivado 12-584] No ports matched 'ss0_c[1]'. [/home/fpga/worker_place/temp/temp/a76a12aa64674857bb3248b4411d25c3/xdc/top_level.xdc:73]
CRITICAL WARNING: [Common 17-55] 'set_property' expects at least one object. [/home/fpga/worker_place/temp/temp/a76a12aa64674857bb3248b4411d25c3/xdc/top_level.xdc:73]
Resolution: If [get_<value>] was used to populate the object, check to make sure this command returns at least one valid object.
WARNING: [Vivado 12-584] No ports matched 'ss0_c[2]'. [/home/fpga/worker_place/temp/temp/a76a12aa64674857bb3248b4411d25c3/xdc/top_level.xdc:74]
CRITICAL WARNING: [Common 17-55] 'set_property' expects at least one object. [/home/fpga/worker_place/temp/temp/a76a12aa64674857bb3248b4411d25c3/xdc/top_level.xdc:74]
Resolution: If [get_<value>] was used to populate the object, check to make sure this command returns at least one valid object.
WARNING: [Vivado 12-584] No ports matched 'ss0_c[3]'. [/home/fpga/worker_place/temp/temp/a76a12aa64674857bb3248b4411d25c3/xdc/top_level.xdc:75]
CRITICAL WARNING: [Common 17-55] 'set_property' expects at least one object. [/home/fpga/worker_place/temp/temp/a76a12aa64674857bb3248b4411d25c3/xdc/top_level.xdc:75]
Resolution: If [get_<value>] was used to populate the object, check to make sure this command returns at least one valid object.
WARNING: [Vivado 12-584] No ports matched 'ss0_c[4]'. [/home/fpga/worker_place/temp/temp/a76a12aa64674857bb3248b4411d25c3/xdc/top_level.xdc:76]
CRITICAL WARNING: [Common 17-55] 'set_property' expects at least one object. [/home/fpga/worker_place/temp/temp/a76a12aa64674857bb3248b4411d25c3/xdc/top_level.xdc:76]
Resolution: If [get_<value>] was used to populate the object, check to make sure this command returns at least one valid object.
WARNING: [Vivado 12-584] No ports matched 'ss0_c[5]'. [/home/fpga/worker_place/temp/temp/a76a12aa64674857bb3248b4411d25c3/xdc/top_level.xdc:77]
CRITICAL WARNING: [Common 17-55] 'set_property' expects at least one object. [/home/fpga/worker_place/temp/temp/a76a12aa64674857bb3248b4411d25c3/xdc/top_level.xdc:77]
Resolution: If [get_<value>] was used to populate the object, check to make sure this command returns at least one valid object.
WARNING: [Vivado 12-584] No ports matched 'ss0_c[6]'. [/home/fpga/worker_place/temp/temp/a76a12aa64674857bb3248b4411d25c3/xdc/top_level.xdc:78]
CRITICAL WARNING: [Common 17-55] 'set_property' expects at least one object. [/home/fpga/worker_place/temp/temp/a76a12aa64674857bb3248b4411d25c3/xdc/top_level.xdc:78]
Resolution: If [get_<value>] was used to populate the object, check to make sure this command returns at least one valid object.
WARNING: [Vivado 12-584] No ports matched 'ss1_c[0]'. [/home/fpga/worker_place/temp/temp/a76a12aa64674857bb3248b4411d25c3/xdc/top_level.xdc:81]
CRITICAL WARNING: [Common 17-55] 'set_property' expects at least one object. [/home/fpga/worker_place/temp/temp/a76a12aa64674857bb3248b4411d25c3/xdc/top_level.xdc:81]
Resolution: If [get_<value>] was used to populate the object, check to make sure this command returns at least one valid object.
WARNING: [Vivado 12-584] No ports matched 'ss1_c[1]'. [/home/fpga/worker_place/temp/temp/a76a12aa64674857bb3248b4411d25c3/xdc/top_level.xdc:82]
CRITICAL WARNING: [Common 17-55] 'set_property' expects at least one object. [/home/fpga/worker_place/temp/temp/a76a12aa64674857bb3248b4411d25c3/xdc/top_level.xdc:82]
Resolution: If [get_<value>] was used to populate the object, check to make sure this command returns at least one valid object.
WARNING: [Vivado 12-584] No ports matched 'ss1_c[2]'. [/home/fpga/worker_place/temp/temp/a76a12aa64674857bb3248b4411d25c3/xdc/top_level.xdc:83]
CRITICAL WARNING: [Common 17-55] 'set_property' expects at least one object. [/home/fpga/worker_place/temp/temp/a76a12aa64674857bb3248b4411d25c3/xdc/top_level.xdc:83]
Resolution: If [get_<value>] was used to populate the object, check to make sure this command returns at least one valid object.
WARNING: [Vivado 12-584] No ports matched 'ss1_c[3]'. [/home/fpga/worker_place/temp/temp/a76a12aa64674857bb3248b4411d25c3/xdc/top_level.xdc:84]
CRITICAL WARNING: [Common 17-55] 'set_property' expects at least one object. [/home/fpga/worker_place/temp/temp/a76a12aa64674857bb3248b4411d25c3/xdc/top_level.xdc:84]
Resolution: If [get_<value>] was used to populate the object, check to make sure this command returns at least one valid object.
WARNING: [Vivado 12-584] No ports matched 'ss1_c[4]'. [/home/fpga/worker_place/temp/temp/a76a12aa64674857bb3248b4411d25c3/xdc/top_level.xdc:85]
CRITICAL WARNING: [Common 17-55] 'set_property' expects at least one object. [/home/fpga/worker_place/temp/temp/a76a12aa64674857bb3248b4411d25c3/xdc/top_level.xdc:85]
Resolution: If [get_<value>] was used to populate the object, check to make sure this command returns at least one valid object.
WARNING: [Vivado 12-584] No ports matched 'ss1_c[5]'. [/home/fpga/worker_place/temp/temp/a76a12aa64674857bb3248b4411d25c3/xdc/top_level.xdc:86]
CRITICAL WARNING: [Common 17-55] 'set_property' expects at least one object. [/home/fpga/worker_place/temp/temp/a76a12aa64674857bb3248b4411d25c3/xdc/top_level.xdc:86]
Resolution: If [get_<value>] was used to populate the object, check to make sure this command returns at least one valid object.
WARNING: [Vivado 12-584] No ports matched 'ss1_c[6]'. [/home/fpga/worker_place/temp/temp/a76a12aa64674857bb3248b4411d25c3/xdc/top_level.xdc:87]
CRITICAL WARNING: [Common 17-55] 'set_property' expects at least one object. [/home/fpga/worker_place/temp/temp/a76a12aa64674857bb3248b4411d25c3/xdc/top_level.xdc:87]
Resolution: If [get_<value>] was used to populate the object, check to make sure this command returns at least one valid object.
Finished Parsing XDC File [/home/fpga/worker_place/temp/temp/a76a12aa64674857bb3248b4411d25c3/xdc/top_level.xdc]
INFO: [Project 1-236] Implementation specific constraints were found while reading constraint file [/home/fpga/worker_place/temp/temp/a76a12aa64674857bb3248b4411d25c3/xdc/top_level.xdc]. These constraints will be ignored for synthesis but will be used in implementation. Impacted constraints are listed in the file [.Xil/top_level_propImpl.xdc].
Resolution: To avoid this warning, move constraints listed in [.Xil/top_level_propImpl.xdc] to another XDC file and exclude this new file from synthesis with the used_in_synthesis property (File Properties dialog in GUI) and re-run elaboration/synthesis.
Completed Processing XDC Constraints

Netlist sorting complete. Time (s): cpu = 00:00:00 ; elapsed = 00:00:00 . Memory (MB): peak = 2361.406 ; gain = 0.000 ; free physical = 20859 ; free virtual = 36709
INFO: [Project 1-111] Unisim Transformation Summary:
No Unisim elements were transformed.

Constraint Validation Runtime : Time (s): cpu = 00:00:00 ; elapsed = 00:00:00.01 . Memory (MB): peak = 2361.441 ; gain = 0.000 ; free physical = 20859 ; free virtual = 36709
---------------------------------------------------------------------------------
Finished Constraint Validation : Time (s): cpu = 00:00:08 ; elapsed = 00:00:08 . Memory (MB): peak = 2361.441 ; gain = 694.453 ; free physical = 20874 ; free virtual = 36724
---------------------------------------------------------------------------------
---------------------------------------------------------------------------------
Start Loading Part and Timing Information
---------------------------------------------------------------------------------
Loading part: xc7s50csga324-1
---------------------------------------------------------------------------------
Finished Loading Part and Timing Information : Time (s): cpu = 00:00:08 ; elapsed = 00:00:08 . Memory (MB): peak = 2369.410 ; gain = 702.422 ; free physical = 20874 ; free virtual = 36724
---------------------------------------------------------------------------------
---------------------------------------------------------------------------------
Start Applying 'set_property' XDC Constraints
---------------------------------------------------------------------------------
---------------------------------------------------------------------------------
Finished applying 'set_property' XDC Constraints : Time (s): cpu = 00:00:08 ; elapsed = 00:00:08 . Memory (MB): peak = 2369.410 ; gain = 702.422 ; free physical = 20874 ; free virtual = 36724
---------------------------------------------------------------------------------
INFO: [Synth 8-3971] The signal "xilinx_true_dual_port_read_first_2_clock_ram:/BRAM_reg" was recognized as a true dual port RAM template.
---------------------------------------------------------------------------------
Finished RTL Optimization Phase 2 : Time (s): cpu = 00:00:08 ; elapsed = 00:00:08 . Memory (MB): peak = 2369.410 ; gain = 702.422 ; free physical = 20882 ; free virtual = 36734
---------------------------------------------------------------------------------
---------------------------------------------------------------------------------
Start RTL Component Statistics 
---------------------------------------------------------------------------------
Detailed RTL Component Info : 
+---Adders : 
	   2 Input   32 Bit       Adders := 3     
	   2 Input    9 Bit       Adders := 1     
	   2 Input    6 Bit       Adders := 2     
	   2 Input    5 Bit       Adders := 4     
	   2 Input    4 Bit       Adders := 1     
+---Registers : 
	               17 Bit    Registers := 3     
	                9 Bit    Registers := 1     
	                8 Bit    Registers := 8     
	                6 Bit    Registers := 1     
	                5 Bit    Registers := 2     
	                4 Bit    Registers := 1     
	                1 Bit    Registers := 16    
+---RAMs : 
	             312K Bit	(40000 X 8 bit)          RAMs := 1     
+---Muxes : 
	   2 Input   32 Bit        Muxes := 2     
	   4 Input   32 Bit        Muxes := 2     
	   2 Input   17 Bit        Muxes := 4     
	   2 Input    8 Bit        Muxes := 4     
	   4 Input    8 Bit        Muxes := 1     
	   2 Input    5 Bit        Muxes := 6     
	   4 Input    5 Bit        Muxes := 1     
	   2 Input    4 Bit        Muxes := 5     
	   2 Input    3 Bit        Muxes := 2     
	   2 Input    2 Bit        Muxes := 1     
	   2 Input    1 Bit        Muxes := 56    
	   4 Input    1 Bit        Muxes := 3     
---------------------------------------------------------------------------------
Finished RTL Component Statistics 
---------------------------------------------------------------------------------
---------------------------------------------------------------------------------
Start Part Resource Summary
---------------------------------------------------------------------------------
Part Resources:
DSPs: 120 (col length:60)
BRAMs: 150 (col length: RAMB18 60 RAMB36 30)
---------------------------------------------------------------------------------
Finished Part Resource Summary
---------------------------------------------------------------------------------
---------------------------------------------------------------------------------
Start Cross Boundary and Area Optimization
---------------------------------------------------------------------------------
WARNING: [Synth 8-7080] Parallel synthesis criteria is not met
WARNING: [Synth 8-3917] design top_level has port rgb0[2] driven by constant 0
WARNING: [Synth 8-3917] design top_level has port rgb0[1] driven by constant 0
WARNING: [Synth 8-3917] design top_level has port rgb0[0] driven by constant 0
WARNING: [Synth 8-3917] design top_level has port rgb1[2] driven by constant 0
WARNING: [Synth 8-3917] design top_level has port rgb1[1] driven by constant 0
WARNING: [Synth 8-3917] design top_level has port rgb1[0] driven by constant 0
WARNING: [Synth 8-7129] Port led[15] in module top_level is either unconnected or has no load
WARNING: [Synth 8-7129] Port led[14] in module top_level is either unconnected or has no load
WARNING: [Synth 8-7129] Port led[13] in module top_level is either unconnected or has no load
WARNING: [Synth 8-7129] Port led[12] in module top_level is either unconnected or has no load
WARNING: [Synth 8-7129] Port led[11] in module top_level is either unconnected or has no load
WARNING: [Synth 8-7129] Port led[10] in module top_level is either unconnected or has no load
WARNING: [Synth 8-7129] Port led[9] in module top_level is either unconnected or has no load
WARNING: [Synth 8-7129] Port led[8] in module top_level is either unconnected or has no load
WARNING: [Synth 8-7129] Port led[7] in module top_level is either unconnected or has no load
WARNING: [Synth 8-7129] Port led[6] in module top_level is either unconnected or has no load
WARNING: [Synth 8-7129] Port led[5] in module top_level is either unconnected or has no load
WARNING: [Synth 8-7129] Port led[4] in module top_level is either unconnected or has no load
WARNING: [Synth 8-7129] Port led[3] in module top_level is either unconnected or has no load
WARNING: [Synth 8-7129] Port led[2] in module top_level is either unconnected or has no load
WARNING: [Synth 8-7129] Port led[1] in module top_level is either unconnected or has no load
WARNING: [Synth 8-7129] Port led[0] in module top_level is either unconnected or has no load
WARNING: [Synth 8-7129] Port sw[15] in module top_level is either unconnected or has no load
WARNING: [Synth 8-7129] Port sw[14] in module top_level is either unconnected or has no load
WARNING: [Synth 8-7129] Port sw[13] in module top_level is either unconnected or has no load
WARNING: [Synth 8-7129] Port sw[12] in module top_level is either unconnected or has no load
WARNING: [Synth 8-7129] Port sw[11] in module top_level is either unconnected or has no load
WARNING: [Synth 8-7129] Port sw[10] in module top_level is either unconnected or has no load
WARNING: [Synth 8-7129] Port sw[9] in module top_level is either unconnected or has no load
WARNING: [Synth 8-7129] Port sw[8] in module top_level is either unconnected or has no load
WARNING: [Synth 8-7129] Port sw[7] in module top_level is either unconnected or has no load
WARNING: [Synth 8-7129] Port sw[6] in module top_level is either unconnected or has no load
WARNING: [Synth 8-7129] Port sw[5] in module top_level is either unconnected or has no load
WARNING: [Synth 8-7129] Port sw[4] in module top_level is either unconnected or has no load
WARNING: [Synth 8-7129] Port sw[3] in module top_level is either unconnected or has no load
WARNING: [Synth 8-7129] Port sw[2] in module top_level is either unconnected or has no load
WARNING: [Synth 8-7129] Port sw[1] in module top_level is either unconnected or has no load
WARNING: [Synth 8-7129] Port btn[3] in module top_level is either unconnected or has no load
WARNING: [Synth 8-7129] Port btn[2] in module top_level is either unconnected or has no load
WARNING: [Synth 8-7129] Port btn[1] in module top_level is either unconnected or has no load
WARNING: [Synth 8-6014] Unused sequential element audio_bram/BRAM_reg was removed. 
---------------------------------------------------------------------------------
Finished Cross Boundary and Area Optimization : Time (s): cpu = 00:00:16 ; elapsed = 00:00:16 . Memory (MB): peak = 2369.410 ; gain = 702.422 ; free physical = 20980 ; free virtual = 36841
---------------------------------------------------------------------------------
---------------------------------------------------------------------------------
Start ROM, RAM, DSP, Shift Register and Retiming Reporting
---------------------------------------------------------------------------------

Block RAM: Preliminary Mapping Report (see note below)
+------------+---------------------+------------------------+---+---+------------------------+---+---+------------------+--------+--------+
|Module Name | RTL Object          | PORT A (Depth x Width) | W | R | PORT B (Depth x Width) | W | R | Ports driving FF | RAMB18 | RAMB36 | 
+------------+---------------------+------------------------+---+---+------------------------+---+---+------------------+--------+--------+
|top_level   | audio_bram/BRAM_reg | 39 K x 8(READ_FIRST)   | W |   | 39 K x 8(WRITE_FIRST)  |   | R | Port A and B     | 0      | 16     | 
+------------+---------------------+------------------------+---+---+------------------------+---+---+------------------+--------+--------+

Note: The table above is a preliminary report that shows the Block RAMs at the current stage of the synthesis flow. Some Block RAMs may be reimplemented as non Block RAM primitives later in the synthesis flow. Multiple instantiated Block RAMs are reported only once. 
---------------------------------------------------------------------------------
Finished ROM, RAM, DSP, Shift Register and Retiming Reporting
---------------------------------------------------------------------------------
---------------------------------------------------------------------------------
Start Applying XDC Timing Constraints
---------------------------------------------------------------------------------
---------------------------------------------------------------------------------
Finished Applying XDC Timing Constraints : Time (s): cpu = 00:00:19 ; elapsed = 00:00:19 . Memory (MB): peak = 2397.410 ; gain = 730.422 ; free physical = 20929 ; free virtual = 36790
---------------------------------------------------------------------------------
---------------------------------------------------------------------------------
Start Timing Optimization
---------------------------------------------------------------------------------
---------------------------------------------------------------------------------
Finished Timing Optimization : Time (s): cpu = 00:00:20 ; elapsed = 00:00:20 . Memory (MB): peak = 2473.465 ; gain = 806.477 ; free physical = 20850 ; free virtual = 36711
---------------------------------------------------------------------------------
---------------------------------------------------------------------------------
Start ROM, RAM, DSP, Shift Register and Retiming Reporting
---------------------------------------------------------------------------------

Block RAM: Final Mapping Report
+------------+---------------------+------------------------+---+---+------------------------+---+---+------------------+--------+--------+
|Module Name | RTL Object          | PORT A (Depth x Width) | W | R | PORT B (Depth x Width) | W | R | Ports driving FF | RAMB18 | RAMB36 | 
+------------+---------------------+------------------------+---+---+------------------------+---+---+------------------+--------+--------+
|top_level   | audio_bram/BRAM_reg | 39 K x 8(READ_FIRST)   | W |   | 39 K x 8(WRITE_FIRST)  |   | R | Port A and B     | 0      | 16     | 
+------------+---------------------+------------------------+---+---+------------------------+---+---+------------------+--------+--------+

---------------------------------------------------------------------------------
Finished ROM, RAM, DSP, Shift Register and Retiming Reporting
---------------------------------------------------------------------------------
---------------------------------------------------------------------------------
Start Technology Mapping
---------------------------------------------------------------------------------
---------------------------------------------------------------------------------
Finished Technology Mapping : Time (s): cpu = 00:00:20 ; elapsed = 00:00:21 . Memory (MB): peak = 2473.465 ; gain = 806.477 ; free physical = 20850 ; free virtual = 36711
---------------------------------------------------------------------------------
---------------------------------------------------------------------------------
Start IO Insertion
---------------------------------------------------------------------------------
---------------------------------------------------------------------------------
Start Flattening Before IO Insertion
---------------------------------------------------------------------------------
---------------------------------------------------------------------------------
Finished Flattening Before IO Insertion
---------------------------------------------------------------------------------
---------------------------------------------------------------------------------
Start Final Netlist Cleanup
---------------------------------------------------------------------------------
---------------------------------------------------------------------------------
Finished Final Netlist Cleanup
---------------------------------------------------------------------------------
---------------------------------------------------------------------------------
Finished IO Insertion : Time (s): cpu = 00:00:22 ; elapsed = 00:00:22 . Memory (MB): peak = 2588.277 ; gain = 921.289 ; free physical = 20758 ; free virtual = 36618
---------------------------------------------------------------------------------
---------------------------------------------------------------------------------
Start Renaming Generated Instances
---------------------------------------------------------------------------------
---------------------------------------------------------------------------------
Finished Renaming Generated Instances : Time (s): cpu = 00:00:22 ; elapsed = 00:00:22 . Memory (MB): peak = 2588.277 ; gain = 921.289 ; free physical = 20758 ; free virtual = 36618
---------------------------------------------------------------------------------
---------------------------------------------------------------------------------
Start Rebuilding User Hierarchy
---------------------------------------------------------------------------------
---------------------------------------------------------------------------------
Finished Rebuilding User Hierarchy : Time (s): cpu = 00:00:22 ; elapsed = 00:00:22 . Memory (MB): peak = 2588.277 ; gain = 921.289 ; free physical = 20758 ; free virtual = 36618
---------------------------------------------------------------------------------
---------------------------------------------------------------------------------
Start Renaming Generated Ports
---------------------------------------------------------------------------------
---------------------------------------------------------------------------------
Finished Renaming Generated Ports : Time (s): cpu = 00:00:22 ; elapsed = 00:00:22 . Memory (MB): peak = 2588.277 ; gain = 921.289 ; free physical = 20758 ; free virtual = 36618
---------------------------------------------------------------------------------
---------------------------------------------------------------------------------
Start Handling Custom Attributes
---------------------------------------------------------------------------------
---------------------------------------------------------------------------------
Finished Handling Custom Attributes : Time (s): cpu = 00:00:22 ; elapsed = 00:00:22 . Memory (MB): peak = 2591.246 ; gain = 924.258 ; free physical = 20758 ; free virtual = 36618
---------------------------------------------------------------------------------
---------------------------------------------------------------------------------
Start Renaming Generated Nets
---------------------------------------------------------------------------------
---------------------------------------------------------------------------------
Finished Renaming Generated Nets : Time (s): cpu = 00:00:22 ; elapsed = 00:00:22 . Memory (MB): peak = 2591.246 ; gain = 924.258 ; free physical = 20758 ; free virtual = 36618
---------------------------------------------------------------------------------
---------------------------------------------------------------------------------
Start Writing Synthesis Report
---------------------------------------------------------------------------------

Report BlackBoxes: 
+-+--------------+----------+
| |BlackBox name |Instances |
+-+--------------+----------+
+-+--------------+----------+

Report Cell Usage: 
+------+---------+------+
|      |Cell     |Count |
+------+---------+------+
|1     |BUFG     |     1|
|2     |CARRY4   |   332|
|3     |LUT1     |     9|
|4     |LUT2     |    96|
|5     |LUT3     |   305|
|6     |LUT4     |    28|
|7     |LUT5     |    27|
|8     |LUT6     |    75|
|9     |RAMB36E1 |    16|
|11    |FDRE     |  1079|
|12    |FDSE     |     2|
|13    |IBUF     |     5|
|14    |OBUF     |    20|
|15    |OBUFT    |    16|
+------+---------+------+
---------------------------------------------------------------------------------
Finished Writing Synthesis Report : Time (s): cpu = 00:00:22 ; elapsed = 00:00:22 . Memory (MB): peak = 2591.246 ; gain = 924.258 ; free physical = 20758 ; free virtual = 36618
---------------------------------------------------------------------------------
Synthesis finished with 0 errors, 0 critical warnings and 42 warnings.
Synthesis Optimization Runtime : Time (s): cpu = 00:00:21 ; elapsed = 00:00:21 . Memory (MB): peak = 2591.246 ; gain = 808.453 ; free physical = 20758 ; free virtual = 36618
Synthesis Optimization Complete : Time (s): cpu = 00:00:22 ; elapsed = 00:00:22 . Memory (MB): peak = 2591.254 ; gain = 924.258 ; free physical = 20758 ; free virtual = 36618
INFO: [Project 1-571] Translating synthesized netlist
Netlist sorting complete. Time (s): cpu = 00:00:00.01 ; elapsed = 00:00:00 . Memory (MB): peak = 2591.254 ; gain = 0.000 ; free physical = 20918 ; free virtual = 36779
INFO: [Netlist 29-17] Analyzing 348 Unisim elements for replacement
INFO: [Netlist 29-28] Unisim Transformation completed in 0 CPU seconds
INFO: [Project 1-570] Preparing netlist for logic optimization
Parsing XDC File [/home/fpga/worker_place/temp/temp/a76a12aa64674857bb3248b4411d25c3/xdc/top_level.xdc]
WARNING: [Vivado 12-584] No ports matched 'ss0_an[0]'. [/home/fpga/worker_place/temp/temp/a76a12aa64674857bb3248b4411d25c3/xdc/top_level.xdc:61]
CRITICAL WARNING: [Common 17-55] 'set_property' expects at least one object. [/home/fpga/worker_place/temp/temp/a76a12aa64674857bb3248b4411d25c3/xdc/top_level.xdc:61]
Resolution: If [get_<value>] was used to populate the object, check to make sure this command returns at least one valid object.
WARNING: [Vivado 12-584] No ports matched 'ss0_an[1]'. [/home/fpga/worker_place/temp/temp/a76a12aa64674857bb3248b4411d25c3/xdc/top_level.xdc:62]
CRITICAL WARNING: [Common 17-55] 'set_property' expects at least one object. [/home/fpga/worker_place/temp/temp/a76a12aa64674857bb3248b4411d25c3/xdc/top_level.xdc:62]
Resolution: If [get_<value>] was used to populate the object, check to make sure this command returns at least one valid object.
WARNING: [Vivado 12-584] No ports matched 'ss0_an[2]'. [/home/fpga/worker_place/temp/temp/a76a12aa64674857bb3248b4411d25c3/xdc/top_level.xdc:63]
CRITICAL WARNING: [Common 17-55] 'set_property' expects at least one object. [/home/fpga/worker_place/temp/temp/a76a12aa64674857bb3248b4411d25c3/xdc/top_level.xdc:63]
Resolution: If [get_<value>] was used to populate the object, check to make sure this command returns at least one valid object.
WARNING: [Vivado 12-584] No ports matched 'ss0_an[3]'. [/home/fpga/worker_place/temp/temp/a76a12aa64674857bb3248b4411d25c3/xdc/top_level.xdc:64]
CRITICAL WARNING: [Common 17-55] 'set_property' expects at least one object. [/home/fpga/worker_place/temp/temp/a76a12aa64674857bb3248b4411d25c3/xdc/top_level.xdc:64]
Resolution: If [get_<value>] was used to populate the object, check to make sure this command returns at least one valid object.
WARNING: [Vivado 12-584] No ports matched 'ss1_an[0]'. [/home/fpga/worker_place/temp/temp/a76a12aa64674857bb3248b4411d25c3/xdc/top_level.xdc:66]
CRITICAL WARNING: [Common 17-55] 'set_property' expects at least one object. [/home/fpga/worker_place/temp/temp/a76a12aa64674857bb3248b4411d25c3/xdc/top_level.xdc:66]
Resolution: If [get_<value>] was used to populate the object, check to make sure this command returns at least one valid object.
WARNING: [Vivado 12-584] No ports matched 'ss1_an[1]'. [/home/fpga/worker_place/temp/temp/a76a12aa64674857bb3248b4411d25c3/xdc/top_level.xdc:67]
CRITICAL WARNING: [Common 17-55] 'set_property' expects at least one object. [/home/fpga/worker_place/temp/temp/a76a12aa64674857bb3248b4411d25c3/xdc/top_level.xdc:67]
Resolution: If [get_<value>] was used to populate the object, check to make sure this command returns at least one valid object.
WARNING: [Vivado 12-584] No ports matched 'ss1_an[2]'. [/home/fpga/worker_place/temp/temp/a76a12aa64674857bb3248b4411d25c3/xdc/top_level.xdc:68]
CRITICAL WARNING: [Common 17-55] 'set_property' expects at least one object. [/home/fpga/worker_place/temp/temp/a76a12aa64674857bb3248b4411d25c3/xdc/top_level.xdc:68]
Resolution: If [get_<value>] was used to populate the object, check to make sure this command returns at least one valid object.
WARNING: [Vivado 12-584] No ports matched 'ss1_an[3]'. [/home/fpga/worker_place/temp/temp/a76a12aa64674857bb3248b4411d25c3/xdc/top_level.xdc:69]
CRITICAL WARNING: [Common 17-55] 'set_property' expects at least one object. [/home/fpga/worker_place/temp/temp/a76a12aa64674857bb3248b4411d25c3/xdc/top_level.xdc:69]
Resolution: If [get_<value>] was used to populate the object, check to make sure this command returns at least one valid object.
WARNING: [Vivado 12-584] No ports matched 'ss0_c[0]'. [/home/fpga/worker_place/temp/temp/a76a12aa64674857bb3248b4411d25c3/xdc/top_level.xdc:72]
CRITICAL WARNING: [Common 17-55] 'set_property' expects at least one object. [/home/fpga/worker_place/temp/temp/a76a12aa64674857bb3248b4411d25c3/xdc/top_level.xdc:72]
Resolution: If [get_<value>] was used to populate the object, check to make sure this command returns at least one valid object.
WARNING: [Vivado 12-584] No ports matched 'ss0_c[1]'. [/home/fpga/worker_place/temp/temp/a76a12aa64674857bb3248b4411d25c3/xdc/top_level.xdc:73]
CRITICAL WARNING: [Common 17-55] 'set_property' expects at least one object. [/home/fpga/worker_place/temp/temp/a76a12aa64674857bb3248b4411d25c3/xdc/top_level.xdc:73]
Resolution: If [get_<value>] was used to populate the object, check to make sure this command returns at least one valid object.
WARNING: [Vivado 12-584] No ports matched 'ss0_c[2]'. [/home/fpga/worker_place/temp/temp/a76a12aa64674857bb3248b4411d25c3/xdc/top_level.xdc:74]
CRITICAL WARNING: [Common 17-55] 'set_property' expects at least one object. [/home/fpga/worker_place/temp/temp/a76a12aa64674857bb3248b4411d25c3/xdc/top_level.xdc:74]
Resolution: If [get_<value>] was used to populate the object, check to make sure this command returns at least one valid object.
WARNING: [Vivado 12-584] No ports matched 'ss0_c[3]'. [/home/fpga/worker_place/temp/temp/a76a12aa64674857bb3248b4411d25c3/xdc/top_level.xdc:75]
CRITICAL WARNING: [Common 17-55] 'set_property' expects at least one object. [/home/fpga/worker_place/temp/temp/a76a12aa64674857bb3248b4411d25c3/xdc/top_level.xdc:75]
Resolution: If [get_<value>] was used to populate the object, check to make sure this command returns at least one valid object.
WARNING: [Vivado 12-584] No ports matched 'ss0_c[4]'. [/home/fpga/worker_place/temp/temp/a76a12aa64674857bb3248b4411d25c3/xdc/top_level.xdc:76]
CRITICAL WARNING: [Common 17-55] 'set_property' expects at least one object. [/home/fpga/worker_place/temp/temp/a76a12aa64674857bb3248b4411d25c3/xdc/top_level.xdc:76]
Resolution: If [get_<value>] was used to populate the object, check to make sure this command returns at least one valid object.
WARNING: [Vivado 12-584] No ports matched 'ss0_c[5]'. [/home/fpga/worker_place/temp/temp/a76a12aa64674857bb3248b4411d25c3/xdc/top_level.xdc:77]
CRITICAL WARNING: [Common 17-55] 'set_property' expects at least one object. [/home/fpga/worker_place/temp/temp/a76a12aa64674857bb3248b4411d25c3/xdc/top_level.xdc:77]
Resolution: If [get_<value>] was used to populate the object, check to make sure this command returns at least one valid object.
WARNING: [Vivado 12-584] No ports matched 'ss0_c[6]'. [/home/fpga/worker_place/temp/temp/a76a12aa64674857bb3248b4411d25c3/xdc/top_level.xdc:78]
CRITICAL WARNING: [Common 17-55] 'set_property' expects at least one object. [/home/fpga/worker_place/temp/temp/a76a12aa64674857bb3248b4411d25c3/xdc/top_level.xdc:78]
Resolution: If [get_<value>] was used to populate the object, check to make sure this command returns at least one valid object.
WARNING: [Vivado 12-584] No ports matched 'ss1_c[0]'. [/home/fpga/worker_place/temp/temp/a76a12aa64674857bb3248b4411d25c3/xdc/top_level.xdc:81]
CRITICAL WARNING: [Common 17-55] 'set_property' expects at least one object. [/home/fpga/worker_place/temp/temp/a76a12aa64674857bb3248b4411d25c3/xdc/top_level.xdc:81]
Resolution: If [get_<value>] was used to populate the object, check to make sure this command returns at least one valid object.
WARNING: [Vivado 12-584] No ports matched 'ss1_c[1]'. [/home/fpga/worker_place/temp/temp/a76a12aa64674857bb3248b4411d25c3/xdc/top_level.xdc:82]
CRITICAL WARNING: [Common 17-55] 'set_property' expects at least one object. [/home/fpga/worker_place/temp/temp/a76a12aa64674857bb3248b4411d25c3/xdc/top_level.xdc:82]
Resolution: If [get_<value>] was used to populate the object, check to make sure this command returns at least one valid object.
WARNING: [Vivado 12-584] No ports matched 'ss1_c[2]'. [/home/fpga/worker_place/temp/temp/a76a12aa64674857bb3248b4411d25c3/xdc/top_level.xdc:83]
CRITICAL WARNING: [Common 17-55] 'set_property' expects at least one object. [/home/fpga/worker_place/temp/temp/a76a12aa64674857bb3248b4411d25c3/xdc/top_level.xdc:83]
Resolution: If [get_<value>] was used to populate the object, check to make sure this command returns at least one valid object.
WARNING: [Vivado 12-584] No ports matched 'ss1_c[3]'. [/home/fpga/worker_place/temp/temp/a76a12aa64674857bb3248b4411d25c3/xdc/top_level.xdc:84]
CRITICAL WARNING: [Common 17-55] 'set_property' expects at least one object. [/home/fpga/worker_place/temp/temp/a76a12aa64674857bb3248b4411d25c3/xdc/top_level.xdc:84]
Resolution: If [get_<value>] was used to populate the object, check to make sure this command returns at least one valid object.
WARNING: [Vivado 12-584] No ports matched 'ss1_c[4]'. [/home/fpga/worker_place/temp/temp/a76a12aa64674857bb3248b4411d25c3/xdc/top_level.xdc:85]
CRITICAL WARNING: [Common 17-55] 'set_property' expects at least one object. [/home/fpga/worker_place/temp/temp/a76a12aa64674857bb3248b4411d25c3/xdc/top_level.xdc:85]
Resolution: If [get_<value>] was used to populate the object, check to make sure this command returns at least one valid object.
WARNING: [Vivado 12-584] No ports matched 'ss1_c[5]'. [/home/fpga/worker_place/temp/temp/a76a12aa64674857bb3248b4411d25c3/xdc/top_level.xdc:86]
CRITICAL WARNING: [Common 17-55] 'set_property' expects at least one object. [/home/fpga/worker_place/temp/temp/a76a12aa64674857bb3248b4411d25c3/xdc/top_level.xdc:86]
Resolution: If [get_<value>] was used to populate the object, check to make sure this command returns at least one valid object.
WARNING: [Vivado 12-584] No ports matched 'ss1_c[6]'. [/home/fpga/worker_place/temp/temp/a76a12aa64674857bb3248b4411d25c3/xdc/top_level.xdc:87]
CRITICAL WARNING: [Common 17-55] 'set_property' expects at least one object. [/home/fpga/worker_place/temp/temp/a76a12aa64674857bb3248b4411d25c3/xdc/top_level.xdc:87]
Resolution: If [get_<value>] was used to populate the object, check to make sure this command returns at least one valid object.
Finished Parsing XDC File [/home/fpga/worker_place/temp/temp/a76a12aa64674857bb3248b4411d25c3/xdc/top_level.xdc]
INFO: [Opt 31-138] Pushed 0 inverter(s) to 0 load pin(s).
Netlist sorting complete. Time (s): cpu = 00:00:00 ; elapsed = 00:00:00 . Memory (MB): peak = 2615.258 ; gain = 0.000 ; free physical = 20912 ; free virtual = 36773
INFO: [Project 1-111] Unisim Transformation Summary:
No Unisim elements were transformed.

Synth Design complete | Checksum: 20d9bc26
INFO: [Common 17-83] Releasing license: Synthesis
35 Infos, 130 Warnings, 44 Critical Warnings and 0 Errors encountered.
synth_design completed successfully
synth_design: Time (s): cpu = 00:00:26 ; elapsed = 00:00:25 . Memory (MB): peak = 2615.293 ; gain = 1084.617 ; free physical = 20912 ; free virtual = 36773
INFO: [Common 17-2834] synth_design peak Physical Memory [PSS] (MB): overall = 2100.423; main = 2043.007; forked = 334.585
INFO: [Common 17-2834] synth_design peak Virtual Memory [VSS] (MB): overall = 3437.316; main = 2615.262; forked = 963.848
# report_timing_summary -file $outputDir/post_synth_timing_summary.rpt
INFO: [Timing 38-35] Done setting XDC timing constraints.
INFO: [Timing 38-91] UpdateTimingParams: Speed grade: -1, Delay Type: min_max.
INFO: [Timing 38-191] Multithreading enabled for timing update using a maximum of 4 CPUs
# report_utilization -file $outputDir/post_synth_util.rpt -hierarchical -hierarchical_depth 4
# report_timing -file $outputDir/post_synth_timing.rpt
INFO: [Timing 38-91] UpdateTimingParams: Speed grade: -1, Delay Type: max.
INFO: [Timing 38-191] Multithreading enabled for timing update using a maximum of 4 CPUs
INFO: [Timing 38-78] ReportTimingParams: -max_paths 1 -nworst 1 -delay_type max -sort_by slack.
# opt_design
Command: opt_design
Attempting to get a license for feature 'Implementation' and/or device 'xc7s50'
INFO: [Common 17-349] Got license for feature 'Implementation' and/or device 'xc7s50'
Running DRC as a precondition to command opt_design

Starting DRC Task
INFO: [DRC 23-27] Running DRC with 4 threads
INFO: [Project 1-461] DRC finished with 0 Errors
INFO: [Project 1-462] Please refer to the DRC report (report_drc) for more information.

Time (s): cpu = 00:00:01 ; elapsed = 00:00:00.42 . Memory (MB): peak = 2771.320 ; gain = 76.312 ; free physical = 20826 ; free virtual = 36687

Starting Cache Timing Information Task
Ending Cache Timing Information Task | Checksum: 1ae585090

Time (s): cpu = 00:00:00 ; elapsed = 00:00:00 . Memory (MB): peak = 2771.320 ; gain = 0.000 ; free physical = 20826 ; free virtual = 36687

Starting Logic Optimization Task

Phase 1 Initialization

Phase 1.1 Core Generation And Design Setup
Phase 1.1 Core Generation And Design Setup | Checksum: 1ae585090

Time (s): cpu = 00:00:00 ; elapsed = 00:00:00 . Memory (MB): peak = 3000.320 ; gain = 0.000 ; free physical = 20560 ; free virtual = 36421

Phase 1.2 Setup Constraints And Sort Netlist
Phase 1.2 Setup Constraints And Sort Netlist | Checksum: 1ae585090

Time (s): cpu = 00:00:00 ; elapsed = 00:00:00 . Memory (MB): peak = 3000.320 ; gain = 0.000 ; free physical = 20560 ; free virtual = 36421
Phase 1 Initialization | Checksum: 1ae585090

Time (s): cpu = 00:00:00 ; elapsed = 00:00:00 . Memory (MB): peak = 3000.320 ; gain = 0.000 ; free physical = 20560 ; free virtual = 36421

Phase 2 Timer Update And Timing Data Collection

Phase 2.1 Timer Update
Phase 2.1 Timer Update | Checksum: 1ae585090

Time (s): cpu = 00:00:00.06 ; elapsed = 00:00:00.03 . Memory (MB): peak = 3000.320 ; gain = 0.000 ; free physical = 20560 ; free virtual = 36421

Phase 2.2 Timing Data Collection
Phase 2.2 Timing Data Collection | Checksum: 1ae585090

Time (s): cpu = 00:00:00.06 ; elapsed = 00:00:00.03 . Memory (MB): peak = 3000.320 ; gain = 0.000 ; free physical = 20560 ; free virtual = 36421
Phase 2 Timer Update And Timing Data Collection | Checksum: 1ae585090

Time (s): cpu = 00:00:00.06 ; elapsed = 00:00:00.03 . Memory (MB): peak = 3000.320 ; gain = 0.000 ; free physical = 20560 ; free virtual = 36421

Phase 3 Retarget
INFO: [Opt 31-1851] Number of loadless carry chains removed were: 0
INFO: [Opt 31-1834] Total Chains To Be Transformed Were: 0 AND Number of Transformed insts Created are: 0
INFO: [Opt 31-138] Pushed 0 inverter(s) to 0 load pin(s).
INFO: [Opt 31-49] Retargeted 0 cell(s).
Phase 3 Retarget | Checksum: 1c58d4519

Time (s): cpu = 00:00:00.08 ; elapsed = 00:00:00.05 . Memory (MB): peak = 3000.320 ; gain = 0.000 ; free physical = 20560 ; free virtual = 36420
Retarget | Checksum: 1c58d4519
INFO: [Opt 31-389] Phase Retarget created 0 cells and removed 0 cells

Phase 4 Constant propagation
INFO: [Opt 31-138] Pushed 0 inverter(s) to 0 load pin(s).
Phase 4 Constant propagation | Checksum: 1c58d4519

Time (s): cpu = 00:00:00.09 ; elapsed = 00:00:00.06 . Memory (MB): peak = 3000.320 ; gain = 0.000 ; free physical = 20560 ; free virtual = 36420
Constant propagation | Checksum: 1c58d4519
INFO: [Opt 31-389] Phase Constant propagation created 0 cells and removed 0 cells

Phase 5 Sweep
INFO: [Constraints 18-11670] Building netlist checker database with flags, 0x8
Done building netlist checker database: Time (s): cpu = 00:00:00 ; elapsed = 00:00:00.01 . Memory (MB): peak = 3000.320 ; gain = 0.000 ; free physical = 20560 ; free virtual = 36420
Phase 5 Sweep | Checksum: 205e26cca

Time (s): cpu = 00:00:00.1 ; elapsed = 00:00:00.07 . Memory (MB): peak = 3000.320 ; gain = 0.000 ; free physical = 20560 ; free virtual = 36420
Sweep | Checksum: 205e26cca
INFO: [Opt 31-389] Phase Sweep created 2 cells and removed 0 cells

Phase 6 BUFG optimization
Phase 6 BUFG optimization | Checksum: 205e26cca

Time (s): cpu = 00:00:00.13 ; elapsed = 00:00:00.08 . Memory (MB): peak = 3032.336 ; gain = 32.016 ; free physical = 20560 ; free virtual = 36421
BUFG optimization | Checksum: 205e26cca
INFO: [Opt 31-662] Phase BUFG optimization created 0 cells of which 0 are BUFGs and removed 0 cells.

Phase 7 Shift Register Optimization
INFO: [Opt 31-1064] SRL Remap converted 0 SRLs to 0 registers and converted 0 registers of register chains to 0 SRLs
Phase 7 Shift Register Optimization | Checksum: 205e26cca

Time (s): cpu = 00:00:00.13 ; elapsed = 00:00:00.08 . Memory (MB): peak = 3032.336 ; gain = 32.016 ; free physical = 20560 ; free virtual = 36421
Shift Register Optimization | Checksum: 205e26cca
INFO: [Opt 31-389] Phase Shift Register Optimization created 0 cells and removed 0 cells

Phase 8 Post Processing Netlist
Phase 8 Post Processing Netlist | Checksum: 203803ff3

Time (s): cpu = 00:00:00.13 ; elapsed = 00:00:00.09 . Memory (MB): peak = 3032.336 ; gain = 32.016 ; free physical = 20560 ; free virtual = 36421
Post Processing Netlist | Checksum: 203803ff3
INFO: [Opt 31-389] Phase Post Processing Netlist created 0 cells and removed 0 cells

Phase 9 Finalization

Phase 9.1 Finalizing Design Cores and Updating Shapes
Phase 9.1 Finalizing Design Cores and Updating Shapes | Checksum: 28bad744e

Time (s): cpu = 00:00:00.21 ; elapsed = 00:00:00.15 . Memory (MB): peak = 3032.336 ; gain = 32.016 ; free physical = 20560 ; free virtual = 36421

Phase 9.2 Verifying Netlist Connectivity

Starting Connectivity Check Task

Time (s): cpu = 00:00:00.01 ; elapsed = 00:00:00 . Memory (MB): peak = 3032.336 ; gain = 0.000 ; free physical = 20560 ; free virtual = 36421
Phase 9.2 Verifying Netlist Connectivity | Checksum: 28bad744e

Time (s): cpu = 00:00:00.22 ; elapsed = 00:00:00.15 . Memory (MB): peak = 3032.336 ; gain = 32.016 ; free physical = 20560 ; free virtual = 36421
Phase 9 Finalization | Checksum: 28bad744e

Time (s): cpu = 00:00:00.22 ; elapsed = 00:00:00.15 . Memory (MB): peak = 3032.336 ; gain = 32.016 ; free physical = 20560 ; free virtual = 36421
Opt_design Change Summary
=========================


-------------------------------------------------------------------------------------------------------------------------
|  Phase                        |  #Cells created  |  #Cells Removed  |  #Constrained objects preventing optimizations  |
-------------------------------------------------------------------------------------------------------------------------
|  Retarget                     |               0  |               0  |                                              0  |
|  Constant propagation         |               0  |               0  |                                              0  |
|  Sweep                        |               2  |               0  |                                              0  |
|  BUFG optimization            |               0  |               0  |                                              0  |
|  Shift Register Optimization  |               0  |               0  |                                              0  |
|  Post Processing Netlist      |               0  |               0  |                                              0  |
-------------------------------------------------------------------------------------------------------------------------


Ending Logic Optimization Task | Checksum: 28bad744e

Time (s): cpu = 00:00:00.22 ; elapsed = 00:00:00.15 . Memory (MB): peak = 3032.336 ; gain = 32.016 ; free physical = 20560 ; free virtual = 36421

Starting Power Optimization Task
INFO: [Pwropt 34-132] Skipping clock gating for clocks with a period < 2.00 ns.
INFO: [Timing 38-35] Done setting XDC timing constraints.
Running Vector-less Activity Propagation...

Finished Running Vector-less Activity Propagation
INFO: [Pwropt 34-9] Applying IDT optimizations ...
INFO: [Pwropt 34-10] Applying ODC optimizations ...


Starting PowerOpt Patch Enables Task
INFO: [Pwropt 34-162] WRITE_MODE attribute of 0 BRAM(s) out of a total of 16 has been updated to save power. Run report_power_opt to get a complete listing of the BRAMs updated.
INFO: [Pwropt 34-201] Structural ODC has moved 0 WE to EN ports
Number of BRAM Ports augmented: 0 newly gated: 24 Total Ports: 32
Ending PowerOpt Patch Enables Task | Checksum: 1f003dac2

Time (s): cpu = 00:00:00.03 ; elapsed = 00:00:00.04 . Memory (MB): peak = 3151.441 ; gain = 0.000 ; free physical = 20528 ; free virtual = 36389
Ending Power Optimization Task | Checksum: 1f003dac2

Time (s): cpu = 00:00:01 ; elapsed = 00:00:00.72 . Memory (MB): peak = 3151.441 ; gain = 119.105 ; free physical = 20528 ; free virtual = 36389

Starting Final Cleanup Task
Ending Final Cleanup Task | Checksum: 1f003dac2

Time (s): cpu = 00:00:00 ; elapsed = 00:00:00 . Memory (MB): peak = 3151.441 ; gain = 0.000 ; free physical = 20528 ; free virtual = 36389

Starting Netlist Obfuscation Task
Netlist sorting complete. Time (s): cpu = 00:00:00 ; elapsed = 00:00:00 . Memory (MB): peak = 3151.441 ; gain = 0.000 ; free physical = 20528 ; free virtual = 36389
Ending Netlist Obfuscation Task | Checksum: 1ddd3198e

Time (s): cpu = 00:00:00 ; elapsed = 00:00:00 . Memory (MB): peak = 3151.441 ; gain = 0.000 ; free physical = 20528 ; free virtual = 36389
INFO: [Common 17-83] Releasing license: Implementation
24 Infos, 0 Warnings, 0 Critical Warnings and 0 Errors encountered.
opt_design completed successfully
# place_design
Command: place_design
Attempting to get a license for feature 'Implementation' and/or device 'xc7s50'
INFO: [Common 17-349] Got license for feature 'Implementation' and/or device 'xc7s50'
INFO: [Common 17-83] Releasing license: Implementation
INFO: [DRC 23-27] Running DRC with 4 threads
INFO: [Vivado_Tcl 4-198] DRC finished with 0 Errors
INFO: [Vivado_Tcl 4-199] Please refer to the DRC report (report_drc) for more information.
Running DRC as a precondition to command place_design
INFO: [DRC 23-27] Running DRC with 4 threads
INFO: [Vivado_Tcl 4-198] DRC finished with 0 Errors
INFO: [Vivado_Tcl 4-199] Please refer to the DRC report (report_drc) for more information.
INFO: [Place 30-611] Multithreading enabled for place_design using a maximum of 4 CPUs

Starting Placer Task

Phase 1 Placer Initialization

Phase 1.1 Placer Initialization Netlist Sorting
Netlist sorting complete. Time (s): cpu = 00:00:00 ; elapsed = 00:00:00.01 . Memory (MB): peak = 3151.441 ; gain = 0.000 ; free physical = 20528 ; free virtual = 36389
Phase 1.1 Placer Initialization Netlist Sorting | Checksum: 1606b1bd3

Time (s): cpu = 00:00:00.01 ; elapsed = 00:00:00.01 . Memory (MB): peak = 3151.441 ; gain = 0.000 ; free physical = 20528 ; free virtual = 36389
Netlist sorting complete. Time (s): cpu = 00:00:00 ; elapsed = 00:00:00 . Memory (MB): peak = 3151.441 ; gain = 0.000 ; free physical = 20528 ; free virtual = 36389

Phase 1.2 IO Placement/ Clock Placement/ Build Placer Device
INFO: [Timing 38-35] Done setting XDC timing constraints.
Phase 1.2 IO Placement/ Clock Placement/ Build Placer Device | Checksum: 1178042fa

Time (s): cpu = 00:00:00.41 ; elapsed = 00:00:00.25 . Memory (MB): peak = 3151.441 ; gain = 0.000 ; free physical = 20528 ; free virtual = 36389

Phase 1.3 Build Placer Netlist Model
Phase 1.3 Build Placer Netlist Model | Checksum: 18d2de416

Time (s): cpu = 00:00:01 ; elapsed = 00:00:00.77 . Memory (MB): peak = 3151.441 ; gain = 0.000 ; free physical = 20528 ; free virtual = 36389

Phase 1.4 Constrain Clocks/Macros
Phase 1.4 Constrain Clocks/Macros | Checksum: 18d2de416

Time (s): cpu = 00:00:01 ; elapsed = 00:00:00.78 . Memory (MB): peak = 3151.441 ; gain = 0.000 ; free physical = 20528 ; free virtual = 36389
Phase 1 Placer Initialization | Checksum: 18d2de416

Time (s): cpu = 00:00:01 ; elapsed = 00:00:00.78 . Memory (MB): peak = 3151.441 ; gain = 0.000 ; free physical = 20528 ; free virtual = 36389

Phase 2 Global Placement

Phase 2.1 Floorplanning
Phase 2.1 Floorplanning | Checksum: 19ebbd956

Time (s): cpu = 00:00:02 ; elapsed = 00:00:00.93 . Memory (MB): peak = 3151.441 ; gain = 0.000 ; free physical = 20529 ; free virtual = 36390

Phase 2.2 Update Timing before SLR Path Opt
Phase 2.2 Update Timing before SLR Path Opt | Checksum: 1e7f298ca

Time (s): cpu = 00:00:02 ; elapsed = 00:00:00.96 . Memory (MB): peak = 3151.441 ; gain = 0.000 ; free physical = 20529 ; free virtual = 36390

Phase 2.3 Post-Processing in Floorplanning
Phase 2.3 Post-Processing in Floorplanning | Checksum: 1e7f298ca

Time (s): cpu = 00:00:02 ; elapsed = 00:00:00.96 . Memory (MB): peak = 3151.441 ; gain = 0.000 ; free physical = 20529 ; free virtual = 36390

Phase 2.4 Global Place Phase1
Phase 2.4 Global Place Phase1 | Checksum: 11d220551

Time (s): cpu = 00:00:03 ; elapsed = 00:00:02 . Memory (MB): peak = 3151.441 ; gain = 0.000 ; free physical = 20522 ; free virtual = 36383

Phase 2.5 Global Place Phase2

Phase 2.5.1 UpdateTiming Before Physical Synthesis
Phase 2.5.1 UpdateTiming Before Physical Synthesis | Checksum: 13785f0b8

Time (s): cpu = 00:00:03 ; elapsed = 00:00:02 . Memory (MB): peak = 3151.441 ; gain = 0.000 ; free physical = 20522 ; free virtual = 36383

Phase 2.5.2 Physical Synthesis In Placer
INFO: [Physopt 32-1035] Found 0 LUTNM shape to break, 26 LUT instances to create LUTNM shape
INFO: [Physopt 32-1044] Break lutnm for timing: one critical 0, two critical 0, total 0, new lutff created 0
INFO: [Physopt 32-1138] End 1 Pass. Optimized 12 nets or LUTs. Breaked 0 LUT, combined 12 existing LUTs and moved 0 existing LUT
INFO: [Physopt 32-65] No nets found for high-fanout optimization.
INFO: [Physopt 32-232] Optimized 0 net. Created 0 new instance.
INFO: [Physopt 32-775] End 1 Pass. Optimized 0 net or cell. Created 0 new cell, deleted 0 existing cell and moved 0 existing cell
INFO: [Physopt 32-456] No candidate cells for DSP register optimization found in the design.
INFO: [Physopt 32-775] End 2 Pass. Optimized 0 net or cell. Created 0 new cell, deleted 0 existing cell and moved 0 existing cell
INFO: [Physopt 32-1123] No candidate cells found for Shift Register to Pipeline optimization
INFO: [Physopt 32-775] End 2 Pass. Optimized 0 net or cell. Created 0 new cell, deleted 0 existing cell and moved 0 existing cell
INFO: [Physopt 32-1401] No candidate cells found for Shift Register optimization.
INFO: [Physopt 32-677] No candidate cells for Shift Register optimization found in the design
INFO: [Physopt 32-775] End 1 Pass. Optimized 0 net or cell. Created 0 new cell, deleted 0 existing cell and moved 0 existing cell
INFO: [Physopt 32-526] No candidate cells for BRAM register optimization found in the design
INFO: [Physopt 32-775] End 1 Pass. Optimized 0 net or cell. Created 0 new cell, deleted 0 existing cell and moved 0 existing cell
INFO: [Physopt 32-846] No candidate cells for URAM register optimization found in the design
INFO: [Physopt 32-775] End 1 Pass. Optimized 0 net or cell. Created 0 new cell, deleted 0 existing cell and moved 0 existing cell
INFO: [Physopt 32-846] No candidate cells for URAM register optimization found in the design
INFO: [Physopt 32-775] End 1 Pass. Optimized 0 net or cell. Created 0 new cell, deleted 0 existing cell and moved 0 existing cell
INFO: [Physopt 32-949] No candidate nets found for dynamic/static region interface net replication
INFO: [Physopt 32-775] End 1 Pass. Optimized 0 net or cell. Created 0 new cell, deleted 0 existing cell and moved 0 existing cell
Netlist sorting complete. Time (s): cpu = 00:00:00 ; elapsed = 00:00:00 . Memory (MB): peak = 3151.441 ; gain = 0.000 ; free physical = 20522 ; free virtual = 36383

Summary of Physical Synthesis Optimizations
============================================


-----------------------------------------------------------------------------------------------------------------------------------------------------------
|  Optimization                                     |  Added Cells  |  Removed Cells  |  Optimized Cells/Nets  |  Dont Touch  |  Iterations  |  Elapsed   |
-----------------------------------------------------------------------------------------------------------------------------------------------------------
|  LUT Combining                                    |            0  |             12  |                    12  |           0  |           1  |  00:00:00  |
|  Retime                                           |            0  |              0  |                     0  |           0  |           1  |  00:00:00  |
|  Very High Fanout                                 |            0  |              0  |                     0  |           0  |           1  |  00:00:00  |
|  DSP Register                                     |            0  |              0  |                     0  |           0  |           1  |  00:00:00  |
|  Shift Register to Pipeline                       |            0  |              0  |                     0  |           0  |           1  |  00:00:00  |
|  Shift Register                                   |            0  |              0  |                     0  |           0  |           1  |  00:00:00  |
|  BRAM Register                                    |            0  |              0  |                     0  |           0  |           1  |  00:00:00  |
|  URAM Register                                    |            0  |              0  |                     0  |           0  |           1  |  00:00:00  |
|  Dynamic/Static Region Interface Net Replication  |            0  |              0  |                     0  |           0  |           1  |  00:00:00  |
|  Total                                            |            0  |             12  |                    12  |           0  |           9  |  00:00:00  |
-----------------------------------------------------------------------------------------------------------------------------------------------------------


Phase 2.5.2 Physical Synthesis In Placer | Checksum: 22f6c3fb3

Time (s): cpu = 00:00:03 ; elapsed = 00:00:02 . Memory (MB): peak = 3151.441 ; gain = 0.000 ; free physical = 20522 ; free virtual = 36383
Phase 2.5 Global Place Phase2 | Checksum: 32ddac67c

Time (s): cpu = 00:00:04 ; elapsed = 00:00:02 . Memory (MB): peak = 3151.441 ; gain = 0.000 ; free physical = 20522 ; free virtual = 36383
Phase 2 Global Placement | Checksum: 32ddac67c

Time (s): cpu = 00:00:04 ; elapsed = 00:00:02 . Memory (MB): peak = 3151.441 ; gain = 0.000 ; free physical = 20522 ; free virtual = 36383

Phase 3 Detail Placement

Phase 3.1 Commit Multi Column Macros
Phase 3.1 Commit Multi Column Macros | Checksum: 33cc816c7

Time (s): cpu = 00:00:04 ; elapsed = 00:00:02 . Memory (MB): peak = 3151.441 ; gain = 0.000 ; free physical = 20523 ; free virtual = 36384

Phase 3.2 Commit Most Macros & LUTRAMs
Phase 3.2 Commit Most Macros & LUTRAMs | Checksum: 1d0f286d0

Time (s): cpu = 00:00:04 ; elapsed = 00:00:02 . Memory (MB): peak = 3151.441 ; gain = 0.000 ; free physical = 20523 ; free virtual = 36384

Phase 3.3 Area Swap Optimization
Phase 3.3 Area Swap Optimization | Checksum: 185b6154f

Time (s): cpu = 00:00:04 ; elapsed = 00:00:02 . Memory (MB): peak = 3151.441 ; gain = 0.000 ; free physical = 20523 ; free virtual = 36384

Phase 3.4 Pipeline Register Optimization
Phase 3.4 Pipeline Register Optimization | Checksum: 18f3cf2fb

Time (s): cpu = 00:00:04 ; elapsed = 00:00:02 . Memory (MB): peak = 3151.441 ; gain = 0.000 ; free physical = 20523 ; free virtual = 36384

Phase 3.5 Fast Optimization
Phase 3.5 Fast Optimization | Checksum: 1b256a697

Time (s): cpu = 00:00:04 ; elapsed = 00:00:03 . Memory (MB): peak = 3151.441 ; gain = 0.000 ; free physical = 20523 ; free virtual = 36384

Phase 3.6 Small Shape Detail Placement
Phase 3.6 Small Shape Detail Placement | Checksum: 241c3394b

Time (s): cpu = 00:00:05 ; elapsed = 00:00:03 . Memory (MB): peak = 3151.441 ; gain = 0.000 ; free physical = 20522 ; free virtual = 36383

Phase 3.7 Re-assign LUT pins
Phase 3.7 Re-assign LUT pins | Checksum: 28a0c0a58

Time (s): cpu = 00:00:05 ; elapsed = 00:00:03 . Memory (MB): peak = 3151.441 ; gain = 0.000 ; free physical = 20522 ; free virtual = 36383

Phase 3.8 Pipeline Register Optimization
Phase 3.8 Pipeline Register Optimization | Checksum: 29375300c

Time (s): cpu = 00:00:05 ; elapsed = 00:00:03 . Memory (MB): peak = 3151.441 ; gain = 0.000 ; free physical = 20522 ; free virtual = 36383

Phase 3.9 Fast Optimization
Phase 3.9 Fast Optimization | Checksum: 24c959b3c

Time (s): cpu = 00:00:05 ; elapsed = 00:00:03 . Memory (MB): peak = 3151.441 ; gain = 0.000 ; free physical = 20524 ; free virtual = 36385
Phase 3 Detail Placement | Checksum: 24c959b3c

Time (s): cpu = 00:00:05 ; elapsed = 00:00:03 . Memory (MB): peak = 3151.441 ; gain = 0.000 ; free physical = 20528 ; free virtual = 36390

Phase 4 Post Placement Optimization and Clean-Up

Phase 4.1 Post Commit Optimization
INFO: [Timing 38-35] Done setting XDC timing constraints.

Phase 4.1.1 Post Placement Optimization
Post Placement Optimization Initialization | Checksum: 17a6347c6

Phase 4.1.1.1 BUFG Insertion

Starting Physical Synthesis Task

Phase 1 Physical Synthesis Initialization
INFO: [Physopt 32-721] Multithreading enabled for phys_opt_design using a maximum of 4 CPUs
INFO: [Physopt 32-619] Estimated Timing Summary | WNS=-19.376 | TNS=-6211.071 |
Phase 1 Physical Synthesis Initialization | Checksum: dbbd7ac3

Time (s): cpu = 00:00:00.06 ; elapsed = 00:00:00.02 . Memory (MB): peak = 3151.441 ; gain = 0.000 ; free physical = 20528 ; free virtual = 36389
INFO: [Place 46-56] BUFG insertion identified 0 candidate nets. Inserted BUFG: 0, Replicated BUFG Driver: 0, Skipped due to Placement/Routing Conflicts: 0, Skipped due to Timing Degradation: 0, Skipped due to netlist editing failed: 0.
Ending Physical Synthesis Task | Checksum: 1a29ee214

Time (s): cpu = 00:00:00.07 ; elapsed = 00:00:00.02 . Memory (MB): peak = 3151.441 ; gain = 0.000 ; free physical = 20528 ; free virtual = 36389
Phase 4.1.1.1 BUFG Insertion | Checksum: 17a6347c6

Time (s): cpu = 00:00:05 ; elapsed = 00:00:03 . Memory (MB): peak = 3151.441 ; gain = 0.000 ; free physical = 20528 ; free virtual = 36389

Phase 4.1.1.2 Post Placement Timing Optimization
INFO: [Place 30-746] Post Placement Timing Summary WNS=-19.248. For the most accurate timing information please run report_timing.
Phase 4.1.1.2 Post Placement Timing Optimization | Checksum: 18f908fa1

Time (s): cpu = 00:00:08 ; elapsed = 00:00:05 . Memory (MB): peak = 3151.441 ; gain = 0.000 ; free physical = 20529 ; free virtual = 36390

Time (s): cpu = 00:00:08 ; elapsed = 00:00:05 . Memory (MB): peak = 3151.441 ; gain = 0.000 ; free physical = 20529 ; free virtual = 36390
Phase 4.1 Post Commit Optimization | Checksum: 18f908fa1

Time (s): cpu = 00:00:08 ; elapsed = 00:00:05 . Memory (MB): peak = 3151.441 ; gain = 0.000 ; free physical = 20529 ; free virtual = 36390

Phase 4.2 Post Placement Cleanup
Phase 4.2 Post Placement Cleanup | Checksum: 18f908fa1

Time (s): cpu = 00:00:08 ; elapsed = 00:00:05 . Memory (MB): peak = 3151.441 ; gain = 0.000 ; free physical = 20529 ; free virtual = 36390

Phase 4.3 Placer Reporting

Phase 4.3.1 Print Estimated Congestion
INFO: [Place 30-612] Post-Placement Estimated Congestion 
 ____________________________________________________
|           | Global Congestion | Short Congestion  |
| Direction | Region Size       | Region Size       |
|___________|___________________|___________________|
|      North|                4x4|                2x2|
|___________|___________________|___________________|
|      South|                1x1|                2x2|
|___________|___________________|___________________|
|       East|                1x1|                1x1|
|___________|___________________|___________________|
|       West|                1x1|                1x1|
|___________|___________________|___________________|

Phase 4.3.1 Print Estimated Congestion | Checksum: 18f908fa1

Time (s): cpu = 00:00:08 ; elapsed = 00:00:05 . Memory (MB): peak = 3151.441 ; gain = 0.000 ; free physical = 20529 ; free virtual = 36390
Phase 4.3 Placer Reporting | Checksum: 18f908fa1

Time (s): cpu = 00:00:08 ; elapsed = 00:00:05 . Memory (MB): peak = 3151.441 ; gain = 0.000 ; free physical = 20529 ; free virtual = 36390

Phase 4.4 Final Placement Cleanup
Netlist sorting complete. Time (s): cpu = 00:00:00 ; elapsed = 00:00:00 . Memory (MB): peak = 3151.441 ; gain = 0.000 ; free physical = 20529 ; free virtual = 36390

Time (s): cpu = 00:00:08 ; elapsed = 00:00:05 . Memory (MB): peak = 3151.441 ; gain = 0.000 ; free physical = 20529 ; free virtual = 36390
Phase 4 Post Placement Optimization and Clean-Up | Checksum: 1f6003ca4

Time (s): cpu = 00:00:08 ; elapsed = 00:00:05 . Memory (MB): peak = 3151.441 ; gain = 0.000 ; free physical = 20529 ; free virtual = 36390
Ending Placer Task | Checksum: 1cfd302b0

Time (s): cpu = 00:00:08 ; elapsed = 00:00:05 . Memory (MB): peak = 3151.441 ; gain = 0.000 ; free physical = 20529 ; free virtual = 36390
37 Infos, 0 Warnings, 0 Critical Warnings and 0 Errors encountered.
place_design completed successfully
place_design: Time (s): cpu = 00:00:10 ; elapsed = 00:00:06 . Memory (MB): peak = 3151.441 ; gain = 0.000 ; free physical = 20529 ; free virtual = 36390
# report_clock_utilization -file $outputDir/clock_util.rpt
# if {[get_property SLACK [get_timing_paths -max_paths 1 -nworst 1 -setup]] < 0} {
#  puts "Found setup timing violations => running physical optimization"
#  phys_opt_design
# }
Found setup timing violations => running physical optimization
Command: phys_opt_design
Attempting to get a license for feature 'Implementation' and/or device 'xc7s50'
INFO: [Common 17-349] Got license for feature 'Implementation' and/or device 'xc7s50'
INFO: [Vivado_Tcl 4-1435] PhysOpt_Tcl_Interface Runtime Before Starting Physical Synthesis Task | CPU: 0.00s |  WALL: 0.01s
Netlist sorting complete. Time (s): cpu = 00:00:00 ; elapsed = 00:00:00 . Memory (MB): peak = 3151.441 ; gain = 0.000 ; free physical = 20526 ; free virtual = 36387

Starting Physical Synthesis Task

Phase 1 Physical Synthesis Initialization
INFO: [Physopt 32-721] Multithreading enabled for phys_opt_design using a maximum of 4 CPUs
INFO: [Physopt 32-619] Estimated Timing Summary | WNS=-19.248 | TNS=-6136.669 |
Phase 1 Physical Synthesis Initialization | Checksum: 1a1d78e09

Time (s): cpu = 00:00:00.38 ; elapsed = 00:00:00.15 . Memory (MB): peak = 3151.441 ; gain = 0.000 ; free physical = 20526 ; free virtual = 36387
INFO: [Physopt 32-619] Estimated Timing Summary | WNS=-19.248 | TNS=-6136.669 |

Phase 2 DSP Register Optimization
INFO: [Physopt 32-456] No candidate cells for DSP register optimization found in the design.
INFO: [Physopt 32-775] End 2 Pass. Optimized 0 net or cell. Created 0 new cell, deleted 0 existing cell and moved 0 existing cell
Phase 2 DSP Register Optimization | Checksum: 1a1d78e09

Time (s): cpu = 00:00:00.39 ; elapsed = 00:00:00.16 . Memory (MB): peak = 3151.441 ; gain = 0.000 ; free physical = 20526 ; free virtual = 36387

Phase 3 Critical Path Optimization
INFO: [Physopt 32-619] Estimated Timing Summary | WNS=-19.248 | TNS=-6136.669 |
INFO: [Physopt 32-702] Processed net uart_transmitter_module/baud_bit_period_counter_reg[868]. Optimizations did not improve timing on the net.
INFO: [Physopt 32-663] Processed net uart_transmitter_module/baud_bit_period_counter_reg[1].  Re-placed instance uart_transmitter_module/baud_bit_period_counter_reg[1]
INFO: [Physopt 32-735] Processed net uart_transmitter_module/baud_bit_period_counter_reg[1]. Optimization improves timing on the net.
INFO: [Physopt 32-619] Estimated Timing Summary | WNS=-19.191 | TNS=-6103.513 |
INFO: [Physopt 32-702] Processed net uart_transmitter_module/baud_bit_period_counter_reg[1]. Optimizations did not improve timing on the net.
INFO: [Physopt 32-702] Processed net uart_transmitter_module/baud_bit_period_counter_reg[864]_i_1_n_0. Optimizations did not improve timing on the net.
INFO: [Physopt 32-702] Processed net uart_transmitter_module/baud_bit_period_counter_reg[860]_i_1_n_0. Optimizations did not improve timing on the net.
INFO: [Physopt 32-702] Processed net uart_transmitter_module/baud_bit_period_counter_reg[856]_i_1_n_0. Optimizations did not improve timing on the net.
INFO: [Physopt 32-702] Processed net uart_transmitter_module/baud_bit_period_counter_reg[852]_i_1_n_0. Optimizations did not improve timing on the net.
INFO: [Physopt 32-702] Processed net uart_transmitter_module/baud_bit_period_counter_reg[848]_i_1_n_0. Optimizations did not improve timing on the net.
INFO: [Physopt 32-702] Processed net uart_transmitter_module/baud_bit_period_counter_reg[844]_i_1_n_0. Optimizations did not improve timing on the net.
INFO: [Physopt 32-702] Processed net uart_transmitter_module/baud_bit_period_counter_reg[840]_i_1_n_0. Optimizations did not improve timing on the net.
INFO: [Physopt 32-702] Processed net uart_transmitter_module/baud_bit_period_counter_reg[836]_i_1_n_0. Optimizations did not improve timing on the net.
INFO: [Physopt 32-702] Processed net uart_transmitter_module/baud_bit_period_counter_reg[832]_i_1_n_0. Optimizations did not improve timing on the net.
INFO: [Physopt 32-702] Processed net uart_transmitter_module/baud_bit_period_counter_reg[828]_i_1_n_0. Optimizations did not improve timing on the net.
INFO: [Physopt 32-702] Processed net uart_transmitter_module/baud_bit_period_counter_reg[824]_i_1_n_0. Optimizations did not improve timing on the net.
INFO: [Physopt 32-702] Processed net uart_transmitter_module/baud_bit_period_counter_reg[820]_i_1_n_0. Optimizations did not improve timing on the net.
INFO: [Physopt 32-702] Processed net uart_transmitter_module/baud_bit_period_counter_reg[816]_i_1_n_0. Optimizations did not improve timing on the net.
INFO: [Physopt 32-702] Processed net uart_transmitter_module/baud_bit_period_counter_reg[812]_i_1_n_0. Optimizations did not improve timing on the net.
INFO: [Physopt 32-702] Processed net uart_transmitter_module/baud_bit_period_counter_reg[808]_i_1_n_0. Optimizations did not improve timing on the net.
INFO: [Physopt 32-702] Processed net uart_transmitter_module/baud_bit_period_counter_reg[804]_i_1_n_0. Optimizations did not improve timing on the net.
INFO: [Physopt 32-702] Processed net uart_transmitter_module/baud_bit_period_counter_reg[800]_i_1_n_0. Optimizations did not improve timing on the net.
INFO: [Physopt 32-702] Processed net uart_transmitter_module/baud_bit_period_counter_reg[796]_i_1_n_0. Optimizations did not improve timing on the net.
INFO: [Physopt 32-702] Processed net uart_transmitter_module/baud_bit_period_counter_reg[792]_i_1_n_0. Optimizations did not improve timing on the net.
INFO: [Physopt 32-702] Processed net uart_transmitter_module/baud_bit_period_counter_reg[788]_i_1_n_0. Optimizations did not improve timing on the net.
INFO: [Physopt 32-702] Processed net uart_transmitter_module/baud_bit_period_counter_reg[784]_i_1_n_0. Optimizations did not improve timing on the net.
INFO: [Physopt 32-702] Processed net uart_transmitter_module/baud_bit_period_counter_reg[780]_i_1_n_0. Optimizations did not improve timing on the net.
INFO: [Physopt 32-702] Processed net uart_transmitter_module/baud_bit_period_counter_reg[776]_i_1_n_0. Optimizations did not improve timing on the net.
INFO: [Physopt 32-702] Processed net uart_transmitter_module/baud_bit_period_counter_reg[772]_i_1_n_0. Optimizations did not improve timing on the net.
INFO: [Physopt 32-702] Processed net uart_transmitter_module/baud_bit_period_counter_reg[768]_i_1_n_0. Optimizations did not improve timing on the net.
INFO: [Physopt 32-702] Processed net uart_transmitter_module/baud_bit_period_counter_reg[764]_i_1_n_0. Optimizations did not improve timing on the net.
INFO: [Physopt 32-702] Processed net uart_transmitter_module/baud_bit_period_counter_reg[760]_i_1_n_0. Optimizations did not improve timing on the net.
INFO: [Physopt 32-702] Processed net uart_transmitter_module/baud_bit_period_counter_reg[756]_i_1_n_0. Optimizations did not improve timing on the net.
INFO: [Physopt 32-702] Processed net uart_transmitter_module/baud_bit_period_counter_reg[752]_i_1_n_0. Optimizations did not improve timing on the net.
INFO: [Physopt 32-702] Processed net uart_transmitter_module/baud_bit_period_counter_reg[748]_i_1_n_0. Optimizations did not improve timing on the net.
INFO: [Physopt 32-702] Processed net uart_transmitter_module/baud_bit_period_counter_reg[744]_i_1_n_0. Optimizations did not improve timing on the net.
INFO: [Physopt 32-702] Processed net uart_transmitter_module/baud_bit_period_counter_reg[740]_i_1_n_0. Optimizations did not improve timing on the net.
INFO: [Physopt 32-702] Processed net uart_transmitter_module/baud_bit_period_counter_reg[736]_i_1_n_0. Optimizations did not improve timing on the net.
INFO: [Physopt 32-702] Processed net uart_transmitter_module/baud_bit_period_counter_reg[732]_i_1_n_0. Optimizations did not improve timing on the net.
INFO: [Physopt 32-702] Processed net uart_transmitter_module/baud_bit_period_counter_reg[728]_i_1_n_0. Optimizations did not improve timing on the net.
INFO: [Physopt 32-702] Processed net uart_transmitter_module/baud_bit_period_counter_reg[724]_i_1_n_0. Optimizations did not improve timing on the net.
INFO: [Physopt 32-702] Processed net uart_transmitter_module/baud_bit_period_counter_reg[720]_i_1_n_0. Optimizations did not improve timing on the net.
INFO: [Physopt 32-702] Processed net uart_transmitter_module/baud_bit_period_counter_reg[716]_i_1_n_0. Optimizations did not improve timing on the net.
INFO: [Physopt 32-702] Processed net uart_transmitter_module/baud_bit_period_counter_reg[712]_i_1_n_0. Optimizations did not improve timing on the net.
INFO: [Physopt 32-702] Processed net uart_transmitter_module/baud_bit_period_counter_reg[708]_i_1_n_0. Optimizations did not improve timing on the net.
INFO: [Physopt 32-702] Processed net uart_transmitter_module/baud_bit_period_counter_reg[704]_i_1_n_0. Optimizations did not improve timing on the net.
INFO: [Physopt 32-702] Processed net uart_transmitter_module/baud_bit_period_counter_reg[700]_i_1_n_0. Optimizations did not improve timing on the net.
INFO: [Physopt 32-702] Processed net uart_transmitter_module/baud_bit_period_counter_reg[696]_i_1_n_0. Optimizations did not improve timing on the net.
INFO: [Physopt 32-702] Processed net uart_transmitter_module/baud_bit_period_counter_reg[692]_i_1_n_0. Optimizations did not improve timing on the net.
INFO: [Physopt 32-702] Processed net uart_transmitter_module/baud_bit_period_counter_reg[688]_i_1_n_0. Optimizations did not improve timing on the net.
INFO: [Physopt 32-702] Processed net uart_transmitter_module/baud_bit_period_counter_reg[684]_i_1_n_0. Optimizations did not improve timing on the net.
INFO: [Physopt 32-702] Processed net uart_transmitter_module/baud_bit_period_counter_reg[680]_i_1_n_0. Optimizations did not improve timing on the net.
INFO: [Physopt 32-702] Processed net uart_transmitter_module/baud_bit_period_counter_reg[676]_i_1_n_0. Optimizations did not improve timing on the net.
INFO: [Physopt 32-702] Processed net uart_transmitter_module/baud_bit_period_counter_reg[672]_i_1_n_0. Optimizations did not improve timing on the net.
INFO: [Physopt 32-702] Processed net uart_transmitter_module/baud_bit_period_counter_reg[668]_i_1_n_0. Optimizations did not improve timing on the net.
INFO: [Physopt 32-702] Processed net uart_transmitter_module/baud_bit_period_counter_reg[664]_i_1_n_0. Optimizations did not improve timing on the net.
INFO: [Physopt 32-702] Processed net uart_transmitter_module/baud_bit_period_counter_reg[660]_i_1_n_0. Optimizations did not improve timing on the net.
INFO: [Physopt 32-702] Processed net uart_transmitter_module/baud_bit_period_counter_reg[656]_i_1_n_0. Optimizations did not improve timing on the net.
INFO: [Physopt 32-702] Processed net uart_transmitter_module/baud_bit_period_counter_reg[652]_i_1_n_0. Optimizations did not improve timing on the net.
INFO: [Physopt 32-702] Processed net uart_transmitter_module/baud_bit_period_counter_reg[648]_i_1_n_0. Optimizations did not improve timing on the net.
INFO: [Physopt 32-702] Processed net uart_transmitter_module/baud_bit_period_counter_reg[644]_i_1_n_0. Optimizations did not improve timing on the net.
INFO: [Physopt 32-702] Processed net uart_transmitter_module/baud_bit_period_counter_reg[640]_i_1_n_0. Optimizations did not improve timing on the net.
INFO: [Physopt 32-702] Processed net uart_transmitter_module/baud_bit_period_counter_reg[636]_i_1_n_0. Optimizations did not improve timing on the net.
INFO: [Physopt 32-702] Processed net uart_transmitter_module/baud_bit_period_counter_reg[632]_i_1_n_0. Optimizations did not improve timing on the net.
INFO: [Physopt 32-702] Processed net uart_transmitter_module/baud_bit_period_counter_reg[628]_i_1_n_0. Optimizations did not improve timing on the net.
INFO: [Physopt 32-702] Processed net uart_transmitter_module/baud_bit_period_counter_reg[624]_i_1_n_0. Optimizations did not improve timing on the net.
INFO: [Physopt 32-702] Processed net uart_transmitter_module/baud_bit_period_counter_reg[620]_i_1_n_0. Optimizations did not improve timing on the net.
INFO: [Physopt 32-702] Processed net uart_transmitter_module/baud_bit_period_counter_reg[616]_i_1_n_0. Optimizations did not improve timing on the net.
INFO: [Physopt 32-702] Processed net uart_transmitter_module/baud_bit_period_counter_reg[612]_i_1_n_0. Optimizations did not improve timing on the net.
INFO: [Physopt 32-702] Processed net uart_transmitter_module/baud_bit_period_counter_reg[608]_i_1_n_0. Optimizations did not improve timing on the net.
INFO: [Physopt 32-702] Processed net uart_transmitter_module/baud_bit_period_counter_reg[604]_i_1_n_0. Optimizations did not improve timing on the net.
INFO: [Physopt 32-702] Processed net uart_transmitter_module/baud_bit_period_counter_reg[600]_i_1_n_0. Optimizations did not improve timing on the net.
INFO: [Physopt 32-702] Processed net uart_transmitter_module/baud_bit_period_counter_reg[596]_i_1_n_0. Optimizations did not improve timing on the net.
INFO: [Physopt 32-702] Processed net uart_transmitter_module/baud_bit_period_counter_reg[592]_i_1_n_0. Optimizations did not improve timing on the net.
INFO: [Physopt 32-702] Processed net uart_transmitter_module/baud_bit_period_counter_reg[588]_i_1_n_0. Optimizations did not improve timing on the net.
INFO: [Physopt 32-702] Processed net uart_transmitter_module/baud_bit_period_counter_reg[584]_i_1_n_0. Optimizations did not improve timing on the net.
INFO: [Physopt 32-702] Processed net uart_transmitter_module/baud_bit_period_counter_reg[580]_i_1_n_0. Optimizations did not improve timing on the net.
INFO: [Physopt 32-702] Processed net uart_transmitter_module/baud_bit_period_counter_reg[576]_i_1_n_0. Optimizations did not improve timing on the net.
INFO: [Physopt 32-702] Processed net uart_transmitter_module/baud_bit_period_counter_reg[572]_i_1_n_0. Optimizations did not improve timing on the net.
INFO: [Physopt 32-702] Processed net uart_transmitter_module/baud_bit_period_counter_reg[568]_i_1_n_0. Optimizations did not improve timing on the net.
INFO: [Physopt 32-702] Processed net uart_transmitter_module/baud_bit_period_counter_reg[564]_i_1_n_0. Optimizations did not improve timing on the net.
INFO: [Physopt 32-702] Processed net uart_transmitter_module/baud_bit_period_counter_reg[560]_i_1_n_0. Optimizations did not improve timing on the net.
INFO: [Physopt 32-702] Processed net uart_transmitter_module/baud_bit_period_counter_reg[556]_i_1_n_0. Optimizations did not improve timing on the net.
INFO: [Physopt 32-702] Processed net uart_transmitter_module/baud_bit_period_counter_reg[552]_i_1_n_0. Optimizations did not improve timing on the net.
INFO: [Physopt 32-702] Processed net uart_transmitter_module/baud_bit_period_counter_reg[548]_i_1_n_0. Optimizations did not improve timing on the net.
INFO: [Physopt 32-702] Processed net uart_transmitter_module/baud_bit_period_counter_reg[544]_i_1_n_0. Optimizations did not improve timing on the net.
INFO: [Physopt 32-702] Processed net uart_transmitter_module/baud_bit_period_counter_reg[540]_i_1_n_0. Optimizations did not improve timing on the net.
INFO: [Physopt 32-702] Processed net uart_transmitter_module/baud_bit_period_counter_reg[536]_i_1_n_0. Optimizations did not improve timing on the net.
INFO: [Physopt 32-702] Processed net uart_transmitter_module/baud_bit_period_counter_reg[532]_i_1_n_0. Optimizations did not improve timing on the net.
INFO: [Physopt 32-702] Processed net uart_transmitter_module/baud_bit_period_counter_reg[528]_i_1_n_0. Optimizations did not improve timing on the net.
INFO: [Physopt 32-702] Processed net uart_transmitter_module/baud_bit_period_counter_reg[524]_i_1_n_0. Optimizations did not improve timing on the net.
INFO: [Physopt 32-702] Processed net uart_transmitter_module/baud_bit_period_counter_reg[520]_i_1_n_0. Optimizations did not improve timing on the net.
INFO: [Physopt 32-702] Processed net uart_transmitter_module/baud_bit_period_counter_reg[516]_i_1_n_0. Optimizations did not improve timing on the net.
INFO: [Physopt 32-702] Processed net uart_transmitter_module/baud_bit_period_counter_reg[512]_i_1_n_0. Optimizations did not improve timing on the net.
INFO: [Physopt 32-702] Processed net uart_transmitter_module/baud_bit_period_counter_reg[508]_i_1_n_0. Optimizations did not improve timing on the net.
INFO: [Physopt 32-702] Processed net uart_transmitter_module/baud_bit_period_counter_reg[504]_i_1_n_0. Optimizations did not improve timing on the net.
INFO: [Physopt 32-702] Processed net uart_transmitter_module/baud_bit_period_counter_reg[500]_i_1_n_0. Optimizations did not improve timing on the net.
INFO: [Physopt 32-702] Processed net uart_transmitter_module/baud_bit_period_counter_reg[496]_i_1_n_0. Optimizations did not improve timing on the net.
INFO: [Physopt 32-702] Processed net uart_transmitter_module/baud_bit_period_counter_reg[492]_i_1_n_0. Optimizations did not improve timing on the net.
INFO: [Physopt 32-702] Processed net uart_transmitter_module/baud_bit_period_counter_reg[488]_i_1_n_0. Optimizations did not improve timing on the net.
INFO: [Physopt 32-702] Processed net uart_transmitter_module/baud_bit_period_counter_reg[484]_i_1_n_0. Optimizations did not improve timing on the net.
INFO: [Physopt 32-702] Processed net uart_transmitter_module/baud_bit_period_counter_reg[480]_i_1_n_0. Optimizations did not improve timing on the net.
INFO: [Physopt 32-702] Processed net uart_transmitter_module/baud_bit_period_counter_reg[476]_i_1_n_0. Optimizations did not improve timing on the net.
INFO: [Physopt 32-702] Processed net uart_transmitter_module/baud_bit_period_counter_reg[472]_i_1_n_0. Optimizations did not improve timing on the net.
INFO: [Physopt 32-702] Processed net uart_transmitter_module/baud_bit_period_counter_reg[468]_i_1_n_0. Optimizations did not improve timing on the net.
INFO: [Physopt 32-702] Processed net uart_transmitter_module/baud_bit_period_counter_reg[464]_i_1_n_0. Optimizations did not improve timing on the net.
INFO: [Physopt 32-702] Processed net uart_transmitter_module/baud_bit_period_counter_reg[460]_i_1_n_0. Optimizations did not improve timing on the net.
INFO: [Physopt 32-702] Processed net uart_transmitter_module/baud_bit_period_counter_reg[456]_i_1_n_0. Optimizations did not improve timing on the net.
INFO: [Physopt 32-702] Processed net uart_transmitter_module/baud_bit_period_counter_reg[452]_i_1_n_0. Optimizations did not improve timing on the net.
INFO: [Physopt 32-702] Processed net uart_transmitter_module/baud_bit_period_counter_reg[448]_i_1_n_0. Optimizations did not improve timing on the net.
INFO: [Physopt 32-702] Processed net uart_transmitter_module/baud_bit_period_counter_reg[444]_i_1_n_0. Optimizations did not improve timing on the net.
INFO: [Physopt 32-702] Processed net uart_transmitter_module/baud_bit_period_counter_reg[440]_i_1_n_0. Optimizations did not improve timing on the net.
INFO: [Physopt 32-702] Processed net uart_transmitter_module/baud_bit_period_counter_reg[436]_i_1_n_0. Optimizations did not improve timing on the net.
INFO: [Physopt 32-702] Processed net uart_transmitter_module/baud_bit_period_counter_reg[432]_i_1_n_0. Optimizations did not improve timing on the net.
INFO: [Physopt 32-702] Processed net uart_transmitter_module/baud_bit_period_counter_reg[428]_i_1_n_0. Optimizations did not improve timing on the net.
INFO: [Physopt 32-702] Processed net uart_transmitter_module/baud_bit_period_counter_reg[424]_i_1_n_0. Optimizations did not improve timing on the net.
INFO: [Physopt 32-702] Processed net uart_transmitter_module/baud_bit_period_counter_reg[420]_i_1_n_0. Optimizations did not improve timing on the net.
INFO: [Physopt 32-702] Processed net uart_transmitter_module/baud_bit_period_counter_reg[416]_i_1_n_0. Optimizations did not improve timing on the net.
INFO: [Physopt 32-702] Processed net uart_transmitter_module/baud_bit_period_counter_reg[412]_i_1_n_0. Optimizations did not improve timing on the net.
INFO: [Physopt 32-702] Processed net uart_transmitter_module/baud_bit_period_counter_reg[408]_i_1_n_0. Optimizations did not improve timing on the net.
INFO: [Physopt 32-702] Processed net uart_transmitter_module/baud_bit_period_counter_reg[404]_i_1_n_0. Optimizations did not improve timing on the net.
INFO: [Physopt 32-702] Processed net uart_transmitter_module/baud_bit_period_counter_reg[400]_i_1_n_0. Optimizations did not improve timing on the net.
INFO: [Physopt 32-702] Processed net uart_transmitter_module/baud_bit_period_counter_reg[396]_i_1_n_0. Optimizations did not improve timing on the net.
INFO: [Physopt 32-702] Processed net uart_transmitter_module/baud_bit_period_counter_reg[392]_i_1_n_0. Optimizations did not improve timing on the net.
INFO: [Physopt 32-702] Processed net uart_transmitter_module/baud_bit_period_counter_reg[388]_i_1_n_0. Optimizations did not improve timing on the net.
INFO: [Physopt 32-702] Processed net uart_transmitter_module/baud_bit_period_counter_reg[384]_i_1_n_0. Optimizations did not improve timing on the net.
INFO: [Physopt 32-702] Processed net uart_transmitter_module/baud_bit_period_counter_reg[380]_i_1_n_0. Optimizations did not improve timing on the net.
INFO: [Physopt 32-702] Processed net uart_transmitter_module/baud_bit_period_counter_reg[376]_i_1_n_0. Optimizations did not improve timing on the net.
INFO: [Physopt 32-702] Processed net uart_transmitter_module/baud_bit_period_counter_reg[372]_i_1_n_0. Optimizations did not improve timing on the net.
INFO: [Physopt 32-702] Processed net uart_transmitter_module/baud_bit_period_counter_reg[368]_i_1_n_0. Optimizations did not improve timing on the net.
INFO: [Physopt 32-702] Processed net uart_transmitter_module/baud_bit_period_counter_reg[364]_i_1_n_0. Optimizations did not improve timing on the net.
INFO: [Physopt 32-702] Processed net uart_transmitter_module/baud_bit_period_counter_reg[360]_i_1_n_0. Optimizations did not improve timing on the net.
INFO: [Physopt 32-702] Processed net uart_transmitter_module/baud_bit_period_counter_reg[356]_i_1_n_0. Optimizations did not improve timing on the net.
INFO: [Physopt 32-702] Processed net uart_transmitter_module/baud_bit_period_counter_reg[352]_i_1_n_0. Optimizations did not improve timing on the net.
INFO: [Physopt 32-702] Processed net uart_transmitter_module/baud_bit_period_counter_reg[348]_i_1_n_0. Optimizations did not improve timing on the net.
INFO: [Physopt 32-702] Processed net uart_transmitter_module/baud_bit_period_counter_reg[344]_i_1_n_0. Optimizations did not improve timing on the net.
INFO: [Physopt 32-702] Processed net uart_transmitter_module/baud_bit_period_counter_reg[340]_i_1_n_0. Optimizations did not improve timing on the net.
INFO: [Physopt 32-702] Processed net uart_transmitter_module/baud_bit_period_counter_reg[336]_i_1_n_0. Optimizations did not improve timing on the net.
INFO: [Physopt 32-702] Processed net uart_transmitter_module/baud_bit_period_counter_reg[332]_i_1_n_0. Optimizations did not improve timing on the net.
INFO: [Physopt 32-702] Processed net uart_transmitter_module/baud_bit_period_counter_reg[328]_i_1_n_0. Optimizations did not improve timing on the net.
INFO: [Physopt 32-702] Processed net uart_transmitter_module/baud_bit_period_counter_reg[324]_i_1_n_0. Optimizations did not improve timing on the net.
INFO: [Physopt 32-702] Processed net uart_transmitter_module/baud_bit_period_counter_reg[320]_i_1_n_0. Optimizations did not improve timing on the net.
INFO: [Physopt 32-702] Processed net uart_transmitter_module/baud_bit_period_counter_reg[316]_i_1_n_0. Optimizations did not improve timing on the net.
INFO: [Physopt 32-702] Processed net uart_transmitter_module/baud_bit_period_counter_reg[312]_i_1_n_0. Optimizations did not improve timing on the net.
INFO: [Physopt 32-702] Processed net uart_transmitter_module/baud_bit_period_counter_reg[308]_i_1_n_0. Optimizations did not improve timing on the net.
INFO: [Physopt 32-702] Processed net uart_transmitter_module/baud_bit_period_counter_reg[304]_i_1_n_0. Optimizations did not improve timing on the net.
INFO: [Physopt 32-702] Processed net uart_transmitter_module/baud_bit_period_counter_reg[300]_i_1_n_0. Optimizations did not improve timing on the net.
INFO: [Physopt 32-702] Processed net uart_transmitter_module/baud_bit_period_counter_reg[296]_i_1_n_0. Optimizations did not improve timing on the net.
INFO: [Physopt 32-702] Processed net uart_transmitter_module/baud_bit_period_counter_reg[292]_i_1_n_0. Optimizations did not improve timing on the net.
INFO: [Physopt 32-702] Processed net uart_transmitter_module/baud_bit_period_counter_reg[288]_i_1_n_0. Optimizations did not improve timing on the net.
INFO: [Physopt 32-702] Processed net uart_transmitter_module/baud_bit_period_counter_reg[284]_i_1_n_0. Optimizations did not improve timing on the net.
INFO: [Physopt 32-702] Processed net uart_transmitter_module/baud_bit_period_counter_reg[280]_i_1_n_0. Optimizations did not improve timing on the net.
INFO: [Physopt 32-702] Processed net uart_transmitter_module/baud_bit_period_counter_reg[276]_i_1_n_0. Optimizations did not improve timing on the net.
INFO: [Physopt 32-702] Processed net uart_transmitter_module/baud_bit_period_counter_reg[272]_i_1_n_0. Optimizations did not improve timing on the net.
INFO: [Physopt 32-702] Processed net uart_transmitter_module/baud_bit_period_counter_reg[268]_i_1_n_0. Optimizations did not improve timing on the net.
INFO: [Physopt 32-702] Processed net uart_transmitter_module/baud_bit_period_counter_reg[264]_i_1_n_0. Optimizations did not improve timing on the net.
INFO: [Physopt 32-702] Processed net uart_transmitter_module/baud_bit_period_counter_reg[260]_i_1_n_0. Optimizations did not improve timing on the net.
INFO: [Physopt 32-702] Processed net uart_transmitter_module/baud_bit_period_counter_reg[256]_i_1_n_0. Optimizations did not improve timing on the net.
INFO: [Physopt 32-702] Processed net uart_transmitter_module/baud_bit_period_counter_reg[252]_i_1_n_0. Optimizations did not improve timing on the net.
INFO: [Physopt 32-702] Processed net uart_transmitter_module/baud_bit_period_counter_reg[248]_i_1_n_0. Optimizations did not improve timing on the net.
INFO: [Physopt 32-702] Processed net uart_transmitter_module/baud_bit_period_counter_reg[244]_i_1_n_0. Optimizations did not improve timing on the net.
INFO: [Physopt 32-702] Processed net uart_transmitter_module/baud_bit_period_counter_reg[240]_i_1_n_0. Optimizations did not improve timing on the net.
INFO: [Physopt 32-702] Processed net uart_transmitter_module/baud_bit_period_counter_reg[236]_i_1_n_0. Optimizations did not improve timing on the net.
INFO: [Physopt 32-702] Processed net uart_transmitter_module/baud_bit_period_counter_reg[232]_i_1_n_0. Optimizations did not improve timing on the net.
INFO: [Physopt 32-702] Processed net uart_transmitter_module/baud_bit_period_counter_reg[228]_i_1_n_0. Optimizations did not improve timing on the net.
INFO: [Physopt 32-702] Processed net uart_transmitter_module/baud_bit_period_counter_reg[224]_i_1_n_0. Optimizations did not improve timing on the net.
INFO: [Physopt 32-702] Processed net uart_transmitter_module/baud_bit_period_counter_reg[220]_i_1_n_0. Optimizations did not improve timing on the net.
INFO: [Physopt 32-702] Processed net uart_transmitter_module/baud_bit_period_counter_reg[216]_i_1_n_0. Optimizations did not improve timing on the net.
INFO: [Physopt 32-702] Processed net uart_transmitter_module/baud_bit_period_counter_reg[212]_i_1_n_0. Optimizations did not improve timing on the net.
INFO: [Physopt 32-702] Processed net uart_transmitter_module/baud_bit_period_counter_reg[208]_i_1_n_0. Optimizations did not improve timing on the net.
INFO: [Physopt 32-702] Processed net uart_transmitter_module/baud_bit_period_counter_reg[204]_i_1_n_0. Optimizations did not improve timing on the net.
INFO: [Physopt 32-702] Processed net uart_transmitter_module/baud_bit_period_counter_reg[200]_i_1_n_0. Optimizations did not improve timing on the net.
INFO: [Physopt 32-702] Processed net uart_transmitter_module/baud_bit_period_counter_reg[196]_i_1_n_0. Optimizations did not improve timing on the net.
INFO: [Physopt 32-702] Processed net uart_transmitter_module/baud_bit_period_counter_reg[192]_i_1_n_0. Optimizations did not improve timing on the net.
INFO: [Physopt 32-702] Processed net uart_transmitter_module/baud_bit_period_counter_reg[188]_i_1_n_0. Optimizations did not improve timing on the net.
INFO: [Physopt 32-702] Processed net uart_transmitter_module/baud_bit_period_counter_reg[184]_i_1_n_0. Optimizations did not improve timing on the net.
INFO: [Physopt 32-702] Processed net uart_transmitter_module/baud_bit_period_counter_reg[180]_i_1_n_0. Optimizations did not improve timing on the net.
INFO: [Physopt 32-702] Processed net uart_transmitter_module/baud_bit_period_counter_reg[176]_i_1_n_0. Optimizations did not improve timing on the net.
INFO: [Physopt 32-702] Processed net uart_transmitter_module/baud_bit_period_counter_reg[172]_i_1_n_0. Optimizations did not improve timing on the net.
INFO: [Physopt 32-702] Processed net uart_transmitter_module/baud_bit_period_counter_reg[168]_i_1_n_0. Optimizations did not improve timing on the net.
INFO: [Physopt 32-702] Processed net uart_transmitter_module/baud_bit_period_counter_reg[164]_i_1_n_0. Optimizations did not improve timing on the net.
INFO: [Physopt 32-702] Processed net uart_transmitter_module/baud_bit_period_counter_reg[160]_i_1_n_0. Optimizations did not improve timing on the net.
INFO: [Physopt 32-702] Processed net uart_transmitter_module/baud_bit_period_counter_reg[156]_i_1_n_0. Optimizations did not improve timing on the net.
INFO: [Physopt 32-702] Processed net uart_transmitter_module/baud_bit_period_counter_reg[152]_i_1_n_0. Optimizations did not improve timing on the net.
INFO: [Physopt 32-702] Processed net uart_transmitter_module/baud_bit_period_counter_reg[148]_i_1_n_0. Optimizations did not improve timing on the net.
INFO: [Physopt 32-702] Processed net uart_transmitter_module/baud_bit_period_counter_reg[144]_i_1_n_0. Optimizations did not improve timing on the net.
INFO: [Physopt 32-702] Processed net uart_transmitter_module/baud_bit_period_counter_reg[140]_i_1_n_0. Optimizations did not improve timing on the net.
INFO: [Physopt 32-702] Processed net uart_transmitter_module/baud_bit_period_counter_reg[136]_i_1_n_0. Optimizations did not improve timing on the net.
INFO: [Physopt 32-702] Processed net uart_transmitter_module/baud_bit_period_counter_reg[132]_i_1_n_0. Optimizations did not improve timing on the net.
INFO: [Physopt 32-702] Processed net uart_transmitter_module/baud_bit_period_counter_reg[128]_i_1_n_0. Optimizations did not improve timing on the net.
INFO: [Physopt 32-702] Processed net uart_transmitter_module/baud_bit_period_counter_reg[124]_i_1_n_0. Optimizations did not improve timing on the net.
INFO: [Physopt 32-702] Processed net uart_transmitter_module/baud_bit_period_counter_reg[120]_i_1_n_0. Optimizations did not improve timing on the net.
INFO: [Physopt 32-702] Processed net uart_transmitter_module/baud_bit_period_counter_reg[116]_i_1_n_0. Optimizations did not improve timing on the net.
INFO: [Physopt 32-702] Processed net uart_transmitter_module/baud_bit_period_counter_reg[112]_i_1_n_0. Optimizations did not improve timing on the net.
INFO: [Physopt 32-702] Processed net uart_transmitter_module/baud_bit_period_counter_reg[108]_i_1_n_0. Optimizations did not improve timing on the net.
INFO: [Physopt 32-702] Processed net uart_transmitter_module/baud_bit_period_counter_reg[104]_i_1_n_0. Optimizations did not improve timing on the net.
INFO: [Physopt 32-702] Processed net uart_transmitter_module/baud_bit_period_counter_reg[100]_i_1_n_0. Optimizations did not improve timing on the net.
INFO: [Physopt 32-702] Processed net uart_transmitter_module/baud_bit_period_counter_reg[96]_i_1_n_0. Optimizations did not improve timing on the net.
INFO: [Physopt 32-702] Processed net uart_transmitter_module/baud_bit_period_counter_reg[92]_i_1_n_0. Optimizations did not improve timing on the net.
INFO: [Physopt 32-702] Processed net uart_transmitter_module/baud_bit_period_counter_reg[88]_i_1_n_0. Optimizations did not improve timing on the net.
INFO: [Physopt 32-702] Processed net uart_transmitter_module/baud_bit_period_counter_reg[84]_i_1_n_0. Optimizations did not improve timing on the net.
INFO: [Physopt 32-702] Processed net uart_transmitter_module/baud_bit_period_counter_reg[80]_i_1_n_0. Optimizations did not improve timing on the net.
INFO: [Physopt 32-702] Processed net uart_transmitter_module/baud_bit_period_counter_reg[76]_i_1_n_0. Optimizations did not improve timing on the net.
INFO: [Physopt 32-702] Processed net uart_transmitter_module/baud_bit_period_counter_reg[72]_i_1_n_0. Optimizations did not improve timing on the net.
INFO: [Physopt 32-702] Processed net uart_transmitter_module/baud_bit_period_counter_reg[68]_i_1_n_0. Optimizations did not improve timing on the net.
INFO: [Physopt 32-702] Processed net uart_transmitter_module/baud_bit_period_counter_reg[64]_i_1_n_0. Optimizations did not improve timing on the net.
INFO: [Physopt 32-702] Processed net uart_transmitter_module/baud_bit_period_counter_reg[60]_i_1_n_0. Optimizations did not improve timing on the net.
INFO: [Physopt 32-702] Processed net uart_transmitter_module/baud_bit_period_counter_reg[56]_i_1_n_0. Optimizations did not improve timing on the net.
INFO: [Physopt 32-702] Processed net uart_transmitter_module/baud_bit_period_counter_reg[52]_i_1_n_0. Optimizations did not improve timing on the net.
INFO: [Physopt 32-702] Processed net uart_transmitter_module/baud_bit_period_counter_reg[48]_i_1_n_0. Optimizations did not improve timing on the net.
INFO: [Physopt 32-702] Processed net uart_transmitter_module/baud_bit_period_counter_reg[44]_i_1_n_0. Optimizations did not improve timing on the net.
INFO: [Physopt 32-702] Processed net uart_transmitter_module/baud_bit_period_counter_reg[40]_i_1_n_0. Optimizations did not improve timing on the net.
INFO: [Physopt 32-702] Processed net uart_transmitter_module/baud_bit_period_counter_reg[36]_i_1_n_0. Optimizations did not improve timing on the net.
INFO: [Physopt 32-702] Processed net uart_transmitter_module/baud_bit_period_counter_reg[32]_i_1_n_0. Optimizations did not improve timing on the net.
INFO: [Physopt 32-702] Processed net uart_transmitter_module/baud_bit_period_counter_reg[28]_i_1_n_0. Optimizations did not improve timing on the net.
INFO: [Physopt 32-702] Processed net uart_transmitter_module/baud_bit_period_counter_reg[24]_i_1_n_0. Optimizations did not improve timing on the net.
INFO: [Physopt 32-702] Processed net uart_transmitter_module/baud_bit_period_counter_reg[20]_i_1_n_0. Optimizations did not improve timing on the net.
INFO: [Physopt 32-702] Processed net uart_transmitter_module/baud_bit_period_counter_reg[16]_i_1_n_0. Optimizations did not improve timing on the net.
INFO: [Physopt 32-702] Processed net uart_transmitter_module/baud_bit_period_counter_reg[12]_i_1_n_0. Optimizations did not improve timing on the net.
INFO: [Physopt 32-702] Processed net uart_transmitter_module/baud_bit_period_counter_reg[8]_i_1_n_0. Optimizations did not improve timing on the net.
INFO: [Physopt 32-702] Processed net uart_transmitter_module/baud_bit_period_counter_reg[4]_i_1_n_0. Optimizations did not improve timing on the net.
INFO: [Physopt 32-702] Processed net uart_transmitter_module/baud_bit_period_counter_reg[0]_i_2_n_0. Optimizations did not improve timing on the net.
INFO: [Physopt 32-702] Processed net uart_transmitter_module/baud_bit_period_counter_reg[868]_i_1_n_7. Optimizations did not improve timing on the net.
INFO: [Physopt 32-702] Processed net clk_100mhz_IBUF. Optimizations did not improve timing on the net.
INFO: [Physopt 32-702] Processed net clk_100mhz. Optimizations did not improve timing on the net.
INFO: [Physopt 32-702] Processed net uart_transmitter_module/baud_bit_period_counter_reg[868]. Optimizations did not improve timing on the net.
INFO: [Physopt 32-702] Processed net uart_transmitter_module/baud_bit_period_counter_reg[1]. Optimizations did not improve timing on the net.
INFO: [Physopt 32-702] Processed net uart_transmitter_module/baud_bit_period_counter_reg[596]_i_1_n_0. Optimizations did not improve timing on the net.
INFO: [Physopt 32-702] Processed net uart_transmitter_module/baud_bit_period_counter_reg[868]_i_1_n_7. Optimizations did not improve timing on the net.
INFO: [Physopt 32-702] Processed net clk_100mhz_IBUF. Optimizations did not improve timing on the net.
INFO: [Physopt 32-702] Processed net clk_100mhz. Optimizations did not improve timing on the net.
INFO: [Physopt 32-619] Estimated Timing Summary | WNS=-19.191 | TNS=-6103.513 |
Netlist sorting complete. Time (s): cpu = 00:00:00 ; elapsed = 00:00:00.01 . Memory (MB): peak = 3151.441 ; gain = 0.000 ; free physical = 20529 ; free virtual = 36390
Phase 3 Critical Path Optimization | Checksum: 1a1d78e09

Time (s): cpu = 00:00:05 ; elapsed = 00:00:04 . Memory (MB): peak = 3151.441 ; gain = 0.000 ; free physical = 20529 ; free virtual = 36390

Phase 4 Critical Path Optimization
INFO: [Physopt 32-619] Estimated Timing Summary | WNS=-19.191 | TNS=-6103.513 |
INFO: [Physopt 32-702] Processed net uart_transmitter_module/baud_bit_period_counter_reg[868]. Optimizations did not improve timing on the net.
INFO: [Physopt 32-702] Processed net uart_transmitter_module/baud_bit_period_counter_reg[1]. Optimizations did not improve timing on the net.
INFO: [Physopt 32-702] Processed net uart_transmitter_module/baud_bit_period_counter_reg[864]_i_1_n_0. Optimizations did not improve timing on the net.
INFO: [Physopt 32-702] Processed net uart_transmitter_module/baud_bit_period_counter_reg[860]_i_1_n_0. Optimizations did not improve timing on the net.
INFO: [Physopt 32-702] Processed net uart_transmitter_module/baud_bit_period_counter_reg[856]_i_1_n_0. Optimizations did not improve timing on the net.
INFO: [Physopt 32-702] Processed net uart_transmitter_module/baud_bit_period_counter_reg[852]_i_1_n_0. Optimizations did not improve timing on the net.
INFO: [Physopt 32-702] Processed net uart_transmitter_module/baud_bit_period_counter_reg[848]_i_1_n_0. Optimizations did not improve timing on the net.
INFO: [Physopt 32-702] Processed net uart_transmitter_module/baud_bit_period_counter_reg[844]_i_1_n_0. Optimizations did not improve timing on the net.
INFO: [Physopt 32-702] Processed net uart_transmitter_module/baud_bit_period_counter_reg[840]_i_1_n_0. Optimizations did not improve timing on the net.
INFO: [Physopt 32-702] Processed net uart_transmitter_module/baud_bit_period_counter_reg[836]_i_1_n_0. Optimizations did not improve timing on the net.
INFO: [Physopt 32-702] Processed net uart_transmitter_module/baud_bit_period_counter_reg[832]_i_1_n_0. Optimizations did not improve timing on the net.
INFO: [Physopt 32-702] Processed net uart_transmitter_module/baud_bit_period_counter_reg[828]_i_1_n_0. Optimizations did not improve timing on the net.
INFO: [Physopt 32-702] Processed net uart_transmitter_module/baud_bit_period_counter_reg[824]_i_1_n_0. Optimizations did not improve timing on the net.
INFO: [Physopt 32-702] Processed net uart_transmitter_module/baud_bit_period_counter_reg[820]_i_1_n_0. Optimizations did not improve timing on the net.
INFO: [Physopt 32-702] Processed net uart_transmitter_module/baud_bit_period_counter_reg[816]_i_1_n_0. Optimizations did not improve timing on the net.
INFO: [Physopt 32-702] Processed net uart_transmitter_module/baud_bit_period_counter_reg[812]_i_1_n_0. Optimizations did not improve timing on the net.
INFO: [Physopt 32-702] Processed net uart_transmitter_module/baud_bit_period_counter_reg[808]_i_1_n_0. Optimizations did not improve timing on the net.
INFO: [Physopt 32-702] Processed net uart_transmitter_module/baud_bit_period_counter_reg[804]_i_1_n_0. Optimizations did not improve timing on the net.
INFO: [Physopt 32-702] Processed net uart_transmitter_module/baud_bit_period_counter_reg[800]_i_1_n_0. Optimizations did not improve timing on the net.
INFO: [Physopt 32-702] Processed net uart_transmitter_module/baud_bit_period_counter_reg[796]_i_1_n_0. Optimizations did not improve timing on the net.
INFO: [Physopt 32-702] Processed net uart_transmitter_module/baud_bit_period_counter_reg[792]_i_1_n_0. Optimizations did not improve timing on the net.
INFO: [Physopt 32-702] Processed net uart_transmitter_module/baud_bit_period_counter_reg[788]_i_1_n_0. Optimizations did not improve timing on the net.
INFO: [Physopt 32-702] Processed net uart_transmitter_module/baud_bit_period_counter_reg[784]_i_1_n_0. Optimizations did not improve timing on the net.
INFO: [Physopt 32-702] Processed net uart_transmitter_module/baud_bit_period_counter_reg[780]_i_1_n_0. Optimizations did not improve timing on the net.
INFO: [Physopt 32-702] Processed net uart_transmitter_module/baud_bit_period_counter_reg[776]_i_1_n_0. Optimizations did not improve timing on the net.
INFO: [Physopt 32-702] Processed net uart_transmitter_module/baud_bit_period_counter_reg[772]_i_1_n_0. Optimizations did not improve timing on the net.
INFO: [Physopt 32-702] Processed net uart_transmitter_module/baud_bit_period_counter_reg[768]_i_1_n_0. Optimizations did not improve timing on the net.
INFO: [Physopt 32-702] Processed net uart_transmitter_module/baud_bit_period_counter_reg[764]_i_1_n_0. Optimizations did not improve timing on the net.
INFO: [Physopt 32-702] Processed net uart_transmitter_module/baud_bit_period_counter_reg[760]_i_1_n_0. Optimizations did not improve timing on the net.
INFO: [Physopt 32-702] Processed net uart_transmitter_module/baud_bit_period_counter_reg[756]_i_1_n_0. Optimizations did not improve timing on the net.
INFO: [Physopt 32-702] Processed net uart_transmitter_module/baud_bit_period_counter_reg[752]_i_1_n_0. Optimizations did not improve timing on the net.
INFO: [Physopt 32-702] Processed net uart_transmitter_module/baud_bit_period_counter_reg[748]_i_1_n_0. Optimizations did not improve timing on the net.
INFO: [Physopt 32-702] Processed net uart_transmitter_module/baud_bit_period_counter_reg[744]_i_1_n_0. Optimizations did not improve timing on the net.
INFO: [Physopt 32-702] Processed net uart_transmitter_module/baud_bit_period_counter_reg[740]_i_1_n_0. Optimizations did not improve timing on the net.
INFO: [Physopt 32-702] Processed net uart_transmitter_module/baud_bit_period_counter_reg[736]_i_1_n_0. Optimizations did not improve timing on the net.
INFO: [Physopt 32-702] Processed net uart_transmitter_module/baud_bit_period_counter_reg[732]_i_1_n_0. Optimizations did not improve timing on the net.
INFO: [Physopt 32-702] Processed net uart_transmitter_module/baud_bit_period_counter_reg[728]_i_1_n_0. Optimizations did not improve timing on the net.
INFO: [Physopt 32-702] Processed net uart_transmitter_module/baud_bit_period_counter_reg[724]_i_1_n_0. Optimizations did not improve timing on the net.
INFO: [Physopt 32-702] Processed net uart_transmitter_module/baud_bit_period_counter_reg[720]_i_1_n_0. Optimizations did not improve timing on the net.
INFO: [Physopt 32-702] Processed net uart_transmitter_module/baud_bit_period_counter_reg[716]_i_1_n_0. Optimizations did not improve timing on the net.
INFO: [Physopt 32-702] Processed net uart_transmitter_module/baud_bit_period_counter_reg[712]_i_1_n_0. Optimizations did not improve timing on the net.
INFO: [Physopt 32-702] Processed net uart_transmitter_module/baud_bit_period_counter_reg[708]_i_1_n_0. Optimizations did not improve timing on the net.
INFO: [Physopt 32-702] Processed net uart_transmitter_module/baud_bit_period_counter_reg[704]_i_1_n_0. Optimizations did not improve timing on the net.
INFO: [Physopt 32-702] Processed net uart_transmitter_module/baud_bit_period_counter_reg[700]_i_1_n_0. Optimizations did not improve timing on the net.
INFO: [Physopt 32-702] Processed net uart_transmitter_module/baud_bit_period_counter_reg[696]_i_1_n_0. Optimizations did not improve timing on the net.
INFO: [Physopt 32-702] Processed net uart_transmitter_module/baud_bit_period_counter_reg[692]_i_1_n_0. Optimizations did not improve timing on the net.
INFO: [Physopt 32-702] Processed net uart_transmitter_module/baud_bit_period_counter_reg[688]_i_1_n_0. Optimizations did not improve timing on the net.
INFO: [Physopt 32-702] Processed net uart_transmitter_module/baud_bit_period_counter_reg[684]_i_1_n_0. Optimizations did not improve timing on the net.
INFO: [Physopt 32-702] Processed net uart_transmitter_module/baud_bit_period_counter_reg[680]_i_1_n_0. Optimizations did not improve timing on the net.
INFO: [Physopt 32-702] Processed net uart_transmitter_module/baud_bit_period_counter_reg[676]_i_1_n_0. Optimizations did not improve timing on the net.
INFO: [Physopt 32-702] Processed net uart_transmitter_module/baud_bit_period_counter_reg[672]_i_1_n_0. Optimizations did not improve timing on the net.
INFO: [Physopt 32-702] Processed net uart_transmitter_module/baud_bit_period_counter_reg[668]_i_1_n_0. Optimizations did not improve timing on the net.
INFO: [Physopt 32-702] Processed net uart_transmitter_module/baud_bit_period_counter_reg[664]_i_1_n_0. Optimizations did not improve timing on the net.
INFO: [Physopt 32-702] Processed net uart_transmitter_module/baud_bit_period_counter_reg[660]_i_1_n_0. Optimizations did not improve timing on the net.
INFO: [Physopt 32-702] Processed net uart_transmitter_module/baud_bit_period_counter_reg[656]_i_1_n_0. Optimizations did not improve timing on the net.
INFO: [Physopt 32-702] Processed net uart_transmitter_module/baud_bit_period_counter_reg[652]_i_1_n_0. Optimizations did not improve timing on the net.
INFO: [Physopt 32-702] Processed net uart_transmitter_module/baud_bit_period_counter_reg[648]_i_1_n_0. Optimizations did not improve timing on the net.
INFO: [Physopt 32-702] Processed net uart_transmitter_module/baud_bit_period_counter_reg[644]_i_1_n_0. Optimizations did not improve timing on the net.
INFO: [Physopt 32-702] Processed net uart_transmitter_module/baud_bit_period_counter_reg[640]_i_1_n_0. Optimizations did not improve timing on the net.
INFO: [Physopt 32-702] Processed net uart_transmitter_module/baud_bit_period_counter_reg[636]_i_1_n_0. Optimizations did not improve timing on the net.
INFO: [Physopt 32-702] Processed net uart_transmitter_module/baud_bit_period_counter_reg[632]_i_1_n_0. Optimizations did not improve timing on the net.
INFO: [Physopt 32-702] Processed net uart_transmitter_module/baud_bit_period_counter_reg[628]_i_1_n_0. Optimizations did not improve timing on the net.
INFO: [Physopt 32-702] Processed net uart_transmitter_module/baud_bit_period_counter_reg[624]_i_1_n_0. Optimizations did not improve timing on the net.
INFO: [Physopt 32-702] Processed net uart_transmitter_module/baud_bit_period_counter_reg[620]_i_1_n_0. Optimizations did not improve timing on the net.
INFO: [Physopt 32-702] Processed net uart_transmitter_module/baud_bit_period_counter_reg[616]_i_1_n_0. Optimizations did not improve timing on the net.
INFO: [Physopt 32-702] Processed net uart_transmitter_module/baud_bit_period_counter_reg[612]_i_1_n_0. Optimizations did not improve timing on the net.
INFO: [Physopt 32-702] Processed net uart_transmitter_module/baud_bit_period_counter_reg[608]_i_1_n_0. Optimizations did not improve timing on the net.
INFO: [Physopt 32-702] Processed net uart_transmitter_module/baud_bit_period_counter_reg[604]_i_1_n_0. Optimizations did not improve timing on the net.
INFO: [Physopt 32-702] Processed net uart_transmitter_module/baud_bit_period_counter_reg[600]_i_1_n_0. Optimizations did not improve timing on the net.
INFO: [Physopt 32-702] Processed net uart_transmitter_module/baud_bit_period_counter_reg[596]_i_1_n_0. Optimizations did not improve timing on the net.
INFO: [Physopt 32-702] Processed net uart_transmitter_module/baud_bit_period_counter_reg[592]_i_1_n_0. Optimizations did not improve timing on the net.
INFO: [Physopt 32-702] Processed net uart_transmitter_module/baud_bit_period_counter_reg[588]_i_1_n_0. Optimizations did not improve timing on the net.
INFO: [Physopt 32-702] Processed net uart_transmitter_module/baud_bit_period_counter_reg[584]_i_1_n_0. Optimizations did not improve timing on the net.
INFO: [Physopt 32-702] Processed net uart_transmitter_module/baud_bit_period_counter_reg[580]_i_1_n_0. Optimizations did not improve timing on the net.
INFO: [Physopt 32-702] Processed net uart_transmitter_module/baud_bit_period_counter_reg[576]_i_1_n_0. Optimizations did not improve timing on the net.
INFO: [Physopt 32-702] Processed net uart_transmitter_module/baud_bit_period_counter_reg[572]_i_1_n_0. Optimizations did not improve timing on the net.
INFO: [Physopt 32-702] Processed net uart_transmitter_module/baud_bit_period_counter_reg[568]_i_1_n_0. Optimizations did not improve timing on the net.
INFO: [Physopt 32-702] Processed net uart_transmitter_module/baud_bit_period_counter_reg[564]_i_1_n_0. Optimizations did not improve timing on the net.
INFO: [Physopt 32-702] Processed net uart_transmitter_module/baud_bit_period_counter_reg[560]_i_1_n_0. Optimizations did not improve timing on the net.
INFO: [Physopt 32-702] Processed net uart_transmitter_module/baud_bit_period_counter_reg[556]_i_1_n_0. Optimizations did not improve timing on the net.
INFO: [Physopt 32-702] Processed net uart_transmitter_module/baud_bit_period_counter_reg[552]_i_1_n_0. Optimizations did not improve timing on the net.
INFO: [Physopt 32-702] Processed net uart_transmitter_module/baud_bit_period_counter_reg[548]_i_1_n_0. Optimizations did not improve timing on the net.
INFO: [Physopt 32-702] Processed net uart_transmitter_module/baud_bit_period_counter_reg[544]_i_1_n_0. Optimizations did not improve timing on the net.
INFO: [Physopt 32-702] Processed net uart_transmitter_module/baud_bit_period_counter_reg[540]_i_1_n_0. Optimizations did not improve timing on the net.
INFO: [Physopt 32-702] Processed net uart_transmitter_module/baud_bit_period_counter_reg[536]_i_1_n_0. Optimizations did not improve timing on the net.
INFO: [Physopt 32-702] Processed net uart_transmitter_module/baud_bit_period_counter_reg[532]_i_1_n_0. Optimizations did not improve timing on the net.
INFO: [Physopt 32-702] Processed net uart_transmitter_module/baud_bit_period_counter_reg[528]_i_1_n_0. Optimizations did not improve timing on the net.
INFO: [Physopt 32-702] Processed net uart_transmitter_module/baud_bit_period_counter_reg[524]_i_1_n_0. Optimizations did not improve timing on the net.
INFO: [Physopt 32-702] Processed net uart_transmitter_module/baud_bit_period_counter_reg[520]_i_1_n_0. Optimizations did not improve timing on the net.
INFO: [Physopt 32-702] Processed net uart_transmitter_module/baud_bit_period_counter_reg[516]_i_1_n_0. Optimizations did not improve timing on the net.
INFO: [Physopt 32-702] Processed net uart_transmitter_module/baud_bit_period_counter_reg[512]_i_1_n_0. Optimizations did not improve timing on the net.
INFO: [Physopt 32-702] Processed net uart_transmitter_module/baud_bit_period_counter_reg[508]_i_1_n_0. Optimizations did not improve timing on the net.
INFO: [Physopt 32-702] Processed net uart_transmitter_module/baud_bit_period_counter_reg[504]_i_1_n_0. Optimizations did not improve timing on the net.
INFO: [Physopt 32-702] Processed net uart_transmitter_module/baud_bit_period_counter_reg[500]_i_1_n_0. Optimizations did not improve timing on the net.
INFO: [Physopt 32-702] Processed net uart_transmitter_module/baud_bit_period_counter_reg[496]_i_1_n_0. Optimizations did not improve timing on the net.
INFO: [Physopt 32-702] Processed net uart_transmitter_module/baud_bit_period_counter_reg[492]_i_1_n_0. Optimizations did not improve timing on the net.
INFO: [Physopt 32-702] Processed net uart_transmitter_module/baud_bit_period_counter_reg[488]_i_1_n_0. Optimizations did not improve timing on the net.
INFO: [Physopt 32-702] Processed net uart_transmitter_module/baud_bit_period_counter_reg[484]_i_1_n_0. Optimizations did not improve timing on the net.
INFO: [Physopt 32-702] Processed net uart_transmitter_module/baud_bit_period_counter_reg[480]_i_1_n_0. Optimizations did not improve timing on the net.
INFO: [Physopt 32-702] Processed net uart_transmitter_module/baud_bit_period_counter_reg[476]_i_1_n_0. Optimizations did not improve timing on the net.
INFO: [Physopt 32-702] Processed net uart_transmitter_module/baud_bit_period_counter_reg[472]_i_1_n_0. Optimizations did not improve timing on the net.
INFO: [Physopt 32-702] Processed net uart_transmitter_module/baud_bit_period_counter_reg[468]_i_1_n_0. Optimizations did not improve timing on the net.
INFO: [Physopt 32-702] Processed net uart_transmitter_module/baud_bit_period_counter_reg[464]_i_1_n_0. Optimizations did not improve timing on the net.
INFO: [Physopt 32-702] Processed net uart_transmitter_module/baud_bit_period_counter_reg[460]_i_1_n_0. Optimizations did not improve timing on the net.
INFO: [Physopt 32-702] Processed net uart_transmitter_module/baud_bit_period_counter_reg[456]_i_1_n_0. Optimizations did not improve timing on the net.
INFO: [Physopt 32-702] Processed net uart_transmitter_module/baud_bit_period_counter_reg[452]_i_1_n_0. Optimizations did not improve timing on the net.
INFO: [Physopt 32-702] Processed net uart_transmitter_module/baud_bit_period_counter_reg[448]_i_1_n_0. Optimizations did not improve timing on the net.
INFO: [Physopt 32-702] Processed net uart_transmitter_module/baud_bit_period_counter_reg[444]_i_1_n_0. Optimizations did not improve timing on the net.
INFO: [Physopt 32-702] Processed net uart_transmitter_module/baud_bit_period_counter_reg[440]_i_1_n_0. Optimizations did not improve timing on the net.
INFO: [Physopt 32-702] Processed net uart_transmitter_module/baud_bit_period_counter_reg[436]_i_1_n_0. Optimizations did not improve timing on the net.
INFO: [Physopt 32-702] Processed net uart_transmitter_module/baud_bit_period_counter_reg[432]_i_1_n_0. Optimizations did not improve timing on the net.
INFO: [Physopt 32-702] Processed net uart_transmitter_module/baud_bit_period_counter_reg[428]_i_1_n_0. Optimizations did not improve timing on the net.
INFO: [Physopt 32-702] Processed net uart_transmitter_module/baud_bit_period_counter_reg[424]_i_1_n_0. Optimizations did not improve timing on the net.
INFO: [Physopt 32-702] Processed net uart_transmitter_module/baud_bit_period_counter_reg[420]_i_1_n_0. Optimizations did not improve timing on the net.
INFO: [Physopt 32-702] Processed net uart_transmitter_module/baud_bit_period_counter_reg[416]_i_1_n_0. Optimizations did not improve timing on the net.
INFO: [Physopt 32-702] Processed net uart_transmitter_module/baud_bit_period_counter_reg[412]_i_1_n_0. Optimizations did not improve timing on the net.
INFO: [Physopt 32-702] Processed net uart_transmitter_module/baud_bit_period_counter_reg[408]_i_1_n_0. Optimizations did not improve timing on the net.
INFO: [Physopt 32-702] Processed net uart_transmitter_module/baud_bit_period_counter_reg[404]_i_1_n_0. Optimizations did not improve timing on the net.
INFO: [Physopt 32-702] Processed net uart_transmitter_module/baud_bit_period_counter_reg[400]_i_1_n_0. Optimizations did not improve timing on the net.
INFO: [Physopt 32-702] Processed net uart_transmitter_module/baud_bit_period_counter_reg[396]_i_1_n_0. Optimizations did not improve timing on the net.
INFO: [Physopt 32-702] Processed net uart_transmitter_module/baud_bit_period_counter_reg[392]_i_1_n_0. Optimizations did not improve timing on the net.
INFO: [Physopt 32-702] Processed net uart_transmitter_module/baud_bit_period_counter_reg[388]_i_1_n_0. Optimizations did not improve timing on the net.
INFO: [Physopt 32-702] Processed net uart_transmitter_module/baud_bit_period_counter_reg[384]_i_1_n_0. Optimizations did not improve timing on the net.
INFO: [Physopt 32-702] Processed net uart_transmitter_module/baud_bit_period_counter_reg[380]_i_1_n_0. Optimizations did not improve timing on the net.
INFO: [Physopt 32-702] Processed net uart_transmitter_module/baud_bit_period_counter_reg[376]_i_1_n_0. Optimizations did not improve timing on the net.
INFO: [Physopt 32-702] Processed net uart_transmitter_module/baud_bit_period_counter_reg[372]_i_1_n_0. Optimizations did not improve timing on the net.
INFO: [Physopt 32-702] Processed net uart_transmitter_module/baud_bit_period_counter_reg[368]_i_1_n_0. Optimizations did not improve timing on the net.
INFO: [Physopt 32-702] Processed net uart_transmitter_module/baud_bit_period_counter_reg[364]_i_1_n_0. Optimizations did not improve timing on the net.
INFO: [Physopt 32-702] Processed net uart_transmitter_module/baud_bit_period_counter_reg[360]_i_1_n_0. Optimizations did not improve timing on the net.
INFO: [Physopt 32-702] Processed net uart_transmitter_module/baud_bit_period_counter_reg[356]_i_1_n_0. Optimizations did not improve timing on the net.
INFO: [Physopt 32-702] Processed net uart_transmitter_module/baud_bit_period_counter_reg[352]_i_1_n_0. Optimizations did not improve timing on the net.
INFO: [Physopt 32-702] Processed net uart_transmitter_module/baud_bit_period_counter_reg[348]_i_1_n_0. Optimizations did not improve timing on the net.
INFO: [Physopt 32-702] Processed net uart_transmitter_module/baud_bit_period_counter_reg[344]_i_1_n_0. Optimizations did not improve timing on the net.
INFO: [Physopt 32-702] Processed net uart_transmitter_module/baud_bit_period_counter_reg[340]_i_1_n_0. Optimizations did not improve timing on the net.
INFO: [Physopt 32-702] Processed net uart_transmitter_module/baud_bit_period_counter_reg[336]_i_1_n_0. Optimizations did not improve timing on the net.
INFO: [Physopt 32-702] Processed net uart_transmitter_module/baud_bit_period_counter_reg[332]_i_1_n_0. Optimizations did not improve timing on the net.
INFO: [Physopt 32-702] Processed net uart_transmitter_module/baud_bit_period_counter_reg[328]_i_1_n_0. Optimizations did not improve timing on the net.
INFO: [Physopt 32-702] Processed net uart_transmitter_module/baud_bit_period_counter_reg[324]_i_1_n_0. Optimizations did not improve timing on the net.
INFO: [Physopt 32-702] Processed net uart_transmitter_module/baud_bit_period_counter_reg[320]_i_1_n_0. Optimizations did not improve timing on the net.
INFO: [Physopt 32-702] Processed net uart_transmitter_module/baud_bit_period_counter_reg[316]_i_1_n_0. Optimizations did not improve timing on the net.
INFO: [Physopt 32-702] Processed net uart_transmitter_module/baud_bit_period_counter_reg[312]_i_1_n_0. Optimizations did not improve timing on the net.
INFO: [Physopt 32-702] Processed net uart_transmitter_module/baud_bit_period_counter_reg[308]_i_1_n_0. Optimizations did not improve timing on the net.
INFO: [Physopt 32-702] Processed net uart_transmitter_module/baud_bit_period_counter_reg[304]_i_1_n_0. Optimizations did not improve timing on the net.
INFO: [Physopt 32-702] Processed net uart_transmitter_module/baud_bit_period_counter_reg[300]_i_1_n_0. Optimizations did not improve timing on the net.
INFO: [Physopt 32-702] Processed net uart_transmitter_module/baud_bit_period_counter_reg[296]_i_1_n_0. Optimizations did not improve timing on the net.
INFO: [Physopt 32-702] Processed net uart_transmitter_module/baud_bit_period_counter_reg[292]_i_1_n_0. Optimizations did not improve timing on the net.
INFO: [Physopt 32-702] Processed net uart_transmitter_module/baud_bit_period_counter_reg[288]_i_1_n_0. Optimizations did not improve timing on the net.
INFO: [Physopt 32-702] Processed net uart_transmitter_module/baud_bit_period_counter_reg[284]_i_1_n_0. Optimizations did not improve timing on the net.
INFO: [Physopt 32-702] Processed net uart_transmitter_module/baud_bit_period_counter_reg[280]_i_1_n_0. Optimizations did not improve timing on the net.
INFO: [Physopt 32-702] Processed net uart_transmitter_module/baud_bit_period_counter_reg[276]_i_1_n_0. Optimizations did not improve timing on the net.
INFO: [Physopt 32-702] Processed net uart_transmitter_module/baud_bit_period_counter_reg[272]_i_1_n_0. Optimizations did not improve timing on the net.
INFO: [Physopt 32-702] Processed net uart_transmitter_module/baud_bit_period_counter_reg[268]_i_1_n_0. Optimizations did not improve timing on the net.
INFO: [Physopt 32-702] Processed net uart_transmitter_module/baud_bit_period_counter_reg[264]_i_1_n_0. Optimizations did not improve timing on the net.
INFO: [Physopt 32-702] Processed net uart_transmitter_module/baud_bit_period_counter_reg[260]_i_1_n_0. Optimizations did not improve timing on the net.
INFO: [Physopt 32-702] Processed net uart_transmitter_module/baud_bit_period_counter_reg[256]_i_1_n_0. Optimizations did not improve timing on the net.
INFO: [Physopt 32-702] Processed net uart_transmitter_module/baud_bit_period_counter_reg[252]_i_1_n_0. Optimizations did not improve timing on the net.
INFO: [Physopt 32-702] Processed net uart_transmitter_module/baud_bit_period_counter_reg[248]_i_1_n_0. Optimizations did not improve timing on the net.
INFO: [Physopt 32-702] Processed net uart_transmitter_module/baud_bit_period_counter_reg[244]_i_1_n_0. Optimizations did not improve timing on the net.
INFO: [Physopt 32-702] Processed net uart_transmitter_module/baud_bit_period_counter_reg[240]_i_1_n_0. Optimizations did not improve timing on the net.
INFO: [Physopt 32-702] Processed net uart_transmitter_module/baud_bit_period_counter_reg[236]_i_1_n_0. Optimizations did not improve timing on the net.
INFO: [Physopt 32-702] Processed net uart_transmitter_module/baud_bit_period_counter_reg[232]_i_1_n_0. Optimizations did not improve timing on the net.
INFO: [Physopt 32-702] Processed net uart_transmitter_module/baud_bit_period_counter_reg[228]_i_1_n_0. Optimizations did not improve timing on the net.
INFO: [Physopt 32-702] Processed net uart_transmitter_module/baud_bit_period_counter_reg[224]_i_1_n_0. Optimizations did not improve timing on the net.
INFO: [Physopt 32-702] Processed net uart_transmitter_module/baud_bit_period_counter_reg[220]_i_1_n_0. Optimizations did not improve timing on the net.
INFO: [Physopt 32-702] Processed net uart_transmitter_module/baud_bit_period_counter_reg[216]_i_1_n_0. Optimizations did not improve timing on the net.
INFO: [Physopt 32-702] Processed net uart_transmitter_module/baud_bit_period_counter_reg[212]_i_1_n_0. Optimizations did not improve timing on the net.
INFO: [Physopt 32-702] Processed net uart_transmitter_module/baud_bit_period_counter_reg[208]_i_1_n_0. Optimizations did not improve timing on the net.
INFO: [Physopt 32-702] Processed net uart_transmitter_module/baud_bit_period_counter_reg[204]_i_1_n_0. Optimizations did not improve timing on the net.
INFO: [Physopt 32-702] Processed net uart_transmitter_module/baud_bit_period_counter_reg[200]_i_1_n_0. Optimizations did not improve timing on the net.
INFO: [Physopt 32-702] Processed net uart_transmitter_module/baud_bit_period_counter_reg[196]_i_1_n_0. Optimizations did not improve timing on the net.
INFO: [Physopt 32-702] Processed net uart_transmitter_module/baud_bit_period_counter_reg[192]_i_1_n_0. Optimizations did not improve timing on the net.
INFO: [Physopt 32-702] Processed net uart_transmitter_module/baud_bit_period_counter_reg[188]_i_1_n_0. Optimizations did not improve timing on the net.
INFO: [Physopt 32-702] Processed net uart_transmitter_module/baud_bit_period_counter_reg[184]_i_1_n_0. Optimizations did not improve timing on the net.
INFO: [Physopt 32-702] Processed net uart_transmitter_module/baud_bit_period_counter_reg[180]_i_1_n_0. Optimizations did not improve timing on the net.
INFO: [Physopt 32-702] Processed net uart_transmitter_module/baud_bit_period_counter_reg[176]_i_1_n_0. Optimizations did not improve timing on the net.
INFO: [Physopt 32-702] Processed net uart_transmitter_module/baud_bit_period_counter_reg[172]_i_1_n_0. Optimizations did not improve timing on the net.
INFO: [Physopt 32-702] Processed net uart_transmitter_module/baud_bit_period_counter_reg[168]_i_1_n_0. Optimizations did not improve timing on the net.
INFO: [Physopt 32-702] Processed net uart_transmitter_module/baud_bit_period_counter_reg[164]_i_1_n_0. Optimizations did not improve timing on the net.
INFO: [Physopt 32-702] Processed net uart_transmitter_module/baud_bit_period_counter_reg[160]_i_1_n_0. Optimizations did not improve timing on the net.
INFO: [Physopt 32-702] Processed net uart_transmitter_module/baud_bit_period_counter_reg[156]_i_1_n_0. Optimizations did not improve timing on the net.
INFO: [Physopt 32-702] Processed net uart_transmitter_module/baud_bit_period_counter_reg[152]_i_1_n_0. Optimizations did not improve timing on the net.
INFO: [Physopt 32-702] Processed net uart_transmitter_module/baud_bit_period_counter_reg[148]_i_1_n_0. Optimizations did not improve timing on the net.
INFO: [Physopt 32-702] Processed net uart_transmitter_module/baud_bit_period_counter_reg[144]_i_1_n_0. Optimizations did not improve timing on the net.
INFO: [Physopt 32-702] Processed net uart_transmitter_module/baud_bit_period_counter_reg[140]_i_1_n_0. Optimizations did not improve timing on the net.
INFO: [Physopt 32-702] Processed net uart_transmitter_module/baud_bit_period_counter_reg[136]_i_1_n_0. Optimizations did not improve timing on the net.
INFO: [Physopt 32-702] Processed net uart_transmitter_module/baud_bit_period_counter_reg[132]_i_1_n_0. Optimizations did not improve timing on the net.
INFO: [Physopt 32-702] Processed net uart_transmitter_module/baud_bit_period_counter_reg[128]_i_1_n_0. Optimizations did not improve timing on the net.
INFO: [Physopt 32-702] Processed net uart_transmitter_module/baud_bit_period_counter_reg[124]_i_1_n_0. Optimizations did not improve timing on the net.
INFO: [Physopt 32-702] Processed net uart_transmitter_module/baud_bit_period_counter_reg[120]_i_1_n_0. Optimizations did not improve timing on the net.
INFO: [Physopt 32-702] Processed net uart_transmitter_module/baud_bit_period_counter_reg[116]_i_1_n_0. Optimizations did not improve timing on the net.
INFO: [Physopt 32-702] Processed net uart_transmitter_module/baud_bit_period_counter_reg[112]_i_1_n_0. Optimizations did not improve timing on the net.
INFO: [Physopt 32-702] Processed net uart_transmitter_module/baud_bit_period_counter_reg[108]_i_1_n_0. Optimizations did not improve timing on the net.
INFO: [Physopt 32-702] Processed net uart_transmitter_module/baud_bit_period_counter_reg[104]_i_1_n_0. Optimizations did not improve timing on the net.
INFO: [Physopt 32-702] Processed net uart_transmitter_module/baud_bit_period_counter_reg[100]_i_1_n_0. Optimizations did not improve timing on the net.
INFO: [Physopt 32-702] Processed net uart_transmitter_module/baud_bit_period_counter_reg[96]_i_1_n_0. Optimizations did not improve timing on the net.
INFO: [Physopt 32-702] Processed net uart_transmitter_module/baud_bit_period_counter_reg[92]_i_1_n_0. Optimizations did not improve timing on the net.
INFO: [Physopt 32-702] Processed net uart_transmitter_module/baud_bit_period_counter_reg[88]_i_1_n_0. Optimizations did not improve timing on the net.
INFO: [Physopt 32-702] Processed net uart_transmitter_module/baud_bit_period_counter_reg[84]_i_1_n_0. Optimizations did not improve timing on the net.
INFO: [Physopt 32-702] Processed net uart_transmitter_module/baud_bit_period_counter_reg[80]_i_1_n_0. Optimizations did not improve timing on the net.
INFO: [Physopt 32-702] Processed net uart_transmitter_module/baud_bit_period_counter_reg[76]_i_1_n_0. Optimizations did not improve timing on the net.
INFO: [Physopt 32-702] Processed net uart_transmitter_module/baud_bit_period_counter_reg[72]_i_1_n_0. Optimizations did not improve timing on the net.
INFO: [Physopt 32-702] Processed net uart_transmitter_module/baud_bit_period_counter_reg[68]_i_1_n_0. Optimizations did not improve timing on the net.
INFO: [Physopt 32-702] Processed net uart_transmitter_module/baud_bit_period_counter_reg[64]_i_1_n_0. Optimizations did not improve timing on the net.
INFO: [Physopt 32-702] Processed net uart_transmitter_module/baud_bit_period_counter_reg[60]_i_1_n_0. Optimizations did not improve timing on the net.
INFO: [Physopt 32-702] Processed net uart_transmitter_module/baud_bit_period_counter_reg[56]_i_1_n_0. Optimizations did not improve timing on the net.
INFO: [Physopt 32-702] Processed net uart_transmitter_module/baud_bit_period_counter_reg[52]_i_1_n_0. Optimizations did not improve timing on the net.
INFO: [Physopt 32-702] Processed net uart_transmitter_module/baud_bit_period_counter_reg[48]_i_1_n_0. Optimizations did not improve timing on the net.
INFO: [Physopt 32-702] Processed net uart_transmitter_module/baud_bit_period_counter_reg[44]_i_1_n_0. Optimizations did not improve timing on the net.
INFO: [Physopt 32-702] Processed net uart_transmitter_module/baud_bit_period_counter_reg[40]_i_1_n_0. Optimizations did not improve timing on the net.
INFO: [Physopt 32-702] Processed net uart_transmitter_module/baud_bit_period_counter_reg[36]_i_1_n_0. Optimizations did not improve timing on the net.
INFO: [Physopt 32-702] Processed net uart_transmitter_module/baud_bit_period_counter_reg[32]_i_1_n_0. Optimizations did not improve timing on the net.
INFO: [Physopt 32-702] Processed net uart_transmitter_module/baud_bit_period_counter_reg[28]_i_1_n_0. Optimizations did not improve timing on the net.
INFO: [Physopt 32-702] Processed net uart_transmitter_module/baud_bit_period_counter_reg[24]_i_1_n_0. Optimizations did not improve timing on the net.
INFO: [Physopt 32-702] Processed net uart_transmitter_module/baud_bit_period_counter_reg[20]_i_1_n_0. Optimizations did not improve timing on the net.
INFO: [Physopt 32-702] Processed net uart_transmitter_module/baud_bit_period_counter_reg[16]_i_1_n_0. Optimizations did not improve timing on the net.
INFO: [Physopt 32-702] Processed net uart_transmitter_module/baud_bit_period_counter_reg[12]_i_1_n_0. Optimizations did not improve timing on the net.
INFO: [Physopt 32-702] Processed net uart_transmitter_module/baud_bit_period_counter_reg[8]_i_1_n_0. Optimizations did not improve timing on the net.
INFO: [Physopt 32-702] Processed net uart_transmitter_module/baud_bit_period_counter_reg[4]_i_1_n_0. Optimizations did not improve timing on the net.
INFO: [Physopt 32-702] Processed net uart_transmitter_module/baud_bit_period_counter_reg[0]_i_2_n_0. Optimizations did not improve timing on the net.
INFO: [Physopt 32-702] Processed net uart_transmitter_module/baud_bit_period_counter_reg[868]_i_1_n_7. Optimizations did not improve timing on the net.
INFO: [Physopt 32-702] Processed net clk_100mhz_IBUF. Optimizations did not improve timing on the net.
INFO: [Physopt 32-702] Processed net clk_100mhz. Optimizations did not improve timing on the net.
INFO: [Physopt 32-702] Processed net uart_transmitter_module/baud_bit_period_counter_reg[868]. Optimizations did not improve timing on the net.
INFO: [Physopt 32-702] Processed net uart_transmitter_module/baud_bit_period_counter_reg[1]. Optimizations did not improve timing on the net.
INFO: [Physopt 32-702] Processed net uart_transmitter_module/baud_bit_period_counter_reg[596]_i_1_n_0. Optimizations did not improve timing on the net.
INFO: [Physopt 32-702] Processed net uart_transmitter_module/baud_bit_period_counter_reg[868]_i_1_n_7. Optimizations did not improve timing on the net.
INFO: [Physopt 32-702] Processed net clk_100mhz_IBUF. Optimizations did not improve timing on the net.
INFO: [Physopt 32-702] Processed net clk_100mhz. Optimizations did not improve timing on the net.
INFO: [Physopt 32-619] Estimated Timing Summary | WNS=-19.191 | TNS=-6103.513 |
Netlist sorting complete. Time (s): cpu = 00:00:00 ; elapsed = 00:00:00 . Memory (MB): peak = 3151.441 ; gain = 0.000 ; free physical = 20529 ; free virtual = 36392
Phase 4 Critical Path Optimization | Checksum: 1a1d78e09

Time (s): cpu = 00:00:09 ; elapsed = 00:00:08 . Memory (MB): peak = 3151.441 ; gain = 0.000 ; free physical = 20529 ; free virtual = 36392
Netlist sorting complete. Time (s): cpu = 00:00:00 ; elapsed = 00:00:00 . Memory (MB): peak = 3151.441 ; gain = 0.000 ; free physical = 20529 ; free virtual = 36392
INFO: [Physopt 32-603] Post Physical Optimization Timing Summary | WNS=-19.191 | TNS=-6103.513 |

Summary of Physical Synthesis Optimizations
============================================


-------------------------------------------------------------------------------------------------------------------------------------------------------------
|  Optimization   |  WNS Gain (ns)  |  TNS Gain (ns)  |  Added Cells  |  Removed Cells  |  Optimized Cells/Nets  |  Dont Touch  |  Iterations  |  Elapsed   |
-------------------------------------------------------------------------------------------------------------------------------------------------------------
|  DSP Register   |          0.000  |          0.000  |            0  |              0  |                     0  |           0  |           1  |  00:00:00  |
|  Critical Path  |          0.057  |         33.156  |            0  |              0  |                     1  |           0  |           2  |  00:00:08  |
|  Total          |          0.057  |         33.156  |            0  |              0  |                     1  |           0  |           3  |  00:00:08  |
-------------------------------------------------------------------------------------------------------------------------------------------------------------


Netlist sorting complete. Time (s): cpu = 00:00:00 ; elapsed = 00:00:00 . Memory (MB): peak = 3151.441 ; gain = 0.000 ; free physical = 20529 ; free virtual = 36392
Ending Physical Synthesis Task | Checksum: 23f168461

Time (s): cpu = 00:00:09 ; elapsed = 00:00:08 . Memory (MB): peak = 3151.441 ; gain = 0.000 ; free physical = 20529 ; free virtual = 36392
INFO: [Common 17-83] Releasing license: Implementation
472 Infos, 0 Warnings, 0 Critical Warnings and 0 Errors encountered.
phys_opt_design completed successfully
phys_opt_design: Time (s): cpu = 00:00:09 ; elapsed = 00:00:08 . Memory (MB): peak = 3151.441 ; gain = 0.000 ; free physical = 20529 ; free virtual = 36392
# report_utilization -file $outputDir/post_place_util.rpt
# report_timing_summary -file $outputDir/post_place_timing_summary.rpt
# report_timing -file $outputDir/post_place_timing.rpt
INFO: [Timing 38-78] ReportTimingParams: -max_paths 1 -nworst 1 -delay_type max -sort_by slack.
# route_design -directive Explore
Command: route_design -directive Explore
Attempting to get a license for feature 'Implementation' and/or device 'xc7s50'
INFO: [Common 17-349] Got license for feature 'Implementation' and/or device 'xc7s50'


Starting Routing Task
INFO: [Route 35-270] Using Router directive 'Explore'.
INFO: [Route 35-254] Multithreading enabled for route_design using a maximum of 4 CPUs

Phase 1 Build RT Design
Checksum: PlaceDB: 6b144b96 ConstDB: 0 ShapeSum: ac0907da RouteDB: aa913336
Post Restoration Checksum: NetGraph: bb8efe7 | NumContArr: bd69fbe8 | Constraints: c2a8fa9d | Timing: c2a8fa9d
Phase 1 Build RT Design | Checksum: 24e74e109

Time (s): cpu = 00:00:08 ; elapsed = 00:00:07 . Memory (MB): peak = 3151.441 ; gain = 0.000 ; free physical = 20539 ; free virtual = 36402

Phase 2 Router Initialization

Phase 2.1 Fix Topology Constraints
Phase 2.1 Fix Topology Constraints | Checksum: 24e74e109

Time (s): cpu = 00:00:08 ; elapsed = 00:00:07 . Memory (MB): peak = 3151.441 ; gain = 0.000 ; free physical = 20539 ; free virtual = 36402

Phase 2.2 Pre Route Cleanup
Phase 2.2 Pre Route Cleanup | Checksum: 24e74e109

Time (s): cpu = 00:00:08 ; elapsed = 00:00:07 . Memory (MB): peak = 3151.441 ; gain = 0.000 ; free physical = 20539 ; free virtual = 36402
 Number of Nodes with overlaps = 0

Phase 2.3 Update Timing
Phase 2.3 Update Timing | Checksum: 182569520

Time (s): cpu = 00:00:09 ; elapsed = 00:00:07 . Memory (MB): peak = 3151.441 ; gain = 0.000 ; free physical = 20540 ; free virtual = 36403
INFO: [Route 35-416] Intermediate Timing Summary | WNS=-19.176| TNS=-5994.921| WHS=-0.186 | THS=-14.871|


Phase 2.4 Soft Constraint Pins - Fast Budgeting
Phase 2.4 Soft Constraint Pins - Fast Budgeting | Checksum: 19a773158

Time (s): cpu = 00:00:09 ; elapsed = 00:00:07 . Memory (MB): peak = 3151.441 ; gain = 0.000 ; free physical = 20540 ; free virtual = 36403

Router Utilization Summary
  Global Vertical Routing Utilization    = 0 %
  Global Horizontal Routing Utilization  = 0 %
  Routable Net Status*
  *Does not include unroutable nets such as driverless and loadless.
  Run report_route_status for detailed report.
  Number of Failed Nets               = 1601
    (Failed Nets is the sum of unrouted and partially routed nets)
  Number of Unrouted Nets             = 1601
  Number of Partially Routed Nets     = 0
  Number of Node Overlaps             = 0

Phase 2 Router Initialization | Checksum: 201aaf233

Time (s): cpu = 00:00:09 ; elapsed = 00:00:08 . Memory (MB): peak = 3151.441 ; gain = 0.000 ; free physical = 20540 ; free virtual = 36403

Phase 3 Global Routing
Phase 3 Global Routing | Checksum: 201aaf233

Time (s): cpu = 00:00:09 ; elapsed = 00:00:08 . Memory (MB): peak = 3151.441 ; gain = 0.000 ; free physical = 20540 ; free virtual = 36403

Phase 4 Initial Routing

Phase 4.1 Initial Net Routing Pass
Phase 4.1 Initial Net Routing Pass | Checksum: 2b3ddac39

Time (s): cpu = 00:00:10 ; elapsed = 00:00:08 . Memory (MB): peak = 3151.441 ; gain = 0.000 ; free physical = 20540 ; free virtual = 36403
Phase 4 Initial Routing | Checksum: 2b3ddac39

Time (s): cpu = 00:00:10 ; elapsed = 00:00:08 . Memory (MB): peak = 3151.441 ; gain = 0.000 ; free physical = 20540 ; free virtual = 36403
INFO: [Route 35-580] Design has 206 pins with tight setup and hold constraints.

The top 5 pins with tight setup and hold constraints:

+====================+===================+============================================================+
| Launch Setup Clock | Launch Hold Clock | Pin                                                        |
+====================+===================+============================================================+
| gclk               | gclk              | uart_transmitter_module/baud_bit_period_counter_reg[868]/D |
| gclk               | gclk              | uart_transmitter_module/baud_bit_period_counter_reg[867]/D |
| gclk               | gclk              | uart_transmitter_module/baud_bit_period_counter_reg[865]/D |
| gclk               | gclk              | uart_transmitter_module/baud_bit_period_counter_reg[864]/D |
| gclk               | gclk              | uart_transmitter_module/baud_bit_period_counter_reg[863]/D |
+--------------------+-------------------+------------------------------------------------------------+

File with complete list of pins: tight_setup_hold_pins.txt


Phase 5 Rip-up And Reroute

Phase 5.1 Global Iteration 0
 Number of Nodes with overlaps = 15
 Number of Nodes with overlaps = 0
INFO: [Route 35-416] Intermediate Timing Summary | WNS=-19.137| TNS=-7368.273| WHS=N/A    | THS=N/A    |

Phase 5.1 Global Iteration 0 | Checksum: 2c8c36c5f

Time (s): cpu = 00:00:10 ; elapsed = 00:00:08 . Memory (MB): peak = 3151.441 ; gain = 0.000 ; free physical = 20540 ; free virtual = 36403

Phase 5.2 Global Iteration 1
 Number of Nodes with overlaps = 5
 Number of Nodes with overlaps = 0
INFO: [Route 35-416] Intermediate Timing Summary | WNS=-19.137| TNS=-7368.273| WHS=N/A    | THS=N/A    |

Phase 5.2 Global Iteration 1 | Checksum: 21418d45e

Time (s): cpu = 00:00:10 ; elapsed = 00:00:08 . Memory (MB): peak = 3151.441 ; gain = 0.000 ; free physical = 20540 ; free virtual = 36403
Phase 5 Rip-up And Reroute | Checksum: 21418d45e

Time (s): cpu = 00:00:10 ; elapsed = 00:00:08 . Memory (MB): peak = 3151.441 ; gain = 0.000 ; free physical = 20540 ; free virtual = 36403

Phase 6 Delay and Skew Optimization

Phase 6.1 Delay CleanUp

Phase 6.1.1 Update Timing
Phase 6.1.1 Update Timing | Checksum: 1873ce81e

Time (s): cpu = 00:00:10 ; elapsed = 00:00:08 . Memory (MB): peak = 3151.441 ; gain = 0.000 ; free physical = 20540 ; free virtual = 36403
INFO: [Route 35-416] Intermediate Timing Summary | WNS=-19.137| TNS=-7326.651| WHS=N/A    | THS=N/A    |

 Number of Nodes with overlaps = 0
Phase 6.1 Delay CleanUp | Checksum: 2e46d4826

Time (s): cpu = 00:00:10 ; elapsed = 00:00:08 . Memory (MB): peak = 3151.441 ; gain = 0.000 ; free physical = 20539 ; free virtual = 36403

Phase 6.2 Clock Skew Optimization
Phase 6.2 Clock Skew Optimization | Checksum: 2e46d4826

Time (s): cpu = 00:00:10 ; elapsed = 00:00:08 . Memory (MB): peak = 3151.441 ; gain = 0.000 ; free physical = 20539 ; free virtual = 36403
Phase 6 Delay and Skew Optimization | Checksum: 2e46d4826

Time (s): cpu = 00:00:10 ; elapsed = 00:00:08 . Memory (MB): peak = 3151.441 ; gain = 0.000 ; free physical = 20539 ; free virtual = 36403

Phase 7 Post Hold Fix

Phase 7.1 Hold Fix Iter
INFO: [Route 35-416] Intermediate Timing Summary | WNS=-19.133| TNS=-7324.348| WHS=0.052  | THS=0.000  |

Phase 7.1 Hold Fix Iter | Checksum: 26386ac52

Time (s): cpu = 00:00:10 ; elapsed = 00:00:08 . Memory (MB): peak = 3151.441 ; gain = 0.000 ; free physical = 20539 ; free virtual = 36403
Phase 7 Post Hold Fix | Checksum: 26386ac52

Time (s): cpu = 00:00:10 ; elapsed = 00:00:08 . Memory (MB): peak = 3151.441 ; gain = 0.000 ; free physical = 20539 ; free virtual = 36403

Phase 8 Timing Verification

Phase 8.1 Update Timing
Phase 8.1 Update Timing | Checksum: 26386ac52

Time (s): cpu = 00:00:11 ; elapsed = 00:00:08 . Memory (MB): peak = 3151.441 ; gain = 0.000 ; free physical = 20539 ; free virtual = 36403
INFO: [Route 35-416] Intermediate Timing Summary | WNS=-19.133| TNS=-7324.348| WHS=0.052  | THS=0.000  |

Phase 8 Timing Verification | Checksum: 26386ac52

Time (s): cpu = 00:00:11 ; elapsed = 00:00:08 . Memory (MB): peak = 3151.441 ; gain = 0.000 ; free physical = 20539 ; free virtual = 36403

Phase 9 Route finalize

Router Utilization Summary
  Global Vertical Routing Utilization    = 0.858088 %
  Global Horizontal Routing Utilization  = 0.606325 %
  Routable Net Status*
  *Does not include unroutable nets such as driverless and loadless.
  Run report_route_status for detailed report.
  Number of Failed Nets               = 0
    (Failed Nets is the sum of unrouted and partially routed nets)
  Number of Unrouted Nets             = 0
  Number of Partially Routed Nets     = 0
  Number of Node Overlaps             = 0


--GLOBAL Congestion:
Utilization threshold used for congestion level computation: 0.85
Congestion Report
North Dir 1x1 Area, Max Cong = 61.2613%, No Congested Regions.
South Dir 1x1 Area, Max Cong = 50.4505%, No Congested Regions.
East Dir 1x1 Area, Max Cong = 30.8824%, No Congested Regions.
West Dir 1x1 Area, Max Cong = 27.9412%, No Congested Regions.

------------------------------
Reporting congestion hotspots
------------------------------
Direction: North
----------------
Congested clusters found at Level 0
Effective congestion level: 0 Aspect Ratio: 1 Sparse Ratio: 0
Direction: South
----------------
Congested clusters found at Level 0
Effective congestion level: 0 Aspect Ratio: 1 Sparse Ratio: 0
Direction: East
----------------
Congested clusters found at Level 0
Effective congestion level: 0 Aspect Ratio: 1 Sparse Ratio: 0
Direction: West
----------------
Congested clusters found at Level 0
Effective congestion level: 0 Aspect Ratio: 1 Sparse Ratio: 0

Phase 9 Route finalize | Checksum: 26386ac52

Time (s): cpu = 00:00:11 ; elapsed = 00:00:08 . Memory (MB): peak = 3151.441 ; gain = 0.000 ; free physical = 20539 ; free virtual = 36403

Phase 10 Verifying routed nets

 Verification completed successfully
Phase 10 Verifying routed nets | Checksum: 26386ac52

Time (s): cpu = 00:00:11 ; elapsed = 00:00:08 . Memory (MB): peak = 3151.441 ; gain = 0.000 ; free physical = 20539 ; free virtual = 36403

Phase 11 Depositing Routes
Phase 11 Depositing Routes | Checksum: 1a4bdedcd

Time (s): cpu = 00:00:11 ; elapsed = 00:00:08 . Memory (MB): peak = 3151.441 ; gain = 0.000 ; free physical = 20539 ; free virtual = 36404

Phase 12 Incr Placement Change
Netlist sorting complete. Time (s): cpu = 00:00:00.01 ; elapsed = 00:00:00.01 . Memory (MB): peak = 3151.441 ; gain = 0.000 ; free physical = 20539 ; free virtual = 36404
INFO: [Place 30-746] Post Placement Timing Summary WNS=-19.126. For the most accurate timing information please run report_timing.
Ending IncrPlace Task | Checksum: 19c0c4a90

Time (s): cpu = 00:00:02 ; elapsed = 00:00:02 . Memory (MB): peak = 3151.441 ; gain = 0.000 ; free physical = 20540 ; free virtual = 36405
Phase 12 Incr Placement Change | Checksum: 19c0c4a90

Time (s): cpu = 00:00:13 ; elapsed = 00:00:10 . Memory (MB): peak = 3151.441 ; gain = 0.000 ; free physical = 20540 ; free virtual = 36405

Phase 13 Build RT Design
Checksum: PlaceDB: 72628bbb ConstDB: 0 ShapeSum: c71f986f RouteDB: 628a2666
Post Restoration Checksum: NetGraph: e611ac6a | NumContArr: 9dbfbef4 | Constraints: c2a8fa9d | Timing: c2a8fa9d
Phase 13 Build RT Design | Checksum: 309236098

Time (s): cpu = 00:00:13 ; elapsed = 00:00:10 . Memory (MB): peak = 3151.441 ; gain = 0.000 ; free physical = 20540 ; free virtual = 36405

Phase 14 Router Initialization

Phase 14.1 Fix Topology Constraints
Phase 14.1 Fix Topology Constraints | Checksum: 309236098

Time (s): cpu = 00:00:13 ; elapsed = 00:00:10 . Memory (MB): peak = 3151.441 ; gain = 0.000 ; free physical = 20540 ; free virtual = 36405

Phase 14.2 Pre Route Cleanup
Phase 14.2 Pre Route Cleanup | Checksum: 309236098

Time (s): cpu = 00:00:13 ; elapsed = 00:00:10 . Memory (MB): peak = 3151.441 ; gain = 0.000 ; free physical = 20540 ; free virtual = 36405

Phase 14.3 Timing Verification

Phase 14.3.1 Update Timing
Phase 14.3.1 Update Timing | Checksum: 3192bf859

Time (s): cpu = 00:00:14 ; elapsed = 00:00:10 . Memory (MB): peak = 3151.441 ; gain = 0.000 ; free physical = 20540 ; free virtual = 36405
INFO: [Route 35-416] Intermediate Timing Summary | WNS=-19.126| TNS=-7320.259| WHS=0.053  | THS=0.000  |

Phase 14.3 Timing Verification | Checksum: 3192bf859

Time (s): cpu = 00:00:14 ; elapsed = 00:00:10 . Memory (MB): peak = 3151.441 ; gain = 0.000 ; free physical = 20540 ; free virtual = 36405
 Number of Nodes with overlaps = 0

Phase 14.4 Update Timing
Phase 14.4 Update Timing | Checksum: 1e6b1034f

Time (s): cpu = 00:00:14 ; elapsed = 00:00:10 . Memory (MB): peak = 3151.441 ; gain = 0.000 ; free physical = 20540 ; free virtual = 36405
INFO: [Route 35-416] Intermediate Timing Summary | WNS=-19.135| TNS=-7369.104| WHS=-0.186 | THS=-14.862|


Phase 14.5 Soft Constraint Pins - Fast Budgeting
Phase 14.5 Soft Constraint Pins - Fast Budgeting | Checksum: 1bf83c10b

Time (s): cpu = 00:00:14 ; elapsed = 00:00:11 . Memory (MB): peak = 3151.441 ; gain = 0.000 ; free physical = 20540 ; free virtual = 36405

Router Utilization Summary
  Global Vertical Routing Utilization    = 0.858088 %
  Global Horizontal Routing Utilization  = 0.606325 %
  Routable Net Status*
  *Does not include unroutable nets such as driverless and loadless.
  Run report_route_status for detailed report.
  Number of Failed Nets               = 0
    (Failed Nets is the sum of unrouted and partially routed nets)
  Number of Unrouted Nets             = 0
  Number of Partially Routed Nets     = 0
  Number of Node Overlaps             = 0

Phase 14 Router Initialization | Checksum: 1bf83c10b

Time (s): cpu = 00:00:14 ; elapsed = 00:00:11 . Memory (MB): peak = 3151.441 ; gain = 0.000 ; free physical = 20540 ; free virtual = 36405

Phase 15 Global Routing
Phase 15 Global Routing | Checksum: 1bf83c10b

Time (s): cpu = 00:00:14 ; elapsed = 00:00:11 . Memory (MB): peak = 3151.441 ; gain = 0.000 ; free physical = 20540 ; free virtual = 36405

Phase 16 Initial Routing

Phase 16.1 Initial Net Routing Pass
 Number of Nodes with overlaps = 0
Phase 16.1 Initial Net Routing Pass | Checksum: 1bf83c10b

Time (s): cpu = 00:00:14 ; elapsed = 00:00:11 . Memory (MB): peak = 3151.441 ; gain = 0.000 ; free physical = 20540 ; free virtual = 36405
Phase 16 Initial Routing | Checksum: 1bf83c10b

Time (s): cpu = 00:00:14 ; elapsed = 00:00:11 . Memory (MB): peak = 3151.441 ; gain = 0.000 ; free physical = 20540 ; free virtual = 36405
INFO: [Route 35-580] Design has 212 pins with tight setup and hold constraints.

The top 5 pins with tight setup and hold constraints:

+====================+===================+============================================================+
| Launch Setup Clock | Launch Hold Clock | Pin                                                        |
+====================+===================+============================================================+
| gclk               | gclk              | uart_transmitter_module/baud_bit_period_counter_reg[868]/D |
| gclk               | gclk              | uart_transmitter_module/baud_bit_period_counter_reg[867]/D |
| gclk               | gclk              | uart_transmitter_module/baud_bit_period_counter_reg[865]/D |
| gclk               | gclk              | uart_transmitter_module/baud_bit_period_counter_reg[864]/D |
| gclk               | gclk              | uart_transmitter_module/baud_bit_period_counter_reg[863]/D |
+--------------------+-------------------+------------------------------------------------------------+

File with complete list of pins: tight_setup_hold_pins.txt


Phase 17 Rip-up And Reroute

Phase 17.1 Global Iteration 0
INFO: [Route 35-416] Intermediate Timing Summary | WNS=-19.133| TNS=-7365.970| WHS=N/A    | THS=N/A    |

Phase 17.1 Global Iteration 0 | Checksum: 106f95b3a

Time (s): cpu = 00:00:15 ; elapsed = 00:00:11 . Memory (MB): peak = 3151.441 ; gain = 0.000 ; free physical = 20540 ; free virtual = 36405

Phase 17.2 Global Iteration 1
 Number of Nodes with overlaps = 2
 Number of Nodes with overlaps = 0
INFO: [Route 35-416] Intermediate Timing Summary | WNS=-19.221| TNS=-7416.871| WHS=N/A    | THS=N/A    |

Phase 17.2 Global Iteration 1 | Checksum: 1e08a78e1

Time (s): cpu = 00:00:15 ; elapsed = 00:00:11 . Memory (MB): peak = 3151.441 ; gain = 0.000 ; free physical = 20540 ; free virtual = 36405
Phase 17 Rip-up And Reroute | Checksum: 1e08a78e1

Time (s): cpu = 00:00:15 ; elapsed = 00:00:11 . Memory (MB): peak = 3151.441 ; gain = 0.000 ; free physical = 20540 ; free virtual = 36405

Phase 18 Delay and Skew Optimization

Phase 18.1 Delay CleanUp

Phase 18.1.1 Update Timing
Phase 18.1.1 Update Timing | Checksum: 209f5b8ff

Time (s): cpu = 00:00:15 ; elapsed = 00:00:11 . Memory (MB): peak = 3151.441 ; gain = 0.000 ; free physical = 20540 ; free virtual = 36405
INFO: [Route 35-416] Intermediate Timing Summary | WNS=-19.133| TNS=-7325.005| WHS=N/A    | THS=N/A    |

 Number of Nodes with overlaps = 0
Phase 18.1 Delay CleanUp | Checksum: 185cd5a7f

Time (s): cpu = 00:00:15 ; elapsed = 00:00:11 . Memory (MB): peak = 3151.441 ; gain = 0.000 ; free physical = 20540 ; free virtual = 36405

Phase 18.2 Clock Skew Optimization
Phase 18.2 Clock Skew Optimization | Checksum: 185cd5a7f

Time (s): cpu = 00:00:15 ; elapsed = 00:00:11 . Memory (MB): peak = 3151.441 ; gain = 0.000 ; free physical = 20540 ; free virtual = 36405
Phase 18 Delay and Skew Optimization | Checksum: 185cd5a7f

Time (s): cpu = 00:00:15 ; elapsed = 00:00:11 . Memory (MB): peak = 3151.441 ; gain = 0.000 ; free physical = 20540 ; free virtual = 36405

Phase 19 Post Hold Fix

Phase 19.1 Hold Fix Iter
INFO: [Route 35-416] Intermediate Timing Summary | WNS=-19.133| TNS=-7325.005| WHS=0.052  | THS=0.000  |

Phase 19.1 Hold Fix Iter | Checksum: 203540154

Time (s): cpu = 00:00:15 ; elapsed = 00:00:11 . Memory (MB): peak = 3151.441 ; gain = 0.000 ; free physical = 20540 ; free virtual = 36405
Phase 19 Post Hold Fix | Checksum: 203540154

Time (s): cpu = 00:00:15 ; elapsed = 00:00:11 . Memory (MB): peak = 3151.441 ; gain = 0.000 ; free physical = 20540 ; free virtual = 36405

Phase 20 Timing Verification

Phase 20.1 Update Timing
Phase 20.1 Update Timing | Checksum: 203540154

Time (s): cpu = 00:00:15 ; elapsed = 00:00:11 . Memory (MB): peak = 3151.441 ; gain = 0.000 ; free physical = 20540 ; free virtual = 36405
INFO: [Route 35-416] Intermediate Timing Summary | WNS=-19.133| TNS=-7325.005| WHS=0.052  | THS=0.000  |

Phase 20 Timing Verification | Checksum: 203540154

Time (s): cpu = 00:00:15 ; elapsed = 00:00:11 . Memory (MB): peak = 3151.441 ; gain = 0.000 ; free physical = 20540 ; free virtual = 36405

Phase 21 Reset Design
INFO: [Route 35-307] 1605 nets already restored were skipped.
Post Restoration Checksum: NetGraph: 86c4d01f | NumContArr: 3004ef90 | Constraints: c2a8fa9d | Timing: 59d88de

Phase 21.1 Create Timer
Phase 21.1 Create Timer | Checksum: 17f10432a

Time (s): cpu = 00:00:15 ; elapsed = 00:00:11 . Memory (MB): peak = 3151.441 ; gain = 0.000 ; free physical = 20540 ; free virtual = 36405
Phase 21 Reset Design | Checksum: 17f10432a

Time (s): cpu = 00:00:15 ; elapsed = 00:00:11 . Memory (MB): peak = 3151.441 ; gain = 0.000 ; free physical = 20540 ; free virtual = 36405

Phase 22 Post Process Routing
Phase 22 Post Process Routing | Checksum: 17f10432a

Time (s): cpu = 00:00:15 ; elapsed = 00:00:11 . Memory (MB): peak = 3151.441 ; gain = 0.000 ; free physical = 20540 ; free virtual = 36405

Phase 23 Post Router Timing
INFO: [Route 35-20] Post Routing Timing Summary | WNS=-19.126| TNS=-7320.259| WHS=0.053  | THS=0.000  |

Phase 23 Post Router Timing | Checksum: 21c5593eb

Time (s): cpu = 00:00:16 ; elapsed = 00:00:11 . Memory (MB): peak = 3151.441 ; gain = 0.000 ; free physical = 20540 ; free virtual = 36405
CRITICAL WARNING: [Route 35-39] The design did not meet timing requirements. Please run report_timing_summary for detailed reports.
Resolution: Verify that the timing was met or had small violations at all previous steps (synthesis, placement, power_opt, and phys_opt). Run report_timing_summary and analyze individual timing paths.
INFO: [Route 35-253] TNS is the sum of the worst slack violation on every endpoint in the design. Review the paths with the biggest WNS violations in the timing reports and modify your constraints or your design to improve both WNS and TNS.
Total Elapsed time in route_design: 11.19 secs

Phase 24 Post-Route Event Processing
Phase 24 Post-Route Event Processing | Checksum: 19c0c4a90

Time (s): cpu = 00:00:16 ; elapsed = 00:00:11 . Memory (MB): peak = 3151.441 ; gain = 0.000 ; free physical = 20540 ; free virtual = 36405
INFO: [Route 35-16] Router Completed Successfully
Ending Routing Task | Checksum: 19c0c4a90

Time (s): cpu = 00:00:16 ; elapsed = 00:00:11 . Memory (MB): peak = 3151.441 ; gain = 0.000 ; free physical = 20540 ; free virtual = 36405

Routing Is Done.
INFO: [Common 17-83] Releasing license: Implementation
24 Infos, 0 Warnings, 1 Critical Warnings and 0 Errors encountered.
route_design completed successfully
route_design: Time (s): cpu = 00:00:16 ; elapsed = 00:00:11 . Memory (MB): peak = 3151.441 ; gain = 0.000 ; free physical = 20540 ; free virtual = 36405
# report_route_status -file $outputDir/post_route_status.rpt
# report_timing_summary -file $outputDir/post_route_timing_summary.rpt
# report_timing -file $outputDir/post_route_timing.rpt
INFO: [Timing 38-78] ReportTimingParams: -max_paths 1 -nworst 1 -delay_type max -sort_by slack.
# report_power -file $outputDir/post_route_power.rpt
Command: report_power -file obj/post_route_power.rpt
Running Vector-less Activity Propagation...

Finished Running Vector-less Activity Propagation
0 Infos, 0 Warnings, 0 Critical Warnings and 0 Errors encountered.
report_power completed successfully
# report_drc -file $outputDir/post_imp_drc.rpt
Command: report_drc -file obj/post_imp_drc.rpt
INFO: [IP_Flow 19-234] Refreshing IP repositories
INFO: [IP_Flow 19-1704] No user IP repositories specified
INFO: [IP_Flow 19-2313] Loaded Vivado IP repository '/tools/Xilinx/2025.1/Vivado/data/ip'.
INFO: [DRC 23-27] Running DRC with 4 threads
INFO: [Vivado_Tcl 2-168] The results of DRC are in file /home/fpga/worker_place/temp/temp/a76a12aa64674857bb3248b4411d25c3/obj/post_imp_drc.rpt.
report_drc completed successfully
# write_bitstream -force $outputDir/final.bit
Command: write_bitstream -force obj/final.bit
Attempting to get a license for feature 'Implementation' and/or device 'xc7s50'
INFO: [Common 17-349] Got license for feature 'Implementation' and/or device 'xc7s50'
Running DRC as a precondition to command write_bitstream
INFO: [IP_Flow 19-1839] IP Catalog is up to date.
INFO: [DRC 23-27] Running DRC with 4 threads
INFO: [Vivado 12-3199] DRC finished with 0 Errors
INFO: [Vivado 12-3200] Please refer to the DRC report (report_drc) for more information.
INFO: [Designutils 20-2272] Running write_bitstream with 4 threads.
Loading data files...
Loading site data...
Loading route data...
Processing options...
Creating bitmap...
Creating bitstream...
Bitstream compression saved 13280416 bits.
Writing bitstream obj/final.bit...
INFO: [Vivado 12-1842] Bitgen Completed Successfully.
INFO: [Common 17-83] Releasing license: Implementation
8 Infos, 0 Warnings, 0 Critical Warnings and 0 Errors encountered.
write_bitstream completed successfully
write_bitstream: Time (s): cpu = 00:00:08 ; elapsed = 00:00:24 . Memory (MB): peak = 3268.816 ; gain = 117.375 ; free physical = 20344 ; free virtual = 36209
INFO: [Common 17-206] Exiting Vivado at Tue Sep 23 21:51:25 2025...
